id,sourceRowNumber,roiGroup,groupTitle,provider,organisation,category,title,cleanTitle,slugOrId,jurisdiction,topic,featureUnit,formats,isSpatial,isLargeOrSpecial,proposedAction,proposedPlacement,proposedRuntime,confidence,currentProviderUrl,waybackUrl,internetArchiveStatus,canonicalSourcePolicy,bestExistingMatchType,bestExistingMatchId,bestExistingMatchTitle,bestExistingMatchScore,bestExistingMatchStillPresent,allMatchEvidence,resolvedBlockers,residualBlockers,residualBlockerCount,cleanedRecommendation,geographyRecommendation,comparabilityRecommendation,sourcePlacement,sourceProvenanceDraft,approvalState,publicationState,runtimeDesired,runtimeConversion
medium-prep:7-transport-roads-infrastructure-public-assets:national-public-transport-gazetteer-nptg:01692,1693,"7. Transport, roads, infrastructure, public assets","Transport, roads, infrastructure, public assets",data.gov.ie,National Transport Authority,tabular,National Public Transport Gazetteer (NPTG),National Public Transport Gazetteer (NPTG),national-public-transport-gazetteer-nptg,Ireland / unspecified,transport-public-asset,road features,PDF|XML,false,false,transport-public-asset-batch-review,Books/Tables/Sources source/download record,[object Object],60,https://data.gov.ie/dataset/national-public-transport-gazetteer-nptg,https://web.archive.org/web/*/https://data.gov.ie/dataset/national-public-transport-gazetteer-nptg,pending-upload-or-linking,"current provider URL first, Wayback and IA mirror/link retained where available",,,,,false,,public-asset-batch-placement: publication policy assigned | source-page-and-ia-viewport-decision: publication policy assigned,,0,Batch public-asset layers by provider/topic; add as lower-priority map/source bundles after higher-value geography/election/census work.,"Use provider extent, geometry type, year, and existing Civgraph family as matching keys before creating new records.",,Browse/Books/Tables source record with IA hotlinked viewport/download.,"National Transport Authority | National Public Transport Gazetteer (NPTG) | formats: PDF, XML | current URL: https://data.gov.ie/dataset/national-public-transport-gazetteer-nptg | IA mirror/download link pending; do not expose local drive paths.",ready-for-approval,staged-only-not-published,metadata/source page,No runtime conversion required unless structured values are later extracted.
medium-prep:7-transport-roads-infrastructure-public-assets:learner-permit-licences-current-on-31st-december-2016-by-county-and-gender:01700,1701,"7. Transport, roads, infrastructure, public assets","Transport, roads, infrastructure, public assets",data.gov.ie,Road Safety Authority,tabular,Learner Permit Licences Current on 31st December 2016 by County and Gender,Learner Permit Licences Current on 31st December 2016 by County and Gender,learner-permit-licences-current-on-31st-december-2016-by-county-and-gender,Ireland / unspecified,transport-public-asset,road features,CSV,false,false,transport-public-asset-batch-review,Books/Tables/Sources source/download record,[object Object],60,https://data.gov.ie/dataset/learner-permit-licences-current-on-31st-december-2016-by-county-and-gender,https://web.archive.org/web/*/https://data.gov.ie/dataset/learner-permit-licences-current-on-31st-december-2016-by-county-and-gender,pending-upload-or-linking,"current provider URL first, Wayback and IA mirror/link retained where available",,,,,false,,public-asset-batch-placement: publication policy assigned | source-page-and-ia-viewport-decision: publication policy assigned,,0,Batch public-asset layers by provider/topic; add as lower-priority map/source bundles after higher-value geography/election/census work.,"Use provider extent, geometry type, year, and existing Civgraph family as matching keys before creating new records.",,Browse/Books/Tables source record with IA hotlinked viewport/download.,Road Safety Authority | Learner Permit Licences Current on 31st December 2016 by County and Gender | formats: CSV | current URL: https://data.gov.ie/dataset/learner-permit-licences-current-on-31st-december-2016-by-county-and-gender | IA mirror/download link pending; do not expose local drive paths.,ready-for-approval,staged-only-not-published,metadata/source page,No runtime conversion required unless structured values are later extracted.
medium-prep:7-transport-roads-infrastructure-public-assets:toa04-small-public-service-vehicles-by-type-and-county-of-licensing:01705,1706,"7. Transport, roads, infrastructure, public assets","Transport, roads, infrastructure, public assets",data.gov.ie,National Transport Authority,tabular,TOA04 - Small public service vehicles by type and county of licensing,TOA04 - Small public service vehicles by type and county of licensing,toa04-small-public-service-vehicles-by-type-and-county-of-licensing,Ireland / unspecified,transport-public-asset,road features,CSV|JSON-STAT|PX|XLSX,false,false,transport-public-asset-batch-review,Books/Tables/Sources source/download record,[object Object],60,https://data.gov.ie/dataset/toa04-small-public-service-vehicles-by-type-and-county-of-licensing,https://web.archive.org/web/*/https://data.gov.ie/dataset/toa04-small-public-service-vehicles-by-type-and-county-of-licensing,pending-upload-or-linking,"current provider URL first, Wayback and IA mirror/link retained where available",,,,,false,,public-asset-batch-placement: publication policy assigned | source-page-and-ia-viewport-decision: publication policy assigned,,0,Batch public-asset layers by provider/topic; add as lower-priority map/source bundles after higher-value geography/election/census work.,"Use provider extent, geometry type, year, and existing Civgraph family as matching keys before creating new records.",,Browse/Books/Tables source record with IA hotlinked viewport/download.,"National Transport Authority | TOA04 - Small public service vehicles by type and county of licensing | formats: CSV, JSON-STAT, PX, XLSX | current URL: https://data.gov.ie/dataset/toa04-small-public-service-vehicles-by-type-and-county-of-licensing | IA mirror/download link pending; do not expose local drive paths.",ready-for-approval,staged-only-not-published,metadata/source page,No runtime conversion required unless structured values are later extracted.
medium-prep:7-transport-roads-infrastructure-public-assets:a26-dualling-lidar:01727,1728,"7. Transport, roads, infrastructure, public assets","Transport, roads, infrastructure, public assets",Open Data NI,Department for Infrastructure - Roads,tabular,A26 Dualling LIDAR,A26 Dualling LIDAR,a26-dualling-lidar,Northern Ireland,transport-public-asset,road features,LAS,false,true,hold-special-format,Books/Tables/Sources source/download record,[object Object],45,https://admin.opendatani.gov.uk/dataset/a26-dualling-lidar,https://web.archive.org/web/*/https://admin.opendatani.gov.uk/dataset/a26-dualling-lidar,pending-upload-or-linking,"current provider URL first, Wayback and IA mirror/link retained where available",,,,,false,,public-asset-batch-placement: publication policy assigned,duplicate-or-variant-review: no existing match candidate | large-or-special-format-review: size/format decision remains before runtime publication,2,Compare provider/date/scale/generalisation/schema; publish only as variant/child/source if materially different.,"Use provider extent, geometry type, year, and existing Civgraph family as matching keys before creating new records.",,Browse/source/table record unless there is clear interactive map or query use.,Department for Infrastructure - Roads | A26 Dualling LIDAR | formats: LAS | current URL: https://admin.opendatani.gov.uk/dataset/a26-dualling-lidar | IA mirror/download link pending; do not expose local drive paths.,ready-with-residual-review,staged-only-not-published,download/source viewport first,Do not convert until size/format review approves an interactive derivative.
medium-prep:7-transport-roads-infrastructure-public-assets:carriageway-details:01728,1729,"7. Transport, roads, infrastructure, public assets","Transport, roads, infrastructure, public assets",Open Data NI,Department for Infrastructure - Roads,tabular,Carriageway Details,Carriageway Details,carriageway-details,Northern Ireland,transport-public-asset,road features,CSV,false,false,transport-public-asset-batch-review,Books/Tables/Sources source/download record,[object Object],60,https://admin.opendatani.gov.uk/dataset/carriageway-details,https://web.archive.org/web/*/https://admin.opendatani.gov.uk/dataset/carriageway-details,pending-upload-or-linking,"current provider URL first, Wayback and IA mirror/link retained where available",,,,,false,,public-asset-batch-placement: publication policy assigned | source-page-and-ia-viewport-decision: publication policy assigned,,0,Batch public-asset layers by provider/topic; add as lower-priority map/source bundles after higher-value geography/election/census work.,"Use provider extent, geometry type, year, and existing Civgraph family as matching keys before creating new records.",,Browse/Books/Tables source record with IA hotlinked viewport/download.,Department for Infrastructure - Roads | Carriageway Details | formats: CSV | current URL: https://admin.opendatani.gov.uk/dataset/carriageway-details | IA mirror/download link pending; do not expose local drive paths.,ready-for-approval,staged-only-not-published,metadata/source page,No runtime conversion required unless structured values are later extracted.
medium-prep:7-transport-roads-infrastructure-public-assets:drainage-asset:01729,1730,"7. Transport, roads, infrastructure, public assets","Transport, roads, infrastructure, public assets",Open Data NI,Department for Infrastructure - Roads,tabular,Drainage Assets,Drainage Assets,drainage-asset,Northern Ireland,transport-public-asset,road features,CSV.|XML,false,false,transport-public-asset-batch-review,Books/Tables/Sources source/download record,[object Object],60,https://admin.opendatani.gov.uk/dataset/drainage-asset,https://web.archive.org/web/*/https://admin.opendatani.gov.uk/dataset/drainage-asset,pending-upload-or-linking,"current provider URL first, Wayback and IA mirror/link retained where available",,,,,false,,public-asset-batch-placement: publication policy assigned | source-page-and-ia-viewport-decision: publication policy assigned,,0,Batch public-asset layers by provider/topic; add as lower-priority map/source bundles after higher-value geography/election/census work.,"Use provider extent, geometry type, year, and existing Civgraph family as matching keys before creating new records.",,Browse/Books/Tables source record with IA hotlinked viewport/download.,"Department for Infrastructure - Roads | Drainage Assets | formats: CSV., XML | current URL: https://admin.opendatani.gov.uk/dataset/drainage-asset | IA mirror/download link pending; do not expose local drive paths.",ready-for-approval,staged-only-not-published,metadata/source page,No runtime conversion required unless structured values are later extracted.
medium-prep:7-transport-roads-infrastructure-public-assets:greater-beflast-area-park-and-ride-sites:01730,1731,"7. Transport, roads, infrastructure, public assets","Transport, roads, infrastructure, public assets",Open Data NI,Department for Infrastructure - Roads,tabular,Greater Belfast Area Park and Ride Sites,Greater Belfast Area Park and Ride Sites,greater-beflast-area-park-and-ride-sites,Northern Ireland,transport-public-asset,road features,CSV,false,false,transport-public-asset-batch-review,Books/Tables/Sources source/download record,[object Object],60,https://admin.opendatani.gov.uk/dataset/greater-beflast-area-park-and-ride-sites,https://web.archive.org/web/*/https://admin.opendatani.gov.uk/dataset/greater-beflast-area-park-and-ride-sites,pending-upload-or-linking,"current provider URL first, Wayback and IA mirror/link retained where available",,,,,false,,public-asset-batch-placement: publication policy assigned | source-page-and-ia-viewport-decision: publication policy assigned,,0,Batch public-asset layers by provider/topic; add as lower-priority map/source bundles after higher-value geography/election/census work.,"Use provider extent, geometry type, year, and existing Civgraph family as matching keys before creating new records.",,Browse/Books/Tables source record with IA hotlinked viewport/download.,Department for Infrastructure - Roads | Greater Belfast Area Park and Ride Sites | formats: CSV | current URL: https://admin.opendatani.gov.uk/dataset/greater-beflast-area-park-and-ride-sites | IA mirror/download link pending; do not expose local drive paths.,ready-for-approval,staged-only-not-published,metadata/source page,No runtime conversion required unless structured values are later extracted.
medium-prep:7-transport-roads-infrastructure-public-assets:highway-network:01731,1732,"7. Transport, roads, infrastructure, public assets","Transport, roads, infrastructure, public assets",Open Data NI,Department for Infrastructure - Roads,tabular,Highway Network,Highway Network,highway-network,Northern Ireland,transport-public-asset,road features,CSV|ESRI MAP|XML,false,false,transport-public-asset-batch-review,Books/Tables/Sources source/download record,[object Object],60,https://admin.opendatani.gov.uk/dataset/highway-network,https://web.archive.org/web/*/https://admin.opendatani.gov.uk/dataset/highway-network,pending-upload-or-linking,"current provider URL first, Wayback and IA mirror/link retained where available",,,,,false,,public-asset-batch-placement: publication policy assigned | source-page-and-ia-viewport-decision: publication policy assigned,,0,Batch public-asset layers by provider/topic; add as lower-priority map/source bundles after higher-value geography/election/census work.,"Use provider extent, geometry type, year, and existing Civgraph family as matching keys before creating new records.",,Browse/Books/Tables source record with IA hotlinked viewport/download.,"Department for Infrastructure - Roads | Highway Network | formats: CSV, ESRI MAP, XML | current URL: https://admin.opendatani.gov.uk/dataset/highway-network | IA mirror/download link pending; do not expose local drive paths.",ready-for-approval,staged-only-not-published,metadata/source page,No runtime conversion required unless structured values are later extracted.
medium-prep:7-transport-roads-infrastructure-public-assets:northern-ireland-goods-vehicle-operators-licence-records:01732,1733,"7. Transport, roads, infrastructure, public assets","Transport, roads, infrastructure, public assets",Open Data NI,Department for Infrastructure - Transport Regulation Unit,tabular,Northern Ireland Goods Vehicle Operator's Licence Records,Northern Ireland Goods Vehicle Operator's Licence Records,northern-ireland-goods-vehicle-operators-licence-records,Northern Ireland,transport-public-asset,road features,CSV,false,false,transport-public-asset-batch-review,Books/Tables/Sources source/download record,[object Object],60,https://admin.opendatani.gov.uk/dataset/northern-ireland-goods-vehicle-operators-licence-records,https://web.archive.org/web/*/https://admin.opendatani.gov.uk/dataset/northern-ireland-goods-vehicle-operators-licence-records,pending-upload-or-linking,"current provider URL first, Wayback and IA mirror/link retained where available",,,,,false,,public-asset-batch-placement: publication policy assigned | source-page-and-ia-viewport-decision: publication policy assigned,,0,Batch public-asset layers by provider/topic; add as lower-priority map/source bundles after higher-value geography/election/census work.,"Use provider extent, geometry type, year, and existing Civgraph family as matching keys before creating new records.",,Browse/Books/Tables source record with IA hotlinked viewport/download.,Department for Infrastructure - Transport Regulation Unit | Northern Ireland Goods Vehicle Operator's Licence Records | formats: CSV | current URL: https://admin.opendatani.gov.uk/dataset/northern-ireland-goods-vehicle-operators-licence-records | IA mirror/download link pending; do not expose local drive paths.,ready-for-approval,staged-only-not-published,metadata/source page,No runtime conversion required unless structured values are later extracted.
medium-prep:7-transport-roads-infrastructure-public-assets:northern-ireland-road-safety-partnership-2011-2021:01733,1734,"7. Transport, roads, infrastructure, public assets","Transport, roads, infrastructure, public assets",Open Data NI,Police Service of Northern Ireland,tabular,Northern Ireland Road Safety Partnership 2011-2019,Northern Ireland Road Safety Partnership 2011-2019,northern-ireland-road-safety-partnership-2011-2021,Northern Ireland,transport-public-asset,road features,CSV,false,false,transport-public-asset-batch-review,Books/Tables/Sources source/download record,[object Object],60,https://admin.opendatani.gov.uk/dataset/northern-ireland-road-safety-partnership-2011-2021,https://web.archive.org/web/*/https://admin.opendatani.gov.uk/dataset/northern-ireland-road-safety-partnership-2011-2021,pending-upload-or-linking,"current provider URL first, Wayback and IA mirror/link retained where available",,,,,false,,public-asset-batch-placement: publication policy assigned | source-page-and-ia-viewport-decision: publication policy assigned,,0,Batch public-asset layers by provider/topic; add as lower-priority map/source bundles after higher-value geography/election/census work.,"Use provider extent, geometry type, year, and existing Civgraph family as matching keys before creating new records.",,Browse/Books/Tables source record with IA hotlinked viewport/download.,Police Service of Northern Ireland | Northern Ireland Road Safety Partnership 2011-2019 | formats: CSV | current URL: https://admin.opendatani.gov.uk/dataset/northern-ireland-road-safety-partnership-2011-2021 | IA mirror/download link pending; do not expose local drive paths.,ready-for-approval,staged-only-not-published,metadata/source page,No runtime conversion required unless structured values are later extracted.
medium-prep:7-transport-roads-infrastructure-public-assets:northern-ireland-traffic-count-data:01734,1735,"7. Transport, roads, infrastructure, public assets","Transport, roads, infrastructure, public assets",Open Data NI,Department for Infrastructure - Roads,tabular,Northern Ireland Traffic Count Data,Northern Ireland Traffic Count Data,northern-ireland-traffic-count-data,Northern Ireland,transport-public-asset,road features,CSV|ODS|PDF,false,false,transport-public-asset-batch-review,Books/Tables/Sources source/download record,[object Object],60,https://admin.opendatani.gov.uk/dataset/northern-ireland-traffic-count-data,https://web.archive.org/web/*/https://admin.opendatani.gov.uk/dataset/northern-ireland-traffic-count-data,pending-upload-or-linking,"current provider URL first, Wayback and IA mirror/link retained where available",,,,,false,,public-asset-batch-placement: publication policy assigned | source-page-and-ia-viewport-decision: publication policy assigned,,0,Batch public-asset layers by provider/topic; add as lower-priority map/source bundles after higher-value geography/election/census work.,"Use provider extent, geometry type, year, and existing Civgraph family as matching keys before creating new records.",,Browse/Books/Tables source record with IA hotlinked viewport/download.,"Department for Infrastructure - Roads | Northern Ireland Traffic Count Data | formats: CSV, ODS, PDF | current URL: https://admin.opendatani.gov.uk/dataset/northern-ireland-traffic-count-data | IA mirror/download link pending; do not expose local drive paths.",ready-for-approval,staged-only-not-published,metadata/source page,No runtime conversion required unless structured values are later extracted.
medium-prep:7-transport-roads-infrastructure-public-assets:road-drainage-customer-enquiries:01735,1736,"7. Transport, roads, infrastructure, public assets","Transport, roads, infrastructure, public assets",Open Data NI,Department for Infrastructure - Roads,tabular,Road Drainage Customer Enquiries,Road Drainage Customer Enquiries,road-drainage-customer-enquiries,Northern Ireland,transport-public-asset,road features,CSV|XML,false,false,transport-public-asset-batch-review,Books/Tables/Sources source/download record,[object Object],60,https://admin.opendatani.gov.uk/dataset/road-drainage-customer-enquiries,https://web.archive.org/web/*/https://admin.opendatani.gov.uk/dataset/road-drainage-customer-enquiries,pending-upload-or-linking,"current provider URL first, Wayback and IA mirror/link retained where available",,,,,false,,public-asset-batch-placement: publication policy assigned | source-page-and-ia-viewport-decision: publication policy assigned,,0,Batch public-asset layers by provider/topic; add as lower-priority map/source bundles after higher-value geography/election/census work.,"Use provider extent, geometry type, year, and existing Civgraph family as matching keys before creating new records.",,Browse/Books/Tables source record with IA hotlinked viewport/download.,"Department for Infrastructure - Roads | Road Drainage Customer Enquiries | formats: CSV, XML | current URL: https://admin.opendatani.gov.uk/dataset/road-drainage-customer-enquiries | IA mirror/download link pending; do not expose local drive paths.",ready-for-approval,staged-only-not-published,metadata/source page,No runtime conversion required unless structured values are later extracted.
medium-prep:7-transport-roads-infrastructure-public-assets:roadworks:01736,1737,"7. Transport, roads, infrastructure, public assets","Transport, roads, infrastructure, public assets",Open Data NI,Department for Infrastructure - Roads,tabular,Roadworks,Roadworks,roadworks,Northern Ireland,transport-public-asset,road features,RSS,false,false,transport-public-asset-batch-review,Books/Tables/Sources source/download record,[object Object],60,https://admin.opendatani.gov.uk/dataset/roadworks,https://web.archive.org/web/*/https://admin.opendatani.gov.uk/dataset/roadworks,pending-upload-or-linking,"current provider URL first, Wayback and IA mirror/link retained where available",,,,,false,,public-asset-batch-placement: publication policy assigned,duplicate-or-variant-review: no existing match candidate,1,Compare provider/date/scale/generalisation/schema; publish only as variant/child/source if materially different.,"Use provider extent, geometry type, year, and existing Civgraph family as matching keys before creating new records.",,Browse/source/table record unless there is clear interactive map or query use.,Department for Infrastructure - Roads | Roadworks | formats: RSS | current URL: https://admin.opendatani.gov.uk/dataset/roadworks | IA mirror/download link pending; do not expose local drive paths.,ready-with-residual-review,staged-only-not-published,metadata/source page,No runtime conversion required unless structured values are later extracted.
medium-prep:7-transport-roads-infrastructure-public-assets:lighting-faults:01737,1738,"7. Transport, roads, infrastructure, public assets","Transport, roads, infrastructure, public assets",Open Data NI,Department for Infrastructure - Roads,tabular,Street Lighting Faults,Street Lighting Faults,lighting-faults,Northern Ireland,transport-public-asset,road features,CSV|CSV.|XML,false,false,transport-public-asset-batch-review,Books/Tables/Sources source/download record,[object Object],60,https://admin.opendatani.gov.uk/dataset/lighting-faults,https://web.archive.org/web/*/https://admin.opendatani.gov.uk/dataset/lighting-faults,pending-upload-or-linking,"current provider URL first, Wayback and IA mirror/link retained where available",,,,,false,,public-asset-batch-placement: publication policy assigned | source-page-and-ia-viewport-decision: publication policy assigned,,0,Batch public-asset layers by provider/topic; add as lower-priority map/source bundles after higher-value geography/election/census work.,"Use provider extent, geometry type, year, and existing Civgraph family as matching keys before creating new records.",,Browse/Books/Tables source record with IA hotlinked viewport/download.,"Department for Infrastructure - Roads | Street Lighting Faults | formats: CSV, CSV., XML | current URL: https://admin.opendatani.gov.uk/dataset/lighting-faults | IA mirror/download link pending; do not expose local drive paths.",ready-for-approval,staged-only-not-published,metadata/source page,No runtime conversion required unless structured values are later extracted.
medium-prep:7-transport-roads-infrastructure-public-assets:york-street-interchange-lidar:01738,1739,"7. Transport, roads, infrastructure, public assets","Transport, roads, infrastructure, public assets",Open Data NI,Department for Infrastructure - Roads,tabular,York Street Interchange LIDAR,York Street Interchange LIDAR,york-street-interchange-lidar,Northern Ireland,transport-public-asset,road features,ZIP,false,true,hold-special-format,Books/Tables/Sources source/download record,[object Object],45,https://admin.opendatani.gov.uk/dataset/york-street-interchange-lidar,https://web.archive.org/web/*/https://admin.opendatani.gov.uk/dataset/york-street-interchange-lidar,pending-upload-or-linking,"current provider URL first, Wayback and IA mirror/link retained where available",,,,,false,,public-asset-batch-placement: publication policy assigned,duplicate-or-variant-review: no existing match candidate | large-or-special-format-review: size/format decision remains before runtime publication,2,Compare provider/date/scale/generalisation/schema; publish only as variant/child/source if materially different.,"Use provider extent, geometry type, year, and existing Civgraph family as matching keys before creating new records.",,IA download/viewport first; R2/CDN only for approved derived tiles/previews.,Department for Infrastructure - Roads | York Street Interchange LIDAR | formats: ZIP | current URL: https://admin.opendatani.gov.uk/dataset/york-street-interchange-lidar | IA mirror/download link pending; do not expose local drive paths.,ready-with-residual-review,staged-only-not-published,download/source viewport first,Do not convert until size/format review approves an interactive derivative.
medium-prep:7-transport-roads-infrastructure-public-assets:national-road-traffic-counts:01740,1741,"7. Transport, roads, infrastructure, public assets","Transport, roads, infrastructure, public assets",data.gov.ie,Transport Infrastructure Ireland,tabular,National Road Traffic Counts,National Road Traffic Counts,national-road-traffic-counts,Republic of Ireland,transport-public-asset,road features,TSV,false,false,transport-public-asset-batch-review,Books/Tables/Sources source/download record,[object Object],60,https://data.gov.ie/dataset/national-road-traffic-counts,https://web.archive.org/web/*/https://data.gov.ie/dataset/national-road-traffic-counts,pending-upload-or-linking,"current provider URL first, Wayback and IA mirror/link retained where available",,,,,false,,public-asset-batch-placement: publication policy assigned,duplicate-or-variant-review: no existing match candidate,1,Compare provider/date/scale/generalisation/schema; publish only as variant/child/source if materially different.,"Use provider extent, geometry type, year, and existing Civgraph family as matching keys before creating new records.",,Browse/source/table record unless there is clear interactive map or query use.,Transport Infrastructure Ireland | National Road Traffic Counts | formats: TSV | current URL: https://data.gov.ie/dataset/national-road-traffic-counts | IA mirror/download link pending; do not expose local drive paths.,ready-with-residual-review,staged-only-not-published,metadata/source page,No runtime conversion required unless structured values are later extracted.
medium-prep:7-transport-roads-infrastructure-public-assets:national-roads-travel-times:01741,1742,"7. Transport, roads, infrastructure, public assets","Transport, roads, infrastructure, public assets",data.gov.ie,Transport Infrastructure Ireland,tabular,National Roads Travel Times,National Roads Travel Times,national-roads-travel-times,Republic of Ireland,transport-public-asset,road features,XML,false,false,transport-public-asset-batch-review,Books/Tables/Sources source/download record,[object Object],60,https://data.gov.ie/dataset/national-roads-travel-times,https://web.archive.org/web/*/https://data.gov.ie/dataset/national-roads-travel-times,pending-upload-or-linking,"current provider URL first, Wayback and IA mirror/link retained where available",,,,,false,,public-asset-batch-placement: publication policy assigned,duplicate-or-variant-review: no existing match candidate,1,Compare provider/date/scale/generalisation/schema; publish only as variant/child/source if materially different.,"Use provider extent, geometry type, year, and existing Civgraph family as matching keys before creating new records.",,Browse/source/table record unless there is clear interactive map or query use.,Transport Infrastructure Ireland | National Roads Travel Times | formats: XML | current URL: https://data.gov.ie/dataset/national-roads-travel-times | IA mirror/download link pending; do not expose local drive paths.,ready-with-residual-review,staged-only-not-published,metadata/source page,No runtime conversion required unless structured values are later extracted.
medium-prep:7-transport-roads-infrastructure-public-assets:national-roads-variable-messaging-signs:01742,1743,"7. Transport, roads, infrastructure, public assets","Transport, roads, infrastructure, public assets",data.gov.ie,Transport Infrastructure Ireland,tabular,National Roads Variable Messaging Signs,National Roads Variable Messaging Signs,national-roads-variable-messaging-signs,Republic of Ireland,transport-public-asset,road features,XML,false,false,transport-public-asset-batch-review,Books/Tables/Sources source/download record,[object Object],60,https://data.gov.ie/dataset/national-roads-variable-messaging-signs,https://web.archive.org/web/*/https://data.gov.ie/dataset/national-roads-variable-messaging-signs,pending-upload-or-linking,"current provider URL first, Wayback and IA mirror/link retained where available",,,,,false,,public-asset-batch-placement: publication policy assigned,duplicate-or-variant-review: no existing match candidate,1,Compare provider/date/scale/generalisation/schema; publish only as variant/child/source if materially different.,"Use provider extent, geometry type, year, and existing Civgraph family as matching keys before creating new records.",,Browse/source/table record unless there is clear interactive map or query use.,Transport Infrastructure Ireland | National Roads Variable Messaging Signs | formats: XML | current URL: https://data.gov.ie/dataset/national-roads-variable-messaging-signs | IA mirror/download link pending; do not expose local drive paths.,ready-with-residual-review,staged-only-not-published,metadata/source page,No runtime conversion required unless structured values are later extracted.
medium-prep:7-transport-roads-infrastructure-public-assets:national-roads-weather-station-data:01743,1744,"7. Transport, roads, infrastructure, public assets","Transport, roads, infrastructure, public assets",data.gov.ie,Transport Infrastructure Ireland,tabular,National Roads Weather Station Data,National Roads Weather Station Data,national-roads-weather-station-data,Republic of Ireland,transport-public-asset,road features,XML,false,false,transport-public-asset-batch-review,Books/Tables/Sources source/download record,[object Object],60,https://data.gov.ie/dataset/national-roads-weather-station-data,https://web.archive.org/web/*/https://data.gov.ie/dataset/national-roads-weather-station-data,pending-upload-or-linking,"current provider URL first, Wayback and IA mirror/link retained where available",,,,,false,,public-asset-batch-placement: publication policy assigned,duplicate-or-variant-review: no existing match candidate,1,Compare provider/date/scale/generalisation/schema; publish only as variant/child/source if materially different.,"Use provider extent, geometry type, year, and existing Civgraph family as matching keys before creating new records.",,Browse/source/table record unless there is clear interactive map or query use.,Transport Infrastructure Ireland | National Roads Weather Station Data | formats: XML | current URL: https://data.gov.ie/dataset/national-roads-weather-station-data | IA mirror/download link pending; do not expose local drive paths.,ready-with-residual-review,staged-only-not-published,metadata/source page,No runtime conversion required unless structured values are later extracted.
medium-prep:7-transport-roads-infrastructure-public-assets:nra01-national-road-length:01744,1745,"7. Transport, roads, infrastructure, public assets","Transport, roads, infrastructure, public assets",data.gov.ie,Transport Infrastructure Ireland,tabular,NRA01 - National Road Length,NRA01 - National Road Length,nra01-national-road-length,Republic of Ireland,transport-public-asset,road features,CSV|JSON-STAT|PX|XLSX,false,false,transport-public-asset-batch-review,Books/Tables/Sources source/download record,[object Object],60,https://data.gov.ie/dataset/nra01-national-road-length,https://web.archive.org/web/*/https://data.gov.ie/dataset/nra01-national-road-length,pending-upload-or-linking,"current provider URL first, Wayback and IA mirror/link retained where available",,,,,false,,public-asset-batch-placement: publication policy assigned | source-page-and-ia-viewport-decision: publication policy assigned,,0,Batch public-asset layers by provider/topic; add as lower-priority map/source bundles after higher-value geography/election/census work.,"Use provider extent, geometry type, year, and existing Civgraph family as matching keys before creating new records.",,Browse/Books/Tables source record with IA hotlinked viewport/download.,"Transport Infrastructure Ireland | NRA01 - National Road Length | formats: CSV, JSON-STAT, PX, XLSX | current URL: https://data.gov.ie/dataset/nra01-national-road-length | IA mirror/download link pending; do not expose local drive paths.",ready-for-approval,staged-only-not-published,metadata/source page,No runtime conversion required unless structured values are later extracted.
medium-prep:7-transport-roads-infrastructure-public-assets:skid-resistance-on-national-roads:01745,1746,"7. Transport, roads, infrastructure, public assets","Transport, roads, infrastructure, public assets",data.gov.ie,Transport Infrastructure Ireland,tabular,skid-resistance-on-national-roads,skid-resistance-on-national-roads,skid-resistance-on-national-roads,Republic of Ireland,transport-public-asset,road features,CSV,false,false,transport-public-asset-batch-review,Books/Tables/Sources source/download record,[object Object],60,https://data.gov.ie/dataset/skid-resistance-on-national-roads,https://web.archive.org/web/*/https://data.gov.ie/dataset/skid-resistance-on-national-roads,pending-upload-or-linking,"current provider URL first, Wayback and IA mirror/link retained where available",,,,,false,,public-asset-batch-placement: publication policy assigned | source-page-and-ia-viewport-decision: publication policy assigned,,0,Batch public-asset layers by provider/topic; add as lower-priority map/source bundles after higher-value geography/election/census work.,"Use provider extent, geometry type, year, and existing Civgraph family as matching keys before creating new records.",,Browse/Books/Tables source record with IA hotlinked viewport/download.,Transport Infrastructure Ireland | skid-resistance-on-national-roads | formats: CSV | current URL: https://data.gov.ie/dataset/skid-resistance-on-national-roads | IA mirror/download link pending; do not expose local drive paths.,ready-for-approval,staged-only-not-published,metadata/source page,No runtime conversion required unless structured values are later extracted.
medium-prep:7-transport-roads-infrastructure-public-assets:toa20-number-of-licensed-road-hauliers:01753,1754,"7. Transport, roads, infrastructure, public assets","Transport, roads, infrastructure, public assets",data.gov.ie,Department of Transport,tabular,TOA20 - Number of licensed road hauliers,TOA20 - Number of licensed road hauliers,toa20-number-of-licensed-road-hauliers,Ireland / unspecified,transport-public-asset,road features,CSV|JSON-STAT|PX|XLSX,false,false,transport-public-asset-batch-review,Books/Tables/Sources source/download record,[object Object],60,https://data.gov.ie/dataset/toa20-number-of-licensed-road-hauliers,https://web.archive.org/web/*/https://data.gov.ie/dataset/toa20-number-of-licensed-road-hauliers,pending-upload-or-linking,"current provider URL first, Wayback and IA mirror/link retained where available",,,,,false,,public-asset-batch-placement: publication policy assigned | source-page-and-ia-viewport-decision: publication policy assigned,,0,Batch public-asset layers by provider/topic; add as lower-priority map/source bundles after higher-value geography/election/census work.,"Use provider extent, geometry type, year, and existing Civgraph family as matching keys before creating new records.",,Browse/Books/Tables source record with IA hotlinked viewport/download.,"Department of Transport | TOA20 - Number of licensed road hauliers | formats: CSV, JSON-STAT, PX, XLSX | current URL: https://data.gov.ie/dataset/toa20-number-of-licensed-road-hauliers | IA mirror/download link pending; do not expose local drive paths.",ready-for-approval,staged-only-not-published,metadata/source page,No runtime conversion required unless structured values are later extracted.
medium-prep:7-transport-roads-infrastructure-public-assets:anbc-car-parking:01925,1926,"7. Transport, roads, infrastructure, public assets","Transport, roads, infrastructure, public assets",Open Data NI,Antrim and Newtownabbey Borough Council,tabular,ANBC Car Parking,ANBC Car Parking,anbc-car-parking,Northern Ireland,transport-public-asset,parking assets,CSV,false,false,transport-public-asset-batch-review,Books/Tables/Sources source/download record,[object Object],55,https://admin.opendatani.gov.uk/dataset/anbc-car-parking,https://web.archive.org/web/*/https://admin.opendatani.gov.uk/dataset/anbc-car-parking,pending-upload-or-linking,"current provider URL first, Wayback and IA mirror/link retained where available",,,,,false,,needs-provider-context-review: publication policy assigned | public-asset-batch-placement: publication policy assigned,,0,Batch public-asset layers by provider/topic; add as lower-priority map/source bundles after higher-value geography/election/census work.,"Use provider extent, geometry type, year, and existing Civgraph family as matching keys before creating new records.",,Browse/source/table record unless there is clear interactive map or query use.,Antrim and Newtownabbey Borough Council | ANBC Car Parking | formats: CSV | current URL: https://admin.opendatani.gov.uk/dataset/anbc-car-parking | IA mirror/download link pending; do not expose local drive paths.,ready-for-approval,staged-only-not-published,metadata/source page,No runtime conversion required unless structured values are later extracted.
medium-prep:7-transport-roads-infrastructure-public-assets:armagh-city-banbridge-craigavon-borough-councillors:01928,1929,"7. Transport, roads, infrastructure, public assets","Transport, roads, infrastructure, public assets",Open Data NI,"Armagh City, Banbridge and Craigavon Borough Council",tabular,"Armagh City, Banbridge & Craigavon Borough Councillors","Armagh City, Banbridge & Craigavon Borough Councillors",armagh-city-banbridge-craigavon-borough-councillors,Northern Ireland,transport-public-asset,features,CSV,false,false,transport-public-asset-batch-review,Books/Tables/Sources source/download record,[object Object],60,https://admin.opendatani.gov.uk/dataset/armagh-city-banbridge-craigavon-borough-councillors,https://web.archive.org/web/*/https://admin.opendatani.gov.uk/dataset/armagh-city-banbridge-craigavon-borough-councillors,pending-upload-or-linking,"current provider URL first, Wayback and IA mirror/link retained where available",,,,,false,,public-asset-batch-placement: publication policy assigned | source-page-and-ia-viewport-decision: publication policy assigned,,0,Batch public-asset layers by provider/topic; add as lower-priority map/source bundles after higher-value geography/election/census work.,"Use provider extent, geometry type, year, and existing Civgraph family as matching keys before creating new records.",,Browse/Books/Tables source record with IA hotlinked viewport/download.,"Armagh City, Banbridge and Craigavon Borough Council | Armagh City, Banbridge & Craigavon Borough Councillors | formats: CSV | current URL: https://admin.opendatani.gov.uk/dataset/armagh-city-banbridge-craigavon-borough-councillors | IA mirror/download link pending; do not expose local drive paths.",ready-for-approval,staged-only-not-published,metadata/source page,No runtime conversion required unless structured values are later extracted.
medium-prep:7-transport-roads-infrastructure-public-assets:ni-cycle-counters-raw-data-2011-2016:01981,1982,"7. Transport, roads, infrastructure, public assets","Transport, roads, infrastructure, public assets",Open Data NI,Department for Infrastructure - Walking and Cycling Branch,tabular,NI Cycle Counters - Raw data 2011-2016,NI Cycle Counters - Raw data 2011-2016,ni-cycle-counters-raw-data-2011-2016,Northern Ireland,transport-public-asset,features,ODS,false,false,transport-public-asset-batch-review,Books/Tables/Sources source/download record,[object Object],55,https://admin.opendatani.gov.uk/dataset/ni-cycle-counters-raw-data-2011-2016,https://web.archive.org/web/*/https://admin.opendatani.gov.uk/dataset/ni-cycle-counters-raw-data-2011-2016,pending-upload-or-linking,"current provider URL first, Wayback and IA mirror/link retained where available",,,,,false,,needs-provider-context-review: publication policy assigned | public-asset-batch-placement: publication policy assigned,,0,Batch public-asset layers by provider/topic; add as lower-priority map/source bundles after higher-value geography/election/census work.,"Use provider extent, geometry type, year, and existing Civgraph family as matching keys before creating new records.",,Browse/source/table record unless there is clear interactive map or query use.,Department for Infrastructure - Walking and Cycling Branch | NI Cycle Counters - Raw data 2011-2016 | formats: ODS | current URL: https://admin.opendatani.gov.uk/dataset/ni-cycle-counters-raw-data-2011-2016 | IA mirror/download link pending; do not expose local drive paths.,ready-for-approval,staged-only-not-published,metadata/source page,No runtime conversion required unless structured values are later extracted.
medium-prep:7-transport-roads-infrastructure-public-assets:nir20160126v2:02003,2004,"7. Transport, roads, infrastructure, public assets","Transport, roads, infrastructure, public assets",Open Data NI,Translink,tabular,Translink Northern Ireland Rail Timetable Data,Translink Northern Ireland Rail Timetable Data,nir20160126v2,Northern Ireland,transport-public-asset,features,DOCX|XLSX|ZIP,false,false,transport-public-asset-batch-review,Books/Tables/Sources source/download record,[object Object],55,https://admin.opendatani.gov.uk/dataset/nir20160126v2,https://web.archive.org/web/*/https://admin.opendatani.gov.uk/dataset/nir20160126v2,pending-upload-or-linking,"current provider URL first, Wayback and IA mirror/link retained where available",,,,,false,,large-or-special-format-review: normal source package; no special-format hold | needs-provider-context-review: publication policy assigned | public-asset-batch-placement: publication policy assigned,,0,Batch public-asset layers by provider/topic; add as lower-priority map/source bundles after higher-value geography/election/census work.,"Use provider extent, geometry type, year, and existing Civgraph family as matching keys before creating new records.",,IA download/viewport first; R2/CDN only for approved derived tiles/previews.,"Translink | Translink Northern Ireland Rail Timetable Data | formats: DOCX, XLSX, ZIP | current URL: https://admin.opendatani.gov.uk/dataset/nir20160126v2 | IA mirror/download link pending; do not expose local drive paths.",ready-for-approval,staged-only-not-published,metadata/source page,No runtime conversion required unless structured values are later extracted.
medium-prep:7-transport-roads-infrastructure-public-assets:2015-nct-pass-fail-rates-by-test-centre:02006,2007,"7. Transport, roads, infrastructure, public assets","Transport, roads, infrastructure, public assets",data.gov.ie,Road Safety Authority,tabular,2015 NCT Pass/Fail Rates by Test Centre,2015 NCT Pass/Fail Rates by Test Centre,2015-nct-pass-fail-rates-by-test-centre,Ireland / unspecified,transport-public-asset,road features,CSV|XLSX,false,false,transport-public-asset-batch-review,Books/Tables/Sources source/download record,[object Object],60,https://data.gov.ie/dataset/2015-nct-pass-fail-rates-by-test-centre,https://web.archive.org/web/*/https://data.gov.ie/dataset/2015-nct-pass-fail-rates-by-test-centre,pending-upload-or-linking,"current provider URL first, Wayback and IA mirror/link retained where available",,,,,false,,public-asset-batch-placement: publication policy assigned | source-page-and-ia-viewport-decision: publication policy assigned,,0,Batch public-asset layers by provider/topic; add as lower-priority map/source bundles after higher-value geography/election/census work.,"Use provider extent, geometry type, year, and existing Civgraph family as matching keys before creating new records.",,Browse/Books/Tables source record with IA hotlinked viewport/download.,"Road Safety Authority | 2015 NCT Pass/Fail Rates by Test Centre | formats: CSV, XLSX | current URL: https://data.gov.ie/dataset/2015-nct-pass-fail-rates-by-test-centre | IA mirror/download link pending; do not expose local drive paths.",ready-for-approval,staged-only-not-published,metadata/source page,No runtime conversion required unless structured values are later extracted.
medium-prep:7-transport-roads-infrastructure-public-assets:2016-nct-pass-fail-rates-by-test-centre:02007,2008,"7. Transport, roads, infrastructure, public assets","Transport, roads, infrastructure, public assets",data.gov.ie,Road Safety Authority,tabular,2016 NCT Pass/Fail Rates by test centre,2016 NCT Pass/Fail Rates by test centre,2016-nct-pass-fail-rates-by-test-centre,Ireland / unspecified,transport-public-asset,road features,CSV|XLS,false,false,transport-public-asset-batch-review,Books/Tables/Sources source/download record,[object Object],60,https://data.gov.ie/dataset/2016-nct-pass-fail-rates-by-test-centre,https://web.archive.org/web/*/https://data.gov.ie/dataset/2016-nct-pass-fail-rates-by-test-centre,pending-upload-or-linking,"current provider URL first, Wayback and IA mirror/link retained where available",,,,,false,,public-asset-batch-placement: publication policy assigned | source-page-and-ia-viewport-decision: publication policy assigned,,0,Batch public-asset layers by provider/topic; add as lower-priority map/source bundles after higher-value geography/election/census work.,"Use provider extent, geometry type, year, and existing Civgraph family as matching keys before creating new records.",,Browse/Books/Tables source record with IA hotlinked viewport/download.,"Road Safety Authority | 2016 NCT Pass/Fail Rates by test centre | formats: CSV, XLS | current URL: https://data.gov.ie/dataset/2016-nct-pass-fail-rates-by-test-centre | IA mirror/download link pending; do not expose local drive paths.",ready-for-approval,staged-only-not-published,metadata/source page,No runtime conversion required unless structured values are later extracted.
medium-prep:7-transport-roads-infrastructure-public-assets:applications-for-special-education-transport:02008,2009,"7. Transport, roads, infrastructure, public assets","Transport, roads, infrastructure, public assets",data.gov.ie,National Council for Special Education,tabular,Applications for Special Education Transport,Applications for Special Education Transport,applications-for-special-education-transport,Ireland / unspecified,transport-public-asset,road features,CSV,false,false,transport-public-asset-batch-review,Books/Tables/Sources source/download record,[object Object],60,https://data.gov.ie/dataset/applications-for-special-education-transport,https://web.archive.org/web/*/https://data.gov.ie/dataset/applications-for-special-education-transport,pending-upload-or-linking,"current provider URL first, Wayback and IA mirror/link retained where available",,,,,false,,public-asset-batch-placement: publication policy assigned | source-page-and-ia-viewport-decision: publication policy assigned,,0,Batch public-asset layers by provider/topic; add as lower-priority map/source bundles after higher-value geography/election/census work.,"Use provider extent, geometry type, year, and existing Civgraph family as matching keys before creating new records.",,Browse/Books/Tables source record with IA hotlinked viewport/download.,National Council for Special Education | Applications for Special Education Transport | formats: CSV | current URL: https://data.gov.ie/dataset/applications-for-special-education-transport | IA mirror/download link pending; do not expose local drive paths.,ready-for-approval,staged-only-not-published,metadata/source page,No runtime conversion required unless structured values are later extracted.
medium-prep:7-transport-roads-infrastructure-public-assets:archaeology-seminar-papers:02009,2010,"7. Transport, roads, infrastructure, public assets","Transport, roads, infrastructure, public assets",data.gov.ie,Transport Infrastructure Ireland,tabular,Archaeology Seminar Papers,Archaeology Seminar Papers,archaeology-seminar-papers,Republic of Ireland,transport-public-asset,road features,TSV,false,false,transport-public-asset-batch-review,Books/Tables/Sources source/download record,[object Object],60,https://data.gov.ie/dataset/archaeology-seminar-papers,https://web.archive.org/web/*/https://data.gov.ie/dataset/archaeology-seminar-papers,pending-upload-or-linking,"current provider URL first, Wayback and IA mirror/link retained where available",,,,,false,,public-asset-batch-placement: publication policy assigned,duplicate-or-variant-review: no existing match candidate,1,Compare provider/date/scale/generalisation/schema; publish only as variant/child/source if materially different.,"Use provider extent, geometry type, year, and existing Civgraph family as matching keys before creating new records.",,Browse/source/table record unless there is clear interactive map or query use.,Transport Infrastructure Ireland | Archaeology Seminar Papers | formats: TSV | current URL: https://data.gov.ie/dataset/archaeology-seminar-papers | IA mirror/download link pending; do not expose local drive paths.,ready-with-residual-review,staged-only-not-published,metadata/source page,No runtime conversion required unless structured values are later extracted.
medium-prep:7-transport-roads-infrastructure-public-assets:archaeology-videos:02010,2011,"7. Transport, roads, infrastructure, public assets","Transport, roads, infrastructure, public assets",data.gov.ie,Transport Infrastructure Ireland,tabular,Archaeology Videos,Archaeology Videos,archaeology-videos,Republic of Ireland,transport-public-asset,road features,TSV,false,false,transport-public-asset-batch-review,Books/Tables/Sources source/download record,[object Object],60,https://data.gov.ie/dataset/archaeology-videos,https://web.archive.org/web/*/https://data.gov.ie/dataset/archaeology-videos,pending-upload-or-linking,"current provider URL first, Wayback and IA mirror/link retained where available",,,,,false,,large-or-special-format-review: normal source package; no special-format hold | public-asset-batch-placement: publication policy assigned,duplicate-or-variant-review: no existing match candidate,1,Compare provider/date/scale/generalisation/schema; publish only as variant/child/source if materially different.,"Use provider extent, geometry type, year, and existing Civgraph family as matching keys before creating new records.",,Browse/source/table record unless there is clear interactive map or query use.,Transport Infrastructure Ireland | Archaeology Videos | formats: TSV | current URL: https://data.gov.ie/dataset/archaeology-videos | IA mirror/download link pending; do not expose local drive paths.,ready-with-residual-review,staged-only-not-published,metadata/source page,No runtime conversion required unless structured values are later extracted.
medium-prep:7-transport-roads-infrastructure-public-assets:archeology-audio-books:02011,2012,"7. Transport, roads, infrastructure, public assets","Transport, roads, infrastructure, public assets",data.gov.ie,Transport Infrastructure Ireland,tabular,Archeology Audio Books,Archeology Audio Books,archeology-audio-books,Republic of Ireland,transport-public-asset,road features,TSV,false,false,transport-public-asset-batch-review,Books/Tables/Sources source/download record,[object Object],60,https://data.gov.ie/dataset/archeology-audio-books,https://web.archive.org/web/*/https://data.gov.ie/dataset/archeology-audio-books,pending-upload-or-linking,"current provider URL first, Wayback and IA mirror/link retained where available",,,,,false,,public-asset-batch-placement: publication policy assigned,duplicate-or-variant-review: no existing match candidate,1,Compare provider/date/scale/generalisation/schema; publish only as variant/child/source if materially different.,"Use provider extent, geometry type, year, and existing Civgraph family as matching keys before creating new records.",,Browse/source/table record unless there is clear interactive map or query use.,Transport Infrastructure Ireland | Archeology Audio Books | formats: TSV | current URL: https://data.gov.ie/dataset/archeology-audio-books | IA mirror/download link pending; do not expose local drive paths.,ready-with-residual-review,staged-only-not-published,metadata/source page,No runtime conversion required unless structured values are later extracted.
medium-prep:7-transport-roads-infrastructure-public-assets:broadford-gs-rainfall-data:02012,2013,"7. Transport, roads, infrastructure, public assets","Transport, roads, infrastructure, public assets",data.gov.ie,Met Éireann,tabular,Broadford G.S. Rainfall Data,Broadford G.S. Rainfall Data,broadford-gs-rainfall-data,Ireland / unspecified,transport-public-asset,road features,CSV|TXT,false,false,transport-public-asset-batch-review,Books/Tables/Sources source/download record,[object Object],60,https://data.gov.ie/dataset/broadford-gs-rainfall-data,https://web.archive.org/web/*/https://data.gov.ie/dataset/broadford-gs-rainfall-data,pending-upload-or-linking,"current provider URL first, Wayback and IA mirror/link retained where available",,,,,false,,public-asset-batch-placement: publication policy assigned | source-page-and-ia-viewport-decision: publication policy assigned,,0,Batch public-asset layers by provider/topic; add as lower-priority map/source bundles after higher-value geography/election/census work.,"Use provider extent, geometry type, year, and existing Civgraph family as matching keys before creating new records.",,Browse/Books/Tables source record with IA hotlinked viewport/download.,"Met Éireann | Broadford G.S. Rainfall Data | formats: CSV, TXT | current URL: https://data.gov.ie/dataset/broadford-gs-rainfall-data | IA mirror/download link pending; do not expose local drive paths.",ready-for-approval,staged-only-not-published,metadata/source page,No runtime conversion required unless structured values are later extracted.
medium-prep:7-transport-roads-infrastructure-public-assets:creeslough-ards-road-rainfall-data:02013,2014,"7. Transport, roads, infrastructure, public assets","Transport, roads, infrastructure, public assets",data.gov.ie,Met Éireann,tabular,Creeslough (Ards Road) Rainfall Data,Creeslough (Ards Road) Rainfall Data,creeslough-ards-road-rainfall-data,Ireland / unspecified,transport-public-asset,road features,CSV|TXT,false,false,transport-public-asset-batch-review,Books/Tables/Sources source/download record,[object Object],60,https://data.gov.ie/dataset/creeslough-ards-road-rainfall-data,https://web.archive.org/web/*/https://data.gov.ie/dataset/creeslough-ards-road-rainfall-data,pending-upload-or-linking,"current provider URL first, Wayback and IA mirror/link retained where available",,,,,false,,public-asset-batch-placement: publication policy assigned | source-page-and-ia-viewport-decision: publication policy assigned,,0,Batch public-asset layers by provider/topic; add as lower-priority map/source bundles after higher-value geography/election/census work.,"Use provider extent, geometry type, year, and existing Civgraph family as matching keys before creating new records.",,Browse/Books/Tables source record with IA hotlinked viewport/download.,"Met Éireann | Creeslough (Ards Road) Rainfall Data | formats: CSV, TXT | current URL: https://data.gov.ie/dataset/creeslough-ards-road-rainfall-data | IA mirror/download link pending; do not expose local drive paths.",ready-for-approval,staged-only-not-published,metadata/source page,No runtime conversion required unless structured values are later extracted.
medium-prep:7-transport-roads-infrastructure-public-assets:cv16001-rockall-obs-broad-band-ocean-bottom-seismographs-network-deployment-survey:02014,2015,"7. Transport, roads, infrastructure, public assets","Transport, roads, infrastructure, public assets",data.gov.ie,Dublin Institute for Advanced Studies,tabular,CV16001 Rockall OBS (Broad Band Ocean Bottom Seismographs) Network Deployment Survey,CV16001 Rockall OBS (Broad Band Ocean Bottom Seismographs) Network Deployment Survey,cv16001-rockall-obs-broad-band-ocean-bottom-seismographs-network-deployment-survey,Republic of Ireland,transport-public-asset,road features,CSV|HTML,false,false,transport-public-asset-batch-review,Books/Tables/Sources source/download record,[object Object],60,https://data.gov.ie/dataset/cv16001-rockall-obs-broad-band-ocean-bottom-seismographs-network-deployment-survey,https://web.archive.org/web/*/https://data.gov.ie/dataset/cv16001-rockall-obs-broad-band-ocean-bottom-seismographs-network-deployment-survey,pending-upload-or-linking,"current provider URL first, Wayback and IA mirror/link retained where available",,,,,false,,public-asset-batch-placement: publication policy assigned | source-page-and-ia-viewport-decision: publication policy assigned,,0,Batch public-asset layers by provider/topic; add as lower-priority map/source bundles after higher-value geography/election/census work.,"Use provider extent, geometry type, year, and existing Civgraph family as matching keys before creating new records.",,Browse/Books/Tables source record with IA hotlinked viewport/download.,"Dublin Institute for Advanced Studies | CV16001 Rockall OBS (Broad Band Ocean Bottom Seismographs) Network Deployment Survey | formats: CSV, HTML | current URL: https://data.gov.ie/dataset/cv16001-rockall-obs-broad-band-ocean-bottom-seismographs-network-deployment-survey | IA mirror/download link pending; do not expose local drive paths.",ready-for-approval,staged-only-not-published,metadata/source page,No runtime conversion required unless structured values are later extracted.
medium-prep:7-transport-roads-infrastructure-public-assets:dota01-vehicles-with-a-private-tax-class-and-current-motor-tax:02015,2016,"7. Transport, roads, infrastructure, public assets","Transport, roads, infrastructure, public assets",data.gov.ie,Department of Transport,tabular,DOTA01 - Vehicles with a Private Tax Class and Current Motor Tax,DOTA01 - Vehicles with a Private Tax Class and Current Motor Tax,dota01-vehicles-with-a-private-tax-class-and-current-motor-tax,Ireland / unspecified,transport-public-asset,road features,CSV|JSON-STAT|PX|XLSX,false,false,transport-public-asset-batch-review,Books/Tables/Sources source/download record,[object Object],60,https://data.gov.ie/dataset/dota01-vehicles-with-a-private-tax-class-and-current-motor-tax,https://web.archive.org/web/*/https://data.gov.ie/dataset/dota01-vehicles-with-a-private-tax-class-and-current-motor-tax,pending-upload-or-linking,"current provider URL first, Wayback and IA mirror/link retained where available",,,,,false,,public-asset-batch-placement: publication policy assigned | source-page-and-ia-viewport-decision: publication policy assigned,,0,Batch public-asset layers by provider/topic; add as lower-priority map/source bundles after higher-value geography/election/census work.,"Use provider extent, geometry type, year, and existing Civgraph family as matching keys before creating new records.",,Browse/Books/Tables source record with IA hotlinked viewport/download.,"Department of Transport | DOTA01 - Vehicles with a Private Tax Class and Current Motor Tax | formats: CSV, JSON-STAT, PX, XLSX | current URL: https://data.gov.ie/dataset/dota01-vehicles-with-a-private-tax-class-and-current-motor-tax | IA mirror/download link pending; do not expose local drive paths.",ready-for-approval,staged-only-not-published,metadata/source page,No runtime conversion required unless structured values are later extracted.
medium-prep:7-transport-roads-infrastructure-public-assets:dota03-goods-vehicles-by-unladen-weight:02016,2017,"7. Transport, roads, infrastructure, public assets","Transport, roads, infrastructure, public assets",data.gov.ie,Department of Transport,tabular,DOTA03 - Goods Vehicles by Unladen Weight,DOTA03 - Goods Vehicles by Unladen Weight,dota03-goods-vehicles-by-unladen-weight,Ireland / unspecified,transport-public-asset,road features,CSV|JSON-STAT|PX|XLSX,false,false,transport-public-asset-batch-review,Books/Tables/Sources source/download record,[object Object],60,https://data.gov.ie/dataset/dota03-goods-vehicles-by-unladen-weight,https://web.archive.org/web/*/https://data.gov.ie/dataset/dota03-goods-vehicles-by-unladen-weight,pending-upload-or-linking,"current provider URL first, Wayback and IA mirror/link retained where available",,,,,false,,public-asset-batch-placement: publication policy assigned | source-page-and-ia-viewport-decision: publication policy assigned,,0,Batch public-asset layers by provider/topic; add as lower-priority map/source bundles after higher-value geography/election/census work.,"Use provider extent, geometry type, year, and existing Civgraph family as matching keys before creating new records.",,Browse/Books/Tables source record with IA hotlinked viewport/download.,"Department of Transport | DOTA03 - Goods Vehicles by Unladen Weight | formats: CSV, JSON-STAT, PX, XLSX | current URL: https://data.gov.ie/dataset/dota03-goods-vehicles-by-unladen-weight | IA mirror/download link pending; do not expose local drive paths.",ready-for-approval,staged-only-not-published,metadata/source page,No runtime conversion required unless structured values are later extracted.
medium-prep:7-transport-roads-infrastructure-public-assets:dota04-goods-vehicles-by-gross-weight:02017,2018,"7. Transport, roads, infrastructure, public assets","Transport, roads, infrastructure, public assets",data.gov.ie,Department of Transport,tabular,DOTA04 - Goods Vehicles by Gross Weight,DOTA04 - Goods Vehicles by Gross Weight,dota04-goods-vehicles-by-gross-weight,Ireland / unspecified,transport-public-asset,road features,CSV|JSON-STAT|PX|XLSX,false,false,transport-public-asset-batch-review,Books/Tables/Sources source/download record,[object Object],60,https://data.gov.ie/dataset/dota04-goods-vehicles-by-gross-weight,https://web.archive.org/web/*/https://data.gov.ie/dataset/dota04-goods-vehicles-by-gross-weight,pending-upload-or-linking,"current provider URL first, Wayback and IA mirror/link retained where available",,,,,false,,public-asset-batch-placement: publication policy assigned | source-page-and-ia-viewport-decision: publication policy assigned,,0,Batch public-asset layers by provider/topic; add as lower-priority map/source bundles after higher-value geography/election/census work.,"Use provider extent, geometry type, year, and existing Civgraph family as matching keys before creating new records.",,Browse/Books/Tables source record with IA hotlinked viewport/download.,"Department of Transport | DOTA04 - Goods Vehicles by Gross Weight | formats: CSV, JSON-STAT, PX, XLSX | current URL: https://data.gov.ie/dataset/dota04-goods-vehicles-by-gross-weight | IA mirror/download link pending; do not expose local drive paths.",ready-for-approval,staged-only-not-published,metadata/source page,No runtime conversion required unless structured values are later extracted.
medium-prep:7-transport-roads-infrastructure-public-assets:dota05-number-of-private-cars-licenced:02018,2019,"7. Transport, roads, infrastructure, public assets","Transport, roads, infrastructure, public assets",data.gov.ie,Department of Transport,tabular,DOTA05 - Number of Private Cars Licenced,DOTA05 - Number of Private Cars Licenced,dota05-number-of-private-cars-licenced,Ireland / unspecified,transport-public-asset,road features,CSV|JSON-STAT|PX|XLSX,false,false,transport-public-asset-batch-review,Books/Tables/Sources source/download record,[object Object],60,https://data.gov.ie/dataset/dota05-number-of-private-cars-licenced,https://web.archive.org/web/*/https://data.gov.ie/dataset/dota05-number-of-private-cars-licenced,pending-upload-or-linking,"current provider URL first, Wayback and IA mirror/link retained where available",,,,,false,,public-asset-batch-placement: publication policy assigned | source-page-and-ia-viewport-decision: publication policy assigned,,0,Batch public-asset layers by provider/topic; add as lower-priority map/source bundles after higher-value geography/election/census work.,"Use provider extent, geometry type, year, and existing Civgraph family as matching keys before creating new records.",,Browse/Books/Tables source record with IA hotlinked viewport/download.,"Department of Transport | DOTA05 - Number of Private Cars Licenced | formats: CSV, JSON-STAT, PX, XLSX | current URL: https://data.gov.ie/dataset/dota05-number-of-private-cars-licenced | IA mirror/download link pending; do not expose local drive paths.",ready-for-approval,staged-only-not-published,metadata/source page,No runtime conversion required unless structured values are later extracted.
medium-prep:7-transport-roads-infrastructure-public-assets:dota05-number-of-private-cars-licensed-nedc-co2-emissions-motor-tax-assessment:02019,2020,"7. Transport, roads, infrastructure, public assets","Transport, roads, infrastructure, public assets",data.gov.ie,Department of Transport,tabular,DOTA05 - Number of Private Cars Licensed (NEDC CO2 emissions motor tax assessment),DOTA05 - Number of Private Cars Licensed (NEDC CO2 emissions motor tax assessment),dota05-number-of-private-cars-licensed-nedc-co2-emissions-motor-tax-assessment,Ireland / unspecified,transport-public-asset,road features,CSV|JSON-STAT|PX|XLSX,false,false,transport-public-asset-batch-review,Books/Tables/Sources source/download record,[object Object],60,https://data.gov.ie/dataset/dota05-number-of-private-cars-licensed-nedc-co2-emissions-motor-tax-assessment,https://web.archive.org/web/*/https://data.gov.ie/dataset/dota05-number-of-private-cars-licensed-nedc-co2-emissions-motor-tax-assessment,pending-upload-or-linking,"current provider URL first, Wayback and IA mirror/link retained where available",,,,,false,,public-asset-batch-placement: publication policy assigned | source-page-and-ia-viewport-decision: publication policy assigned,,0,Batch public-asset layers by provider/topic; add as lower-priority map/source bundles after higher-value geography/election/census work.,"Use provider extent, geometry type, year, and existing Civgraph family as matching keys before creating new records.",,Browse/Books/Tables source record with IA hotlinked viewport/download.,"Department of Transport | DOTA05 - Number of Private Cars Licensed (NEDC CO2 emissions motor tax assessment) | formats: CSV, JSON-STAT, PX, XLSX | current URL: https://data.gov.ie/dataset/dota05-number-of-private-cars-licensed-nedc-co2-emissions-motor-tax-assessment | IA mirror/download link pending; do not expose local drive paths.",ready-for-approval,staged-only-not-published,metadata/source page,No runtime conversion required unless structured values are later extracted.
medium-prep:7-transport-roads-infrastructure-public-assets:dota06-number-of-private-cars-licenced:02020,2021,"7. Transport, roads, infrastructure, public assets","Transport, roads, infrastructure, public assets",data.gov.ie,Department of Transport,tabular,DOTA06 - Number of Private Cars Licenced,DOTA06 - Number of Private Cars Licenced,dota06-number-of-private-cars-licenced,Ireland / unspecified,transport-public-asset,road features,CSV|JSON-STAT|PX|XLSX,false,false,transport-public-asset-batch-review,Books/Tables/Sources source/download record,[object Object],60,https://data.gov.ie/dataset/dota06-number-of-private-cars-licenced,https://web.archive.org/web/*/https://data.gov.ie/dataset/dota06-number-of-private-cars-licenced,pending-upload-or-linking,"current provider URL first, Wayback and IA mirror/link retained where available",,,,,false,,public-asset-batch-placement: publication policy assigned | source-page-and-ia-viewport-decision: publication policy assigned,,0,Batch public-asset layers by provider/topic; add as lower-priority map/source bundles after higher-value geography/election/census work.,"Use provider extent, geometry type, year, and existing Civgraph family as matching keys before creating new records.",,Browse/Books/Tables source record with IA hotlinked viewport/download.,"Department of Transport | DOTA06 - Number of Private Cars Licenced | formats: CSV, JSON-STAT, PX, XLSX | current URL: https://data.gov.ie/dataset/dota06-number-of-private-cars-licenced | IA mirror/download link pending; do not expose local drive paths.",ready-for-approval,staged-only-not-published,metadata/source page,No runtime conversion required unless structured values are later extracted.
medium-prep:7-transport-roads-infrastructure-public-assets:dota06-number-of-private-cars-licensed-wltp-co2-emissions-motor-tax-assessment:02021,2022,"7. Transport, roads, infrastructure, public assets","Transport, roads, infrastructure, public assets",data.gov.ie,Department of Transport,tabular,DOTA06 - Number of Private Cars Licensed (WLTP CO2 emissions motor tax assessment),DOTA06 - Number of Private Cars Licensed (WLTP CO2 emissions motor tax assessment),dota06-number-of-private-cars-licensed-wltp-co2-emissions-motor-tax-assessment,Ireland / unspecified,transport-public-asset,road features,CSV|JSON-STAT|PX|XLSX,false,false,transport-public-asset-batch-review,Books/Tables/Sources source/download record,[object Object],60,https://data.gov.ie/dataset/dota06-number-of-private-cars-licensed-wltp-co2-emissions-motor-tax-assessment,https://web.archive.org/web/*/https://data.gov.ie/dataset/dota06-number-of-private-cars-licensed-wltp-co2-emissions-motor-tax-assessment,pending-upload-or-linking,"current provider URL first, Wayback and IA mirror/link retained where available",,,,,false,,public-asset-batch-placement: publication policy assigned | source-page-and-ia-viewport-decision: publication policy assigned,,0,Batch public-asset layers by provider/topic; add as lower-priority map/source bundles after higher-value geography/election/census work.,"Use provider extent, geometry type, year, and existing Civgraph family as matching keys before creating new records.",,Browse/Books/Tables source record with IA hotlinked viewport/download.,"Department of Transport | DOTA06 - Number of Private Cars Licensed (WLTP CO2 emissions motor tax assessment) | formats: CSV, JSON-STAT, PX, XLSX | current URL: https://data.gov.ie/dataset/dota06-number-of-private-cars-licensed-wltp-co2-emissions-motor-tax-assessment | IA mirror/download link pending; do not expose local drive paths.",ready-for-approval,staged-only-not-published,metadata/source page,No runtime conversion required unless structured values are later extracted.
medium-prep:7-transport-roads-infrastructure-public-assets:dota07-number-of-private-cars-by-engine-capacity-in-each-licensing-authority-area-pre-co2:02022,2023,"7. Transport, roads, infrastructure, public assets","Transport, roads, infrastructure, public assets",data.gov.ie,Department of Transport,tabular,DOTA07 - Number of Private Cars by Engine Capacity in each Licensing Authority Area (Pre-CO2),DOTA07 - Number of Private Cars by Engine Capacity in each Licensing Authority Area (Pre-CO2),dota07-number-of-private-cars-by-engine-capacity-in-each-licensing-authority-area-pre-co2,Ireland / unspecified,transport-public-asset,road features,CSV|JSON-STAT|PX|XLSX,false,false,transport-public-asset-batch-review,Books/Tables/Sources source/download record,[object Object],60,https://data.gov.ie/dataset/dota07-number-of-private-cars-by-engine-capacity-in-each-licensing-authority-area-pre-co2,https://web.archive.org/web/*/https://data.gov.ie/dataset/dota07-number-of-private-cars-by-engine-capacity-in-each-licensing-authority-area-pre-co2,pending-upload-or-linking,"current provider URL first, Wayback and IA mirror/link retained where available",,,,,false,,public-asset-batch-placement: publication policy assigned | source-page-and-ia-viewport-decision: publication policy assigned,,0,Batch public-asset layers by provider/topic; add as lower-priority map/source bundles after higher-value geography/election/census work.,"Use provider extent, geometry type, year, and existing Civgraph family as matching keys before creating new records.",,Browse/Books/Tables source record with IA hotlinked viewport/download.,"Department of Transport | DOTA07 - Number of Private Cars by Engine Capacity in each Licensing Authority Area (Pre-CO2) | formats: CSV, JSON-STAT, PX, XLSX | current URL: https://data.gov.ie/dataset/dota07-number-of-private-cars-by-engine-capacity-in-each-licensing-authority-area-pre-co2 | IA mirror/download link pending; do not expose local drive paths.",ready-for-approval,staged-only-not-published,metadata/source page,No runtime conversion required unless structured values are later extracted.
medium-prep:7-transport-roads-infrastructure-public-assets:dota07-number-of-private-cars-licenced:02023,2024,"7. Transport, roads, infrastructure, public assets","Transport, roads, infrastructure, public assets",data.gov.ie,Department of Transport,tabular,DOTA07 - Number of Private Cars Licenced,DOTA07 - Number of Private Cars Licenced,dota07-number-of-private-cars-licenced,Ireland / unspecified,transport-public-asset,road features,CSV|JSON-STAT|PX|XLSX,false,false,transport-public-asset-batch-review,Books/Tables/Sources source/download record,[object Object],60,https://data.gov.ie/dataset/dota07-number-of-private-cars-licenced,https://web.archive.org/web/*/https://data.gov.ie/dataset/dota07-number-of-private-cars-licenced,pending-upload-or-linking,"current provider URL first, Wayback and IA mirror/link retained where available",,,,,false,,public-asset-batch-placement: publication policy assigned | source-page-and-ia-viewport-decision: publication policy assigned,,0,Batch public-asset layers by provider/topic; add as lower-priority map/source bundles after higher-value geography/election/census work.,"Use provider extent, geometry type, year, and existing Civgraph family as matching keys before creating new records.",,Browse/Books/Tables source record with IA hotlinked viewport/download.,"Department of Transport | DOTA07 - Number of Private Cars Licenced | formats: CSV, JSON-STAT, PX, XLSX | current URL: https://data.gov.ie/dataset/dota07-number-of-private-cars-licenced | IA mirror/download link pending; do not expose local drive paths.",ready-for-approval,staged-only-not-published,metadata/source page,No runtime conversion required unless structured values are later extracted.
medium-prep:7-transport-roads-infrastructure-public-assets:dota07-number-of-private-cars-licensed-pre-co2-emissions-motor-tax-assessment:02024,2025,"7. Transport, roads, infrastructure, public assets","Transport, roads, infrastructure, public assets",data.gov.ie,Department of Transport,tabular,DOTA07 - Number of Private Cars Licensed (Pre-CO2 emissions motor tax assessment),DOTA07 - Number of Private Cars Licensed (Pre-CO2 emissions motor tax assessment),dota07-number-of-private-cars-licensed-pre-co2-emissions-motor-tax-assessment,Ireland / unspecified,transport-public-asset,road features,CSV|JSON-STAT|PX|XLSX,false,false,transport-public-asset-batch-review,Books/Tables/Sources source/download record,[object Object],60,https://data.gov.ie/dataset/dota07-number-of-private-cars-licensed-pre-co2-emissions-motor-tax-assessment,https://web.archive.org/web/*/https://data.gov.ie/dataset/dota07-number-of-private-cars-licensed-pre-co2-emissions-motor-tax-assessment,pending-upload-or-linking,"current provider URL first, Wayback and IA mirror/link retained where available",,,,,false,,public-asset-batch-placement: publication policy assigned | source-page-and-ia-viewport-decision: publication policy assigned,,0,Batch public-asset layers by provider/topic; add as lower-priority map/source bundles after higher-value geography/election/census work.,"Use provider extent, geometry type, year, and existing Civgraph family as matching keys before creating new records.",,Browse/Books/Tables source record with IA hotlinked viewport/download.,"Department of Transport | DOTA07 - Number of Private Cars Licensed (Pre-CO2 emissions motor tax assessment) | formats: CSV, JSON-STAT, PX, XLSX | current URL: https://data.gov.ie/dataset/dota07-number-of-private-cars-licensed-pre-co2-emissions-motor-tax-assessment | IA mirror/download link pending; do not expose local drive paths.",ready-for-approval,staged-only-not-published,metadata/source page,No runtime conversion required unless structured values are later extracted.
medium-prep:7-transport-roads-infrastructure-public-assets:dota08-private-vehicles:02025,2026,"7. Transport, roads, infrastructure, public assets","Transport, roads, infrastructure, public assets",data.gov.ie,Department of Transport,tabular,DOTA08 - Private Vehicles,DOTA08 - Private Vehicles,dota08-private-vehicles,Ireland / unspecified,transport-public-asset,road features,CSV|JSON-STAT|PX|XLSX,false,false,transport-public-asset-batch-review,Books/Tables/Sources source/download record,[object Object],60,https://data.gov.ie/dataset/dota08-private-vehicles,https://web.archive.org/web/*/https://data.gov.ie/dataset/dota08-private-vehicles,pending-upload-or-linking,"current provider URL first, Wayback and IA mirror/link retained where available",,,,,false,,public-asset-batch-placement: publication policy assigned | source-page-and-ia-viewport-decision: publication policy assigned,,0,Batch public-asset layers by provider/topic; add as lower-priority map/source bundles after higher-value geography/election/census work.,"Use provider extent, geometry type, year, and existing Civgraph family as matching keys before creating new records.",,Browse/Books/Tables source record with IA hotlinked viewport/download.,"Department of Transport | DOTA08 - Private Vehicles | formats: CSV, JSON-STAT, PX, XLSX | current URL: https://data.gov.ie/dataset/dota08-private-vehicles | IA mirror/download link pending; do not expose local drive paths.",ready-for-approval,staged-only-not-published,metadata/source page,No runtime conversion required unless structured values are later extracted.
medium-prep:7-transport-roads-infrastructure-public-assets:dota09-goods-vehicles:02026,2027,"7. Transport, roads, infrastructure, public assets","Transport, roads, infrastructure, public assets",data.gov.ie,Department of Transport,tabular,DOTA09 - Goods Vehicles,DOTA09 - Goods Vehicles,dota09-goods-vehicles,Ireland / unspecified,transport-public-asset,road features,CSV|JSON-STAT|PX|XLSX,false,false,transport-public-asset-batch-review,Books/Tables/Sources source/download record,[object Object],60,https://data.gov.ie/dataset/dota09-goods-vehicles,https://web.archive.org/web/*/https://data.gov.ie/dataset/dota09-goods-vehicles,pending-upload-or-linking,"current provider URL first, Wayback and IA mirror/link retained where available",,,,,false,,public-asset-batch-placement: publication policy assigned | source-page-and-ia-viewport-decision: publication policy assigned,,0,Batch public-asset layers by provider/topic; add as lower-priority map/source bundles after higher-value geography/election/census work.,"Use provider extent, geometry type, year, and existing Civgraph family as matching keys before creating new records.",,Browse/Books/Tables source record with IA hotlinked viewport/download.,"Department of Transport | DOTA09 - Goods Vehicles | formats: CSV, JSON-STAT, PX, XLSX | current URL: https://data.gov.ie/dataset/dota09-goods-vehicles | IA mirror/download link pending; do not expose local drive paths.",ready-for-approval,staged-only-not-published,metadata/source page,No runtime conversion required unless structured values are later extracted.
medium-prep:7-transport-roads-infrastructure-public-assets:dotm03-goods-vehicles-by-unladen-weight:02027,2028,"7. Transport, roads, infrastructure, public assets","Transport, roads, infrastructure, public assets",data.gov.ie,Department of Transport,tabular,DOTM03 - Goods Vehicles by Unladen Weight,DOTM03 - Goods Vehicles by Unladen Weight,dotm03-goods-vehicles-by-unladen-weight,Ireland / unspecified,transport-public-asset,road features,CSV|JSON-STAT|PX|XLSX,false,false,transport-public-asset-batch-review,Books/Tables/Sources source/download record,[object Object],60,https://data.gov.ie/dataset/dotm03-goods-vehicles-by-unladen-weight,https://web.archive.org/web/*/https://data.gov.ie/dataset/dotm03-goods-vehicles-by-unladen-weight,pending-upload-or-linking,"current provider URL first, Wayback and IA mirror/link retained where available",,,,,false,,public-asset-batch-placement: publication policy assigned | source-page-and-ia-viewport-decision: publication policy assigned,,0,Batch public-asset layers by provider/topic; add as lower-priority map/source bundles after higher-value geography/election/census work.,"Use provider extent, geometry type, year, and existing Civgraph family as matching keys before creating new records.",,Browse/Books/Tables source record with IA hotlinked viewport/download.,"Department of Transport | DOTM03 - Goods Vehicles by Unladen Weight | formats: CSV, JSON-STAT, PX, XLSX | current URL: https://data.gov.ie/dataset/dotm03-goods-vehicles-by-unladen-weight | IA mirror/download link pending; do not expose local drive paths.",ready-for-approval,staged-only-not-published,metadata/source page,No runtime conversion required unless structured values are later extracted.
medium-prep:7-transport-roads-infrastructure-public-assets:dotm04-goods-vehicles-by-gross-weight:02028,2029,"7. Transport, roads, infrastructure, public assets","Transport, roads, infrastructure, public assets",data.gov.ie,Department of Transport,tabular,DOTM04 - Goods Vehicles by Gross Weight,DOTM04 - Goods Vehicles by Gross Weight,dotm04-goods-vehicles-by-gross-weight,Ireland / unspecified,transport-public-asset,road features,CSV|JSON-STAT|PX|XLSX,false,false,transport-public-asset-batch-review,Books/Tables/Sources source/download record,[object Object],60,https://data.gov.ie/dataset/dotm04-goods-vehicles-by-gross-weight,https://web.archive.org/web/*/https://data.gov.ie/dataset/dotm04-goods-vehicles-by-gross-weight,pending-upload-or-linking,"current provider URL first, Wayback and IA mirror/link retained where available",,,,,false,,public-asset-batch-placement: publication policy assigned | source-page-and-ia-viewport-decision: publication policy assigned,,0,Batch public-asset layers by provider/topic; add as lower-priority map/source bundles after higher-value geography/election/census work.,"Use provider extent, geometry type, year, and existing Civgraph family as matching keys before creating new records.",,Browse/Books/Tables source record with IA hotlinked viewport/download.,"Department of Transport | DOTM04 - Goods Vehicles by Gross Weight | formats: CSV, JSON-STAT, PX, XLSX | current URL: https://data.gov.ie/dataset/dotm04-goods-vehicles-by-gross-weight | IA mirror/download link pending; do not expose local drive paths.",ready-for-approval,staged-only-not-published,metadata/source page,No runtime conversion required unless structured values are later extracted.
medium-prep:7-transport-roads-infrastructure-public-assets:dotm05-number-of-private-cars-licensed-nedc-co2-emissions-motor-tax-assessment:02029,2030,"7. Transport, roads, infrastructure, public assets","Transport, roads, infrastructure, public assets",data.gov.ie,Department of Transport,tabular,DOTM05 - Number of Private Cars Licensed (NEDC CO2 emissions motor tax assessment),DOTM05 - Number of Private Cars Licensed (NEDC CO2 emissions motor tax assessment),dotm05-number-of-private-cars-licensed-nedc-co2-emissions-motor-tax-assessment,Ireland / unspecified,transport-public-asset,road features,CSV|JSON-STAT|PX|XLSX,false,false,transport-public-asset-batch-review,Books/Tables/Sources source/download record,[object Object],60,https://data.gov.ie/dataset/dotm05-number-of-private-cars-licensed-nedc-co2-emissions-motor-tax-assessment,https://web.archive.org/web/*/https://data.gov.ie/dataset/dotm05-number-of-private-cars-licensed-nedc-co2-emissions-motor-tax-assessment,pending-upload-or-linking,"current provider URL first, Wayback and IA mirror/link retained where available",,,,,false,,public-asset-batch-placement: publication policy assigned | source-page-and-ia-viewport-decision: publication policy assigned,,0,Batch public-asset layers by provider/topic; add as lower-priority map/source bundles after higher-value geography/election/census work.,"Use provider extent, geometry type, year, and existing Civgraph family as matching keys before creating new records.",,Browse/Books/Tables source record with IA hotlinked viewport/download.,"Department of Transport | DOTM05 - Number of Private Cars Licensed (NEDC CO2 emissions motor tax assessment) | formats: CSV, JSON-STAT, PX, XLSX | current URL: https://data.gov.ie/dataset/dotm05-number-of-private-cars-licensed-nedc-co2-emissions-motor-tax-assessment | IA mirror/download link pending; do not expose local drive paths.",ready-for-approval,staged-only-not-published,metadata/source page,No runtime conversion required unless structured values are later extracted.
medium-prep:7-transport-roads-infrastructure-public-assets:dotm06-number-of-private-cars-licensed-wltp-co2-emissions-motor-tax-assessment:02030,2031,"7. Transport, roads, infrastructure, public assets","Transport, roads, infrastructure, public assets",data.gov.ie,Department of Transport,tabular,DOTM06 - Number of Private Cars Licensed (WLTP CO2 emissions motor tax assessment),DOTM06 - Number of Private Cars Licensed (WLTP CO2 emissions motor tax assessment),dotm06-number-of-private-cars-licensed-wltp-co2-emissions-motor-tax-assessment,Ireland / unspecified,transport-public-asset,road features,CSV|JSON-STAT|PX|XLSX,false,false,transport-public-asset-batch-review,Books/Tables/Sources source/download record,[object Object],60,https://data.gov.ie/dataset/dotm06-number-of-private-cars-licensed-wltp-co2-emissions-motor-tax-assessment,https://web.archive.org/web/*/https://data.gov.ie/dataset/dotm06-number-of-private-cars-licensed-wltp-co2-emissions-motor-tax-assessment,pending-upload-or-linking,"current provider URL first, Wayback and IA mirror/link retained where available",,,,,false,,public-asset-batch-placement: publication policy assigned | source-page-and-ia-viewport-decision: publication policy assigned,,0,Batch public-asset layers by provider/topic; add as lower-priority map/source bundles after higher-value geography/election/census work.,"Use provider extent, geometry type, year, and existing Civgraph family as matching keys before creating new records.",,Browse/Books/Tables source record with IA hotlinked viewport/download.,"Department of Transport | DOTM06 - Number of Private Cars Licensed (WLTP CO2 emissions motor tax assessment) | formats: CSV, JSON-STAT, PX, XLSX | current URL: https://data.gov.ie/dataset/dotm06-number-of-private-cars-licensed-wltp-co2-emissions-motor-tax-assessment | IA mirror/download link pending; do not expose local drive paths.",ready-for-approval,staged-only-not-published,metadata/source page,No runtime conversion required unless structured values are later extracted.
medium-prep:7-transport-roads-infrastructure-public-assets:dotm07-number-of-private-cars-licensed-pre-co2-emissions-motor-tax-assessment:02031,2032,"7. Transport, roads, infrastructure, public assets","Transport, roads, infrastructure, public assets",data.gov.ie,Department of Transport,tabular,DOTM07 - Number of Private Cars Licensed (Pre-CO2 emissions motor tax assessment),DOTM07 - Number of Private Cars Licensed (Pre-CO2 emissions motor tax assessment),dotm07-number-of-private-cars-licensed-pre-co2-emissions-motor-tax-assessment,Ireland / unspecified,transport-public-asset,road features,CSV|JSON-STAT|PX|XLSX,false,false,transport-public-asset-batch-review,Books/Tables/Sources source/download record,[object Object],60,https://data.gov.ie/dataset/dotm07-number-of-private-cars-licensed-pre-co2-emissions-motor-tax-assessment,https://web.archive.org/web/*/https://data.gov.ie/dataset/dotm07-number-of-private-cars-licensed-pre-co2-emissions-motor-tax-assessment,pending-upload-or-linking,"current provider URL first, Wayback and IA mirror/link retained where available",,,,,false,,public-asset-batch-placement: publication policy assigned | source-page-and-ia-viewport-decision: publication policy assigned,,0,Batch public-asset layers by provider/topic; add as lower-priority map/source bundles after higher-value geography/election/census work.,"Use provider extent, geometry type, year, and existing Civgraph family as matching keys before creating new records.",,Browse/Books/Tables source record with IA hotlinked viewport/download.,"Department of Transport | DOTM07 - Number of Private Cars Licensed (Pre-CO2 emissions motor tax assessment) | formats: CSV, JSON-STAT, PX, XLSX | current URL: https://data.gov.ie/dataset/dotm07-number-of-private-cars-licensed-pre-co2-emissions-motor-tax-assessment | IA mirror/download link pending; do not expose local drive paths.",ready-for-approval,staged-only-not-published,metadata/source page,No runtime conversion required unless structured values are later extracted.
medium-prep:7-transport-roads-infrastructure-public-assets:dotm08-private-vehicles:02032,2033,"7. Transport, roads, infrastructure, public assets","Transport, roads, infrastructure, public assets",data.gov.ie,Department of Transport,tabular,DOTM08 - Private Vehicles,DOTM08 - Private Vehicles,dotm08-private-vehicles,Ireland / unspecified,transport-public-asset,road features,CSV|JSON-STAT|PX|XLSX,false,false,transport-public-asset-batch-review,Books/Tables/Sources source/download record,[object Object],60,https://data.gov.ie/dataset/dotm08-private-vehicles,https://web.archive.org/web/*/https://data.gov.ie/dataset/dotm08-private-vehicles,pending-upload-or-linking,"current provider URL first, Wayback and IA mirror/link retained where available",,,,,false,,public-asset-batch-placement: publication policy assigned | source-page-and-ia-viewport-decision: publication policy assigned,,0,Batch public-asset layers by provider/topic; add as lower-priority map/source bundles after higher-value geography/election/census work.,"Use provider extent, geometry type, year, and existing Civgraph family as matching keys before creating new records.",,Browse/Books/Tables source record with IA hotlinked viewport/download.,"Department of Transport | DOTM08 - Private Vehicles | formats: CSV, JSON-STAT, PX, XLSX | current URL: https://data.gov.ie/dataset/dotm08-private-vehicles | IA mirror/download link pending; do not expose local drive paths.",ready-for-approval,staged-only-not-published,metadata/source page,No runtime conversion required unless structured values are later extracted.
medium-prep:7-transport-roads-infrastructure-public-assets:dotm09-goods-vehicles:02033,2034,"7. Transport, roads, infrastructure, public assets","Transport, roads, infrastructure, public assets",data.gov.ie,Department of Transport,tabular,DOTM09 - Goods Vehicles,DOTM09 - Goods Vehicles,dotm09-goods-vehicles,Ireland / unspecified,transport-public-asset,road features,CSV|JSON-STAT|PX|XLSX,false,false,transport-public-asset-batch-review,Books/Tables/Sources source/download record,[object Object],60,https://data.gov.ie/dataset/dotm09-goods-vehicles,https://web.archive.org/web/*/https://data.gov.ie/dataset/dotm09-goods-vehicles,pending-upload-or-linking,"current provider URL first, Wayback and IA mirror/link retained where available",,,,,false,,public-asset-batch-placement: publication policy assigned | source-page-and-ia-viewport-decision: publication policy assigned,,0,Batch public-asset layers by provider/topic; add as lower-priority map/source bundles after higher-value geography/election/census work.,"Use provider extent, geometry type, year, and existing Civgraph family as matching keys before creating new records.",,Browse/Books/Tables source record with IA hotlinked viewport/download.,"Department of Transport | DOTM09 - Goods Vehicles | formats: CSV, JSON-STAT, PX, XLSX | current URL: https://data.gov.ie/dataset/dotm09-goods-vehicles | IA mirror/download link pending; do not expose local drive paths.",ready-for-approval,staged-only-not-published,metadata/source page,No runtime conversion required unless structured values are later extracted.
medium-prep:7-transport-roads-infrastructure-public-assets:dublinpembroke-road-rainfall-data:02034,2035,"7. Transport, roads, infrastructure, public assets","Transport, roads, infrastructure, public assets",data.gov.ie,Met Éireann,tabular,Dublin(Pembroke Road) Rainfall Data,Dublin(Pembroke Road) Rainfall Data,dublinpembroke-road-rainfall-data,Republic of Ireland,transport-public-asset,road features,CSV|TXT,false,false,transport-public-asset-batch-review,Books/Tables/Sources source/download record,[object Object],60,https://data.gov.ie/dataset/dublinpembroke-road-rainfall-data,https://web.archive.org/web/*/https://data.gov.ie/dataset/dublinpembroke-road-rainfall-data,pending-upload-or-linking,"current provider URL first, Wayback and IA mirror/link retained where available",,,,,false,,public-asset-batch-placement: publication policy assigned | source-page-and-ia-viewport-decision: publication policy assigned,,0,Batch public-asset layers by provider/topic; add as lower-priority map/source bundles after higher-value geography/election/census work.,"Use provider extent, geometry type, year, and existing Civgraph family as matching keys before creating new records.",,Browse/Books/Tables source record with IA hotlinked viewport/download.,"Met Éireann | Dublin(Pembroke Road) Rainfall Data | formats: CSV, TXT | current URL: https://data.gov.ie/dataset/dublinpembroke-road-rainfall-data | IA mirror/download link pending; do not expose local drive paths.",ready-for-approval,staged-only-not-published,metadata/source page,No runtime conversion required unless structured values are later extracted.
medium-prep:7-transport-roads-infrastructure-public-assets:dublin-navan-road-rainfall-data:02035,2036,"7. Transport, roads, infrastructure, public assets","Transport, roads, infrastructure, public assets",data.gov.ie,Met Éireann,tabular,Dublin-Navan Road Rainfall Data,Dublin-Navan Road Rainfall Data,dublin-navan-road-rainfall-data,Republic of Ireland,transport-public-asset,road features,CSV|TXT,false,false,transport-public-asset-batch-review,Books/Tables/Sources source/download record,[object Object],60,https://data.gov.ie/dataset/dublin-navan-road-rainfall-data,https://web.archive.org/web/*/https://data.gov.ie/dataset/dublin-navan-road-rainfall-data,pending-upload-or-linking,"current provider URL first, Wayback and IA mirror/link retained where available",,,,,false,,public-asset-batch-placement: publication policy assigned | source-page-and-ia-viewport-decision: publication policy assigned,,0,Batch public-asset layers by provider/topic; add as lower-priority map/source bundles after higher-value geography/election/census work.,"Use provider extent, geometry type, year, and existing Civgraph family as matching keys before creating new records.",,Browse/Books/Tables source record with IA hotlinked viewport/download.,"Met Éireann | Dublin-Navan Road Rainfall Data | formats: CSV, TXT | current URL: https://data.gov.ie/dataset/dublin-navan-road-rainfall-data | IA mirror/download link pending; do not expose local drive paths.",ready-for-approval,staged-only-not-published,metadata/source page,No runtime conversion required unless structured values are later extracted.
medium-prep:7-transport-roads-infrastructure-public-assets:eiieea22-transport-energy-consumption-from-renewable-sources:02036,2037,"7. Transport, roads, infrastructure, public assets","Transport, roads, infrastructure, public assets",data.gov.ie,Sustainable Energy Authority of Ireland,tabular,EIIEEA22 - Transport energy consumption from renewable sources,EIIEEA22 - Transport energy consumption from renewable sources,eiieea22-transport-energy-consumption-from-renewable-sources,Republic of Ireland,transport-public-asset,road features,CSV|JSON-STAT|PX|XLSX,false,false,transport-public-asset-batch-review,Books/Tables/Sources source/download record,[object Object],60,https://data.gov.ie/dataset/eiieea22-transport-energy-consumption-from-renewable-sources,https://web.archive.org/web/*/https://data.gov.ie/dataset/eiieea22-transport-energy-consumption-from-renewable-sources,pending-upload-or-linking,"current provider URL first, Wayback and IA mirror/link retained where available",,,,,false,,public-asset-batch-placement: publication policy assigned | source-page-and-ia-viewport-decision: publication policy assigned,,0,Batch public-asset layers by provider/topic; add as lower-priority map/source bundles after higher-value geography/election/census work.,"Use provider extent, geometry type, year, and existing Civgraph family as matching keys before creating new records.",,Browse/Books/Tables source record with IA hotlinked viewport/download.,"Sustainable Energy Authority of Ireland | EIIEEA22 - Transport energy consumption from renewable sources | formats: CSV, JSON-STAT, PX, XLSX | current URL: https://data.gov.ie/dataset/eiieea22-transport-energy-consumption-from-renewable-sources | IA mirror/download link pending; do not expose local drive paths.",ready-for-approval,staged-only-not-published,metadata/source page,No runtime conversion required unless structured values are later extracted.
medium-prep:7-transport-roads-infrastructure-public-assets:g0708-sdg-721-renewable-energy-share-in-transport-res-t:02037,2038,"7. Transport, roads, infrastructure, public assets","Transport, roads, infrastructure, public assets",data.gov.ie,Sustainable Energy Authority of Ireland,tabular,G0708 - SDG 7.2.1 Renewable energy share in transport (RES-T),G0708 - SDG 7.2.1 Renewable energy share in transport (RES-T),g0708-sdg-721-renewable-energy-share-in-transport-res-t,Republic of Ireland,transport-public-asset,road features,CSV|JSON-STAT|PX|XLSX,false,false,transport-public-asset-batch-review,Books/Tables/Sources source/download record,[object Object],60,https://data.gov.ie/dataset/g0708-sdg-721-renewable-energy-share-in-transport-res-t,https://web.archive.org/web/*/https://data.gov.ie/dataset/g0708-sdg-721-renewable-energy-share-in-transport-res-t,pending-upload-or-linking,"current provider URL first, Wayback and IA mirror/link retained where available",,,,,false,,public-asset-batch-placement: publication policy assigned | source-page-and-ia-viewport-decision: publication policy assigned,,0,Batch public-asset layers by provider/topic; add as lower-priority map/source bundles after higher-value geography/election/census work.,"Use provider extent, geometry type, year, and existing Civgraph family as matching keys before creating new records.",,Browse/Books/Tables source record with IA hotlinked viewport/download.,"Sustainable Energy Authority of Ireland | G0708 - SDG 7.2.1 Renewable energy share in transport (RES-T) | formats: CSV, JSON-STAT, PX, XLSX | current URL: https://data.gov.ie/dataset/g0708-sdg-721-renewable-energy-share-in-transport-res-t | IA mirror/download link pending; do not expose local drive paths.",ready-for-approval,staged-only-not-published,metadata/source page,No runtime conversion required unless structured values are later extracted.
medium-prep:7-transport-roads-infrastructure-public-assets:g0709-sdg-721-renewable-energy-share-in-transport-res-t:02038,2039,"7. Transport, roads, infrastructure, public assets","Transport, roads, infrastructure, public assets",data.gov.ie,Sustainable Energy Authority of Ireland,tabular,G0709 - SDG 7.2.1 Renewable energy share in transport (RES-T),G0709 - SDG 7.2.1 Renewable energy share in transport (RES-T),g0709-sdg-721-renewable-energy-share-in-transport-res-t,Republic of Ireland,transport-public-asset,road features,CSV|JSON-STAT|PX|XLSX,false,false,transport-public-asset-batch-review,Books/Tables/Sources source/download record,[object Object],60,https://data.gov.ie/dataset/g0709-sdg-721-renewable-energy-share-in-transport-res-t,https://web.archive.org/web/*/https://data.gov.ie/dataset/g0709-sdg-721-renewable-energy-share-in-transport-res-t,pending-upload-or-linking,"current provider URL first, Wayback and IA mirror/link retained where available",,,,,false,,public-asset-batch-placement: publication policy assigned | source-page-and-ia-viewport-decision: publication policy assigned,,0,Batch public-asset layers by provider/topic; add as lower-priority map/source bundles after higher-value geography/election/census work.,"Use provider extent, geometry type, year, and existing Civgraph family as matching keys before creating new records.",,Browse/Books/Tables source record with IA hotlinked viewport/download.,"Sustainable Energy Authority of Ireland | G0709 - SDG 7.2.1 Renewable energy share in transport (RES-T) | formats: CSV, JSON-STAT, PX, XLSX | current URL: https://data.gov.ie/dataset/g0709-sdg-721-renewable-energy-share-in-transport-res-t | IA mirror/download link pending; do not expose local drive paths.",ready-for-approval,staged-only-not-published,metadata/source page,No runtime conversion required unless structured values are later extracted.
medium-prep:7-transport-roads-infrastructure-public-assets:implementation-of-the-national-broadband-plan:02040,2041,"7. Transport, roads, infrastructure, public assets","Transport, roads, infrastructure, public assets",data.gov.ie,Office of the Comptroller & Auditor General,tabular,Implementation of the National Broadband Plan,Implementation of the National Broadband Plan,implementation-of-the-national-broadband-plan,Ireland / unspecified,transport-public-asset,road features,PDF,false,false,transport-public-asset-batch-review,Books/Tables/Sources source/download record,[object Object],60,https://data.gov.ie/dataset/implementation-of-the-national-broadband-plan,https://web.archive.org/web/*/https://data.gov.ie/dataset/implementation-of-the-national-broadband-plan,pending-upload-or-linking,"current provider URL first, Wayback and IA mirror/link retained where available",,,,,false,,public-asset-batch-placement: publication policy assigned | source-page-and-ia-viewport-decision: publication policy assigned,,0,Batch public-asset layers by provider/topic; add as lower-priority map/source bundles after higher-value geography/election/census work.,"Use provider extent, geometry type, year, and existing Civgraph family as matching keys before creating new records.",,Browse/Books/Tables source record with IA hotlinked viewport/download.,Office of the Comptroller & Auditor General | Implementation of the National Broadband Plan | formats: PDF | current URL: https://data.gov.ie/dataset/implementation-of-the-national-broadband-plan | IA mirror/download link pending; do not expose local drive paths.,ready-for-approval,staged-only-not-published,metadata/source page,No runtime conversion required unless structured values are later extracted.
medium-prep:7-transport-roads-infrastructure-public-assets:inspire-strategic-noise-maps-major-air-transport:02041,2042,"7. Transport, roads, infrastructure, public assets","Transport, roads, infrastructure, public assets",data.gov.ie,Environmental Protection Agency,tabular,INSPIRE Strategic noise maps. Major air transport,INSPIRE Strategic noise maps. Major air transport,inspire-strategic-noise-maps-major-air-transport,Ireland / unspecified,transport-public-asset,road features,NULL|WMS,true,false,transport-public-asset-batch-review,Books/Tables/Sources source/download record,[object Object],60,https://data.gov.ie/dataset/inspire-strategic-noise-maps-major-air-transport,https://web.archive.org/web/*/https://data.gov.ie/dataset/inspire-strategic-noise-maps-major-air-transport,pending-upload-or-linking,"current provider URL first, Wayback and IA mirror/link retained where available",,,,,false,,public-asset-batch-placement: publication policy assigned,,0,Batch public-asset layers by provider/topic; add as lower-priority map/source bundles after higher-value geography/election/census work.,"Use provider extent, geometry type, year, and existing Civgraph family as matching keys before creating new records.",,Browse/source/table record unless there is clear interactive map or query use.,"Environmental Protection Agency | INSPIRE Strategic noise maps. Major air transport | formats: NULL, WMS | current URL: https://data.gov.ie/dataset/inspire-strategic-noise-maps-major-air-transport | IA mirror/download link pending; do not expose local drive paths.",ready-for-approval,staged-only-not-published,metadata/source page,No runtime conversion required unless structured values are later extracted.
medium-prep:7-transport-roads-infrastructure-public-assets:inspire-strategic-noise-maps-major-roads:02042,2043,"7. Transport, roads, infrastructure, public assets","Transport, roads, infrastructure, public assets",data.gov.ie,Environmental Protection Agency,tabular,INSPIRE Strategic noise maps. Major roads,INSPIRE Strategic noise maps. Major roads,inspire-strategic-noise-maps-major-roads,Ireland / unspecified,transport-public-asset,road features,NULL|WMS,true,false,transport-public-asset-batch-review,Books/Tables/Sources source/download record,[object Object],60,https://data.gov.ie/dataset/inspire-strategic-noise-maps-major-roads,https://web.archive.org/web/*/https://data.gov.ie/dataset/inspire-strategic-noise-maps-major-roads,pending-upload-or-linking,"current provider URL first, Wayback and IA mirror/link retained where available",,,,,false,,public-asset-batch-placement: publication policy assigned,,0,Batch public-asset layers by provider/topic; add as lower-priority map/source bundles after higher-value geography/election/census work.,"Use provider extent, geometry type, year, and existing Civgraph family as matching keys before creating new records.",,Browse/source/table record unless there is clear interactive map or query use.,"Environmental Protection Agency | INSPIRE Strategic noise maps. Major roads | formats: NULL, WMS | current URL: https://data.gov.ie/dataset/inspire-strategic-noise-maps-major-roads | IA mirror/download link pending; do not expose local drive paths.",ready-for-approval,staged-only-not-published,metadata/source page,No runtime conversion required unless structured values are later extracted.
medium-prep:7-transport-roads-infrastructure-public-assets:inspire-strategic-noise-maps-noise-contour-map-for-major-roads-lden:02043,2044,"7. Transport, roads, infrastructure, public assets","Transport, roads, infrastructure, public assets",data.gov.ie,Environmental Protection Agency,tabular,INSPIRE Strategic noise maps. Noise contour map for major roads – Lden,INSPIRE Strategic noise maps. Noise contour map for major roads – Lden,inspire-strategic-noise-maps-noise-contour-map-for-major-roads-lden,Ireland / unspecified,transport-public-asset,road features,NULL|WMS,true,false,transport-public-asset-batch-review,Books/Tables/Sources source/download record,[object Object],60,https://data.gov.ie/dataset/inspire-strategic-noise-maps-noise-contour-map-for-major-roads-lden,https://web.archive.org/web/*/https://data.gov.ie/dataset/inspire-strategic-noise-maps-noise-contour-map-for-major-roads-lden,pending-upload-or-linking,"current provider URL first, Wayback and IA mirror/link retained where available",,,,,false,,public-asset-batch-placement: publication policy assigned,,0,Batch public-asset layers by provider/topic; add as lower-priority map/source bundles after higher-value geography/election/census work.,"Use provider extent, geometry type, year, and existing Civgraph family as matching keys before creating new records.",,Browse/source/table record unless there is clear interactive map or query use.,"Environmental Protection Agency | INSPIRE Strategic noise maps. Noise contour map for major roads – Lden | formats: NULL, WMS | current URL: https://data.gov.ie/dataset/inspire-strategic-noise-maps-noise-contour-map-for-major-roads-lden | IA mirror/download link pending; do not expose local drive paths.",ready-for-approval,staged-only-not-published,metadata/source page,No runtime conversion required unless structured values are later extracted.
medium-prep:7-transport-roads-infrastructure-public-assets:inspire-strategic-noise-maps-noise-contour-map-for-major-roads-lnight:02044,2045,"7. Transport, roads, infrastructure, public assets","Transport, roads, infrastructure, public assets",data.gov.ie,Environmental Protection Agency,tabular,INSPIRE Strategic noise maps. Noise contour map for major roads – Lnight,INSPIRE Strategic noise maps. Noise contour map for major roads – Lnight,inspire-strategic-noise-maps-noise-contour-map-for-major-roads-lnight,Ireland / unspecified,transport-public-asset,road features,NULL|WMS,true,false,transport-public-asset-batch-review,Books/Tables/Sources source/download record,[object Object],60,https://data.gov.ie/dataset/inspire-strategic-noise-maps-noise-contour-map-for-major-roads-lnight,https://web.archive.org/web/*/https://data.gov.ie/dataset/inspire-strategic-noise-maps-noise-contour-map-for-major-roads-lnight,pending-upload-or-linking,"current provider URL first, Wayback and IA mirror/link retained where available",,,,,false,,public-asset-batch-placement: publication policy assigned,,0,Batch public-asset layers by provider/topic; add as lower-priority map/source bundles after higher-value geography/election/census work.,"Use provider extent, geometry type, year, and existing Civgraph family as matching keys before creating new records.",,Browse/source/table record unless there is clear interactive map or query use.,"Environmental Protection Agency | INSPIRE Strategic noise maps. Noise contour map for major roads – Lnight | formats: NULL, WMS | current URL: https://data.gov.ie/dataset/inspire-strategic-noise-maps-noise-contour-map-for-major-roads-lnight | IA mirror/download link pending; do not expose local drive paths.",ready-for-approval,staged-only-not-published,metadata/source page,No runtime conversion required unless structured values are later extracted.
medium-prep:7-transport-roads-infrastructure-public-assets:inspire-strategic-noise-maps-noise-contour-map-for-roads-noise-in-agglomerations-lden:02045,2046,"7. Transport, roads, infrastructure, public assets","Transport, roads, infrastructure, public assets",data.gov.ie,Environmental Protection Agency,tabular,INSPIRE Strategic noise maps. Noise contour map for roads noise in agglomerations – Lden,INSPIRE Strategic noise maps. Noise contour map for roads noise in agglomerations – Lden,inspire-strategic-noise-maps-noise-contour-map-for-roads-noise-in-agglomerations-lden,Ireland / unspecified,transport-public-asset,road features,NULL|WMS,true,false,transport-public-asset-batch-review,Books/Tables/Sources source/download record,[object Object],60,https://data.gov.ie/dataset/inspire-strategic-noise-maps-noise-contour-map-for-roads-noise-in-agglomerations-lden,https://web.archive.org/web/*/https://data.gov.ie/dataset/inspire-strategic-noise-maps-noise-contour-map-for-roads-noise-in-agglomerations-lden,pending-upload-or-linking,"current provider URL first, Wayback and IA mirror/link retained where available",,,,,false,,public-asset-batch-placement: publication policy assigned,,0,Batch public-asset layers by provider/topic; add as lower-priority map/source bundles after higher-value geography/election/census work.,"Use provider extent, geometry type, year, and existing Civgraph family as matching keys before creating new records.",,Browse/source/table record unless there is clear interactive map or query use.,"Environmental Protection Agency | INSPIRE Strategic noise maps. Noise contour map for roads noise in agglomerations – Lden | formats: NULL, WMS | current URL: https://data.gov.ie/dataset/inspire-strategic-noise-maps-noise-contour-map-for-roads-noise-in-agglomerations-lden | IA mirror/download link pending; do not expose local drive paths.",ready-for-approval,staged-only-not-published,metadata/source page,No runtime conversion required unless structured values are later extracted.
medium-prep:7-transport-roads-infrastructure-public-assets:inspire-strategic-noise-maps-noise-contour-map-for-roads-noise-in-agglomerations-lnight:02046,2047,"7. Transport, roads, infrastructure, public assets","Transport, roads, infrastructure, public assets",data.gov.ie,Environmental Protection Agency,tabular,INSPIRE Strategic noise maps. Noise contour map for roads noise in agglomerations – Lnight,INSPIRE Strategic noise maps. Noise contour map for roads noise in agglomerations – Lnight,inspire-strategic-noise-maps-noise-contour-map-for-roads-noise-in-agglomerations-lnight,Ireland / unspecified,transport-public-asset,road features,NULL|WMS,true,false,transport-public-asset-batch-review,Books/Tables/Sources source/download record,[object Object],60,https://data.gov.ie/dataset/inspire-strategic-noise-maps-noise-contour-map-for-roads-noise-in-agglomerations-lnight,https://web.archive.org/web/*/https://data.gov.ie/dataset/inspire-strategic-noise-maps-noise-contour-map-for-roads-noise-in-agglomerations-lnight,pending-upload-or-linking,"current provider URL first, Wayback and IA mirror/link retained where available",,,,,false,,public-asset-batch-placement: publication policy assigned,,0,Batch public-asset layers by provider/topic; add as lower-priority map/source bundles after higher-value geography/election/census work.,"Use provider extent, geometry type, year, and existing Civgraph family as matching keys before creating new records.",,Browse/source/table record unless there is clear interactive map or query use.,"Environmental Protection Agency | INSPIRE Strategic noise maps. Noise contour map for roads noise in agglomerations – Lnight | formats: NULL, WMS | current URL: https://data.gov.ie/dataset/inspire-strategic-noise-maps-noise-contour-map-for-roads-noise-in-agglomerations-lnight | IA mirror/download link pending; do not expose local drive paths.",ready-for-approval,staged-only-not-published,metadata/source page,No runtime conversion required unless structured values are later extracted.
medium-prep:7-transport-roads-infrastructure-public-assets:kerrykeel-shore-road-rainfall-data:02047,2048,"7. Transport, roads, infrastructure, public assets","Transport, roads, infrastructure, public assets",data.gov.ie,Met Éireann,tabular,Kerrykeel (Shore Road) Rainfall Data,Kerrykeel (Shore Road) Rainfall Data,kerrykeel-shore-road-rainfall-data,Republic of Ireland,transport-public-asset,road features,CSV|TXT,false,false,transport-public-asset-batch-review,Books/Tables/Sources source/download record,[object Object],60,https://data.gov.ie/dataset/kerrykeel-shore-road-rainfall-data,https://web.archive.org/web/*/https://data.gov.ie/dataset/kerrykeel-shore-road-rainfall-data,pending-upload-or-linking,"current provider URL first, Wayback and IA mirror/link retained where available",,,,,false,,public-asset-batch-placement: publication policy assigned | source-page-and-ia-viewport-decision: publication policy assigned,,0,Batch public-asset layers by provider/topic; add as lower-priority map/source bundles after higher-value geography/election/census work.,"Use provider extent, geometry type, year, and existing Civgraph family as matching keys before creating new records.",,Browse/Books/Tables source record with IA hotlinked viewport/download.,"Met Éireann | Kerrykeel (Shore Road) Rainfall Data | formats: CSV, TXT | current URL: https://data.gov.ie/dataset/kerrykeel-shore-road-rainfall-data | IA mirror/download link pending; do not expose local drive paths.",ready-for-approval,staged-only-not-published,metadata/source page,No runtime conversion required unless structured values are later extracted.
medium-prep:7-transport-roads-infrastructure-public-assets:kinnegad-mullingar-road-rainfall-data:02048,2049,"7. Transport, roads, infrastructure, public assets","Transport, roads, infrastructure, public assets",data.gov.ie,Met Éireann,tabular,Kinnegad (Mullingar Road) Rainfall Data,Kinnegad (Mullingar Road) Rainfall Data,kinnegad-mullingar-road-rainfall-data,Ireland / unspecified,transport-public-asset,road features,CSV|TXT,false,false,transport-public-asset-batch-review,Books/Tables/Sources source/download record,[object Object],60,https://data.gov.ie/dataset/kinnegad-mullingar-road-rainfall-data,https://web.archive.org/web/*/https://data.gov.ie/dataset/kinnegad-mullingar-road-rainfall-data,pending-upload-or-linking,"current provider URL first, Wayback and IA mirror/link retained where available",,,,,false,,public-asset-batch-placement: publication policy assigned | source-page-and-ia-viewport-decision: publication policy assigned,,0,Batch public-asset layers by provider/topic; add as lower-priority map/source bundles after higher-value geography/election/census work.,"Use provider extent, geometry type, year, and existing Civgraph family as matching keys before creating new records.",,Browse/Books/Tables source record with IA hotlinked viewport/download.,"Met Éireann | Kinnegad (Mullingar Road) Rainfall Data | formats: CSV, TXT | current URL: https://data.gov.ie/dataset/kinnegad-mullingar-road-rainfall-data | IA mirror/download link pending; do not expose local drive paths.",ready-for-approval,staged-only-not-published,metadata/source page,No runtime conversion required unless structured values are later extracted.
medium-prep:7-transport-roads-infrastructure-public-assets:limerick-old-cork-road-rainfall-data:02049,2050,"7. Transport, roads, infrastructure, public assets","Transport, roads, infrastructure, public assets",data.gov.ie,Met Éireann,tabular,Limerick (Old Cork Road) Rainfall Data,Limerick (Old Cork Road) Rainfall Data,limerick-old-cork-road-rainfall-data,Republic of Ireland,transport-public-asset,road features,CSV|TXT,false,false,transport-public-asset-batch-review,Books/Tables/Sources source/download record,[object Object],60,https://data.gov.ie/dataset/limerick-old-cork-road-rainfall-data,https://web.archive.org/web/*/https://data.gov.ie/dataset/limerick-old-cork-road-rainfall-data,pending-upload-or-linking,"current provider URL first, Wayback and IA mirror/link retained where available",,,,,false,,public-asset-batch-placement: publication policy assigned | source-page-and-ia-viewport-decision: publication policy assigned,,0,Batch public-asset layers by provider/topic; add as lower-priority map/source bundles after higher-value geography/election/census work.,"Use provider extent, geometry type, year, and existing Civgraph family as matching keys before creating new records.",,Browse/Books/Tables source record with IA hotlinked viewport/download.,"Met Éireann | Limerick (Old Cork Road) Rainfall Data | formats: CSV, TXT | current URL: https://data.gov.ie/dataset/limerick-old-cork-road-rainfall-data | IA mirror/download link pending; do not expose local drive paths.",ready-for-approval,staged-only-not-published,metadata/source page,No runtime conversion required unless structured values are later extracted.
medium-prep:7-transport-roads-infrastructure-public-assets:luas-fare-calculator:02050,2051,"7. Transport, roads, infrastructure, public assets","Transport, roads, infrastructure, public assets",data.gov.ie,Transport Infrastructure Ireland,tabular,Luas Fare Calculator,Luas Fare Calculator,luas-fare-calculator,Republic of Ireland,transport-public-asset,road features,API,false,false,transport-public-asset-batch-review,Books/Tables/Sources source/download record,[object Object],60,https://data.gov.ie/dataset/luas-fare-calculator,https://web.archive.org/web/*/https://data.gov.ie/dataset/luas-fare-calculator,pending-upload-or-linking,"current provider URL first, Wayback and IA mirror/link retained where available",,,,,false,,public-asset-batch-placement: publication policy assigned,,0,Batch public-asset layers by provider/topic; add as lower-priority map/source bundles after higher-value geography/election/census work.,"Use provider extent, geometry type, year, and existing Civgraph family as matching keys before creating new records.",,Browse/source/table record unless there is clear interactive map or query use.,Transport Infrastructure Ireland | Luas Fare Calculator | formats: API | current URL: https://data.gov.ie/dataset/luas-fare-calculator | IA mirror/download link pending; do not expose local drive paths.,ready-for-approval,staged-only-not-published,metadata/source page,No runtime conversion required unless structured values are later extracted.
medium-prep:7-transport-roads-infrastructure-public-assets:luas-forecasting-api:02051,2052,"7. Transport, roads, infrastructure, public assets","Transport, roads, infrastructure, public assets",data.gov.ie,Transport Infrastructure Ireland,tabular,Luas Forecasting API,Luas Forecasting API,luas-forecasting-api,Republic of Ireland,transport-public-asset,road features,API|XML,false,false,transport-public-asset-batch-review,Books/Tables/Sources source/download record,[object Object],60,https://data.gov.ie/dataset/luas-forecasting-api,https://web.archive.org/web/*/https://data.gov.ie/dataset/luas-forecasting-api,pending-upload-or-linking,"current provider URL first, Wayback and IA mirror/link retained where available",,,,,false,,public-asset-batch-placement: publication policy assigned,,0,Batch public-asset layers by provider/topic; add as lower-priority map/source bundles after higher-value geography/election/census work.,"Use provider extent, geometry type, year, and existing Civgraph family as matching keys before creating new records.",,Browse/source/table record unless there is clear interactive map or query use.,"Transport Infrastructure Ireland | Luas Forecasting API | formats: API, XML | current URL: https://data.gov.ie/dataset/luas-forecasting-api | IA mirror/download link pending; do not expose local drive paths.",ready-for-approval,staged-only-not-published,metadata/source page,No runtime conversion required unless structured values are later extracted.
medium-prep:7-transport-roads-infrastructure-public-assets:milford-kilmacrennan-road-climate-data:02052,2053,"7. Transport, roads, infrastructure, public assets","Transport, roads, infrastructure, public assets",data.gov.ie,Met Éireann,tabular,Milford Kilmacrennan Road Climate Data,Milford Kilmacrennan Road Climate Data,milford-kilmacrennan-road-climate-data,Ireland / unspecified,transport-public-asset,road features,CSV|TXT,false,false,transport-public-asset-batch-review,Books/Tables/Sources source/download record,[object Object],60,https://data.gov.ie/dataset/milford-kilmacrennan-road-climate-data,https://web.archive.org/web/*/https://data.gov.ie/dataset/milford-kilmacrennan-road-climate-data,pending-upload-or-linking,"current provider URL first, Wayback and IA mirror/link retained where available",,,,,false,,public-asset-batch-placement: publication policy assigned | source-page-and-ia-viewport-decision: publication policy assigned,,0,Batch public-asset layers by provider/topic; add as lower-priority map/source bundles after higher-value geography/election/census work.,"Use provider extent, geometry type, year, and existing Civgraph family as matching keys before creating new records.",,Browse/Books/Tables source record with IA hotlinked viewport/download.,"Met Éireann | Milford Kilmacrennan Road Climate Data | formats: CSV, TXT | current URL: https://data.gov.ie/dataset/milford-kilmacrennan-road-climate-data | IA mirror/download link pending; do not expose local drive paths.",ready-for-approval,staged-only-not-published,metadata/source page,No runtime conversion required unless structured values are later extracted.
medium-prep:7-transport-roads-infrastructure-public-assets:mip17-modal-split-of-inland-freight-transport:02053,2054,"7. Transport, roads, infrastructure, public assets","Transport, roads, infrastructure, public assets",data.gov.ie,Eurostat,tabular,MIP17 - Modal split of inland freight transport,MIP17 - Modal split of inland freight transport,mip17-modal-split-of-inland-freight-transport,Ireland / unspecified,transport-public-asset,road features,CSV|JSON-STAT|PX|XLSX,false,false,transport-public-asset-batch-review,Books/Tables/Sources source/download record,[object Object],60,https://data.gov.ie/dataset/mip17-modal-split-of-inland-freight-transport,https://web.archive.org/web/*/https://data.gov.ie/dataset/mip17-modal-split-of-inland-freight-transport,pending-upload-or-linking,"current provider URL first, Wayback and IA mirror/link retained where available",,,,,false,,public-asset-batch-placement: publication policy assigned | source-page-and-ia-viewport-decision: publication policy assigned,,0,Batch public-asset layers by provider/topic; add as lower-priority map/source bundles after higher-value geography/election/census work.,"Use provider extent, geometry type, year, and existing Civgraph family as matching keys before creating new records.",,Browse/Books/Tables source record with IA hotlinked viewport/download.,"Eurostat | MIP17 - Modal split of inland freight transport | formats: CSV, JSON-STAT, PX, XLSX | current URL: https://data.gov.ie/dataset/mip17-modal-split-of-inland-freight-transport | IA mirror/download link pending; do not expose local drive paths.",ready-for-approval,staged-only-not-published,metadata/source page,No runtime conversion required unless structured values are later extracted.
medium-prep:7-transport-roads-infrastructure-public-assets:national-public-transport-access-nodes-naptan:02054,2055,"7. Transport, roads, infrastructure, public assets","Transport, roads, infrastructure, public assets",data.gov.ie,National Transport Authority,tabular,National Public Transport Access Nodes (NaPTAN),National Public Transport Access Nodes (NaPTAN),national-public-transport-access-nodes-naptan,Ireland / unspecified,transport-public-asset,road features,.CSV|JSON|XML,false,false,transport-public-asset-batch-review,Books/Tables/Sources source/download record,[object Object],60,https://data.gov.ie/dataset/national-public-transport-access-nodes-naptan,https://web.archive.org/web/*/https://data.gov.ie/dataset/national-public-transport-access-nodes-naptan,pending-upload-or-linking,"current provider URL first, Wayback and IA mirror/link retained where available",,,,,false,,public-asset-batch-placement: publication policy assigned | source-page-and-ia-viewport-decision: publication policy assigned,,0,Batch public-asset layers by provider/topic; add as lower-priority map/source bundles after higher-value geography/election/census work.,"Use provider extent, geometry type, year, and existing Civgraph family as matching keys before creating new records.",,Browse/Books/Tables source record with IA hotlinked viewport/download.,"National Transport Authority | National Public Transport Access Nodes (NaPTAN) | formats: .CSV, JSON, XML | current URL: https://data.gov.ie/dataset/national-public-transport-access-nodes-naptan | IA mirror/download link pending; do not expose local drive paths.",ready-for-approval,staged-only-not-published,metadata/source page,No runtime conversion required unless structured values are later extracted.
medium-prep:7-transport-roads-infrastructure-public-assets:netex-irish-profile:02055,2056,"7. Transport, roads, infrastructure, public assets","Transport, roads, infrastructure, public assets",data.gov.ie,National Transport Authority,tabular,Netex - Irish Profile,Netex - Irish Profile,netex-irish-profile,Ireland / unspecified,transport-public-asset,road features,HTML|PDF|XML|XSD,false,false,transport-public-asset-batch-review,Books/Tables/Sources source/download record,[object Object],60,https://data.gov.ie/dataset/netex-irish-profile,https://web.archive.org/web/*/https://data.gov.ie/dataset/netex-irish-profile,pending-upload-or-linking,"current provider URL first, Wayback and IA mirror/link retained where available",,,,,false,,public-asset-batch-placement: publication policy assigned | source-page-and-ia-viewport-decision: publication policy assigned,,0,Batch public-asset layers by provider/topic; add as lower-priority map/source bundles after higher-value geography/election/census work.,"Use provider extent, geometry type, year, and existing Civgraph family as matching keys before creating new records.",,Browse/Books/Tables source record with IA hotlinked viewport/download.,"National Transport Authority | Netex - Irish Profile | formats: HTML, PDF, XML, XSD | current URL: https://data.gov.ie/dataset/netex-irish-profile | IA mirror/download link pending; do not expose local drive paths.",ready-for-approval,staged-only-not-published,metadata/source page,No runtime conversion required unless structured values are later extracted.
medium-prep:7-transport-roads-infrastructure-public-assets:noise-round-2-road-night:02056,2057,"7. Transport, roads, infrastructure, public assets","Transport, roads, infrastructure, public assets",data.gov.ie,Environmental Protection Agency,tabular,Noise Round 2 Road (Night),Noise Round 2 Road (Night),noise-round-2-road-night,Ireland / unspecified,transport-public-asset,road features,HTML|JSON|WMS,true,false,transport-public-asset-batch-review,Books/Tables/Sources source/download record,[object Object],60,https://data.gov.ie/dataset/noise-round-2-road-night,https://web.archive.org/web/*/https://data.gov.ie/dataset/noise-round-2-road-night,pending-upload-or-linking,"current provider URL first, Wayback and IA mirror/link retained where available",,,,,false,,public-asset-batch-placement: publication policy assigned,,0,Batch public-asset layers by provider/topic; add as lower-priority map/source bundles after higher-value geography/election/census work.,"Use provider extent, geometry type, year, and existing Civgraph family as matching keys before creating new records.",,Browse/source/table record unless there is clear interactive map or query use.,"Environmental Protection Agency | Noise Round 2 Road (Night) | formats: HTML, JSON, WMS | current URL: https://data.gov.ie/dataset/noise-round-2-road-night | IA mirror/download link pending; do not expose local drive paths.",ready-for-approval,staged-only-not-published,metadata/source page,No runtime conversion required unless structured values are later extracted.
medium-prep:7-transport-roads-infrastructure-public-assets:noise-round-3-road-lden:02057,2058,"7. Transport, roads, infrastructure, public assets","Transport, roads, infrastructure, public assets",data.gov.ie,Environmental Protection Agency,tabular,Noise Round 3 Road (Lden),Noise Round 3 Road (Lden),noise-round-3-road-lden,Ireland / unspecified,transport-public-asset,road features,HTML|JSON|WMS,true,false,transport-public-asset-batch-review,Books/Tables/Sources source/download record,[object Object],60,https://data.gov.ie/dataset/noise-round-3-road-lden,https://web.archive.org/web/*/https://data.gov.ie/dataset/noise-round-3-road-lden,pending-upload-or-linking,"current provider URL first, Wayback and IA mirror/link retained where available",,,,,false,,public-asset-batch-placement: publication policy assigned,,0,Batch public-asset layers by provider/topic; add as lower-priority map/source bundles after higher-value geography/election/census work.,"Use provider extent, geometry type, year, and existing Civgraph family as matching keys before creating new records.",,Browse/source/table record unless there is clear interactive map or query use.,"Environmental Protection Agency | Noise Round 3 Road (Lden) | formats: HTML, JSON, WMS | current URL: https://data.gov.ie/dataset/noise-round-3-road-lden | IA mirror/download link pending; do not expose local drive paths.",ready-for-approval,staged-only-not-published,metadata/source page,No runtime conversion required unless structured values are later extracted.
medium-prep:7-transport-roads-infrastructure-public-assets:noise-round-3-road-lnight:02058,2059,"7. Transport, roads, infrastructure, public assets","Transport, roads, infrastructure, public assets",data.gov.ie,Environmental Protection Agency,tabular,Noise Round 3 Road (Lnight),Noise Round 3 Road (Lnight),noise-round-3-road-lnight,Ireland / unspecified,transport-public-asset,road features,HTML|JSON|WMS,true,false,transport-public-asset-batch-review,Books/Tables/Sources source/download record,[object Object],60,https://data.gov.ie/dataset/noise-round-3-road-lnight,https://web.archive.org/web/*/https://data.gov.ie/dataset/noise-round-3-road-lnight,pending-upload-or-linking,"current provider URL first, Wayback and IA mirror/link retained where available",,,,,false,,public-asset-batch-placement: publication policy assigned,,0,Batch public-asset layers by provider/topic; add as lower-priority map/source bundles after higher-value geography/election/census work.,"Use provider extent, geometry type, year, and existing Civgraph family as matching keys before creating new records.",,Browse/source/table record unless there is clear interactive map or query use.,"Environmental Protection Agency | Noise Round 3 Road (Lnight) | formats: HTML, JSON, WMS | current URL: https://data.gov.ie/dataset/noise-round-3-road-lnight | IA mirror/download link pending; do not expose local drive paths.",ready-for-approval,staged-only-not-published,metadata/source page,No runtime conversion required unless structured values are later extracted.
medium-prep:7-transport-roads-infrastructure-public-assets:nra02-national-route-length:02059,2060,"7. Transport, roads, infrastructure, public assets","Transport, roads, infrastructure, public assets",data.gov.ie,Transport Infrastructure Ireland,tabular,NRA02 - National Route Length,NRA02 - National Route Length,nra02-national-route-length,Republic of Ireland,transport-public-asset,road features,CSV|JSON-STAT|PX|XLSX,false,false,transport-public-asset-batch-review,Books/Tables/Sources source/download record,[object Object],60,https://data.gov.ie/dataset/nra02-national-route-length,https://web.archive.org/web/*/https://data.gov.ie/dataset/nra02-national-route-length,pending-upload-or-linking,"current provider URL first, Wayback and IA mirror/link retained where available",,,,,false,,public-asset-batch-placement: publication policy assigned | source-page-and-ia-viewport-decision: publication policy assigned,,0,Batch public-asset layers by provider/topic; add as lower-priority map/source bundles after higher-value geography/election/census work.,"Use provider extent, geometry type, year, and existing Civgraph family as matching keys before creating new records.",,Browse/Books/Tables source record with IA hotlinked viewport/download.,"Transport Infrastructure Ireland | NRA02 - National Route Length | formats: CSV, JSON-STAT, PX, XLSX | current URL: https://data.gov.ie/dataset/nra02-national-route-length | IA mirror/download link pending; do not expose local drive paths.",ready-for-approval,staged-only-not-published,metadata/source page,No runtime conversion required unless structured values are later extracted.
medium-prep:7-transport-roads-infrastructure-public-assets:nra03-national-route-length:02060,2061,"7. Transport, roads, infrastructure, public assets","Transport, roads, infrastructure, public assets",data.gov.ie,Transport Infrastructure Ireland,tabular,NRA03 - National Route Length,NRA03 - National Route Length,nra03-national-route-length,Republic of Ireland,transport-public-asset,road features,CSV|JSON-STAT|PX|XLSX,false,false,transport-public-asset-batch-review,Books/Tables/Sources source/download record,[object Object],60,https://data.gov.ie/dataset/nra03-national-route-length,https://web.archive.org/web/*/https://data.gov.ie/dataset/nra03-national-route-length,pending-upload-or-linking,"current provider URL first, Wayback and IA mirror/link retained where available",,,,,false,,public-asset-batch-placement: publication policy assigned | source-page-and-ia-viewport-decision: publication policy assigned,,0,Batch public-asset layers by provider/topic; add as lower-priority map/source bundles after higher-value geography/election/census work.,"Use provider extent, geometry type, year, and existing Civgraph family as matching keys before creating new records.",,Browse/Books/Tables source record with IA hotlinked viewport/download.,"Transport Infrastructure Ireland | NRA03 - National Route Length | formats: CSV, JSON-STAT, PX, XLSX | current URL: https://data.gov.ie/dataset/nra03-national-route-length | IA mirror/download link pending; do not expose local drive paths.",ready-for-approval,staged-only-not-published,metadata/source page,No runtime conversion required unless structured values are later extracted.
medium-prep:7-transport-roads-infrastructure-public-assets:nta-gtfs:02061,2062,"7. Transport, roads, infrastructure, public assets","Transport, roads, infrastructure, public assets",data.gov.ie,National Transport Authority,tabular,NTA GTFS,NTA GTFS,nta-gtfs,Ireland / unspecified,transport-public-asset,road features,CSV|CSV.ZIP|REST|ZIP,false,false,transport-public-asset-batch-review,Books/Tables/Sources source/download record,[object Object],60,https://data.gov.ie/dataset/nta-gtfs,https://web.archive.org/web/*/https://data.gov.ie/dataset/nta-gtfs,pending-upload-or-linking,"current provider URL first, Wayback and IA mirror/link retained where available",,,,,false,,large-or-special-format-review: normal source package; no special-format hold | public-asset-batch-placement: publication policy assigned | source-page-and-ia-viewport-decision: publication policy assigned,,0,Batch public-asset layers by provider/topic; add as lower-priority map/source bundles after higher-value geography/election/census work.,"Use provider extent, geometry type, year, and existing Civgraph family as matching keys before creating new records.",,Browse/Books/Tables source record with IA hotlinked viewport/download.,"National Transport Authority | NTA GTFS | formats: CSV, CSV.ZIP, REST, ZIP | current URL: https://data.gov.ie/dataset/nta-gtfs | IA mirror/download link pending; do not expose local drive paths.",ready-for-approval,staged-only-not-published,metadata/source page,No runtime conversion required unless structured values are later extracted.
medium-prep:7-transport-roads-infrastructure-public-assets:ppa01-key-figures-for-penalty-point-endorsement-notices:02062,2063,"7. Transport, roads, infrastructure, public assets","Transport, roads, infrastructure, public assets",data.gov.ie,Department of Transport,tabular,PPA01 - Key Figures for Penalty Point Endorsement Notices,PPA01 - Key Figures for Penalty Point Endorsement Notices,ppa01-key-figures-for-penalty-point-endorsement-notices,Ireland / unspecified,transport-public-asset,road features,CSV|JSON-STAT|PX|XLSX,false,false,transport-public-asset-batch-review,Books/Tables/Sources source/download record,[object Object],60,https://data.gov.ie/dataset/ppa01-key-figures-for-penalty-point-endorsement-notices,https://web.archive.org/web/*/https://data.gov.ie/dataset/ppa01-key-figures-for-penalty-point-endorsement-notices,pending-upload-or-linking,"current provider URL first, Wayback and IA mirror/link retained where available",,,,,false,,public-asset-batch-placement: publication policy assigned | source-page-and-ia-viewport-decision: publication policy assigned,,0,Batch public-asset layers by provider/topic; add as lower-priority map/source bundles after higher-value geography/election/census work.,"Use provider extent, geometry type, year, and existing Civgraph family as matching keys before creating new records.",,Browse/Books/Tables source record with IA hotlinked viewport/download.,"Department of Transport | PPA01 - Key Figures for Penalty Point Endorsement Notices | formats: CSV, JSON-STAT, PX, XLSX | current URL: https://data.gov.ie/dataset/ppa01-key-figures-for-penalty-point-endorsement-notices | IA mirror/download link pending; do not expose local drive paths.",ready-for-approval,staged-only-not-published,metadata/source page,No runtime conversion required unless structured values are later extracted.
medium-prep:7-transport-roads-infrastructure-public-assets:ppm03-penalty-point-endorsement-notices-issued:02063,2064,"7. Transport, roads, infrastructure, public assets","Transport, roads, infrastructure, public assets",data.gov.ie,Department of Transport,tabular,PPM03 - Penalty Point Endorsement Notices Issued,PPM03 - Penalty Point Endorsement Notices Issued,ppm03-penalty-point-endorsement-notices-issued,Ireland / unspecified,transport-public-asset,road features,CSV|JSON-STAT|PX|XLSX,false,false,transport-public-asset-batch-review,Books/Tables/Sources source/download record,[object Object],60,https://data.gov.ie/dataset/ppm03-penalty-point-endorsement-notices-issued,https://web.archive.org/web/*/https://data.gov.ie/dataset/ppm03-penalty-point-endorsement-notices-issued,pending-upload-or-linking,"current provider URL first, Wayback and IA mirror/link retained where available",,,,,false,,public-asset-batch-placement: publication policy assigned | source-page-and-ia-viewport-decision: publication policy assigned,,0,Batch public-asset layers by provider/topic; add as lower-priority map/source bundles after higher-value geography/election/census work.,"Use provider extent, geometry type, year, and existing Civgraph family as matching keys before creating new records.",,Browse/Books/Tables source record with IA hotlinked viewport/download.,"Department of Transport | PPM03 - Penalty Point Endorsement Notices Issued | formats: CSV, JSON-STAT, PX, XLSX | current URL: https://data.gov.ie/dataset/ppm03-penalty-point-endorsement-notices-issued | IA mirror/download link pending; do not expose local drive paths.",ready-for-approval,staged-only-not-published,metadata/source page,No runtime conversion required unless structured values are later extracted.
medium-prep:7-transport-roads-infrastructure-public-assets:ppm04-penalty-point-endorsement-notices-issued:02064,2065,"7. Transport, roads, infrastructure, public assets","Transport, roads, infrastructure, public assets",data.gov.ie,Department of Transport,tabular,PPM04 - Penalty Point Endorsement Notices Issued,PPM04 - Penalty Point Endorsement Notices Issued,ppm04-penalty-point-endorsement-notices-issued,Ireland / unspecified,transport-public-asset,road features,CSV|JSON-STAT|PX|XLSX,false,false,transport-public-asset-batch-review,Books/Tables/Sources source/download record,[object Object],60,https://data.gov.ie/dataset/ppm04-penalty-point-endorsement-notices-issued,https://web.archive.org/web/*/https://data.gov.ie/dataset/ppm04-penalty-point-endorsement-notices-issued,pending-upload-or-linking,"current provider URL first, Wayback and IA mirror/link retained where available",,,,,false,,public-asset-batch-placement: publication policy assigned | source-page-and-ia-viewport-decision: publication policy assigned,,0,Batch public-asset layers by provider/topic; add as lower-priority map/source bundles after higher-value geography/election/census work.,"Use provider extent, geometry type, year, and existing Civgraph family as matching keys before creating new records.",,Browse/Books/Tables source record with IA hotlinked viewport/download.,"Department of Transport | PPM04 - Penalty Point Endorsement Notices Issued | formats: CSV, JSON-STAT, PX, XLSX | current URL: https://data.gov.ie/dataset/ppm04-penalty-point-endorsement-notices-issued | IA mirror/download link pending; do not expose local drive paths.",ready-for-approval,staged-only-not-published,metadata/source page,No runtime conversion required unless structured values are later extracted.
medium-prep:7-transport-roads-infrastructure-public-assets:ppm05-penalty-point-endorsement-notices-issued:02065,2066,"7. Transport, roads, infrastructure, public assets","Transport, roads, infrastructure, public assets",data.gov.ie,Department of Transport,tabular,PPM05 - Penalty Point Endorsement Notices Issued,PPM05 - Penalty Point Endorsement Notices Issued,ppm05-penalty-point-endorsement-notices-issued,Ireland / unspecified,transport-public-asset,road features,CSV|JSON-STAT|PX|XLSX,false,false,transport-public-asset-batch-review,Books/Tables/Sources source/download record,[object Object],60,https://data.gov.ie/dataset/ppm05-penalty-point-endorsement-notices-issued,https://web.archive.org/web/*/https://data.gov.ie/dataset/ppm05-penalty-point-endorsement-notices-issued,pending-upload-or-linking,"current provider URL first, Wayback and IA mirror/link retained where available",,,,,false,,public-asset-batch-placement: publication policy assigned | source-page-and-ia-viewport-decision: publication policy assigned,,0,Batch public-asset layers by provider/topic; add as lower-priority map/source bundles after higher-value geography/election/census work.,"Use provider extent, geometry type, year, and existing Civgraph family as matching keys before creating new records.",,Browse/Books/Tables source record with IA hotlinked viewport/download.,"Department of Transport | PPM05 - Penalty Point Endorsement Notices Issued | formats: CSV, JSON-STAT, PX, XLSX | current URL: https://data.gov.ie/dataset/ppm05-penalty-point-endorsement-notices-issued | IA mirror/download link pending; do not expose local drive paths.",ready-for-approval,staged-only-not-published,metadata/source page,No runtime conversion required unless structured values are later extracted.
medium-prep:7-transport-roads-infrastructure-public-assets:roa01-current-driving-licences:02066,2067,"7. Transport, roads, infrastructure, public assets","Transport, roads, infrastructure, public assets",data.gov.ie,Road Safety Authority,tabular,ROA01 - Current Driving Licences,ROA01 - Current Driving Licences,roa01-current-driving-licences,Ireland / unspecified,transport-public-asset,road features,CSV|JSON-STAT|PX|XLSX,false,false,transport-public-asset-batch-review,Books/Tables/Sources source/download record,[object Object],60,https://data.gov.ie/dataset/roa01-current-driving-licences,https://web.archive.org/web/*/https://data.gov.ie/dataset/roa01-current-driving-licences,pending-upload-or-linking,"current provider URL first, Wayback and IA mirror/link retained where available",,,,,false,,public-asset-batch-placement: publication policy assigned | source-page-and-ia-viewport-decision: publication policy assigned,,0,Batch public-asset layers by provider/topic; add as lower-priority map/source bundles after higher-value geography/election/census work.,"Use provider extent, geometry type, year, and existing Civgraph family as matching keys before creating new records.",,Browse/Books/Tables source record with IA hotlinked viewport/download.,"Road Safety Authority | ROA01 - Current Driving Licences | formats: CSV, JSON-STAT, PX, XLSX | current URL: https://data.gov.ie/dataset/roa01-current-driving-licences | IA mirror/download link pending; do not expose local drive paths.",ready-for-approval,staged-only-not-published,metadata/source page,No runtime conversion required unless structured values are later extracted.
medium-prep:7-transport-roads-infrastructure-public-assets:roa02-current-driving-licences:02067,2068,"7. Transport, roads, infrastructure, public assets","Transport, roads, infrastructure, public assets",data.gov.ie,Road Safety Authority,tabular,ROA02 - Current Driving Licences,ROA02 - Current Driving Licences,roa02-current-driving-licences,Ireland / unspecified,transport-public-asset,road features,CSV|JSON-STAT|PX|XLSX,false,false,transport-public-asset-batch-review,Books/Tables/Sources source/download record,[object Object],60,https://data.gov.ie/dataset/roa02-current-driving-licences,https://web.archive.org/web/*/https://data.gov.ie/dataset/roa02-current-driving-licences,pending-upload-or-linking,"current provider URL first, Wayback and IA mirror/link retained where available",,,,,false,,public-asset-batch-placement: publication policy assigned | source-page-and-ia-viewport-decision: publication policy assigned,,0,Batch public-asset layers by provider/topic; add as lower-priority map/source bundles after higher-value geography/election/census work.,"Use provider extent, geometry type, year, and existing Civgraph family as matching keys before creating new records.",,Browse/Books/Tables source record with IA hotlinked viewport/download.,"Road Safety Authority | ROA02 - Current Driving Licences | formats: CSV, JSON-STAT, PX, XLSX | current URL: https://data.gov.ie/dataset/roa02-current-driving-licences | IA mirror/download link pending; do not expose local drive paths.",ready-for-approval,staged-only-not-published,metadata/source page,No runtime conversion required unless structured values are later extracted.
medium-prep:7-transport-roads-infrastructure-public-assets:roa03-current-full-and-learner-permit-driving-licences:02068,2069,"7. Transport, roads, infrastructure, public assets","Transport, roads, infrastructure, public assets",data.gov.ie,Road Safety Authority,tabular,ROA03 - Current Full and Learner Permit Driving Licences,ROA03 - Current Full and Learner Permit Driving Licences,roa03-current-full-and-learner-permit-driving-licences,Ireland / unspecified,transport-public-asset,road features,CSV|JSON-STAT|PX|XLSX,false,false,transport-public-asset-batch-review,Books/Tables/Sources source/download record,[object Object],60,https://data.gov.ie/dataset/roa03-current-full-and-learner-permit-driving-licences,https://web.archive.org/web/*/https://data.gov.ie/dataset/roa03-current-full-and-learner-permit-driving-licences,pending-upload-or-linking,"current provider URL first, Wayback and IA mirror/link retained where available",,,,,false,,public-asset-batch-placement: publication policy assigned | source-page-and-ia-viewport-decision: publication policy assigned,,0,Batch public-asset layers by provider/topic; add as lower-priority map/source bundles after higher-value geography/election/census work.,"Use provider extent, geometry type, year, and existing Civgraph family as matching keys before creating new records.",,Browse/Books/Tables source record with IA hotlinked viewport/download.,"Road Safety Authority | ROA03 - Current Full and Learner Permit Driving Licences | formats: CSV, JSON-STAT, PX, XLSX | current URL: https://data.gov.ie/dataset/roa03-current-full-and-learner-permit-driving-licences | IA mirror/download link pending; do not expose local drive paths.",ready-for-approval,staged-only-not-published,metadata/source page,No runtime conversion required unless structured values are later extracted.
medium-prep:7-transport-roads-infrastructure-public-assets:roa20-traffic-collisions-and-casualties:02069,2070,"7. Transport, roads, infrastructure, public assets","Transport, roads, infrastructure, public assets",data.gov.ie,Road Safety Authority,tabular,ROA20 - Traffic Collisions and Casualties,ROA20 - Traffic Collisions and Casualties,roa20-traffic-collisions-and-casualties,Ireland / unspecified,transport-public-asset,road features,CSV|JSON-STAT|PX|XLSX,false,false,transport-public-asset-batch-review,Books/Tables/Sources source/download record,[object Object],60,https://data.gov.ie/dataset/roa20-traffic-collisions-and-casualties,https://web.archive.org/web/*/https://data.gov.ie/dataset/roa20-traffic-collisions-and-casualties,pending-upload-or-linking,"current provider URL first, Wayback and IA mirror/link retained where available",,,,,false,,public-asset-batch-placement: publication policy assigned | source-page-and-ia-viewport-decision: publication policy assigned,,0,Batch public-asset layers by provider/topic; add as lower-priority map/source bundles after higher-value geography/election/census work.,"Use provider extent, geometry type, year, and existing Civgraph family as matching keys before creating new records.",,Browse/Books/Tables source record with IA hotlinked viewport/download.,"Road Safety Authority | ROA20 - Traffic Collisions and Casualties | formats: CSV, JSON-STAT, PX, XLSX | current URL: https://data.gov.ie/dataset/roa20-traffic-collisions-and-casualties | IA mirror/download link pending; do not expose local drive paths.",ready-for-approval,staged-only-not-published,metadata/source page,No runtime conversion required unless structured values are later extracted.
medium-prep:7-transport-roads-infrastructure-public-assets:roads-rainfall-data:02072,2073,"7. Transport, roads, infrastructure, public assets","Transport, roads, infrastructure, public assets",data.gov.ie,Met Éireann,tabular,Roads Rainfall Data,Roads Rainfall Data,roads-rainfall-data,Ireland / unspecified,transport-public-asset,road features,CSV|TXT,false,false,transport-public-asset-batch-review,Books/Tables/Sources source/download record,[object Object],60,https://data.gov.ie/dataset/roads-rainfall-data,https://web.archive.org/web/*/https://data.gov.ie/dataset/roads-rainfall-data,pending-upload-or-linking,"current provider URL first, Wayback and IA mirror/link retained where available",,,,,false,,public-asset-batch-placement: publication policy assigned | source-page-and-ia-viewport-decision: publication policy assigned,,0,Batch public-asset layers by provider/topic; add as lower-priority map/source bundles after higher-value geography/election/census work.,"Use provider extent, geometry type, year, and existing Civgraph family as matching keys before creating new records.",,Browse/Books/Tables source record with IA hotlinked viewport/download.,"Met Éireann | Roads Rainfall Data | formats: CSV, TXT | current URL: https://data.gov.ie/dataset/roads-rainfall-data | IA mirror/download link pending; do not expose local drive paths.",ready-for-approval,staged-only-not-published,metadata/source page,No runtime conversion required unless structured values are later extracted.
medium-prep:7-transport-roads-infrastructure-public-assets:roscrea-new-road-rainfall-data:02073,2074,"7. Transport, roads, infrastructure, public assets","Transport, roads, infrastructure, public assets",data.gov.ie,Met Éireann,tabular,Roscrea (New Road) Rainfall Data,Roscrea (New Road) Rainfall Data,roscrea-new-road-rainfall-data,Ireland / unspecified,transport-public-asset,road features,CSV|TXT,false,false,transport-public-asset-batch-review,Books/Tables/Sources source/download record,[object Object],60,https://data.gov.ie/dataset/roscrea-new-road-rainfall-data,https://web.archive.org/web/*/https://data.gov.ie/dataset/roscrea-new-road-rainfall-data,pending-upload-or-linking,"current provider URL first, Wayback and IA mirror/link retained where available",,,,,false,,public-asset-batch-placement: publication policy assigned | source-page-and-ia-viewport-decision: publication policy assigned,,0,Batch public-asset layers by provider/topic; add as lower-priority map/source bundles after higher-value geography/election/census work.,"Use provider extent, geometry type, year, and existing Civgraph family as matching keys before creating new records.",,Browse/Books/Tables source record with IA hotlinked viewport/download.,"Met Éireann | Roscrea (New Road) Rainfall Data | formats: CSV, TXT | current URL: https://data.gov.ie/dataset/roscrea-new-road-rainfall-data | IA mirror/download link pending; do not expose local drive paths.",ready-for-approval,staged-only-not-published,metadata/source page,No runtime conversion required unless structured values are later extracted.
medium-prep:7-transport-roads-infrastructure-public-assets:tea11-mechanically-propelled-vehicles-under-current-licence:02074,2075,"7. Transport, roads, infrastructure, public assets","Transport, roads, infrastructure, public assets",data.gov.ie,Department of Transport,tabular,TEA11 - Mechanically Propelled Vehicles under Current Licence,TEA11 - Mechanically Propelled Vehicles under Current Licence,tea11-mechanically-propelled-vehicles-under-current-licence,Ireland / unspecified,transport-public-asset,road features,CSV|JSON-STAT|PX|XLSX,false,false,transport-public-asset-batch-review,Books/Tables/Sources source/download record,[object Object],60,https://data.gov.ie/dataset/tea11-mechanically-propelled-vehicles-under-current-licence,https://web.archive.org/web/*/https://data.gov.ie/dataset/tea11-mechanically-propelled-vehicles-under-current-licence,pending-upload-or-linking,"current provider URL first, Wayback and IA mirror/link retained where available",,,,,false,,public-asset-batch-placement: publication policy assigned | source-page-and-ia-viewport-decision: publication policy assigned,,0,Batch public-asset layers by provider/topic; add as lower-priority map/source bundles after higher-value geography/election/census work.,"Use provider extent, geometry type, year, and existing Civgraph family as matching keys before creating new records.",,Browse/Books/Tables source record with IA hotlinked viewport/download.,"Department of Transport | TEA11 - Mechanically Propelled Vehicles under Current Licence | formats: CSV, JSON-STAT, PX, XLSX | current URL: https://data.gov.ie/dataset/tea11-mechanically-propelled-vehicles-under-current-licence | IA mirror/download link pending; do not expose local drive paths.",ready-for-approval,staged-only-not-published,metadata/source page,No runtime conversion required unless structured values are later extracted.
medium-prep:7-transport-roads-infrastructure-public-assets:tha21-average-weekly-volume-of-cars-for-selected-traffic-count-sites:02075,2076,"7. Transport, roads, infrastructure, public assets","Transport, roads, infrastructure, public assets",data.gov.ie,Transport Infrastructure Ireland,tabular,THA21 - Average weekly volume of cars for selected traffic count sites,THA21 - Average weekly volume of cars for selected traffic count sites,tha21-average-weekly-volume-of-cars-for-selected-traffic-count-sites,Republic of Ireland,transport-public-asset,road features,CSV|JSON-STAT|PX|XLSX,false,false,transport-public-asset-batch-review,Books/Tables/Sources source/download record,[object Object],60,https://data.gov.ie/dataset/tha21-average-weekly-volume-of-cars-for-selected-traffic-count-sites,https://web.archive.org/web/*/https://data.gov.ie/dataset/tha21-average-weekly-volume-of-cars-for-selected-traffic-count-sites,pending-upload-or-linking,"current provider URL first, Wayback and IA mirror/link retained where available",,,,,false,,public-asset-batch-placement: publication policy assigned | source-page-and-ia-viewport-decision: publication policy assigned,,0,Batch public-asset layers by provider/topic; add as lower-priority map/source bundles after higher-value geography/election/census work.,"Use provider extent, geometry type, year, and existing Civgraph family as matching keys before creating new records.",,Browse/Books/Tables source record with IA hotlinked viewport/download.,"Transport Infrastructure Ireland | THA21 - Average weekly volume of cars for selected traffic count sites | formats: CSV, JSON-STAT, PX, XLSX | current URL: https://data.gov.ie/dataset/tha21-average-weekly-volume-of-cars-for-selected-traffic-count-sites | IA mirror/download link pending; do not expose local drive paths.",ready-for-approval,staged-only-not-published,metadata/source page,No runtime conversion required unless structured values are later extracted.
medium-prep:7-transport-roads-infrastructure-public-assets:tha22-average-weekly-volume-of-heavy-goods-vehicles-for-selected-traffic-count-sites:02076,2077,"7. Transport, roads, infrastructure, public assets","Transport, roads, infrastructure, public assets",data.gov.ie,Transport Infrastructure Ireland,tabular,THA22 - Average weekly volume of heavy goods vehicles for selected traffic count sites,THA22 - Average weekly volume of heavy goods vehicles for selected traffic count sites,tha22-average-weekly-volume-of-heavy-goods-vehicles-for-selected-traffic-count-sites,Republic of Ireland,transport-public-asset,road features,CSV|JSON-STAT|PX|XLSX,false,false,transport-public-asset-batch-review,Books/Tables/Sources source/download record,[object Object],60,https://data.gov.ie/dataset/tha22-average-weekly-volume-of-heavy-goods-vehicles-for-selected-traffic-count-sites,https://web.archive.org/web/*/https://data.gov.ie/dataset/tha22-average-weekly-volume-of-heavy-goods-vehicles-for-selected-traffic-count-sites,pending-upload-or-linking,"current provider URL first, Wayback and IA mirror/link retained where available",,,,,false,,public-asset-batch-placement: publication policy assigned | source-page-and-ia-viewport-decision: publication policy assigned,,0,Batch public-asset layers by provider/topic; add as lower-priority map/source bundles after higher-value geography/election/census work.,"Use provider extent, geometry type, year, and existing Civgraph family as matching keys before creating new records.",,Browse/Books/Tables source record with IA hotlinked viewport/download.,"Transport Infrastructure Ireland | THA22 - Average weekly volume of heavy goods vehicles for selected traffic count sites | formats: CSV, JSON-STAT, PX, XLSX | current URL: https://data.gov.ie/dataset/tha22-average-weekly-volume-of-heavy-goods-vehicles-for-selected-traffic-count-sites | IA mirror/download link pending; do not expose local drive paths.",ready-for-approval,staged-only-not-published,metadata/source page,No runtime conversion required unless structured values are later extracted.
medium-prep:7-transport-roads-infrastructure-public-assets:tha24-passenger-journeys-by-public-transport:02077,2078,"7. Transport, roads, infrastructure, public assets","Transport, roads, infrastructure, public assets",data.gov.ie,National Transport Authority,tabular,THA24 - Passenger Journeys by Public Transport,THA24 - Passenger Journeys by Public Transport,tha24-passenger-journeys-by-public-transport,Ireland / unspecified,transport-public-asset,road features,CSV|JSON-STAT|PX|XLSX,false,false,transport-public-asset-batch-review,Books/Tables/Sources source/download record,[object Object],60,https://data.gov.ie/dataset/tha24-passenger-journeys-by-public-transport,https://web.archive.org/web/*/https://data.gov.ie/dataset/tha24-passenger-journeys-by-public-transport,pending-upload-or-linking,"current provider URL first, Wayback and IA mirror/link retained where available",,,,,false,,public-asset-batch-placement: publication policy assigned | source-page-and-ia-viewport-decision: publication policy assigned,,0,Batch public-asset layers by provider/topic; add as lower-priority map/source bundles after higher-value geography/election/census work.,"Use provider extent, geometry type, year, and existing Civgraph family as matching keys before creating new records.",,Browse/Books/Tables source record with IA hotlinked viewport/download.,"National Transport Authority | THA24 - Passenger Journeys by Public Transport | formats: CSV, JSON-STAT, PX, XLSX | current URL: https://data.gov.ie/dataset/tha24-passenger-journeys-by-public-transport | IA mirror/download link pending; do not expose local drive paths.",ready-for-approval,staged-only-not-published,metadata/source page,No runtime conversion required unless structured values are later extracted.
medium-prep:7-transport-roads-infrastructure-public-assets:tha25-passenger-journeys-by-public-transport:02078,2079,"7. Transport, roads, infrastructure, public assets","Transport, roads, infrastructure, public assets",data.gov.ie,National Transport Authority,tabular,THA25 - Passenger Journeys by Public Transport,THA25 - Passenger Journeys by Public Transport,tha25-passenger-journeys-by-public-transport,Ireland / unspecified,transport-public-asset,road features,CSV|JSON-STAT|PX|XLSX,false,false,transport-public-asset-batch-review,Books/Tables/Sources source/download record,[object Object],60,https://data.gov.ie/dataset/tha25-passenger-journeys-by-public-transport,https://web.archive.org/web/*/https://data.gov.ie/dataset/tha25-passenger-journeys-by-public-transport,pending-upload-or-linking,"current provider URL first, Wayback and IA mirror/link retained where available",,,,,false,,public-asset-batch-placement: publication policy assigned | source-page-and-ia-viewport-decision: publication policy assigned,,0,Batch public-asset layers by provider/topic; add as lower-priority map/source bundles after higher-value geography/election/census work.,"Use provider extent, geometry type, year, and existing Civgraph family as matching keys before creating new records.",,Browse/Books/Tables source record with IA hotlinked viewport/download.,"National Transport Authority | THA25 - Passenger Journeys by Public Transport | formats: CSV, JSON-STAT, PX, XLSX | current URL: https://data.gov.ie/dataset/tha25-passenger-journeys-by-public-transport | IA mirror/download link pending; do not expose local drive paths.",ready-for-approval,staged-only-not-published,metadata/source page,No runtime conversion required unless structured values are later extracted.
medium-prep:7-transport-roads-infrastructure-public-assets:tii01-passenger-journeys-by-luas:02079,2080,"7. Transport, roads, infrastructure, public assets","Transport, roads, infrastructure, public assets",data.gov.ie,Transport Infrastructure Ireland,tabular,TII01 - Passenger Journeys by Luas,TII01 - Passenger Journeys by Luas,tii01-passenger-journeys-by-luas,Republic of Ireland,transport-public-asset,road features,CSV|JSON-STAT|PX|XLSX,false,false,transport-public-asset-batch-review,Books/Tables/Sources source/download record,[object Object],60,https://data.gov.ie/dataset/tii01-passenger-journeys-by-luas,https://web.archive.org/web/*/https://data.gov.ie/dataset/tii01-passenger-journeys-by-luas,pending-upload-or-linking,"current provider URL first, Wayback and IA mirror/link retained where available",,,,,false,,public-asset-batch-placement: publication policy assigned | source-page-and-ia-viewport-decision: publication policy assigned,,0,Batch public-asset layers by provider/topic; add as lower-priority map/source bundles after higher-value geography/election/census work.,"Use provider extent, geometry type, year, and existing Civgraph family as matching keys before creating new records.",,Browse/Books/Tables source record with IA hotlinked viewport/download.,"Transport Infrastructure Ireland | TII01 - Passenger Journeys by Luas | formats: CSV, JSON-STAT, PX, XLSX | current URL: https://data.gov.ie/dataset/tii01-passenger-journeys-by-luas | IA mirror/download link pending; do not expose local drive paths.",ready-for-approval,staged-only-not-published,metadata/source page,No runtime conversion required unless structured values are later extracted.
medium-prep:7-transport-roads-infrastructure-public-assets:tii03-passenger-journeys-by-luas:02080,2081,"7. Transport, roads, infrastructure, public assets","Transport, roads, infrastructure, public assets",data.gov.ie,Transport Infrastructure Ireland,tabular,TII03 - Passenger Journeys by Luas,TII03 - Passenger Journeys by Luas,tii03-passenger-journeys-by-luas,Republic of Ireland,transport-public-asset,road features,CSV|JSON-STAT|PX|XLSX,false,false,transport-public-asset-batch-review,Books/Tables/Sources source/download record,[object Object],60,https://data.gov.ie/dataset/tii03-passenger-journeys-by-luas,https://web.archive.org/web/*/https://data.gov.ie/dataset/tii03-passenger-journeys-by-luas,pending-upload-or-linking,"current provider URL first, Wayback and IA mirror/link retained where available",,,,,false,,public-asset-batch-placement: publication policy assigned | source-page-and-ia-viewport-decision: publication policy assigned,,0,Batch public-asset layers by provider/topic; add as lower-priority map/source bundles after higher-value geography/election/census work.,"Use provider extent, geometry type, year, and existing Civgraph family as matching keys before creating new records.",,Browse/Books/Tables source record with IA hotlinked viewport/download.,"Transport Infrastructure Ireland | TII03 - Passenger Journeys by Luas | formats: CSV, JSON-STAT, PX, XLSX | current URL: https://data.gov.ie/dataset/tii03-passenger-journeys-by-luas | IA mirror/download link pending; do not expose local drive paths.",ready-for-approval,staged-only-not-published,metadata/source page,No runtime conversion required unless structured values are later extracted.
medium-prep:7-transport-roads-infrastructure-public-assets:toa01-small-public-service-vehicles:02081,2082,"7. Transport, roads, infrastructure, public assets","Transport, roads, infrastructure, public assets",data.gov.ie,National Transport Authority,tabular,TOA01 - Small Public Service Vehicles,TOA01 - Small Public Service Vehicles,toa01-small-public-service-vehicles,Ireland / unspecified,transport-public-asset,road features,CSV|JSON-STAT|PX|XLSX,false,false,transport-public-asset-batch-review,Books/Tables/Sources source/download record,[object Object],60,https://data.gov.ie/dataset/toa01-small-public-service-vehicles,https://web.archive.org/web/*/https://data.gov.ie/dataset/toa01-small-public-service-vehicles,pending-upload-or-linking,"current provider URL first, Wayback and IA mirror/link retained where available",,,,,false,,public-asset-batch-placement: publication policy assigned | source-page-and-ia-viewport-decision: publication policy assigned,,0,Batch public-asset layers by provider/topic; add as lower-priority map/source bundles after higher-value geography/election/census work.,"Use provider extent, geometry type, year, and existing Civgraph family as matching keys before creating new records.",,Browse/Books/Tables source record with IA hotlinked viewport/download.,"National Transport Authority | TOA01 - Small Public Service Vehicles | formats: CSV, JSON-STAT, PX, XLSX | current URL: https://data.gov.ie/dataset/toa01-small-public-service-vehicles | IA mirror/download link pending; do not expose local drive paths.",ready-for-approval,staged-only-not-published,metadata/source page,No runtime conversion required unless structured values are later extracted.
medium-prep:7-transport-roads-infrastructure-public-assets:toa01-small-public-service-vehicles-by-type-and-manufacturer:02082,2083,"7. Transport, roads, infrastructure, public assets","Transport, roads, infrastructure, public assets",data.gov.ie,National Transport Authority,tabular,TOA01 - Small public service vehicles by type and manufacturer,TOA01 - Small public service vehicles by type and manufacturer,toa01-small-public-service-vehicles-by-type-and-manufacturer,Ireland / unspecified,transport-public-asset,road features,CSV|JSON-STAT|PX|XLSX,false,false,transport-public-asset-batch-review,Books/Tables/Sources source/download record,[object Object],60,https://data.gov.ie/dataset/toa01-small-public-service-vehicles-by-type-and-manufacturer,https://web.archive.org/web/*/https://data.gov.ie/dataset/toa01-small-public-service-vehicles-by-type-and-manufacturer,pending-upload-or-linking,"current provider URL first, Wayback and IA mirror/link retained where available",,,,,false,,public-asset-batch-placement: publication policy assigned | source-page-and-ia-viewport-decision: publication policy assigned,,0,Batch public-asset layers by provider/topic; add as lower-priority map/source bundles after higher-value geography/election/census work.,"Use provider extent, geometry type, year, and existing Civgraph family as matching keys before creating new records.",,Browse/Books/Tables source record with IA hotlinked viewport/download.,"National Transport Authority | TOA01 - Small public service vehicles by type and manufacturer | formats: CSV, JSON-STAT, PX, XLSX | current URL: https://data.gov.ie/dataset/toa01-small-public-service-vehicles-by-type-and-manufacturer | IA mirror/download link pending; do not expose local drive paths.",ready-for-approval,staged-only-not-published,metadata/source page,No runtime conversion required unless structured values are later extracted.
medium-prep:7-transport-roads-infrastructure-public-assets:toa02-average-weekly-flow-of-luas-passengers:02083,2084,"7. Transport, roads, infrastructure, public assets","Transport, roads, infrastructure, public assets",data.gov.ie,Transport Infrastructure Ireland,tabular,TOA02 - Average weekly flow of Luas passengers,TOA02 - Average weekly flow of Luas passengers,toa02-average-weekly-flow-of-luas-passengers,Republic of Ireland,transport-public-asset,road features,CSV|JSON-STAT|PX|XLSX,false,false,transport-public-asset-batch-review,Books/Tables/Sources source/download record,[object Object],60,https://data.gov.ie/dataset/toa02-average-weekly-flow-of-luas-passengers,https://web.archive.org/web/*/https://data.gov.ie/dataset/toa02-average-weekly-flow-of-luas-passengers,pending-upload-or-linking,"current provider URL first, Wayback and IA mirror/link retained where available",,,,,false,,public-asset-batch-placement: publication policy assigned | source-page-and-ia-viewport-decision: publication policy assigned,,0,Batch public-asset layers by provider/topic; add as lower-priority map/source bundles after higher-value geography/election/census work.,"Use provider extent, geometry type, year, and existing Civgraph family as matching keys before creating new records.",,Browse/Books/Tables source record with IA hotlinked viewport/download.,"Transport Infrastructure Ireland | TOA02 - Average weekly flow of Luas passengers | formats: CSV, JSON-STAT, PX, XLSX | current URL: https://data.gov.ie/dataset/toa02-average-weekly-flow-of-luas-passengers | IA mirror/download link pending; do not expose local drive paths.",ready-for-approval,staged-only-not-published,metadata/source page,No runtime conversion required unless structured values are later extracted.
medium-prep:7-transport-roads-infrastructure-public-assets:toa03-small-public-service-vehicles:02084,2085,"7. Transport, roads, infrastructure, public assets","Transport, roads, infrastructure, public assets",data.gov.ie,National Transport Authority,tabular,TOA03 - Small Public Service Vehicles,TOA03 - Small Public Service Vehicles,toa03-small-public-service-vehicles,Ireland / unspecified,transport-public-asset,road features,CSV|JSON-STAT|PX|XLSX,false,false,transport-public-asset-batch-review,Books/Tables/Sources source/download record,[object Object],60,https://data.gov.ie/dataset/toa03-small-public-service-vehicles,https://web.archive.org/web/*/https://data.gov.ie/dataset/toa03-small-public-service-vehicles,pending-upload-or-linking,"current provider URL first, Wayback and IA mirror/link retained where available",,,,,false,,public-asset-batch-placement: publication policy assigned | source-page-and-ia-viewport-decision: publication policy assigned,,0,Batch public-asset layers by provider/topic; add as lower-priority map/source bundles after higher-value geography/election/census work.,"Use provider extent, geometry type, year, and existing Civgraph family as matching keys before creating new records.",,Browse/Books/Tables source record with IA hotlinked viewport/download.,"National Transport Authority | TOA03 - Small Public Service Vehicles | formats: CSV, JSON-STAT, PX, XLSX | current URL: https://data.gov.ie/dataset/toa03-small-public-service-vehicles | IA mirror/download link pending; do not expose local drive paths.",ready-for-approval,staged-only-not-published,metadata/source page,No runtime conversion required unless structured values are later extracted.
medium-prep:7-transport-roads-infrastructure-public-assets:toa05-age-profile-of-small-public-service-vehicle-fleet:02085,2086,"7. Transport, roads, infrastructure, public assets","Transport, roads, infrastructure, public assets",data.gov.ie,National Transport Authority,tabular,TOA05 - Age profile of small public service vehicle fleet,TOA05 - Age profile of small public service vehicle fleet,toa05-age-profile-of-small-public-service-vehicle-fleet,Ireland / unspecified,transport-public-asset,road features,CSV|JSON-STAT|PX|XLSX,false,false,transport-public-asset-batch-review,Books/Tables/Sources source/download record,[object Object],60,https://data.gov.ie/dataset/toa05-age-profile-of-small-public-service-vehicle-fleet,https://web.archive.org/web/*/https://data.gov.ie/dataset/toa05-age-profile-of-small-public-service-vehicle-fleet,pending-upload-or-linking,"current provider URL first, Wayback and IA mirror/link retained where available",,,,,false,,public-asset-batch-placement: publication policy assigned | source-page-and-ia-viewport-decision: publication policy assigned,,0,Batch public-asset layers by provider/topic; add as lower-priority map/source bundles after higher-value geography/election/census work.,"Use provider extent, geometry type, year, and existing Civgraph family as matching keys before creating new records.",,Browse/Books/Tables source record with IA hotlinked viewport/download.,"National Transport Authority | TOA05 - Age profile of small public service vehicle fleet | formats: CSV, JSON-STAT, PX, XLSX | current URL: https://data.gov.ie/dataset/toa05-age-profile-of-small-public-service-vehicle-fleet | IA mirror/download link pending; do not expose local drive paths.",ready-for-approval,staged-only-not-published,metadata/source page,No runtime conversion required unless structured values are later extracted.
medium-prep:7-transport-roads-infrastructure-public-assets:toa06-small-public-service-vehicles-by-type:02086,2087,"7. Transport, roads, infrastructure, public assets","Transport, roads, infrastructure, public assets",data.gov.ie,National Transport Authority,tabular,TOA06 - Small public service vehicles by type,TOA06 - Small public service vehicles by type,toa06-small-public-service-vehicles-by-type,Ireland / unspecified,transport-public-asset,road features,CSV|JSON-STAT|PX|XLSX,false,false,transport-public-asset-batch-review,Books/Tables/Sources source/download record,[object Object],60,https://data.gov.ie/dataset/toa06-small-public-service-vehicles-by-type,https://web.archive.org/web/*/https://data.gov.ie/dataset/toa06-small-public-service-vehicles-by-type,pending-upload-or-linking,"current provider URL first, Wayback and IA mirror/link retained where available",,,,,false,,public-asset-batch-placement: publication policy assigned | source-page-and-ia-viewport-decision: publication policy assigned,,0,Batch public-asset layers by provider/topic; add as lower-priority map/source bundles after higher-value geography/election/census work.,"Use provider extent, geometry type, year, and existing Civgraph family as matching keys before creating new records.",,Browse/Books/Tables source record with IA hotlinked viewport/download.,"National Transport Authority | TOA06 - Small public service vehicles by type | formats: CSV, JSON-STAT, PX, XLSX | current URL: https://data.gov.ie/dataset/toa06-small-public-service-vehicles-by-type | IA mirror/download link pending; do not expose local drive paths.",ready-for-approval,staged-only-not-published,metadata/source page,No runtime conversion required unless structured values are later extracted.
medium-prep:7-transport-roads-infrastructure-public-assets:toa10-luas-infrastructure:02088,2089,"7. Transport, roads, infrastructure, public assets","Transport, roads, infrastructure, public assets",data.gov.ie,Transport Infrastructure Ireland,tabular,TOA10 - Luas infrastructure,TOA10 - Luas infrastructure,toa10-luas-infrastructure,Republic of Ireland,transport-public-asset,road features,CSV|JSON-STAT|PX|XLSX,false,false,transport-public-asset-batch-review,Books/Tables/Sources source/download record,[object Object],60,https://data.gov.ie/dataset/toa10-luas-infrastructure,https://web.archive.org/web/*/https://data.gov.ie/dataset/toa10-luas-infrastructure,pending-upload-or-linking,"current provider URL first, Wayback and IA mirror/link retained where available",,,,,false,,public-asset-batch-placement: publication policy assigned | source-page-and-ia-viewport-decision: publication policy assigned,,0,Batch public-asset layers by provider/topic; add as lower-priority map/source bundles after higher-value geography/election/census work.,"Use provider extent, geometry type, year, and existing Civgraph family as matching keys before creating new records.",,Browse/Books/Tables source record with IA hotlinked viewport/download.,"Transport Infrastructure Ireland | TOA10 - Luas infrastructure | formats: CSV, JSON-STAT, PX, XLSX | current URL: https://data.gov.ie/dataset/toa10-luas-infrastructure | IA mirror/download link pending; do not expose local drive paths.",ready-for-approval,staged-only-not-published,metadata/source page,No runtime conversion required unless structured values are later extracted.
medium-prep:7-transport-roads-infrastructure-public-assets:toa11-luas-passenger-numbers:02089,2090,"7. Transport, roads, infrastructure, public assets","Transport, roads, infrastructure, public assets",data.gov.ie,Transport Infrastructure Ireland,tabular,TOA11 - Luas Passenger Numbers,TOA11 - Luas Passenger Numbers,toa11-luas-passenger-numbers,Republic of Ireland,transport-public-asset,road features,CSV|JSON-STAT|PX|XLSX,false,false,transport-public-asset-batch-review,Books/Tables/Sources source/download record,[object Object],60,https://data.gov.ie/dataset/toa11-luas-passenger-numbers,https://web.archive.org/web/*/https://data.gov.ie/dataset/toa11-luas-passenger-numbers,pending-upload-or-linking,"current provider URL first, Wayback and IA mirror/link retained where available",,,,,false,,public-asset-batch-placement: publication policy assigned | source-page-and-ia-viewport-decision: publication policy assigned,,0,Batch public-asset layers by provider/topic; add as lower-priority map/source bundles after higher-value geography/election/census work.,"Use provider extent, geometry type, year, and existing Civgraph family as matching keys before creating new records.",,Browse/Books/Tables source record with IA hotlinked viewport/download.,"Transport Infrastructure Ireland | TOA11 - Luas Passenger Numbers | formats: CSV, JSON-STAT, PX, XLSX | current URL: https://data.gov.ie/dataset/toa11-luas-passenger-numbers | IA mirror/download link pending; do not expose local drive paths.",ready-for-approval,staged-only-not-published,metadata/source page,No runtime conversion required unless structured values are later extracted.
medium-prep:7-transport-roads-infrastructure-public-assets:toa22-bicycle-sharing-scheme-data:02090,2091,"7. Transport, roads, infrastructure, public assets","Transport, roads, infrastructure, public assets",data.gov.ie,National Transport Authority,tabular,TOA22 - Bicycle sharing scheme data,TOA22 - Bicycle sharing scheme data,toa22-bicycle-sharing-scheme-data,Ireland / unspecified,transport-public-asset,road features,CSV|JSON-STAT|PX|XLSX,false,false,transport-public-asset-batch-review,Books/Tables/Sources source/download record,[object Object],60,https://data.gov.ie/dataset/toa22-bicycle-sharing-scheme-data,https://web.archive.org/web/*/https://data.gov.ie/dataset/toa22-bicycle-sharing-scheme-data,pending-upload-or-linking,"current provider URL first, Wayback and IA mirror/link retained where available",,,,,false,,public-asset-batch-placement: publication policy assigned | source-page-and-ia-viewport-decision: publication policy assigned,,0,Batch public-asset layers by provider/topic; add as lower-priority map/source bundles after higher-value geography/election/census work.,"Use provider extent, geometry type, year, and existing Civgraph family as matching keys before creating new records.",,Browse/Books/Tables source record with IA hotlinked viewport/download.,"National Transport Authority | TOA22 - Bicycle sharing scheme data | formats: CSV, JSON-STAT, PX, XLSX | current URL: https://data.gov.ie/dataset/toa22-bicycle-sharing-scheme-data | IA mirror/download link pending; do not expose local drive paths.",ready-for-approval,staged-only-not-published,metadata/source page,No runtime conversion required unless structured values are later extracted.
medium-prep:7-transport-roads-infrastructure-public-assets:traffic-counter-data:02091,2092,"7. Transport, roads, infrastructure, public assets","Transport, roads, infrastructure, public assets",data.gov.ie,Transport Infrastructure Ireland,tabular,traffic-counter-data,traffic-counter-data,traffic-counter-data,Republic of Ireland,transport-public-asset,road features,ASP|XLS|XLSX,false,false,transport-public-asset-batch-review,Books/Tables/Sources source/download record,[object Object],60,https://data.gov.ie/dataset/traffic-counter-data,https://web.archive.org/web/*/https://data.gov.ie/dataset/traffic-counter-data,pending-upload-or-linking,"current provider URL first, Wayback and IA mirror/link retained where available",,,,,false,,public-asset-batch-placement: publication policy assigned | source-page-and-ia-viewport-decision: publication policy assigned,,0,Batch public-asset layers by provider/topic; add as lower-priority map/source bundles after higher-value geography/election/census work.,"Use provider extent, geometry type, year, and existing Civgraph family as matching keys before creating new records.",,Browse/Books/Tables source record with IA hotlinked viewport/download.,"Transport Infrastructure Ireland | traffic-counter-data | formats: ASP, XLS, XLSX | current URL: https://data.gov.ie/dataset/traffic-counter-data | IA mirror/download link pending; do not expose local drive paths.",ready-for-approval,staged-only-not-published,metadata/source page,No runtime conversion required unless structured values are later extracted.
medium-prep:7-transport-roads-infrastructure-public-assets:transport-operator-vdv-452-data:02092,2093,"7. Transport, roads, infrastructure, public assets","Transport, roads, infrastructure, public assets",data.gov.ie,National Transport Authority,tabular,Transport Operator VDV 452 Data,Transport Operator VDV 452 Data,transport-operator-vdv-452-data,Ireland / unspecified,transport-public-asset,road features,X10,false,false,transport-public-asset-batch-review,Books/Tables/Sources source/download record,[object Object],60,https://data.gov.ie/dataset/transport-operator-vdv-452-data,https://web.archive.org/web/*/https://data.gov.ie/dataset/transport-operator-vdv-452-data,pending-upload-or-linking,"current provider URL first, Wayback and IA mirror/link retained where available",,,,,false,,public-asset-batch-placement: publication policy assigned,duplicate-or-variant-review: no existing match candidate,1,Compare provider/date/scale/generalisation/schema; publish only as variant/child/source if materially different.,"Use provider extent, geometry type, year, and existing Civgraph family as matching keys before creating new records.",,Browse/source/table record unless there is clear interactive map or query use.,National Transport Authority | Transport Operator VDV 452 Data | formats: X10 | current URL: https://data.gov.ie/dataset/transport-operator-vdv-452-data | IA mirror/download link pending; do not expose local drive paths.,ready-with-residual-review,staged-only-not-published,metadata/source page,No runtime conversion required unless structured values are later extracted.
medium-prep:7-transport-roads-infrastructure-public-assets:tta01-mechanically-propelled-vehicles-under-licence:02093,2094,"7. Transport, roads, infrastructure, public assets","Transport, roads, infrastructure, public assets",data.gov.ie,Department of Transport,tabular,TTA01 - Mechanically Propelled Vehicles Under Licence,TTA01 - Mechanically Propelled Vehicles Under Licence,tta01-mechanically-propelled-vehicles-under-licence,Ireland / unspecified,transport-public-asset,road features,CSV|JSON-STAT|PX|XLSX,false,false,transport-public-asset-batch-review,Books/Tables/Sources source/download record,[object Object],60,https://data.gov.ie/dataset/tta01-mechanically-propelled-vehicles-under-licence,https://web.archive.org/web/*/https://data.gov.ie/dataset/tta01-mechanically-propelled-vehicles-under-licence,pending-upload-or-linking,"current provider URL first, Wayback and IA mirror/link retained where available",,,,,false,,public-asset-batch-placement: publication policy assigned | source-page-and-ia-viewport-decision: publication policy assigned,,0,Batch public-asset layers by provider/topic; add as lower-priority map/source bundles after higher-value geography/election/census work.,"Use provider extent, geometry type, year, and existing Civgraph family as matching keys before creating new records.",,Browse/Books/Tables source record with IA hotlinked viewport/download.,"Department of Transport | TTA01 - Mechanically Propelled Vehicles Under Licence | formats: CSV, JSON-STAT, PX, XLSX | current URL: https://data.gov.ie/dataset/tta01-mechanically-propelled-vehicles-under-licence | IA mirror/download link pending; do not expose local drive paths.",ready-for-approval,staged-only-not-published,metadata/source page,No runtime conversion required unless structured values are later extracted.
medium-prep:7-transport-roads-infrastructure-public-assets:tta01-mechanically-propelled-vehicles-under-licence-each-year:02094,2095,"7. Transport, roads, infrastructure, public assets","Transport, roads, infrastructure, public assets",data.gov.ie,Department of Transport,tabular,TTA01 - Mechanically Propelled Vehicles Under Licence Each Year,TTA01 - Mechanically Propelled Vehicles Under Licence Each Year,tta01-mechanically-propelled-vehicles-under-licence-each-year,Ireland / unspecified,transport-public-asset,road features,CSV|JSON-STAT|PX|XLSX,false,false,transport-public-asset-batch-review,Books/Tables/Sources source/download record,[object Object],60,https://data.gov.ie/dataset/tta01-mechanically-propelled-vehicles-under-licence-each-year,https://web.archive.org/web/*/https://data.gov.ie/dataset/tta01-mechanically-propelled-vehicles-under-licence-each-year,pending-upload-or-linking,"current provider URL first, Wayback and IA mirror/link retained where available",,,,,false,,public-asset-batch-placement: publication policy assigned | source-page-and-ia-viewport-decision: publication policy assigned,,0,Batch public-asset layers by provider/topic; add as lower-priority map/source bundles after higher-value geography/election/census work.,"Use provider extent, geometry type, year, and existing Civgraph family as matching keys before creating new records.",,Browse/Books/Tables source record with IA hotlinked viewport/download.,"Department of Transport | TTA01 - Mechanically Propelled Vehicles Under Licence Each Year | formats: CSV, JSON-STAT, PX, XLSX | current URL: https://data.gov.ie/dataset/tta01-mechanically-propelled-vehicles-under-licence-each-year | IA mirror/download link pending; do not expose local drive paths.",ready-for-approval,staged-only-not-published,metadata/source page,No runtime conversion required unless structured values are later extracted.
medium-prep:7-transport-roads-infrastructure-public-assets:tta02-mechanically-propelled-vehicles-under-licence:02095,2096,"7. Transport, roads, infrastructure, public assets","Transport, roads, infrastructure, public assets",data.gov.ie,Department of Transport,tabular,TTA02 - Mechanically Propelled Vehicles Under Licence,TTA02 - Mechanically Propelled Vehicles Under Licence,tta02-mechanically-propelled-vehicles-under-licence,Ireland / unspecified,transport-public-asset,road features,CSV|JSON-STAT|PX|XLSX,false,false,transport-public-asset-batch-review,Books/Tables/Sources source/download record,[object Object],60,https://data.gov.ie/dataset/tta02-mechanically-propelled-vehicles-under-licence,https://web.archive.org/web/*/https://data.gov.ie/dataset/tta02-mechanically-propelled-vehicles-under-licence,pending-upload-or-linking,"current provider URL first, Wayback and IA mirror/link retained where available",,,,,false,,public-asset-batch-placement: publication policy assigned | source-page-and-ia-viewport-decision: publication policy assigned,,0,Batch public-asset layers by provider/topic; add as lower-priority map/source bundles after higher-value geography/election/census work.,"Use provider extent, geometry type, year, and existing Civgraph family as matching keys before creating new records.",,Browse/Books/Tables source record with IA hotlinked viewport/download.,"Department of Transport | TTA02 - Mechanically Propelled Vehicles Under Licence | formats: CSV, JSON-STAT, PX, XLSX | current URL: https://data.gov.ie/dataset/tta02-mechanically-propelled-vehicles-under-licence | IA mirror/download link pending; do not expose local drive paths.",ready-for-approval,staged-only-not-published,metadata/source page,No runtime conversion required unless structured values are later extracted.
medium-prep:7-transport-roads-infrastructure-public-assets:tta03-mechanically-propelled-vehicles-under-licence:02096,2097,"7. Transport, roads, infrastructure, public assets","Transport, roads, infrastructure, public assets",data.gov.ie,Department of Transport,tabular,TTA03 - Mechanically Propelled Vehicles Under Licence,TTA03 - Mechanically Propelled Vehicles Under Licence,tta03-mechanically-propelled-vehicles-under-licence,Ireland / unspecified,transport-public-asset,road features,CSV|JSON-STAT|PX|XLSX,false,false,transport-public-asset-batch-review,Books/Tables/Sources source/download record,[object Object],60,https://data.gov.ie/dataset/tta03-mechanically-propelled-vehicles-under-licence,https://web.archive.org/web/*/https://data.gov.ie/dataset/tta03-mechanically-propelled-vehicles-under-licence,pending-upload-or-linking,"current provider URL first, Wayback and IA mirror/link retained where available",,,,,false,,public-asset-batch-placement: publication policy assigned | source-page-and-ia-viewport-decision: publication policy assigned,,0,Batch public-asset layers by provider/topic; add as lower-priority map/source bundles after higher-value geography/election/census work.,"Use provider extent, geometry type, year, and existing Civgraph family as matching keys before creating new records.",,Browse/Books/Tables source record with IA hotlinked viewport/download.,"Department of Transport | TTA03 - Mechanically Propelled Vehicles Under Licence | formats: CSV, JSON-STAT, PX, XLSX | current URL: https://data.gov.ie/dataset/tta03-mechanically-propelled-vehicles-under-licence | IA mirror/download link pending; do not expose local drive paths.",ready-for-approval,staged-only-not-published,metadata/source page,No runtime conversion required unless structured values are later extracted.
medium-prep:7-transport-roads-infrastructure-public-assets:ttm02-mechanically-propelled-vehicles-under-licence:02097,2098,"7. Transport, roads, infrastructure, public assets","Transport, roads, infrastructure, public assets",data.gov.ie,Department of Transport,tabular,TTM02 - Mechanically Propelled Vehicles Under Licence,TTM02 - Mechanically Propelled Vehicles Under Licence,ttm02-mechanically-propelled-vehicles-under-licence,Ireland / unspecified,transport-public-asset,road features,CSV|JSON-STAT|PX|XLSX,false,false,transport-public-asset-batch-review,Books/Tables/Sources source/download record,[object Object],60,https://data.gov.ie/dataset/ttm02-mechanically-propelled-vehicles-under-licence,https://web.archive.org/web/*/https://data.gov.ie/dataset/ttm02-mechanically-propelled-vehicles-under-licence,pending-upload-or-linking,"current provider URL first, Wayback and IA mirror/link retained where available",,,,,false,,public-asset-batch-placement: publication policy assigned | source-page-and-ia-viewport-decision: publication policy assigned,,0,Batch public-asset layers by provider/topic; add as lower-priority map/source bundles after higher-value geography/election/census work.,"Use provider extent, geometry type, year, and existing Civgraph family as matching keys before creating new records.",,Browse/Books/Tables source record with IA hotlinked viewport/download.,"Department of Transport | TTM02 - Mechanically Propelled Vehicles Under Licence | formats: CSV, JSON-STAT, PX, XLSX | current URL: https://data.gov.ie/dataset/ttm02-mechanically-propelled-vehicles-under-licence | IA mirror/download link pending; do not expose local drive paths.",ready-for-approval,staged-only-not-published,metadata/source page,No runtime conversion required unless structured values are later extracted.
medium-prep:7-transport-roads-infrastructure-public-assets:ttm03-mechanically-propelled-vehicles-under-licence:02098,2099,"7. Transport, roads, infrastructure, public assets","Transport, roads, infrastructure, public assets",data.gov.ie,Department of Transport,tabular,TTM03 - Mechanically Propelled Vehicles Under Licence,TTM03 - Mechanically Propelled Vehicles Under Licence,ttm03-mechanically-propelled-vehicles-under-licence,Ireland / unspecified,transport-public-asset,road features,CSV|JSON-STAT|PX|XLSX,false,false,transport-public-asset-batch-review,Books/Tables/Sources source/download record,[object Object],60,https://data.gov.ie/dataset/ttm03-mechanically-propelled-vehicles-under-licence,https://web.archive.org/web/*/https://data.gov.ie/dataset/ttm03-mechanically-propelled-vehicles-under-licence,pending-upload-or-linking,"current provider URL first, Wayback and IA mirror/link retained where available",,,,,false,,public-asset-batch-placement: publication policy assigned | source-page-and-ia-viewport-decision: publication policy assigned,,0,Batch public-asset layers by provider/topic; add as lower-priority map/source bundles after higher-value geography/election/census work.,"Use provider extent, geometry type, year, and existing Civgraph family as matching keys before creating new records.",,Browse/Books/Tables source record with IA hotlinked viewport/download.,"Department of Transport | TTM03 - Mechanically Propelled Vehicles Under Licence | formats: CSV, JSON-STAT, PX, XLSX | current URL: https://data.gov.ie/dataset/ttm03-mechanically-propelled-vehicles-under-licence | IA mirror/download link pending; do not expose local drive paths.",ready-for-approval,staged-only-not-published,metadata/source page,No runtime conversion required unless structured values are later extracted.
medium-prep:7-transport-roads-infrastructure-public-assets:wim-data-2014:02099,2100,"7. Transport, roads, infrastructure, public assets","Transport, roads, infrastructure, public assets",data.gov.ie,Transport Infrastructure Ireland,tabular,WIM Data 2014,WIM Data 2014,wim-data-2014,Republic of Ireland,transport-public-asset,road features,TAB,false,false,transport-public-asset-batch-review,Books/Tables/Sources source/download record,[object Object],60,https://data.gov.ie/dataset/wim-data-2014,https://web.archive.org/web/*/https://data.gov.ie/dataset/wim-data-2014,pending-upload-or-linking,"current provider URL first, Wayback and IA mirror/link retained where available",,,,,false,,public-asset-batch-placement: publication policy assigned,duplicate-or-variant-review: no existing match candidate,1,Compare provider/date/scale/generalisation/schema; publish only as variant/child/source if materially different.,"Use provider extent, geometry type, year, and existing Civgraph family as matching keys before creating new records.",,Browse/source/table record unless there is clear interactive map or query use.,Transport Infrastructure Ireland | WIM Data 2014 | formats: TAB | current URL: https://data.gov.ie/dataset/wim-data-2014 | IA mirror/download link pending; do not expose local drive paths.,ready-with-residual-review,staged-only-not-published,metadata/source page,No runtime conversion required unless structured values are later extracted.
medium-prep:7-transport-roads-infrastructure-public-assets:athy-cromaboo-bridge-rainfall-data:02128,2129,"7. Transport, roads, infrastructure, public assets","Transport, roads, infrastructure, public assets",data.gov.ie,Met Éireann,tabular,Athy (Cromaboo Bridge) Rainfall Data,Athy (Cromaboo Bridge) Rainfall Data,athy-cromaboo-bridge-rainfall-data,Ireland / unspecified,transport-public-asset,features,CSV|TXT,false,false,transport-public-asset-batch-review,Books/Tables/Sources source/download record,[object Object],55,https://data.gov.ie/dataset/athy-cromaboo-bridge-rainfall-data,https://web.archive.org/web/*/https://data.gov.ie/dataset/athy-cromaboo-bridge-rainfall-data,pending-upload-or-linking,"current provider URL first, Wayback and IA mirror/link retained where available",,,,,false,,needs-provider-context-review: publication policy assigned | public-asset-batch-placement: publication policy assigned,,0,Batch public-asset layers by provider/topic; add as lower-priority map/source bundles after higher-value geography/election/census work.,"Use provider extent, geometry type, year, and existing Civgraph family as matching keys before creating new records.",,Browse/source/table record unless there is clear interactive map or query use.,"Met Éireann | Athy (Cromaboo Bridge) Rainfall Data | formats: CSV, TXT | current URL: https://data.gov.ie/dataset/athy-cromaboo-bridge-rainfall-data | IA mirror/download link pending; do not expose local drive paths.",ready-for-approval,staged-only-not-published,metadata/source page,No runtime conversion required unless structured values are later extracted.
medium-prep:7-transport-roads-infrastructure-public-assets:ballydineen-doneraile-rainfall-data:02129,2130,"7. Transport, roads, infrastructure, public assets","Transport, roads, infrastructure, public assets",data.gov.ie,Met Éireann,tabular,Ballydineen Doneraile Rainfall Data,Ballydineen Doneraile Rainfall Data,ballydineen-doneraile-rainfall-data,Ireland / unspecified,transport-public-asset,features,CSV|TXT,false,false,transport-public-asset-batch-review,Books/Tables/Sources source/download record,[object Object],55,https://data.gov.ie/dataset/ballydineen-doneraile-rainfall-data,https://web.archive.org/web/*/https://data.gov.ie/dataset/ballydineen-doneraile-rainfall-data,pending-upload-or-linking,"current provider URL first, Wayback and IA mirror/link retained where available",,,,,false,,needs-provider-context-review: publication policy assigned | public-asset-batch-placement: publication policy assigned,,0,Batch public-asset layers by provider/topic; add as lower-priority map/source bundles after higher-value geography/election/census work.,"Use provider extent, geometry type, year, and existing Civgraph family as matching keys before creating new records.",,Browse/source/table record unless there is clear interactive map or query use.,"Met Éireann | Ballydineen Doneraile Rainfall Data | formats: CSV, TXT | current URL: https://data.gov.ie/dataset/ballydineen-doneraile-rainfall-data | IA mirror/download link pending; do not expose local drive paths.",ready-for-approval,staged-only-not-published,metadata/source page,No runtime conversion required unless structured values are later extracted.
medium-prep:7-transport-roads-infrastructure-public-assets:bennettsbridge-gs-rainfall-data:02132,2133,"7. Transport, roads, infrastructure, public assets","Transport, roads, infrastructure, public assets",data.gov.ie,Met Éireann,tabular,Bennettsbridge G.S. Rainfall Data,Bennettsbridge G.S. Rainfall Data,bennettsbridge-gs-rainfall-data,Ireland / unspecified,transport-public-asset,features,CSV|TXT,false,false,transport-public-asset-batch-review,Books/Tables/Sources source/download record,[object Object],55,https://data.gov.ie/dataset/bennettsbridge-gs-rainfall-data,https://web.archive.org/web/*/https://data.gov.ie/dataset/bennettsbridge-gs-rainfall-data,pending-upload-or-linking,"current provider URL first, Wayback and IA mirror/link retained where available",,,,,false,,needs-provider-context-review: publication policy assigned | public-asset-batch-placement: publication policy assigned,,0,Batch public-asset layers by provider/topic; add as lower-priority map/source bundles after higher-value geography/election/census work.,"Use provider extent, geometry type, year, and existing Civgraph family as matching keys before creating new records.",,Browse/source/table record unless there is clear interactive map or query use.,"Met Éireann | Bennettsbridge G.S. Rainfall Data | formats: CSV, TXT | current URL: https://data.gov.ie/dataset/bennettsbridge-gs-rainfall-data | IA mirror/download link pending; do not expose local drive paths.",ready-for-approval,staged-only-not-published,metadata/source page,No runtime conversion required unless structured values are later extracted.
medium-prep:7-transport-roads-infrastructure-public-assets:castlebridge-ballyboggan-rainfall-data:02138,2139,"7. Transport, roads, infrastructure, public assets","Transport, roads, infrastructure, public assets",data.gov.ie,Met Éireann,tabular,Castlebridge (Ballyboggan) Rainfall Data,Castlebridge (Ballyboggan) Rainfall Data,castlebridge-ballyboggan-rainfall-data,Ireland / unspecified,transport-public-asset,features,CSV|TXT,false,false,transport-public-asset-batch-review,Books/Tables/Sources source/download record,[object Object],55,https://data.gov.ie/dataset/castlebridge-ballyboggan-rainfall-data,https://web.archive.org/web/*/https://data.gov.ie/dataset/castlebridge-ballyboggan-rainfall-data,pending-upload-or-linking,"current provider URL first, Wayback and IA mirror/link retained where available",,,,,false,,needs-provider-context-review: publication policy assigned | public-asset-batch-placement: publication policy assigned,,0,Batch public-asset layers by provider/topic; add as lower-priority map/source bundles after higher-value geography/election/census work.,"Use provider extent, geometry type, year, and existing Civgraph family as matching keys before creating new records.",,Browse/source/table record unless there is clear interactive map or query use.,"Met Éireann | Castlebridge (Ballyboggan) Rainfall Data | formats: CSV, TXT | current URL: https://data.gov.ie/dataset/castlebridge-ballyboggan-rainfall-data | IA mirror/download link pending; do not expose local drive paths.",ready-for-approval,staged-only-not-published,metadata/source page,No runtime conversion required unless structured values are later extracted.
medium-prep:7-transport-roads-infrastructure-public-assets:castlebridge-sewage-works-rainfall-data:02139,2140,"7. Transport, roads, infrastructure, public assets","Transport, roads, infrastructure, public assets",data.gov.ie,Met Éireann,tabular,Castlebridge (Sewage Works) Rainfall Data,Castlebridge (Sewage Works) Rainfall Data,castlebridge-sewage-works-rainfall-data,Ireland / unspecified,transport-public-asset,features,CSV|TXT,false,false,transport-public-asset-batch-review,Books/Tables/Sources source/download record,[object Object],55,https://data.gov.ie/dataset/castlebridge-sewage-works-rainfall-data,https://web.archive.org/web/*/https://data.gov.ie/dataset/castlebridge-sewage-works-rainfall-data,pending-upload-or-linking,"current provider URL first, Wayback and IA mirror/link retained where available",,,,,false,,needs-provider-context-review: publication policy assigned | public-asset-batch-placement: publication policy assigned,,0,Batch public-asset layers by provider/topic; add as lower-priority map/source bundles after higher-value geography/election/census work.,"Use provider extent, geometry type, year, and existing Civgraph family as matching keys before creating new records.",,Browse/source/table record unless there is clear interactive map or query use.,"Met Éireann | Castlebridge (Sewage Works) Rainfall Data | formats: CSV, TXT | current URL: https://data.gov.ie/dataset/castlebridge-sewage-works-rainfall-data | IA mirror/download link pending; do not expose local drive paths.",ready-for-approval,staged-only-not-published,metadata/source page,No runtime conversion required unless structured values are later extracted.
medium-prep:7-transport-roads-infrastructure-public-assets:castlebridge-gs-rainfall-data:02140,2141,"7. Transport, roads, infrastructure, public assets","Transport, roads, infrastructure, public assets",data.gov.ie,Met Éireann,tabular,Castlebridge G.S. Rainfall Data,Castlebridge G.S. Rainfall Data,castlebridge-gs-rainfall-data,Ireland / unspecified,transport-public-asset,features,CSV|TXT,false,false,transport-public-asset-batch-review,Books/Tables/Sources source/download record,[object Object],55,https://data.gov.ie/dataset/castlebridge-gs-rainfall-data,https://web.archive.org/web/*/https://data.gov.ie/dataset/castlebridge-gs-rainfall-data,pending-upload-or-linking,"current provider URL first, Wayback and IA mirror/link retained where available",,,,,false,,needs-provider-context-review: publication policy assigned | public-asset-batch-placement: publication policy assigned,,0,Batch public-asset layers by provider/topic; add as lower-priority map/source bundles after higher-value geography/election/census work.,"Use provider extent, geometry type, year, and existing Civgraph family as matching keys before creating new records.",,Browse/source/table record unless there is clear interactive map or query use.,"Met Éireann | Castlebridge G.S. Rainfall Data | formats: CSV, TXT | current URL: https://data.gov.ie/dataset/castlebridge-gs-rainfall-data | IA mirror/download link pending; do not expose local drive paths.",ready-for-approval,staged-only-not-published,metadata/source page,No runtime conversion required unless structured values are later extracted.
medium-prep:7-transport-roads-infrastructure-public-assets:castlebridge-ballybogganlower-rainfall-data:02141,2142,"7. Transport, roads, infrastructure, public assets","Transport, roads, infrastructure, public assets",data.gov.ie,Met Éireann,tabular,Castlebridge-Ballybogganlower Rainfall Data,Castlebridge-Ballybogganlower Rainfall Data,castlebridge-ballybogganlower-rainfall-data,Ireland / unspecified,transport-public-asset,features,CSV|TXT,false,false,transport-public-asset-batch-review,Books/Tables/Sources source/download record,[object Object],55,https://data.gov.ie/dataset/castlebridge-ballybogganlower-rainfall-data,https://web.archive.org/web/*/https://data.gov.ie/dataset/castlebridge-ballybogganlower-rainfall-data,pending-upload-or-linking,"current provider URL first, Wayback and IA mirror/link retained where available",,,,,false,,needs-provider-context-review: publication policy assigned | public-asset-batch-placement: publication policy assigned,,0,Batch public-asset layers by provider/topic; add as lower-priority map/source bundles after higher-value geography/election/census work.,"Use provider extent, geometry type, year, and existing Civgraph family as matching keys before creating new records.",,Browse/source/table record unless there is clear interactive map or query use.,"Met Éireann | Castlebridge-Ballybogganlower Rainfall Data | formats: CSV, TXT | current URL: https://data.gov.ie/dataset/castlebridge-ballybogganlower-rainfall-data | IA mirror/download link pending; do not expose local drive paths.",ready-for-approval,staged-only-not-published,metadata/source page,No runtime conversion required unless structured values are later extracted.
medium-prep:7-transport-roads-infrastructure-public-assets:celbridge-ardrass-house-rainfall-data:02145,2146,"7. Transport, roads, infrastructure, public assets","Transport, roads, infrastructure, public assets",data.gov.ie,Met Éireann,tabular,Celbridge (Ardrass House) Rainfall Data,Celbridge (Ardrass House) Rainfall Data,celbridge-ardrass-house-rainfall-data,Ireland / unspecified,transport-public-asset,features,CSV|TXT,false,false,transport-public-asset-batch-review,Books/Tables/Sources source/download record,[object Object],55,https://data.gov.ie/dataset/celbridge-ardrass-house-rainfall-data,https://web.archive.org/web/*/https://data.gov.ie/dataset/celbridge-ardrass-house-rainfall-data,pending-upload-or-linking,"current provider URL first, Wayback and IA mirror/link retained where available",,,,,false,,needs-provider-context-review: publication policy assigned | public-asset-batch-placement: publication policy assigned,,0,Batch public-asset layers by provider/topic; add as lower-priority map/source bundles after higher-value geography/election/census work.,"Use provider extent, geometry type, year, and existing Civgraph family as matching keys before creating new records.",,Browse/source/table record unless there is clear interactive map or query use.,"Met Éireann | Celbridge (Ardrass House) Rainfall Data | formats: CSV, TXT | current URL: https://data.gov.ie/dataset/celbridge-ardrass-house-rainfall-data | IA mirror/download link pending; do not expose local drive paths.",ready-for-approval,staged-only-not-published,metadata/source page,No runtime conversion required unless structured values are later extracted.
medium-prep:7-transport-roads-infrastructure-public-assets:celbridge-gs-rainfall-data:02146,2147,"7. Transport, roads, infrastructure, public assets","Transport, roads, infrastructure, public assets",data.gov.ie,Met Éireann,tabular,Celbridge G.S. Rainfall Data,Celbridge G.S. Rainfall Data,celbridge-gs-rainfall-data,Ireland / unspecified,transport-public-asset,features,CSV|TXT,false,false,transport-public-asset-batch-review,Books/Tables/Sources source/download record,[object Object],55,https://data.gov.ie/dataset/celbridge-gs-rainfall-data,https://web.archive.org/web/*/https://data.gov.ie/dataset/celbridge-gs-rainfall-data,pending-upload-or-linking,"current provider URL first, Wayback and IA mirror/link retained where available",,,,,false,,needs-provider-context-review: publication policy assigned | public-asset-batch-placement: publication policy assigned,,0,Batch public-asset layers by provider/topic; add as lower-priority map/source bundles after higher-value geography/election/census work.,"Use provider extent, geometry type, year, and existing Civgraph family as matching keys before creating new records.",,Browse/source/table record unless there is clear interactive map or query use.,"Met Éireann | Celbridge G.S. Rainfall Data | formats: CSV, TXT | current URL: https://data.gov.ie/dataset/celbridge-gs-rainfall-data | IA mirror/download link pending; do not expose local drive paths.",ready-for-approval,staged-only-not-published,metadata/source page,No runtime conversion required unless structured values are later extracted.
medium-prep:7-transport-roads-infrastructure-public-assets:celbridge-moortown-rainfall-data:02147,2148,"7. Transport, roads, infrastructure, public assets","Transport, roads, infrastructure, public assets",data.gov.ie,Met Éireann,tabular,Celbridge Moortown Rainfall Data,Celbridge Moortown Rainfall Data,celbridge-moortown-rainfall-data,Ireland / unspecified,transport-public-asset,features,CSV|TXT,false,false,transport-public-asset-batch-review,Books/Tables/Sources source/download record,[object Object],55,https://data.gov.ie/dataset/celbridge-moortown-rainfall-data,https://web.archive.org/web/*/https://data.gov.ie/dataset/celbridge-moortown-rainfall-data,pending-upload-or-linking,"current provider URL first, Wayback and IA mirror/link retained where available",,,,,false,,needs-provider-context-review: publication policy assigned | public-asset-batch-placement: publication policy assigned,,0,Batch public-asset layers by provider/topic; add as lower-priority map/source bundles after higher-value geography/election/census work.,"Use provider extent, geometry type, year, and existing Civgraph family as matching keys before creating new records.",,Browse/source/table record unless there is clear interactive map or query use.,"Met Éireann | Celbridge Moortown Rainfall Data | formats: CSV, TXT | current URL: https://data.gov.ie/dataset/celbridge-moortown-rainfall-data | IA mirror/download link pending; do not expose local drive paths.",ready-for-approval,staged-only-not-published,metadata/source page,No runtime conversion required unless structured values are later extracted.
medium-prep:7-transport-roads-infrastructure-public-assets:doneraile-gs-rainfall-data:02171,2172,"7. Transport, roads, infrastructure, public assets","Transport, roads, infrastructure, public assets",data.gov.ie,Met Éireann,tabular,Doneraile G.S. Rainfall Data,Doneraile G.S. Rainfall Data,doneraile-gs-rainfall-data,Ireland / unspecified,transport-public-asset,features,CSV|TXT,false,false,transport-public-asset-batch-review,Books/Tables/Sources source/download record,[object Object],55,https://data.gov.ie/dataset/doneraile-gs-rainfall-data,https://web.archive.org/web/*/https://data.gov.ie/dataset/doneraile-gs-rainfall-data,pending-upload-or-linking,"current provider URL first, Wayback and IA mirror/link retained where available",,,,,false,,needs-provider-context-review: publication policy assigned | public-asset-batch-placement: publication policy assigned,,0,Batch public-asset layers by provider/topic; add as lower-priority map/source bundles after higher-value geography/election/census work.,"Use provider extent, geometry type, year, and existing Civgraph family as matching keys before creating new records.",,Browse/source/table record unless there is clear interactive map or query use.,"Met Éireann | Doneraile G.S. Rainfall Data | formats: CSV, TXT | current URL: https://data.gov.ie/dataset/doneraile-gs-rainfall-data | IA mirror/download link pending; do not expose local drive paths.",ready-for-approval,staged-only-not-published,metadata/source page,No runtime conversion required unless structured values are later extracted.
medium-prep:7-transport-roads-infrastructure-public-assets:dublin-ballsbridge-rainfall-data:02174,2175,"7. Transport, roads, infrastructure, public assets","Transport, roads, infrastructure, public assets",data.gov.ie,Met Éireann,tabular,Dublin (Ballsbridge) Rainfall Data,Dublin (Ballsbridge) Rainfall Data,dublin-ballsbridge-rainfall-data,Republic of Ireland,transport-public-asset,features,CSV|TXT,false,false,transport-public-asset-batch-review,Books/Tables/Sources source/download record,[object Object],55,https://data.gov.ie/dataset/dublin-ballsbridge-rainfall-data,https://web.archive.org/web/*/https://data.gov.ie/dataset/dublin-ballsbridge-rainfall-data,pending-upload-or-linking,"current provider URL first, Wayback and IA mirror/link retained where available",,,,,false,,needs-provider-context-review: publication policy assigned | public-asset-batch-placement: publication policy assigned,,0,Batch public-asset layers by provider/topic; add as lower-priority map/source bundles after higher-value geography/election/census work.,"Use provider extent, geometry type, year, and existing Civgraph family as matching keys before creating new records.",,Browse/source/table record unless there is clear interactive map or query use.,"Met Éireann | Dublin (Ballsbridge) Rainfall Data | formats: CSV, TXT | current URL: https://data.gov.ie/dataset/dublin-ballsbridge-rainfall-data | IA mirror/download link pending; do not expose local drive paths.",ready-for-approval,staged-only-not-published,metadata/source page,No runtime conversion required unless structured values are later extracted.
medium-prep:7-transport-roads-infrastructure-public-assets:dundalk-knockbridge-rainfall-data:02177,2178,"7. Transport, roads, infrastructure, public assets","Transport, roads, infrastructure, public assets",data.gov.ie,Met Éireann,tabular,Dundalk (Knockbridge) Rainfall Data,Dundalk (Knockbridge) Rainfall Data,dundalk-knockbridge-rainfall-data,Ireland / unspecified,transport-public-asset,features,CSV|TXT,false,false,transport-public-asset-batch-review,Books/Tables/Sources source/download record,[object Object],55,https://data.gov.ie/dataset/dundalk-knockbridge-rainfall-data,https://web.archive.org/web/*/https://data.gov.ie/dataset/dundalk-knockbridge-rainfall-data,pending-upload-or-linking,"current provider URL first, Wayback and IA mirror/link retained where available",,,,,false,,needs-provider-context-review: publication policy assigned | public-asset-batch-placement: publication policy assigned,,0,Batch public-asset layers by provider/topic; add as lower-priority map/source bundles after higher-value geography/election/census work.,"Use provider extent, geometry type, year, and existing Civgraph family as matching keys before creating new records.",,Browse/source/table record unless there is clear interactive map or query use.,"Met Éireann | Dundalk (Knockbridge) Rainfall Data | formats: CSV, TXT | current URL: https://data.gov.ie/dataset/dundalk-knockbridge-rainfall-data | IA mirror/download link pending; do not expose local drive paths.",ready-for-approval,staged-only-not-published,metadata/source page,No runtime conversion required unless structured values are later extracted.
medium-prep:7-transport-roads-infrastructure-public-assets:glenmore-railway-stn-rainfall-data:02195,2196,"7. Transport, roads, infrastructure, public assets","Transport, roads, infrastructure, public assets",data.gov.ie,Met Éireann,tabular,Glenmore (Railway Stn) Rainfall Data,Glenmore (Railway Stn) Rainfall Data,glenmore-railway-stn-rainfall-data,Ireland / unspecified,transport-public-asset,features,CSV|TXT,false,false,transport-public-asset-batch-review,Books/Tables/Sources source/download record,[object Object],55,https://data.gov.ie/dataset/glenmore-railway-stn-rainfall-data,https://web.archive.org/web/*/https://data.gov.ie/dataset/glenmore-railway-stn-rainfall-data,pending-upload-or-linking,"current provider URL first, Wayback and IA mirror/link retained where available",,,,,false,,needs-provider-context-review: publication policy assigned | public-asset-batch-placement: publication policy assigned,,0,Batch public-asset layers by provider/topic; add as lower-priority map/source bundles after higher-value geography/election/census work.,"Use provider extent, geometry type, year, and existing Civgraph family as matching keys before creating new records.",,Browse/source/table record unless there is clear interactive map or query use.,"Met Éireann | Glenmore (Railway Stn) Rainfall Data | formats: CSV, TXT | current URL: https://data.gov.ie/dataset/glenmore-railway-stn-rainfall-data | IA mirror/download link pending; do not expose local drive paths.",ready-for-approval,staged-only-not-published,metadata/source page,No runtime conversion required unless structured values are later extracted.
medium-prep:7-transport-roads-infrastructure-public-assets:gowna-sallaghan-bridge-rainfall-data:02196,2197,"7. Transport, roads, infrastructure, public assets","Transport, roads, infrastructure, public assets",data.gov.ie,Met Éireann,tabular,Gowna (Sallaghan Bridge) Rainfall Data,Gowna (Sallaghan Bridge) Rainfall Data,gowna-sallaghan-bridge-rainfall-data,Ireland / unspecified,transport-public-asset,features,CSV|TXT,false,false,transport-public-asset-batch-review,Books/Tables/Sources source/download record,[object Object],55,https://data.gov.ie/dataset/gowna-sallaghan-bridge-rainfall-data,https://web.archive.org/web/*/https://data.gov.ie/dataset/gowna-sallaghan-bridge-rainfall-data,pending-upload-or-linking,"current provider URL first, Wayback and IA mirror/link retained where available",,,,,false,,needs-provider-context-review: publication policy assigned | public-asset-batch-placement: publication policy assigned,,0,Batch public-asset layers by provider/topic; add as lower-priority map/source bundles after higher-value geography/election/census work.,"Use provider extent, geometry type, year, and existing Civgraph family as matching keys before creating new records.",,Browse/source/table record unless there is clear interactive map or query use.,"Met Éireann | Gowna (Sallaghan Bridge) Rainfall Data | formats: CSV, TXT | current URL: https://data.gov.ie/dataset/gowna-sallaghan-bridge-rainfall-data | IA mirror/download link pending; do not expose local drive paths.",ready-for-approval,staged-only-not-published,metadata/source page,No runtime conversion required unless structured values are later extracted.
medium-prep:7-transport-roads-infrastructure-public-assets:ima01-freight-traffic-roll-onroll-off:02200,2201,"7. Transport, roads, infrastructure, public assets","Transport, roads, infrastructure, public assets",data.gov.ie,Irish Maritime Development Office,tabular,IMA01 - Freight Traffic (Roll On/Roll Off),IMA01 - Freight Traffic (Roll On/Roll Off),ima01-freight-traffic-roll-onroll-off,Ireland / unspecified,transport-public-asset,features,CSV|JSON-STAT|PX|XLSX,false,false,transport-public-asset-batch-review,Books/Tables/Sources source/download record,[object Object],55,https://data.gov.ie/dataset/ima01-freight-traffic-roll-onroll-off,https://web.archive.org/web/*/https://data.gov.ie/dataset/ima01-freight-traffic-roll-onroll-off,pending-upload-or-linking,"current provider URL first, Wayback and IA mirror/link retained where available",,,,,false,,needs-provider-context-review: publication policy assigned | public-asset-batch-placement: publication policy assigned,,0,Batch public-asset layers by provider/topic; add as lower-priority map/source bundles after higher-value geography/election/census work.,"Use provider extent, geometry type, year, and existing Civgraph family as matching keys before creating new records.",,Browse/source/table record unless there is clear interactive map or query use.,"Irish Maritime Development Office | IMA01 - Freight Traffic (Roll On/Roll Off) | formats: CSV, JSON-STAT, PX, XLSX | current URL: https://data.gov.ie/dataset/ima01-freight-traffic-roll-onroll-off | IA mirror/download link pending; do not expose local drive paths.",ready-for-approval,staged-only-not-published,metadata/source page,No runtime conversion required unless structured values are later extracted.
medium-prep:7-transport-roads-infrastructure-public-assets:ima02-freight-traffic-roll-onroll-off:02201,2202,"7. Transport, roads, infrastructure, public assets","Transport, roads, infrastructure, public assets",data.gov.ie,Irish Maritime Development Office,tabular,IMA02 - Freight Traffic (Roll On/Roll Off),IMA02 - Freight Traffic (Roll On/Roll Off),ima02-freight-traffic-roll-onroll-off,Ireland / unspecified,transport-public-asset,features,CSV|JSON-STAT|PX|XLSX,false,false,transport-public-asset-batch-review,Books/Tables/Sources source/download record,[object Object],55,https://data.gov.ie/dataset/ima02-freight-traffic-roll-onroll-off,https://web.archive.org/web/*/https://data.gov.ie/dataset/ima02-freight-traffic-roll-onroll-off,pending-upload-or-linking,"current provider URL first, Wayback and IA mirror/link retained where available",,,,,false,,needs-provider-context-review: publication policy assigned | public-asset-batch-placement: publication policy assigned,,0,Batch public-asset layers by provider/topic; add as lower-priority map/source bundles after higher-value geography/election/census work.,"Use provider extent, geometry type, year, and existing Civgraph family as matching keys before creating new records.",,Browse/source/table record unless there is clear interactive map or query use.,"Irish Maritime Development Office | IMA02 - Freight Traffic (Roll On/Roll Off) | formats: CSV, JSON-STAT, PX, XLSX | current URL: https://data.gov.ie/dataset/ima02-freight-traffic-roll-onroll-off | IA mirror/download link pending; do not expose local drive paths.",ready-for-approval,staged-only-not-published,metadata/source page,No runtime conversion required unless structured values are later extracted.
medium-prep:7-transport-roads-infrastructure-public-assets:ima03-passenger-traffic-roll-onroll-off:02202,2203,"7. Transport, roads, infrastructure, public assets","Transport, roads, infrastructure, public assets",data.gov.ie,Irish Maritime Development Office,tabular,IMA03 - Passenger Traffic (Roll On/Roll Off),IMA03 - Passenger Traffic (Roll On/Roll Off),ima03-passenger-traffic-roll-onroll-off,Ireland / unspecified,transport-public-asset,features,CSV|JSON-STAT|PX|XLSX,false,false,transport-public-asset-batch-review,Books/Tables/Sources source/download record,[object Object],55,https://data.gov.ie/dataset/ima03-passenger-traffic-roll-onroll-off,https://web.archive.org/web/*/https://data.gov.ie/dataset/ima03-passenger-traffic-roll-onroll-off,pending-upload-or-linking,"current provider URL first, Wayback and IA mirror/link retained where available",,,,,false,,needs-provider-context-review: publication policy assigned | public-asset-batch-placement: publication policy assigned,,0,Batch public-asset layers by provider/topic; add as lower-priority map/source bundles after higher-value geography/election/census work.,"Use provider extent, geometry type, year, and existing Civgraph family as matching keys before creating new records.",,Browse/source/table record unless there is clear interactive map or query use.,"Irish Maritime Development Office | IMA03 - Passenger Traffic (Roll On/Roll Off) | formats: CSV, JSON-STAT, PX, XLSX | current URL: https://data.gov.ie/dataset/ima03-passenger-traffic-roll-onroll-off | IA mirror/download link pending; do not expose local drive paths.",ready-for-approval,staged-only-not-published,metadata/source page,No runtime conversion required unless structured values are later extracted.
medium-prep:7-transport-roads-infrastructure-public-assets:ima04-container-traffic-lift-onlift-off:02203,2204,"7. Transport, roads, infrastructure, public assets","Transport, roads, infrastructure, public assets",data.gov.ie,Irish Maritime Development Office,tabular,IMA04 - Container Traffic (Lift On/Lift Off),IMA04 - Container Traffic (Lift On/Lift Off),ima04-container-traffic-lift-onlift-off,Ireland / unspecified,transport-public-asset,features,CSV|JSON-STAT|PX|XLSX,false,false,transport-public-asset-batch-review,Books/Tables/Sources source/download record,[object Object],55,https://data.gov.ie/dataset/ima04-container-traffic-lift-onlift-off,https://web.archive.org/web/*/https://data.gov.ie/dataset/ima04-container-traffic-lift-onlift-off,pending-upload-or-linking,"current provider URL first, Wayback and IA mirror/link retained where available",,,,,false,,needs-provider-context-review: publication policy assigned | public-asset-batch-placement: publication policy assigned,,0,Batch public-asset layers by provider/topic; add as lower-priority map/source bundles after higher-value geography/election/census work.,"Use provider extent, geometry type, year, and existing Civgraph family as matching keys before creating new records.",,Browse/source/table record unless there is clear interactive map or query use.,"Irish Maritime Development Office | IMA04 - Container Traffic (Lift On/Lift Off) | formats: CSV, JSON-STAT, PX, XLSX | current URL: https://data.gov.ie/dataset/ima04-container-traffic-lift-onlift-off | IA mirror/download link pending; do not expose local drive paths.",ready-for-approval,staged-only-not-published,metadata/source page,No runtime conversion required unless structured values are later extracted.
medium-prep:7-transport-roads-infrastructure-public-assets:ima06-container-traffic-lift-onlift-off:02204,2205,"7. Transport, roads, infrastructure, public assets","Transport, roads, infrastructure, public assets",data.gov.ie,Irish Maritime Development Office,tabular,IMA06 - Container Traffic (Lift On/Lift Off),IMA06 - Container Traffic (Lift On/Lift Off),ima06-container-traffic-lift-onlift-off,Ireland / unspecified,transport-public-asset,features,CSV|JSON-STAT|PX|XLSX,false,false,transport-public-asset-batch-review,Books/Tables/Sources source/download record,[object Object],55,https://data.gov.ie/dataset/ima06-container-traffic-lift-onlift-off,https://web.archive.org/web/*/https://data.gov.ie/dataset/ima06-container-traffic-lift-onlift-off,pending-upload-or-linking,"current provider URL first, Wayback and IA mirror/link retained where available",,,,,false,,needs-provider-context-review: publication policy assigned | public-asset-batch-placement: publication policy assigned,,0,Batch public-asset layers by provider/topic; add as lower-priority map/source bundles after higher-value geography/election/census work.,"Use provider extent, geometry type, year, and existing Civgraph family as matching keys before creating new records.",,Browse/source/table record unless there is clear interactive map or query use.,"Irish Maritime Development Office | IMA06 - Container Traffic (Lift On/Lift Off) | formats: CSV, JSON-STAT, PX, XLSX | current URL: https://data.gov.ie/dataset/ima06-container-traffic-lift-onlift-off | IA mirror/download link pending; do not expose local drive paths.",ready-for-approval,staged-only-not-published,metadata/source page,No runtime conversion required unless structured values are later extracted.
medium-prep:7-transport-roads-infrastructure-public-assets:ima07-container-traffic-lift-onlift-off:02205,2206,"7. Transport, roads, infrastructure, public assets","Transport, roads, infrastructure, public assets",data.gov.ie,Irish Maritime Development Office,tabular,IMA07 - Container Traffic (Lift On/Lift Off),IMA07 - Container Traffic (Lift On/Lift Off),ima07-container-traffic-lift-onlift-off,Ireland / unspecified,transport-public-asset,features,CSV|JSON-STAT|PX|XLSX,false,false,transport-public-asset-batch-review,Books/Tables/Sources source/download record,[object Object],55,https://data.gov.ie/dataset/ima07-container-traffic-lift-onlift-off,https://web.archive.org/web/*/https://data.gov.ie/dataset/ima07-container-traffic-lift-onlift-off,pending-upload-or-linking,"current provider URL first, Wayback and IA mirror/link retained where available",,,,,false,,needs-provider-context-review: publication policy assigned | public-asset-batch-placement: publication policy assigned,,0,Batch public-asset layers by provider/topic; add as lower-priority map/source bundles after higher-value geography/election/census work.,"Use provider extent, geometry type, year, and existing Civgraph family as matching keys before creating new records.",,Browse/source/table record unless there is clear interactive map or query use.,"Irish Maritime Development Office | IMA07 - Container Traffic (Lift On/Lift Off) | formats: CSV, JSON-STAT, PX, XLSX | current URL: https://data.gov.ie/dataset/ima07-container-traffic-lift-onlift-off | IA mirror/download link pending; do not expose local drive paths.",ready-for-approval,staged-only-not-published,metadata/source page,No runtime conversion required unless structured values are later extracted.
medium-prep:7-transport-roads-infrastructure-public-assets:ima08-bulk-traffic:02206,2207,"7. Transport, roads, infrastructure, public assets","Transport, roads, infrastructure, public assets",data.gov.ie,Irish Maritime Development Office,tabular,IMA08 - Bulk Traffic,IMA08 - Bulk Traffic,ima08-bulk-traffic,Ireland / unspecified,transport-public-asset,features,CSV|JSON-STAT|PX|XLSX,false,false,transport-public-asset-batch-review,Books/Tables/Sources source/download record,[object Object],55,https://data.gov.ie/dataset/ima08-bulk-traffic,https://web.archive.org/web/*/https://data.gov.ie/dataset/ima08-bulk-traffic,pending-upload-or-linking,"current provider URL first, Wayback and IA mirror/link retained where available",,,,,false,,needs-provider-context-review: publication policy assigned | public-asset-batch-placement: publication policy assigned,,0,Batch public-asset layers by provider/topic; add as lower-priority map/source bundles after higher-value geography/election/census work.,"Use provider extent, geometry type, year, and existing Civgraph family as matching keys before creating new records.",,Browse/source/table record unless there is clear interactive map or query use.,"Irish Maritime Development Office | IMA08 - Bulk Traffic | formats: CSV, JSON-STAT, PX, XLSX | current URL: https://data.gov.ie/dataset/ima08-bulk-traffic | IA mirror/download link pending; do not expose local drive paths.",ready-for-approval,staged-only-not-published,metadata/source page,No runtime conversion required unless structured values are later extracted.
medium-prep:7-transport-roads-infrastructure-public-assets:imq01-freight-traffic-roll-onroll-off:02207,2208,"7. Transport, roads, infrastructure, public assets","Transport, roads, infrastructure, public assets",data.gov.ie,Irish Maritime Development Office,tabular,IMQ01 - Freight Traffic (Roll On/Roll Off),IMQ01 - Freight Traffic (Roll On/Roll Off),imq01-freight-traffic-roll-onroll-off,Ireland / unspecified,transport-public-asset,features,CSV|JSON-STAT|PX|XLSX,false,false,transport-public-asset-batch-review,Books/Tables/Sources source/download record,[object Object],55,https://data.gov.ie/dataset/imq01-freight-traffic-roll-onroll-off,https://web.archive.org/web/*/https://data.gov.ie/dataset/imq01-freight-traffic-roll-onroll-off,pending-upload-or-linking,"current provider URL first, Wayback and IA mirror/link retained where available",,,,,false,,needs-provider-context-review: publication policy assigned | public-asset-batch-placement: publication policy assigned,,0,Batch public-asset layers by provider/topic; add as lower-priority map/source bundles after higher-value geography/election/census work.,"Use provider extent, geometry type, year, and existing Civgraph family as matching keys before creating new records.",,Browse/source/table record unless there is clear interactive map or query use.,"Irish Maritime Development Office | IMQ01 - Freight Traffic (Roll On/Roll Off) | formats: CSV, JSON-STAT, PX, XLSX | current URL: https://data.gov.ie/dataset/imq01-freight-traffic-roll-onroll-off | IA mirror/download link pending; do not expose local drive paths.",ready-for-approval,staged-only-not-published,metadata/source page,No runtime conversion required unless structured values are later extracted.
medium-prep:7-transport-roads-infrastructure-public-assets:imq02-freight-traffic-roll-onroll-off:02208,2209,"7. Transport, roads, infrastructure, public assets","Transport, roads, infrastructure, public assets",data.gov.ie,Irish Maritime Development Office,tabular,IMQ02 - Freight Traffic (Roll On/Roll Off),IMQ02 - Freight Traffic (Roll On/Roll Off),imq02-freight-traffic-roll-onroll-off,Ireland / unspecified,transport-public-asset,features,CSV|JSON-STAT|PX|XLSX,false,false,transport-public-asset-batch-review,Books/Tables/Sources source/download record,[object Object],55,https://data.gov.ie/dataset/imq02-freight-traffic-roll-onroll-off,https://web.archive.org/web/*/https://data.gov.ie/dataset/imq02-freight-traffic-roll-onroll-off,pending-upload-or-linking,"current provider URL first, Wayback and IA mirror/link retained where available",,,,,false,,needs-provider-context-review: publication policy assigned | public-asset-batch-placement: publication policy assigned,,0,Batch public-asset layers by provider/topic; add as lower-priority map/source bundles after higher-value geography/election/census work.,"Use provider extent, geometry type, year, and existing Civgraph family as matching keys before creating new records.",,Browse/source/table record unless there is clear interactive map or query use.,"Irish Maritime Development Office | IMQ02 - Freight Traffic (Roll On/Roll Off) | formats: CSV, JSON-STAT, PX, XLSX | current URL: https://data.gov.ie/dataset/imq02-freight-traffic-roll-onroll-off | IA mirror/download link pending; do not expose local drive paths.",ready-for-approval,staged-only-not-published,metadata/source page,No runtime conversion required unless structured values are later extracted.
medium-prep:7-transport-roads-infrastructure-public-assets:imq03-passenger-traffic-roll-onroll-off:02209,2210,"7. Transport, roads, infrastructure, public assets","Transport, roads, infrastructure, public assets",data.gov.ie,Irish Maritime Development Office,tabular,IMQ03 - Passenger Traffic (Roll On/Roll Off),IMQ03 - Passenger Traffic (Roll On/Roll Off),imq03-passenger-traffic-roll-onroll-off,Ireland / unspecified,transport-public-asset,features,CSV|JSON-STAT|PX|XLSX,false,false,transport-public-asset-batch-review,Books/Tables/Sources source/download record,[object Object],55,https://data.gov.ie/dataset/imq03-passenger-traffic-roll-onroll-off,https://web.archive.org/web/*/https://data.gov.ie/dataset/imq03-passenger-traffic-roll-onroll-off,pending-upload-or-linking,"current provider URL first, Wayback and IA mirror/link retained where available",,,,,false,,needs-provider-context-review: publication policy assigned | public-asset-batch-placement: publication policy assigned,,0,Batch public-asset layers by provider/topic; add as lower-priority map/source bundles after higher-value geography/election/census work.,"Use provider extent, geometry type, year, and existing Civgraph family as matching keys before creating new records.",,Browse/source/table record unless there is clear interactive map or query use.,"Irish Maritime Development Office | IMQ03 - Passenger Traffic (Roll On/Roll Off) | formats: CSV, JSON-STAT, PX, XLSX | current URL: https://data.gov.ie/dataset/imq03-passenger-traffic-roll-onroll-off | IA mirror/download link pending; do not expose local drive paths.",ready-for-approval,staged-only-not-published,metadata/source page,No runtime conversion required unless structured values are later extracted.
medium-prep:7-transport-roads-infrastructure-public-assets:imq05-container-traffic-lift-onlift-off:02210,2211,"7. Transport, roads, infrastructure, public assets","Transport, roads, infrastructure, public assets",data.gov.ie,Irish Maritime Development Office,tabular,IMQ05 - Container Traffic (Lift On/Lift Off),IMQ05 - Container Traffic (Lift On/Lift Off),imq05-container-traffic-lift-onlift-off,Ireland / unspecified,transport-public-asset,features,CSV|JSON-STAT|PX|XLSX,false,false,transport-public-asset-batch-review,Books/Tables/Sources source/download record,[object Object],55,https://data.gov.ie/dataset/imq05-container-traffic-lift-onlift-off,https://web.archive.org/web/*/https://data.gov.ie/dataset/imq05-container-traffic-lift-onlift-off,pending-upload-or-linking,"current provider URL first, Wayback and IA mirror/link retained where available",,,,,false,,needs-provider-context-review: publication policy assigned | public-asset-batch-placement: publication policy assigned,,0,Batch public-asset layers by provider/topic; add as lower-priority map/source bundles after higher-value geography/election/census work.,"Use provider extent, geometry type, year, and existing Civgraph family as matching keys before creating new records.",,Browse/source/table record unless there is clear interactive map or query use.,"Irish Maritime Development Office | IMQ05 - Container Traffic (Lift On/Lift Off) | formats: CSV, JSON-STAT, PX, XLSX | current URL: https://data.gov.ie/dataset/imq05-container-traffic-lift-onlift-off | IA mirror/download link pending; do not expose local drive paths.",ready-for-approval,staged-only-not-published,metadata/source page,No runtime conversion required unless structured values are later extracted.
medium-prep:7-transport-roads-infrastructure-public-assets:imq06-container-traffic-lift-onlift-off:02211,2212,"7. Transport, roads, infrastructure, public assets","Transport, roads, infrastructure, public assets",data.gov.ie,Irish Maritime Development Office,tabular,IMQ06 - Container Traffic (Lift On/Lift Off),IMQ06 - Container Traffic (Lift On/Lift Off),imq06-container-traffic-lift-onlift-off,Ireland / unspecified,transport-public-asset,features,CSV|JSON-STAT|PX|XLSX,false,false,transport-public-asset-batch-review,Books/Tables/Sources source/download record,[object Object],55,https://data.gov.ie/dataset/imq06-container-traffic-lift-onlift-off,https://web.archive.org/web/*/https://data.gov.ie/dataset/imq06-container-traffic-lift-onlift-off,pending-upload-or-linking,"current provider URL first, Wayback and IA mirror/link retained where available",,,,,false,,needs-provider-context-review: publication policy assigned | public-asset-batch-placement: publication policy assigned,,0,Batch public-asset layers by provider/topic; add as lower-priority map/source bundles after higher-value geography/election/census work.,"Use provider extent, geometry type, year, and existing Civgraph family as matching keys before creating new records.",,Browse/source/table record unless there is clear interactive map or query use.,"Irish Maritime Development Office | IMQ06 - Container Traffic (Lift On/Lift Off) | formats: CSV, JSON-STAT, PX, XLSX | current URL: https://data.gov.ie/dataset/imq06-container-traffic-lift-onlift-off | IA mirror/download link pending; do not expose local drive paths.",ready-for-approval,staged-only-not-published,metadata/source page,No runtime conversion required unless structured values are later extracted.
medium-prep:7-transport-roads-infrastructure-public-assets:imq07-container-traffic-lift-onlift-off:02212,2213,"7. Transport, roads, infrastructure, public assets","Transport, roads, infrastructure, public assets",data.gov.ie,Irish Maritime Development Office,tabular,IMQ07 - Container Traffic (Lift On/Lift Off),IMQ07 - Container Traffic (Lift On/Lift Off),imq07-container-traffic-lift-onlift-off,Ireland / unspecified,transport-public-asset,features,CSV|JSON-STAT|PX|XLSX,false,false,transport-public-asset-batch-review,Books/Tables/Sources source/download record,[object Object],55,https://data.gov.ie/dataset/imq07-container-traffic-lift-onlift-off,https://web.archive.org/web/*/https://data.gov.ie/dataset/imq07-container-traffic-lift-onlift-off,pending-upload-or-linking,"current provider URL first, Wayback and IA mirror/link retained where available",,,,,false,,needs-provider-context-review: publication policy assigned | public-asset-batch-placement: publication policy assigned,,0,Batch public-asset layers by provider/topic; add as lower-priority map/source bundles after higher-value geography/election/census work.,"Use provider extent, geometry type, year, and existing Civgraph family as matching keys before creating new records.",,Browse/source/table record unless there is clear interactive map or query use.,"Irish Maritime Development Office | IMQ07 - Container Traffic (Lift On/Lift Off) | formats: CSV, JSON-STAT, PX, XLSX | current URL: https://data.gov.ie/dataset/imq07-container-traffic-lift-onlift-off | IA mirror/download link pending; do not expose local drive paths.",ready-for-approval,staged-only-not-published,metadata/source page,No runtime conversion required unless structured values are later extracted.
medium-prep:7-transport-roads-infrastructure-public-assets:imq08-bulk-traffic:02213,2214,"7. Transport, roads, infrastructure, public assets","Transport, roads, infrastructure, public assets",data.gov.ie,Irish Maritime Development Office,tabular,IMQ08 - Bulk Traffic,IMQ08 - Bulk Traffic,imq08-bulk-traffic,Ireland / unspecified,transport-public-asset,features,CSV|JSON-STAT|PX|XLSX,false,false,transport-public-asset-batch-review,Books/Tables/Sources source/download record,[object Object],55,https://data.gov.ie/dataset/imq08-bulk-traffic,https://web.archive.org/web/*/https://data.gov.ie/dataset/imq08-bulk-traffic,pending-upload-or-linking,"current provider URL first, Wayback and IA mirror/link retained where available",,,,,false,,needs-provider-context-review: publication policy assigned | public-asset-batch-placement: publication policy assigned,,0,Batch public-asset layers by provider/topic; add as lower-priority map/source bundles after higher-value geography/election/census work.,"Use provider extent, geometry type, year, and existing Civgraph family as matching keys before creating new records.",,Browse/source/table record unless there is clear interactive map or query use.,"Irish Maritime Development Office | IMQ08 - Bulk Traffic | formats: CSV, JSON-STAT, PX, XLSX | current URL: https://data.gov.ie/dataset/imq08-bulk-traffic | IA mirror/download link pending; do not expose local drive paths.",ready-for-approval,staged-only-not-published,metadata/source page,No runtime conversion required unless structured values are later extracted.
medium-prep:7-transport-roads-infrastructure-public-assets:inspire-strategic-noise-maps-major-railways:02214,2215,"7. Transport, roads, infrastructure, public assets","Transport, roads, infrastructure, public assets",data.gov.ie,Environmental Protection Agency,tabular,INSPIRE Strategic noise maps. Major railways,INSPIRE Strategic noise maps. Major railways,inspire-strategic-noise-maps-major-railways,Ireland / unspecified,transport-public-asset,features,NULL|WMS,true,false,transport-public-asset-batch-review,Books/Tables/Sources source/download record,[object Object],60,https://data.gov.ie/dataset/inspire-strategic-noise-maps-major-railways,https://web.archive.org/web/*/https://data.gov.ie/dataset/inspire-strategic-noise-maps-major-railways,pending-upload-or-linking,"current provider URL first, Wayback and IA mirror/link retained where available",,,,,false,,public-asset-batch-placement: publication policy assigned,,0,Batch public-asset layers by provider/topic; add as lower-priority map/source bundles after higher-value geography/election/census work.,"Use provider extent, geometry type, year, and existing Civgraph family as matching keys before creating new records.",,Browse/source/table record unless there is clear interactive map or query use.,"Environmental Protection Agency | INSPIRE Strategic noise maps. Major railways | formats: NULL, WMS | current URL: https://data.gov.ie/dataset/inspire-strategic-noise-maps-major-railways | IA mirror/download link pending; do not expose local drive paths.",ready-for-approval,staged-only-not-published,metadata/source page,No runtime conversion required unless structured values are later extracted.
medium-prep:7-transport-roads-infrastructure-public-assets:inspire-strategic-noise-maps-noise-contour-map-for-major-railways-lden:02215,2216,"7. Transport, roads, infrastructure, public assets","Transport, roads, infrastructure, public assets",data.gov.ie,Environmental Protection Agency,tabular,INSPIRE Strategic noise maps. Noise contour map for major railways – Lden,INSPIRE Strategic noise maps. Noise contour map for major railways – Lden,inspire-strategic-noise-maps-noise-contour-map-for-major-railways-lden,Ireland / unspecified,transport-public-asset,features,NULL|WMS,true,false,transport-public-asset-batch-review,Books/Tables/Sources source/download record,[object Object],60,https://data.gov.ie/dataset/inspire-strategic-noise-maps-noise-contour-map-for-major-railways-lden,https://web.archive.org/web/*/https://data.gov.ie/dataset/inspire-strategic-noise-maps-noise-contour-map-for-major-railways-lden,pending-upload-or-linking,"current provider URL first, Wayback and IA mirror/link retained where available",,,,,false,,public-asset-batch-placement: publication policy assigned,,0,Batch public-asset layers by provider/topic; add as lower-priority map/source bundles after higher-value geography/election/census work.,"Use provider extent, geometry type, year, and existing Civgraph family as matching keys before creating new records.",,Browse/source/table record unless there is clear interactive map or query use.,"Environmental Protection Agency | INSPIRE Strategic noise maps. Noise contour map for major railways – Lden | formats: NULL, WMS | current URL: https://data.gov.ie/dataset/inspire-strategic-noise-maps-noise-contour-map-for-major-railways-lden | IA mirror/download link pending; do not expose local drive paths.",ready-for-approval,staged-only-not-published,metadata/source page,No runtime conversion required unless structured values are later extracted.
medium-prep:7-transport-roads-infrastructure-public-assets:inspire-strategic-noise-maps-noise-contour-map-for-major-railways-lnight:02216,2217,"7. Transport, roads, infrastructure, public assets","Transport, roads, infrastructure, public assets",data.gov.ie,Environmental Protection Agency,tabular,INSPIRE Strategic noise maps. Noise contour map for major railways – Lnight,INSPIRE Strategic noise maps. Noise contour map for major railways – Lnight,inspire-strategic-noise-maps-noise-contour-map-for-major-railways-lnight,Ireland / unspecified,transport-public-asset,features,NULL|WMS,true,false,transport-public-asset-batch-review,Books/Tables/Sources source/download record,[object Object],60,https://data.gov.ie/dataset/inspire-strategic-noise-maps-noise-contour-map-for-major-railways-lnight,https://web.archive.org/web/*/https://data.gov.ie/dataset/inspire-strategic-noise-maps-noise-contour-map-for-major-railways-lnight,pending-upload-or-linking,"current provider URL first, Wayback and IA mirror/link retained where available",,,,,false,,public-asset-batch-placement: publication policy assigned,,0,Batch public-asset layers by provider/topic; add as lower-priority map/source bundles after higher-value geography/election/census work.,"Use provider extent, geometry type, year, and existing Civgraph family as matching keys before creating new records.",,Browse/source/table record unless there is clear interactive map or query use.,"Environmental Protection Agency | INSPIRE Strategic noise maps. Noise contour map for major railways – Lnight | formats: NULL, WMS | current URL: https://data.gov.ie/dataset/inspire-strategic-noise-maps-noise-contour-map-for-major-railways-lnight | IA mirror/download link pending; do not expose local drive paths.",ready-for-approval,staged-only-not-published,metadata/source page,No runtime conversion required unless structured values are later extracted.
medium-prep:7-transport-roads-infrastructure-public-assets:inspire-strategic-noise-maps-noise-contour-map-for-railway-noise-in-agglomerations-lden:02217,2218,"7. Transport, roads, infrastructure, public assets","Transport, roads, infrastructure, public assets",data.gov.ie,Environmental Protection Agency,tabular,INSPIRE Strategic noise maps. Noise contour map for railway noise in agglomerations – Lden,INSPIRE Strategic noise maps. Noise contour map for railway noise in agglomerations – Lden,inspire-strategic-noise-maps-noise-contour-map-for-railway-noise-in-agglomerations-lden,Ireland / unspecified,transport-public-asset,features,NULL|WMS,true,false,transport-public-asset-batch-review,Books/Tables/Sources source/download record,[object Object],60,https://data.gov.ie/dataset/inspire-strategic-noise-maps-noise-contour-map-for-railway-noise-in-agglomerations-lden,https://web.archive.org/web/*/https://data.gov.ie/dataset/inspire-strategic-noise-maps-noise-contour-map-for-railway-noise-in-agglomerations-lden,pending-upload-or-linking,"current provider URL first, Wayback and IA mirror/link retained where available",,,,,false,,public-asset-batch-placement: publication policy assigned,,0,Batch public-asset layers by provider/topic; add as lower-priority map/source bundles after higher-value geography/election/census work.,"Use provider extent, geometry type, year, and existing Civgraph family as matching keys before creating new records.",,Browse/source/table record unless there is clear interactive map or query use.,"Environmental Protection Agency | INSPIRE Strategic noise maps. Noise contour map for railway noise in agglomerations – Lden | formats: NULL, WMS | current URL: https://data.gov.ie/dataset/inspire-strategic-noise-maps-noise-contour-map-for-railway-noise-in-agglomerations-lden | IA mirror/download link pending; do not expose local drive paths.",ready-for-approval,staged-only-not-published,metadata/source page,No runtime conversion required unless structured values are later extracted.
medium-prep:7-transport-roads-infrastructure-public-assets:inspire-strategic-noise-maps-noise-contour-map-for-railway-noise-in-agglomerations-lnight:02218,2219,"7. Transport, roads, infrastructure, public assets","Transport, roads, infrastructure, public assets",data.gov.ie,Environmental Protection Agency,tabular,INSPIRE Strategic noise maps. Noise contour map for railway noise in agglomerations – Lnight,INSPIRE Strategic noise maps. Noise contour map for railway noise in agglomerations – Lnight,inspire-strategic-noise-maps-noise-contour-map-for-railway-noise-in-agglomerations-lnight,Ireland / unspecified,transport-public-asset,features,NULL|WMS,true,false,transport-public-asset-batch-review,Books/Tables/Sources source/download record,[object Object],60,https://data.gov.ie/dataset/inspire-strategic-noise-maps-noise-contour-map-for-railway-noise-in-agglomerations-lnight,https://web.archive.org/web/*/https://data.gov.ie/dataset/inspire-strategic-noise-maps-noise-contour-map-for-railway-noise-in-agglomerations-lnight,pending-upload-or-linking,"current provider URL first, Wayback and IA mirror/link retained where available",,,,,false,,public-asset-batch-placement: publication policy assigned,,0,Batch public-asset layers by provider/topic; add as lower-priority map/source bundles after higher-value geography/election/census work.,"Use provider extent, geometry type, year, and existing Civgraph family as matching keys before creating new records.",,Browse/source/table record unless there is clear interactive map or query use.,"Environmental Protection Agency | INSPIRE Strategic noise maps. Noise contour map for railway noise in agglomerations – Lnight | formats: NULL, WMS | current URL: https://data.gov.ie/dataset/inspire-strategic-noise-maps-noise-contour-map-for-railway-noise-in-agglomerations-lnight | IA mirror/download link pending; do not expose local drive paths.",ready-for-approval,staged-only-not-published,metadata/source page,No runtime conversion required unless structured values are later extracted.
medium-prep:7-transport-roads-infrastructure-public-assets:ladysbridge-parknahyla-rainfall-data:02222,2223,"7. Transport, roads, infrastructure, public assets","Transport, roads, infrastructure, public assets",data.gov.ie,Met Éireann,tabular,Ladysbridge-Parknahyla Rainfall Data,Ladysbridge-Parknahyla Rainfall Data,ladysbridge-parknahyla-rainfall-data,Ireland / unspecified,transport-public-asset,features,CSV|TXT,false,false,transport-public-asset-batch-review,Books/Tables/Sources source/download record,[object Object],55,https://data.gov.ie/dataset/ladysbridge-parknahyla-rainfall-data,https://web.archive.org/web/*/https://data.gov.ie/dataset/ladysbridge-parknahyla-rainfall-data,pending-upload-or-linking,"current provider URL first, Wayback and IA mirror/link retained where available",,,,,false,,needs-provider-context-review: publication policy assigned | public-asset-batch-placement: publication policy assigned,,0,Batch public-asset layers by provider/topic; add as lower-priority map/source bundles after higher-value geography/election/census work.,"Use provider extent, geometry type, year, and existing Civgraph family as matching keys before creating new records.",,Browse/source/table record unless there is clear interactive map or query use.,"Met Éireann | Ladysbridge-Parknahyla Rainfall Data | formats: CSV, TXT | current URL: https://data.gov.ie/dataset/ladysbridge-parknahyla-rainfall-data | IA mirror/download link pending; do not expose local drive paths.",ready-for-approval,staged-only-not-published,metadata/source page,No runtime conversion required unless structured values are later extracted.
medium-prep:7-transport-roads-infrastructure-public-assets:leighlinbridge-gs-rainfall-data:02223,2224,"7. Transport, roads, infrastructure, public assets","Transport, roads, infrastructure, public assets",data.gov.ie,Met Éireann,tabular,Leighlinbridge G.S. Rainfall Data,Leighlinbridge G.S. Rainfall Data,leighlinbridge-gs-rainfall-data,Ireland / unspecified,transport-public-asset,features,CSV|TXT,false,false,transport-public-asset-batch-review,Books/Tables/Sources source/download record,[object Object],55,https://data.gov.ie/dataset/leighlinbridge-gs-rainfall-data,https://web.archive.org/web/*/https://data.gov.ie/dataset/leighlinbridge-gs-rainfall-data,pending-upload-or-linking,"current provider URL first, Wayback and IA mirror/link retained where available",,,,,false,,needs-provider-context-review: publication policy assigned | public-asset-batch-placement: publication policy assigned,,0,Batch public-asset layers by provider/topic; add as lower-priority map/source bundles after higher-value geography/election/census work.,"Use provider extent, geometry type, year, and existing Civgraph family as matching keys before creating new records.",,Browse/source/table record unless there is clear interactive map or query use.,"Met Éireann | Leighlinbridge G.S. Rainfall Data | formats: CSV, TXT | current URL: https://data.gov.ie/dataset/leighlinbridge-gs-rainfall-data | IA mirror/download link pending; do not expose local drive paths.",ready-for-approval,staged-only-not-published,metadata/source page,No runtime conversion required unless structured values are later extracted.
medium-prep:7-transport-roads-infrastructure-public-assets:lough-dan-oldbridge-rainfall-data:02231,2232,"7. Transport, roads, infrastructure, public assets","Transport, roads, infrastructure, public assets",data.gov.ie,Met Éireann,tabular,Lough Dan (Oldbridge) Rainfall Data,Lough Dan (Oldbridge) Rainfall Data,lough-dan-oldbridge-rainfall-data,Ireland / unspecified,transport-public-asset,features,CSV|TXT,false,false,transport-public-asset-batch-review,Books/Tables/Sources source/download record,[object Object],55,https://data.gov.ie/dataset/lough-dan-oldbridge-rainfall-data,https://web.archive.org/web/*/https://data.gov.ie/dataset/lough-dan-oldbridge-rainfall-data,pending-upload-or-linking,"current provider URL first, Wayback and IA mirror/link retained where available",,,,,false,,needs-provider-context-review: publication policy assigned | public-asset-batch-placement: publication policy assigned,,0,Batch public-asset layers by provider/topic; add as lower-priority map/source bundles after higher-value geography/election/census work.,"Use provider extent, geometry type, year, and existing Civgraph family as matching keys before creating new records.",,Browse/source/table record unless there is clear interactive map or query use.,"Met Éireann | Lough Dan (Oldbridge) Rainfall Data | formats: CSV, TXT | current URL: https://data.gov.ie/dataset/lough-dan-oldbridge-rainfall-data | IA mirror/download link pending; do not expose local drive paths.",ready-for-approval,staged-only-not-published,metadata/source page,No runtime conversion required unless structured values are later extracted.
medium-prep:7-transport-roads-infrastructure-public-assets:newbridge-old-connell-house-rainfall-data:02244,2245,"7. Transport, roads, infrastructure, public assets","Transport, roads, infrastructure, public assets",data.gov.ie,Met Éireann,tabular,Newbridge (Old Connell House) Rainfall Data,Newbridge (Old Connell House) Rainfall Data,newbridge-old-connell-house-rainfall-data,Ireland / unspecified,transport-public-asset,features,CSV|TXT,false,false,transport-public-asset-batch-review,Books/Tables/Sources source/download record,[object Object],55,https://data.gov.ie/dataset/newbridge-old-connell-house-rainfall-data,https://web.archive.org/web/*/https://data.gov.ie/dataset/newbridge-old-connell-house-rainfall-data,pending-upload-or-linking,"current provider URL first, Wayback and IA mirror/link retained where available",,,,,false,,needs-provider-context-review: publication policy assigned | public-asset-batch-placement: publication policy assigned,,0,Batch public-asset layers by provider/topic; add as lower-priority map/source bundles after higher-value geography/election/census work.,"Use provider extent, geometry type, year, and existing Civgraph family as matching keys before creating new records.",,Browse/source/table record unless there is clear interactive map or query use.,"Met Éireann | Newbridge (Old Connell House) Rainfall Data | formats: CSV, TXT | current URL: https://data.gov.ie/dataset/newbridge-old-connell-house-rainfall-data | IA mirror/download link pending; do not expose local drive paths.",ready-for-approval,staged-only-not-published,metadata/source page,No runtime conversion required unless structured values are later extracted.
medium-prep:7-transport-roads-infrastructure-public-assets:newbridge-gs-rainfall-data:02245,2246,"7. Transport, roads, infrastructure, public assets","Transport, roads, infrastructure, public assets",data.gov.ie,Met Éireann,tabular,Newbridge G.S. Rainfall Data,Newbridge G.S. Rainfall Data,newbridge-gs-rainfall-data,Ireland / unspecified,transport-public-asset,features,CSV|TXT,false,false,transport-public-asset-batch-review,Books/Tables/Sources source/download record,[object Object],55,https://data.gov.ie/dataset/newbridge-gs-rainfall-data,https://web.archive.org/web/*/https://data.gov.ie/dataset/newbridge-gs-rainfall-data,pending-upload-or-linking,"current provider URL first, Wayback and IA mirror/link retained where available",,,,,false,,needs-provider-context-review: publication policy assigned | public-asset-batch-placement: publication policy assigned,,0,Batch public-asset layers by provider/topic; add as lower-priority map/source bundles after higher-value geography/election/census work.,"Use provider extent, geometry type, year, and existing Civgraph family as matching keys before creating new records.",,Browse/source/table record unless there is clear interactive map or query use.,"Met Éireann | Newbridge G.S. Rainfall Data | formats: CSV, TXT | current URL: https://data.gov.ie/dataset/newbridge-gs-rainfall-data | IA mirror/download link pending; do not expose local drive paths.",ready-for-approval,staged-only-not-published,metadata/source page,No runtime conversion required unless structured values are later extracted.
medium-prep:7-transport-roads-infrastructure-public-assets:noise-round-1-rail:02277,2278,"7. Transport, roads, infrastructure, public assets","Transport, roads, infrastructure, public assets",data.gov.ie,Environmental Protection Agency,tabular,Noise Round 1 Rail,Noise Round 1 Rail,noise-round-1-rail,Ireland / unspecified,transport-public-asset,features,HTML|JSON|WMS,true,false,transport-public-asset-batch-review,Books/Tables/Sources source/download record,[object Object],60,https://data.gov.ie/dataset/noise-round-1-rail,https://web.archive.org/web/*/https://data.gov.ie/dataset/noise-round-1-rail,pending-upload-or-linking,"current provider URL first, Wayback and IA mirror/link retained where available",,,,,false,,public-asset-batch-placement: publication policy assigned,,0,Batch public-asset layers by provider/topic; add as lower-priority map/source bundles after higher-value geography/election/census work.,"Use provider extent, geometry type, year, and existing Civgraph family as matching keys before creating new records.",,Browse/source/table record unless there is clear interactive map or query use.,"Environmental Protection Agency | Noise Round 1 Rail | formats: HTML, JSON, WMS | current URL: https://data.gov.ie/dataset/noise-round-1-rail | IA mirror/download link pending; do not expose local drive paths.",ready-for-approval,staged-only-not-published,metadata/source page,No runtime conversion required unless structured values are later extracted.
medium-prep:7-transport-roads-infrastructure-public-assets:noise-round-3-rail-lden:02278,2279,"7. Transport, roads, infrastructure, public assets","Transport, roads, infrastructure, public assets",data.gov.ie,Environmental Protection Agency,tabular,Noise Round 3 Rail (Lden),Noise Round 3 Rail (Lden),noise-round-3-rail-lden,Ireland / unspecified,transport-public-asset,features,HTML|NULL|WMS,true,false,transport-public-asset-batch-review,Books/Tables/Sources source/download record,[object Object],60,https://data.gov.ie/dataset/noise-round-3-rail-lden,https://web.archive.org/web/*/https://data.gov.ie/dataset/noise-round-3-rail-lden,pending-upload-or-linking,"current provider URL first, Wayback and IA mirror/link retained where available",,,,,false,,public-asset-batch-placement: publication policy assigned,,0,Batch public-asset layers by provider/topic; add as lower-priority map/source bundles after higher-value geography/election/census work.,"Use provider extent, geometry type, year, and existing Civgraph family as matching keys before creating new records.",,Browse/source/table record unless there is clear interactive map or query use.,"Environmental Protection Agency | Noise Round 3 Rail (Lden) | formats: HTML, NULL, WMS | current URL: https://data.gov.ie/dataset/noise-round-3-rail-lden | IA mirror/download link pending; do not expose local drive paths.",ready-for-approval,staged-only-not-published,metadata/source page,No runtime conversion required unless structured values are later extracted.
medium-prep:7-transport-roads-infrastructure-public-assets:noise-round-3-rail-lnight:02279,2280,"7. Transport, roads, infrastructure, public assets","Transport, roads, infrastructure, public assets",data.gov.ie,Environmental Protection Agency,tabular,Noise Round 3 Rail (Lnight),Noise Round 3 Rail (Lnight),noise-round-3-rail-lnight,Ireland / unspecified,transport-public-asset,features,HTML|NULL|WMS,true,false,transport-public-asset-batch-review,Books/Tables/Sources source/download record,[object Object],60,https://data.gov.ie/dataset/noise-round-3-rail-lnight,https://web.archive.org/web/*/https://data.gov.ie/dataset/noise-round-3-rail-lnight,pending-upload-or-linking,"current provider URL first, Wayback and IA mirror/link retained where available",,,,,false,,public-asset-batch-placement: publication policy assigned,,0,Batch public-asset layers by provider/topic; add as lower-priority map/source bundles after higher-value geography/election/census work.,"Use provider extent, geometry type, year, and existing Civgraph family as matching keys before creating new records.",,Browse/source/table record unless there is clear interactive map or query use.,"Environmental Protection Agency | Noise Round 3 Rail (Lnight) | formats: HTML, NULL, WMS | current URL: https://data.gov.ie/dataset/noise-round-3-rail-lnight | IA mirror/download link pending; do not expose local drive paths.",ready-for-approval,staged-only-not-published,metadata/source page,No runtime conversion required unless structured values are later extracted.
medium-prep:7-transport-roads-infrastructure-public-assets:oldbridge-oakview-rainfall-data:02280,2281,"7. Transport, roads, infrastructure, public assets","Transport, roads, infrastructure, public assets",data.gov.ie,Met Éireann,tabular,Oldbridge (Oakview) Rainfall Data,Oldbridge (Oakview) Rainfall Data,oldbridge-oakview-rainfall-data,Ireland / unspecified,transport-public-asset,features,CSV|TXT,false,false,transport-public-asset-batch-review,Books/Tables/Sources source/download record,[object Object],55,https://data.gov.ie/dataset/oldbridge-oakview-rainfall-data,https://web.archive.org/web/*/https://data.gov.ie/dataset/oldbridge-oakview-rainfall-data,pending-upload-or-linking,"current provider URL first, Wayback and IA mirror/link retained where available",,,,,false,,needs-provider-context-review: publication policy assigned | public-asset-batch-placement: publication policy assigned,,0,Batch public-asset layers by provider/topic; add as lower-priority map/source bundles after higher-value geography/election/census work.,"Use provider extent, geometry type, year, and existing Civgraph family as matching keys before creating new records.",,Browse/source/table record unless there is clear interactive map or query use.,"Met Éireann | Oldbridge (Oakview) Rainfall Data | formats: CSV, TXT | current URL: https://data.gov.ie/dataset/oldbridge-oakview-rainfall-data | IA mirror/download link pending; do not expose local drive paths.",ready-for-approval,staged-only-not-published,metadata/source page,No runtime conversion required unless structured values are later extracted.
medium-prep:7-transport-roads-infrastructure-public-assets:railyard-gs-rainfall-data:02290,2291,"7. Transport, roads, infrastructure, public assets","Transport, roads, infrastructure, public assets",data.gov.ie,Met Éireann,tabular,Railyard G.S. Rainfall Data,Railyard G.S. Rainfall Data,railyard-gs-rainfall-data,Ireland / unspecified,transport-public-asset,features,CSV|TXT,false,false,transport-public-asset-batch-review,Books/Tables/Sources source/download record,[object Object],55,https://data.gov.ie/dataset/railyard-gs-rainfall-data,https://web.archive.org/web/*/https://data.gov.ie/dataset/railyard-gs-rainfall-data,pending-upload-or-linking,"current provider URL first, Wayback and IA mirror/link retained where available",,,,,false,,needs-provider-context-review: publication policy assigned | public-asset-batch-placement: publication policy assigned,,0,Batch public-asset layers by provider/topic; add as lower-priority map/source bundles after higher-value geography/election/census work.,"Use provider extent, geometry type, year, and existing Civgraph family as matching keys before creating new records.",,Browse/source/table record unless there is clear interactive map or query use.,"Met Éireann | Railyard G.S. Rainfall Data | formats: CSV, TXT | current URL: https://data.gov.ie/dataset/railyard-gs-rainfall-data | IA mirror/download link pending; do not expose local drive paths.",ready-for-approval,staged-only-not-published,metadata/source page,No runtime conversion required unless structured values are later extracted.
medium-prep:7-transport-roads-infrastructure-public-assets:shannonbridge-gs-rainfall-data:02300,2301,"7. Transport, roads, infrastructure, public assets","Transport, roads, infrastructure, public assets",data.gov.ie,Met Éireann,tabular,Shannonbridge G.S. Rainfall Data,Shannonbridge G.S. Rainfall Data,shannonbridge-gs-rainfall-data,Ireland / unspecified,transport-public-asset,features,CSV|TXT,false,false,transport-public-asset-batch-review,Books/Tables/Sources source/download record,[object Object],55,https://data.gov.ie/dataset/shannonbridge-gs-rainfall-data,https://web.archive.org/web/*/https://data.gov.ie/dataset/shannonbridge-gs-rainfall-data,pending-upload-or-linking,"current provider URL first, Wayback and IA mirror/link retained where available",,,,,false,,needs-provider-context-review: publication policy assigned | public-asset-batch-placement: publication policy assigned,,0,Batch public-asset layers by provider/topic; add as lower-priority map/source bundles after higher-value geography/election/census work.,"Use provider extent, geometry type, year, and existing Civgraph family as matching keys before creating new records.",,Browse/source/table record unless there is clear interactive map or query use.,"Met Éireann | Shannonbridge G.S. Rainfall Data | formats: CSV, TXT | current URL: https://data.gov.ie/dataset/shannonbridge-gs-rainfall-data | IA mirror/download link pending; do not expose local drive paths.",ready-for-approval,staged-only-not-published,metadata/source page,No runtime conversion required unless structured values are later extracted.
medium-prep:7-transport-roads-infrastructure-public-assets:sixmilebridge-gs-rainfall-data:02302,2303,"7. Transport, roads, infrastructure, public assets","Transport, roads, infrastructure, public assets",data.gov.ie,Met Éireann,tabular,Sixmilebridge G.S. Rainfall Data,Sixmilebridge G.S. Rainfall Data,sixmilebridge-gs-rainfall-data,Ireland / unspecified,transport-public-asset,features,CSV|TXT,false,false,transport-public-asset-batch-review,Books/Tables/Sources source/download record,[object Object],55,https://data.gov.ie/dataset/sixmilebridge-gs-rainfall-data,https://web.archive.org/web/*/https://data.gov.ie/dataset/sixmilebridge-gs-rainfall-data,pending-upload-or-linking,"current provider URL first, Wayback and IA mirror/link retained where available",,,,,false,,needs-provider-context-review: publication policy assigned | public-asset-batch-placement: publication policy assigned,,0,Batch public-asset layers by provider/topic; add as lower-priority map/source bundles after higher-value geography/election/census work.,"Use provider extent, geometry type, year, and existing Civgraph family as matching keys before creating new records.",,Browse/source/table record unless there is clear interactive map or query use.,"Met Éireann | Sixmilebridge G.S. Rainfall Data | formats: CSV, TXT | current URL: https://data.gov.ie/dataset/sixmilebridge-gs-rainfall-data | IA mirror/download link pending; do not expose local drive paths.",ready-for-approval,staged-only-not-published,metadata/source page,No runtime conversion required unless structured values are later extracted.
medium-prep:7-transport-roads-infrastructure-public-assets:tallowbridge-rainfall-data:02310,2311,"7. Transport, roads, infrastructure, public assets","Transport, roads, infrastructure, public assets",data.gov.ie,Met Éireann,tabular,Tallowbridge Rainfall Data,Tallowbridge Rainfall Data,tallowbridge-rainfall-data,Ireland / unspecified,transport-public-asset,features,CSV|TXT,false,false,transport-public-asset-batch-review,Books/Tables/Sources source/download record,[object Object],55,https://data.gov.ie/dataset/tallowbridge-rainfall-data,https://web.archive.org/web/*/https://data.gov.ie/dataset/tallowbridge-rainfall-data,pending-upload-or-linking,"current provider URL first, Wayback and IA mirror/link retained where available",,,,,false,,needs-provider-context-review: publication policy assigned | public-asset-batch-placement: publication policy assigned,,0,Batch public-asset layers by provider/topic; add as lower-priority map/source bundles after higher-value geography/election/census work.,"Use provider extent, geometry type, year, and existing Civgraph family as matching keys before creating new records.",,Browse/source/table record unless there is clear interactive map or query use.,"Met Éireann | Tallowbridge Rainfall Data | formats: CSV, TXT | current URL: https://data.gov.ie/dataset/tallowbridge-rainfall-data | IA mirror/download link pending; do not expose local drive paths.",ready-for-approval,staged-only-not-published,metadata/source page,No runtime conversion required unless structured values are later extracted.
medium-prep:7-transport-roads-infrastructure-public-assets:tca01-passenger-journeys-by-rail-thousand:02312,2313,"7. Transport, roads, infrastructure, public assets","Transport, roads, infrastructure, public assets",data.gov.ie,Iarnród Éireann,tabular,TCA01 - Passenger Journeys by Rail (Thousand),TCA01 - Passenger Journeys by Rail (Thousand),tca01-passenger-journeys-by-rail-thousand,Ireland / unspecified,transport-public-asset,features,CSV|JSON-STAT|PX|XLSX,false,false,transport-public-asset-batch-review,Books/Tables/Sources source/download record,[object Object],55,https://data.gov.ie/dataset/tca01-passenger-journeys-by-rail-thousand,https://web.archive.org/web/*/https://data.gov.ie/dataset/tca01-passenger-journeys-by-rail-thousand,pending-upload-or-linking,"current provider URL first, Wayback and IA mirror/link retained where available",,,,,false,,needs-provider-context-review: publication policy assigned | public-asset-batch-placement: publication policy assigned,,0,Batch public-asset layers by provider/topic; add as lower-priority map/source bundles after higher-value geography/election/census work.,"Use provider extent, geometry type, year, and existing Civgraph family as matching keys before creating new records.",,Browse/source/table record unless there is clear interactive map or query use.,"Iarnród Éireann | TCA01 - Passenger Journeys by Rail (Thousand) | formats: CSV, JSON-STAT, PX, XLSX | current URL: https://data.gov.ie/dataset/tca01-passenger-journeys-by-rail-thousand | IA mirror/download link pending; do not expose local drive paths.",ready-for-approval,staged-only-not-published,metadata/source page,No runtime conversion required unless structured values are later extracted.
medium-prep:7-transport-roads-infrastructure-public-assets:tca02-rail-traffic:02313,2314,"7. Transport, roads, infrastructure, public assets","Transport, roads, infrastructure, public assets",data.gov.ie,Iarnród Éireann,tabular,TCA02 - Rail Traffic,TCA02 - Rail Traffic,tca02-rail-traffic,Ireland / unspecified,transport-public-asset,features,CSV|JSON-STAT|PX|XLSX,false,false,transport-public-asset-batch-review,Books/Tables/Sources source/download record,[object Object],55,https://data.gov.ie/dataset/tca02-rail-traffic,https://web.archive.org/web/*/https://data.gov.ie/dataset/tca02-rail-traffic,pending-upload-or-linking,"current provider URL first, Wayback and IA mirror/link retained where available",,,,,false,,needs-provider-context-review: publication policy assigned | public-asset-batch-placement: publication policy assigned,,0,Batch public-asset layers by provider/topic; add as lower-priority map/source bundles after higher-value geography/election/census work.,"Use provider extent, geometry type, year, and existing Civgraph family as matching keys before creating new records.",,Browse/source/table record unless there is clear interactive map or query use.,"Iarnród Éireann | TCA02 - Rail Traffic | formats: CSV, JSON-STAT, PX, XLSX | current URL: https://data.gov.ie/dataset/tca02-rail-traffic | IA mirror/download link pending; do not expose local drive paths.",ready-for-approval,staged-only-not-published,metadata/source page,No runtime conversion required unless structured values are later extracted.
medium-prep:7-transport-roads-infrastructure-public-assets:tca03-principal-commodities-conveyed-by-rail:02314,2315,"7. Transport, roads, infrastructure, public assets","Transport, roads, infrastructure, public assets",data.gov.ie,Iarnród Éireann,tabular,TCA03 - Principal Commodities Conveyed by Rail,TCA03 - Principal Commodities Conveyed by Rail,tca03-principal-commodities-conveyed-by-rail,Ireland / unspecified,transport-public-asset,features,CSV|JSON-STAT|PX|XLSX,false,false,transport-public-asset-batch-review,Books/Tables/Sources source/download record,[object Object],55,https://data.gov.ie/dataset/tca03-principal-commodities-conveyed-by-rail,https://web.archive.org/web/*/https://data.gov.ie/dataset/tca03-principal-commodities-conveyed-by-rail,pending-upload-or-linking,"current provider URL first, Wayback and IA mirror/link retained where available",,,,,false,,needs-provider-context-review: publication policy assigned | public-asset-batch-placement: publication policy assigned,,0,Batch public-asset layers by provider/topic; add as lower-priority map/source bundles after higher-value geography/election/census work.,"Use provider extent, geometry type, year, and existing Civgraph family as matching keys before creating new records.",,Browse/source/table record unless there is clear interactive map or query use.,"Iarnród Éireann | TCA03 - Principal Commodities Conveyed by Rail | formats: CSV, JSON-STAT, PX, XLSX | current URL: https://data.gov.ie/dataset/tca03-principal-commodities-conveyed-by-rail | IA mirror/download link pending; do not expose local drive paths.",ready-for-approval,staged-only-not-published,metadata/source page,No runtime conversion required unless structured values are later extracted.
medium-prep:7-transport-roads-infrastructure-public-assets:toa21-rail-infrastructure:02318,2319,"7. Transport, roads, infrastructure, public assets","Transport, roads, infrastructure, public assets",data.gov.ie,Iarnród Éireann,tabular,TOA21 - Rail infrastructure,TOA21 - Rail infrastructure,toa21-rail-infrastructure,Ireland / unspecified,transport-public-asset,features,CSV|JSON-STAT|PX|XLSX,false,false,transport-public-asset-batch-review,Books/Tables/Sources source/download record,[object Object],55,https://data.gov.ie/dataset/toa21-rail-infrastructure,https://web.archive.org/web/*/https://data.gov.ie/dataset/toa21-rail-infrastructure,pending-upload-or-linking,"current provider URL first, Wayback and IA mirror/link retained where available",,,,,false,,needs-provider-context-review: publication policy assigned | public-asset-batch-placement: publication policy assigned,,0,Batch public-asset layers by provider/topic; add as lower-priority map/source bundles after higher-value geography/election/census work.,"Use provider extent, geometry type, year, and existing Civgraph family as matching keys before creating new records.",,Browse/source/table record unless there is clear interactive map or query use.,"Iarnród Éireann | TOA21 - Rail infrastructure | formats: CSV, JSON-STAT, PX, XLSX | current URL: https://data.gov.ie/dataset/toa21-rail-infrastructure | IA mirror/download link pending; do not expose local drive paths.",ready-for-approval,staged-only-not-published,metadata/source page,No runtime conversion required unless structured values are later extracted.
medium-prep:7-transport-roads-infrastructure-public-assets:wfd-areas-for-action-cycle-2:02340,2341,"7. Transport, roads, infrastructure, public assets","Transport, roads, infrastructure, public assets",data.gov.ie,Environmental Protection Agency,tabular,WFD Areas For Action Cycle 2,WFD Areas For Action Cycle 2,wfd-areas-for-action-cycle-2,Ireland / unspecified,transport-public-asset,features,HTML|JSON|WMS,true,false,transport-public-asset-batch-review,Books/Tables/Sources source/download record,[object Object],60,https://data.gov.ie/dataset/wfd-areas-for-action-cycle-2,https://web.archive.org/web/*/https://data.gov.ie/dataset/wfd-areas-for-action-cycle-2,pending-upload-or-linking,"current provider URL first, Wayback and IA mirror/link retained where available",,,,,false,,public-asset-batch-placement: publication policy assigned,,0,Batch public-asset layers by provider/topic; add as lower-priority map/source bundles after higher-value geography/election/census work.,"Use provider extent, geometry type, year, and existing Civgraph family as matching keys before creating new records.",,Browse/source/table record unless there is clear interactive map or query use.,"Environmental Protection Agency | WFD Areas For Action Cycle 2 | formats: HTML, JSON, WMS | current URL: https://data.gov.ie/dataset/wfd-areas-for-action-cycle-2 | IA mirror/download link pending; do not expose local drive paths.",ready-for-approval,staged-only-not-published,metadata/source page,No runtime conversion required unless structured values are later extracted.
medium-prep:7-transport-roads-infrastructure-public-assets:wfd-areas-for-action-cycle-3:02341,2342,"7. Transport, roads, infrastructure, public assets","Transport, roads, infrastructure, public assets",data.gov.ie,Environmental Protection Agency,tabular,WFD Areas For Action Cycle 3,WFD Areas For Action Cycle 3,wfd-areas-for-action-cycle-3,Ireland / unspecified,transport-public-asset,features,HTML|JSON|WMS,true,false,transport-public-asset-batch-review,Books/Tables/Sources source/download record,[object Object],60,https://data.gov.ie/dataset/wfd-areas-for-action-cycle-3,https://web.archive.org/web/*/https://data.gov.ie/dataset/wfd-areas-for-action-cycle-3,pending-upload-or-linking,"current provider URL first, Wayback and IA mirror/link retained where available",,,,,false,,public-asset-batch-placement: publication policy assigned,,0,Batch public-asset layers by provider/topic; add as lower-priority map/source bundles after higher-value geography/election/census work.,"Use provider extent, geometry type, year, and existing Civgraph family as matching keys before creating new records.",,Browse/source/table record unless there is clear interactive map or query use.,"Environmental Protection Agency | WFD Areas For Action Cycle 3 | formats: HTML, JSON, WMS | current URL: https://data.gov.ie/dataset/wfd-areas-for-action-cycle-3 | IA mirror/download link pending; do not expose local drive paths.",ready-for-approval,staged-only-not-published,metadata/source page,No runtime conversion required unless structured values are later extracted.
medium-prep:7-transport-roads-infrastructure-public-assets:noise-round-2-rail-night-time:02345,2346,"7. Transport, roads, infrastructure, public assets","Transport, roads, infrastructure, public assets",data.gov.ie,Environmental Protection Agency,service,Noise Round 2 Rail (Night Time),Noise Round 2 Rail (Night Time),noise-round-2-rail-night-time,Ireland / unspecified,transport-public-asset,features,HTML|WMS,true,false,transport-public-asset-batch-review,Books/Tables/Sources source/download record,[object Object],60,https://data.gov.ie/dataset/noise-round-2-rail-night-time,https://web.archive.org/web/*/https://data.gov.ie/dataset/noise-round-2-rail-night-time,pending-upload-or-linking,"current provider URL first, Wayback and IA mirror/link retained where available",,,,,false,,public-asset-batch-placement: publication policy assigned,,0,Batch public-asset layers by provider/topic; add as lower-priority map/source bundles after higher-value geography/election/census work.,"Use provider extent, geometry type, year, and existing Civgraph family as matching keys before creating new records.",,Browse/source/table record unless there is clear interactive map or query use.,"Environmental Protection Agency | Noise Round 2 Rail (Night Time) | formats: HTML, WMS | current URL: https://data.gov.ie/dataset/noise-round-2-rail-night-time | IA mirror/download link pending; do not expose local drive paths.",ready-for-approval,staged-only-not-published,metadata/source page,No runtime conversion required unless structured values are later extracted.
