DZ21,label,con,yes_raw,yes,pop
N20000001,Dunsilly_A1,SOUTH ANTRIM,14.24,23.9,594.0
N20000004,Dunsilly_A3,SOUTH ANTRIM,36.08,45.8,520.0
N20000005,Dunsilly_B2,SOUTH ANTRIM,11.81,21.5,556.0
N20000006,Dunsilly_A4,SOUTH ANTRIM,29.66,39.4,357.0
N20000007,Dunsilly_C1,SOUTH ANTRIM,62.41,72.1,714.0
N20000008,Dunsilly_A5,SOUTH ANTRIM,40.87,50.6,512.0
N20000009,Dunsilly_A6,SOUTH ANTRIM,19.9,29.6,313.0
N20000010,Dunsilly_B3,SOUTH ANTRIM,11.7,21.4,443.0
N20000011,Dunsilly_D1,SOUTH ANTRIM,24.14,33.8,409.0
N20000012,Dunsilly_D2,SOUTH ANTRIM,19.91,29.6,448.0
N20000013,Dunsilly_F1,SOUTH ANTRIM,27.5,37.2,359.0
N20000015,Dunsilly_C2,SOUTH ANTRIM,64.12,73.8,451.0
N20000016,Dunsilly_E1,SOUTH ANTRIM,42.31,52.0,360.0
N20000017,Dunsilly_E2,SOUTH ANTRIM,62.57,72.3,527.0
N20000018,Dunsilly_E3,SOUTH ANTRIM,60.8,70.5,376.0
N20000019,Dunsilly_D4,SOUTH ANTRIM,36.37,46.1,351.0
N20000020,Dunsilly_D5,SOUTH ANTRIM,41.21,50.9,452.0
N20000022,Dunsilly_C3,SOUTH ANTRIM,64.0,73.7,307.0
N20000023,Dunsilly_D6,SOUTH ANTRIM,44.04,53.7,401.0
N20000025,Dunsilly_F2,SOUTH ANTRIM,36.26,45.9,263.0
N20000026,Dunsilly_B4,SOUTH ANTRIM,10.62,20.3,481.0
N20000027,Dunsilly_F3,SOUTH ANTRIM,38.71,48.4,361.0
N20000028,Dunsilly_F4,SOUTH ANTRIM,44.24,53.9,432.0
N20000030,Dunsilly_B5,SOUTH ANTRIM,15.75,25.4,402.0
N20000031,Dunsilly_B6,SOUTH ANTRIM,11.51,21.2,450.0
N20000032,Dunsilly_F6,SOUTH ANTRIM,61.23,70.9,349.0
N20000033,Dunsilly_F7,SOUTH ANTRIM,60.57,70.3,415.0
N20000034,Dunsilly_F8,SOUTH ANTRIM,61.97,71.7,335.0
N20000035,Antrim_A1,SOUTH ANTRIM,40.97,50.7,495.0
N20000036,Antrim_A2,SOUTH ANTRIM,39.88,49.6,263.0
N20000037,Antrim_A3,SOUTH ANTRIM,39.09,48.8,288.0
N20000038,Antrim_B1,SOUTH ANTRIM,33.29,43.0,491.0
N20000039,Antrim_B2,SOUTH ANTRIM,29.93,39.6,437.0
N20000040,Antrim_A4,SOUTH ANTRIM,45.99,55.7,243.0
N20000041,Antrim_C1,SOUTH ANTRIM,33.53,43.2,735.0
N20000042,Antrim_B3,SOUTH ANTRIM,34.17,43.9,473.0
N20000043,Antrim_D1,SOUTH ANTRIM,32.29,42.0,551.0
N20000044,Antrim_C2,SOUTH ANTRIM,33.15,42.8,391.0
N20000045,Antrim_C3,SOUTH ANTRIM,38.88,48.6,386.0
N20000046,Antrim_D2,SOUTH ANTRIM,21.9,31.6,446.0
N20000047,Antrim_D3,SOUTH ANTRIM,27.51,37.2,424.0
N20000048,Antrim_C4,SOUTH ANTRIM,36.8,46.5,487.0
N20000049,Antrim_G1,SOUTH ANTRIM,46.4,56.1,489.0
N20000051,Antrim_F1,SOUTH ANTRIM,53.8,63.5,371.0
N20000052,Antrim_F2,SOUTH ANTRIM,28.87,38.6,399.0
N20000053,Antrim_E2,SOUTH ANTRIM,37.02,46.7,317.0
N20000054,Antrim_D4,SOUTH ANTRIM,19.03,28.7,412.0
N20000055,Antrim_E3,SOUTH ANTRIM,19.93,29.6,260.0
N20000056,Antrim_E4,SOUTH ANTRIM,30.17,39.9,356.0
N20000057,Antrim_G2,SOUTH ANTRIM,38.78,48.5,392.0
N20000058,Antrim_H1,SOUTH ANTRIM,22.88,32.6,311.0
N20000059,Antrim_F3,SOUTH ANTRIM,44.03,53.7,332.0
N20000060,Antrim_J1,SOUTH ANTRIM,35.77,45.5,285.0
N20000061,Antrim_H2,SOUTH ANTRIM,26.7,36.4,307.0
N20000062,Antrim_H3,SOUTH ANTRIM,21.5,31.2,473.0
N20000063,Antrim_G3,SOUTH ANTRIM,34.53,44.2,316.0
N20000064,Antrim_J2,SOUTH ANTRIM,30.18,39.9,351.0
N20000065,Antrim_J3,SOUTH ANTRIM,33.9,43.6,414.0
N20000066,Antrim_K1,SOUTH ANTRIM,43.22,52.9,249.0
N20000067,Antrim_K2,SOUTH ANTRIM,39.78,49.5,365.0
N20000068,Antrim_G4,SOUTH ANTRIM,30.52,40.2,369.0
N20000069,Antrim_L1,SOUTH ANTRIM,29.71,39.4,363.0
N20000070,Antrim_J4,SOUTH ANTRIM,27.72,37.4,373.0
N20000071,Antrim_G5,SOUTH ANTRIM,33.13,42.8,266.0
N20000072,Antrim_L2,SOUTH ANTRIM,25.4,35.1,447.0
N20000073,Antrim_F4,SOUTH ANTRIM,19.1,28.8,385.0
N20000074,Antrim_K3,SOUTH ANTRIM,17.75,27.4,389.0
N20000075,Antrim_L3,SOUTH ANTRIM,30.35,40.0,328.0
N20000076,Antrim_N1,SOUTH ANTRIM,36.92,46.6,310.0
N20000077,Antrim_N2,SOUTH ANTRIM,25.23,34.9,262.0
N20000078,Antrim_F5,SOUTH ANTRIM,21.29,31.0,274.0
N20000079,Antrim_K4,SOUTH ANTRIM,14.03,23.7,293.0
N20000080,Antrim_J5,SOUTH ANTRIM,25.06,34.7,509.0
N20000081,Antrim_N3,SOUTH ANTRIM,26.46,36.2,270.0
N20000082,Antrim_K5,SOUTH ANTRIM,15.42,25.1,358.0
N20000083,Antrim_N4,SOUTH ANTRIM,29.31,39.0,240.0
N20000084,Antrim_N5,SOUTH ANTRIM,33.12,42.8,262.0
N20000085,Antrim_L4,SOUTH ANTRIM,25.6,35.3,465.0
N20000086,Ballyclare_F1,SOUTH ANTRIM,10.54,20.2,492.0
N20000087,Ballyclare_A1,SOUTH ANTRIM,10.19,19.9,390.0
N20000088,Ballyclare_F2,SOUTH ANTRIM,10.12,19.8,380.0
N20000089,Ballyclare_F3,SOUTH ANTRIM,12.49,22.2,530.0
N20000090,Ballyclare_B1,SOUTH ANTRIM,12.89,22.6,601.0
N20000091,Ballyclare_A2,SOUTH ANTRIM,10.04,19.7,396.0
N20000092,Ballyclare_B2,SOUTH ANTRIM,13.32,23.0,619.0
N20000093,Ballyclare_B3,SOUTH ANTRIM,11.45,21.1,338.0
N20000094,Ballyclare_B4,SOUTH ANTRIM,11.74,21.4,299.0
N20000096,Ballyclare_A3,SOUTH ANTRIM,11.38,21.1,464.0
N20000097,Ballyclare_B5,SOUTH ANTRIM,10.98,20.7,502.0
N20000100,Ballyclare_F4,SOUTH ANTRIM,10.35,20.0,593.0
N20000101,Ballyclare_D2,SOUTH ANTRIM,10.75,20.4,369.0
N20000102,Ballyclare_D3,SOUTH ANTRIM,13.2,22.9,363.0
N20000103,Ballyclare_C2,SOUTH ANTRIM,14.37,24.1,312.0
N20000104,Ballyclare_C3,SOUTH ANTRIM,12.75,22.4,387.0
N20000105,Ballyclare_C4,SOUTH ANTRIM,16.09,25.8,322.0
N20000106,Ballyclare_D4,SOUTH ANTRIM,11.99,21.7,342.0
N20000107,Ballyclare_D5,SOUTH ANTRIM,16.84,26.5,323.0
N20000108,Ballyclare_C5,SOUTH ANTRIM,14.81,24.5,301.0
N20000109,Ballyclare_E1,SOUTH ANTRIM,10.81,20.5,439.0
N20000110,Ballyclare_E2,SOUTH ANTRIM,10.5,20.2,507.0
N20000111,Ballyclare_E3,SOUTH ANTRIM,11.36,21.1,472.0
N20000112,Ballyclare_C6,SOUTH ANTRIM,12.94,22.6,262.0
N20000113,Ballyclare_D6,SOUTH ANTRIM,12.45,22.1,326.0
N20000114,Ballyclare_E4,SOUTH ANTRIM,11.19,20.9,368.0
N20000115,Ballyclare_E5,SOUTH ANTRIM,12.11,21.8,593.0
N20000116,Ballyclare_G1,SOUTH ANTRIM,13.94,23.6,255.0
N20000117,Ballyclare_G2,SOUTH ANTRIM,10.26,19.9,292.0
N20000118,Ballyclare_G3,SOUTH ANTRIM,10.49,20.2,334.0
N20000119,Ballyclare_G4,SOUTH ANTRIM,11.31,21.0,270.0
N20000120,Ballyclare_H1,SOUTH ANTRIM,10.44,20.1,344.0
N20000121,Ballyclare_F5,SOUTH ANTRIM,12.49,22.2,578.0
N20000122,Ballyclare_H2,SOUTH ANTRIM,10.2,19.9,551.0
N20000123,Ballyclare_H3,SOUTH ANTRIM,11.84,21.5,386.0
N20000124,Three_Mile_Water_A1,SOUTH ANTRIM,14.5,24.2,385.0
N20000125,Three_Mile_Water_B1,SOUTH ANTRIM,12.97,22.7,382.0
N20000126,Three_Mile_Water_C1,EAST ANTRIM,20.03,29.7,470.0
N20000127,Three_Mile_Water_A2,SOUTH ANTRIM,12.94,22.6,165.0
N20000128,Three_Mile_Water_C2,EAST ANTRIM,18.13,27.8,555.0
N20000129,Three_Mile_Water_A3,SOUTH ANTRIM,15.14,24.8,606.0
N20000130,Three_Mile_Water_D1,SOUTH ANTRIM,14.1,23.8,462.0
N20000131,Three_Mile_Water_A4,SOUTH ANTRIM,13.94,23.6,289.0
N20000132,Three_Mile_Water_E1,EAST ANTRIM,25.01,34.7,494.0
N20000133,Three_Mile_Water_C3,EAST ANTRIM,17.13,26.8,605.0
N20000134,Three_Mile_Water_E2,EAST ANTRIM,23.63,33.3,535.0
N20000135,Three_Mile_Water_D2,SOUTH ANTRIM,17.81,27.5,465.0
N20000136,Three_Mile_Water_D3,SOUTH ANTRIM,13.52,23.2,451.0
N20000137,Three_Mile_Water_B2,EAST ANTRIM,12.87,22.6,407.0
N20000138,Three_Mile_Water_K1,EAST ANTRIM,11.94,21.6,420.0
N20000139,Three_Mile_Water_B3,SOUTH ANTRIM,13.61,23.3,400.0
N20000140,Three_Mile_Water_G1,EAST ANTRIM,31.53,41.2,609.0
N20000141,Three_Mile_Water_A5,SOUTH ANTRIM,18.76,28.4,299.0
N20000143,Three_Mile_Water_E3,EAST ANTRIM,22.11,31.8,520.0
N20000144,Three_Mile_Water_D4,SOUTH ANTRIM,18.52,28.2,311.0
N20000145,Three_Mile_Water_F2,SOUTH ANTRIM,12.97,22.7,223.0
N20000146,Three_Mile_Water_J1,EAST ANTRIM,13.83,23.5,295.0
N20000149,Three_Mile_Water_E4,EAST ANTRIM,21.51,31.2,515.0
N20000150,Three_Mile_Water_J2,EAST ANTRIM,11.04,20.7,250.0
N20000151,Three_Mile_Water_H2,SOUTH ANTRIM,16.74,26.4,513.0
N20000152,Three_Mile_Water_G2,EAST ANTRIM,27.0,36.7,333.0
N20000153,Three_Mile_Water_K2,EAST ANTRIM,11.09,20.8,467.0
N20000154,Three_Mile_Water_F4,SOUTH ANTRIM,11.87,21.6,567.0
N20000156,Three_Mile_Water_H3,SOUTH ANTRIM,18.2,27.9,541.0
N20000157,Three_Mile_Water_H4,SOUTH ANTRIM,19.0,28.7,546.0
N20000158,Three_Mile_Water_G3,EAST ANTRIM,21.17,30.9,505.0
N20000159,Three_Mile_Water_J4,EAST ANTRIM,12.26,22.0,276.0
N20000160,Three_Mile_Water_G4,EAST ANTRIM,26.15,35.8,242.0
N20000161,Three_Mile_Water_K3,EAST ANTRIM,27.22,36.9,422.0
N20000162,Three_Mile_Water_G5,EAST ANTRIM,20.31,30.0,647.0
N20000163,Three_Mile_Water_K4,EAST ANTRIM,21.98,31.7,396.0
N20000164,Macedon_A1,BELFAST NORTH,27.21,36.9,445.0
N20000165,Macedon_A2,BELFAST NORTH,15.12,24.8,377.0
N20000166,Macedon_B1,EAST ANTRIM,23.66,33.4,330.0
N20000167,Macedon_B2,EAST ANTRIM,22.39,32.1,263.0
N20000168,Macedon_C1,BELFAST NORTH,12.41,22.1,356.0
N20000169,Macedon_B3,EAST ANTRIM,45.27,55.0,360.0
N20000170,Macedon_C2,BELFAST NORTH,15.07,24.8,365.0
N20000171,Macedon_C3,EAST ANTRIM,19.81,29.5,379.0
N20000172,Macedon_B4,EAST ANTRIM,36.74,46.4,458.0
N20000173,Macedon_A3,BELFAST NORTH,35.71,45.4,516.0
N20000174,Macedon_D1,BELFAST NORTH,11.07,20.8,485.0
N20000175,Macedon_C4,BELFAST NORTH,24.54,34.2,350.0
N20000176,Macedon_C5,BELFAST NORTH,16.26,25.9,337.0
N20000177,Macedon_B5,EAST ANTRIM,41.54,51.2,292.0
N20000178,Macedon_E1,BELFAST NORTH,42.01,51.7,315.0
N20000179,Macedon_E2,BELFAST NORTH,17.95,27.6,484.0
N20000180,Macedon_D2,BELFAST NORTH,10.65,20.3,344.0
N20000181,Macedon_F1,BELFAST NORTH,13.01,22.7,326.0
N20000182,Macedon_D3,BELFAST NORTH,12.65,22.3,482.0
N20000183,Macedon_F2,BELFAST NORTH,12.94,22.6,352.0
N20000184,Macedon_F3,BELFAST NORTH,13.09,22.8,295.0
N20000185,Macedon_E3,BELFAST NORTH,16.05,25.7,207.0
N20000186,Macedon_H1,BELFAST NORTH,27.73,37.4,189.0
N20000187,Macedon_F4,BELFAST NORTH,11.29,21.0,304.0
N20000188,Macedon_H2,BELFAST NORTH,21.25,30.9,435.0
N20000189,Macedon_J1,BELFAST NORTH,10.71,20.4,440.0
N20000190,Macedon_G1,BELFAST NORTH,13.76,23.5,273.0
N20000191,Macedon_E4,BELFAST NORTH,13.16,22.9,316.0
N20000193,Macedon_G3,BELFAST NORTH,12.38,22.1,232.0
N20000194,Macedon_K1,BELFAST NORTH,13.15,22.8,260.0
N20000196,Macedon_J2,BELFAST NORTH,11.55,21.2,181.0
N20000197,Macedon_K2,BELFAST NORTH,13.98,23.7,187.0
N20000198,Macedon_K3,BELFAST NORTH,12.09,21.8,327.0
N20000200,Macedon_K4,BELFAST NORTH,13.08,22.8,458.0
N20000201,Macedon_J3,BELFAST NORTH,33.6,43.3,471.0
N20000203,Macedon_J4,BELFAST NORTH,31.49,41.2,233.0
N20000204,Macedon_J5,BELFAST NORTH,30.19,39.9,314.0
N20000205,Macedon_H3,BELFAST NORTH,22.33,32.0,284.0
N20000206,Macedon_H4,BELFAST NORTH,23.03,32.7,259.0
N20000207,Macedon_L1,BELFAST NORTH,62.23,71.9,369.0
N20000208,Macedon_L2,BELFAST NORTH,57.95,67.6,326.0
N20000209,Macedon_L3,BELFAST NORTH,62.43,72.1,362.0
N20000210,Macedon_L4,BELFAST NORTH,61.26,71.0,500.0
N20000211,Glengormley_Urban_C1,SOUTH ANTRIM,26.28,36.0,482.0
N20000212,Glengormley_Urban_A1,SOUTH ANTRIM,14.1,23.8,383.0
N20000214,Glengormley_Urban_B1,SOUTH ANTRIM,14.44,24.1,283.0
N20000215,Glengormley_Urban_C2,SOUTH ANTRIM,25.37,35.1,387.0
N20000216,Glengormley_Urban_B2,SOUTH ANTRIM,17.14,26.8,251.0
N20000217,Glengormley_Urban_A3,SOUTH ANTRIM,20.07,29.8,503.0
N20000218,Glengormley_Urban_B3,SOUTH ANTRIM,18.98,28.7,519.0
N20000219,Glengormley_Urban_C3,SOUTH ANTRIM,37.62,47.3,600.0
N20000220,Glengormley_Urban_B4,SOUTH ANTRIM,20.27,30.0,375.0
N20000221,Glengormley_Urban_D1,SOUTH ANTRIM,19.03,28.7,432.0
N20000222,Glengormley_Urban_E1,BELFAST NORTH,21.05,30.7,402.0
N20000223,Glengormley_Urban_D2,SOUTH ANTRIM,26.17,35.9,405.0
N20000224,Glengormley_Urban_B5,SOUTH ANTRIM,30.81,40.5,401.0
N20000225,Glengormley_Urban_E2,BELFAST NORTH,19.36,29.0,256.0
N20000226,Glengormley_Urban_D3,SOUTH ANTRIM,25.89,35.6,500.0
N20000227,Glengormley_Urban_C4,BELFAST NORTH,30.01,39.7,402.0
N20000228,Glengormley_Urban_E3,BELFAST NORTH,20.0,29.7,349.0
N20000229,Glengormley_Urban_E4,BELFAST NORTH,18.27,28.0,370.0
N20000230,Glengormley_Urban_D4,BELFAST NORTH,28.41,38.1,416.0
N20000231,Glengormley_Urban_F1,BELFAST NORTH,37.02,46.7,418.0
N20000232,Glengormley_Urban_G1,BELFAST NORTH,39.32,49.0,247.0
N20000233,Glengormley_Urban_F2,BELFAST NORTH,42.58,52.3,393.0
N20000234,Glengormley_Urban_G2,BELFAST NORTH,43.01,52.7,335.0
N20000235,Glengormley_Urban_G3,BELFAST NORTH,38.13,47.8,299.0
N20000236,Glengormley_Urban_H1,BELFAST NORTH,31.93,41.6,392.0
N20000237,Glengormley_Urban_H2,BELFAST NORTH,28.51,38.2,331.0
N20000238,Glengormley_Urban_F3,BELFAST NORTH,50.65,60.3,492.0
N20000239,Glengormley_Urban_G4,BELFAST NORTH,34.48,44.2,400.0
N20000240,Glengormley_Urban_F4,BELFAST NORTH,44.5,54.2,301.0
N20000241,Glengormley_Urban_G5,BELFAST NORTH,26.96,36.6,238.0
N20000242,Glengormley_Urban_H3,BELFAST NORTH,24.36,34.1,366.0
N20000243,Glengormley_Urban_J1,BELFAST NORTH,52.77,62.5,287.0
N20000244,Glengormley_Urban_J2,BELFAST NORTH,55.29,65.0,540.0
N20000245,Glengormley_Urban_J3,BELFAST NORTH,63.71,73.4,340.0
N20000246,Glengormley_Urban_K1,BELFAST NORTH,56.1,65.8,417.0
N20000247,Glengormley_Urban_K2,BELFAST NORTH,51.64,61.3,357.0
N20000249,Glengormley_Urban_J4,BELFAST NORTH,58.24,67.9,250.0
N20000250,Glengormley_Urban_J5,BELFAST NORTH,60.51,70.2,286.0
N20000251,Glengormley_Urban_L2,SOUTH ANTRIM,60.59,70.3,540.0
N20000252,Glengormley_Urban_L3,BELFAST NORTH,59.25,68.9,381.0
N20000254,Glengormley_Urban_K4,BELFAST NORTH,57.49,67.2,431.0
N20000255,Glengormley_Urban_L4,BELFAST NORTH,60.63,70.3,438.0
N20000256,Glengormley_Urban_L5,BELFAST NORTH,59.49,69.2,417.0
N20000257,Airport_A1,SOUTH ANTRIM,18.28,28.0,263.0
N20000258,Airport_B1,SOUTH ANTRIM,16.97,26.7,434.0
N20000259,Airport_A2,SOUTH ANTRIM,16.4,26.1,519.0
N20000260,Airport_A3,SOUTH ANTRIM,18.07,27.8,524.0
N20000261,Airport_C1,SOUTH ANTRIM,14.25,23.9,705.0
N20000262,Airport_C2,SOUTH ANTRIM,17.96,27.6,540.0
N20000263,Airport_B2,SOUTH ANTRIM,20.8,30.5,457.0
N20000264,Airport_B3,SOUTH ANTRIM,27.12,36.8,539.0
N20000265,Airport_D1,SOUTH ANTRIM,30.44,40.1,428.0
N20000266,Airport_C3,SOUTH ANTRIM,18.75,28.4,299.0
N20000267,Airport_D2,SOUTH ANTRIM,47.61,57.3,572.0
N20000268,Airport_F1,SOUTH ANTRIM,28.17,37.9,562.0
N20000270,Airport_E1,SOUTH ANTRIM,51.31,61.0,246.0
N20000271,Airport_D4,SOUTH ANTRIM,44.4,54.1,342.0
N20000272,Airport_E2,SOUTH ANTRIM,47.29,57.0,445.0
N20000273,Airport_E3,SOUTH ANTRIM,57.35,67.0,292.0
N20000274,Airport_G1,SOUTH ANTRIM,14.58,24.3,429.0
N20000275,Airport_E4,SOUTH ANTRIM,45.17,54.9,343.0
N20000276,Airport_E5,SOUTH ANTRIM,49.97,59.7,393.0
N20000277,Airport_E6,SOUTH ANTRIM,64.45,74.1,308.0
N20000278,Airport_C4,SOUTH ANTRIM,17.94,27.6,429.0
N20000279,Airport_F2,SOUTH ANTRIM,30.08,39.8,1112.0
N20000280,Airport_G2,SOUTH ANTRIM,17.91,27.6,523.0
N20000282,Airport_F3,SOUTH ANTRIM,41.88,51.6,363.0
N20000283,Airport_H1,SOUTH ANTRIM,53.92,63.6,534.0
N20000284,Airport_H2,SOUTH ANTRIM,58.91,68.6,477.0
N20000285,Airport_G4,SOUTH ANTRIM,29.4,39.1,510.0
N20000286,Airport_J1,SOUTH ANTRIM,61.75,71.4,420.0
N20000287,Airport_H3,SOUTH ANTRIM,64.28,74.0,559.0
N20000288,Airport_H4,SOUTH ANTRIM,46.88,56.6,386.0
N20000289,Airport_J2,SOUTH ANTRIM,55.27,65.0,272.0
N20000290,Airport_H5,SOUTH ANTRIM,52.45,62.1,224.0
N20000291,Airport_J3,SOUTH ANTRIM,49.53,59.2,277.0
N20000292,Airport_J4,SOUTH ANTRIM,62.47,72.2,446.0
N20000293,Airport_F4,SOUTH ANTRIM,46.05,55.7,446.0
N20000294,Airport_J5,SOUTH ANTRIM,63.52,73.2,584.0
N20000295,Armagh_A1,NEWRY AND ARMAGH,46.93,56.6,548.0
N20000296,Armagh_A2,NEWRY AND ARMAGH,40.88,50.6,457.0
N20000297,Armagh_A3,NEWRY AND ARMAGH,62.65,72.3,456.0
N20000298,Armagh_A4,NEWRY AND ARMAGH,63.85,73.5,515.0
N20000299,Armagh_E1,NEWRY AND ARMAGH,50.0,59.7,442.0
N20000300,Armagh_A5,NEWRY AND ARMAGH,60.71,70.4,379.0
N20000301,Armagh_E2,NEWRY AND ARMAGH,55.16,64.9,507.0
N20000303,Armagh_C1,NEWRY AND ARMAGH,65.1,74.8,519.0
N20000304,Armagh_C2,NEWRY AND ARMAGH,45.81,55.5,403.0
N20000305,Armagh_E3,NEWRY AND ARMAGH,21.79,31.5,435.0
N20000306,Armagh_B1,NEWRY AND ARMAGH,40.79,50.5,420.0
N20000307,Armagh_B2,NEWRY AND ARMAGH,38.41,48.1,341.0
N20000308,Armagh_C3,NEWRY AND ARMAGH,42.04,51.7,335.0
N20000310,Armagh_J1,NEWRY AND ARMAGH,44.29,54.0,346.0
N20000311,Armagh_B3,NEWRY AND ARMAGH,46.09,55.8,384.0
N20000312,Armagh_D2,NEWRY AND ARMAGH,57.03,66.7,586.0
N20000313,Armagh_F1,NEWRY AND ARMAGH,54.19,63.9,381.0
N20000314,Armagh_B4,NEWRY AND ARMAGH,25.28,35.0,280.0
N20000315,Armagh_C4,NEWRY AND ARMAGH,38.18,47.9,424.0
N20000316,Armagh_D3,NEWRY AND ARMAGH,59.87,69.6,364.0
N20000317,Armagh_D4,NEWRY AND ARMAGH,62.09,71.8,489.0
N20000318,Armagh_D5,NEWRY AND ARMAGH,62.74,72.4,391.0
N20000319,Armagh_F2,NEWRY AND ARMAGH,54.47,64.2,229.0
N20000320,Armagh_F3,NEWRY AND ARMAGH,26.6,36.3,407.0
N20000321,Armagh_F4,NEWRY AND ARMAGH,64.82,74.5,255.0
N20000323,Armagh_F5,NEWRY AND ARMAGH,57.05,66.7,207.0
N20000324,Armagh_C5,NEWRY AND ARMAGH,40.31,50.0,289.0
N20000325,Armagh_G1,NEWRY AND ARMAGH,37.14,46.8,331.0
N20000326,Armagh_C6,NEWRY AND ARMAGH,15.61,25.3,429.0
N20000328,Armagh_G2,NEWRY AND ARMAGH,40.91,50.6,252.0
N20000329,Armagh_G3,NEWRY AND ARMAGH,63.45,73.1,616.0
N20000330,Armagh_G4,NEWRY AND ARMAGH,59.55,69.2,456.0
N20000331,Armagh_G5,NEWRY AND ARMAGH,61.0,70.7,401.0
N20000332,Armagh_H1,NEWRY AND ARMAGH,45.25,54.9,381.0
N20000334,Armagh_H3,NEWRY AND ARMAGH,41.79,51.5,463.0
N20000335,Armagh_G6,NEWRY AND ARMAGH,57.43,67.1,245.0
N20000336,Armagh_H4,NEWRY AND ARMAGH,47.0,56.7,339.0
N20000337,Armagh_H5,NEWRY AND ARMAGH,48.88,58.6,347.0
N20000338,Armagh_J2,NEWRY AND ARMAGH,23.57,33.3,304.0
N20000339,Armagh_J3,NEWRY AND ARMAGH,48.17,57.9,424.0
N20000340,Armagh_E4,NEWRY AND ARMAGH,27.05,36.7,433.0
N20000341,Armagh_J4,NEWRY AND ARMAGH,52.71,62.4,506.0
N20000342,Armagh_E5,NEWRY AND ARMAGH,61.7,71.4,312.0
N20000343,Armagh_J5,NEWRY AND ARMAGH,41.08,50.8,496.0
N20000344,Armagh_K1,NEWRY AND ARMAGH,41.31,51.0,449.0
N20000346,Armagh_K2,NEWRY AND ARMAGH,48.59,58.3,501.0
N20000348,Armagh_L1,NEWRY AND ARMAGH,63.03,72.7,378.0
N20000350,Armagh_L3,NEWRY AND ARMAGH,65.85,75.5,443.0
N20000351,Armagh_L4,NEWRY AND ARMAGH,62.18,71.9,345.0
N20000352,Armagh_L5,NEWRY AND ARMAGH,60.77,70.5,483.0
N20000353,Armagh_K4,NEWRY AND ARMAGH,60.84,70.5,393.0
N20000354,Armagh_K5,NEWRY AND ARMAGH,56.85,66.5,574.0
N20000355,Armagh_K6,NEWRY AND ARMAGH,65.84,75.5,407.0
N20000356,Portadown_A1,UPPER BANN,40.32,50.0,559.0
N20000357,Portadown_A2,FERMANAGH AND SOUTH TYRONE,10.7,20.4,322.0
N20000358,Portadown_B1,UPPER BANN,30.31,40.0,461.0
N20000360,Portadown_B2,UPPER BANN,36.97,46.7,312.0
N20000361,Portadown_A4,FERMANAGH AND SOUTH TYRONE,46.27,56.0,495.0
N20000362,Portadown_A5,FERMANAGH AND SOUTH TYRONE,20.02,29.7,495.0
N20000364,Portadown_B4,UPPER BANN,28.12,37.8,434.0
N20000366,Portadown_B6,UPPER BANN,21.33,31.0,366.0
N20000367,Portadown_J1,NEWRY AND ARMAGH,32.6,42.3,467.0
N20000368,Portadown_R1,UPPER BANN,20.83,30.5,474.0
N20000371,Portadown_D1,UPPER BANN,63.93,73.6,478.0
N20000372,Portadown_C2,UPPER BANN,63.66,73.3,461.0
N20000373,Portadown_D2,UPPER BANN,64.1,73.8,427.0
N20000375,Portadown_D3,UPPER BANN,62.71,72.4,220.0
N20000377,Portadown_F1,UPPER BANN,29.2,38.9,388.0
N20000378,Portadown_E1,UPPER BANN,66.45,76.1,337.0
N20000379,Portadown_D5,UPPER BANN,56.57,66.3,499.0
N20000380,Portadown_C4,UPPER BANN,53.15,62.8,277.0
N20000381,Portadown_E2,UPPER BANN,61.81,71.5,419.0
N20000382,Portadown_E3,UPPER BANN,56.36,66.0,451.0
N20000383,Portadown_R2,UPPER BANN,25.12,34.8,521.0
N20000384,Portadown_H1,UPPER BANN,16.01,25.7,533.0
N20000385,Portadown_G1,UPPER BANN,17.34,27.0,263.0
N20000386,Portadown_E4,UPPER BANN,58.14,67.8,373.0
N20000387,Portadown_G2,UPPER BANN,15.45,25.1,247.0
N20000388,Portadown_G3,UPPER BANN,17.41,27.1,295.0
N20000389,Portadown_K1,UPPER BANN,21.3,31.0,521.0
N20000390,Portadown_G4,UPPER BANN,21.84,31.5,350.0
N20000392,Portadown_H2,UPPER BANN,15.16,24.8,446.0
N20000393,Portadown_F2,UPPER BANN,26.06,35.8,401.0
N20000395,Portadown_F3,UPPER BANN,37.71,47.4,476.0
N20000396,Portadown_K2,UPPER BANN,16.28,26.0,319.0
N20000397,Portadown_H3,UPPER BANN,10.7,20.4,623.0
N20000398,Portadown_L1,UPPER BANN,29.91,39.6,364.0
N20000400,Portadown_L2,UPPER BANN,37.01,46.7,389.0
N20000401,Portadown_J3,NEWRY AND ARMAGH,51.51,61.2,495.0
N20000402,Portadown_K4,UPPER BANN,19.46,29.1,553.0
N20000403,Portadown_L3,UPPER BANN,36.59,46.3,367.0
N20000404,Portadown_N1,UPPER BANN,19.83,29.5,519.0
N20000405,Portadown_N2,UPPER BANN,26.07,35.8,377.0
N20000407,Portadown_N3,UPPER BANN,17.99,27.7,317.0
N20000408,Portadown_J4,NEWRY AND ARMAGH,21.26,31.0,272.0
N20000409,Portadown_P2,UPPER BANN,10.84,20.5,192.0
N20000410,Portadown_P3,UPPER BANN,19.86,29.5,281.0
N20000411,Portadown_L4,UPPER BANN,34.68,44.4,428.0
N20000412,Portadown_P4,UPPER BANN,20.36,30.0,429.0
N20000413,Portadown_Q1,UPPER BANN,23.65,33.3,504.0
N20000414,Portadown_Q2,UPPER BANN,19.6,29.3,356.0
N20000415,Portadown_Q3,UPPER BANN,20.35,30.0,340.0
N20000416,Portadown_R3,NEWRY AND ARMAGH,28.04,37.7,522.0
N20000417,Portadown_Q4,UPPER BANN,13.7,23.4,480.0
N20000418,Portadown_J5,NEWRY AND ARMAGH,31.36,41.1,568.0
N20000419,Portadown_R4,UPPER BANN,22.08,31.8,421.0
N20000420,Portadown_R5,UPPER BANN,18.28,28.0,382.0
N20000422,Craigavon_A2,UPPER BANN,55.9,65.6,633.0
N20000423,Craigavon_A3,UPPER BANN,65.82,75.5,612.0
N20000424,Craigavon_A4,UPPER BANN,59.54,69.2,633.0
N20000425,Craigavon_B1,UPPER BANN,57.17,66.9,217.0
N20000426,Craigavon_B2,UPPER BANN,67.3,77.0,378.0
N20000427,Craigavon_B3,UPPER BANN,66.03,75.7,491.0
N20000428,Craigavon_B4,UPPER BANN,64.64,74.3,689.0
N20000429,Craigavon_B5,UPPER BANN,64.65,74.3,285.0
N20000430,Craigavon_C1,UPPER BANN,21.96,31.7,345.0
N20000431,Craigavon_E1,UPPER BANN,64.87,74.6,383.0
N20000432,Craigavon_E2,UPPER BANN,65.48,75.2,422.0
N20000433,Craigavon_C2,UPPER BANN,49.29,59.0,532.0
N20000434,Craigavon_D1,UPPER BANN,43.84,53.5,425.0
N20000435,Craigavon_D2,UPPER BANN,56.91,66.6,510.0
N20000436,Craigavon_F1,UPPER BANN,46.48,56.2,362.0
N20000437,Craigavon_D3,UPPER BANN,45.33,55.0,304.0
N20000438,Craigavon_F2,UPPER BANN,43.16,52.8,261.0
N20000439,Craigavon_E3,UPPER BANN,64.64,74.3,352.0
N20000440,Craigavon_C3,UPPER BANN,23.67,33.4,316.0
N20000441,Craigavon_C4,UPPER BANN,53.2,62.9,362.0
N20000442,Craigavon_E4,UPPER BANN,57.39,67.1,341.0
N20000443,Craigavon_F3,UPPER BANN,31.16,40.9,311.0
N20000444,Craigavon_F4,UPPER BANN,44.16,53.8,290.0
N20000445,Craigavon_E5,UPPER BANN,50.44,60.1,389.0
N20000446,Craigavon_J1,UPPER BANN,29.9,39.6,491.0
N20000447,Craigavon_F5,UPPER BANN,36.67,46.4,405.0
N20000448,Craigavon_G1,UPPER BANN,61.12,70.8,408.0
N20000449,Craigavon_G2,UPPER BANN,58.73,68.4,282.0
N20000450,Craigavon_H1,UPPER BANN,14.45,24.1,281.0
N20000451,Craigavon_J2,UPPER BANN,24.79,34.5,545.0
N20000452,Craigavon_G3,UPPER BANN,61.98,71.7,319.0
N20000453,Craigavon_G4,UPPER BANN,58.96,68.6,363.0
N20000454,Craigavon_G5,UPPER BANN,59.03,68.7,246.0
N20000455,Craigavon_F6,UPPER BANN,22.54,32.2,350.0
N20000456,Craigavon_H2,UPPER BANN,17.35,27.0,322.0
N20000457,Craigavon_J3,UPPER BANN,17.55,27.2,499.0
N20000458,Craigavon_L1,UPPER BANN,34.24,43.9,330.0
N20000459,Craigavon_H3,UPPER BANN,19.86,29.6,338.0
N20000460,Craigavon_H4,UPPER BANN,21.41,31.1,541.0
N20000461,Craigavon_J4,UPPER BANN,19.13,28.8,453.0
N20000462,Craigavon_N1,UPPER BANN,13.32,23.0,405.0
N20000463,Craigavon_K1,UPPER BANN,12.03,21.7,369.0
N20000464,Craigavon_N2,UPPER BANN,17.56,27.3,411.0
N20000465,Craigavon_L2,UPPER BANN,38.03,47.7,191.0
N20000466,Craigavon_K2,UPPER BANN,14.1,23.8,401.0
N20000467,Craigavon_L3,UPPER BANN,37.8,47.5,372.0
N20000468,Craigavon_K3,UPPER BANN,20.49,30.2,368.0
N20000469,Craigavon_P1,UPPER BANN,14.18,23.9,480.0
N20000470,Craigavon_N3,UPPER BANN,13.49,23.2,343.0
N20000472,Craigavon_N5,UPPER BANN,16.61,26.3,500.0
N20000473,Craigavon_L4,UPPER BANN,28.18,37.9,361.0
N20000474,Craigavon_P2,UPPER BANN,17.26,26.9,596.0
N20000475,Craigavon_P3,UPPER BANN,12.92,22.6,491.0
N20000476,Lurgan_A1,UPPER BANN,58.7,68.4,435.0
N20000477,Lurgan_B1,UPPER BANN,63.52,73.2,432.0
N20000478,Lurgan_A2,UPPER BANN,57.23,66.9,470.0
N20000480,Lurgan_A4,UPPER BANN,67.41,77.1,360.0
N20000481,Lurgan_B2,UPPER BANN,65.4,75.1,528.0
N20000482,Lurgan_A5,UPPER BANN,45.12,54.8,615.0
N20000483,Lurgan_C1,UPPER BANN,63.81,73.5,465.0
N20000484,Lurgan_C2,UPPER BANN,65.54,75.2,459.0
N20000488,Lurgan_B3,UPPER BANN,43.03,52.7,424.0
N20000489,Lurgan_D3,UPPER BANN,66.94,76.6,355.0
N20000490,Lurgan_E1,UPPER BANN,66.57,76.3,607.0
N20000492,Lurgan_E3,UPPER BANN,68.05,77.7,445.0
N20000493,Lurgan_C4,UPPER BANN,66.13,75.8,541.0
N20000494,Lurgan_E4,UPPER BANN,66.44,76.1,481.0
N20000495,Lurgan_D4,UPPER BANN,67.26,77.0,433.0
N20000496,Lurgan_F1,UPPER BANN,62.13,71.8,545.0
N20000498,Lurgan_E5,UPPER BANN,52.04,61.7,397.0
N20000500,Lurgan_F3,UPPER BANN,58.87,68.6,323.0
N20000501,Lurgan_H1,UPPER BANN,21.52,31.2,368.0
N20000502,Lurgan_H2,UPPER BANN,27.34,37.0,356.0
N20000503,Lurgan_G1,UPPER BANN,66.71,76.4,358.0
N20000504,Lurgan_F4,UPPER BANN,56.81,66.5,284.0
N20000505,Lurgan_G2,UPPER BANN,62.67,72.4,300.0
N20000506,Lurgan_G3,UPPER BANN,58.49,68.2,395.0
N20000507,Lurgan_H3,UPPER BANN,26.44,36.1,507.0
N20000508,Lurgan_F5,UPPER BANN,61.19,70.9,313.0
N20000509,Lurgan_G4,UPPER BANN,58.89,68.6,268.0
N20000510,Lurgan_J1,UPPER BANN,17.35,27.0,471.0
N20000512,Lurgan_K1,UPPER BANN,55.71,65.4,397.0
N20000513,Lurgan_H4,UPPER BANN,31.74,41.4,309.0
N20000514,Lurgan_P1,UPPER BANN,22.23,31.9,367.0
N20000515,Lurgan_K2,UPPER BANN,33.33,43.0,419.0
N20000516,Lurgan_L1,UPPER BANN,62.26,71.9,395.0
N20000517,Lurgan_J2,UPPER BANN,13.07,22.8,399.0
N20000518,Lurgan_J3,UPPER BANN,11.09,20.8,387.0
N20000519,Lurgan_K3,UPPER BANN,19.67,29.4,269.0
N20000520,Lurgan_J4,UPPER BANN,13.24,22.9,529.0
N20000521,Lurgan_B4,UPPER BANN,27.86,37.5,527.0
N20000522,Lurgan_N1,UPPER BANN,65.4,75.1,413.0
N20000523,Lurgan_P2,UPPER BANN,16.4,26.1,359.0
N20000524,Lurgan_L2,UPPER BANN,56.06,65.8,446.0
N20000526,Lurgan_K4,UPPER BANN,23.2,32.9,280.0
N20000527,Lurgan_Q1,UPPER BANN,29.55,39.2,402.0
N20000528,Lurgan_R1,UPPER BANN,65.91,75.6,346.0
N20000529,Lurgan_P3,UPPER BANN,20.71,30.4,342.0
N20000530,Lurgan_N2,UPPER BANN,63.7,73.4,301.0
N20000531,Lurgan_P4,UPPER BANN,13.31,23.0,327.0
N20000532,Lurgan_R2,UPPER BANN,62.47,72.2,229.0
N20000533,Lurgan_P5,UPPER BANN,16.46,26.1,283.0
N20000534,Lurgan_Q2,UPPER BANN,23.39,33.1,305.0
N20000535,Lurgan_N3,UPPER BANN,59.23,68.9,341.0
N20000536,Lurgan_R3,UPPER BANN,60.22,69.9,659.0
N20000537,Lurgan_S1,UPPER BANN,13.8,23.5,422.0
N20000538,Lurgan_N4,UPPER BANN,63.41,73.1,476.0
N20000539,Lurgan_Q3,UPPER BANN,18.05,27.7,328.0
N20000540,Lurgan_Q4,UPPER BANN,22.39,32.1,351.0
N20000542,Lurgan_S2,UPPER BANN,17.26,27.0,412.0
N20000543,Lurgan_R5,UPPER BANN,66.02,75.7,375.0
N20000544,Lurgan_T1,UPPER BANN,14.38,24.1,445.0
N20000545,Lurgan_S3,UPPER BANN,13.21,22.9,373.0
N20000546,Lurgan_T2,UPPER BANN,19.68,29.4,241.0
N20000547,Lurgan_S4,UPPER BANN,17.23,26.9,436.0
N20000548,Lurgan_T3,UPPER BANN,15.76,25.5,406.0
N20000549,Lurgan_S5,UPPER BANN,12.76,22.4,530.0
N20000550,Lurgan_T4,UPPER BANN,19.1,28.8,348.0
N20000551,Lagan_River_C1,UPPER BANN,13.51,23.2,523.0
N20000552,Lagan_River_A1,UPPER BANN,12.89,22.6,483.0
N20000553,Lagan_River_G1,UPPER BANN,14.79,24.5,547.0
N20000554,Lagan_River_A2,UPPER BANN,14.89,24.6,348.0
N20000555,Lagan_River_A3,UPPER BANN,11.92,21.6,414.0
N20000556,Lagan_River_A4,UPPER BANN,15.89,25.6,257.0
N20000557,Lagan_River_B1,UPPER BANN,12.11,21.8,376.0
N20000558,Lagan_River_B2,UPPER BANN,13.75,23.4,514.0
N20000559,Lagan_River_C2,UPPER BANN,11.35,21.0,373.0
N20000560,Lagan_River_J1,LAGAN VALLEY,20.71,30.4,270.0
N20000561,Lagan_River_B3,UPPER BANN,13.53,23.2,599.0
N20000562,Lagan_River_C3,LAGAN VALLEY,13.15,22.8,358.0
N20000563,Lagan_River_K1,LAGAN VALLEY,24.82,34.5,568.0
N20000564,Lagan_River_E1,UPPER BANN,14.96,24.7,416.0
N20000565,Lagan_River_D1,LAGAN VALLEY,21.55,31.2,456.0
N20000566,Lagan_River_F1,LAGAN VALLEY,17.39,27.1,362.0
N20000567,Lagan_River_E2,UPPER BANN,12.04,21.7,523.0
N20000568,Lagan_River_D2,LAGAN VALLEY,18.47,28.2,387.0
N20000569,Lagan_River_G2,UPPER BANN,20.31,30.0,561.0
N20000570,Lagan_River_F2,LAGAN VALLEY,23.86,33.5,353.0
N20000571,Lagan_River_D3,LAGAN VALLEY,21.07,30.8,493.0
N20000572,Lagan_River_E3,UPPER BANN,12.21,21.9,544.0
N20000573,Lagan_River_F3,LAGAN VALLEY,22.04,31.7,567.0
N20000574,Lagan_River_F4,LAGAN VALLEY,18.84,28.5,608.0
N20000575,Lagan_River_F5,LAGAN VALLEY,17.42,27.1,488.0
N20000577,Lagan_River_H2,LAGAN VALLEY,16.68,26.4,371.0
N20000578,Lagan_River_H3,LAGAN VALLEY,19.71,29.4,524.0
N20000579,Lagan_River_J2,LAGAN VALLEY,14.83,24.5,497.0
N20000580,Lagan_River_G3,UPPER BANN,18.72,28.4,637.0
N20000581,Lagan_River_G4,UPPER BANN,13.52,23.2,312.0
N20000582,Lagan_River_K2,LAGAN VALLEY,15.88,25.6,503.0
N20000583,Lagan_River_K3,LAGAN VALLEY,16.18,25.9,432.0
N20000584,Lagan_River_L1,LAGAN VALLEY,16.91,26.6,508.0
N20000585,Lagan_River_J3,UPPER BANN,18.91,28.6,387.0
N20000586,Lagan_River_J4,LAGAN VALLEY,14.25,23.9,463.0
N20000587,Lagan_River_L2,LAGAN VALLEY,16.11,25.8,570.0
N20000589,Lagan_River_N1,LAGAN VALLEY,11.46,21.1,349.0
N20000590,Lagan_River_N2,LAGAN VALLEY,26.2,35.9,364.0
N20000591,Lagan_River_N3,SOUTH DOWN,20.29,30.0,356.0
N20000592,Lagan_River_N4,SOUTH DOWN,33.39,43.1,486.0
N20000593,Lagan_River_N5,SOUTH DOWN,22.61,32.3,463.0
N20000594,Banbridge_A1,UPPER BANN,24.36,34.1,309.0
N20000595,Banbridge_A2,UPPER BANN,31.7,41.4,500.0
N20000597,Banbridge_A4,UPPER BANN,45.6,55.3,212.0
N20000598,Banbridge_B1,UPPER BANN,42.72,52.4,412.0
N20000599,Banbridge_A5,UPPER BANN,22.54,32.2,385.0
N20000600,Banbridge_B2,UPPER BANN,48.81,58.5,383.0
N20000601,Banbridge_B3,UPPER BANN,33.85,43.5,364.0
N20000602,Banbridge_B4,UPPER BANN,30.52,40.2,383.0
N20000603,Banbridge_D1,UPPER BANN,20.26,29.9,481.0
N20000604,Banbridge_C1,UPPER BANN,20.55,30.2,257.0
N20000605,Banbridge_F1,UPPER BANN,47.17,56.9,307.0
N20000606,Banbridge_F2,UPPER BANN,37.87,47.6,343.0
N20000608,Banbridge_C2,UPPER BANN,26.64,36.3,370.0
N20000609,Banbridge_C3,UPPER BANN,31.42,41.1,481.0
N20000610,Banbridge_C4,UPPER BANN,25.76,35.4,448.0
N20000611,Banbridge_D3,UPPER BANN,29.72,39.4,347.0
N20000612,Banbridge_E1,UPPER BANN,31.51,41.2,399.0
N20000613,Banbridge_E2,UPPER BANN,28.74,38.4,277.0
N20000614,Banbridge_L1,SOUTH DOWN,22.84,32.5,647.0
N20000615,Banbridge_D4,UPPER BANN,39.92,49.6,299.0
N20000616,Banbridge_D5,UPPER BANN,34.26,44.0,285.0
N20000617,Banbridge_E3,UPPER BANN,30.16,39.9,253.0
N20000618,Banbridge_E4,UPPER BANN,33.64,43.3,357.0
N20000619,Banbridge_D6,UPPER BANN,46.63,56.3,297.0
N20000620,Banbridge_E5,UPPER BANN,33.55,43.2,519.0
N20000621,Banbridge_H1,UPPER BANN,40.91,50.6,639.0
N20000622,Banbridge_D7,UPPER BANN,40.05,49.7,371.0
N20000623,Banbridge_J1,UPPER BANN,27.0,36.7,365.0
N20000624,Banbridge_G1,UPPER BANN,36.55,46.2,271.0
N20000625,Banbridge_H2,UPPER BANN,41.39,51.1,364.0
N20000627,Banbridge_H3,UPPER BANN,32.81,42.5,400.0
N20000628,Banbridge_J3,UPPER BANN,20.59,30.3,411.0
N20000629,Banbridge_F3,UPPER BANN,23.16,32.9,391.0
N20000630,Banbridge_G2,UPPER BANN,30.5,40.2,360.0
N20000631,Banbridge_E6,UPPER BANN,31.15,40.8,298.0
N20000632,Banbridge_G3,UPPER BANN,33.86,43.5,331.0
N20000633,Banbridge_J4,UPPER BANN,21.33,31.0,337.0
N20000634,Banbridge_G4,UPPER BANN,17.55,27.2,297.0
N20000635,Banbridge_J5,UPPER BANN,29.88,39.6,489.0
N20000636,Banbridge_H4,UPPER BANN,25.79,35.5,444.0
N20000637,Banbridge_K1,UPPER BANN,23.62,33.3,468.0
N20000638,Banbridge_K2,UPPER BANN,22.63,32.3,419.0
N20000639,Banbridge_H5,UPPER BANN,24.5,34.2,402.0
N20000641,Banbridge_K4,UPPER BANN,32.5,42.2,547.0
N20000642,Banbridge_F4,UPPER BANN,40.71,50.4,333.0
N20000643,Banbridge_K5,UPPER BANN,30.9,40.6,399.0
N20000645,Banbridge_L2,SOUTH DOWN,35.92,45.6,521.0
N20000646,Banbridge_N1,UPPER BANN,43.5,53.2,428.0
N20000647,Banbridge_N2,UPPER BANN,41.81,51.5,390.0
N20000648,Banbridge_L3,SOUTH DOWN,17.89,27.6,471.0
N20000649,Banbridge_N3,UPPER BANN,29.66,39.3,590.0
N20000650,Banbridge_P1,SOUTH DOWN,20.28,30.0,303.0
N20000651,Banbridge_P2,SOUTH DOWN,48.23,57.9,570.0
N20000652,Banbridge_N4,UPPER BANN,33.43,43.1,442.0
N20000653,Banbridge_L4,SOUTH DOWN,28.59,38.3,520.0
N20000654,Banbridge_N5,NEWRY AND ARMAGH,51.33,61.0,367.0
N20000655,Banbridge_P3,SOUTH DOWN,11.08,20.8,335.0
N20000656,Banbridge_P4,SOUTH DOWN,19.26,29.0,236.0
N20000657,Banbridge_L5,SOUTH DOWN,21.91,31.6,500.0
N20000658,Banbridge_P5,SOUTH DOWN,23.24,32.9,387.0
N20000659,Banbridge_Q1,SOUTH DOWN,38.45,48.1,316.0
N20000660,Banbridge_Q2,SOUTH DOWN,28.17,37.9,485.0
N20000661,Banbridge_Q3,SOUTH DOWN,34.59,44.3,417.0
N20000663,Banbridge_Q5,SOUTH DOWN,32.01,41.7,372.0
N20000664,Cusher_E1,NEWRY AND ARMAGH,11.7,21.4,505.0
N20000665,Cusher_E2,NEWRY AND ARMAGH,14.91,24.6,407.0
N20000666,Cusher_B1,NEWRY AND ARMAGH,10.64,20.3,364.0
N20000667,Cusher_A1,NEWRY AND ARMAGH,16.7,26.4,299.0
N20000668,Cusher_B2,NEWRY AND ARMAGH,15.12,24.8,181.0
N20000669,Cusher_B3,NEWRY AND ARMAGH,13.48,23.2,391.0
N20000670,Cusher_A2,NEWRY AND ARMAGH,12.77,22.5,360.0
N20000671,Cusher_B4,NEWRY AND ARMAGH,12.94,22.6,534.0
N20000672,Cusher_D1,NEWRY AND ARMAGH,14.03,23.7,271.0
N20000674,Cusher_E3,NEWRY AND ARMAGH,18.19,27.9,469.0
N20000675,Cusher_A3,NEWRY AND ARMAGH,11.01,20.7,441.0
N20000677,Cusher_B6,NEWRY AND ARMAGH,10.4,20.1,269.0
N20000678,Cusher_C1,NEWRY AND ARMAGH,13.63,23.3,470.0
N20000679,Cusher_C2,NEWRY AND ARMAGH,13.68,23.4,588.0
N20000680,Cusher_C3,NEWRY AND ARMAGH,14.46,24.2,342.0
N20000681,Cusher_E4,NEWRY AND ARMAGH,13.87,23.6,526.0
N20000682,Cusher_F1,NEWRY AND ARMAGH,16.8,26.5,404.0
N20000684,Cusher_F3,NEWRY AND ARMAGH,18.53,28.2,303.0
N20000685,Cusher_D3,NEWRY AND ARMAGH,18.58,28.3,604.0
N20000686,Cusher_F4,NEWRY AND ARMAGH,16.12,25.8,325.0
N20000687,Cusher_G1,NEWRY AND ARMAGH,13.24,22.9,384.0
N20000688,Cusher_E5,NEWRY AND ARMAGH,19.82,29.5,530.0
N20000689,Cusher_G2,NEWRY AND ARMAGH,15.16,24.8,539.0
N20000690,Cusher_G3,NEWRY AND ARMAGH,12.55,22.2,430.0
N20000691,Cusher_G4,NEWRY AND ARMAGH,12.36,22.0,445.0
N20000692,Cusher_H1,NEWRY AND ARMAGH,25.89,35.6,655.0
N20000693,Cusher_K1,NEWRY AND ARMAGH,15.02,24.7,406.0
N20000694,Cusher_H2,NEWRY AND ARMAGH,18.51,28.2,557.0
N20000695,Cusher_K2,NEWRY AND ARMAGH,14.9,24.6,525.0
N20000696,Cusher_J1,NEWRY AND ARMAGH,28.92,38.6,335.0
N20000697,Cusher_J2,NEWRY AND ARMAGH,14.11,23.8,480.0
N20000698,Cusher_J3,NEWRY AND ARMAGH,24.58,34.3,188.0
N20000699,Cusher_K3,NEWRY AND ARMAGH,28.97,38.7,422.0
N20000700,Cusher_J4,NEWRY AND ARMAGH,16.61,26.3,435.0
N20000701,Cusher_L1,NEWRY AND ARMAGH,54.51,64.2,543.0
N20000702,Cusher_K4,NEWRY AND ARMAGH,56.7,66.4,355.0
N20000703,Cusher_K5,NEWRY AND ARMAGH,13.75,23.4,477.0
N20000705,Cusher_L2,NEWRY AND ARMAGH,46.82,56.5,359.0
N20000706,Cusher_L3,NEWRY AND ARMAGH,64.96,74.6,550.0
N20000707,Cusher_L4,NEWRY AND ARMAGH,64.19,73.9,387.0
N20000708,Cusher_H4,NEWRY AND ARMAGH,27.36,37.0,424.0
N20000709,Cusher_K6,NEWRY AND ARMAGH,51.92,61.6,542.0
N20000710,Cusher_L5,NEWRY AND ARMAGH,57.54,67.2,681.0
N20000711,Oldpark_A1,BELFAST NORTH,12.55,22.2,622.0
N20000712,Oldpark_A2,BELFAST NORTH,56.28,66.0,298.0
N20000713,Oldpark_A3,BELFAST NORTH,39.41,49.1,381.0
N20000714,Oldpark_B1,BELFAST NORTH,14.68,24.4,177.0
N20000715,Oldpark_D1,BELFAST NORTH,66.13,75.8,434.0
N20000716,Oldpark_C1,BELFAST NORTH,17.01,26.7,529.0
N20000717,Oldpark_B2,BELFAST NORTH,11.44,21.1,442.0
N20000718,Oldpark_B3,BELFAST NORTH,13.05,22.7,305.0
N20000719,Oldpark_A4,BELFAST NORTH,64.45,74.1,392.0
N20000720,Oldpark_B4,BELFAST NORTH,9.9,19.6,332.0
N20000721,Oldpark_A5,BELFAST NORTH,26.46,36.1,294.0
N20000722,Oldpark_C2,BELFAST NORTH,18.98,28.7,353.0
N20000723,Oldpark_C3,BELFAST NORTH,15.53,25.2,459.0
N20000725,Oldpark_D3,BELFAST NORTH,61.04,70.7,266.0
N20000726,Oldpark_E1,BELFAST NORTH,39.38,49.1,444.0
N20000727,Oldpark_C4,BELFAST NORTH,15.11,24.8,313.0
N20000728,Oldpark_F1,BELFAST NORTH,15.13,24.8,353.0
N20000729,Oldpark_E2,BELFAST NORTH,14.72,24.4,266.0
N20000730,Oldpark_F2,BELFAST NORTH,16.76,26.5,565.0
N20000731,Oldpark_D4,BELFAST NORTH,52.89,62.6,503.0
N20000732,Oldpark_E3,BELFAST NORTH,61.3,71.0,401.0
N20000733,Oldpark_E4,BELFAST NORTH,54.15,63.8,457.0
N20000734,Oldpark_G1,BELFAST NORTH,64.53,74.2,297.0
N20000735,Oldpark_G2,BELFAST NORTH,64.8,74.5,432.0
N20000736,Oldpark_F3,BELFAST NORTH,17.86,27.5,363.0
N20000737,Oldpark_K1,BELFAST NORTH,16.94,26.6,390.0
N20000738,Oldpark_G3,BELFAST NORTH,57.93,67.6,367.0
N20000739,Oldpark_E5,BELFAST NORTH,15.16,24.8,261.0
N20000740,Oldpark_H1,BELFAST NORTH,62.05,71.7,363.0
N20000741,Oldpark_G4,BELFAST NORTH,62.79,72.5,377.0
N20000742,Oldpark_K2,BELFAST NORTH,19.59,29.3,322.0
N20000743,Oldpark_J1,BELFAST NORTH,55.16,64.9,315.0
N20000744,Oldpark_J2,BELFAST NORTH,22.98,32.7,355.0
N20000745,Oldpark_G5,BELFAST NORTH,56.74,66.4,341.0
N20000746,Oldpark_N1,BELFAST NORTH,62.78,72.5,474.0
N20000747,Oldpark_L1,BELFAST NORTH,59.54,69.2,329.0
N20000748,Oldpark_H2,BELFAST NORTH,64.86,74.6,468.0
N20000749,Oldpark_N2,BELFAST NORTH,59.96,69.7,412.0
N20000750,Oldpark_L2,BELFAST NORTH,61.24,70.9,436.0
N20000751,Oldpark_H3,BELFAST NORTH,63.99,73.7,304.0
N20000752,Oldpark_J3,BELFAST NORTH,64.53,74.2,304.0
N20000753,Oldpark_K3,BELFAST NORTH,65.69,75.4,362.0
N20000754,Oldpark_R1,BELFAST NORTH,56.73,66.4,181.0
N20000755,Oldpark_N3,BELFAST NORTH,64.63,74.3,371.0
N20000756,Oldpark_K4,BELFAST NORTH,62.28,72.0,328.0
N20000757,Oldpark_L3,BELFAST NORTH,56.3,66.0,328.0
N20000758,Oldpark_Q1,BELFAST NORTH,65.12,74.8,417.0
N20000759,Oldpark_R2,BELFAST NORTH,49.72,59.4,307.0
N20000760,Oldpark_P1,BELFAST NORTH,63.16,72.9,322.0
N20000761,Oldpark_L4,BELFAST NORTH,64.86,74.5,383.0
N20000762,Oldpark_P2,BELFAST NORTH,64.69,74.4,294.0
N20000763,Oldpark_L5,BELFAST NORTH,48.57,58.3,251.0
N20000764,Oldpark_R3,BELFAST NORTH,52.62,62.3,310.0
N20000765,Oldpark_Q2,BELFAST NORTH,61.78,71.5,277.0
N20000766,Oldpark_R4,BELFAST NORTH,60.02,69.7,237.0
N20000767,Oldpark_N4,BELFAST NORTH,56.71,66.4,439.0
N20000769,Oldpark_R5,BELFAST NORTH,55.15,64.8,325.0
N20000770,Oldpark_Q3,BELFAST NORTH,54.17,63.9,379.0
N20000771,Oldpark_S1,BELFAST NORTH,61.84,71.5,347.0
N20000772,Oldpark_U1,BELFAST NORTH,52.24,61.9,181.0
N20000774,Oldpark_U2,BELFAST NORTH,56.84,66.5,171.0
N20000775,Oldpark_R6,BELFAST NORTH,57.34,67.0,345.0
N20000776,Oldpark_Q4,BELFAST NORTH,14.25,23.9,401.0
N20000779,Oldpark_T2,BELFAST NORTH,62.98,72.7,285.0
N20000780,Oldpark_S4,BELFAST NORTH,58.79,68.5,157.0
N20000781,Oldpark_T3,BELFAST NORTH,65.11,74.8,346.0
N20000782,Oldpark_S5,BELFAST NORTH,60.86,70.5,329.0
N20000783,Oldpark_U3,BELFAST NORTH,62.09,71.8,447.0
N20000784,Oldpark_T4,BELFAST NORTH,65.62,75.3,275.0
N20000785,Oldpark_U4,BELFAST NORTH,64.88,74.6,380.0
N20000786,Oldpark_U5,BELFAST NORTH,49.55,59.2,237.0
N20000787,Castle_A1,BELFAST NORTH,62.1,71.8,421.0
N20000788,Castle_A2,BELFAST NORTH,60.52,70.2,571.0
N20000789,Castle_A3,BELFAST NORTH,51.93,61.6,398.0
N20000790,Castle_B1,BELFAST NORTH,16.33,26.0,350.0
N20000791,Castle_B2,BELFAST NORTH,44.73,54.4,396.0
N20000792,Castle_B3,BELFAST NORTH,59.51,69.2,345.0
N20000793,Castle_B4,BELFAST NORTH,57.08,66.8,426.0
N20000794,Castle_C1,BELFAST NORTH,60.8,70.5,432.0
N20000795,Castle_C2,BELFAST NORTH,26.35,36.0,530.0
N20000796,Castle_D1,BELFAST NORTH,56.4,66.1,568.0
N20000797,Castle_C3,BELFAST NORTH,43.35,53.0,447.0
N20000798,Castle_E1,BELFAST NORTH,14.17,23.9,422.0
N20000799,Castle_D2,BELFAST NORTH,59.06,68.8,441.0
N20000800,Castle_E2,BELFAST NORTH,17.18,26.9,474.0
N20000801,Castle_E3,BELFAST NORTH,16.05,25.7,409.0
N20000802,Castle_F1,BELFAST NORTH,62.66,72.3,421.0
N20000804,Castle_H1,BELFAST NORTH,49.22,58.9,290.0
N20000805,Castle_G1,BELFAST NORTH,19.39,29.1,444.0
N20000806,Castle_G2,BELFAST NORTH,12.1,21.8,387.0
N20000807,Castle_J1,BELFAST NORTH,55.75,65.4,495.0
N20000808,Castle_D3,BELFAST NORTH,59.82,69.5,401.0
N20000809,Castle_G3,BELFAST NORTH,33.59,43.3,429.0
N20000810,Castle_H2,BELFAST NORTH,58.38,68.1,339.0
N20000811,Castle_H3,BELFAST NORTH,14.01,23.7,514.0
N20000812,Castle_F3,BELFAST NORTH,64.85,74.5,252.0
N20000814,Castle_J2,BELFAST NORTH,51.92,61.6,273.0
N20000815,Castle_J3,BELFAST NORTH,62.25,71.9,313.0
N20000816,Castle_J4,BELFAST NORTH,53.36,63.0,496.0
N20000817,Castle_H5,BELFAST NORTH,46.15,55.8,624.0
N20000818,Castle_L1,BELFAST NORTH,58.75,68.4,358.0
N20000819,Castle_G4,BELFAST NORTH,38.39,48.1,300.0
N20000820,Castle_G5,BELFAST NORTH,11.84,21.5,347.0
N20000821,Castle_K1,BELFAST NORTH,27.86,37.6,275.0
N20000822,Castle_L2,BELFAST NORTH,60.6,70.3,206.0
N20000823,Castle_K2,BELFAST NORTH,29.53,39.2,416.0
N20000824,Castle_L3,BELFAST NORTH,56.29,66.0,505.0
N20000825,Castle_Q1,BELFAST NORTH,42.67,52.4,268.0
N20000826,Castle_N1,BELFAST NORTH,33.83,43.5,269.0
N20000827,Castle_J5,BELFAST NORTH,56.26,66.0,405.0
N20000828,Castle_K3,BELFAST NORTH,19.32,29.0,287.0
N20000829,Castle_K4,BELFAST NORTH,17.94,27.6,279.0
N20000830,Castle_L4,BELFAST NORTH,46.87,56.6,310.0
N20000831,Castle_N2,BELFAST NORTH,61.86,71.6,419.0
N20000832,Castle_N3,BELFAST NORTH,36.4,46.1,253.0
N20000833,Castle_R1,BELFAST NORTH,56.01,65.7,426.0
N20000834,Castle_L5,BELFAST NORTH,16.78,26.5,246.0
N20000835,Castle_P1,BELFAST NORTH,17.08,26.8,570.0
N20000836,Castle_R2,BELFAST NORTH,55.66,65.3,407.0
N20000837,Castle_P2,BELFAST NORTH,13.08,22.8,487.0
N20000838,Castle_R3,BELFAST NORTH,55.55,65.2,384.0
N20000840,Castle_R5,BELFAST NORTH,59.15,68.8,301.0
N20000841,Castle_S1,BELFAST NORTH,44.47,54.2,645.0
N20000842,Castle_T1,BELFAST NORTH,26.71,36.4,265.0
N20000843,Castle_S2,BELFAST NORTH,53.73,63.4,293.0
N20000844,Castle_T2,BELFAST NORTH,12.13,21.8,404.0
N20000845,Castle_S3,BELFAST NORTH,20.61,30.3,271.0
N20000846,Castle_U1,BELFAST NORTH,62.91,72.6,317.0
N20000847,Castle_T3,BELFAST NORTH,16.58,26.3,239.0
N20000848,Castle_U2,BELFAST NORTH,49.47,59.2,328.0
N20000849,Castle_U3,BELFAST NORTH,55.71,65.4,449.0
N20000850,Castle_T4,BELFAST NORTH,18.97,28.7,238.0
N20000851,Castle_U4,BELFAST NORTH,19.4,29.1,337.0
N20000852,Castle_U5,BELFAST NORTH,16.07,25.8,308.0
N20000853,Castle_T5,BELFAST NORTH,18.17,27.9,400.0
N20000854,Castle_Q2,BELFAST NORTH,35.81,45.5,303.0
N20000855,Castle_Q3,BELFAST NORTH,45.38,55.1,1470.0
N20000856,Titanic_A1,BELFAST EAST,12.15,21.8,362.0
N20000857,Titanic_B1,BELFAST EAST,34.25,43.9,511.0
N20000858,Titanic_A2,BELFAST EAST,13.87,23.6,369.0
N20000859,Titanic_A3,BELFAST EAST,21.03,30.7,326.0
N20000860,Titanic_C1,BELFAST EAST,10.64,20.3,426.0
N20000861,Titanic_C2,BELFAST EAST,16.17,25.9,352.0
N20000862,Titanic_C3,BELFAST EAST,18.41,28.1,382.0
N20000863,Titanic_C4,BELFAST EAST,16.54,26.2,277.0
N20000864,Titanic_C5,BELFAST EAST,21.4,31.1,151.0
N20000865,Titanic_D1,BELFAST EAST,17.18,26.9,318.0
N20000866,Titanic_D2,BELFAST EAST,19.64,29.3,325.0
N20000867,Titanic_E1,BELFAST EAST,18.09,27.8,298.0
N20000868,Titanic_D3,BELFAST EAST,18.23,27.9,292.0
N20000869,Titanic_D4,BELFAST EAST,17.62,27.3,320.0
N20000870,Titanic_F1,BELFAST EAST,14.21,23.9,311.0
N20000871,Titanic_E2,BELFAST EAST,16.64,26.3,333.0
N20000872,Titanic_D5,BELFAST EAST,25.16,34.9,377.0
N20000873,Titanic_F2,BELFAST EAST,12.77,22.5,266.0
N20000874,Titanic_F3,BELFAST EAST,14.22,23.9,221.0
N20000875,Titanic_E3,BELFAST EAST,24.49,34.2,350.0
N20000876,Titanic_G1,BELFAST EAST,20.82,30.5,236.0
N20000877,Titanic_F4,BELFAST EAST,14.26,23.9,403.0
N20000878,Titanic_J1,BELFAST EAST,32.18,41.9,243.0
N20000879,Titanic_E4,BELFAST EAST,22.04,31.7,243.0
N20000881,Titanic_G2,BELFAST EAST,18.73,28.4,405.0
N20000882,Titanic_B2,BELFAST EAST,31.53,41.2,417.0
N20000883,Titanic_G3,BELFAST EAST,19.7,29.4,341.0
N20000884,Titanic_B3,BELFAST EAST,21.28,31.0,240.0
N20000885,Titanic_B4,BELFAST EAST,23.14,32.8,312.0
N20000886,Titanic_H1,BELFAST EAST,51.29,61.0,335.0
N20000887,Titanic_H2,BELFAST EAST,65.09,74.8,499.0
N20000888,Titanic_J2,BELFAST EAST,23.52,33.2,431.0
N20000890,Titanic_K2,BELFAST EAST,22.99,32.7,378.0
N20000891,Titanic_J3,BELFAST EAST,22.02,31.7,330.0
N20000892,Titanic_N1,BELFAST EAST,14.61,24.3,424.0
N20000893,Titanic_L1,BELFAST EAST,20.0,29.7,402.0
N20000894,Titanic_H3,BELFAST EAST,46.34,56.0,397.0
N20000895,Titanic_K3,BELFAST EAST,22.01,31.7,207.0
N20000896,Titanic_H4,BELFAST EAST,61.89,71.6,519.0
N20000897,Titanic_K4,BELFAST EAST,23.61,33.3,350.0
N20000898,Titanic_Q1,BELFAST EAST,23.19,32.9,243.0
N20000899,Titanic_J4,BELFAST EAST,24.85,34.5,353.0
N20000900,Titanic_N2,BELFAST EAST,13.29,23.0,280.0
N20000901,Titanic_L2,BELFAST EAST,36.69,46.4,288.0
N20000902,Titanic_R1,BELFAST EAST,25.95,35.6,488.0
N20000903,Titanic_N3,BELFAST EAST,14.85,24.5,335.0
N20000904,Titanic_P1,BELFAST EAST,45.07,54.8,413.0
N20000905,Titanic_L3,BELFAST EAST,25.73,35.4,346.0
N20000906,Titanic_J5,BELFAST EAST,21.78,31.5,193.0
N20000907,Titanic_Q2,BELFAST EAST,23.77,33.5,362.0
N20000908,Titanic_S1,BELFAST EAST,23.51,33.2,361.0
N20000909,Titanic_R2,BELFAST EAST,18.44,28.1,556.0
N20000910,Titanic_L4,BELFAST EAST,19.09,28.8,295.0
N20000911,Titanic_N4,BELFAST EAST,11.22,20.9,233.0
N20000912,Titanic_P2,BELFAST SOUTH,28.07,37.8,286.0
N20000913,Titanic_S2,BELFAST SOUTH,25.79,35.5,246.0
N20000914,Titanic_T1,BELFAST EAST,23.08,32.8,302.0
N20000915,Titanic_T2,BELFAST EAST,20.41,30.1,216.0
N20000916,Titanic_Q3,BELFAST EAST,26.33,36.0,337.0
N20000917,Titanic_Q4,BELFAST EAST,24.14,33.8,368.0
N20000918,Titanic_P3,BELFAST SOUTH,20.08,29.8,273.0
N20000919,Titanic_T3,BELFAST EAST,17.31,27.0,329.0
N20000920,Titanic_Q5,BELFAST EAST,19.85,29.5,298.0
N20000921,Titanic_T4,BELFAST EAST,15.1,24.8,244.0
N20000922,Titanic_S3,BELFAST SOUTH,18.22,27.9,339.0
N20000923,Titanic_R3,BELFAST EAST,16.72,26.4,322.0
N20000924,Titanic_P4,BELFAST SOUTH,26.11,35.8,358.0
N20000925,Titanic_U1,BELFAST EAST,26.9,36.6,195.0
N20000926,Titanic_X1,BELFAST EAST,25.8,35.5,277.0
N20000927,Titanic_W1,BELFAST EAST,19.17,28.9,414.0
N20000928,Titanic_S4,BELFAST SOUTH,23.36,33.1,252.0
N20000929,Titanic_R4,BELFAST EAST,21.09,30.8,275.0
N20000930,Titanic_U2,BELFAST SOUTH,19.71,29.4,204.0
N20000931,Titanic_T5,BELFAST SOUTH,23.85,33.5,398.0
N20000932,Titanic_W2,BELFAST EAST,25.48,35.2,299.0
N20000933,Titanic_U3,BELFAST EAST,26.32,36.0,333.0
N20000934,Titanic_Y1,BELFAST SOUTH,30.93,40.6,416.0
N20000935,Titanic_X2,BELFAST EAST,11.65,21.3,378.0
N20000936,Titanic_W3,BELFAST EAST,16.66,26.3,417.0
N20000937,Titanic_X3,BELFAST EAST,22.52,32.2,395.0
N20000938,Titanic_U4,BELFAST SOUTH,25.24,34.9,252.0
N20000939,Titanic_Y2,BELFAST SOUTH,30.35,40.0,280.0
N20000940,Titanic_Z1,BELFAST SOUTH,24.55,34.2,269.0
N20000941,Titanic_Z2,BELFAST SOUTH,24.45,34.1,519.0
N20000942,Titanic_Y3,BELFAST SOUTH,34.27,44.0,313.0
N20000943,Titanic_Z3,BELFAST SOUTH,28.53,38.2,316.0
N20000944,Titanic_Y4,BELFAST SOUTH,41.16,50.8,322.0
N20000945,Ormiston_B1,BELFAST EAST,18.45,28.1,325.0
N20000946,Ormiston_A1,NORTH DOWN,17.64,27.3,273.0
N20000947,Ormiston_A2,BELFAST EAST,14.14,23.8,297.0
N20000948,Ormiston_B2,BELFAST EAST,14.88,24.6,274.0
N20000949,Ormiston_A3,BELFAST EAST,11.63,21.3,452.0
N20000950,Ormiston_B3,BELFAST EAST,20.13,29.8,414.0
N20000952,Ormiston_C1,BELFAST EAST,16.91,26.6,361.0
N20000953,Ormiston_C2,BELFAST EAST,14.65,24.3,482.0
N20000954,Ormiston_A5,BELFAST EAST,14.6,24.3,278.0
N20000955,Ormiston_C3,BELFAST EAST,16.0,25.7,294.0
N20000956,Ormiston_B4,BELFAST EAST,14.76,24.5,708.0
N20000957,Ormiston_D1,BELFAST EAST,16.02,25.7,359.0
N20000958,Ormiston_D2,BELFAST EAST,15.54,25.2,578.0
N20000960,Ormiston_C4,BELFAST EAST,14.59,24.3,433.0
N20000961,Ormiston_D3,BELFAST EAST,15.26,24.9,342.0
N20000962,Ormiston_D4,BELFAST EAST,12.39,22.1,533.0
N20000963,Ormiston_F2,BELFAST EAST,21.51,31.2,259.0
N20000964,Ormiston_E1,BELFAST EAST,13.48,23.2,350.0
N20000965,Ormiston_C5,BELFAST EAST,17.0,26.7,405.0
N20000966,Ormiston_E2,BELFAST EAST,21.62,31.3,350.0
N20000967,Ormiston_F3,BELFAST EAST,23.3,33.0,381.0
N20000968,Ormiston_E3,BELFAST EAST,20.16,29.8,443.0
N20000969,Ormiston_E4,BELFAST EAST,17.99,27.7,476.0
N20000970,Ormiston_G1,BELFAST EAST,20.8,30.5,432.0
N20000971,Ormiston_F4,BELFAST EAST,18.48,28.2,429.0
N20000972,Ormiston_H1,BELFAST EAST,30.01,39.7,173.0
N20000973,Ormiston_H2,BELFAST EAST,21.56,31.3,259.0
N20000974,Ormiston_G2,BELFAST EAST,17.96,27.7,335.0
N20000975,Ormiston_G3,BELFAST EAST,22.56,32.3,491.0
N20000976,Ormiston_H3,BELFAST EAST,26.87,36.6,447.0
N20000977,Ormiston_J1,BELFAST EAST,18.67,28.4,369.0
N20000978,Ormiston_J2,BELFAST EAST,23.34,33.0,329.0
N20000979,Ormiston_N1,BELFAST EAST,19.21,28.9,438.0
N20000981,Ormiston_J3,BELFAST EAST,18.28,28.0,402.0
N20000982,Ormiston_F5,BELFAST EAST,19.47,29.2,493.0
N20000983,Ormiston_G4,BELFAST EAST,19.59,29.3,510.0
N20000984,Ormiston_H4,BELFAST EAST,23.26,32.9,419.0
N20000985,Ormiston_H5,BELFAST EAST,22.25,31.9,220.0
N20000986,Ormiston_J4,BELFAST EAST,13.37,23.1,276.0
N20000987,Ormiston_K1,BELFAST EAST,13.69,23.4,409.0
N20000988,Ormiston_N2,BELFAST EAST,16.94,26.6,608.0
N20000989,Ormiston_L2,BELFAST EAST,10.45,20.1,354.0
N20000990,Ormiston_K2,BELFAST EAST,12.48,22.2,303.0
N20000991,Ormiston_J5,BELFAST EAST,13.84,23.5,282.0
N20000992,Ormiston_P1,BELFAST EAST,16.59,26.3,314.0
N20000993,Ormiston_K3,BELFAST EAST,15.45,25.1,450.0
N20000994,Ormiston_K4,BELFAST EAST,10.8,20.5,488.0
N20000995,Ormiston_R1,BELFAST EAST,22.54,32.2,599.0
N20000996,Ormiston_L3,BELFAST EAST,11.97,21.7,361.0
N20000997,Ormiston_N3,BELFAST EAST,20.09,29.8,533.0
N20000998,Ormiston_P2,BELFAST EAST,17.64,27.3,296.0
N20001000,Ormiston_Q1,BELFAST EAST,13.57,23.3,302.0
N20001001,Ormiston_N4,BELFAST EAST,17.8,27.5,389.0
N20001002,Ormiston_P3,BELFAST EAST,14.08,23.8,224.0
N20001003,Ormiston_Q2,BELFAST EAST,14.94,24.6,278.0
N20001004,Ormiston_L5,BELFAST EAST,11.12,20.8,344.0
N20001005,Ormiston_R2,BELFAST EAST,18.32,28.0,438.0
N20001006,Ormiston_P4,BELFAST EAST,16.5,26.2,501.0
N20001007,Ormiston_S1,BELFAST EAST,17.18,26.9,587.0
N20001008,Ormiston_P5,BELFAST EAST,14.56,24.3,450.0
N20001009,Ormiston_Q3,BELFAST EAST,15.88,25.6,342.0
N20001010,Ormiston_R3,BELFAST EAST,23.24,32.9,352.0
N20001013,Ormiston_S3,BELFAST EAST,13.38,23.1,444.0
N20001014,Ormiston_T2,BELFAST EAST,13.07,22.8,410.0
N20001015,Ormiston_T3,BELFAST EAST,15.48,25.2,526.0
N20001016,Ormiston_T4,BELFAST EAST,15.99,25.7,508.0
N20001017,Lisnasharragh_B1,BELFAST EAST,19.45,29.1,278.0
N20001018,Lisnasharragh_A1,BELFAST EAST,15.62,25.3,205.0
N20001019,Lisnasharragh_A2,BELFAST EAST,23.24,32.9,440.0
N20001020,Lisnasharragh_B2,BELFAST EAST,15.71,25.4,484.0
N20001021,Lisnasharragh_D1,BELFAST SOUTH,32.43,42.1,400.0
N20001022,Lisnasharragh_B3,BELFAST EAST,15.0,24.7,368.0
N20001023,Lisnasharragh_A3,BELFAST EAST,21.0,30.7,377.0
N20001024,Lisnasharragh_C1,BELFAST SOUTH,44.6,54.3,501.0
N20001025,Lisnasharragh_B4,BELFAST EAST,18.42,28.1,222.0
N20001026,Lisnasharragh_D2,BELFAST SOUTH,26.08,35.8,339.0
N20001027,Lisnasharragh_C2,BELFAST SOUTH,33.17,42.9,311.0
N20001028,Lisnasharragh_A4,BELFAST EAST,19.62,29.3,450.0
N20001029,Lisnasharragh_D3,BELFAST SOUTH,31.67,41.4,302.0
N20001030,Lisnasharragh_C3,BELFAST SOUTH,34.47,44.2,289.0
N20001031,Lisnasharragh_B5,BELFAST EAST,16.41,26.1,266.0
N20001032,Lisnasharragh_D4,BELFAST SOUTH,28.19,37.9,267.0
N20001033,Lisnasharragh_E1,BELFAST EAST,15.3,25.0,440.0
N20001034,Lisnasharragh_B6,BELFAST EAST,14.4,24.1,445.0
N20001035,Lisnasharragh_F1,BELFAST SOUTH,45.93,55.6,442.0
N20001036,Lisnasharragh_F2,BELFAST SOUTH,24.44,34.1,321.0
N20001037,Lisnasharragh_F3,BELFAST SOUTH,31.43,41.1,368.0
N20001038,Lisnasharragh_E2,BELFAST EAST,18.68,28.4,470.0
N20001039,Lisnasharragh_G1,BELFAST EAST,15.02,24.7,478.0
N20001040,Lisnasharragh_N1,BELFAST EAST,13.04,22.7,463.0
N20001041,Lisnasharragh_H1,BELFAST EAST,16.3,26.0,426.0
N20001042,Lisnasharragh_F4,BELFAST SOUTH,43.45,53.1,393.0
N20001043,Lisnasharragh_J1,BELFAST EAST,14.67,24.4,209.0
N20001044,Lisnasharragh_H2,BELFAST EAST,16.51,26.2,379.0
N20001045,Lisnasharragh_G2,BELFAST EAST,16.53,26.2,322.0
N20001046,Lisnasharragh_E3,BELFAST EAST,17.41,27.1,651.0
N20001048,Lisnasharragh_J2,BELFAST EAST,14.58,24.3,232.0
N20001049,Lisnasharragh_N2,BELFAST SOUTH,20.27,30.0,288.0
N20001050,Lisnasharragh_N3,BELFAST SOUTH,17.64,27.3,475.0
N20001051,Lisnasharragh_J3,BELFAST EAST,13.78,23.5,363.0
N20001052,Lisnasharragh_N4,BELFAST SOUTH,21.18,30.9,364.0
N20001053,Lisnasharragh_L1,BELFAST SOUTH,26.27,36.0,600.0
N20001054,Lisnasharragh_J4,BELFAST EAST,18.62,28.3,381.0
N20001056,Lisnasharragh_P1,BELFAST EAST,16.97,26.7,475.0
N20001057,Lisnasharragh_K1,BELFAST SOUTH,45.05,54.7,287.0
N20001058,Lisnasharragh_L2,BELFAST EAST,12.34,22.0,435.0
N20001059,Lisnasharragh_K2,BELFAST SOUTH,35.38,45.1,387.0
N20001060,Lisnasharragh_J5,BELFAST EAST,19.78,29.5,337.0
N20001061,Lisnasharragh_K3,BELFAST SOUTH,48.89,58.6,476.0
N20001062,Lisnasharragh_K4,BELFAST SOUTH,53.86,63.6,234.0
N20001063,Lisnasharragh_P2,BELFAST SOUTH,39.95,49.6,502.0
N20001064,Lisnasharragh_K5,BELFAST SOUTH,41.33,51.0,291.0
N20001065,Lisnasharragh_L3,BELFAST SOUTH,15.88,25.6,433.0
N20001066,Lisnasharragh_Q1,BELFAST SOUTH,41.37,51.1,526.0
N20001067,Lisnasharragh_N5,BELFAST EAST,17.12,26.8,311.0
N20001069,Lisnasharragh_P4,BELFAST SOUTH,48.53,58.2,378.0
N20001070,Lisnasharragh_Q2,BELFAST SOUTH,48.21,57.9,535.0
N20001071,Lisnasharragh_R1,BELFAST SOUTH,50.66,60.4,317.0
N20001072,Lisnasharragh_Q3,BELFAST SOUTH,49.86,59.6,439.0
N20001073,Lisnasharragh_R2,BELFAST SOUTH,56.17,65.9,439.0
N20001074,Lisnasharragh_N6,BELFAST SOUTH,33.87,43.6,351.0
N20001075,Lisnasharragh_P5,BELFAST SOUTH,49.06,58.7,358.0
N20001076,Lisnasharragh_R3,BELFAST SOUTH,51.77,61.5,514.0
N20001077,Lisnasharragh_R4,BELFAST SOUTH,38.65,48.3,530.0
N20001078,Lisnasharragh_R5,BELFAST SOUTH,37.05,46.7,241.0
N20001079,Botanic_A1,BELFAST SOUTH,45.0,54.7,304.0
N20001080,Botanic_A2,BELFAST SOUTH,41.39,51.1,1429.0
N20001081,Botanic_B1,BELFAST SOUTH,45.93,55.6,318.0
N20001082,Botanic_B2,BELFAST SOUTH,63.37,73.1,303.0
N20001083,Botanic_B3,BELFAST SOUTH,64.74,74.4,366.0
N20001084,Botanic_A3,BELFAST SOUTH,31.15,40.8,703.0
N20001085,Botanic_A4,BELFAST SOUTH,34.72,44.4,453.0
N20001086,Botanic_B4,BELFAST SOUTH,57.42,67.1,332.0
N20001087,Botanic_C1,BELFAST SOUTH,37.14,46.8,865.0
N20001088,Botanic_C2,BELFAST SOUTH,30.69,40.4,409.0
N20001089,Botanic_A5,BELFAST SOUTH,12.96,22.6,187.0
N20001090,Botanic_C3,BELFAST SOUTH,32.84,42.5,569.0
N20001091,Botanic_D1,BELFAST SOUTH,22.2,31.9,316.0
N20001092,Botanic_E1,BELFAST SOUTH,14.57,24.3,336.0
N20001093,Botanic_F1,BELFAST SOUTH,11.81,21.5,304.0
N20001094,Botanic_D2,BELFAST SOUTH,61.36,71.0,321.0
N20001095,Botanic_F2,BELFAST SOUTH,18.72,28.4,442.0
N20001096,Botanic_E2,BELFAST SOUTH,21.1,30.8,351.0
N20001097,Botanic_C4,BELFAST SOUTH,18.52,28.2,258.0
N20001098,Botanic_E3,BELFAST SOUTH,20.2,29.9,326.0
N20001099,Botanic_H1,BELFAST SOUTH,34.94,44.6,318.0
N20001100,Botanic_F3,BELFAST SOUTH,21.02,30.7,348.0
N20001101,Botanic_D3,BELFAST SOUTH,35.67,45.4,367.0
N20001102,Botanic_F4,BELFAST SOUTH,29.73,39.4,251.0
N20001103,Botanic_H2,BELFAST SOUTH,45.03,54.7,489.0
N20001104,Botanic_G1,BELFAST SOUTH,20.18,29.9,371.0
N20001105,Botanic_H3,BELFAST SOUTH,48.01,57.7,328.0
N20001106,Botanic_E4,BELFAST SOUTH,25.24,34.9,455.0
N20001108,Botanic_F5,BELFAST SOUTH,31.3,41.0,203.0
N20001109,Botanic_D4,BELFAST SOUTH,59.4,69.1,367.0
N20001110,Botanic_H5,BELFAST SOUTH,42.67,52.4,274.0
N20001111,Botanic_G2,BELFAST SOUTH,17.93,27.6,303.0
N20001112,Botanic_H6,BELFAST SOUTH,46.08,55.8,498.0
N20001113,Botanic_J1,BELFAST SOUTH,53.84,63.5,472.0
N20001114,Botanic_J2,BELFAST SOUTH,55.52,65.2,395.0
N20001115,Botanic_K1,BELFAST SOUTH,39.56,49.2,590.0
N20001116,Botanic_G3,BELFAST SOUTH,16.95,26.6,288.0
N20001117,Botanic_G4,BELFAST SOUTH,19.0,28.7,244.0
N20001118,Botanic_N1,BELFAST SOUTH,54.8,64.5,412.0
N20001119,Botanic_J3,BELFAST SOUTH,49.73,59.4,402.0
N20001120,Botanic_J4,BELFAST SOUTH,56.43,66.1,578.0
N20001121,Botanic_P1,BELFAST SOUTH,48.93,58.6,526.0
N20001122,Botanic_L1,BELFAST SOUTH,43.88,53.6,245.0
N20001123,Botanic_H7,BELFAST SOUTH,40.52,50.2,428.0
N20001124,Botanic_L2,BELFAST SOUTH,42.49,52.2,582.0
N20001125,Botanic_K2,BELFAST SOUTH,35.86,45.6,307.0
N20001126,Botanic_K3,BELFAST SOUTH,34.03,43.7,568.0
N20001127,Botanic_N2,BELFAST SOUTH,57.24,66.9,482.0
N20001128,Botanic_U1,BELFAST SOUTH,26.48,36.2,215.0
N20001129,Botanic_K4,BELFAST SOUTH,26.54,36.2,373.0
N20001130,Botanic_N3,BELFAST SOUTH,66.41,76.1,505.0
N20001131,Botanic_N4,BELFAST SOUTH,56.29,66.0,551.0
N20001132,Botanic_L3,BELFAST SOUTH,43.51,53.2,488.0
N20001133,Botanic_L4,BELFAST SOUTH,38.69,48.4,740.0
N20001134,Botanic_N5,BELFAST SOUTH,51.07,60.8,517.0
N20001135,Botanic_R1,BELFAST SOUTH,44.89,54.6,563.0
N20001136,Botanic_Q1,BELFAST SOUTH,44.02,53.7,475.0
N20001137,Botanic_R2,BELFAST SOUTH,44.16,53.8,461.0
N20001138,Botanic_T1,BELFAST SOUTH,44.58,54.3,386.0
N20001139,Botanic_R3,BELFAST SOUTH,41.77,51.5,620.0
N20001140,Botanic_S1,BELFAST SOUTH,35.99,45.7,516.0
N20001141,Botanic_T2,BELFAST SOUTH,47.89,57.6,277.0
N20001142,Botanic_Q2,BELFAST SOUTH,42.14,51.8,602.0
N20001143,Botanic_R4,BELFAST SOUTH,44.48,54.2,518.0
N20001144,Botanic_S2,BELFAST SOUTH,41.7,51.4,478.0
N20001145,Botanic_P2,BELFAST SOUTH,41.1,50.8,212.0
N20001147,Botanic_T4,BELFAST SOUTH,28.4,38.1,332.0
N20001148,Botanic_R5,BELFAST SOUTH,34.23,43.9,365.0
N20001149,Botanic_U2,BELFAST SOUTH,34.99,44.7,582.0
N20001150,Botanic_W1,BELFAST SOUTH,40.1,49.8,323.0
N20001151,Botanic_Q3,BELFAST SOUTH,44.12,53.8,520.0
N20001152,Botanic_S3,BELFAST SOUTH,40.35,50.0,321.0
N20001153,Botanic_Q4,BELFAST SOUTH,42.37,52.1,632.0
N20001154,Botanic_W2,BELFAST SOUTH,42.61,52.3,230.0
N20001155,Botanic_W3,BELFAST SOUTH,44.51,54.2,386.0
N20001156,Botanic_S4,BELFAST SOUTH,38.32,48.0,580.0
N20001157,Botanic_Q5,BELFAST SOUTH,45.06,54.7,405.0
N20001158,Botanic_P3,BELFAST SOUTH,49.6,59.3,384.0
N20001159,Botanic_W4,BELFAST SOUTH,45.61,55.3,377.0
N20001160,Botanic_W5,BELFAST SOUTH,48.2,57.9,295.0
N20001161,Botanic_U3,BELFAST SOUTH,43.27,53.0,402.0
N20001162,Botanic_X1,BELFAST SOUTH,46.45,56.1,2084.0
N20001163,Botanic_T5,BELFAST SOUTH,42.1,51.8,253.0
N20001164,Botanic_W6,BELFAST SOUTH,48.91,58.6,454.0
N20001165,Botanic_P4,BELFAST SOUTH,46.45,56.1,384.0
N20001166,Botanic_P5,BELFAST SOUTH,51.82,61.5,467.0
N20001167,Botanic_X2,BELFAST SOUTH,43.03,52.7,560.0
N20001168,Botanic_Y1,BELFAST SOUTH,40.7,50.4,436.0
N20001169,Botanic_X3,BELFAST SOUTH,44.51,54.2,417.0
N20001170,Botanic_Y2,BELFAST SOUTH,41.4,51.1,383.0
N20001171,Botanic_X4,BELFAST SOUTH,39.05,48.7,265.0
N20001172,Botanic_Y3,BELFAST SOUTH,36.09,45.8,806.0
N20001173,Botanic_Y4,BELFAST SOUTH,38.69,48.4,330.0
N20001174,Botanic_Y5,BELFAST SOUTH,42.97,52.7,433.0
N20001175,Botanic_Z1,BELFAST SOUTH,38.39,48.1,290.0
N20001176,Botanic_Z2,BELFAST SOUTH,45.24,54.9,365.0
N20001177,Botanic_Z3,BELFAST SOUTH,44.33,54.0,391.0
N20001178,Botanic_Z4,BELFAST SOUTH,40.24,49.9,443.0
N20001179,Balmoral_A1,BELFAST SOUTH,46.47,56.2,252.0
N20001180,Balmoral_A2,BELFAST SOUTH,47.65,57.3,236.0
N20001181,Balmoral_A3,BELFAST SOUTH,44.73,54.4,242.0
N20001182,Balmoral_A4,BELFAST SOUTH,46.53,56.2,375.0
N20001183,Balmoral_A5,BELFAST SOUTH,48.28,58.0,370.0
N20001184,Balmoral_B1,BELFAST SOUTH,53.59,63.3,643.0
N20001185,Balmoral_A6,BELFAST SOUTH,43.28,53.0,420.0
N20001186,Balmoral_B2,BELFAST SOUTH,50.7,60.4,474.0
N20001187,Balmoral_F1,BELFAST SOUTH,44.55,54.2,224.0
N20001188,Balmoral_F2,BELFAST SOUTH,50.33,60.0,302.0
N20001189,Balmoral_E1,BELFAST SOUTH,51.96,61.6,371.0
N20001190,Balmoral_D1,BELFAST SOUTH,64.34,74.0,452.0
N20001191,Balmoral_C1,BELFAST SOUTH,51.53,61.2,340.0
N20001192,Balmoral_D2,BELFAST SOUTH,64.9,74.6,435.0
N20001193,Balmoral_E2,BELFAST SOUTH,54.94,64.6,290.0
N20001194,Balmoral_C2,BELFAST SOUTH,37.01,46.7,263.0
N20001195,Balmoral_D3,BELFAST SOUTH,54.74,64.4,565.0
N20001196,Balmoral_E3,BELFAST SOUTH,46.66,56.4,327.0
N20001197,Balmoral_D4,BELFAST SOUTH,65.21,74.9,367.0
N20001198,Balmoral_E4,BELFAST SOUTH,49.0,58.7,395.0
N20001199,Balmoral_E5,BELFAST SOUTH,45.53,55.2,433.0
N20001200,Balmoral_F3,BELFAST SOUTH,41.05,50.7,388.0
N20001201,Balmoral_C3,BELFAST SOUTH,33.4,43.1,371.0
N20001202,Balmoral_H1,BELFAST SOUTH,51.52,61.2,316.0
N20001203,Balmoral_G1,BELFAST SOUTH,22.86,32.5,360.0
N20001204,Balmoral_H2,BELFAST SOUTH,62.83,72.5,402.0
N20001205,Balmoral_G2,BELFAST SOUTH,29.43,39.1,307.0
N20001206,Balmoral_G3,BELFAST SOUTH,17.77,27.5,140.0
N20001207,Balmoral_C4,BELFAST SOUTH,12.05,21.7,250.0
N20001208,Balmoral_J1,BELFAST SOUTH,12.15,21.8,417.0
N20001209,Balmoral_H3,BELFAST SOUTH,35.04,44.7,330.0
N20001210,Balmoral_G4,BELFAST SOUTH,19.28,29.0,387.0
N20001211,Balmoral_J2,BELFAST SOUTH,18.16,27.8,391.0
N20001212,Balmoral_H4,BELFAST SOUTH,65.77,75.5,245.0
N20001213,Balmoral_G5,BELFAST SOUTH,25.64,35.3,269.0
N20001214,Balmoral_J3,BELFAST SOUTH,30.42,40.1,346.0
N20001215,Balmoral_N1,BELFAST SOUTH,17.02,26.7,527.0
N20001216,Balmoral_J4,BELFAST SOUTH,32.13,41.8,234.0
N20001217,Balmoral_F4,BELFAST SOUTH,28.78,38.5,467.0
N20001218,Balmoral_L1,BELFAST SOUTH,42.23,51.9,296.0
N20001219,Balmoral_J5,BELFAST SOUTH,31.91,41.6,341.0
N20001220,Balmoral_N2,BELFAST SOUTH,21.71,31.4,435.0
N20001221,Balmoral_N3,BELFAST SOUTH,38.25,47.9,348.0
N20001222,Balmoral_K1,BELFAST SOUTH,16.99,26.7,299.0
N20001223,Balmoral_K2,BELFAST SOUTH,18.37,28.1,502.0
N20001224,Balmoral_F5,BELFAST SOUTH,15.4,25.1,333.0
N20001225,Balmoral_K3,BELFAST SOUTH,14.57,24.3,185.0
N20001226,Balmoral_L2,BELFAST SOUTH,36.37,46.1,369.0
N20001227,Balmoral_K4,BELFAST SOUTH,16.82,26.5,242.0
N20001228,Balmoral_P1,BELFAST SOUTH,15.24,24.9,324.0
N20001229,Balmoral_P2,BELFAST SOUTH,15.45,25.1,355.0
N20001230,Balmoral_L3,BELFAST SOUTH,49.83,59.5,496.0
N20001231,Balmoral_L4,LAGAN VALLEY,38.66,48.4,454.0
N20001232,Balmoral_P3,BELFAST SOUTH,22.07,31.8,464.0
N20001233,Balmoral_N4,BELFAST SOUTH,40.54,50.2,412.0
N20001234,Balmoral_P4,LAGAN VALLEY,27.43,37.1,355.0
N20001235,Collin_A1,BELFAST WEST,63.8,73.5,278.0
N20001239,Collin_B1,BELFAST WEST,64.97,74.7,368.0
N20001240,Collin_C1,BELFAST WEST,62.91,72.6,396.0
N20001241,Collin_E1,BELFAST WEST,67.31,77.0,473.0
N20001242,Collin_C2,BELFAST WEST,64.62,74.3,563.0
N20001246,Collin_F1,BELFAST WEST,67.64,77.3,617.0
N20001247,Collin_D3,BELFAST WEST,62.89,72.6,409.0
N20001248,Collin_E3,BELFAST WEST,64.53,74.2,299.0
N20001249,Collin_C3,BELFAST WEST,23.76,33.5,500.0
N20001250,Collin_F2,BELFAST WEST,66.77,76.5,330.0
N20001251,Collin_D4,BELFAST WEST,66.5,76.2,602.0
N20001252,Collin_E4,BELFAST WEST,65.55,75.2,408.0
N20001253,Collin_J1,BELFAST WEST,66.82,76.5,582.0
N20001254,Collin_F3,BELFAST WEST,56.72,66.4,530.0
N20001255,Collin_B2,BELFAST WEST,64.62,74.3,502.0
N20001256,Collin_G1,BELFAST WEST,65.88,75.6,366.0
N20001257,Collin_G2,BELFAST WEST,67.41,77.1,404.0
N20001258,Collin_H1,BELFAST WEST,68.29,78.0,863.0
N20001259,Collin_K1,BELFAST WEST,66.77,76.5,553.0
N20001260,Collin_J2,BELFAST WEST,65.1,74.8,365.0
N20001261,Collin_B3,BELFAST WEST,65.25,74.9,648.0
N20001262,Collin_G3,BELFAST WEST,64.08,73.8,334.0
N20001263,Collin_G4,BELFAST WEST,65.93,75.6,390.0
N20001264,Collin_H2,BELFAST WEST,66.12,75.8,710.0
N20001265,Collin_H3,BELFAST WEST,66.92,76.6,447.0
N20001266,Collin_G5,BELFAST WEST,65.59,75.3,403.0
N20001267,Collin_L1,BELFAST WEST,63.34,73.0,394.0
N20001268,Collin_B4,BELFAST WEST,65.8,75.5,382.0
N20001269,Collin_K2,BELFAST WEST,64.07,73.8,390.0
N20001270,Collin_K3,BELFAST WEST,64.38,74.1,277.0
N20001271,Collin_H4,BELFAST WEST,60.18,69.9,361.0
N20001272,Collin_N1,BELFAST WEST,66.19,75.9,482.0
N20001273,Collin_L2,BELFAST WEST,64.63,74.3,247.0
N20001274,Collin_P1,BELFAST WEST,58.54,68.2,300.0
N20001275,Collin_J3,BELFAST WEST,49.24,58.9,335.0
N20001276,Collin_K4,BELFAST WEST,63.79,73.5,357.0
N20001277,Collin_N2,BELFAST WEST,65.59,75.3,542.0
N20001278,Collin_L3,BELFAST WEST,63.9,73.6,387.0
N20001279,Collin_L4,BELFAST WEST,65.02,74.7,419.0
N20001280,Collin_J4,BELFAST WEST,52.33,62.0,263.0
N20001281,Collin_R1,BELFAST WEST,56.68,66.4,251.0
N20001282,Collin_Q1,BELFAST WEST,68.01,77.7,401.0
N20001283,Collin_P2,BELFAST WEST,64.77,74.5,293.0
N20001285,Collin_P3,BELFAST WEST,49.82,59.5,271.0
N20001286,Collin_P4,BELFAST WEST,63.53,73.2,182.0
N20001287,Collin_Q2,BELFAST WEST,65.68,75.4,309.0
N20001288,Collin_P5,BELFAST WEST,67.35,77.0,389.0
N20001289,Collin_R2,BELFAST WEST,42.7,52.4,314.0
N20001290,Collin_Q3,BELFAST WEST,68.69,78.4,902.0
N20001291,Collin_N4,BELFAST WEST,66.91,76.6,386.0
N20001292,Collin_R3,LAGAN VALLEY,25.51,35.2,438.0
N20001294,Collin_R4,LAGAN VALLEY,24.19,33.9,191.0
N20001296,Collin_R5,LAGAN VALLEY,28.1,37.8,347.0
N20001297,Black_Mountain_A1,BELFAST WEST,64.02,73.7,376.0
N20001298,Black_Mountain_A2,BELFAST WEST,66.3,76.0,476.0
N20001300,Black_Mountain_B1,BELFAST WEST,64.24,73.9,450.0
N20001301,Black_Mountain_A4,BELFAST WEST,66.16,75.9,554.0
N20001303,Black_Mountain_B2,BELFAST WEST,62.43,72.1,398.0
N20001304,Black_Mountain_B3,BELFAST WEST,64.73,74.4,401.0
N20001305,Black_Mountain_B4,BELFAST WEST,67.53,77.2,402.0
N20001306,Black_Mountain_A6,BELFAST WEST,66.81,76.5,238.0
N20001307,Black_Mountain_C1,BELFAST WEST,56.72,66.4,416.0
N20001308,Black_Mountain_D1,BELFAST WEST,66.41,76.1,696.0
N20001309,Black_Mountain_D2,BELFAST WEST,65.95,75.6,707.0
N20001310,Black_Mountain_E1,BELFAST WEST,65.95,75.6,468.0
N20001311,Black_Mountain_C2,BELFAST WEST,61.72,71.4,311.0
N20001312,Black_Mountain_C3,BELFAST WEST,58.96,68.7,319.0
N20001313,Black_Mountain_E2,BELFAST WEST,66.54,76.2,409.0
N20001314,Black_Mountain_E3,BELFAST WEST,67.44,77.1,499.0
N20001315,Black_Mountain_C4,BELFAST WEST,60.05,69.7,354.0
N20001316,Black_Mountain_E4,BELFAST WEST,64.93,74.6,381.0
N20001318,Black_Mountain_J1,BELFAST WEST,64.88,74.6,390.0
N20001319,Black_Mountain_J2,BELFAST WEST,64.28,74.0,272.0
N20001320,Black_Mountain_F2,BELFAST WEST,66.4,76.1,376.0
N20001321,Black_Mountain_J3,BELFAST WEST,63.12,72.8,463.0
N20001322,Black_Mountain_J4,BELFAST WEST,63.13,72.8,348.0
N20001323,Black_Mountain_H1,BELFAST WEST,65.84,75.5,280.0
N20001324,Black_Mountain_J5,BELFAST WEST,62.5,72.2,351.0
N20001325,Black_Mountain_F3,BELFAST WEST,67.57,77.3,579.0
N20001326,Black_Mountain_F4,BELFAST WEST,67.35,77.0,498.0
N20001327,Black_Mountain_G1,BELFAST WEST,67.17,76.9,362.0
N20001328,Black_Mountain_H2,BELFAST WEST,63.36,73.0,460.0
N20001329,Black_Mountain_G2,BELFAST WEST,66.05,75.7,238.0
N20001330,Black_Mountain_G3,BELFAST WEST,65.4,75.1,328.0
N20001333,Black_Mountain_G5,BELFAST WEST,65.02,74.7,379.0
N20001334,Black_Mountain_G6,BELFAST WEST,66.06,75.8,605.0
N20001335,Black_Mountain_K2,BELFAST WEST,65.33,75.0,262.0
N20001336,Black_Mountain_J6,BELFAST WEST,64.15,73.8,212.0
N20001338,Black_Mountain_K3,BELFAST WEST,61.55,71.2,263.0
N20001339,Black_Mountain_K4,BELFAST WEST,66.5,76.2,595.0
N20001340,Black_Mountain_H4,BELFAST WEST,65.53,75.2,344.0
N20001343,Black_Mountain_N1,BELFAST WEST,66.05,75.7,341.0
N20001345,Black_Mountain_L2,BELFAST WEST,65.05,74.7,379.0
N20001346,Black_Mountain_P1,BELFAST WEST,64.81,74.5,414.0
N20001348,Black_Mountain_N3,BELFAST WEST,65.63,75.3,367.0
N20001351,Black_Mountain_D4,BELFAST WEST,65.53,75.2,450.0
N20001352,Black_Mountain_L3,BELFAST WEST,65.82,75.5,418.0
N20001354,Black_Mountain_L4,BELFAST WEST,64.36,74.1,378.0
N20001356,Black_Mountain_Q1,BELFAST WEST,67.01,76.7,509.0
N20001358,Black_Mountain_P2,BELFAST WEST,65.1,74.8,461.0
N20001359,Black_Mountain_P3,BELFAST WEST,67.04,76.7,429.0
N20001361,Black_Mountain_R2,BELFAST WEST,66.65,76.3,441.0
N20001362,Black_Mountain_Q2,BELFAST WEST,66.0,75.7,418.0
N20001363,Black_Mountain_Q3,BELFAST WEST,66.67,76.4,506.0
N20001365,Black_Mountain_P5,BELFAST WEST,62.1,71.8,363.0
N20001366,Black_Mountain_R4,BELFAST WEST,67.19,76.9,347.0
N20001368,Black_Mountain_R6,BELFAST WEST,65.13,74.8,218.0
N20001370,Court_A1,BELFAST WEST,11.32,21.0,394.0
N20001371,Court_A2,BELFAST NORTH,28.04,37.7,384.0
N20001373,Court_A3,BELFAST NORTH,34.57,44.3,486.0
N20001375,Court_B2,BELFAST NORTH,10.76,20.5,458.0
N20001376,Court_C3,BELFAST WEST,13.19,22.9,152.0
N20001377,Court_B3,BELFAST NORTH,17.58,27.3,335.0
N20001378,Court_C4,BELFAST WEST,16.19,25.9,418.0
N20001379,Court_J1,BELFAST WEST,13.89,23.6,413.0
N20001380,Court_E1,BELFAST WEST,10.54,20.2,539.0
N20001381,Court_D1,BELFAST NORTH,9.85,19.5,564.0
N20001382,Court_B4,BELFAST NORTH,13.53,23.2,379.0
N20001383,Court_D2,BELFAST NORTH,13.86,23.5,414.0
N20001384,Court_F1,BELFAST NORTH,12.3,22.0,467.0
N20001385,Court_D3,BELFAST NORTH,17.18,26.9,307.0
N20001386,Court_E2,BELFAST WEST,12.62,22.3,333.0
N20001388,Court_E3,BELFAST WEST,10.59,20.3,385.0
N20001389,Court_G2,BELFAST WEST,13.23,22.9,374.0
N20001391,Court_E4,BELFAST WEST,9.85,19.5,359.0
N20001392,Court_E5,BELFAST WEST,10.87,20.6,349.0
N20001394,Court_F2,BELFAST NORTH,16.06,25.7,291.0
N20001395,Court_G3,BELFAST NORTH,11.86,21.5,241.0
N20001396,Court_K1,BELFAST WEST,14.16,23.8,336.0
N20001397,Court_H3,BELFAST NORTH,15.05,24.7,380.0
N20001398,Court_K2,BELFAST WEST,12.43,22.1,294.0
N20001399,Court_H4,BELFAST NORTH,10.67,20.4,445.0
N20001400,Court_F3,BELFAST NORTH,17.36,27.0,211.0
N20001401,Court_J2,BELFAST WEST,16.4,26.1,596.0
N20001402,Court_L1,BELFAST WEST,18.8,28.5,440.0
N20001404,Court_J3,BELFAST NORTH,13.88,23.6,346.0
N20001405,Court_L3,BELFAST WEST,10.18,19.9,388.0
N20001406,Court_K3,BELFAST WEST,11.29,21.0,258.0
N20001407,Court_N1,BELFAST WEST,14.57,24.3,233.0
N20001408,Court_P1,BELFAST WEST,10.86,20.6,242.0
N20001409,Court_K4,BELFAST WEST,9.28,19.0,188.0
N20001410,Court_S1,BELFAST WEST,8.61,18.3,245.0
N20001411,Court_P2,BELFAST WEST,11.91,21.6,328.0
N20001412,Court_K5,BELFAST WEST,13.61,23.3,216.0
N20001413,Court_N2,BELFAST NORTH,22.12,31.8,434.0
N20001415,Court_P3,BELFAST WEST,10.75,20.4,238.0
N20001416,Court_R1,BELFAST WEST,10.84,20.5,399.0
N20001418,Court_Q2,BELFAST WEST,37.83,47.5,370.0
N20001420,Court_N4,BELFAST WEST,61.09,70.8,248.0
N20001421,Court_S2,BELFAST WEST,52.41,62.1,311.0
N20001422,Court_J4,BELFAST WEST,49.82,59.5,255.0
N20001423,Court_Q3,BELFAST WEST,61.77,71.5,194.0
N20001424,Court_R3,BELFAST WEST,14.99,24.7,463.0
N20001425,Court_U1,BELFAST WEST,56.6,66.3,252.0
N20001426,Court_P4,BELFAST WEST,65.8,75.5,284.0
N20001427,Court_U2,BELFAST WEST,65.03,74.7,487.0
N20001428,Court_T1,BELFAST WEST,60.4,70.1,468.0
N20001429,Court_W1,BELFAST WEST,64.99,74.7,396.0
N20001430,Court_Q4,BELFAST WEST,60.38,70.1,241.0
N20001431,Court_S3,BELFAST WEST,63.33,73.0,223.0
N20001434,Court_U3,BELFAST WEST,64.26,73.9,300.0
N20001435,Court_X1,BELFAST WEST,59.47,69.2,207.0
N20001437,Court_S5,BELFAST WEST,63.59,73.3,316.0
N20001438,Court_W3,BELFAST WEST,66.61,76.3,292.0
N20001439,Court_X2,BELFAST WEST,59.3,69.0,450.0
N20001441,Court_X3,BELFAST WEST,58.58,68.3,399.0
N20001442,Court_T3,BELFAST WEST,66.84,76.5,415.0
N20001443,Court_X4,BELFAST WEST,63.37,73.1,294.0
N20001444,Court_W4,BELFAST WEST,67.28,77.0,482.0
N20001445,Court_X5,BELFAST WEST,59.34,69.0,303.0
N20001446,Benbradagh_B1,EAST LONDONDERRY,26.54,36.2,403.0
N20001447,Benbradagh_A1,EAST LONDONDERRY,42.01,51.7,258.0
N20001449,Benbradagh_A3,EAST LONDONDERRY,41.49,51.2,375.0
N20001450,Benbradagh_A4,EAST LONDONDERRY,44.03,53.7,459.0
N20001451,Benbradagh_A5,EAST LONDONDERRY,42.73,52.4,240.0
N20001452,Benbradagh_A6,EAST LONDONDERRY,43.24,52.9,392.0
N20001453,Benbradagh_A7,EAST LONDONDERRY,49.83,59.5,355.0
N20001456,Benbradagh_C3,EAST LONDONDERRY,64.71,74.4,438.0
N20001457,Benbradagh_B2,EAST LONDONDERRY,18.8,28.5,384.0
N20001458,Benbradagh_D1,EAST LONDONDERRY,48.47,58.2,436.0
N20001460,Benbradagh_D2,EAST LONDONDERRY,56.49,66.2,313.0
N20001461,Benbradagh_D3,EAST LONDONDERRY,31.27,41.0,422.0
N20001462,Benbradagh_D4,EAST LONDONDERRY,60.68,70.4,512.0
N20001465,Benbradagh_D6,EAST LONDONDERRY,53.38,63.1,455.0
N20001466,Benbradagh_G1,EAST LONDONDERRY,46.94,56.6,638.0
N20001467,Benbradagh_E2,EAST LONDONDERRY,11.8,21.5,242.0
N20001470,Benbradagh_F2,EAST LONDONDERRY,62.99,72.7,245.0
N20001472,Benbradagh_E4,EAST LONDONDERRY,66.9,76.6,345.0
N20001473,Benbradagh_F4,EAST LONDONDERRY,66.23,75.9,477.0
N20001474,Benbradagh_F5,EAST LONDONDERRY,63.82,73.5,263.0
N20001477,Benbradagh_E5,EAST LONDONDERRY,56.45,66.1,477.0
N20001478,Benbradagh_G2,EAST LONDONDERRY,59.68,69.4,490.0
N20001480,Benbradagh_G3,EAST LONDONDERRY,56.45,66.1,361.0
N20001481,Limavady_A1,EAST LONDONDERRY,49.13,58.8,887.0
N20001482,Limavady_A2,EAST LONDONDERRY,40.6,50.3,599.0
N20001484,Limavady_A4,EAST LONDONDERRY,22.59,32.3,634.0
N20001485,Limavady_F1,EAST LONDONDERRY,25.42,35.1,389.0
N20001486,Limavady_B1,EAST LONDONDERRY,36.05,45.7,353.0
N20001487,Limavady_C1,EAST LONDONDERRY,22.18,31.9,349.0
N20001488,Limavady_B2,EAST LONDONDERRY,31.5,41.2,178.0
N20001489,Limavady_C2,EAST LONDONDERRY,27.73,37.4,567.0
N20001490,Limavady_B3,EAST LONDONDERRY,34.34,44.0,304.0
N20001491,Limavady_D1,EAST LONDONDERRY,35.79,45.5,485.0
N20001492,Limavady_D2,EAST LONDONDERRY,38.08,47.8,287.0
N20001494,Limavady_C3,EAST LONDONDERRY,38.06,47.7,364.0
N20001495,Limavady_E1,EAST LONDONDERRY,30.41,40.1,233.0
N20001496,Limavady_E2,EAST LONDONDERRY,51.77,61.5,207.0
N20001497,Limavady_D3,EAST LONDONDERRY,35.74,45.4,438.0
N20001498,Limavady_E3,EAST LONDONDERRY,40.5,50.2,373.0
N20001499,Limavady_C4,EAST LONDONDERRY,31.23,40.9,242.0
N20001501,Limavady_D4,EAST LONDONDERRY,36.05,45.7,500.0
N20001502,Limavady_C5,EAST LONDONDERRY,27.74,37.4,353.0
N20001503,Limavady_D5,EAST LONDONDERRY,35.9,45.6,355.0
N20001504,Limavady_E5,EAST LONDONDERRY,39.86,49.5,424.0
N20001505,Limavady_G1,EAST LONDONDERRY,34.31,44.0,455.0
N20001506,Limavady_D6,EAST LONDONDERRY,31.19,40.9,378.0
N20001508,Limavady_G2,EAST LONDONDERRY,35.29,45.0,583.0
N20001510,Limavady_G3,EAST LONDONDERRY,39.29,49.0,437.0
N20001512,Limavady_F3,EAST LONDONDERRY,62.58,72.3,355.0
N20001513,Limavady_F4,EAST LONDONDERRY,40.93,50.6,419.0
N20001514,Bann_A1,EAST LONDONDERRY,17.47,27.2,637.0
N20001515,Bann_A2,EAST LONDONDERRY,18.56,28.2,364.0
N20001516,Bann_B1,EAST LONDONDERRY,16.07,25.8,505.0
N20001517,Bann_B2,EAST LONDONDERRY,25.6,35.3,299.0
N20001518,Bann_B3,EAST LONDONDERRY,20.34,30.0,680.0
N20001519,Bann_B4,EAST LONDONDERRY,16.99,26.7,229.0
N20001521,Bann_C1,EAST LONDONDERRY,21.06,30.7,446.0
N20001522,Bann_C2,EAST LONDONDERRY,14.99,24.7,285.0
N20001523,Bann_C3,EAST LONDONDERRY,10.38,20.1,335.0
N20001524,Bann_C4,EAST LONDONDERRY,19.37,29.1,385.0
N20001525,Bann_C5,EAST LONDONDERRY,18.77,28.5,438.0
N20001526,Bann_D1,EAST LONDONDERRY,18.05,27.7,409.0
N20001527,Bann_D2,EAST LONDONDERRY,14.74,24.4,545.0
N20001528,Bann_D3,EAST LONDONDERRY,13.09,22.8,519.0
N20001529,Bann_D4,EAST LONDONDERRY,11.68,21.4,333.0
N20001530,Bann_E1,EAST LONDONDERRY,28.01,37.7,599.0
N20001532,Bann_D6,EAST LONDONDERRY,56.24,65.9,449.0
N20001533,Bann_E2,EAST LONDONDERRY,12.66,22.3,335.0
N20001534,Bann_D7,EAST LONDONDERRY,33.18,42.9,328.0
N20001535,Bann_F1,EAST LONDONDERRY,16.69,26.4,228.0
N20001536,Bann_F2,EAST LONDONDERRY,15.84,25.5,312.0
N20001537,Bann_F3,EAST LONDONDERRY,23.0,32.7,477.0
N20001538,Bann_G1,EAST LONDONDERRY,57.65,67.3,375.0
N20001539,Bann_E3,EAST LONDONDERRY,39.94,49.6,607.0
N20001540,Bann_H1,EAST LONDONDERRY,58.08,67.8,367.0
N20001541,Bann_H2,EAST LONDONDERRY,55.66,65.3,346.0
N20001542,Bann_G2,EAST LONDONDERRY,43.43,53.1,673.0
N20001543,Bann_H3,EAST LONDONDERRY,48.55,58.2,568.0
N20001545,Bann_G4,EAST LONDONDERRY,55.85,65.5,374.0
N20001546,Bann_G5,EAST LONDONDERRY,64.72,74.4,239.0
N20001547,Coleraine_A1,EAST LONDONDERRY,16.06,25.7,595.0
N20001548,Coleraine_B1,EAST LONDONDERRY,33.06,42.8,653.0
N20001549,Coleraine_B2,EAST LONDONDERRY,17.02,26.7,388.0
N20001550,Coleraine_A2,EAST LONDONDERRY,17.72,27.4,330.0
N20001551,Coleraine_A3,EAST LONDONDERRY,21.76,31.4,262.0
N20001552,Coleraine_C1,EAST LONDONDERRY,21.27,31.0,358.0
N20001553,Coleraine_A4,EAST LONDONDERRY,19.53,29.2,532.0
N20001554,Coleraine_A5,EAST LONDONDERRY,18.34,28.0,394.0
N20001555,Coleraine_B3,EAST LONDONDERRY,24.76,34.5,433.0
N20001556,Coleraine_C2,EAST LONDONDERRY,18.78,28.5,232.0
N20001557,Coleraine_C3,EAST LONDONDERRY,22.29,32.0,460.0
N20001558,Coleraine_B4,EAST LONDONDERRY,23.52,33.2,444.0
N20001560,Coleraine_B5,EAST LONDONDERRY,25.8,35.5,444.0
N20001561,Coleraine_E1,EAST LONDONDERRY,22.47,32.2,397.0
N20001562,Coleraine_D1,EAST LONDONDERRY,24.11,33.8,298.0
N20001563,Coleraine_C5,EAST LONDONDERRY,21.15,30.8,398.0
N20001565,Coleraine_E3,EAST LONDONDERRY,21.51,31.2,370.0
N20001566,Coleraine_C6,EAST LONDONDERRY,24.16,33.8,276.0
N20001567,Coleraine_D2,EAST LONDONDERRY,24.29,34.0,417.0
N20001568,Coleraine_F1,EAST LONDONDERRY,36.14,45.8,392.0
N20001569,Coleraine_F2,EAST LONDONDERRY,20.5,30.2,295.0
N20001570,Coleraine_D3,EAST LONDONDERRY,31.57,41.3,411.0
N20001571,Coleraine_G1,EAST LONDONDERRY,29.53,39.2,177.0
N20001572,Coleraine_E4,EAST LONDONDERRY,24.93,34.6,467.0
N20001573,Coleraine_F3,EAST LONDONDERRY,34.69,44.4,422.0
N20001574,Coleraine_G2,EAST LONDONDERRY,40.56,50.3,453.0
N20001575,Coleraine_G3,EAST LONDONDERRY,38.73,48.4,334.0
N20001576,Coleraine_G4,EAST LONDONDERRY,33.65,43.3,317.0
N20001577,Coleraine_H1,EAST LONDONDERRY,28.35,38.0,247.0
N20001578,Coleraine_G5,EAST LONDONDERRY,25.41,35.1,233.0
N20001579,Coleraine_G6,EAST LONDONDERRY,38.57,48.3,211.0
N20001580,Coleraine_F4,EAST LONDONDERRY,27.38,37.1,394.0
N20001581,Coleraine_F5,EAST LONDONDERRY,32.42,42.1,384.0
N20001582,Coleraine_H2,EAST LONDONDERRY,22.61,32.3,381.0
N20001584,Coleraine_J2,EAST LONDONDERRY,22.33,32.0,332.0
N20001585,Coleraine_K1,EAST LONDONDERRY,23.39,33.1,412.0
N20001586,Coleraine_H3,EAST LONDONDERRY,25.42,35.1,367.0
N20001587,Coleraine_K2,EAST LONDONDERRY,23.54,33.2,503.0
N20001588,Coleraine_J3,EAST LONDONDERRY,26.16,35.8,302.0
N20001590,Coleraine_H4,EAST LONDONDERRY,20.67,30.4,416.0
N20001591,Coleraine_H5,EAST LONDONDERRY,21.31,31.0,494.0
N20001593,Coleraine_J6,EAST LONDONDERRY,19.23,28.9,465.0
N20001594,Coleraine_H6,EAST LONDONDERRY,19.43,29.1,472.0
N20001595,Coleraine_K3,EAST LONDONDERRY,10.61,20.3,249.0
N20001596,Coleraine_K4,EAST LONDONDERRY,19.34,29.0,509.0
N20001597,Causeway_A1,NORTH ANTRIM,9.89,19.6,611.0
N20001599,Causeway_B1,EAST LONDONDERRY,29.56,39.3,354.0
N20001600,Causeway_C1,NORTH ANTRIM,10.51,20.2,221.0
N20001601,Causeway_C2,NORTH ANTRIM,8.93,18.6,311.0
N20001602,Causeway_J1,EAST LONDONDERRY,10.87,20.6,316.0
N20001603,Causeway_B2,EAST LONDONDERRY,28.11,37.8,352.0
N20001604,Causeway_B3,EAST LONDONDERRY,23.58,33.3,480.0
N20001605,Causeway_C3,NORTH ANTRIM,9.21,18.9,278.0
N20001606,Causeway_C4,NORTH ANTRIM,9.38,19.1,213.0
N20001607,Causeway_D1,EAST LONDONDERRY,25.52,35.2,389.0
N20001609,Causeway_E1,EAST LONDONDERRY,24.41,34.1,256.0
N20001610,Causeway_D3,EAST LONDONDERRY,22.34,32.0,446.0
N20001611,Causeway_E2,EAST LONDONDERRY,21.24,30.9,467.0
N20001612,Causeway_D4,EAST LONDONDERRY,29.89,39.6,363.0
N20001613,Causeway_E3,EAST LONDONDERRY,19.43,29.1,488.0
N20001614,Causeway_E4,EAST LONDONDERRY,21.01,30.7,412.0
N20001615,Causeway_E5,EAST LONDONDERRY,27.03,36.7,484.0
N20001616,Causeway_F1,EAST LONDONDERRY,30.02,39.7,486.0
N20001617,Causeway_J2,EAST LONDONDERRY,9.82,19.5,398.0
N20001619,Causeway_A3,NORTH ANTRIM,10.22,19.9,314.0
N20001620,Causeway_F2,EAST LONDONDERRY,28.33,38.0,294.0
N20001621,Causeway_G1,EAST LONDONDERRY,31.73,41.4,424.0
N20001622,Causeway_G2,EAST LONDONDERRY,28.04,37.7,368.0
N20001623,Causeway_F3,EAST LONDONDERRY,26.26,35.9,382.0
N20001624,Causeway_F4,EAST LONDONDERRY,26.75,36.4,371.0
N20001625,Causeway_F5,EAST LONDONDERRY,27.46,37.1,213.0
N20001626,Causeway_G3,EAST LONDONDERRY,29.02,38.7,402.0
N20001627,Causeway_K1,EAST LONDONDERRY,13.25,22.9,534.0
N20001629,Causeway_G4,EAST LONDONDERRY,26.28,36.0,276.0
N20001630,Causeway_G5,EAST LONDONDERRY,35.93,45.6,383.0
N20001632,Causeway_H3,EAST LONDONDERRY,29.46,39.2,560.0
N20001634,Causeway_K2,EAST LONDONDERRY,18.77,28.5,540.0
N20001635,Causeway_H4,EAST LONDONDERRY,33.54,43.2,506.0
N20001637,Causeway_H5,EAST LONDONDERRY,30.75,40.4,415.0
N20001638,Causeway_H6,EAST LONDONDERRY,33.74,43.4,522.0
N20001639,Causeway_L1,NORTH ANTRIM,10.26,19.9,456.0
N20001640,Causeway_K3,EAST LONDONDERRY,13.3,23.0,411.0
N20001641,Causeway_J4,EAST LONDONDERRY,11.34,21.0,229.0
N20001642,Causeway_L2,NORTH ANTRIM,9.02,18.7,383.0
N20001643,Causeway_J5,NORTH ANTRIM,12.7,22.4,304.0
N20001644,Causeway_K4,EAST LONDONDERRY,10.75,20.4,558.0
N20001645,Causeway_L3,NORTH ANTRIM,14.88,24.6,415.0
N20001647,Causeway_K5,EAST LONDONDERRY,13.22,22.9,445.0
N20001648,Causeway_L5,NORTH ANTRIM,14.59,24.3,250.0
N20001649,Causeway_L6,NORTH ANTRIM,14.23,23.9,286.0
N20001650,Causeway_L7,NORTH ANTRIM,12.57,22.3,288.0
N20001651,The_Glens_B1,NORTH ANTRIM,49.65,59.3,118.0
N20001652,The_Glens_C1,NORTH ANTRIM,39.25,48.9,435.0
N20001655,The_Glens_A3,NORTH ANTRIM,54.93,64.6,475.0
N20001656,The_Glens_A4,NORTH ANTRIM,58.04,67.7,559.0
N20001657,The_Glens_B2,NORTH ANTRIM,50.89,60.6,292.0
N20001658,The_Glens_C2,NORTH ANTRIM,19.48,29.2,485.0
N20001659,The_Glens_B3,NORTH ANTRIM,46.76,56.4,312.0
N20001660,The_Glens_A5,NORTH ANTRIM,56.64,66.3,666.0
N20001661,The_Glens_B4,NORTH ANTRIM,56.95,66.6,281.0
N20001662,The_Glens_B5,NORTH ANTRIM,51.69,61.4,358.0
N20001663,The_Glens_B6,NORTH ANTRIM,56.5,66.2,506.0
N20001664,The_Glens_B7,NORTH ANTRIM,49.41,59.1,302.0
N20001665,The_Glens_C3,NORTH ANTRIM,62.48,72.2,440.0
N20001666,The_Glens_C4,NORTH ANTRIM,24.67,34.4,420.0
N20001667,The_Glens_E1,NORTH ANTRIM,63.75,73.4,363.0
N20001669,The_Glens_D1,NORTH ANTRIM,13.36,23.0,377.0
N20001671,The_Glens_D3,NORTH ANTRIM,29.28,39.0,330.0
N20001672,The_Glens_D4,NORTH ANTRIM,10.43,20.1,487.0
N20001674,The_Glens_F1,NORTH ANTRIM,16.98,26.7,506.0
N20001675,The_Glens_E3,EAST ANTRIM,66.29,76.0,479.0
N20001676,The_Glens_F2,NORTH ANTRIM,48.19,57.9,417.0
N20001677,The_Glens_E4,EAST ANTRIM,65.5,75.2,274.0
N20001680,The_Glens_G2,EAST ANTRIM,65.45,75.1,474.0
N20001681,The_Glens_F4,NORTH ANTRIM,65.1,74.8,373.0
N20001684,The_Glens_G4,EAST ANTRIM,65.66,75.4,580.0
N20001686,Ballymoney_C1,NORTH ANTRIM,16.59,26.3,562.0
N20001687,Ballymoney_B1,NORTH ANTRIM,19.23,28.9,420.0
N20001688,Ballymoney_B2,NORTH ANTRIM,16.85,26.5,329.0
N20001689,Ballymoney_C2,NORTH ANTRIM,18.75,28.4,540.0
N20001690,Ballymoney_B3,NORTH ANTRIM,17.22,26.9,285.0
N20001691,Ballymoney_C3,NORTH ANTRIM,17.49,27.2,339.0
N20001692,Ballymoney_B4,NORTH ANTRIM,18.55,28.2,513.0
N20001693,Ballymoney_D1,NORTH ANTRIM,12.59,22.3,452.0
N20001696,Ballymoney_E1,NORTH ANTRIM,14.08,23.8,431.0
N20001697,Ballymoney_E2,NORTH ANTRIM,20.27,30.0,389.0
N20001698,Ballymoney_D3,NORTH ANTRIM,20.4,30.1,374.0
N20001699,Ballymoney_C4,NORTH ANTRIM,15.45,25.1,427.0
N20001700,Ballymoney_D4,NORTH ANTRIM,20.08,29.8,342.0
N20001702,Ballymoney_F1,NORTH ANTRIM,22.85,32.5,583.0
N20001703,Ballymoney_D5,NORTH ANTRIM,44.2,53.9,179.0
N20001704,Ballymoney_E4,NORTH ANTRIM,12.6,22.3,266.0
N20001706,Ballymoney_E5,NORTH ANTRIM,15.86,25.5,412.0
N20001707,Ballymoney_A3,NORTH ANTRIM,12.71,22.4,333.0
N20001708,Ballymoney_A4,NORTH ANTRIM,17.07,26.8,390.0
N20001710,Ballymoney_F3,NORTH ANTRIM,18.85,28.5,560.0
N20001711,Ballymoney_F4,NORTH ANTRIM,17.55,27.2,271.0
N20001712,Ballymoney_H1,NORTH ANTRIM,13.74,23.4,382.0
N20001713,Ballymoney_A5,NORTH ANTRIM,15.38,25.1,400.0
N20001714,Ballymoney_K1,NORTH ANTRIM,15.81,25.5,345.0
N20001715,Ballymoney_G1,NORTH ANTRIM,39.68,49.4,677.0
N20001716,Ballymoney_G2,NORTH ANTRIM,34.35,44.0,702.0
N20001718,Ballymoney_H2,NORTH ANTRIM,65.14,74.8,258.0
N20001719,Ballymoney_H3,NORTH ANTRIM,66.53,76.2,412.0
N20001720,Ballymoney_K3,NORTH ANTRIM,19.45,29.1,584.0
N20001721,Ballymoney_J1,NORTH ANTRIM,30.31,40.0,443.0
N20001723,Ballymoney_J2,NORTH ANTRIM,26.53,36.2,542.0
N20001725,Ballymoney_H6,NORTH ANTRIM,50.11,59.8,447.0
N20001727,Ballymoney_K5,NORTH ANTRIM,43.98,53.7,463.0
N20001728,Ballymoney_L1,NORTH ANTRIM,61.18,70.9,287.0
N20001729,Ballymoney_L2,NORTH ANTRIM,54.32,64.0,561.0
N20001731,Ballymoney_K6,NORTH ANTRIM,42.05,51.7,523.0
N20001732,The_Moor_H1,FOYLE,64.83,74.5,335.0
N20001733,The_Moor_H2,FOYLE,67.03,76.7,685.0
N20001734,The_Moor_A1,FOYLE,65.52,75.2,387.0
N20001735,The_Moor_B1,FOYLE,62.68,72.4,361.0
N20001736,The_Moor_A2,FOYLE,66.14,75.8,461.0
N20001737,The_Moor_B2,FOYLE,64.39,74.1,271.0
N20001738,The_Moor_B3,FOYLE,65.97,75.7,358.0
N20001739,The_Moor_A3,FOYLE,65.84,75.5,500.0
N20001740,The_Moor_B4,FOYLE,64.51,74.2,411.0
N20001741,The_Moor_C1,FOYLE,62.58,72.3,305.0
N20001743,The_Moor_C2,FOYLE,54.8,64.5,232.0
N20001745,The_Moor_C3,FOYLE,64.67,74.4,308.0
N20001747,The_Moor_B6,FOYLE,66.27,76.0,367.0
N20001748,The_Moor_B7,FOYLE,66.02,75.7,358.0
N20001750,The_Moor_C4,FOYLE,61.8,71.5,194.0
N20001753,The_Moor_E1,FOYLE,67.09,76.8,555.0
N20001756,The_Moor_G2,FOYLE,57.64,67.3,309.0
N20001757,The_Moor_D4,FOYLE,66.34,76.0,430.0
N20001758,The_Moor_F2,FOYLE,66.86,76.6,351.0
N20001761,The_Moor_G3,FOYLE,63.97,73.7,463.0
N20001762,The_Moor_E2,FOYLE,67.77,77.5,722.0
N20001764,The_Moor_G4,FOYLE,64.41,74.1,488.0
N20001765,The_Moor_F4,FOYLE,65.73,75.4,396.0
N20001767,The_Moor_H3,FOYLE,55.48,65.2,581.0
N20001769,Foyleside_A2,FOYLE,66.16,75.9,781.0
N20001771,Foyleside_B1,FOYLE,62.13,71.8,534.0
N20001772,Foyleside_B2,FOYLE,64.48,74.2,409.0
N20001774,Foyleside_A5,FOYLE,66.57,76.3,419.0
N20001775,Foyleside_D1,FOYLE,63.76,73.4,239.0
N20001777,Foyleside_B3,FOYLE,64.79,74.5,472.0
N20001779,Foyleside_C1,FOYLE,66.0,75.7,456.0
N20001780,Foyleside_C2,FOYLE,67.06,76.7,524.0
N20001781,Foyleside_B4,FOYLE,64.23,73.9,413.0
N20001784,Foyleside_D2,FOYLE,62.51,72.2,488.0
N20001786,Foyleside_C4,FOYLE,66.14,75.8,372.0
N20001788,Foyleside_E5,FOYLE,66.95,76.6,598.0
N20001789,Foyleside_F1,FOYLE,59.06,68.7,367.0
N20001790,Foyleside_D4,FOYLE,55.16,64.8,662.0
N20001791,Foyleside_D5,FOYLE,62.02,71.7,452.0
N20001793,Foyleside_D6,FOYLE,58.43,68.1,262.0
N20001794,Foyleside_D7,FOYLE,57.16,66.9,267.0
N20001795,Foyleside_G1,FOYLE,61.6,71.3,435.0
N20001796,Foyleside_G2,FOYLE,66.0,75.7,433.0
N20001797,Foyleside_F2,FOYLE,55.17,64.9,312.0
N20001799,Foyleside_G3,FOYLE,65.0,74.7,520.0
N20001800,Foyleside_G4,FOYLE,60.52,70.2,338.0
N20001801,Foyleside_F4,FOYLE,60.12,69.8,276.0
N20001802,Foyleside_F5,FOYLE,61.03,70.7,248.0
N20001803,Ballyarnett_A1,FOYLE,61.89,71.6,496.0
N20001804,Ballyarnett_A2,FOYLE,66.31,76.0,377.0
N20001805,Ballyarnett_A3,FOYLE,63.65,73.3,608.0
N20001806,Ballyarnett_C1,FOYLE,66.88,76.6,581.0
N20001807,Ballyarnett_A4,FOYLE,64.07,73.8,478.0
N20001809,Ballyarnett_D2,FOYLE,64.89,74.6,412.0
N20001810,Ballyarnett_D3,FOYLE,67.84,77.5,481.0
N20001811,Ballyarnett_B1,FOYLE,65.34,75.0,411.0
N20001812,Ballyarnett_C2,FOYLE,61.04,70.7,552.0
N20001813,Ballyarnett_B2,FOYLE,63.19,72.9,313.0
N20001815,Ballyarnett_B3,FOYLE,64.79,74.5,328.0
N20001817,Ballyarnett_B4,FOYLE,66.05,75.7,321.0
N20001819,Ballyarnett_F1,FOYLE,66.68,76.4,467.0
N20001820,Ballyarnett_J1,FOYLE,66.2,75.9,519.0
N20001823,Ballyarnett_E3,FOYLE,63.0,72.7,219.0
N20001824,Ballyarnett_H1,FOYLE,66.55,76.2,511.0
N20001825,Ballyarnett_H2,FOYLE,65.29,75.0,268.0
N20001826,Ballyarnett_D6,FOYLE,63.84,73.5,320.0
N20001827,Ballyarnett_F2,FOYLE,65.11,74.8,425.0
N20001829,Ballyarnett_E4,FOYLE,67.33,77.0,473.0
N20001831,Ballyarnett_F4,FOYLE,66.38,76.1,417.0
N20001833,Ballyarnett_J2,FOYLE,62.68,72.4,288.0
N20001834,Ballyarnett_H3,FOYLE,65.02,74.7,484.0
N20001836,Ballyarnett_K2,FOYLE,67.52,77.2,541.0
N20001838,Ballyarnett_K3,FOYLE,65.57,75.3,383.0
N20001840,Ballyarnett_H4,FOYLE,63.93,73.6,369.0
N20001841,Ballyarnett_G5,FOYLE,67.01,76.7,362.0
N20001844,Ballyarnett_K4,FOYLE,67.03,76.7,554.0
N20001847,Ballyarnett_L3,FOYLE,66.91,76.6,502.0
N20001850,Waterside_A1,FOYLE,43.05,52.7,492.0
N20001851,Waterside_A2,FOYLE,50.92,60.6,386.0
N20001852,Waterside_B1,FOYLE,27.5,37.2,442.0
N20001853,Waterside_B2,FOYLE,14.91,24.6,431.0
N20001854,Waterside_A3,FOYLE,38.77,48.5,423.0
N20001855,Waterside_A4,FOYLE,34.66,44.3,336.0
N20001856,Waterside_B3,FOYLE,11.68,21.4,388.0
N20001857,Waterside_B4,FOYLE,17.54,27.2,337.0
N20001858,Waterside_C1,FOYLE,52.11,61.8,344.0
N20001859,Waterside_C2,FOYLE,39.08,48.8,445.0
N20001860,Waterside_A5,FOYLE,41.3,51.0,308.0
N20001861,Waterside_C3,FOYLE,52.15,61.8,279.0
N20001862,Waterside_D1,FOYLE,21.7,31.4,327.0
N20001863,Waterside_D2,FOYLE,35.64,45.3,325.0
N20001864,Waterside_D3,FOYLE,25.63,35.3,297.0
N20001865,Waterside_D4,FOYLE,23.5,33.2,211.0
N20001866,Waterside_E1,FOYLE,17.36,27.0,320.0
N20001867,Waterside_C4,FOYLE,34.64,44.3,364.0
N20001868,Waterside_E2,FOYLE,19.07,28.8,371.0
N20001869,Waterside_E3,FOYLE,14.97,24.7,405.0
N20001870,Waterside_E4,FOYLE,44.1,53.8,220.0
N20001871,Waterside_D5,FOYLE,30.72,40.4,457.0
N20001872,Waterside_C5,FOYLE,45.09,54.8,477.0
N20001873,Waterside_F1,FOYLE,23.41,33.1,512.0
N20001874,Waterside_E5,FOYLE,54.02,63.7,373.0
N20001875,Waterside_F2,FOYLE,26.72,36.4,516.0
N20001876,Waterside_G1,FOYLE,14.22,23.9,414.0
N20001877,Waterside_L1,FOYLE,49.65,59.3,470.0
N20001878,Waterside_F3,FOYLE,39.4,49.1,370.0
N20001879,Waterside_F4,FOYLE,23.72,33.4,434.0
N20001880,Waterside_G2,FOYLE,18.67,28.4,322.0
N20001882,Waterside_G4,FOYLE,48.44,58.1,278.0
N20001883,Waterside_L2,FOYLE,58.34,68.0,446.0
N20001884,Waterside_H1,FOYLE,46.45,56.1,753.0
N20001885,Waterside_G5,FOYLE,38.48,48.2,461.0
N20001886,Waterside_J1,FOYLE,42.0,51.7,332.0
N20001888,Waterside_H2,FOYLE,44.13,53.8,550.0
N20001889,Waterside_L3,FOYLE,61.38,71.1,374.0
N20001891,Waterside_H3,FOYLE,49.08,58.8,449.0
N20001892,Waterside_N3,FOYLE,64.26,73.9,353.0
N20001894,Waterside_K2,FOYLE,21.85,31.5,326.0
N20001895,Waterside_J2,FOYLE,55.74,65.4,547.0
N20001896,Waterside_J3,FOYLE,63.17,72.9,832.0
N20001898,Waterside_K4,FOYLE,20.59,30.3,381.0
N20001899,Waterside_K5,FOYLE,9.86,19.5,404.0
N20001900,Waterside_J4,FOYLE,52.84,62.5,399.0
N20001901,Waterside_N4,FOYLE,64.24,73.9,442.0
N20001902,Waterside_P1,FOYLE,25.66,35.4,379.0
N20001903,Waterside_P2,FOYLE,37.19,46.9,330.0
N20001904,Waterside_L4,FOYLE,63.44,73.1,463.0
N20001905,Waterside_P3,FOYLE,10.01,19.7,330.0
N20001906,Waterside_P4,FOYLE,65.32,75.0,274.0
N20001907,Waterside_P5,FOYLE,33.64,43.3,329.0
N20001908,Faughan_D1,FOYLE,39.22,48.9,369.0
N20001909,Faughan_A1,FOYLE,62.57,72.3,383.0
N20001912,Faughan_A4,FOYLE,58.91,68.6,447.0
N20001913,Faughan_A5,FOYLE,60.35,70.0,436.0
N20001914,Faughan_B1,FOYLE,46.17,55.9,358.0
N20001916,Faughan_B2,FOYLE,43.5,53.2,576.0
N20001917,Faughan_C1,FOYLE,36.49,46.2,428.0
N20001919,Faughan_C3,FOYLE,45.26,54.9,530.0
N20001920,Faughan_C4,FOYLE,47.27,57.0,386.0
N20001921,Faughan_D3,FOYLE,45.93,55.6,480.0
N20001922,Faughan_D4,FOYLE,26.27,36.0,399.0
N20001923,Faughan_E1,EAST LONDONDERRY,56.03,65.7,530.0
N20001924,Faughan_D5,EAST LONDONDERRY,65.45,75.1,446.0
N20001925,Faughan_G1,FOYLE,63.37,73.1,410.0
N20001926,Faughan_G2,FOYLE,58.43,68.1,369.0
N20001927,Faughan_E2,EAST LONDONDERRY,53.02,62.7,627.0
N20001928,Faughan_F1,FOYLE,42.7,52.4,340.0
N20001929,Faughan_E3,FOYLE,36.66,46.3,357.0
N20001932,Faughan_F4,FOYLE,10.67,20.4,445.0
N20001933,Faughan_F5,FOYLE,9.92,19.6,466.0
N20001935,Faughan_G3,FOYLE,37.27,47.0,509.0
N20001936,Faughan_E4,EAST LONDONDERRY,39.37,49.1,519.0
N20001937,Faughan_E5,EAST LONDONDERRY,43.7,53.4,363.0
N20001938,Faughan_E6,FOYLE,57.75,67.4,342.0
N20001939,Faughan_G4,WEST TYRONE,13.19,22.9,267.0
N20001940,Faughan_G5,FOYLE,12.3,22.0,206.0
N20001943,Faughan_H2,EAST LONDONDERRY,53.21,62.9,226.0
N20001944,Faughan_H3,EAST LONDONDERRY,52.9,62.6,416.0
N20001946,Sperrin_A1,EAST LONDONDERRY,45.06,54.7,584.0
N20001947,Sperrin_B1,WEST TYRONE,20.06,29.7,448.0
N20001948,Sperrin_B2,EAST LONDONDERRY,18.26,27.9,543.0
N20001949,Sperrin_A2,EAST LONDONDERRY,47.74,57.4,667.0
N20001950,Sperrin_B3,WEST TYRONE,20.5,30.2,455.0
N20001951,Sperrin_B4,WEST TYRONE,36.95,46.6,462.0
N20001952,Sperrin_C1,WEST TYRONE,16.73,26.4,424.0
N20001954,Sperrin_F1,EAST LONDONDERRY,45.47,55.2,521.0
N20001956,Sperrin_F2,EAST LONDONDERRY,62.86,72.5,480.0
N20001957,Sperrin_C2,WEST TYRONE,33.25,42.9,197.0
N20001958,Sperrin_C3,WEST TYRONE,19.44,29.1,182.0
N20001959,Sperrin_C4,WEST TYRONE,43.98,53.7,404.0
N20001960,Sperrin_D1,WEST TYRONE,58.93,68.6,321.0
N20001961,Sperrin_C5,WEST TYRONE,42.87,52.6,453.0
N20001962,Sperrin_D2,WEST TYRONE,61.54,71.2,379.0
N20001963,Sperrin_D3,WEST TYRONE,61.43,71.1,301.0
N20001964,Sperrin_D4,WEST TYRONE,65.2,74.9,290.0
N20001965,Sperrin_E1,WEST TYRONE,58.36,68.1,235.0
N20001966,Sperrin_D5,WEST TYRONE,63.02,72.7,493.0
N20001969,Sperrin_E2,WEST TYRONE,62.69,72.4,302.0
N20001971,Sperrin_F3,WEST TYRONE,52.7,62.4,549.0
N20001972,Sperrin_E4,WEST TYRONE,64.35,74.0,318.0
N20001974,Sperrin_H1,WEST TYRONE,66.14,75.8,361.0
N20001977,Sperrin_H3,WEST TYRONE,63.23,72.9,411.0
N20001980,Sperrin_H4,WEST TYRONE,61.23,70.9,474.0
N20001982,Sperrin_G5,WEST TYRONE,66.87,76.6,387.0
N20001983,Sperrin_G6,WEST TYRONE,67.23,76.9,385.0
N20001984,Sperrin_H5,WEST TYRONE,65.6,75.3,369.0
N20001985,Sperrin_H6,WEST TYRONE,64.53,74.2,307.0
N20001986,Sperrin_J1,WEST TYRONE,66.57,76.3,561.0
N20001988,Sperrin_K1,WEST TYRONE,49.36,59.0,572.0
N20001989,Sperrin_F5,WEST TYRONE,52.5,62.2,560.0
N20001990,Sperrin_K2,WEST TYRONE,45.67,55.4,640.0
N20001992,Sperrin_K4,WEST TYRONE,49.23,58.9,313.0
N20001993,Sperrin_K5,WEST TYRONE,59.35,69.0,192.0
N20001994,Derg_A1,WEST TYRONE,66.1,75.8,424.0
N20001996,Derg_A3,WEST TYRONE,66.74,76.4,332.0
N20001997,Derg_A4,WEST TYRONE,65.55,75.2,467.0
N20001998,Derg_C1,WEST TYRONE,60.24,69.9,507.0
N20002000,Derg_B1,WEST TYRONE,43.46,53.2,426.0
N20002001,Derg_B2,WEST TYRONE,49.43,59.1,419.0
N20002002,Derg_B3,WEST TYRONE,49.75,59.4,339.0
N20002006,Derg_C5,WEST TYRONE,47.58,57.3,439.0
N20002007,Derg_D1,WEST TYRONE,29.03,38.7,476.0
N20002008,Derg_D2,WEST TYRONE,25.06,34.7,508.0
N20002009,Derg_E1,WEST TYRONE,48.88,58.6,329.0
N20002010,Derg_E2,WEST TYRONE,31.11,40.8,357.0
N20002012,Derg_F1,WEST TYRONE,62.53,72.2,318.0
N20002014,Derg_F2,WEST TYRONE,61.56,71.2,405.0
N20002015,Derg_H1,WEST TYRONE,23.0,32.7,434.0
N20002016,Derg_F3,WEST TYRONE,43.06,52.8,262.0
N20002017,Derg_G1,WEST TYRONE,30.76,40.4,462.0
N20002018,Derg_F4,WEST TYRONE,59.01,68.7,269.0
N20002019,Derg_H2,WEST TYRONE,43.28,53.0,389.0
N20002020,Derg_F5,WEST TYRONE,34.06,43.7,371.0
N20002021,Derg_F6,WEST TYRONE,29.79,39.5,311.0
N20002022,Derg_F7,WEST TYRONE,18.04,27.7,436.0
N20002023,Derg_H3,WEST TYRONE,60.08,69.8,454.0
N20002024,Derg_G2,WEST TYRONE,15.67,25.4,571.0
N20002027,Derg_H5,WEST TYRONE,24.32,34.0,325.0
N20002029,Erne_East_A1,FERMANAGH AND SOUTH TYRONE,29.57,39.3,498.0
N20002030,Erne_East_A2,FERMANAGH AND SOUTH TYRONE,19.58,29.3,449.0
N20002031,Erne_East_B1,FERMANAGH AND SOUTH TYRONE,40.35,50.0,569.0
N20002032,Erne_East_A3,FERMANAGH AND SOUTH TYRONE,26.31,36.0,454.0
N20002033,Erne_East_A4,FERMANAGH AND SOUTH TYRONE,23.28,33.0,242.0
N20002034,Erne_East_C1,FERMANAGH AND SOUTH TYRONE,35.33,45.0,291.0
N20002035,Erne_East_C2,FERMANAGH AND SOUTH TYRONE,35.07,44.8,372.0
N20002036,Erne_East_C3,FERMANAGH AND SOUTH TYRONE,36.04,45.7,366.0
N20002038,Erne_East_B3,FERMANAGH AND SOUTH TYRONE,66.68,76.4,626.0
N20002039,Erne_East_A5,FERMANAGH AND SOUTH TYRONE,34.38,44.1,555.0
N20002040,Erne_East_D1,FERMANAGH AND SOUTH TYRONE,54.93,64.6,555.0
N20002041,Erne_East_C4,FERMANAGH AND SOUTH TYRONE,38.91,48.6,476.0
N20002043,Erne_East_D3,FERMANAGH AND SOUTH TYRONE,54.62,64.3,288.0
N20002044,Erne_East_E1,FERMANAGH AND SOUTH TYRONE,51.35,61.0,403.0
N20002045,Erne_East_D4,FERMANAGH AND SOUTH TYRONE,54.83,64.5,285.0
N20002046,Erne_East_D5,FERMANAGH AND SOUTH TYRONE,49.22,58.9,498.0
N20002047,Erne_East_D6,FERMANAGH AND SOUTH TYRONE,50.37,60.1,319.0
N20002048,Erne_East_E2,FERMANAGH AND SOUTH TYRONE,63.76,73.4,461.0
N20002049,Erne_East_B4,FERMANAGH AND SOUTH TYRONE,62.97,72.7,380.0
N20002050,Erne_East_E3,FERMANAGH AND SOUTH TYRONE,47.22,56.9,379.0
N20002051,Erne_East_F1,FERMANAGH AND SOUTH TYRONE,52.27,62.0,568.0
N20002052,Erne_East_E4,FERMANAGH AND SOUTH TYRONE,42.7,52.4,458.0
N20002054,Erne_East_F2,FERMANAGH AND SOUTH TYRONE,62.21,71.9,459.0
N20002055,Erne_East_F3,FERMANAGH AND SOUTH TYRONE,52.52,62.2,600.0
N20002056,Erne_East_F4,FERMANAGH AND SOUTH TYRONE,56.33,66.0,370.0
N20002059,Erne_West_A3,FERMANAGH AND SOUTH TYRONE,60.26,69.9,323.0
N20002060,Erne_West_B1,FERMANAGH AND SOUTH TYRONE,56.89,66.6,509.0
N20002061,Erne_West_C1,FERMANAGH AND SOUTH TYRONE,35.4,45.1,707.0
N20002062,Erne_West_D1,FERMANAGH AND SOUTH TYRONE,51.03,60.7,419.0
N20002063,Erne_West_A4,FERMANAGH AND SOUTH TYRONE,53.81,63.5,443.0
N20002064,Erne_West_D2,FERMANAGH AND SOUTH TYRONE,50.97,60.7,365.0
N20002065,Erne_West_C2,FERMANAGH AND SOUTH TYRONE,27.64,37.3,579.0
N20002066,Erne_West_B2,FERMANAGH AND SOUTH TYRONE,62.88,72.6,771.0
N20002067,Erne_West_D3,FERMANAGH AND SOUTH TYRONE,49.02,58.7,390.0
N20002069,Erne_West_E1,FERMANAGH AND SOUTH TYRONE,47.61,57.3,544.0
N20002070,Erne_West_E2,FERMANAGH AND SOUTH TYRONE,40.41,50.1,335.0
N20002071,Erne_West_C4,FERMANAGH AND SOUTH TYRONE,41.51,51.2,520.0
N20002072,Erne_West_D4,FERMANAGH AND SOUTH TYRONE,42.72,52.4,369.0
N20002074,Erne_West_F1,FERMANAGH AND SOUTH TYRONE,63.67,73.4,376.0
N20002077,Erne_West_E4,FERMANAGH AND SOUTH TYRONE,63.38,73.1,544.0
N20002078,Erne_West_F3,FERMANAGH AND SOUTH TYRONE,55.47,65.2,362.0
N20002079,Erne_West_F4,FERMANAGH AND SOUTH TYRONE,63.71,73.4,527.0
N20002081,Enniskillen_A1,FERMANAGH AND SOUTH TYRONE,33.56,43.3,421.0
N20002082,Enniskillen_A2,FERMANAGH AND SOUTH TYRONE,15.65,25.3,346.0
N20002083,Enniskillen_A3,FERMANAGH AND SOUTH TYRONE,22.97,32.7,390.0
N20002084,Enniskillen_A4,FERMANAGH AND SOUTH TYRONE,28.0,37.7,442.0
N20002085,Enniskillen_D1,FERMANAGH AND SOUTH TYRONE,43.48,53.2,204.0
N20002086,Enniskillen_B1,FERMANAGH AND SOUTH TYRONE,56.8,66.5,596.0
N20002087,Enniskillen_D2,FERMANAGH AND SOUTH TYRONE,42.39,52.1,405.0
N20002088,Enniskillen_F1,FERMANAGH AND SOUTH TYRONE,48.84,58.5,409.0
N20002090,Enniskillen_C1,FERMANAGH AND SOUTH TYRONE,42.65,52.3,443.0
N20002091,Enniskillen_B3,FERMANAGH AND SOUTH TYRONE,57.96,67.6,344.0
N20002092,Enniskillen_C2,FERMANAGH AND SOUTH TYRONE,45.89,55.6,452.0
N20002093,Enniskillen_C3,FERMANAGH AND SOUTH TYRONE,37.99,47.7,459.0
N20002094,Enniskillen_D3,FERMANAGH AND SOUTH TYRONE,50.37,60.1,482.0
N20002095,Enniskillen_B4,FERMANAGH AND SOUTH TYRONE,62.44,72.1,446.0
N20002096,Enniskillen_E1,FERMANAGH AND SOUTH TYRONE,54.98,64.7,287.0
N20002097,Enniskillen_C4,FERMANAGH AND SOUTH TYRONE,37.25,46.9,399.0
N20002098,Enniskillen_B5,FERMANAGH AND SOUTH TYRONE,50.98,60.7,546.0
N20002099,Enniskillen_F2,FERMANAGH AND SOUTH TYRONE,47.1,56.8,336.0
N20002100,Enniskillen_G1,FERMANAGH AND SOUTH TYRONE,41.96,51.7,396.0
N20002101,Enniskillen_E2,FERMANAGH AND SOUTH TYRONE,52.27,62.0,176.0
N20002102,Enniskillen_F3,FERMANAGH AND SOUTH TYRONE,42.95,52.6,439.0
N20002103,Enniskillen_E3,FERMANAGH AND SOUTH TYRONE,52.77,62.5,321.0
N20002104,Enniskillen_F4,FERMANAGH AND SOUTH TYRONE,47.73,57.4,347.0
N20002105,Enniskillen_E4,FERMANAGH AND SOUTH TYRONE,40.03,49.7,240.0
N20002106,Enniskillen_D4,FERMANAGH AND SOUTH TYRONE,41.16,50.9,380.0
N20002107,Enniskillen_E5,FERMANAGH AND SOUTH TYRONE,44.89,54.6,342.0
N20002108,Enniskillen_D5,FERMANAGH AND SOUTH TYRONE,33.27,43.0,489.0
N20002109,Enniskillen_G2,FERMANAGH AND SOUTH TYRONE,32.44,42.1,362.0
N20002110,Enniskillen_H1,FERMANAGH AND SOUTH TYRONE,24.75,34.4,210.0
N20002111,Enniskillen_H2,FERMANAGH AND SOUTH TYRONE,39.3,49.0,377.0
N20002112,Enniskillen_H3,FERMANAGH AND SOUTH TYRONE,46.25,55.9,300.0
N20002113,Enniskillen_F5,FERMANAGH AND SOUTH TYRONE,41.2,50.9,404.0
N20002114,Enniskillen_H4,FERMANAGH AND SOUTH TYRONE,49.21,58.9,300.0
N20002116,Enniskillen_H6,FERMANAGH AND SOUTH TYRONE,46.07,55.8,421.0
N20002117,Enniskillen_G3,FERMANAGH AND SOUTH TYRONE,14.86,24.6,376.0
N20002118,Enniskillen_G4,FERMANAGH AND SOUTH TYRONE,14.91,24.6,310.0
N20002119,Enniskillen_G5,FERMANAGH AND SOUTH TYRONE,15.02,24.7,374.0
N20002120,Enniskillen_G6,FERMANAGH AND SOUTH TYRONE,27.85,37.5,436.0
N20002121,Erne_North_B1,FERMANAGH AND SOUTH TYRONE,32.21,41.9,493.0
N20002122,Erne_North_A1,FERMANAGH AND SOUTH TYRONE,31.83,41.5,520.0
N20002123,Erne_North_C1,FERMANAGH AND SOUTH TYRONE,23.7,33.4,432.0
N20002124,Erne_North_A2,FERMANAGH AND SOUTH TYRONE,59.48,69.2,429.0
N20002125,Erne_North_B2,FERMANAGH AND SOUTH TYRONE,44.1,53.8,389.0
N20002126,Erne_North_A3,FERMANAGH AND SOUTH TYRONE,22.54,32.2,443.0
N20002127,Erne_North_A4,FERMANAGH AND SOUTH TYRONE,20.37,30.1,423.0
N20002129,Erne_North_C2,FERMANAGH AND SOUTH TYRONE,45.4,55.1,471.0
N20002130,Erne_North_C3,FERMANAGH AND SOUTH TYRONE,23.36,33.1,518.0
N20002132,Erne_North_D1,FERMANAGH AND SOUTH TYRONE,56.99,66.7,318.0
N20002133,Erne_North_D2,FERMANAGH AND SOUTH TYRONE,52.53,62.2,400.0
N20002134,Erne_North_D3,FERMANAGH AND SOUTH TYRONE,56.13,65.8,360.0
N20002135,Erne_North_D4,FERMANAGH AND SOUTH TYRONE,46.44,56.1,286.0
N20002136,Erne_North_D5,FERMANAGH AND SOUTH TYRONE,48.69,58.4,144.0
N20002138,Erne_North_D6,FERMANAGH AND SOUTH TYRONE,55.85,65.5,313.0
N20002139,Erne_North_F1,FERMANAGH AND SOUTH TYRONE,29.84,39.5,504.0
N20002142,Erne_North_F2,FERMANAGH AND SOUTH TYRONE,40.06,49.8,528.0
N20002143,Erne_North_E3,FERMANAGH AND SOUTH TYRONE,12.79,22.5,445.0
N20002145,Erne_North_G1,FERMANAGH AND SOUTH TYRONE,30.7,40.4,473.0
N20002146,Erne_North_G2,FERMANAGH AND SOUTH TYRONE,50.42,60.1,367.0
N20002147,Erne_North_F4,FERMANAGH AND SOUTH TYRONE,25.61,35.3,474.0
N20002148,Erne_North_G3,FERMANAGH AND SOUTH TYRONE,33.67,43.4,527.0
N20002149,Erne_North_G4,FERMANAGH AND SOUTH TYRONE,50.01,59.7,340.0
N20002150,West_Tyrone_A1,WEST TYRONE,20.56,30.2,320.0
N20002151,West_Tyrone_A2,WEST TYRONE,38.75,48.4,437.0
N20002152,West_Tyrone_B1,WEST TYRONE,43.81,53.5,410.0
N20002153,West_Tyrone_A3,WEST TYRONE,24.89,34.6,433.0
N20002154,West_Tyrone_B2,WEST TYRONE,56.33,66.0,402.0
N20002156,West_Tyrone_A4,WEST TYRONE,46.54,56.2,460.0
N20002157,West_Tyrone_C1,WEST TYRONE,56.14,65.8,404.0
N20002158,West_Tyrone_A5,WEST TYRONE,34.66,44.4,382.0
N20002159,West_Tyrone_C2,WEST TYRONE,61.33,71.0,293.0
N20002160,West_Tyrone_E1,WEST TYRONE,57.55,67.2,554.0
N20002161,West_Tyrone_C3,WEST TYRONE,45.41,55.1,571.0
N20002162,West_Tyrone_E2,WEST TYRONE,57.92,67.6,426.0
N20002163,West_Tyrone_E3,WEST TYRONE,55.56,65.2,303.0
N20002164,West_Tyrone_F1,WEST TYRONE,42.69,52.4,652.0
N20002165,West_Tyrone_C4,WEST TYRONE,36.17,45.9,458.0
N20002166,West_Tyrone_G1,WEST TYRONE,56.09,65.8,218.0
N20002167,West_Tyrone_G2,WEST TYRONE,61.09,70.8,238.0
N20002168,West_Tyrone_F2,WEST TYRONE,41.61,51.3,571.0
N20002169,West_Tyrone_G3,WEST TYRONE,54.38,64.1,274.0
N20002170,West_Tyrone_D1,WEST TYRONE,56.7,66.4,295.0
N20002171,West_Tyrone_D2,WEST TYRONE,49.25,58.9,425.0
N20002172,West_Tyrone_D3,WEST TYRONE,52.11,61.8,256.0
N20002174,West_Tyrone_G4,WEST TYRONE,48.57,58.3,490.0
N20002175,West_Tyrone_E4,WEST TYRONE,52.25,61.9,445.0
N20002176,West_Tyrone_F4,WEST TYRONE,51.87,61.6,551.0
N20002177,West_Tyrone_C5,WEST TYRONE,52.31,62.0,478.0
N20002178,West_Tyrone_G5,WEST TYRONE,59.36,69.0,395.0
N20002180,West_Tyrone_E5,WEST TYRONE,36.64,46.3,460.0
N20002181,Omagh_C1,WEST TYRONE,36.59,46.3,437.0
N20002182,Omagh_A1,WEST TYRONE,54.72,64.4,442.0
N20002183,Omagh_B1,WEST TYRONE,63.52,73.2,586.0
N20002185,Omagh_A2,WEST TYRONE,59.95,69.6,289.0
N20002188,Omagh_C2,WEST TYRONE,60.94,70.6,214.0
N20002189,Omagh_A5,WEST TYRONE,44.96,54.6,330.0
N20002190,Omagh_A6,WEST TYRONE,61.8,71.5,501.0
N20002192,Omagh_D1,WEST TYRONE,47.22,56.9,477.0
N20002193,Omagh_C3,WEST TYRONE,56.98,66.7,434.0
N20002195,Omagh_D2,WEST TYRONE,48.57,58.3,458.0
N20002196,Omagh_E1,WEST TYRONE,44.16,53.8,582.0
N20002197,Omagh_E2,WEST TYRONE,27.42,37.1,306.0
N20002198,Omagh_D3,WEST TYRONE,58.72,68.4,311.0
N20002199,Omagh_D4,WEST TYRONE,49.56,59.3,243.0
N20002200,Omagh_E3,WEST TYRONE,14.93,24.6,404.0
N20002201,Omagh_G1,WEST TYRONE,22.32,32.0,264.0
N20002202,Omagh_C5,WEST TYRONE,61.92,71.6,393.0
N20002203,Omagh_F1,WEST TYRONE,64.79,74.5,258.0
N20002204,Omagh_F2,WEST TYRONE,66.17,75.9,284.0
N20002205,Omagh_H1,WEST TYRONE,61.96,71.7,227.0
N20002206,Omagh_E4,WEST TYRONE,23.53,33.2,247.0
N20002207,Omagh_E5,WEST TYRONE,39.76,49.4,376.0
N20002208,Omagh_H2,WEST TYRONE,50.05,59.7,299.0
N20002209,Omagh_G2,WEST TYRONE,27.79,37.5,316.0
N20002210,Omagh_F3,WEST TYRONE,65.59,75.3,517.0
N20002211,Omagh_G3,WEST TYRONE,45.69,55.4,313.0
N20002212,Omagh_H3,WEST TYRONE,61.06,70.7,317.0
N20002213,Omagh_H4,WEST TYRONE,56.89,66.6,537.0
N20002214,Omagh_C6,WEST TYRONE,64.38,74.1,350.0
N20002216,Omagh_H5,WEST TYRONE,56.16,65.9,525.0
N20002217,Omagh_G4,WEST TYRONE,16.16,25.8,396.0
N20002218,Omagh_G5,WEST TYRONE,49.49,59.2,392.0
N20002219,Omagh_H6,WEST TYRONE,59.5,69.2,495.0
N20002220,Omagh_G6,WEST TYRONE,48.64,58.3,370.0
N20002221,Mid_Tyrone_A1,WEST TYRONE,51.67,61.4,435.0
N20002223,Mid_Tyrone_A2,WEST TYRONE,66.06,75.8,427.0
N20002225,Mid_Tyrone_B2,WEST TYRONE,60.66,70.4,369.0
N20002230,Mid_Tyrone_B6,WEST TYRONE,50.8,60.5,349.0
N20002232,Mid_Tyrone_D1,WEST TYRONE,45.03,54.7,348.0
N20002233,Mid_Tyrone_C1,WEST TYRONE,51.56,61.3,430.0
N20002234,Mid_Tyrone_D2,WEST TYRONE,54.59,64.3,381.0
N20002236,Mid_Tyrone_C2,WEST TYRONE,55.2,64.9,489.0
N20002237,Mid_Tyrone_E1,WEST TYRONE,65.93,75.6,527.0
N20002238,Mid_Tyrone_C3,WEST TYRONE,63.93,73.6,497.0
N20002239,Mid_Tyrone_D4,WEST TYRONE,61.33,71.0,505.0
N20002240,Mid_Tyrone_E2,WEST TYRONE,66.74,76.4,507.0
N20002242,Mid_Tyrone_D5,WEST TYRONE,49.82,59.5,525.0
N20002243,Mid_Tyrone_E4,WEST TYRONE,54.0,63.7,368.0
N20002244,Mid_Tyrone_G1,WEST TYRONE,47.38,57.1,398.0
N20002245,Mid_Tyrone_F1,WEST TYRONE,39.82,49.5,550.0
N20002246,Mid_Tyrone_F2,WEST TYRONE,26.22,35.9,413.0
N20002247,Mid_Tyrone_G2,WEST TYRONE,46.52,56.2,472.0
N20002248,Mid_Tyrone_E5,WEST TYRONE,63.79,73.5,611.0
N20002249,Mid_Tyrone_F3,WEST TYRONE,35.86,45.6,449.0
N20002251,Mid_Tyrone_G4,WEST TYRONE,65.46,75.1,412.0
N20002252,Downshire_West_A1,LAGAN VALLEY,21.39,31.1,446.0
N20002253,Downshire_West_A2,LAGAN VALLEY,21.95,31.6,259.0
N20002254,Downshire_West_A3,LAGAN VALLEY,18.78,28.5,409.0
N20002255,Downshire_West_A4,LAGAN VALLEY,21.13,30.8,215.0
N20002256,Downshire_West_A5,LAGAN VALLEY,21.29,31.0,369.0
N20002257,Downshire_West_A6,LAGAN VALLEY,31.69,41.4,520.0
N20002258,Downshire_West_B1,LAGAN VALLEY,15.17,24.9,464.0
N20002259,Downshire_West_B2,LAGAN VALLEY,11.9,21.6,393.0
N20002260,Downshire_West_B3,LAGAN VALLEY,15.14,24.8,441.0
N20002261,Downshire_West_B4,LAGAN VALLEY,16.16,25.8,353.0
N20002262,Downshire_West_C1,LAGAN VALLEY,17.69,27.4,430.0
N20002263,Downshire_West_D1,LAGAN VALLEY,21.91,31.6,362.0
N20002264,Downshire_West_C2,LAGAN VALLEY,18.4,28.1,439.0
N20002265,Downshire_West_D2,LAGAN VALLEY,17.6,27.3,228.0
N20002266,Downshire_West_C3,LAGAN VALLEY,19.69,29.4,404.0
N20002267,Downshire_West_D3,LAGAN VALLEY,20.65,30.3,262.0
N20002268,Downshire_West_G1,LAGAN VALLEY,20.49,30.2,857.0
N20002269,Downshire_West_E1,LAGAN VALLEY,17.36,27.0,514.0
N20002270,Downshire_West_D4,LAGAN VALLEY,23.65,33.3,199.0
N20002271,Downshire_West_D5,LAGAN VALLEY,23.31,33.0,336.0
N20002272,Downshire_West_D6,LAGAN VALLEY,25.31,35.0,426.0
N20002273,Downshire_West_C4,LAGAN VALLEY,23.88,33.6,460.0
N20002274,Downshire_West_E2,LAGAN VALLEY,16.0,25.7,420.0
N20002275,Downshire_West_C5,LAGAN VALLEY,23.17,32.9,450.0
N20002276,Downshire_West_G2,LAGAN VALLEY,25.59,35.3,395.0
N20002278,Downshire_West_F1,LAGAN VALLEY,12.26,22.0,323.0
N20002279,Downshire_West_F2,LAGAN VALLEY,18.5,28.2,228.0
N20002280,Downshire_West_F3,LAGAN VALLEY,16.04,25.7,364.0
N20002281,Downshire_West_E3,LAGAN VALLEY,17.13,26.8,525.0
N20002282,Downshire_West_F4,LAGAN VALLEY,16.07,25.8,343.0
N20002283,Downshire_West_F5,LAGAN VALLEY,19.34,29.0,194.0
N20002284,Downshire_West_G3,LAGAN VALLEY,14.62,24.3,663.0
N20002285,Downshire_West_G4,LAGAN VALLEY,13.82,23.5,461.0
N20002286,Downshire_West_G5,LAGAN VALLEY,13.17,22.9,324.0
N20002288,Killultagh_A1,SOUTH ANTRIM,62.81,72.5,631.0
N20002289,Killultagh_B2,SOUTH ANTRIM,45.28,55.0,738.0
N20002290,Killultagh_A2,SOUTH ANTRIM,62.14,71.8,366.0
N20002291,Killultagh_A3,SOUTH ANTRIM,57.99,67.7,285.0
N20002292,Killultagh_A4,SOUTH ANTRIM,63.32,73.0,450.0
N20002293,Killultagh_C1,SOUTH ANTRIM,51.2,60.9,400.0
N20002294,Killultagh_C2,SOUTH ANTRIM,29.51,39.2,420.0
N20002295,Killultagh_C3,SOUTH ANTRIM,48.46,58.2,511.0
N20002296,Killultagh_B3,SOUTH ANTRIM,31.98,41.7,518.0
N20002297,Killultagh_B4,LAGAN VALLEY,33.18,42.9,488.0
N20002298,Killultagh_C4,SOUTH ANTRIM,23.53,33.2,390.0
N20002299,Killultagh_C5,LAGAN VALLEY,33.17,42.9,403.0
N20002300,Killultagh_F1,LAGAN VALLEY,24.13,33.8,400.0
N20002301,Killultagh_G1,LAGAN VALLEY,15.6,25.3,277.0
N20002302,Killultagh_G2,LAGAN VALLEY,18.92,28.6,373.0
N20002303,Killultagh_F2,LAGAN VALLEY,23.32,33.0,422.0
N20002305,Killultagh_D1,LAGAN VALLEY,42.81,52.5,389.0
N20002306,Killultagh_D2,LAGAN VALLEY,43.7,53.4,421.0
N20002307,Killultagh_D3,LAGAN VALLEY,38.78,48.5,287.0
N20002308,Killultagh_E1,LAGAN VALLEY,42.26,51.9,354.0
N20002309,Killultagh_E2,LAGAN VALLEY,36.01,45.7,417.0
N20002310,Killultagh_D4,LAGAN VALLEY,36.6,46.3,608.0
N20002312,Killultagh_E3,LAGAN VALLEY,32.94,42.6,412.0
N20002313,Killultagh_E4,LAGAN VALLEY,14.92,24.6,427.0
N20002314,Killultagh_E5,LAGAN VALLEY,17.42,27.1,221.0
N20002315,Killultagh_E6,LAGAN VALLEY,17.04,26.7,351.0
N20002316,Killultagh_E7,LAGAN VALLEY,16.72,26.4,255.0
N20002317,Killultagh_C6,LAGAN VALLEY,19.33,29.0,518.0
N20002318,Killultagh_G4,LAGAN VALLEY,33.84,43.5,799.0
N20002319,Killultagh_F4,LAGAN VALLEY,20.23,29.9,553.0
N20002320,Killultagh_H1,LAGAN VALLEY,17.12,26.8,543.0
N20002321,Killultagh_H2,LAGAN VALLEY,14.93,24.6,404.0
N20002322,Killultagh_H3,LAGAN VALLEY,13.48,23.2,520.0
N20002323,Killultagh_H4,LAGAN VALLEY,15.62,25.3,443.0
N20002324,Killultagh_G5,LAGAN VALLEY,13.62,23.3,555.0
N20002325,Killultagh_H5,LAGAN VALLEY,14.17,23.9,465.0
N20002326,Lisburn_South_A1,LAGAN VALLEY,23.0,32.7,486.0
N20002327,Lisburn_South_A2,LAGAN VALLEY,15.05,24.7,321.0
N20002328,Lisburn_South_A3,LAGAN VALLEY,15.84,25.5,398.0
N20002329,Lisburn_South_B1,LAGAN VALLEY,14.27,24.0,493.0
N20002330,Lisburn_South_C1,LAGAN VALLEY,19.98,29.7,443.0
N20002332,Lisburn_South_B2,LAGAN VALLEY,14.03,23.7,496.0
N20002334,Lisburn_South_B3,LAGAN VALLEY,14.52,24.2,489.0
N20002335,Lisburn_South_B4,LAGAN VALLEY,22.06,31.8,322.0
N20002336,Lisburn_South_E1,LAGAN VALLEY,20.84,30.5,514.0
N20002337,Lisburn_South_C4,LAGAN VALLEY,14.8,24.5,390.0
N20002338,Lisburn_South_C5,LAGAN VALLEY,23.56,33.2,222.0
N20002339,Lisburn_South_C6,LAGAN VALLEY,16.53,26.2,372.0
N20002340,Lisburn_South_D1,LAGAN VALLEY,16.93,26.6,199.0
N20002341,Lisburn_South_D2,LAGAN VALLEY,20.33,30.0,443.0
N20002342,Lisburn_South_G1,LAGAN VALLEY,24.78,34.5,370.0
N20002343,Lisburn_South_C7,LAGAN VALLEY,19.9,29.6,294.0
N20002344,Lisburn_South_E2,LAGAN VALLEY,23.51,33.2,474.0
N20002345,Lisburn_South_D3,LAGAN VALLEY,20.24,29.9,308.0
N20002346,Lisburn_South_F1,LAGAN VALLEY,25.43,35.1,306.0
N20002347,Lisburn_South_D4,LAGAN VALLEY,17.37,27.1,425.0
N20002348,Lisburn_South_D5,LAGAN VALLEY,22.91,32.6,328.0
N20002349,Lisburn_South_E3,LAGAN VALLEY,25.59,35.3,435.0
N20002350,Lisburn_South_F2,LAGAN VALLEY,23.62,33.3,425.0
N20002351,Lisburn_South_G2,LAGAN VALLEY,30.3,40.0,465.0
N20002352,Lisburn_South_F3,LAGAN VALLEY,20.43,30.1,455.0
N20002353,Lisburn_South_E4,LAGAN VALLEY,26.97,36.7,583.0
N20002354,Lisburn_South_H1,LAGAN VALLEY,30.87,40.6,262.0
N20002355,Lisburn_South_H2,LAGAN VALLEY,40.19,49.9,399.0
N20002357,Lisburn_South_H3,LAGAN VALLEY,34.82,44.5,349.0
N20002358,Lisburn_South_E5,LAGAN VALLEY,31.94,41.6,267.0
N20002359,Lisburn_South_H4,LAGAN VALLEY,37.9,47.6,182.0
N20002360,Lisburn_South_E6,LAGAN VALLEY,25.2,34.9,363.0
N20002361,Lisburn_South_G3,LAGAN VALLEY,43.05,52.7,269.0
N20002362,Lisburn_South_H5,LAGAN VALLEY,28.21,37.9,541.0
N20002363,Lisburn_South_H6,LAGAN VALLEY,28.07,37.8,425.0
N20002364,Lisburn_South_G4,LAGAN VALLEY,36.22,45.9,350.0
N20002366,Lisburn_South_J2,LAGAN VALLEY,23.06,32.8,411.0
N20002368,Lisburn_South_K2,LAGAN VALLEY,21.12,30.8,383.0
N20002370,Lisburn_South_K3,LAGAN VALLEY,16.24,25.9,329.0
N20002371,Lisburn_South_K4,LAGAN VALLEY,17.92,27.6,322.0
N20002372,Lisburn_South_J3,LAGAN VALLEY,24.71,34.4,618.0
N20002373,Lisburn_South_J4,LAGAN VALLEY,26.96,36.6,554.0
N20002374,Lisburn_South_K5,LAGAN VALLEY,17.36,27.1,390.0
N20002375,Lisburn_South_K6,LAGAN VALLEY,17.0,26.7,267.0
N20002376,Lisburn_North_A1,LAGAN VALLEY,22.4,32.1,221.0
N20002377,Lisburn_North_B1,LAGAN VALLEY,48.42,58.1,509.0
N20002378,Lisburn_North_D1,LAGAN VALLEY,45.59,55.3,437.0
N20002379,Lisburn_North_A2,LAGAN VALLEY,16.14,25.8,661.0
N20002380,Lisburn_North_C1,LAGAN VALLEY,13.2,22.9,342.0
N20002381,Lisburn_North_B2,LAGAN VALLEY,33.94,43.6,360.0
N20002382,Lisburn_North_C2,LAGAN VALLEY,14.79,24.5,526.0
N20002383,Lisburn_North_A3,LAGAN VALLEY,31.13,40.8,400.0
N20002384,Lisburn_North_B3,LAGAN VALLEY,20.81,30.5,382.0
N20002385,Lisburn_North_D2,LAGAN VALLEY,51.83,61.5,482.0
N20002386,Lisburn_North_C3,LAGAN VALLEY,14.91,24.6,472.0
N20002387,Lisburn_North_C4,LAGAN VALLEY,31.19,40.9,487.0
N20002388,Lisburn_North_C5,LAGAN VALLEY,14.32,24.0,384.0
N20002389,Lisburn_North_D3,LAGAN VALLEY,47.69,57.4,398.0
N20002391,Lisburn_North_E2,LAGAN VALLEY,37.77,47.5,207.0
N20002392,Lisburn_North_E3,LAGAN VALLEY,43.93,53.6,545.0
N20002393,Lisburn_North_F1,LAGAN VALLEY,27.86,37.6,482.0
N20002395,Lisburn_North_E4,LAGAN VALLEY,47.28,57.0,294.0
N20002396,Lisburn_North_F3,LAGAN VALLEY,28.61,38.3,305.0
N20002397,Lisburn_North_F4,LAGAN VALLEY,28.22,37.9,432.0
N20002398,Lisburn_North_F5,LAGAN VALLEY,33.41,43.1,316.0
N20002399,Lisburn_North_G1,LAGAN VALLEY,32.04,41.7,579.0
N20002400,Lisburn_North_F6,LAGAN VALLEY,24.78,34.5,269.0
N20002401,Lisburn_North_H1,LAGAN VALLEY,24.76,34.4,300.0
N20002402,Lisburn_North_F7,LAGAN VALLEY,28.38,38.1,345.0
N20002403,Lisburn_North_D4,LAGAN VALLEY,21.28,31.0,343.0
N20002404,Lisburn_North_G2,LAGAN VALLEY,24.54,34.2,873.0
N20002405,Lisburn_North_H2,LAGAN VALLEY,26.75,36.4,404.0
N20002406,Lisburn_North_H3,LAGAN VALLEY,32.37,42.1,472.0
N20002407,Lisburn_North_J1,LAGAN VALLEY,15.97,25.7,200.0
N20002408,Lisburn_North_G3,LAGAN VALLEY,23.93,33.6,482.0
N20002409,Lisburn_North_J2,LAGAN VALLEY,18.65,28.3,301.0
N20002410,Lisburn_North_H4,LAGAN VALLEY,22.38,32.1,342.0
N20002411,Lisburn_North_J3,LAGAN VALLEY,25.62,35.3,494.0
N20002412,Lisburn_North_G4,LAGAN VALLEY,29.94,39.6,362.0
N20002413,Lisburn_North_H5,LAGAN VALLEY,23.69,33.4,244.0
N20002414,Lisburn_North_J4,LAGAN VALLEY,22.66,32.4,419.0
N20002415,Lisburn_North_J5,LAGAN VALLEY,23.08,32.8,359.0
N20002416,Lisburn_North_G5,LAGAN VALLEY,18.84,28.5,359.0
N20002417,Lisburn_North_G6,LAGAN VALLEY,18.87,28.6,446.0
N20002418,Lisburn_North_K1,LAGAN VALLEY,27.21,36.9,355.0
N20002419,Lisburn_North_K2,LAGAN VALLEY,26.8,36.5,231.0
N20002420,Lisburn_North_K3,LAGAN VALLEY,24.12,33.8,391.0
N20002421,Lisburn_North_K4,LAGAN VALLEY,27.96,37.7,250.0
N20002422,Lisburn_North_K5,LAGAN VALLEY,24.49,34.2,240.0
N20002423,Lisburn_North_K6,LAGAN VALLEY,26.18,35.9,382.0
N20002424,Downshire_East_A1,LAGAN VALLEY,25.38,35.1,428.0
N20002425,Downshire_East_A2,LAGAN VALLEY,22.83,32.5,494.0
N20002426,Downshire_East_A3,LAGAN VALLEY,19.79,29.5,378.0
N20002427,Downshire_East_A4,LAGAN VALLEY,23.43,33.1,443.0
N20002428,Downshire_East_B1,LAGAN VALLEY,17.26,26.9,197.0
N20002429,Downshire_East_B2,LAGAN VALLEY,14.22,23.9,394.0
N20002430,Downshire_East_A5,LAGAN VALLEY,22.31,32.0,319.0
N20002431,Downshire_East_B3,LAGAN VALLEY,16.91,26.6,308.0
N20002432,Downshire_East_B4,LAGAN VALLEY,17.8,27.5,408.0
N20002433,Downshire_East_A6,LAGAN VALLEY,21.5,31.2,319.0
N20002434,Downshire_East_A7,LAGAN VALLEY,12.82,22.5,221.0
N20002435,Downshire_East_C1,LAGAN VALLEY,19.41,29.1,528.0
N20002436,Downshire_East_C2,LAGAN VALLEY,18.29,28.0,364.0
N20002437,Downshire_East_C3,LAGAN VALLEY,22.25,31.9,535.0
N20002438,Downshire_East_D1,LAGAN VALLEY,14.96,24.6,400.0
N20002439,Downshire_East_D2,LAGAN VALLEY,18.72,28.4,596.0
N20002440,Downshire_East_E1,LAGAN VALLEY,12.45,22.1,537.0
N20002441,Downshire_East_E2,LAGAN VALLEY,16.55,26.2,475.0
N20002442,Downshire_East_D3,LAGAN VALLEY,15.75,25.4,431.0
N20002443,Downshire_East_E3,LAGAN VALLEY,13.99,23.7,342.0
N20002444,Downshire_East_E4,LAGAN VALLEY,14.25,23.9,460.0
N20002445,Downshire_East_D4,LAGAN VALLEY,16.1,25.8,489.0
N20002446,Downshire_East_E5,LAGAN VALLEY,11.63,21.3,499.0
N20002447,Downshire_East_F1,LAGAN VALLEY,12.55,22.2,482.0
N20002448,Downshire_East_E6,LAGAN VALLEY,16.79,26.5,402.0
N20002449,Downshire_East_F2,LAGAN VALLEY,11.72,21.4,474.0
N20002450,Downshire_East_F3,LAGAN VALLEY,16.75,26.4,407.0
N20002451,Downshire_East_G1,LAGAN VALLEY,10.57,20.3,497.0
N20002452,Downshire_East_F4,LAGAN VALLEY,16.1,25.8,406.0
N20002453,Downshire_East_G2,LAGAN VALLEY,20.3,30.0,354.0
N20002454,Downshire_East_G3,LAGAN VALLEY,21.32,31.0,431.0
N20002455,Downshire_East_G4,SOUTH DOWN,23.31,33.0,287.0
N20002456,Castlereagh_South_A1,BELFAST SOUTH,43.25,52.9,543.0
N20002457,Castlereagh_South_A2,BELFAST SOUTH,40.28,50.0,399.0
N20002458,Castlereagh_South_B1,BELFAST SOUTH,42.18,51.9,486.0
N20002459,Castlereagh_South_A3,BELFAST SOUTH,36.14,45.8,411.0
N20002460,Castlereagh_South_B2,BELFAST SOUTH,37.4,47.1,209.0
N20002461,Castlereagh_South_C1,BELFAST SOUTH,34.42,44.1,610.0
N20002462,Castlereagh_South_C2,BELFAST SOUTH,26.0,35.7,388.0
N20002463,Castlereagh_South_A4,BELFAST SOUTH,41.22,50.9,354.0
N20002464,Castlereagh_South_B3,BELFAST SOUTH,33.99,43.7,359.0
N20002465,Castlereagh_South_B4,BELFAST SOUTH,38.66,48.3,350.0
N20002466,Castlereagh_South_C3,BELFAST SOUTH,36.37,46.1,201.0
N20002467,Castlereagh_South_B5,BELFAST SOUTH,34.53,44.2,535.0
N20002468,Castlereagh_South_A5,BELFAST SOUTH,36.9,46.6,436.0
N20002469,Castlereagh_South_B6,BELFAST SOUTH,40.81,50.5,304.0
N20002470,Castlereagh_South_C4,BELFAST SOUTH,37.83,47.5,536.0
N20002471,Castlereagh_South_B7,BELFAST SOUTH,40.98,50.7,348.0
N20002472,Castlereagh_South_E1,BELFAST SOUTH,36.73,46.4,383.0
N20002473,Castlereagh_South_D1,BELFAST SOUTH,40.89,50.6,361.0
N20002474,Castlereagh_South_D2,BELFAST SOUTH,38.29,48.0,602.0
N20002475,Castlereagh_South_D3,BELFAST SOUTH,35.75,45.4,402.0
N20002476,Castlereagh_South_E2,BELFAST SOUTH,42.51,52.2,546.0
N20002477,Castlereagh_South_D4,BELFAST SOUTH,33.3,43.0,344.0
N20002478,Castlereagh_South_D5,BELFAST SOUTH,43.75,53.4,673.0
N20002479,Castlereagh_South_E3,BELFAST SOUTH,46.7,56.4,271.0
N20002480,Castlereagh_South_E4,BELFAST SOUTH,40.73,50.4,386.0
N20002481,Castlereagh_South_F1,BELFAST SOUTH,31.68,41.4,568.0
N20002482,Castlereagh_South_E5,BELFAST SOUTH,47.37,57.1,465.0
N20002483,Castlereagh_South_E6,BELFAST SOUTH,43.39,53.1,671.0
N20002484,Castlereagh_South_F2,BELFAST SOUTH,38.41,48.1,705.0
N20002485,Castlereagh_South_J1,BELFAST SOUTH,55.46,65.2,336.0
N20002486,Castlereagh_South_J2,BELFAST SOUTH,43.83,53.5,234.0
N20002487,Castlereagh_South_J3,BELFAST SOUTH,51.79,61.5,624.0
N20002488,Castlereagh_South_J4,BELFAST SOUTH,43.17,52.9,417.0
N20002490,Castlereagh_South_G2,BELFAST SOUTH,32.79,42.5,527.0
N20002491,Castlereagh_South_G3,BELFAST SOUTH,33.3,43.0,454.0
N20002492,Castlereagh_South_H1,BELFAST SOUTH,22.41,32.1,289.0
N20002493,Castlereagh_South_H2,BELFAST SOUTH,21.19,30.9,252.0
N20002494,Castlereagh_South_H3,BELFAST SOUTH,44.25,53.9,319.0
N20002495,Castlereagh_South_G4,BELFAST SOUTH,49.37,59.1,504.0
N20002496,Castlereagh_South_H4,BELFAST SOUTH,41.52,51.2,552.0
N20002497,Castlereagh_South_H5,BELFAST SOUTH,46.62,56.3,372.0
N20002498,Castlereagh_South_J5,STRANGFORD,21.15,30.8,321.0
N20002499,Castlereagh_South_J6,STRANGFORD,33.11,42.8,544.0
N20002500,Castlereagh_East_A1,BELFAST EAST,11.68,21.4,767.0
N20002501,Castlereagh_East_A2,BELFAST EAST,12.4,22.1,440.0
N20002502,Castlereagh_East_C1,BELFAST EAST,15.23,24.9,357.0
N20002503,Castlereagh_East_C2,BELFAST EAST,14.75,24.4,469.0
N20002504,Castlereagh_East_C3,BELFAST EAST,18.22,27.9,239.0
N20002505,Castlereagh_East_B1,BELFAST EAST,14.02,23.7,350.0
N20002507,Castlereagh_East_C5,BELFAST EAST,13.57,23.3,203.0
N20002508,Castlereagh_East_D1,BELFAST EAST,21.3,31.0,459.0
N20002509,Castlereagh_East_B2,BELFAST EAST,15.81,25.5,424.0
N20002510,Castlereagh_East_E1,BELFAST EAST,11.46,21.1,290.0
N20002511,Castlereagh_East_A3,BELFAST EAST,12.4,22.1,398.0
N20002512,Castlereagh_East_E2,BELFAST EAST,16.32,26.0,386.0
N20002513,Castlereagh_East_B3,BELFAST EAST,14.4,24.1,318.0
N20002514,Castlereagh_East_A4,BELFAST EAST,14.08,23.8,477.0
N20002515,Castlereagh_East_B4,BELFAST EAST,16.34,26.0,439.0
N20002516,Castlereagh_East_D2,BELFAST EAST,20.02,29.7,476.0
N20002517,Castlereagh_East_E3,BELFAST EAST,12.15,21.8,206.0
N20002519,Castlereagh_East_D3,BELFAST EAST,15.12,24.8,246.0
N20002520,Castlereagh_East_C6,BELFAST EAST,14.29,24.0,425.0
N20002521,Castlereagh_East_F1,BELFAST EAST,12.83,22.5,391.0
N20002522,Castlereagh_East_F2,BELFAST EAST,11.16,20.9,294.0
N20002524,Castlereagh_East_D4,BELFAST EAST,16.87,26.6,441.0
N20002525,Castlereagh_East_E4,BELFAST EAST,13.63,23.3,303.0
N20002526,Castlereagh_East_H1,BELFAST EAST,18.82,28.5,420.0
N20002527,Castlereagh_East_F4,BELFAST EAST,13.53,23.2,498.0
N20002528,Castlereagh_East_H2,BELFAST EAST,19.02,28.7,241.0
N20002531,Castlereagh_East_G1,BELFAST EAST,14.68,24.4,291.0
N20002532,Castlereagh_East_G2,BELFAST EAST,15.89,25.6,387.0
N20002534,Castlereagh_East_G3,BELFAST EAST,16.45,26.1,440.0
N20002535,Castlereagh_East_H4,BELFAST EAST,12.67,22.4,282.0
N20002537,Castlereagh_East_G5,BELFAST EAST,11.37,21.1,295.0
N20002538,Castlereagh_East_H5,BELFAST EAST,15.49,25.2,331.0
N20002539,Castlereagh_East_H6,BELFAST EAST,14.28,24.0,311.0
N20002541,Castlereagh_East_J2,BELFAST EAST,13.63,23.3,376.0
N20002542,Castlereagh_East_J3,STRANGFORD,12.14,21.8,310.0
N20002543,Castlereagh_East_J4,STRANGFORD,14.97,24.7,226.0
N20002544,Castlereagh_East_K1,STRANGFORD,11.06,20.7,308.0
N20002545,Castlereagh_East_K2,STRANGFORD,10.73,20.4,476.0
N20002546,Castlereagh_East_K3,STRANGFORD,11.22,20.9,502.0
N20002547,Castlereagh_East_J5,STRANGFORD,18.36,28.0,505.0
N20002549,Bannside_A2,NORTH ANTRIM,12.31,22.0,453.0
N20002551,Bannside_A3,NORTH ANTRIM,12.46,22.1,348.0
N20002552,Bannside_C2,NORTH ANTRIM,29.8,39.5,355.0
N20002553,Bannside_C3,NORTH ANTRIM,31.37,41.1,345.0
N20002554,Bannside_B1,NORTH ANTRIM,10.4,20.1,276.0
N20002555,Bannside_B2,NORTH ANTRIM,10.4,20.1,418.0
N20002556,Bannside_B3,NORTH ANTRIM,12.06,21.7,398.0
N20002557,Bannside_B4,NORTH ANTRIM,8.47,18.2,483.0
N20002558,Bannside_B5,NORTH ANTRIM,10.81,20.5,290.0
N20002559,Bannside_B6,NORTH ANTRIM,12.8,22.5,332.0
N20002560,Bannside_D1,NORTH ANTRIM,32.38,42.1,292.0
N20002561,Bannside_D2,NORTH ANTRIM,49.35,59.0,331.0
N20002562,Bannside_D3,NORTH ANTRIM,39.92,49.6,450.0
N20002563,Bannside_C4,NORTH ANTRIM,13.24,22.9,569.0
N20002564,Bannside_A4,NORTH ANTRIM,11.94,21.6,575.0
N20002565,Bannside_E1,NORTH ANTRIM,14.07,23.8,253.0
N20002567,Bannside_E3,NORTH ANTRIM,10.39,20.1,430.0
N20002569,Bannside_E5,NORTH ANTRIM,15.55,25.2,309.0
N20002571,Bannside_F1,NORTH ANTRIM,9.09,18.8,392.0
N20002572,Bannside_F2,NORTH ANTRIM,10.14,19.8,482.0
N20002573,Bannside_E7,NORTH ANTRIM,10.19,19.9,409.0
N20002574,Bannside_F3,NORTH ANTRIM,10.75,20.4,539.0
N20002577,Bannside_H1,NORTH ANTRIM,41.02,50.7,479.0
N20002578,Bannside_G2,NORTH ANTRIM,12.57,22.3,411.0
N20002579,Bannside_G3,NORTH ANTRIM,11.4,21.1,431.0
N20002580,Bannside_H2,NORTH ANTRIM,19.0,28.7,422.0
N20002581,Bannside_J1,NORTH ANTRIM,25.11,34.8,512.0
N20002582,Bannside_J2,NORTH ANTRIM,12.87,22.6,521.0
N20002583,Bannside_H3,NORTH ANTRIM,48.9,58.6,459.0
N20002584,Bannside_J3,NORTH ANTRIM,21.99,31.7,532.0
N20002587,Ballymena_A1,NORTH ANTRIM,45.04,54.7,252.0
N20002588,Ballymena_A2,NORTH ANTRIM,47.16,56.8,415.0
N20002590,Ballymena_D1,NORTH ANTRIM,51.03,60.7,359.0
N20002591,Ballymena_B1,NORTH ANTRIM,29.27,39.0,316.0
N20002593,Ballymena_D2,NORTH ANTRIM,49.84,59.5,523.0
N20002594,Ballymena_A4,NORTH ANTRIM,41.35,51.0,382.0
N20002595,Ballymena_B2,NORTH ANTRIM,25.83,35.5,493.0
N20002596,Ballymena_C2,NORTH ANTRIM,41.73,51.4,281.0
N20002597,Ballymena_B3,NORTH ANTRIM,31.83,41.5,345.0
N20002598,Ballymena_D3,NORTH ANTRIM,53.7,63.4,314.0
N20002599,Ballymena_B4,NORTH ANTRIM,23.71,33.4,337.0
N20002600,Ballymena_B5,NORTH ANTRIM,15.37,25.1,491.0
N20002601,Ballymena_C3,NORTH ANTRIM,36.98,46.7,363.0
N20002602,Ballymena_C4,NORTH ANTRIM,49.35,59.0,349.0
N20002604,Ballymena_D4,NORTH ANTRIM,47.55,57.2,600.0
N20002605,Ballymena_C5,NORTH ANTRIM,41.67,51.4,440.0
N20002606,Ballymena_E1,NORTH ANTRIM,27.6,37.3,612.0
N20002607,Ballymena_F1,NORTH ANTRIM,17.15,26.8,270.0
N20002608,Ballymena_C6,NORTH ANTRIM,38.14,47.8,182.0
N20002610,Ballymena_F3,NORTH ANTRIM,22.61,32.3,315.0
N20002612,Ballymena_D5,NORTH ANTRIM,46.06,55.8,421.0
N20002613,Ballymena_E3,NORTH ANTRIM,27.46,37.2,594.0
N20002615,Ballymena_E4,NORTH ANTRIM,25.43,35.1,440.0
N20002616,Ballymena_G2,NORTH ANTRIM,32.39,42.1,252.0
N20002617,Ballymena_G3,NORTH ANTRIM,27.2,36.9,600.0
N20002618,Ballymena_F4,NORTH ANTRIM,19.62,29.3,356.0
N20002619,Ballymena_H1,NORTH ANTRIM,15.55,25.2,438.0
N20002620,Ballymena_G4,NORTH ANTRIM,22.18,31.9,474.0
N20002621,Ballymena_F5,NORTH ANTRIM,16.96,26.7,354.0
N20002622,Ballymena_H2,NORTH ANTRIM,12.86,22.5,318.0
N20002623,Ballymena_F6,NORTH ANTRIM,15.23,24.9,306.0
N20002624,Ballymena_F7,NORTH ANTRIM,23.21,32.9,388.0
N20002625,Ballymena_J1,NORTH ANTRIM,15.38,25.1,276.0
N20002626,Ballymena_H3,NORTH ANTRIM,10.78,20.5,294.0
N20002627,Ballymena_J2,NORTH ANTRIM,13.84,23.5,191.0
N20002628,Ballymena_G5,NORTH ANTRIM,19.5,29.2,417.0
N20002629,Ballymena_J3,NORTH ANTRIM,13.85,23.5,497.0
N20002631,Ballymena_H4,NORTH ANTRIM,12.09,21.8,338.0
N20002633,Ballymena_K2,NORTH ANTRIM,19.44,29.1,413.0
N20002634,Ballymena_K3,NORTH ANTRIM,20.77,30.5,370.0
N20002635,Ballymena_K4,NORTH ANTRIM,15.47,25.2,310.0
N20002637,Ballymena_K6,NORTH ANTRIM,16.18,25.9,444.0
N20002638,Ballymena_K7,NORTH ANTRIM,20.22,29.9,273.0
N20002639,Braid_A1,NORTH ANTRIM,33.28,43.0,548.0
N20002640,Braid_A2,NORTH ANTRIM,63.05,72.7,526.0
N20002641,Braid_A3,NORTH ANTRIM,63.41,73.1,355.0
N20002642,Braid_B1,NORTH ANTRIM,46.01,55.7,441.0
N20002643,Braid_C1,NORTH ANTRIM,38.96,48.6,388.0
N20002645,Braid_A5,NORTH ANTRIM,11.44,21.1,539.0
N20002646,Braid_C2,NORTH ANTRIM,33.11,42.8,582.0
N20002647,Braid_C3,NORTH ANTRIM,13.79,23.5,555.0
N20002648,Braid_B2,NORTH ANTRIM,11.4,21.1,554.0
N20002649,Braid_B3,NORTH ANTRIM,24.89,34.6,339.0
N20002650,Braid_C4,NORTH ANTRIM,14.29,24.0,324.0
N20002651,Braid_B4,NORTH ANTRIM,12.3,22.0,360.0
N20002652,Braid_D1,NORTH ANTRIM,13.68,23.4,496.0
N20002653,Braid_C5,NORTH ANTRIM,11.21,20.9,444.0
N20002654,Braid_E1,NORTH ANTRIM,9.59,19.3,562.0
N20002655,Braid_C6,NORTH ANTRIM,37.31,47.0,439.0
N20002656,Braid_D2,NORTH ANTRIM,10.41,20.1,420.0
N20002658,Braid_H1,NORTH ANTRIM,26.32,36.0,505.0
N20002660,Braid_E3,NORTH ANTRIM,10.14,19.8,335.0
N20002661,Braid_E4,NORTH ANTRIM,12.72,22.4,300.0
N20002662,Braid_F1,NORTH ANTRIM,12.65,22.3,516.0
N20002663,Braid_H2,NORTH ANTRIM,21.59,31.3,585.0
N20002664,Braid_F2,NORTH ANTRIM,21.32,31.0,453.0
N20002665,Braid_G1,NORTH ANTRIM,12.54,22.2,221.0
N20002666,Braid_G2,NORTH ANTRIM,17.61,27.3,402.0
N20002667,Braid_J1,NORTH ANTRIM,15.77,25.5,289.0
N20002668,Braid_F3,NORTH ANTRIM,15.1,24.8,489.0
N20002669,Braid_G3,NORTH ANTRIM,14.51,24.2,404.0
N20002670,Braid_J2,NORTH ANTRIM,12.54,22.2,473.0
N20002671,Braid_G4,NORTH ANTRIM,15.95,25.6,487.0
N20002672,Braid_J3,NORTH ANTRIM,15.48,25.2,194.0
N20002673,Braid_G5,NORTH ANTRIM,12.93,22.6,333.0
N20002675,Braid_H4,NORTH ANTRIM,11.13,20.8,253.0
N20002676,Braid_H5,NORTH ANTRIM,14.29,24.0,557.0
N20002677,Braid_F4,NORTH ANTRIM,12.2,21.9,472.0
N20002678,Braid_H6,NORTH ANTRIM,11.58,21.3,511.0
N20002679,Braid_F5,NORTH ANTRIM,10.02,19.7,372.0
N20002680,Braid_K1,NORTH ANTRIM,12.22,21.9,339.0
N20002681,Braid_K2,NORTH ANTRIM,12.14,21.8,460.0
N20002682,Braid_K3,NORTH ANTRIM,11.53,21.2,507.0
N20002683,Braid_K4,NORTH ANTRIM,11.72,21.4,358.0
N20002686,Coast_Road_A1,EAST ANTRIM,59.49,69.2,342.0
N20002689,Coast_Road_B2,EAST ANTRIM,34.64,44.3,395.0
N20002690,Coast_Road_B3,EAST ANTRIM,39.57,49.3,330.0
N20002691,Coast_Road_C1,EAST ANTRIM,37.05,46.7,533.0
N20002692,Coast_Road_C2,EAST ANTRIM,27.97,37.7,378.0
N20002693,Coast_Road_C3,EAST ANTRIM,21.22,30.9,313.0
N20002694,Coast_Road_C4,EAST ANTRIM,28.8,38.5,354.0
N20002695,Coast_Road_D1,EAST ANTRIM,23.94,33.6,409.0
N20002696,Coast_Road_D2,EAST ANTRIM,28.56,38.2,350.0
N20002697,Coast_Road_D3,EAST ANTRIM,28.4,38.1,383.0
N20002698,Coast_Road_D4,EAST ANTRIM,36.71,46.4,337.0
N20002699,Coast_Road_F1,EAST ANTRIM,23.48,33.2,463.0
N20002700,Coast_Road_F2,EAST ANTRIM,25.59,35.3,337.0
N20002704,Coast_Road_E3,EAST ANTRIM,19.64,29.3,267.0
N20002705,Coast_Road_F3,EAST ANTRIM,22.67,32.4,319.0
N20002707,Coast_Road_G1,EAST ANTRIM,19.44,29.1,331.0
N20002708,Coast_Road_E4,EAST ANTRIM,20.82,30.5,294.0
N20002710,Coast_Road_H1,EAST ANTRIM,21.78,31.5,403.0
N20002712,Coast_Road_H3,EAST ANTRIM,21.53,31.2,256.0
N20002713,Coast_Road_J1,EAST ANTRIM,20.84,30.5,393.0
N20002715,Coast_Road_E5,EAST ANTRIM,28.57,38.3,442.0
N20002716,Coast_Road_F5,EAST ANTRIM,23.46,33.2,526.0
N20002717,Coast_Road_E6,EAST ANTRIM,31.53,41.2,252.0
N20002718,Coast_Road_G4,EAST ANTRIM,31.93,41.6,399.0
N20002719,Coast_Road_H4,EAST ANTRIM,19.37,29.1,317.0
N20002720,Coast_Road_J2,EAST ANTRIM,35.98,45.7,353.0
N20002722,Coast_Road_J4,EAST ANTRIM,18.01,27.7,345.0
N20002723,Coast_Road_H5,EAST ANTRIM,19.01,28.7,313.0
N20002724,Coast_Road_J5,EAST ANTRIM,26.24,35.9,279.0
N20002725,Larne_Lough_A1,EAST ANTRIM,20.59,30.3,237.0
N20002726,Larne_Lough_A2,EAST ANTRIM,26.76,36.5,489.0
N20002727,Larne_Lough_B1,EAST ANTRIM,30.32,40.0,371.0
N20002728,Larne_Lough_A3,EAST ANTRIM,25.16,34.9,328.0
N20002729,Larne_Lough_B2,EAST ANTRIM,23.11,32.8,155.0
N20002730,Larne_Lough_C1,EAST ANTRIM,22.42,32.1,346.0
N20002731,Larne_Lough_C2,EAST ANTRIM,22.16,31.9,458.0
N20002732,Larne_Lough_B3,EAST ANTRIM,21.81,31.5,352.0
N20002733,Larne_Lough_C3,EAST ANTRIM,25.13,34.8,317.0
N20002734,Larne_Lough_B4,EAST ANTRIM,19.32,29.0,245.0
N20002735,Larne_Lough_B5,EAST ANTRIM,21.84,31.5,450.0
N20002736,Larne_Lough_B6,EAST ANTRIM,16.58,26.3,336.0
N20002737,Larne_Lough_C4,EAST ANTRIM,25.31,35.0,432.0
N20002738,Larne_Lough_C5,EAST ANTRIM,23.59,33.3,307.0
N20002739,Larne_Lough_E1,EAST ANTRIM,13.59,23.3,528.0
N20002740,Larne_Lough_C6,EAST ANTRIM,14.84,24.5,474.0
N20002741,Larne_Lough_F1,EAST ANTRIM,10.98,20.7,402.0
N20002742,Larne_Lough_D1,EAST ANTRIM,14.15,23.8,672.0
N20002743,Larne_Lough_E2,EAST ANTRIM,11.67,21.4,723.0
N20002744,Larne_Lough_D2,EAST ANTRIM,12.9,22.6,638.0
N20002745,Larne_Lough_F2,EAST ANTRIM,12.56,22.2,404.0
N20002746,Larne_Lough_D3,EAST ANTRIM,10.11,19.8,572.0
N20002747,Larne_Lough_F3,EAST ANTRIM,12.22,21.9,496.0
N20002748,Larne_Lough_F4,EAST ANTRIM,14.89,24.6,359.0
N20002749,Larne_Lough_G1,EAST ANTRIM,11.84,21.5,288.0
N20002750,Larne_Lough_G2,EAST ANTRIM,11.59,21.3,263.0
N20002751,Larne_Lough_E3,EAST ANTRIM,11.92,21.6,481.0
N20002752,Larne_Lough_G3,EAST ANTRIM,11.36,21.1,266.0
N20002753,Larne_Lough_G4,EAST ANTRIM,11.27,21.0,339.0
N20002754,Larne_Lough_H1,EAST ANTRIM,21.43,31.1,228.0
N20002755,Larne_Lough_J1,EAST ANTRIM,15.3,25.0,432.0
N20002756,Larne_Lough_H2,EAST ANTRIM,19.01,28.7,320.0
N20002757,Larne_Lough_J2,EAST ANTRIM,20.98,30.7,392.0
N20002758,Larne_Lough_F5,EAST ANTRIM,17.34,27.0,375.0
N20002760,Larne_Lough_H4,EAST ANTRIM,23.35,33.0,382.0
N20002761,Larne_Lough_J3,EAST ANTRIM,20.14,29.8,485.0
N20002762,Larne_Lough_J4,EAST ANTRIM,20.96,30.7,548.0
N20002763,Carrick_Castle_A1,EAST ANTRIM,11.56,21.3,377.0
N20002764,Carrick_Castle_A2,EAST ANTRIM,14.46,24.1,438.0
N20002765,Carrick_Castle_A3,EAST ANTRIM,15.57,25.3,466.0
N20002766,Carrick_Castle_A4,EAST ANTRIM,12.2,21.9,243.0
N20002767,Carrick_Castle_B1,EAST ANTRIM,14.58,24.3,319.0
N20002768,Carrick_Castle_C1,EAST ANTRIM,12.78,22.5,673.0
N20002769,Carrick_Castle_A5,EAST ANTRIM,15.67,25.4,411.0
N20002770,Carrick_Castle_C2,EAST ANTRIM,15.41,25.1,520.0
N20002771,Carrick_Castle_E1,EAST ANTRIM,17.97,27.7,260.0
N20002772,Carrick_Castle_D1,EAST ANTRIM,11.66,21.3,260.0
N20002774,Carrick_Castle_E2,EAST ANTRIM,14.12,23.8,641.0
N20002775,Carrick_Castle_C3,EAST ANTRIM,12.5,22.2,677.0
N20002776,Carrick_Castle_D3,EAST ANTRIM,14.28,24.0,223.0
N20002777,Carrick_Castle_E3,EAST ANTRIM,12.99,22.7,354.0
N20002778,Carrick_Castle_B2,EAST ANTRIM,14.38,24.1,573.0
N20002779,Carrick_Castle_B3,EAST ANTRIM,14.13,23.8,342.0
N20002780,Carrick_Castle_D4,EAST ANTRIM,14.12,23.8,484.0
N20002781,Carrick_Castle_D5,EAST ANTRIM,13.58,23.3,447.0
N20002782,Carrick_Castle_E4,EAST ANTRIM,13.23,22.9,310.0
N20002783,Carrick_Castle_C4,EAST ANTRIM,11.23,20.9,349.0
N20002784,Carrick_Castle_B4,EAST ANTRIM,15.79,25.5,284.0
N20002785,Carrick_Castle_F1,EAST ANTRIM,12.09,21.8,292.0
N20002786,Carrick_Castle_E5,EAST ANTRIM,14.58,24.3,442.0
N20002788,Carrick_Castle_F3,EAST ANTRIM,13.05,22.7,369.0
N20002789,Carrick_Castle_F4,EAST ANTRIM,17.82,27.5,459.0
N20002790,Carrick_Castle_G1,EAST ANTRIM,18.04,27.7,455.0
N20002791,Carrick_Castle_F5,EAST ANTRIM,14.6,24.3,288.0
N20002792,Carrick_Castle_G2,EAST ANTRIM,16.28,26.0,411.0
N20002793,Carrick_Castle_G3,EAST ANTRIM,13.78,23.5,277.0
N20002794,Carrick_Castle_H1,EAST ANTRIM,16.12,25.8,344.0
N20002795,Carrick_Castle_G4,EAST ANTRIM,14.48,24.2,447.0
N20002796,Carrick_Castle_H2,EAST ANTRIM,20.41,30.1,331.0
N20002797,Carrick_Castle_H3,EAST ANTRIM,20.17,29.9,392.0
N20002798,Carrick_Castle_J1,EAST ANTRIM,21.99,31.7,350.0
N20002799,Carrick_Castle_J2,EAST ANTRIM,22.23,31.9,383.0
N20002800,Carrick_Castle_J3,EAST ANTRIM,17.85,27.5,472.0
N20002801,Carrick_Castle_J4,EAST ANTRIM,15.95,25.6,207.0
N20002802,Knockagh_A1,EAST ANTRIM,10.14,19.8,757.0
N20002803,Knockagh_B1,EAST ANTRIM,14.35,24.0,390.0
N20002804,Knockagh_B2,EAST ANTRIM,11.73,21.4,553.0
N20002805,Knockagh_C1,EAST ANTRIM,13.3,23.0,407.0
N20002806,Knockagh_C2,EAST ANTRIM,14.1,23.8,386.0
N20002807,Knockagh_C3,EAST ANTRIM,12.23,21.9,269.0
N20002808,Knockagh_B3,EAST ANTRIM,12.19,21.9,586.0
N20002809,Knockagh_A2,EAST ANTRIM,12.17,21.9,545.0
N20002810,Knockagh_C4,EAST ANTRIM,13.92,23.6,378.0
N20002811,Knockagh_D1,EAST ANTRIM,13.68,23.4,287.0
N20002812,Knockagh_F1,EAST ANTRIM,13.84,23.5,201.0
N20002813,Knockagh_D2,EAST ANTRIM,13.09,22.8,342.0
N20002814,Knockagh_C5,EAST ANTRIM,14.87,24.6,556.0
N20002815,Knockagh_D3,EAST ANTRIM,14.32,24.0,218.0
N20002816,Knockagh_D4,EAST ANTRIM,14.95,24.6,268.0
N20002817,Knockagh_E1,EAST ANTRIM,14.45,24.1,314.0
N20002818,Knockagh_E2,EAST ANTRIM,14.28,24.0,356.0
N20002819,Knockagh_F2,EAST ANTRIM,14.38,24.1,447.0
N20002820,Knockagh_F3,EAST ANTRIM,17.28,27.0,314.0
N20002821,Knockagh_E3,EAST ANTRIM,14.88,24.6,487.0
N20002822,Knockagh_F4,EAST ANTRIM,16.11,25.8,464.0
N20002823,Knockagh_F5,EAST ANTRIM,16.11,25.8,577.0
N20002824,Knockagh_F6,EAST ANTRIM,20.37,30.1,212.0
N20002825,Knockagh_G1,EAST ANTRIM,16.8,26.5,578.0
N20002826,Knockagh_G2,EAST ANTRIM,14.6,24.3,481.0
N20002828,Knockagh_H1,EAST ANTRIM,18.43,28.1,306.0
N20002829,Knockagh_H2,EAST ANTRIM,15.16,24.8,437.0
N20002830,Knockagh_J1,EAST ANTRIM,20.11,29.8,421.0
N20002831,Knockagh_H3,EAST ANTRIM,16.99,26.7,278.0
N20002832,Knockagh_G4,EAST ANTRIM,17.74,27.4,410.0
N20002833,Knockagh_H4,EAST ANTRIM,15.97,25.7,322.0
N20002834,Knockagh_H5,EAST ANTRIM,14.89,24.6,281.0
N20002835,Knockagh_J2,EAST ANTRIM,18.78,28.5,474.0
N20002836,Knockagh_J3,EAST ANTRIM,23.06,32.8,482.0
N20002837,Carntogher_B1,MID ULSTER,51.22,60.9,296.0
N20002839,Carntogher_B2,MID ULSTER,50.95,60.6,473.0
N20002840,Carntogher_A2,MID ULSTER,35.29,45.0,519.0
N20002843,Carntogher_A3,MID ULSTER,45.99,55.7,529.0
N20002846,Carntogher_A4,MID ULSTER,14.37,24.1,526.0
N20002848,Carntogher_C1,MID ULSTER,57.83,67.5,631.0
N20002850,Carntogher_E1,MID ULSTER,61.78,71.5,299.0
N20002851,Carntogher_E2,MID ULSTER,58.22,67.9,625.0
N20002852,Carntogher_E3,MID ULSTER,66.78,76.5,469.0
N20002853,Carntogher_C3,MID ULSTER,20.66,30.4,584.0
N20002855,Carntogher_F2,MID ULSTER,42.12,51.8,338.0
N20002856,Carntogher_E4,MID ULSTER,62.45,72.1,326.0
N20002857,Carntogher_F3,MID ULSTER,28.22,37.9,437.0
N20002858,Carntogher_F4,MID ULSTER,58.97,68.7,411.0
N20002859,Carntogher_C4,MID ULSTER,67.45,77.1,582.0
N20002860,Carntogher_D3,MID ULSTER,60.95,70.6,628.0
N20002861,Carntogher_C5,MID ULSTER,65.63,75.3,327.0
N20002862,Carntogher_D4,MID ULSTER,64.5,74.2,395.0
N20002863,Carntogher_D5,MID ULSTER,64.17,73.9,564.0
N20002865,Moyola_C1,MID ULSTER,64.0,73.7,418.0
N20002867,Moyola_B1,MID ULSTER,13.98,23.7,696.0
N20002869,Moyola_A2,MID ULSTER,63.68,73.4,467.0
N20002870,Moyola_A3,MID ULSTER,60.57,70.3,476.0
N20002871,Moyola_E1,MID ULSTER,42.0,51.7,598.0
N20002872,Moyola_B2,MID ULSTER,22.49,32.2,573.0
N20002874,Moyola_D2,MID ULSTER,64.52,74.2,295.0
N20002875,Moyola_D3,MID ULSTER,65.7,75.4,462.0
N20002876,Moyola_E2,MID ULSTER,26.25,35.9,443.0
N20002877,Moyola_E3,MID ULSTER,43.0,52.7,440.0
N20002878,Moyola_D4,MID ULSTER,66.78,76.5,344.0
N20002879,Moyola_E4,MID ULSTER,35.91,45.6,814.0
N20002880,Moyola_F1,MID ULSTER,41.62,51.3,418.0
N20002881,Moyola_F2,MID ULSTER,28.79,38.5,461.0
N20002882,Moyola_C3,MID ULSTER,59.08,68.8,613.0
N20002883,Moyola_F3,MID ULSTER,34.81,44.5,403.0
N20002884,Moyola_F4,MID ULSTER,40.87,50.6,478.0
N20002885,Moyola_G1,MID ULSTER,65.38,75.1,558.0
N20002886,Moyola_G2,MID ULSTER,36.09,45.8,407.0
N20002887,Moyola_C4,MID ULSTER,66.44,76.1,668.0
N20002888,Moyola_G3,MID ULSTER,64.73,74.4,411.0
N20002890,Moyola_G4,MID ULSTER,63.85,73.5,493.0
N20002891,Moyola_H2,MID ULSTER,38.56,48.3,615.0
N20002892,Moyola_H3,MID ULSTER,58.26,68.0,447.0
N20002893,Moyola_H4,MID ULSTER,55.38,65.1,413.0
N20002894,Magherafelt_A1,MID ULSTER,55.45,65.1,504.0
N20002895,Magherafelt_A2,MID ULSTER,53.3,63.0,280.0
N20002896,Magherafelt_C1,MID ULSTER,44.75,54.4,293.0
N20002897,Magherafelt_A3,MID ULSTER,47.26,57.0,195.0
N20002900,Magherafelt_C2,MID ULSTER,49.65,59.3,294.0
N20002901,Magherafelt_A5,MID ULSTER,45.88,55.6,248.0
N20002902,Magherafelt_A6,MID ULSTER,41.17,50.9,397.0
N20002903,Magherafelt_C3,MID ULSTER,49.6,59.3,457.0
N20002904,Magherafelt_B2,MID ULSTER,47.04,56.7,505.0
N20002905,Magherafelt_A7,MID ULSTER,39.15,48.8,363.0
N20002906,Magherafelt_B3,MID ULSTER,57.07,66.8,267.0
N20002907,Magherafelt_B4,MID ULSTER,28.69,38.4,481.0
N20002908,Magherafelt_B5,MID ULSTER,48.48,58.2,565.0
N20002909,Magherafelt_C4,MID ULSTER,41.38,51.1,540.0
N20002910,Magherafelt_C5,MID ULSTER,41.61,51.3,431.0
N20002911,Magherafelt_D1,MID ULSTER,45.74,55.4,616.0
N20002912,Magherafelt_C6,MID ULSTER,39.39,49.1,551.0
N20002913,Magherafelt_E1,MID ULSTER,19.81,29.5,359.0
N20002914,Magherafelt_E2,MID ULSTER,31.59,41.3,468.0
N20002915,Magherafelt_D2,MID ULSTER,29.27,39.0,532.0
N20002916,Magherafelt_G1,MID ULSTER,57.91,67.6,459.0
N20002917,Magherafelt_G2,MID ULSTER,46.19,55.9,473.0
N20002920,Magherafelt_D4,MID ULSTER,32.7,42.4,536.0
N20002922,Magherafelt_F2,MID ULSTER,36.35,46.0,394.0
N20002923,Magherafelt_F3,MID ULSTER,40.01,49.7,380.0
N20002924,Magherafelt_F4,MID ULSTER,33.04,42.7,476.0
N20002926,Magherafelt_D5,MID ULSTER,24.25,33.9,469.0
N20002927,Magherafelt_G4,MID ULSTER,59.49,69.2,392.0
N20002928,Magherafelt_E4,MID ULSTER,33.68,43.4,611.0
N20002930,Cookstown_A2,MID ULSTER,57.38,67.1,532.0
N20002931,Cookstown_A3,MID ULSTER,23.2,32.9,423.0
N20002932,Cookstown_B1,MID ULSTER,23.6,33.3,368.0
N20002933,Cookstown_E1,MID ULSTER,56.21,65.9,342.0
N20002934,Cookstown_B2,MID ULSTER,19.65,29.3,391.0
N20002935,Cookstown_B3,MID ULSTER,13.94,23.6,261.0
N20002937,Cookstown_B4,MID ULSTER,30.32,40.0,516.0
N20002938,Cookstown_C1,MID ULSTER,13.36,23.0,491.0
N20002939,Cookstown_E3,MID ULSTER,18.32,28.0,226.0
N20002940,Cookstown_C2,MID ULSTER,32.15,41.8,469.0
N20002941,Cookstown_D1,MID ULSTER,42.91,52.6,501.0
N20002942,Cookstown_G1,MID ULSTER,34.63,44.3,562.0
N20002943,Cookstown_D2,MID ULSTER,44.83,54.5,392.0
N20002945,Cookstown_C3,MID ULSTER,58.3,68.0,163.0
N20002946,Cookstown_C4,MID ULSTER,54.24,63.9,305.0
N20002947,Cookstown_C5,MID ULSTER,39.39,49.1,234.0
N20002948,Cookstown_A5,MID ULSTER,64.99,74.7,603.0
N20002949,Cookstown_D3,MID ULSTER,50.65,60.3,421.0
N20002950,Cookstown_C6,MID ULSTER,47.37,57.1,365.0
N20002953,Cookstown_D4,MID ULSTER,46.89,56.6,471.0
N20002954,Cookstown_B5,MID ULSTER,50.25,59.9,557.0
N20002956,Cookstown_F1,MID ULSTER,64.42,74.1,525.0
N20002957,Cookstown_F2,MID ULSTER,56.09,65.8,477.0
N20002958,Cookstown_B6,MID ULSTER,55.2,64.9,230.0
N20002960,Cookstown_F3,MID ULSTER,23.09,32.8,347.0
N20002961,Cookstown_H1,MID ULSTER,53.92,63.6,363.0
N20002962,Cookstown_F4,MID ULSTER,50.35,60.0,451.0
N20002964,Cookstown_H3,MID ULSTER,43.26,53.0,477.0
N20002965,Cookstown_H4,MID ULSTER,50.21,59.9,350.0
N20002967,Cookstown_J2,MID ULSTER,24.48,34.2,448.0
N20002968,Cookstown_G3,MID ULSTER,17.32,27.0,314.0
N20002969,Cookstown_G4,MID ULSTER,21.71,31.4,403.0
N20002970,Cookstown_K1,MID ULSTER,63.3,73.0,474.0
N20002971,Cookstown_J3,MID ULSTER,45.26,54.9,586.0
N20002972,Cookstown_K2,MID ULSTER,64.18,73.9,414.0
N20002973,Cookstown_J4,MID ULSTER,54.67,64.4,536.0
N20002974,Cookstown_K3,MID ULSTER,47.33,57.0,406.0
N20002979,Torrent_B1,MID ULSTER,17.62,27.3,469.0
N20002982,Torrent_D1,MID ULSTER,61.12,70.8,486.0
N20002983,Torrent_C1,MID ULSTER,53.49,63.2,423.0
N20002984,Torrent_D2,MID ULSTER,53.92,63.6,480.0
N20002986,Torrent_C2,MID ULSTER,47.1,56.8,441.0
N20002988,Torrent_B5,MID ULSTER,49.29,59.0,389.0
N20002989,Torrent_D3,MID ULSTER,62.37,72.1,417.0
N20002990,Torrent_E1,MID ULSTER,58.18,67.9,496.0
N20002991,Torrent_C3,MID ULSTER,66.27,76.0,344.0
N20002993,Torrent_C4,MID ULSTER,62.79,72.5,558.0
N20002994,Torrent_G1,MID ULSTER,20.12,29.8,446.0
N20002995,Torrent_F1,MID ULSTER,65.84,75.5,454.0
N20002997,Torrent_F2,MID ULSTER,66.22,75.9,505.0
N20002998,Torrent_E3,MID ULSTER,61.6,71.3,529.0
N20002999,Torrent_F3,MID ULSTER,64.29,74.0,367.0
N20003001,Torrent_H1,MID ULSTER,65.87,75.6,290.0
N20003002,Torrent_H2,MID ULSTER,59.26,68.9,296.0
N20003003,Torrent_H3,MID ULSTER,60.67,70.4,254.0
N20003004,Torrent_G2,MID ULSTER,31.34,41.0,374.0
N20003005,Torrent_H4,MID ULSTER,62.66,72.3,192.0
N20003006,Torrent_F4,MID ULSTER,62.31,72.0,512.0
N20003007,Torrent_E4,MID ULSTER,60.7,70.4,319.0
N20003009,Torrent_G3,MID ULSTER,59.41,69.1,637.0
N20003010,Torrent_H6,MID ULSTER,64.36,74.0,421.0
N20003012,Torrent_F5,MID ULSTER,65.18,74.9,378.0
N20003013,Torrent_F6,MID ULSTER,61.72,71.4,535.0
N20003014,Torrent_G4,MID ULSTER,64.25,73.9,280.0
N20003018,Dungannon_D1,MID ULSTER,53.47,63.2,365.0
N20003019,Dungannon_G1,MID ULSTER,43.07,52.8,402.0
N20003020,Dungannon_A1,FERMANAGH AND SOUTH TYRONE,61.68,71.4,473.0
N20003021,Dungannon_G2,FERMANAGH AND SOUTH TYRONE,55.18,64.9,394.0
N20003022,Dungannon_A2,FERMANAGH AND SOUTH TYRONE,61.24,70.9,478.0
N20003025,Dungannon_B2,FERMANAGH AND SOUTH TYRONE,62.31,72.0,441.0
N20003026,Dungannon_A3,FERMANAGH AND SOUTH TYRONE,61.41,71.1,311.0
N20003027,Dungannon_D3,FERMANAGH AND SOUTH TYRONE,33.07,42.8,348.0
N20003028,Dungannon_A4,FERMANAGH AND SOUTH TYRONE,60.11,69.8,331.0
N20003030,Dungannon_B3,FERMANAGH AND SOUTH TYRONE,62.18,71.9,525.0
N20003031,Dungannon_A6,FERMANAGH AND SOUTH TYRONE,52.63,62.3,563.0
N20003032,Dungannon_B4,FERMANAGH AND SOUTH TYRONE,60.26,69.9,499.0
N20003033,Dungannon_F1,FERMANAGH AND SOUTH TYRONE,64.14,73.8,468.0
N20003034,Dungannon_C1,FERMANAGH AND SOUTH TYRONE,53.53,63.2,299.0
N20003035,Dungannon_F2,FERMANAGH AND SOUTH TYRONE,64.28,74.0,297.0
N20003036,Dungannon_G3,FERMANAGH AND SOUTH TYRONE,36.18,45.9,364.0
N20003037,Dungannon_C2,FERMANAGH AND SOUTH TYRONE,59.1,68.8,312.0
N20003038,Dungannon_C3,FERMANAGH AND SOUTH TYRONE,49.92,59.6,421.0
N20003039,Dungannon_E1,FERMANAGH AND SOUTH TYRONE,42.71,52.4,571.0
N20003040,Dungannon_E2,FERMANAGH AND SOUTH TYRONE,35.76,45.5,596.0
N20003041,Dungannon_F3,FERMANAGH AND SOUTH TYRONE,64.3,74.0,485.0
N20003042,Dungannon_F4,FERMANAGH AND SOUTH TYRONE,59.13,68.8,428.0
N20003043,Dungannon_F5,FERMANAGH AND SOUTH TYRONE,41.21,50.9,495.0
N20003044,Dungannon_H1,FERMANAGH AND SOUTH TYRONE,40.42,50.1,353.0
N20003045,Dungannon_E3,FERMANAGH AND SOUTH TYRONE,38.3,48.0,417.0
N20003046,Dungannon_E4,FERMANAGH AND SOUTH TYRONE,44.07,53.8,481.0
N20003047,Dungannon_H2,FERMANAGH AND SOUTH TYRONE,43.18,52.9,405.0
N20003048,Dungannon_D4,FERMANAGH AND SOUTH TYRONE,18.58,28.3,518.0
N20003049,Dungannon_H3,FERMANAGH AND SOUTH TYRONE,33.09,42.8,391.0
N20003050,Dungannon_F6,FERMANAGH AND SOUTH TYRONE,40.86,50.6,678.0
N20003051,Dungannon_H4,FERMANAGH AND SOUTH TYRONE,37.13,46.8,323.0
N20003052,Dungannon_H5,FERMANAGH AND SOUTH TYRONE,14.89,24.6,331.0
N20003053,Dungannon_H6,FERMANAGH AND SOUTH TYRONE,8.82,18.5,442.0
N20003054,Dungannon_D5,FERMANAGH AND SOUTH TYRONE,32.66,42.4,381.0
N20003055,Dungannon_G4,FERMANAGH AND SOUTH TYRONE,27.21,36.9,366.0
N20003056,Dungannon_G5,FERMANAGH AND SOUTH TYRONE,32.97,42.7,613.0
N20003057,Dungannon_K1,FERMANAGH AND SOUTH TYRONE,36.62,46.3,552.0
N20003058,Dungannon_J1,FERMANAGH AND SOUTH TYRONE,54.99,64.7,396.0
N20003060,Dungannon_J3,FERMANAGH AND SOUTH TYRONE,52.22,61.9,219.0
N20003061,Dungannon_J4,FERMANAGH AND SOUTH TYRONE,60.45,70.1,400.0
N20003062,Dungannon_K2,FERMANAGH AND SOUTH TYRONE,51.14,60.8,753.0
N20003063,Clogher_Valley_B1,MID ULSTER,65.79,75.5,767.0
N20003064,Clogher_Valley_A1,MID ULSTER,60.03,69.7,540.0
N20003065,Clogher_Valley_B2,FERMANAGH AND SOUTH TYRONE,46.34,56.0,634.0
N20003066,Clogher_Valley_A2,FERMANAGH AND SOUTH TYRONE,35.7,45.4,433.0
N20003068,Clogher_Valley_B3,FERMANAGH AND SOUTH TYRONE,63.08,72.8,353.0
N20003070,Clogher_Valley_C1,FERMANAGH AND SOUTH TYRONE,34.3,44.0,551.0
N20003071,Clogher_Valley_B4,FERMANAGH AND SOUTH TYRONE,41.56,51.2,442.0
N20003072,Clogher_Valley_A5,FERMANAGH AND SOUTH TYRONE,35.02,44.7,347.0
N20003073,Clogher_Valley_D1,FERMANAGH AND SOUTH TYRONE,53.99,63.7,562.0
N20003074,Clogher_Valley_B5,FERMANAGH AND SOUTH TYRONE,37.72,47.4,535.0
N20003076,Clogher_Valley_C2,FERMANAGH AND SOUTH TYRONE,58.86,68.6,324.0
N20003077,Clogher_Valley_E2,FERMANAGH AND SOUTH TYRONE,39.7,49.4,411.0
N20003079,Clogher_Valley_E3,FERMANAGH AND SOUTH TYRONE,49.52,59.2,549.0
N20003080,Clogher_Valley_D2,FERMANAGH AND SOUTH TYRONE,29.68,39.4,335.0
N20003081,Clogher_Valley_D3,FERMANAGH AND SOUTH TYRONE,37.56,47.2,480.0
N20003082,Clogher_Valley_E4,FERMANAGH AND SOUTH TYRONE,50.47,60.2,266.0
N20003083,Clogher_Valley_D4,FERMANAGH AND SOUTH TYRONE,40.93,50.6,342.0
N20003084,Clogher_Valley_E5,FERMANAGH AND SOUTH TYRONE,24.64,34.3,448.0
N20003085,Clogher_Valley_F1,FERMANAGH AND SOUTH TYRONE,36.92,46.6,384.0
N20003086,Clogher_Valley_E6,FERMANAGH AND SOUTH TYRONE,41.63,51.3,391.0
N20003087,Clogher_Valley_F2,FERMANAGH AND SOUTH TYRONE,42.58,52.3,220.0
N20003088,Clogher_Valley_G1,FERMANAGH AND SOUTH TYRONE,41.29,51.0,441.0
N20003089,Clogher_Valley_D5,FERMANAGH AND SOUTH TYRONE,44.6,54.3,626.0
N20003090,Clogher_Valley_G2,FERMANAGH AND SOUTH TYRONE,36.87,46.6,392.0
N20003091,Clogher_Valley_F3,FERMANAGH AND SOUTH TYRONE,38.48,48.2,413.0
N20003092,Clogher_Valley_E7,FERMANAGH AND SOUTH TYRONE,35.19,44.9,513.0
N20003093,Clogher_Valley_F4,FERMANAGH AND SOUTH TYRONE,34.38,44.1,467.0
N20003094,Clogher_Valley_F5,FERMANAGH AND SOUTH TYRONE,16.43,26.1,467.0
N20003095,Clogher_Valley_G3,FERMANAGH AND SOUTH TYRONE,21.8,31.5,417.0
N20003097,Clogher_Valley_H1,FERMANAGH AND SOUTH TYRONE,18.58,28.3,431.0
N20003100,Clogher_Valley_G4,FERMANAGH AND SOUTH TYRONE,32.77,42.5,399.0
N20003102,Slieve_Gullion_A2,NEWRY AND ARMAGH,28.31,38.0,438.0
N20003103,Slieve_Gullion_A3,NEWRY AND ARMAGH,42.02,51.7,637.0
N20003104,Slieve_Gullion_B1,NEWRY AND ARMAGH,40.42,50.1,503.0
N20003105,Slieve_Gullion_A4,NEWRY AND ARMAGH,29.57,39.3,569.0
N20003107,Slieve_Gullion_B3,NEWRY AND ARMAGH,56.5,66.2,578.0
N20003108,Slieve_Gullion_C1,NEWRY AND ARMAGH,42.77,52.5,236.0
N20003109,Slieve_Gullion_D1,NEWRY AND ARMAGH,44.81,54.5,356.0
N20003110,Slieve_Gullion_C2,NEWRY AND ARMAGH,50.1,59.8,546.0
N20003111,Slieve_Gullion_E1,NEWRY AND ARMAGH,59.44,69.1,468.0
N20003112,Slieve_Gullion_C3,NEWRY AND ARMAGH,61.88,71.6,379.0
N20003113,Slieve_Gullion_D2,NEWRY AND ARMAGH,53.21,62.9,580.0
N20003114,Slieve_Gullion_C4,NEWRY AND ARMAGH,62.14,71.8,352.0
N20003115,Slieve_Gullion_C5,NEWRY AND ARMAGH,64.46,74.2,683.0
N20003118,Slieve_Gullion_D4,NEWRY AND ARMAGH,61.57,71.3,218.0
N20003119,Slieve_Gullion_B4,NEWRY AND ARMAGH,53.72,63.4,208.0
N20003120,Slieve_Gullion_D5,NEWRY AND ARMAGH,62.46,72.1,369.0
N20003123,Slieve_Gullion_E4,NEWRY AND ARMAGH,63.97,73.7,434.0
N20003124,Slieve_Gullion_E5,NEWRY AND ARMAGH,67.3,77.0,551.0
N20003125,Slieve_Gullion_H1,NEWRY AND ARMAGH,30.29,40.0,559.0
N20003126,Slieve_Gullion_F2,NEWRY AND ARMAGH,65.02,74.7,627.0
N20003127,Slieve_Gullion_G1,NEWRY AND ARMAGH,64.17,73.9,555.0
N20003128,Slieve_Gullion_G2,NEWRY AND ARMAGH,58.18,67.9,561.0
N20003129,Slieve_Gullion_F3,NEWRY AND ARMAGH,67.75,77.4,595.0
N20003131,Slieve_Gullion_H2,NEWRY AND ARMAGH,64.44,74.1,427.0
N20003133,Slieve_Gullion_G3,NEWRY AND ARMAGH,66.96,76.6,680.0
N20003134,Slieve_Gullion_J1,NEWRY AND ARMAGH,65.14,74.8,273.0
N20003135,Slieve_Gullion_L1,NEWRY AND ARMAGH,66.6,76.3,425.0
N20003136,Slieve_Gullion_J2,NEWRY AND ARMAGH,65.53,75.2,358.0
N20003137,Slieve_Gullion_K2,NEWRY AND ARMAGH,66.79,76.5,565.0
N20003138,Slieve_Gullion_F5,NEWRY AND ARMAGH,66.57,76.3,347.0
N20003143,Slieve_Gullion_J4,NEWRY AND ARMAGH,67.14,76.8,371.0
N20003147,Slieve_Gullion_N2,NEWRY AND ARMAGH,63.57,73.3,424.0
N20003149,Slieve_Gullion_L4,NEWRY AND ARMAGH,67.76,77.5,676.0
N20003151,Slieve_Gullion_K5,NEWRY AND ARMAGH,66.69,76.4,340.0
N20003152,Slieve_Gullion_H4,NEWRY AND ARMAGH,65.79,75.5,342.0
N20003153,Slieve_Gullion_H5,NEWRY AND ARMAGH,66.81,76.5,523.0
N20003154,Newry_A1,NEWRY AND ARMAGH,40.46,50.1,569.0
N20003155,Newry_B1,SOUTH DOWN,59.77,69.5,559.0
N20003156,Newry_B2,SOUTH DOWN,63.06,72.8,516.0
N20003157,Newry_A2,NEWRY AND ARMAGH,65.4,75.1,467.0
N20003158,Newry_B3,NEWRY AND ARMAGH,56.75,66.4,270.0
N20003159,Newry_A3,NEWRY AND ARMAGH,64.67,74.4,342.0
N20003160,Newry_B4,SOUTH DOWN,62.72,72.4,368.0
N20003161,Newry_A4,NEWRY AND ARMAGH,56.6,66.3,481.0
N20003162,Newry_C1,NEWRY AND ARMAGH,64.15,73.8,359.0
N20003163,Newry_D1,NEWRY AND ARMAGH,59.54,69.2,413.0
N20003164,Newry_A5,NEWRY AND ARMAGH,63.99,73.7,378.0
N20003165,Newry_D2,NEWRY AND ARMAGH,63.73,73.4,425.0
N20003166,Newry_C2,NEWRY AND ARMAGH,65.91,75.6,249.0
N20003167,Newry_C3,NEWRY AND ARMAGH,66.24,75.9,409.0
N20003168,Newry_D3,NEWRY AND ARMAGH,61.67,71.4,325.0
N20003169,Newry_D4,NEWRY AND ARMAGH,64.84,74.5,534.0
N20003170,Newry_E1,NEWRY AND ARMAGH,60.72,70.4,334.0
N20003171,Newry_C4,NEWRY AND ARMAGH,61.05,70.7,260.0
N20003172,Newry_E2,NEWRY AND ARMAGH,57.68,67.4,339.0
N20003173,Newry_F1,NEWRY AND ARMAGH,64.86,74.5,429.0
N20003174,Newry_E3,NEWRY AND ARMAGH,60.08,69.8,341.0
N20003175,Newry_G1,NEWRY AND ARMAGH,62.5,72.2,385.0
N20003176,Newry_F2,NEWRY AND ARMAGH,63.32,73.0,460.0
N20003177,Newry_F3,NEWRY AND ARMAGH,64.17,73.9,393.0
N20003179,Newry_E5,NEWRY AND ARMAGH,53.57,63.3,329.0
N20003180,Newry_G2,NEWRY AND ARMAGH,61.55,71.2,419.0
N20003181,Newry_G3,NEWRY AND ARMAGH,62.13,71.8,373.0
N20003182,Newry_F4,NEWRY AND ARMAGH,64.17,73.9,342.0
N20003183,Newry_H1,NEWRY AND ARMAGH,65.29,75.0,412.0
N20003184,Newry_G4,NEWRY AND ARMAGH,66.64,76.3,491.0
N20003185,Newry_H2,NEWRY AND ARMAGH,62.58,72.3,441.0
N20003187,Newry_L1,NEWRY AND ARMAGH,63.22,72.9,385.0
N20003188,Newry_K1,NEWRY AND ARMAGH,66.06,75.7,433.0
N20003189,Newry_J1,NEWRY AND ARMAGH,62.74,72.4,481.0
N20003190,Newry_L2,NEWRY AND ARMAGH,54.57,64.3,242.0
N20003191,Newry_K2,NEWRY AND ARMAGH,65.58,75.3,454.0
N20003192,Newry_J2,NEWRY AND ARMAGH,64.65,74.3,382.0
N20003193,Newry_L3,NEWRY AND ARMAGH,61.03,70.7,399.0
N20003194,Newry_K3,NEWRY AND ARMAGH,67.01,76.7,502.0
N20003195,Newry_L4,NEWRY AND ARMAGH,63.62,73.3,406.0
N20003196,Newry_K4,NEWRY AND ARMAGH,59.24,68.9,351.0
N20003197,Newry_J3,NEWRY AND ARMAGH,64.74,74.4,619.0
N20003198,Newry_L5,NEWRY AND ARMAGH,65.18,74.9,431.0
N20003199,Newry_L6,NEWRY AND ARMAGH,62.53,72.2,286.0
N20003200,Newry_N1,NEWRY AND ARMAGH,65.96,75.6,797.0
N20003202,Newry_N2,NEWRY AND ARMAGH,65.46,75.2,470.0
N20003203,Newry_P2,NEWRY AND ARMAGH,67.8,77.5,387.0
N20003204,Newry_N3,NEWRY AND ARMAGH,65.52,75.2,630.0
N20003205,Newry_P3,NEWRY AND ARMAGH,67.68,77.4,464.0
N20003207,Crotlieve_A1,SOUTH DOWN,62.68,72.4,465.0
N20003208,Crotlieve_A2,SOUTH DOWN,28.23,37.9,341.0
N20003209,Crotlieve_A3,SOUTH DOWN,36.54,46.2,417.0
N20003210,Crotlieve_A4,SOUTH DOWN,50.47,60.2,387.0
N20003211,Crotlieve_B1,SOUTH DOWN,61.98,71.7,469.0
N20003213,Crotlieve_A5,SOUTH DOWN,44.88,54.6,654.0
N20003215,Crotlieve_C2,SOUTH DOWN,46.67,56.4,526.0
N20003216,Crotlieve_B3,SOUTH DOWN,58.81,68.5,534.0
N20003217,Crotlieve_D1,SOUTH DOWN,65.07,74.8,396.0
N20003218,Crotlieve_D2,SOUTH DOWN,66.79,76.5,475.0
N20003219,Crotlieve_B4,SOUTH DOWN,60.85,70.5,376.0
N20003221,Crotlieve_E1,SOUTH DOWN,63.41,73.1,601.0
N20003222,Crotlieve_C3,SOUTH DOWN,61.34,71.0,438.0
N20003223,Crotlieve_C4,SOUTH DOWN,62.94,72.6,342.0
N20003224,Crotlieve_C5,SOUTH DOWN,67.26,76.9,337.0
N20003225,Crotlieve_G1,SOUTH DOWN,67.02,76.7,586.0
N20003228,Crotlieve_F2,SOUTH DOWN,63.67,73.4,473.0
N20003229,Crotlieve_F3,SOUTH DOWN,60.44,70.1,439.0
N20003231,Crotlieve_E3,SOUTH DOWN,66.07,75.8,525.0
N20003232,Crotlieve_G3,SOUTH DOWN,64.56,74.2,344.0
N20003233,Crotlieve_F4,SOUTH DOWN,64.52,74.2,427.0
N20003237,Crotlieve_J1,SOUTH DOWN,62.83,72.5,454.0
N20003238,Crotlieve_H2,SOUTH DOWN,60.65,70.3,417.0
N20003239,Crotlieve_L1,SOUTH DOWN,64.32,74.0,490.0
N20003241,Crotlieve_H3,SOUTH DOWN,59.8,69.5,480.0
N20003242,Crotlieve_K1,SOUTH DOWN,57.09,66.8,371.0
N20003243,Crotlieve_H4,SOUTH DOWN,64.23,73.9,450.0
N20003244,Crotlieve_L2,SOUTH DOWN,65.37,75.1,472.0
N20003247,Crotlieve_H6,SOUTH DOWN,61.86,71.5,208.0
N20003248,Crotlieve_K3,SOUTH DOWN,60.12,69.8,368.0
N20003249,Crotlieve_K4,SOUTH DOWN,60.56,70.3,241.0
N20003250,Crotlieve_J3,SOUTH DOWN,61.78,71.5,424.0
N20003252,Crotlieve_L3,SOUTH DOWN,63.14,72.8,349.0
N20003253,Crotlieve_K6,SOUTH DOWN,58.52,68.2,391.0
N20003254,Crotlieve_L4,SOUTH DOWN,60.73,70.4,337.0
N20003255,Crotlieve_K7,SOUTH DOWN,55.31,65.0,405.0
N20003256,Crotlieve_L5,SOUTH DOWN,56.33,66.0,403.0
N20003257,The_Mournes_A1,SOUTH DOWN,53.34,63.0,572.0
N20003260,The_Mournes_A4,SOUTH DOWN,65.1,74.8,409.0
N20003261,The_Mournes_F1,SOUTH DOWN,48.36,58.1,519.0
N20003262,The_Mournes_D1,SOUTH DOWN,52.27,62.0,442.0
N20003263,The_Mournes_B1,SOUTH DOWN,57.06,66.8,362.0
N20003264,The_Mournes_C1,SOUTH DOWN,53.04,62.7,383.0
N20003265,The_Mournes_B2,SOUTH DOWN,57.9,67.6,365.0
N20003267,The_Mournes_B3,SOUTH DOWN,57.95,67.6,308.0
N20003268,The_Mournes_C2,SOUTH DOWN,47.79,57.5,476.0
N20003269,The_Mournes_B4,SOUTH DOWN,59.93,69.6,383.0
N20003271,The_Mournes_D3,SOUTH DOWN,50.47,60.2,355.0
N20003272,The_Mournes_E1,SOUTH DOWN,52.66,62.4,463.0
N20003273,The_Mournes_E2,SOUTH DOWN,50.51,60.2,506.0
N20003274,The_Mournes_E3,SOUTH DOWN,51.79,61.5,591.0
N20003275,The_Mournes_F2,SOUTH DOWN,46.38,56.1,403.0
N20003276,The_Mournes_F3,SOUTH DOWN,61.18,70.9,485.0
N20003279,The_Mournes_D5,SOUTH DOWN,50.12,59.8,300.0
N20003281,The_Mournes_G1,SOUTH DOWN,45.05,54.7,486.0
N20003282,The_Mournes_G2,SOUTH DOWN,47.94,57.6,574.0
N20003283,The_Mournes_J1,SOUTH DOWN,52.26,61.9,478.0
N20003285,The_Mournes_H2,SOUTH DOWN,23.96,33.6,353.0
N20003287,The_Mournes_H4,SOUTH DOWN,9.37,19.1,440.0
N20003288,The_Mournes_G3,SOUTH DOWN,30.17,39.9,517.0
N20003289,The_Mournes_J2,SOUTH DOWN,43.03,52.7,443.0
N20003290,The_Mournes_K1,SOUTH DOWN,47.44,57.1,544.0
N20003292,The_Mournes_G4,SOUTH DOWN,22.24,31.9,598.0
N20003293,The_Mournes_G5,SOUTH DOWN,33.58,43.3,639.0
N20003294,The_Mournes_J3,SOUTH DOWN,43.96,53.6,383.0
N20003295,The_Mournes_K3,SOUTH DOWN,58.34,68.0,437.0
N20003296,The_Mournes_J4,SOUTH DOWN,43.02,52.7,322.0
N20003297,The_Mournes_L1,SOUTH DOWN,32.95,42.6,475.0
N20003298,The_Mournes_L2,SOUTH DOWN,13.02,22.7,363.0
N20003299,The_Mournes_N1,SOUTH DOWN,55.93,65.6,448.0
N20003300,The_Mournes_L3,SOUTH DOWN,15.63,25.3,553.0
N20003301,The_Mournes_P1,SOUTH DOWN,25.53,35.2,494.0
N20003302,The_Mournes_N2,SOUTH DOWN,62.83,72.5,511.0
N20003303,The_Mournes_P2,SOUTH DOWN,38.33,48.0,297.0
N20003304,The_Mournes_N3,SOUTH DOWN,43.22,52.9,661.0
N20003305,The_Mournes_P3,SOUTH DOWN,19.71,29.4,267.0
N20003306,The_Mournes_P4,SOUTH DOWN,16.14,25.8,368.0
N20003307,The_Mournes_P5,SOUTH DOWN,16.81,26.5,320.0
N20003308,The_Mournes_P6,SOUTH DOWN,35.61,45.3,390.0
N20003311,Slieve_Croob_A1,SOUTH DOWN,30.35,40.0,514.0
N20003312,Slieve_Croob_A2,SOUTH DOWN,15.92,25.6,327.0
N20003313,Slieve_Croob_D1,SOUTH DOWN,47.21,56.9,473.0
N20003314,Slieve_Croob_A3,SOUTH DOWN,17.29,27.0,339.0
N20003315,Slieve_Croob_B1,SOUTH DOWN,61.74,71.4,503.0
N20003316,Slieve_Croob_A4,SOUTH DOWN,13.96,23.6,286.0
N20003317,Slieve_Croob_A5,SOUTH DOWN,44.21,53.9,693.0
N20003319,Slieve_Croob_D2,SOUTH DOWN,60.81,70.5,742.0
N20003320,Slieve_Croob_C1,SOUTH DOWN,40.23,49.9,359.0
N20003323,Slieve_Croob_E1,SOUTH DOWN,40.86,50.5,396.0
N20003324,Slieve_Croob_C3,SOUTH DOWN,53.37,63.1,679.0
N20003325,Slieve_Croob_C4,SOUTH DOWN,54.11,63.8,334.0
N20003326,Slieve_Croob_C5,SOUTH DOWN,50.04,59.7,448.0
N20003327,Slieve_Croob_E2,SOUTH DOWN,53.6,63.3,527.0
N20003328,Slieve_Croob_D4,SOUTH DOWN,50.17,59.9,618.0
N20003330,Slieve_Croob_F2,SOUTH DOWN,34.95,44.6,467.0
N20003332,Slieve_Croob_G1,SOUTH DOWN,62.14,71.8,388.0
N20003334,Slieve_Croob_G3,SOUTH DOWN,54.74,64.4,349.0
N20003336,Slieve_Croob_E4,SOUTH DOWN,64.07,73.8,591.0
N20003338,Slieve_Croob_H1,SOUTH DOWN,46.53,56.2,505.0
N20003340,Slieve_Croob_H3,SOUTH DOWN,39.67,49.4,419.0
N20003341,Slieve_Croob_J1,SOUTH DOWN,57.74,67.4,534.0
N20003342,Slieve_Croob_J2,SOUTH DOWN,64.54,74.2,509.0
N20003343,Slieve_Croob_G5,SOUTH DOWN,54.86,64.6,511.0
N20003344,Slieve_Croob_J3,SOUTH DOWN,65.74,75.4,354.0
N20003345,Slieve_Croob_J4,SOUTH DOWN,66.61,76.3,317.0
N20003347,Rowallane_C1,STRANGFORD,17.05,26.7,418.0
N20003349,Rowallane_A2,STRANGFORD,29.92,39.6,603.0
N20003351,Rowallane_B1,STRANGFORD,20.83,30.5,306.0
N20003352,Rowallane_E1,STRANGFORD,33.87,43.6,446.0
N20003353,Rowallane_B2,STRANGFORD,23.37,33.1,387.0
N20003354,Rowallane_B3,STRANGFORD,21.71,31.4,363.0
N20003355,Rowallane_B4,STRANGFORD,30.14,39.8,501.0
N20003357,Rowallane_E2,STRANGFORD,46.48,56.2,401.0
N20003358,Rowallane_D1,STRANGFORD,15.22,24.9,583.0
N20003360,Rowallane_C3,STRANGFORD,21.97,31.7,315.0
N20003361,Rowallane_E4,STRANGFORD,24.88,34.6,376.0
N20003362,Rowallane_C4,STRANGFORD,17.64,27.3,370.0
N20003363,Rowallane_C5,STRANGFORD,15.7,25.4,354.0
N20003364,Rowallane_D2,STRANGFORD,43.67,53.4,305.0
N20003365,Rowallane_D3,STRANGFORD,30.9,40.6,447.0
N20003366,Rowallane_G1,STRANGFORD,14.95,24.6,473.0
N20003369,Rowallane_F2,STRANGFORD,11.56,21.3,418.0
N20003370,Rowallane_G2,STRANGFORD,16.56,26.3,536.0
N20003371,Rowallane_D4,SOUTH DOWN,22.03,31.7,564.0
N20003372,Rowallane_H2,STRANGFORD,27.36,37.1,254.0
N20003373,Rowallane_F3,STRANGFORD,32.29,42.0,366.0
N20003374,Rowallane_F4,STRANGFORD,27.59,37.3,255.0
N20003375,Rowallane_H3,STRANGFORD,28.09,37.8,343.0
N20003378,Rowallane_G3,STRANGFORD,30.57,40.3,364.0
N20003379,Rowallane_F5,STRANGFORD,47.17,56.9,326.0
N20003380,Rowallane_F6,STRANGFORD,52.01,61.7,442.0
N20003381,Rowallane_H6,STRANGFORD,32.73,42.4,437.0
N20003382,Rowallane_G4,STRANGFORD,31.98,41.7,291.0
N20003383,Rowallane_J1,SOUTH DOWN,41.19,50.9,375.0
N20003384,Rowallane_J2,SOUTH DOWN,51.67,61.4,433.0
N20003385,Rowallane_G5,STRANGFORD,38.24,47.9,366.0
N20003386,Rowallane_H7,STRANGFORD,31.05,40.7,352.0
N20003387,Rowallane_E5,STRANGFORD,30.93,40.6,498.0
N20003388,Rowallane_J3,SOUTH DOWN,51.6,61.3,467.0
N20003389,Rowallane_G6,STRANGFORD,33.15,42.8,332.0
N20003390,Rowallane_J4,SOUTH DOWN,52.42,62.1,288.0
N20003391,Downpatrick_B1,SOUTH DOWN,53.3,63.0,486.0
N20003393,Downpatrick_A2,SOUTH DOWN,51.0,60.7,530.0
N20003394,Downpatrick_A3,SOUTH DOWN,60.78,70.5,482.0
N20003395,Downpatrick_A4,SOUTH DOWN,43.51,53.2,556.0
N20003396,Downpatrick_B2,SOUTH DOWN,52.39,62.1,527.0
N20003397,Downpatrick_C1,SOUTH DOWN,46.3,56.0,599.0
N20003398,Downpatrick_C2,SOUTH DOWN,59.49,69.2,372.0
N20003399,Downpatrick_C3,SOUTH DOWN,60.75,70.4,491.0
N20003400,Downpatrick_C4,SOUTH DOWN,61.93,71.6,388.0
N20003401,Downpatrick_C5,SOUTH DOWN,55.11,64.8,391.0
N20003402,Downpatrick_D1,SOUTH DOWN,59.94,69.6,330.0
N20003403,Downpatrick_E1,SOUTH DOWN,55.93,65.6,313.0
N20003404,Downpatrick_E2,SOUTH DOWN,46.37,56.1,244.0
N20003405,Downpatrick_D2,SOUTH DOWN,64.87,74.6,485.0
N20003406,Downpatrick_E3,SOUTH DOWN,54.5,64.2,335.0
N20003407,Downpatrick_E4,SOUTH DOWN,59.97,69.7,303.0
N20003408,Downpatrick_E5,SOUTH DOWN,53.62,63.3,223.0
N20003409,Downpatrick_D3,SOUTH DOWN,62.52,72.2,377.0
N20003410,Downpatrick_E6,SOUTH DOWN,60.09,69.8,373.0
N20003411,Downpatrick_D4,SOUTH DOWN,58.75,68.4,574.0
N20003412,Downpatrick_F1,SOUTH DOWN,63.44,73.1,369.0
N20003414,Downpatrick_H1,SOUTH DOWN,57.53,67.2,570.0
N20003415,Downpatrick_F2,SOUTH DOWN,60.52,70.2,179.0
N20003417,Downpatrick_G3,SOUTH DOWN,62.99,72.7,420.0
N20003419,Downpatrick_G4,SOUTH DOWN,64.02,73.7,481.0
N20003420,Downpatrick_B3,SOUTH DOWN,59.22,68.9,585.0
N20003421,Downpatrick_F4,SOUTH DOWN,65.81,75.5,565.0
N20003422,Downpatrick_H2,SOUTH DOWN,56.01,65.7,462.0
N20003423,Downpatrick_H3,SOUTH DOWN,62.19,71.9,456.0
N20003424,Downpatrick_H4,SOUTH DOWN,51.59,61.3,393.0
N20003425,Downpatrick_J1,SOUTH DOWN,63.71,73.4,317.0
N20003428,Downpatrick_J4,SOUTH DOWN,61.87,71.6,442.0
N20003429,Downpatrick_K1,SOUTH DOWN,53.98,63.7,563.0
N20003430,Downpatrick_K2,SOUTH DOWN,61.31,71.0,351.0
N20003431,Downpatrick_K3,SOUTH DOWN,61.72,71.4,360.0
N20003432,Comber_C1,STRANGFORD,12.86,22.5,237.0
N20003433,Comber_E1,STRANGFORD,12.14,21.8,405.0
N20003434,Comber_C2,STRANGFORD,11.61,21.3,295.0
N20003435,Comber_C3,STRANGFORD,11.45,21.1,312.0
N20003436,Comber_C4,STRANGFORD,14.12,23.8,511.0
N20003437,Comber_A1,STRANGFORD,12.67,22.4,424.0
N20003438,Comber_C5,STRANGFORD,10.28,20.0,383.0
N20003439,Comber_C6,STRANGFORD,11.0,20.7,292.0
N20003440,Comber_B1,STRANGFORD,15.49,25.2,403.0
N20003441,Comber_B2,STRANGFORD,11.89,21.6,289.0
N20003442,Comber_A2,STRANGFORD,11.59,21.3,277.0
N20003443,Comber_A3,STRANGFORD,16.23,25.9,396.0
N20003444,Comber_B3,STRANGFORD,17.27,27.0,288.0
N20003445,Comber_B4,STRANGFORD,14.12,23.8,307.0
N20003446,Comber_D1,STRANGFORD,14.85,24.5,262.0
N20003447,Comber_C7,STRANGFORD,12.25,21.9,283.0
N20003448,Comber_A4,STRANGFORD,10.75,20.4,655.0
N20003449,Comber_B5,STRANGFORD,16.94,26.6,205.0
N20003450,Comber_B6,STRANGFORD,12.84,22.5,357.0
N20003451,Comber_D2,STRANGFORD,14.02,23.7,337.0
N20003452,Comber_D3,STRANGFORD,11.41,21.1,401.0
N20003453,Comber_D4,STRANGFORD,12.63,22.3,402.0
N20003454,Comber_D5,STRANGFORD,13.43,23.1,356.0
N20003455,Comber_D6,STRANGFORD,16.04,25.7,260.0
N20003456,Comber_E2,STRANGFORD,11.8,21.5,421.0
N20003457,Comber_F1,STRANGFORD,11.74,21.4,429.0
N20003458,Comber_F2,STRANGFORD,11.27,21.0,290.0
N20003459,Comber_F3,STRANGFORD,11.22,20.9,324.0
N20003460,Comber_F4,STRANGFORD,11.81,21.5,358.0
N20003461,Comber_E3,STRANGFORD,11.68,21.4,297.0
N20003462,Comber_G1,STRANGFORD,12.53,22.2,280.0
N20003463,Comber_G2,STRANGFORD,11.98,21.7,627.0
N20003464,Comber_G3,STRANGFORD,13.91,23.6,271.0
N20003465,Comber_G4,STRANGFORD,17.09,26.8,441.0
N20003466,Comber_G5,STRANGFORD,12.38,22.1,461.0
N20003467,Comber_F5,STRANGFORD,12.88,22.6,713.0
N20003468,Comber_G6,STRANGFORD,16.73,26.4,442.0
N20003469,Comber_F6,STRANGFORD,14.85,24.5,626.0
N20003471,Comber_H2,STRANGFORD,23.46,33.1,561.0
N20003473,Comber_H4,STRANGFORD,12.79,22.5,474.0
N20003475,Newtownards_A2,STRANGFORD,13.62,23.3,478.0
N20003476,Newtownards_A3,STRANGFORD,13.96,23.6,504.0
N20003478,Newtownards_A4,STRANGFORD,11.29,21.0,415.0
N20003479,Newtownards_B2,STRANGFORD,13.31,23.0,340.0
N20003480,Newtownards_B3,STRANGFORD,14.44,24.1,405.0
N20003481,Newtownards_B4,STRANGFORD,12.71,22.4,295.0
N20003482,Newtownards_C1,STRANGFORD,18.66,28.4,418.0
N20003483,Newtownards_E1,STRANGFORD,13.24,22.9,348.0
N20003484,Newtownards_D1,STRANGFORD,14.18,23.9,455.0
N20003485,Newtownards_F1,STRANGFORD,16.38,26.1,234.0
N20003486,Newtownards_F2,STRANGFORD,19.08,28.8,320.0
N20003487,Newtownards_C2,STRANGFORD,13.1,22.8,490.0
N20003488,Newtownards_D2,STRANGFORD,15.02,24.7,535.0
N20003489,Newtownards_C3,STRANGFORD,16.09,25.8,305.0
N20003490,Newtownards_E2,STRANGFORD,13.93,23.6,401.0
N20003491,Newtownards_G1,STRANGFORD,15.66,25.3,517.0
N20003492,Newtownards_D3,STRANGFORD,14.99,24.7,566.0
N20003493,Newtownards_F3,STRANGFORD,17.49,27.2,426.0
N20003494,Newtownards_E3,STRANGFORD,13.96,23.6,418.0
N20003495,Newtownards_F4,STRANGFORD,18.8,28.5,333.0
N20003496,Newtownards_C4,STRANGFORD,16.25,25.9,487.0
N20003497,Newtownards_H1,STRANGFORD,11.42,21.1,326.0
N20003498,Newtownards_G2,STRANGFORD,17.84,27.5,295.0
N20003499,Newtownards_J1,STRANGFORD,22.72,32.4,270.0
N20003500,Newtownards_L1,STRANGFORD,20.81,30.5,215.0
N20003501,Newtownards_G3,STRANGFORD,13.45,23.1,414.0
N20003502,Newtownards_K1,STRANGFORD,15.86,25.5,564.0
N20003503,Newtownards_J2,STRANGFORD,24.45,34.1,340.0
N20003504,Newtownards_J3,STRANGFORD,22.18,31.9,444.0
N20003505,Newtownards_H2,STRANGFORD,16.63,26.3,506.0
N20003506,Newtownards_K2,STRANGFORD,15.15,24.8,537.0
N20003508,Newtownards_N1,STRANGFORD,14.02,23.7,440.0
N20003509,Newtownards_R1,STRANGFORD,17.48,27.2,324.0
N20003510,Newtownards_J4,STRANGFORD,17.92,27.6,158.0
N20003511,Newtownards_H4,STRANGFORD,15.03,24.7,297.0
N20003512,Newtownards_R2,STRANGFORD,14.49,24.2,243.0
N20003513,Newtownards_J5,STRANGFORD,19.33,29.0,212.0
N20003514,Newtownards_G4,STRANGFORD,13.09,22.8,497.0
N20003515,Newtownards_H5,STRANGFORD,15.92,25.6,366.0
N20003516,Newtownards_L2,STRANGFORD,16.38,26.1,319.0
N20003517,Newtownards_R3,STRANGFORD,13.1,22.8,246.0
N20003518,Newtownards_L3,STRANGFORD,19.67,29.4,350.0
N20003519,Newtownards_Q1,STRANGFORD,15.66,25.4,302.0
N20003520,Newtownards_Q2,STRANGFORD,17.05,26.7,395.0
N20003521,Newtownards_P1,STRANGFORD,16.32,26.0,444.0
N20003522,Newtownards_L4,STRANGFORD,17.2,26.9,285.0
N20003523,Newtownards_N2,STRANGFORD,11.86,21.5,469.0
N20003524,Newtownards_P2,STRANGFORD,16.59,26.3,268.0
N20003525,Newtownards_Q3,STRANGFORD,15.25,24.9,325.0
N20003526,Newtownards_P3,STRANGFORD,15.38,25.1,313.0
N20003527,Newtownards_P4,STRANGFORD,16.29,26.0,260.0
N20003528,Newtownards_Q4,STRANGFORD,12.19,21.9,422.0
N20003529,Newtownards_R4,STRANGFORD,21.42,31.1,285.0
N20003530,Newtownards_S1,STRANGFORD,12.6,22.3,290.0
N20003531,Newtownards_S2,STRANGFORD,14.19,23.9,367.0
N20003532,Newtownards_S3,STRANGFORD,15.16,24.8,402.0
N20003533,Newtownards_S4,STRANGFORD,14.06,23.7,414.0
N20003534,Newtownards_S5,STRANGFORD,16.22,25.9,329.0
N20003535,Newtownards_N3,STRANGFORD,13.35,23.0,457.0
N20003536,Newtownards_N4,STRANGFORD,14.14,23.8,553.0
N20003537,Holywood_and_Clandeboye_A1,NORTH DOWN,18.41,28.1,478.0
N20003538,Holywood_and_Clandeboye_A2,NORTH DOWN,19.0,28.7,464.0
N20003539,Holywood_and_Clandeboye_F1,NORTH DOWN,25.05,34.7,304.0
N20003540,Holywood_and_Clandeboye_A3,NORTH DOWN,19.05,28.7,317.0
N20003541,Holywood_and_Clandeboye_B1,NORTH DOWN,13.23,22.9,302.0
N20003542,Holywood_and_Clandeboye_B2,NORTH DOWN,13.27,23.0,370.0
N20003543,Holywood_and_Clandeboye_B3,NORTH DOWN,13.73,23.4,328.0
N20003544,Holywood_and_Clandeboye_F2,NORTH DOWN,21.53,31.2,277.0
N20003545,Holywood_and_Clandeboye_F3,NORTH DOWN,23.42,33.1,525.0
N20003546,Holywood_and_Clandeboye_C1,NORTH DOWN,18.7,28.4,478.0
N20003547,Holywood_and_Clandeboye_C2,NORTH DOWN,20.15,29.8,576.0
N20003548,Holywood_and_Clandeboye_D1,NORTH DOWN,21.32,31.0,535.0
N20003549,Holywood_and_Clandeboye_D2,NORTH DOWN,24.17,33.9,518.0
N20003550,Holywood_and_Clandeboye_E1,NORTH DOWN,23.07,32.8,501.0
N20003551,Holywood_and_Clandeboye_D3,NORTH DOWN,23.96,33.7,374.0
N20003552,Holywood_and_Clandeboye_H1,NORTH DOWN,25.8,35.5,308.0
N20003553,Holywood_and_Clandeboye_E2,NORTH DOWN,27.86,37.5,660.0
N20003554,Holywood_and_Clandeboye_G1,NORTH DOWN,17.41,27.1,953.0
N20003555,Holywood_and_Clandeboye_E3,NORTH DOWN,21.54,31.2,410.0
N20003556,Holywood_and_Clandeboye_G2,NORTH DOWN,18.76,28.4,366.0
N20003557,Holywood_and_Clandeboye_G3,NORTH DOWN,17.41,27.1,226.0
N20003558,Holywood_and_Clandeboye_H2,NORTH DOWN,28.61,38.3,343.0
N20003559,Holywood_and_Clandeboye_K1,NORTH DOWN,29.73,39.4,398.0
N20003560,Holywood_and_Clandeboye_K2,NORTH DOWN,24.74,34.4,291.0
N20003561,Holywood_and_Clandeboye_H3,NORTH DOWN,32.77,42.5,401.0
N20003562,Holywood_and_Clandeboye_J1,NORTH DOWN,15.04,24.7,586.0
N20003563,Holywood_and_Clandeboye_H4,NORTH DOWN,27.17,36.9,273.0
N20003564,Holywood_and_Clandeboye_H5,NORTH DOWN,29.1,38.8,331.0
N20003565,Holywood_and_Clandeboye_K3,NORTH DOWN,26.47,36.2,340.0
N20003566,Holywood_and_Clandeboye_H6,NORTH DOWN,27.97,37.7,307.0
N20003567,Holywood_and_Clandeboye_K4,NORTH DOWN,26.78,36.5,460.0
N20003568,Holywood_and_Clandeboye_J2,NORTH DOWN,13.89,23.6,521.0
N20003569,Holywood_and_Clandeboye_F4,NORTH DOWN,16.35,26.0,717.0
N20003570,Holywood_and_Clandeboye_L1,NORTH DOWN,27.03,36.7,218.0
N20003571,Holywood_and_Clandeboye_L2,NORTH DOWN,22.91,32.6,372.0
N20003572,Holywood_and_Clandeboye_J3,NORTH DOWN,13.67,23.4,419.0
N20003573,Holywood_and_Clandeboye_L3,NORTH DOWN,27.18,36.9,401.0
N20003574,Holywood_and_Clandeboye_L4,NORTH DOWN,25.53,35.2,351.0
N20003575,Holywood_and_Clandeboye_K5,NORTH DOWN,25.04,34.7,301.0
N20003576,Holywood_and_Clandeboye_L5,NORTH DOWN,24.33,34.0,382.0
N20003577,Holywood_and_Clandeboye_L6,NORTH DOWN,23.97,33.7,333.0
N20003578,Bangor_West_A1,NORTH DOWN,18.85,28.5,555.0
N20003579,Bangor_West_A2,NORTH DOWN,19.96,29.6,286.0
N20003580,Bangor_West_A3,NORTH DOWN,21.65,31.3,423.0
N20003581,Bangor_West_A4,NORTH DOWN,27.28,37.0,569.0
N20003582,Bangor_West_C1,NORTH DOWN,20.34,30.0,371.0
N20003583,Bangor_West_A5,NORTH DOWN,32.7,42.4,322.0
N20003585,Bangor_West_B1,NORTH DOWN,16.92,26.6,386.0
N20003586,Bangor_West_D1,NORTH DOWN,30.12,39.8,563.0
N20003587,Bangor_West_B2,NORTH DOWN,18.95,28.6,352.0
N20003588,Bangor_West_B3,NORTH DOWN,17.18,26.9,330.0
N20003589,Bangor_West_C2,NORTH DOWN,20.62,30.3,422.0
N20003590,Bangor_West_D2,NORTH DOWN,26.44,36.1,226.0
N20003591,Bangor_West_E1,NORTH DOWN,17.8,27.5,217.0
N20003592,Bangor_West_F1,NORTH DOWN,21.98,31.7,356.0
N20003593,Bangor_West_D3,NORTH DOWN,20.68,30.4,258.0
N20003594,Bangor_West_E2,NORTH DOWN,16.95,26.6,430.0
N20003595,Bangor_West_C3,NORTH DOWN,17.76,27.5,481.0
N20003596,Bangor_West_F2,NORTH DOWN,20.21,29.9,360.0
N20003597,Bangor_West_D4,NORTH DOWN,24.03,33.7,245.0
N20003598,Bangor_West_C4,NORTH DOWN,15.94,25.6,281.0
N20003599,Bangor_West_F3,NORTH DOWN,23.76,33.4,437.0
N20003600,Bangor_West_E3,NORTH DOWN,17.29,27.0,333.0
N20003601,Bangor_West_G1,NORTH DOWN,20.27,30.0,255.0
N20003602,Bangor_West_D5,NORTH DOWN,20.11,29.8,361.0
N20003603,Bangor_West_G2,NORTH DOWN,18.37,28.1,386.0
N20003605,Bangor_West_F4,NORTH DOWN,19.39,29.1,606.0
N20003606,Bangor_West_E5,NORTH DOWN,18.62,28.3,232.0
N20003607,Bangor_West_H1,NORTH DOWN,13.18,22.9,308.0
N20003608,Bangor_West_H2,NORTH DOWN,16.12,25.8,209.0
N20003609,Bangor_West_H3,NORTH DOWN,14.51,24.2,326.0
N20003610,Bangor_West_G3,NORTH DOWN,21.34,31.0,191.0
N20003611,Bangor_West_J1,NORTH DOWN,17.79,27.5,364.0
N20003613,Bangor_West_J2,NORTH DOWN,17.93,27.6,315.0
N20003615,Bangor_West_G5,NORTH DOWN,15.78,25.5,552.0
N20003616,Bangor_West_H4,NORTH DOWN,14.77,24.5,497.0
N20003617,Bangor_West_H5,NORTH DOWN,15.24,24.9,323.0
N20003618,Bangor_West_H6,NORTH DOWN,15.24,24.9,313.0
N20003619,Bangor_West_J3,NORTH DOWN,20.58,30.3,576.0
N20003620,Bangor_West_J4,NORTH DOWN,20.09,29.8,581.0
N20003622,Bangor_Central_B1,NORTH DOWN,15.02,24.7,403.0
N20003623,Bangor_Central_A2,NORTH DOWN,19.03,28.7,477.0
N20003624,Bangor_Central_A3,NORTH DOWN,24.75,34.4,516.0
N20003625,Bangor_Central_B2,NORTH DOWN,15.19,24.9,416.0
N20003626,Bangor_Central_D1,NORTH DOWN,18.05,27.7,434.0
N20003627,Bangor_Central_E1,NORTH DOWN,16.23,25.9,370.0
N20003628,Bangor_Central_C1,NORTH DOWN,23.86,33.5,432.0
N20003629,Bangor_Central_E2,NORTH DOWN,18.78,28.5,420.0
N20003631,Bangor_Central_F1,NORTH DOWN,25.09,34.8,314.0
N20003632,Bangor_Central_C2,NORTH DOWN,27.35,37.0,508.0
N20003634,Bangor_Central_E3,NORTH DOWN,16.77,26.5,360.0
N20003635,Bangor_Central_B3,NORTH DOWN,16.44,26.1,389.0
N20003636,Bangor_Central_F3,NORTH DOWN,23.63,33.3,243.0
N20003637,Bangor_Central_B4,NORTH DOWN,19.18,28.9,386.0
N20003638,Bangor_Central_E4,NORTH DOWN,20.27,30.0,375.0
N20003639,Bangor_Central_D3,NORTH DOWN,15.6,25.3,386.0
N20003640,Bangor_Central_C3,NORTH DOWN,29.16,38.8,302.0
N20003641,Bangor_Central_E5,NORTH DOWN,21.23,30.9,242.0
N20003642,Bangor_Central_C4,NORTH DOWN,28.88,38.6,309.0
N20003643,Bangor_Central_B5,NORTH DOWN,13.46,23.1,291.0
N20003644,Bangor_Central_F4,NORTH DOWN,17.3,27.0,454.0
N20003645,Bangor_Central_G1,NORTH DOWN,16.37,26.1,513.0
N20003646,Bangor_Central_G2,NORTH DOWN,13.85,23.5,406.0
N20003647,Bangor_Central_G3,NORTH DOWN,19.51,29.2,464.0
N20003648,Bangor_Central_H1,NORTH DOWN,15.56,25.2,389.0
N20003649,Bangor_Central_H2,NORTH DOWN,21.33,31.0,453.0
N20003650,Bangor_Central_J1,NORTH DOWN,16.49,26.2,692.0
N20003652,Bangor_Central_J2,NORTH DOWN,18.3,28.0,450.0
N20003653,Bangor_Central_K2,NORTH DOWN,17.89,27.6,348.0
N20003654,Bangor_Central_H3,NORTH DOWN,17.87,27.6,347.0
N20003655,Bangor_Central_J3,NORTH DOWN,15.83,25.5,418.0
N20003656,Bangor_Central_K3,NORTH DOWN,16.38,26.1,325.0
N20003657,Bangor_Central_K4,NORTH DOWN,16.63,26.3,279.0
N20003658,Bangor_Central_J4,NORTH DOWN,13.43,23.1,335.0
N20003660,Bangor_Central_K5,NORTH DOWN,16.07,25.8,278.0
N20003661,Bangor_Central_P1,NORTH DOWN,18.63,28.3,330.0
N20003662,Bangor_Central_L2,NORTH DOWN,14.22,23.9,284.0
N20003663,Bangor_Central_N1,NORTH DOWN,19.16,28.8,338.0
N20003664,Bangor_Central_L3,NORTH DOWN,14.47,24.2,418.0
N20003665,Bangor_Central_L4,NORTH DOWN,16.75,26.4,191.0
N20003666,Bangor_Central_N2,NORTH DOWN,12.98,22.7,340.0
N20003667,Bangor_Central_P2,NORTH DOWN,17.04,26.7,426.0
N20003668,Bangor_Central_L5,NORTH DOWN,15.66,25.4,368.0
N20003669,Bangor_Central_P3,NORTH DOWN,17.37,27.1,498.0
N20003670,Bangor_Central_N3,NORTH DOWN,16.97,26.7,297.0
N20003671,Bangor_Central_N4,NORTH DOWN,17.97,27.7,284.0
N20003672,Bangor_Central_P4,NORTH DOWN,16.72,26.4,251.0
N20003673,Bangor_Central_Q1,NORTH DOWN,15.37,25.1,527.0
N20003675,Bangor_Central_P5,NORTH DOWN,14.58,24.3,323.0
N20003676,Bangor_Central_Q3,NORTH DOWN,17.42,27.1,391.0
N20003677,Bangor_Central_Q4,NORTH DOWN,15.38,25.1,309.0
N20003678,Bangor_Central_Q5,NORTH DOWN,17.91,27.6,353.0
N20003680,Bangor_East_and_Donaghadee_A1,NORTH DOWN,15.05,24.7,444.0
N20003682,Bangor_East_and_Donaghadee_A3,NORTH DOWN,13.61,23.3,327.0
N20003683,Bangor_East_and_Donaghadee_B1,NORTH DOWN,13.54,23.2,270.0
N20003684,Bangor_East_and_Donaghadee_B2,NORTH DOWN,14.18,23.9,451.0
N20003686,Bangor_East_and_Donaghadee_B3,NORTH DOWN,17.07,26.8,268.0
N20003687,Bangor_East_and_Donaghadee_B4,NORTH DOWN,14.74,24.4,324.0
N20003688,Bangor_East_and_Donaghadee_C1,NORTH DOWN,12.41,22.1,302.0
N20003689,Bangor_East_and_Donaghadee_B5,NORTH DOWN,17.43,27.1,294.0
N20003690,Bangor_East_and_Donaghadee_B6,NORTH DOWN,13.16,22.8,283.0
N20003691,Bangor_East_and_Donaghadee_B7,NORTH DOWN,15.19,24.9,354.0
N20003692,Bangor_East_and_Donaghadee_D1,NORTH DOWN,12.71,22.4,171.0
N20003694,Bangor_East_and_Donaghadee_D2,NORTH DOWN,15.31,25.0,353.0
N20003695,Bangor_East_and_Donaghadee_D3,NORTH DOWN,15.59,25.3,445.0
N20003696,Bangor_East_and_Donaghadee_F1,NORTH DOWN,15.15,24.8,491.0
N20003697,Bangor_East_and_Donaghadee_F2,NORTH DOWN,15.4,25.1,461.0
N20003698,Bangor_East_and_Donaghadee_G1,NORTH DOWN,15.34,25.0,516.0
N20003699,Bangor_East_and_Donaghadee_G2,NORTH DOWN,16.84,26.5,372.0
N20003700,Bangor_East_and_Donaghadee_C3,NORTH DOWN,13.81,23.5,518.0
N20003701,Bangor_East_and_Donaghadee_F3,NORTH DOWN,16.34,26.0,447.0
N20003703,Bangor_East_and_Donaghadee_G3,NORTH DOWN,18.47,28.2,309.0
N20003704,Bangor_East_and_Donaghadee_C4,NORTH DOWN,11.95,21.6,445.0
N20003705,Bangor_East_and_Donaghadee_G4,NORTH DOWN,15.66,25.3,389.0
N20003706,Bangor_East_and_Donaghadee_F5,NORTH DOWN,14.55,24.2,350.0
N20003707,Bangor_East_and_Donaghadee_J1,NORTH DOWN,14.04,23.7,326.0
N20003708,Bangor_East_and_Donaghadee_G5,NORTH DOWN,18.04,27.7,543.0
N20003709,Bangor_East_and_Donaghadee_G6,NORTH DOWN,17.06,26.7,479.0
N20003710,Bangor_East_and_Donaghadee_H1,NORTH DOWN,18.54,28.2,191.0
N20003711,Bangor_East_and_Donaghadee_J2,NORTH DOWN,15.45,25.1,214.0
N20003712,Bangor_East_and_Donaghadee_H2,NORTH DOWN,15.88,25.6,540.0
N20003714,Bangor_East_and_Donaghadee_H3,NORTH DOWN,13.56,23.2,516.0
N20003715,Bangor_East_and_Donaghadee_J4,NORTH DOWN,14.33,24.0,242.0
N20003716,Bangor_East_and_Donaghadee_H4,NORTH DOWN,16.79,26.5,452.0
N20003717,Bangor_East_and_Donaghadee_H5,NORTH DOWN,18.15,27.8,332.0
N20003718,Bangor_East_and_Donaghadee_J5,NORTH DOWN,15.32,25.0,384.0
N20003719,Bangor_East_and_Donaghadee_H6,NORTH DOWN,17.3,27.0,605.0
N20003720,Bangor_East_and_Donaghadee_J6,NORTH DOWN,12.95,22.6,325.0
N20003721,Bangor_East_and_Donaghadee_E3,NORTH DOWN,14.39,24.1,349.0
N20003723,Bangor_East_and_Donaghadee_J7,NORTH DOWN,12.6,22.3,283.0
N20003724,Bangor_East_and_Donaghadee_K2,NORTH DOWN,10.64,20.3,276.0
N20003725,Bangor_East_and_Donaghadee_K3,NORTH DOWN,13.37,23.1,470.0
N20003726,Bangor_East_and_Donaghadee_E4,NORTH DOWN,12.07,21.8,274.0
N20003728,Bangor_East_and_Donaghadee_K5,NORTH DOWN,14.08,23.8,563.0
N20003729,Bangor_East_and_Donaghadee_K6,NORTH DOWN,15.79,25.5,454.0
N20003730,Ards_Peninsula_C1,NORTH DOWN,12.53,22.2,360.0
N20003731,Ards_Peninsula_C2,STRANGFORD,12.9,22.6,338.0
N20003732,Ards_Peninsula_A1,NORTH DOWN,13.6,23.3,408.0
N20003735,Ards_Peninsula_A4,NORTH DOWN,10.37,20.1,426.0
N20003737,Ards_Peninsula_C3,STRANGFORD,12.05,21.7,308.0
N20003738,Ards_Peninsula_B1,STRANGFORD,12.99,22.7,547.0
N20003739,Ards_Peninsula_B2,STRANGFORD,14.87,24.6,637.0
N20003740,Ards_Peninsula_C4,STRANGFORD,11.96,21.7,424.0
N20003741,Ards_Peninsula_D1,STRANGFORD,11.75,21.4,344.0
N20003742,Ards_Peninsula_D2,STRANGFORD,11.68,21.4,285.0
N20003743,Ards_Peninsula_C5,STRANGFORD,12.54,22.2,625.0
N20003744,Ards_Peninsula_D3,STRANGFORD,13.91,23.6,350.0
N20003745,Ards_Peninsula_D4,STRANGFORD,10.65,20.3,350.0
N20003746,Ards_Peninsula_D5,STRANGFORD,13.0,22.7,423.0
N20003747,Ards_Peninsula_D6,STRANGFORD,12.95,22.6,385.0
N20003749,Ards_Peninsula_E2,STRANGFORD,11.85,21.5,282.0
N20003750,Ards_Peninsula_E3,STRANGFORD,10.43,20.1,381.0
N20003751,Ards_Peninsula_E4,STRANGFORD,10.13,19.8,327.0
N20003752,Ards_Peninsula_D7,STRANGFORD,12.69,22.4,340.0
N20003753,Ards_Peninsula_E5,STRANGFORD,13.69,23.4,309.0
N20003754,Ards_Peninsula_F1,STRANGFORD,11.54,21.2,387.0
N20003755,Ards_Peninsula_F2,STRANGFORD,14.9,24.6,395.0
N20003756,Ards_Peninsula_F3,STRANGFORD,40.28,50.0,436.0
N20003757,Ards_Peninsula_G1,STRANGFORD,15.06,24.8,512.0
N20003758,Ards_Peninsula_G2,STRANGFORD,13.04,22.7,587.0
N20003759,Ards_Peninsula_F4,STRANGFORD,48.32,58.0,359.0
N20003761,Ards_Peninsula_H2,STRANGFORD,24.71,34.4,520.0
N20003762,Ards_Peninsula_J1,STRANGFORD,12.48,22.2,293.0
N20003764,Ards_Peninsula_J2,STRANGFORD,8.51,18.2,325.0
N20003766,Ards_Peninsula_J4,STRANGFORD,12.05,21.7,489.0
N20003767,Ards_Peninsula_H4,STRANGFORD,20.6,30.3,323.0
N20003768,Ards_Peninsula_J5,STRANGFORD,10.98,20.7,396.0
N20003769,Ards_Peninsula_K1,STRANGFORD,28.9,38.6,348.0
N20003770,Ards_Peninsula_K2,STRANGFORD,21.43,31.1,324.0
N20003771,Ards_Peninsula_L1,STRANGFORD,39.31,49.0,605.0
N20003772,Ards_Peninsula_K3,STRANGFORD,27.22,36.9,394.0
N20003773,Ards_Peninsula_L2,STRANGFORD,49.05,58.7,567.0
N20003774,Ards_Peninsula_L3,STRANGFORD,43.63,53.3,350.0
N20003776,Ards_Peninsula_N2,STRANGFORD,64.09,73.8,370.0
N20003777,Ards_Peninsula_N3,STRANGFORD,63.33,73.0,361.0
N20003779,Ards_Peninsula_N5,STRANGFORD,55.76,65.4,399.0
N20003780,Ards_Peninsula_L4,STRANGFORD,44.92,54.6,382.0
