DZ21,label,con,yes,pop
N20000001,Dunsilly_A1,SOUTH ANTRIM,19.74,594.0
N20000004,Dunsilly_A3,SOUTH ANTRIM,43.79,520.0
N20000005,Dunsilly_B2,SOUTH ANTRIM,16.66,556.0
N20000006,Dunsilly_A4,SOUTH ANTRIM,36.91,357.0
N20000007,Dunsilly_C1,SOUTH ANTRIM,73.93,714.0
N20000008,Dunsilly_A5,SOUTH ANTRIM,49.15,512.0
N20000009,Dunsilly_A6,SOUTH ANTRIM,25.36,313.0
N20000010,Dunsilly_B3,SOUTH ANTRIM,17.26,443.0
N20000011,Dunsilly_D1,SOUTH ANTRIM,32.46,409.0
N20000012,Dunsilly_D2,SOUTH ANTRIM,26.13,448.0
N20000013,Dunsilly_F1,SOUTH ANTRIM,34.78,359.0
N20000015,Dunsilly_C2,SOUTH ANTRIM,77.12,451.0
N20000016,Dunsilly_E1,SOUTH ANTRIM,52.88,360.0
N20000017,Dunsilly_E2,SOUTH ANTRIM,75.74,527.0
N20000018,Dunsilly_E3,SOUTH ANTRIM,73.38,376.0
N20000019,Dunsilly_D4,SOUTH ANTRIM,45.61,351.0
N20000020,Dunsilly_D5,SOUTH ANTRIM,50.89,452.0
N20000022,Dunsilly_C3,SOUTH ANTRIM,79.04,307.0
N20000023,Dunsilly_D6,SOUTH ANTRIM,54.35,401.0
N20000025,Dunsilly_F2,SOUTH ANTRIM,45.92,263.0
N20000026,Dunsilly_B4,SOUTH ANTRIM,14.95,481.0
N20000027,Dunsilly_F3,SOUTH ANTRIM,50.34,361.0
N20000028,Dunsilly_F4,SOUTH ANTRIM,53.85,432.0
N20000030,Dunsilly_B5,SOUTH ANTRIM,21.09,402.0
N20000031,Dunsilly_B6,SOUTH ANTRIM,16.67,450.0
N20000032,Dunsilly_F6,SOUTH ANTRIM,73.52,349.0
N20000033,Dunsilly_F7,SOUTH ANTRIM,72.73,415.0
N20000034,Dunsilly_F8,SOUTH ANTRIM,73.89,335.0
N20000035,Antrim_A1,SOUTH ANTRIM,51.73,495.0
N20000036,Antrim_A2,SOUTH ANTRIM,52.82,263.0
N20000037,Antrim_A3,SOUTH ANTRIM,52.12,288.0
N20000038,Antrim_B1,SOUTH ANTRIM,45.62,491.0
N20000039,Antrim_B2,SOUTH ANTRIM,37.62,437.0
N20000040,Antrim_A4,SOUTH ANTRIM,59.38,243.0
N20000041,Antrim_C1,SOUTH ANTRIM,43.15,735.0
N20000042,Antrim_B3,SOUTH ANTRIM,46.19,473.0
N20000043,Antrim_D1,SOUTH ANTRIM,44.22,551.0
N20000044,Antrim_C2,SOUTH ANTRIM,44.83,391.0
N20000045,Antrim_C3,SOUTH ANTRIM,48.51,386.0
N20000046,Antrim_D2,SOUTH ANTRIM,30.57,446.0
N20000047,Antrim_D3,SOUTH ANTRIM,35.78,424.0
N20000048,Antrim_C4,SOUTH ANTRIM,45.54,487.0
N20000049,Antrim_G1,SOUTH ANTRIM,57.04,489.0
N20000051,Antrim_F1,SOUTH ANTRIM,66.89,371.0
N20000052,Antrim_F2,SOUTH ANTRIM,37.26,399.0
N20000053,Antrim_E2,SOUTH ANTRIM,47.18,317.0
N20000054,Antrim_D4,SOUTH ANTRIM,27.9,412.0
N20000055,Antrim_E3,SOUTH ANTRIM,29.19,260.0
N20000056,Antrim_E4,SOUTH ANTRIM,40.87,356.0
N20000057,Antrim_G2,SOUTH ANTRIM,49.01,392.0
N20000058,Antrim_H1,SOUTH ANTRIM,32.29,311.0
N20000059,Antrim_F3,SOUTH ANTRIM,55.93,332.0
N20000060,Antrim_J1,SOUTH ANTRIM,44.29,285.0
N20000061,Antrim_H2,SOUTH ANTRIM,34.35,307.0
N20000062,Antrim_H3,SOUTH ANTRIM,30.01,473.0
N20000063,Antrim_G3,SOUTH ANTRIM,45.84,316.0
N20000064,Antrim_J2,SOUTH ANTRIM,38.6,351.0
N20000065,Antrim_J3,SOUTH ANTRIM,41.73,414.0
N20000066,Antrim_K1,SOUTH ANTRIM,55.1,249.0
N20000067,Antrim_K2,SOUTH ANTRIM,51.79,365.0
N20000068,Antrim_G4,SOUTH ANTRIM,38.13,369.0
N20000069,Antrim_L1,SOUTH ANTRIM,37.85,363.0
N20000070,Antrim_J4,SOUTH ANTRIM,35.13,373.0
N20000071,Antrim_G5,SOUTH ANTRIM,43.11,266.0
N20000072,Antrim_L2,SOUTH ANTRIM,33.53,447.0
N20000073,Antrim_F4,SOUTH ANTRIM,26.33,385.0
N20000074,Antrim_K3,SOUTH ANTRIM,25.68,389.0
N20000075,Antrim_L3,SOUTH ANTRIM,39.33,328.0
N20000076,Antrim_N1,SOUTH ANTRIM,47.93,310.0
N20000077,Antrim_N2,SOUTH ANTRIM,33.21,262.0
N20000078,Antrim_F5,SOUTH ANTRIM,29.7,274.0
N20000079,Antrim_K4,SOUTH ANTRIM,21.38,293.0
N20000080,Antrim_J5,SOUTH ANTRIM,33.33,509.0
N20000081,Antrim_N3,SOUTH ANTRIM,34.73,270.0
N20000082,Antrim_K5,SOUTH ANTRIM,22.37,358.0
N20000083,Antrim_N4,SOUTH ANTRIM,37.58,240.0
N20000084,Antrim_N5,SOUTH ANTRIM,40.23,262.0
N20000085,Antrim_L4,SOUTH ANTRIM,33.65,465.0
N20000086,Ballyclare_F1,SOUTH ANTRIM,15.34,492.0
N20000087,Ballyclare_A1,SOUTH ANTRIM,13.86,390.0
N20000088,Ballyclare_F2,SOUTH ANTRIM,15.18,380.0
N20000089,Ballyclare_F3,SOUTH ANTRIM,17.72,530.0
N20000090,Ballyclare_B1,SOUTH ANTRIM,19.03,601.0
N20000091,Ballyclare_A2,SOUTH ANTRIM,15.89,396.0
N20000092,Ballyclare_B2,SOUTH ANTRIM,18.98,619.0
N20000093,Ballyclare_B3,SOUTH ANTRIM,17.51,338.0
N20000094,Ballyclare_B4,SOUTH ANTRIM,18.92,299.0
N20000096,Ballyclare_A3,SOUTH ANTRIM,17.64,464.0
N20000097,Ballyclare_B5,SOUTH ANTRIM,15.76,502.0
N20000100,Ballyclare_F4,SOUTH ANTRIM,14.28,593.0
N20000101,Ballyclare_D2,SOUTH ANTRIM,15.65,369.0
N20000102,Ballyclare_D3,SOUTH ANTRIM,20.64,363.0
N20000103,Ballyclare_C2,SOUTH ANTRIM,21.14,312.0
N20000104,Ballyclare_C3,SOUTH ANTRIM,20.14,387.0
N20000105,Ballyclare_C4,SOUTH ANTRIM,25.18,322.0
N20000106,Ballyclare_D4,SOUTH ANTRIM,17.47,342.0
N20000107,Ballyclare_D5,SOUTH ANTRIM,24.1,323.0
N20000108,Ballyclare_C5,SOUTH ANTRIM,21.87,301.0
N20000109,Ballyclare_E1,SOUTH ANTRIM,15.55,439.0
N20000110,Ballyclare_E2,SOUTH ANTRIM,15.82,507.0
N20000111,Ballyclare_E3,SOUTH ANTRIM,16.6,472.0
N20000112,Ballyclare_C6,SOUTH ANTRIM,18.66,262.0
N20000113,Ballyclare_D6,SOUTH ANTRIM,19.19,326.0
N20000114,Ballyclare_E4,SOUTH ANTRIM,16.48,368.0
N20000115,Ballyclare_E5,SOUTH ANTRIM,18.58,593.0
N20000116,Ballyclare_G1,SOUTH ANTRIM,20.69,255.0
N20000117,Ballyclare_G2,SOUTH ANTRIM,15.48,292.0
N20000118,Ballyclare_G3,SOUTH ANTRIM,15.88,334.0
N20000119,Ballyclare_G4,SOUTH ANTRIM,17.41,270.0
N20000120,Ballyclare_H1,SOUTH ANTRIM,15.12,344.0
N20000121,Ballyclare_F5,SOUTH ANTRIM,17.28,578.0
N20000122,Ballyclare_H2,SOUTH ANTRIM,14.66,551.0
N20000123,Ballyclare_H3,SOUTH ANTRIM,17.4,386.0
N20000124,Three_Mile_Water_A1,SOUTH ANTRIM,19.76,385.0
N20000125,Three_Mile_Water_B1,SOUTH ANTRIM,18.4,382.0
N20000126,Three_Mile_Water_C1,EAST ANTRIM,26.61,470.0
N20000127,Three_Mile_Water_A2,SOUTH ANTRIM,19.37,165.0
N20000128,Three_Mile_Water_C2,EAST ANTRIM,24.51,555.0
N20000129,Three_Mile_Water_A3,SOUTH ANTRIM,22.94,606.0
N20000130,Three_Mile_Water_D1,SOUTH ANTRIM,20.2,462.0
N20000131,Three_Mile_Water_A4,SOUTH ANTRIM,21.32,289.0
N20000132,Three_Mile_Water_E1,EAST ANTRIM,32.73,494.0
N20000133,Three_Mile_Water_C3,EAST ANTRIM,22.7,605.0
N20000134,Three_Mile_Water_E2,EAST ANTRIM,30.7,535.0
N20000135,Three_Mile_Water_D2,SOUTH ANTRIM,23.82,465.0
N20000136,Three_Mile_Water_D3,SOUTH ANTRIM,18.0,451.0
N20000137,Three_Mile_Water_B2,EAST ANTRIM,18.81,407.0
N20000138,Three_Mile_Water_K1,EAST ANTRIM,17.85,420.0
N20000139,Three_Mile_Water_B3,SOUTH ANTRIM,19.05,400.0
N20000140,Three_Mile_Water_G1,EAST ANTRIM,43.43,609.0
N20000141,Three_Mile_Water_A5,SOUTH ANTRIM,28.66,299.0
N20000143,Three_Mile_Water_E3,EAST ANTRIM,28.8,520.0
N20000144,Three_Mile_Water_D4,SOUTH ANTRIM,27.35,311.0
N20000145,Three_Mile_Water_F2,SOUTH ANTRIM,19.9,223.0
N20000146,Three_Mile_Water_J1,EAST ANTRIM,21.71,295.0
N20000149,Three_Mile_Water_E4,EAST ANTRIM,28.44,515.0
N20000150,Three_Mile_Water_J2,EAST ANTRIM,17.96,250.0
N20000151,Three_Mile_Water_H2,SOUTH ANTRIM,23.86,513.0
N20000152,Three_Mile_Water_G2,EAST ANTRIM,35.62,333.0
N20000153,Three_Mile_Water_K2,EAST ANTRIM,17.42,467.0
N20000154,Three_Mile_Water_F4,SOUTH ANTRIM,18.69,567.0
N20000156,Three_Mile_Water_H3,SOUTH ANTRIM,25.55,541.0
N20000157,Three_Mile_Water_H4,SOUTH ANTRIM,26.01,546.0
N20000158,Three_Mile_Water_G3,EAST ANTRIM,27.75,505.0
N20000159,Three_Mile_Water_J4,EAST ANTRIM,19.68,276.0
N20000160,Three_Mile_Water_G4,EAST ANTRIM,32.53,242.0
N20000161,Three_Mile_Water_K3,EAST ANTRIM,37.56,422.0
N20000162,Three_Mile_Water_G5,EAST ANTRIM,26.52,647.0
N20000163,Three_Mile_Water_K4,EAST ANTRIM,31.07,396.0
N20000164,Macedon_A1,BELFAST NORTH,35.25,445.0
N20000165,Macedon_A2,BELFAST NORTH,22.64,377.0
N20000166,Macedon_B1,EAST ANTRIM,30.89,330.0
N20000167,Macedon_B2,EAST ANTRIM,29.3,263.0
N20000168,Macedon_C1,BELFAST NORTH,18.27,356.0
N20000169,Macedon_B3,EAST ANTRIM,56.92,360.0
N20000170,Macedon_C2,BELFAST NORTH,23.11,365.0
N20000171,Macedon_C3,EAST ANTRIM,28.2,379.0
N20000172,Macedon_B4,EAST ANTRIM,48.13,458.0
N20000173,Macedon_A3,BELFAST NORTH,44.25,516.0
N20000174,Macedon_D1,BELFAST NORTH,17.47,485.0
N20000175,Macedon_C4,BELFAST NORTH,34.93,350.0
N20000176,Macedon_C5,BELFAST NORTH,24.66,337.0
N20000177,Macedon_B5,EAST ANTRIM,52.23,292.0
N20000178,Macedon_E1,BELFAST NORTH,53.16,315.0
N20000179,Macedon_E2,BELFAST NORTH,25.89,484.0
N20000180,Macedon_D2,BELFAST NORTH,17.43,344.0
N20000181,Macedon_F1,BELFAST NORTH,19.79,326.0
N20000182,Macedon_D3,BELFAST NORTH,19.83,482.0
N20000183,Macedon_F2,BELFAST NORTH,19.54,352.0
N20000184,Macedon_F3,BELFAST NORTH,22.04,295.0
N20000185,Macedon_E3,BELFAST NORTH,23.44,207.0
N20000186,Macedon_H1,BELFAST NORTH,36.28,189.0
N20000187,Macedon_F4,BELFAST NORTH,17.27,304.0
N20000188,Macedon_H2,BELFAST NORTH,28.37,435.0
N20000189,Macedon_J1,BELFAST NORTH,17.05,440.0
N20000190,Macedon_G1,BELFAST NORTH,21.49,273.0
N20000191,Macedon_E4,BELFAST NORTH,19.34,316.0
N20000193,Macedon_G3,BELFAST NORTH,17.98,232.0
N20000194,Macedon_K1,BELFAST NORTH,21.66,260.0
N20000196,Macedon_J2,BELFAST NORTH,17.75,181.0
N20000197,Macedon_K2,BELFAST NORTH,20.36,187.0
N20000198,Macedon_K3,BELFAST NORTH,17.14,327.0
N20000200,Macedon_K4,BELFAST NORTH,19.53,458.0
N20000201,Macedon_J3,BELFAST NORTH,42.98,471.0
N20000203,Macedon_J4,BELFAST NORTH,42.6,233.0
N20000204,Macedon_J5,BELFAST NORTH,39.96,314.0
N20000205,Macedon_H3,BELFAST NORTH,30.63,284.0
N20000206,Macedon_H4,BELFAST NORTH,30.18,259.0
N20000207,Macedon_L1,BELFAST NORTH,74.1,369.0
N20000208,Macedon_L2,BELFAST NORTH,70.53,326.0
N20000209,Macedon_L3,BELFAST NORTH,75.02,362.0
N20000210,Macedon_L4,BELFAST NORTH,73.55,500.0
N20000211,Glengormley_Urban_C1,SOUTH ANTRIM,36.0,482.0
N20000212,Glengormley_Urban_A1,SOUTH ANTRIM,21.73,383.0
N20000214,Glengormley_Urban_B1,SOUTH ANTRIM,19.39,283.0
N20000215,Glengormley_Urban_C2,SOUTH ANTRIM,33.52,387.0
N20000216,Glengormley_Urban_B2,SOUTH ANTRIM,23.16,251.0
N20000217,Glengormley_Urban_A3,SOUTH ANTRIM,27.36,503.0
N20000218,Glengormley_Urban_B3,SOUTH ANTRIM,25.35,519.0
N20000219,Glengormley_Urban_C3,SOUTH ANTRIM,46.54,600.0
N20000220,Glengormley_Urban_B4,SOUTH ANTRIM,25.98,375.0
N20000221,Glengormley_Urban_D1,SOUTH ANTRIM,25.98,432.0
N20000222,Glengormley_Urban_E1,BELFAST NORTH,28.37,402.0
N20000223,Glengormley_Urban_D2,SOUTH ANTRIM,34.73,405.0
N20000224,Glengormley_Urban_B5,SOUTH ANTRIM,38.45,401.0
N20000225,Glengormley_Urban_E2,BELFAST NORTH,28.79,256.0
N20000226,Glengormley_Urban_D3,SOUTH ANTRIM,34.19,500.0
N20000227,Glengormley_Urban_C4,BELFAST NORTH,38.77,402.0
N20000228,Glengormley_Urban_E3,BELFAST NORTH,27.84,349.0
N20000229,Glengormley_Urban_E4,BELFAST NORTH,27.48,370.0
N20000230,Glengormley_Urban_D4,BELFAST NORTH,37.51,416.0
N20000231,Glengormley_Urban_F1,BELFAST NORTH,46.28,418.0
N20000232,Glengormley_Urban_G1,BELFAST NORTH,49.08,247.0
N20000233,Glengormley_Urban_F2,BELFAST NORTH,52.75,393.0
N20000234,Glengormley_Urban_G2,BELFAST NORTH,53.75,335.0
N20000235,Glengormley_Urban_G3,BELFAST NORTH,48.19,299.0
N20000236,Glengormley_Urban_H1,BELFAST NORTH,40.67,392.0
N20000237,Glengormley_Urban_H2,BELFAST NORTH,37.61,331.0
N20000238,Glengormley_Urban_F3,BELFAST NORTH,61.38,492.0
N20000239,Glengormley_Urban_G4,BELFAST NORTH,43.26,400.0
N20000240,Glengormley_Urban_F4,BELFAST NORTH,55.86,301.0
N20000241,Glengormley_Urban_G5,BELFAST NORTH,34.96,238.0
N20000242,Glengormley_Urban_H3,BELFAST NORTH,33.72,366.0
N20000243,Glengormley_Urban_J1,BELFAST NORTH,65.5,287.0
N20000244,Glengormley_Urban_J2,BELFAST NORTH,66.94,540.0
N20000245,Glengormley_Urban_J3,BELFAST NORTH,76.0,340.0
N20000246,Glengormley_Urban_K1,BELFAST NORTH,69.29,417.0
N20000247,Glengormley_Urban_K2,BELFAST NORTH,63.1,357.0
N20000249,Glengormley_Urban_J4,BELFAST NORTH,70.89,250.0
N20000250,Glengormley_Urban_J5,BELFAST NORTH,72.47,286.0
N20000251,Glengormley_Urban_L2,SOUTH ANTRIM,73.73,540.0
N20000252,Glengormley_Urban_L3,BELFAST NORTH,70.47,381.0
N20000254,Glengormley_Urban_K4,BELFAST NORTH,67.87,431.0
N20000255,Glengormley_Urban_L4,BELFAST NORTH,72.69,438.0
N20000256,Glengormley_Urban_L5,BELFAST NORTH,72.38,417.0
N20000257,Airport_A1,SOUTH ANTRIM,24.53,263.0
N20000258,Airport_B1,SOUTH ANTRIM,22.77,434.0
N20000259,Airport_A2,SOUTH ANTRIM,21.89,519.0
N20000260,Airport_A3,SOUTH ANTRIM,24.71,524.0
N20000261,Airport_C1,SOUTH ANTRIM,19.55,705.0
N20000262,Airport_C2,SOUTH ANTRIM,23.61,540.0
N20000263,Airport_B2,SOUTH ANTRIM,28.14,457.0
N20000264,Airport_B3,SOUTH ANTRIM,36.9,539.0
N20000265,Airport_D1,SOUTH ANTRIM,40.61,428.0
N20000266,Airport_C3,SOUTH ANTRIM,24.72,299.0
N20000267,Airport_D2,SOUTH ANTRIM,58.28,572.0
N20000268,Airport_F1,SOUTH ANTRIM,35.52,562.0
N20000270,Airport_E1,SOUTH ANTRIM,64.5,246.0
N20000271,Airport_D4,SOUTH ANTRIM,54.85,342.0
N20000272,Airport_E2,SOUTH ANTRIM,61.63,445.0
N20000273,Airport_E3,SOUTH ANTRIM,70.34,292.0
N20000274,Airport_G1,SOUTH ANTRIM,19.3,429.0
N20000275,Airport_E4,SOUTH ANTRIM,58.78,343.0
N20000276,Airport_E5,SOUTH ANTRIM,63.96,393.0
N20000277,Airport_E6,SOUTH ANTRIM,76.47,308.0
N20000278,Airport_C4,SOUTH ANTRIM,23.45,429.0
N20000279,Airport_F2,SOUTH ANTRIM,46.23,1112.0
N20000280,Airport_G2,SOUTH ANTRIM,23.66,523.0
N20000282,Airport_F3,SOUTH ANTRIM,50.92,363.0
N20000283,Airport_H1,SOUTH ANTRIM,66.73,534.0
N20000284,Airport_H2,SOUTH ANTRIM,70.58,477.0
N20000285,Airport_G4,SOUTH ANTRIM,37.03,510.0
N20000286,Airport_J1,SOUTH ANTRIM,74.16,420.0
N20000287,Airport_H3,SOUTH ANTRIM,76.37,559.0
N20000288,Airport_H4,SOUTH ANTRIM,57.72,386.0
N20000289,Airport_J2,SOUTH ANTRIM,66.8,272.0
N20000290,Airport_H5,SOUTH ANTRIM,62.74,224.0
N20000291,Airport_J3,SOUTH ANTRIM,60.55,277.0
N20000292,Airport_J4,SOUTH ANTRIM,75.06,446.0
N20000293,Airport_F4,SOUTH ANTRIM,55.35,446.0
N20000294,Airport_J5,SOUTH ANTRIM,75.75,584.0
N20000295,Armagh_A1,NEWRY AND ARMAGH,56.32,548.0
N20000296,Armagh_A2,NEWRY AND ARMAGH,49.37,457.0
N20000297,Armagh_A3,NEWRY AND ARMAGH,74.93,456.0
N20000298,Armagh_A4,NEWRY AND ARMAGH,75.86,515.0
N20000299,Armagh_E1,NEWRY AND ARMAGH,59.84,442.0
N20000300,Armagh_A5,NEWRY AND ARMAGH,71.89,379.0
N20000301,Armagh_E2,NEWRY AND ARMAGH,66.34,507.0
N20000303,Armagh_C1,NEWRY AND ARMAGH,78.31,519.0
N20000304,Armagh_C2,NEWRY AND ARMAGH,57.11,403.0
N20000305,Armagh_E3,NEWRY AND ARMAGH,28.26,435.0
N20000306,Armagh_B1,NEWRY AND ARMAGH,48.86,420.0
N20000307,Armagh_B2,NEWRY AND ARMAGH,48.12,341.0
N20000308,Armagh_C3,NEWRY AND ARMAGH,53.46,335.0
N20000310,Armagh_J1,NEWRY AND ARMAGH,53.6,346.0
N20000311,Armagh_B3,NEWRY AND ARMAGH,58.02,384.0
N20000312,Armagh_D2,NEWRY AND ARMAGH,68.16,586.0
N20000313,Armagh_F1,NEWRY AND ARMAGH,66.49,381.0
N20000314,Armagh_B4,NEWRY AND ARMAGH,33.71,280.0
N20000315,Armagh_C4,NEWRY AND ARMAGH,48.82,424.0
N20000316,Armagh_D3,NEWRY AND ARMAGH,73.34,364.0
N20000317,Armagh_D4,NEWRY AND ARMAGH,75.73,489.0
N20000318,Armagh_D5,NEWRY AND ARMAGH,75.94,391.0
N20000319,Armagh_F2,NEWRY AND ARMAGH,65.97,229.0
N20000320,Armagh_F3,NEWRY AND ARMAGH,36.25,407.0
N20000321,Armagh_F4,NEWRY AND ARMAGH,77.97,255.0
N20000323,Armagh_F5,NEWRY AND ARMAGH,70.16,207.0
N20000324,Armagh_C5,NEWRY AND ARMAGH,51.04,289.0
N20000325,Armagh_G1,NEWRY AND ARMAGH,46.6,331.0
N20000326,Armagh_C6,NEWRY AND ARMAGH,22.75,429.0
N20000328,Armagh_G2,NEWRY AND ARMAGH,50.69,252.0
N20000329,Armagh_G3,NEWRY AND ARMAGH,76.37,616.0
N20000330,Armagh_G4,NEWRY AND ARMAGH,71.39,456.0
N20000331,Armagh_G5,NEWRY AND ARMAGH,72.98,401.0
N20000332,Armagh_H1,NEWRY AND ARMAGH,54.97,381.0
N20000334,Armagh_H3,NEWRY AND ARMAGH,50.54,463.0
N20000335,Armagh_G6,NEWRY AND ARMAGH,73.3,245.0
N20000336,Armagh_H4,NEWRY AND ARMAGH,59.09,339.0
N20000337,Armagh_H5,NEWRY AND ARMAGH,62.09,347.0
N20000338,Armagh_J2,NEWRY AND ARMAGH,28.8,304.0
N20000339,Armagh_J3,NEWRY AND ARMAGH,59.23,424.0
N20000340,Armagh_E4,NEWRY AND ARMAGH,33.63,433.0
N20000341,Armagh_J4,NEWRY AND ARMAGH,63.05,506.0
N20000342,Armagh_E5,NEWRY AND ARMAGH,74.13,312.0
N20000343,Armagh_J5,NEWRY AND ARMAGH,49.84,496.0
N20000344,Armagh_K1,NEWRY AND ARMAGH,50.31,449.0
N20000346,Armagh_K2,NEWRY AND ARMAGH,58.13,501.0
N20000348,Armagh_L1,NEWRY AND ARMAGH,75.4,378.0
N20000350,Armagh_L3,NEWRY AND ARMAGH,78.9,443.0
N20000351,Armagh_L4,NEWRY AND ARMAGH,75.07,345.0
N20000352,Armagh_L5,NEWRY AND ARMAGH,74.27,483.0
N20000353,Armagh_K4,NEWRY AND ARMAGH,72.77,393.0
N20000354,Armagh_K5,NEWRY AND ARMAGH,68.03,574.0
N20000355,Armagh_K6,NEWRY AND ARMAGH,78.86,407.0
N20000356,Portadown_A1,UPPER BANN,49.27,559.0
N20000357,Portadown_A2,FERMANAGH AND SOUTH TYRONE,14.98,322.0
N20000358,Portadown_B1,UPPER BANN,37.23,461.0
N20000360,Portadown_B2,UPPER BANN,45.21,312.0
N20000361,Portadown_A4,FERMANAGH AND SOUTH TYRONE,57.37,495.0
N20000362,Portadown_A5,FERMANAGH AND SOUTH TYRONE,25.85,495.0
N20000364,Portadown_B4,UPPER BANN,34.81,434.0
N20000366,Portadown_B6,UPPER BANN,26.96,366.0
N20000367,Portadown_J1,NEWRY AND ARMAGH,40.43,467.0
N20000368,Portadown_R1,UPPER BANN,32.24,474.0
N20000371,Portadown_D1,UPPER BANN,77.27,478.0
N20000372,Portadown_C2,UPPER BANN,76.88,461.0
N20000373,Portadown_D2,UPPER BANN,78.1,427.0
N20000375,Portadown_D3,UPPER BANN,75.88,220.0
N20000377,Portadown_F1,UPPER BANN,39.56,388.0
N20000378,Portadown_E1,UPPER BANN,78.96,337.0
N20000379,Portadown_D5,UPPER BANN,69.07,499.0
N20000380,Portadown_C4,UPPER BANN,65.52,277.0
N20000381,Portadown_E2,UPPER BANN,76.06,419.0
N20000382,Portadown_E3,UPPER BANN,69.76,451.0
N20000383,Portadown_R2,UPPER BANN,31.44,521.0
N20000384,Portadown_H1,UPPER BANN,22.71,533.0
N20000385,Portadown_G1,UPPER BANN,24.29,263.0
N20000386,Portadown_E4,UPPER BANN,70.7,373.0
N20000387,Portadown_G2,UPPER BANN,21.13,247.0
N20000388,Portadown_G3,UPPER BANN,25.14,295.0
N20000389,Portadown_K1,UPPER BANN,31.02,521.0
N20000390,Portadown_G4,UPPER BANN,30.76,350.0
N20000392,Portadown_H2,UPPER BANN,21.26,446.0
N20000393,Portadown_F2,UPPER BANN,35.39,401.0
N20000395,Portadown_F3,UPPER BANN,51.19,476.0
N20000396,Portadown_K2,UPPER BANN,23.93,319.0
N20000397,Portadown_H3,UPPER BANN,15.72,623.0
N20000398,Portadown_L1,UPPER BANN,41.11,364.0
N20000400,Portadown_L2,UPPER BANN,50.04,389.0
N20000401,Portadown_J3,NEWRY AND ARMAGH,62.69,495.0
N20000402,Portadown_K4,UPPER BANN,28.2,553.0
N20000403,Portadown_L3,UPPER BANN,50.24,367.0
N20000404,Portadown_N1,UPPER BANN,26.89,519.0
N20000405,Portadown_N2,UPPER BANN,33.88,377.0
N20000407,Portadown_N3,UPPER BANN,24.15,317.0
N20000408,Portadown_J4,NEWRY AND ARMAGH,27.48,272.0
N20000409,Portadown_P2,UPPER BANN,15.23,192.0
N20000410,Portadown_P3,UPPER BANN,27.64,281.0
N20000411,Portadown_L4,UPPER BANN,46.0,428.0
N20000412,Portadown_P4,UPPER BANN,27.73,429.0
N20000413,Portadown_Q1,UPPER BANN,32.96,504.0
N20000414,Portadown_Q2,UPPER BANN,25.67,356.0
N20000415,Portadown_Q3,UPPER BANN,28.03,340.0
N20000416,Portadown_R3,NEWRY AND ARMAGH,35.23,522.0
N20000417,Portadown_Q4,UPPER BANN,19.29,480.0
N20000418,Portadown_J5,NEWRY AND ARMAGH,38.49,568.0
N20000419,Portadown_R4,UPPER BANN,27.63,421.0
N20000420,Portadown_R5,UPPER BANN,22.78,382.0
N20000422,Craigavon_A2,UPPER BANN,66.74,633.0
N20000423,Craigavon_A3,UPPER BANN,77.92,612.0
N20000424,Craigavon_A4,UPPER BANN,71.33,633.0
N20000425,Craigavon_B1,UPPER BANN,71.74,217.0
N20000426,Craigavon_B2,UPPER BANN,80.47,378.0
N20000427,Craigavon_B3,UPPER BANN,77.96,491.0
N20000428,Craigavon_B4,UPPER BANN,77.14,689.0
N20000429,Craigavon_B5,UPPER BANN,76.42,285.0
N20000430,Craigavon_C1,UPPER BANN,28.5,345.0
N20000431,Craigavon_E1,UPPER BANN,78.08,383.0
N20000432,Craigavon_E2,UPPER BANN,78.51,422.0
N20000433,Craigavon_C2,UPPER BANN,62.53,532.0
N20000434,Craigavon_D1,UPPER BANN,54.34,425.0
N20000435,Craigavon_D2,UPPER BANN,70.37,510.0
N20000436,Craigavon_F1,UPPER BANN,59.97,362.0
N20000437,Craigavon_D3,UPPER BANN,56.78,304.0
N20000438,Craigavon_F2,UPPER BANN,55.49,261.0
N20000439,Craigavon_E3,UPPER BANN,77.63,352.0
N20000440,Craigavon_C3,UPPER BANN,33.28,316.0
N20000441,Craigavon_C4,UPPER BANN,64.98,362.0
N20000442,Craigavon_E4,UPPER BANN,70.51,341.0
N20000443,Craigavon_F3,UPPER BANN,43.39,311.0
N20000444,Craigavon_F4,UPPER BANN,59.19,290.0
N20000445,Craigavon_E5,UPPER BANN,62.69,389.0
N20000446,Craigavon_J1,UPPER BANN,40.18,491.0
N20000447,Craigavon_F5,UPPER BANN,50.15,405.0
N20000448,Craigavon_G1,UPPER BANN,74.67,408.0
N20000449,Craigavon_G2,UPPER BANN,73.36,282.0
N20000450,Craigavon_H1,UPPER BANN,19.85,281.0
N20000451,Craigavon_J2,UPPER BANN,32.63,545.0
N20000452,Craigavon_G3,UPPER BANN,75.77,319.0
N20000453,Craigavon_G4,UPPER BANN,73.35,363.0
N20000454,Craigavon_G5,UPPER BANN,70.93,246.0
N20000455,Craigavon_F6,UPPER BANN,32.54,350.0
N20000456,Craigavon_H2,UPPER BANN,24.23,322.0
N20000457,Craigavon_J3,UPPER BANN,25.1,499.0
N20000458,Craigavon_L1,UPPER BANN,43.17,330.0
N20000459,Craigavon_H3,UPPER BANN,27.29,338.0
N20000460,Craigavon_H4,UPPER BANN,30.93,541.0
N20000461,Craigavon_J4,UPPER BANN,27.95,453.0
N20000462,Craigavon_N1,UPPER BANN,18.75,405.0
N20000463,Craigavon_K1,UPPER BANN,16.77,369.0
N20000464,Craigavon_N2,UPPER BANN,24.03,411.0
N20000465,Craigavon_L2,UPPER BANN,46.59,191.0
N20000466,Craigavon_K2,UPPER BANN,20.63,401.0
N20000467,Craigavon_L3,UPPER BANN,47.12,372.0
N20000468,Craigavon_K3,UPPER BANN,28.98,368.0
N20000469,Craigavon_P1,UPPER BANN,19.31,480.0
N20000470,Craigavon_N3,UPPER BANN,19.81,343.0
N20000472,Craigavon_N5,UPPER BANN,23.14,500.0
N20000473,Craigavon_L4,UPPER BANN,37.08,361.0
N20000474,Craigavon_P2,UPPER BANN,22.58,596.0
N20000475,Craigavon_P3,UPPER BANN,18.58,491.0
N20000476,Lurgan_A1,UPPER BANN,70.14,435.0
N20000477,Lurgan_B1,UPPER BANN,76.27,432.0
N20000478,Lurgan_A2,UPPER BANN,69.94,470.0
N20000480,Lurgan_A4,UPPER BANN,79.85,360.0
N20000481,Lurgan_B2,UPPER BANN,77.09,528.0
N20000482,Lurgan_A5,UPPER BANN,54.75,615.0
N20000483,Lurgan_C1,UPPER BANN,79.49,465.0
N20000484,Lurgan_C2,UPPER BANN,77.69,459.0
N20000488,Lurgan_B3,UPPER BANN,52.24,424.0
N20000489,Lurgan_D3,UPPER BANN,79.75,355.0
N20000490,Lurgan_E1,UPPER BANN,79.86,607.0
N20000492,Lurgan_E3,UPPER BANN,80.84,445.0
N20000493,Lurgan_C4,UPPER BANN,78.62,541.0
N20000494,Lurgan_E4,UPPER BANN,79.18,481.0
N20000495,Lurgan_D4,UPPER BANN,79.82,433.0
N20000496,Lurgan_F1,UPPER BANN,76.67,545.0
N20000498,Lurgan_E5,UPPER BANN,65.07,397.0
N20000500,Lurgan_F3,UPPER BANN,72.6,323.0
N20000501,Lurgan_H1,UPPER BANN,30.48,368.0
N20000502,Lurgan_H2,UPPER BANN,35.72,356.0
N20000503,Lurgan_G1,UPPER BANN,78.39,358.0
N20000504,Lurgan_F4,UPPER BANN,71.08,284.0
N20000505,Lurgan_G2,UPPER BANN,76.31,300.0
N20000506,Lurgan_G3,UPPER BANN,72.54,395.0
N20000507,Lurgan_H3,UPPER BANN,34.96,507.0
N20000508,Lurgan_F5,UPPER BANN,74.16,313.0
N20000509,Lurgan_G4,UPPER BANN,72.22,268.0
N20000510,Lurgan_J1,UPPER BANN,24.33,471.0
N20000512,Lurgan_K1,UPPER BANN,70.19,397.0
N20000513,Lurgan_H4,UPPER BANN,39.05,309.0
N20000514,Lurgan_P1,UPPER BANN,30.7,367.0
N20000515,Lurgan_K2,UPPER BANN,44.09,419.0
N20000516,Lurgan_L1,UPPER BANN,74.78,395.0
N20000517,Lurgan_J2,UPPER BANN,19.49,399.0
N20000518,Lurgan_J3,UPPER BANN,16.0,387.0
N20000519,Lurgan_K3,UPPER BANN,28.28,269.0
N20000520,Lurgan_J4,UPPER BANN,18.88,529.0
N20000521,Lurgan_B4,UPPER BANN,34.85,527.0
N20000522,Lurgan_N1,UPPER BANN,77.83,413.0
N20000523,Lurgan_P2,UPPER BANN,23.1,359.0
N20000524,Lurgan_L2,UPPER BANN,67.58,446.0
N20000526,Lurgan_K4,UPPER BANN,33.96,280.0
N20000527,Lurgan_Q1,UPPER BANN,39.98,402.0
N20000528,Lurgan_R1,UPPER BANN,78.64,346.0
N20000529,Lurgan_P3,UPPER BANN,28.76,342.0
N20000530,Lurgan_N2,UPPER BANN,79.27,301.0
N20000531,Lurgan_P4,UPPER BANN,18.88,327.0
N20000532,Lurgan_R2,UPPER BANN,75.1,229.0
N20000533,Lurgan_P5,UPPER BANN,23.62,283.0
N20000534,Lurgan_Q2,UPPER BANN,33.44,305.0
N20000535,Lurgan_N3,UPPER BANN,74.09,341.0
N20000536,Lurgan_R3,UPPER BANN,73.13,659.0
N20000537,Lurgan_S1,UPPER BANN,20.46,422.0
N20000538,Lurgan_N4,UPPER BANN,76.94,476.0
N20000539,Lurgan_Q3,UPPER BANN,26.73,328.0
N20000540,Lurgan_Q4,UPPER BANN,30.85,351.0
N20000542,Lurgan_S2,UPPER BANN,24.05,412.0
N20000543,Lurgan_R5,UPPER BANN,79.22,375.0
N20000544,Lurgan_T1,UPPER BANN,20.06,445.0
N20000545,Lurgan_S3,UPPER BANN,19.19,373.0
N20000546,Lurgan_T2,UPPER BANN,26.28,241.0
N20000547,Lurgan_S4,UPPER BANN,23.99,436.0
N20000548,Lurgan_T3,UPPER BANN,22.47,406.0
N20000549,Lurgan_S5,UPPER BANN,17.69,530.0
N20000550,Lurgan_T4,UPPER BANN,27.14,348.0
N20000551,Lagan_River_C1,UPPER BANN,18.04,523.0
N20000552,Lagan_River_A1,UPPER BANN,19.01,483.0
N20000553,Lagan_River_G1,UPPER BANN,21.86,547.0
N20000554,Lagan_River_A2,UPPER BANN,20.85,348.0
N20000555,Lagan_River_A3,UPPER BANN,18.3,414.0
N20000556,Lagan_River_A4,UPPER BANN,23.1,257.0
N20000557,Lagan_River_B1,UPPER BANN,16.91,376.0
N20000558,Lagan_River_B2,UPPER BANN,19.8,514.0
N20000559,Lagan_River_C2,UPPER BANN,16.1,373.0
N20000560,Lagan_River_J1,LAGAN VALLEY,26.88,270.0
N20000561,Lagan_River_B3,UPPER BANN,19.53,599.0
N20000562,Lagan_River_C3,LAGAN VALLEY,18.04,358.0
N20000563,Lagan_River_K1,LAGAN VALLEY,31.35,568.0
N20000564,Lagan_River_E1,UPPER BANN,22.62,416.0
N20000565,Lagan_River_D1,LAGAN VALLEY,28.9,456.0
N20000566,Lagan_River_F1,LAGAN VALLEY,24.79,362.0
N20000567,Lagan_River_E2,UPPER BANN,18.28,523.0
N20000568,Lagan_River_D2,LAGAN VALLEY,26.58,387.0
N20000569,Lagan_River_G2,UPPER BANN,26.36,561.0
N20000570,Lagan_River_F2,LAGAN VALLEY,31.42,353.0
N20000571,Lagan_River_D3,LAGAN VALLEY,28.54,493.0
N20000572,Lagan_River_E3,UPPER BANN,18.7,544.0
N20000573,Lagan_River_F3,LAGAN VALLEY,30.43,567.0
N20000574,Lagan_River_F4,LAGAN VALLEY,26.03,608.0
N20000575,Lagan_River_F5,LAGAN VALLEY,24.16,488.0
N20000577,Lagan_River_H2,LAGAN VALLEY,23.76,371.0
N20000578,Lagan_River_H3,LAGAN VALLEY,25.68,524.0
N20000579,Lagan_River_J2,LAGAN VALLEY,20.19,497.0
N20000580,Lagan_River_G3,UPPER BANN,24.4,637.0
N20000581,Lagan_River_G4,UPPER BANN,21.47,312.0
N20000582,Lagan_River_K2,LAGAN VALLEY,21.42,503.0
N20000583,Lagan_River_K3,LAGAN VALLEY,21.42,432.0
N20000584,Lagan_River_L1,LAGAN VALLEY,25.1,508.0
N20000585,Lagan_River_J3,UPPER BANN,24.66,387.0
N20000586,Lagan_River_J4,LAGAN VALLEY,18.65,463.0
N20000587,Lagan_River_L2,LAGAN VALLEY,22.61,570.0
N20000589,Lagan_River_N1,LAGAN VALLEY,17.02,349.0
N20000590,Lagan_River_N2,LAGAN VALLEY,33.54,364.0
N20000591,Lagan_River_N3,SOUTH DOWN,26.3,356.0
N20000592,Lagan_River_N4,SOUTH DOWN,41.39,486.0
N20000593,Lagan_River_N5,SOUTH DOWN,28.59,463.0
N20000594,Banbridge_A1,UPPER BANN,31.15,309.0
N20000595,Banbridge_A2,UPPER BANN,39.88,500.0
N20000597,Banbridge_A4,UPPER BANN,58.1,212.0
N20000598,Banbridge_B1,UPPER BANN,52.81,412.0
N20000599,Banbridge_A5,UPPER BANN,29.69,385.0
N20000600,Banbridge_B2,UPPER BANN,60.55,383.0
N20000601,Banbridge_B3,UPPER BANN,43.36,364.0
N20000602,Banbridge_B4,UPPER BANN,38.65,383.0
N20000603,Banbridge_D1,UPPER BANN,27.21,481.0
N20000604,Banbridge_C1,UPPER BANN,25.8,257.0
N20000605,Banbridge_F1,UPPER BANN,56.89,307.0
N20000606,Banbridge_F2,UPPER BANN,46.09,343.0
N20000608,Banbridge_C2,UPPER BANN,33.52,370.0
N20000609,Banbridge_C3,UPPER BANN,39.2,481.0
N20000610,Banbridge_C4,UPPER BANN,32.28,448.0
N20000611,Banbridge_D3,UPPER BANN,38.31,347.0
N20000612,Banbridge_E1,UPPER BANN,40.54,399.0
N20000613,Banbridge_E2,UPPER BANN,35.98,277.0
N20000614,Banbridge_L1,SOUTH DOWN,28.85,647.0
N20000615,Banbridge_D4,UPPER BANN,51.05,299.0
N20000616,Banbridge_D5,UPPER BANN,43.82,285.0
N20000617,Banbridge_E3,UPPER BANN,38.74,253.0
N20000618,Banbridge_E4,UPPER BANN,43.76,357.0
N20000619,Banbridge_D6,UPPER BANN,58.55,297.0
N20000620,Banbridge_E5,UPPER BANN,43.11,519.0
N20000621,Banbridge_H1,UPPER BANN,49.93,639.0
N20000622,Banbridge_D7,UPPER BANN,49.84,371.0
N20000623,Banbridge_J1,UPPER BANN,35.19,365.0
N20000624,Banbridge_G1,UPPER BANN,46.02,271.0
N20000625,Banbridge_H2,UPPER BANN,54.95,364.0
N20000627,Banbridge_H3,UPPER BANN,41.33,400.0
N20000628,Banbridge_J3,UPPER BANN,26.5,411.0
N20000629,Banbridge_F3,UPPER BANN,29.35,391.0
N20000630,Banbridge_G2,UPPER BANN,38.66,360.0
N20000631,Banbridge_E6,UPPER BANN,39.33,298.0
N20000632,Banbridge_G3,UPPER BANN,42.81,331.0
N20000633,Banbridge_J4,UPPER BANN,28.03,337.0
N20000634,Banbridge_G4,UPPER BANN,25.01,297.0
N20000635,Banbridge_J5,UPPER BANN,39.21,489.0
N20000636,Banbridge_H4,UPPER BANN,33.38,444.0
N20000637,Banbridge_K1,UPPER BANN,30.94,468.0
N20000638,Banbridge_K2,UPPER BANN,29.33,419.0
N20000639,Banbridge_H5,UPPER BANN,32.1,402.0
N20000641,Banbridge_K4,UPPER BANN,41.6,547.0
N20000642,Banbridge_F4,UPPER BANN,49.41,333.0
N20000643,Banbridge_K5,UPPER BANN,40.34,399.0
N20000645,Banbridge_L2,SOUTH DOWN,44.13,521.0
N20000646,Banbridge_N1,UPPER BANN,53.11,428.0
N20000647,Banbridge_N2,UPPER BANN,50.56,390.0
N20000648,Banbridge_L3,SOUTH DOWN,22.82,471.0
N20000649,Banbridge_N3,UPPER BANN,36.61,590.0
N20000650,Banbridge_P1,SOUTH DOWN,26.64,303.0
N20000651,Banbridge_P2,SOUTH DOWN,58.72,570.0
N20000652,Banbridge_N4,UPPER BANN,40.74,442.0
N20000653,Banbridge_L4,SOUTH DOWN,35.58,520.0
N20000654,Banbridge_N5,NEWRY AND ARMAGH,62.38,367.0
N20000655,Banbridge_P3,SOUTH DOWN,15.43,335.0
N20000656,Banbridge_P4,SOUTH DOWN,25.61,236.0
N20000657,Banbridge_L5,SOUTH DOWN,27.65,500.0
N20000658,Banbridge_P5,SOUTH DOWN,29.66,387.0
N20000659,Banbridge_Q1,SOUTH DOWN,48.55,316.0
N20000660,Banbridge_Q2,SOUTH DOWN,35.55,485.0
N20000661,Banbridge_Q3,SOUTH DOWN,43.8,417.0
N20000663,Banbridge_Q5,SOUTH DOWN,40.03,372.0
N20000664,Cusher_E1,NEWRY AND ARMAGH,16.57,505.0
N20000665,Cusher_E2,NEWRY AND ARMAGH,20.0,407.0
N20000666,Cusher_B1,NEWRY AND ARMAGH,15.33,364.0
N20000667,Cusher_A1,NEWRY AND ARMAGH,21.46,299.0
N20000668,Cusher_B2,NEWRY AND ARMAGH,20.94,181.0
N20000669,Cusher_B3,NEWRY AND ARMAGH,19.12,391.0
N20000670,Cusher_A2,NEWRY AND ARMAGH,18.37,360.0
N20000671,Cusher_B4,NEWRY AND ARMAGH,18.65,534.0
N20000672,Cusher_D1,NEWRY AND ARMAGH,19.02,271.0
N20000674,Cusher_E3,NEWRY AND ARMAGH,23.11,469.0
N20000675,Cusher_A3,NEWRY AND ARMAGH,16.8,441.0
N20000677,Cusher_B6,NEWRY AND ARMAGH,15.05,269.0
N20000678,Cusher_C1,NEWRY AND ARMAGH,19.6,470.0
N20000679,Cusher_C2,NEWRY AND ARMAGH,18.85,588.0
N20000680,Cusher_C3,NEWRY AND ARMAGH,20.7,342.0
N20000681,Cusher_E4,NEWRY AND ARMAGH,18.08,526.0
N20000682,Cusher_F1,NEWRY AND ARMAGH,23.25,404.0
N20000684,Cusher_F3,NEWRY AND ARMAGH,26.32,303.0
N20000685,Cusher_D3,NEWRY AND ARMAGH,24.25,604.0
N20000686,Cusher_F4,NEWRY AND ARMAGH,22.99,325.0
N20000687,Cusher_G1,NEWRY AND ARMAGH,18.49,384.0
N20000688,Cusher_E5,NEWRY AND ARMAGH,25.58,530.0
N20000689,Cusher_G2,NEWRY AND ARMAGH,20.06,539.0
N20000690,Cusher_G3,NEWRY AND ARMAGH,17.9,430.0
N20000691,Cusher_G4,NEWRY AND ARMAGH,17.42,445.0
N20000692,Cusher_H1,NEWRY AND ARMAGH,32.62,655.0
N20000693,Cusher_K1,NEWRY AND ARMAGH,19.76,406.0
N20000694,Cusher_H2,NEWRY AND ARMAGH,24.41,557.0
N20000695,Cusher_K2,NEWRY AND ARMAGH,20.04,525.0
N20000696,Cusher_J1,NEWRY AND ARMAGH,36.77,335.0
N20000697,Cusher_J2,NEWRY AND ARMAGH,20.57,480.0
N20000698,Cusher_J3,NEWRY AND ARMAGH,31.2,188.0
N20000699,Cusher_K3,NEWRY AND ARMAGH,36.17,422.0
N20000700,Cusher_J4,NEWRY AND ARMAGH,22.14,435.0
N20000701,Cusher_L1,NEWRY AND ARMAGH,65.85,543.0
N20000702,Cusher_K4,NEWRY AND ARMAGH,68.13,355.0
N20000703,Cusher_K5,NEWRY AND ARMAGH,18.51,477.0
N20000705,Cusher_L2,NEWRY AND ARMAGH,57.46,359.0
N20000706,Cusher_L3,NEWRY AND ARMAGH,77.47,550.0
N20000707,Cusher_L4,NEWRY AND ARMAGH,76.71,387.0
N20000708,Cusher_H4,NEWRY AND ARMAGH,34.82,424.0
N20000709,Cusher_K6,NEWRY AND ARMAGH,63.02,542.0
N20000710,Cusher_L5,NEWRY AND ARMAGH,69.0,681.0
N20000711,Oldpark_A1,BELFAST NORTH,18.57,622.0
N20000712,Oldpark_A2,BELFAST NORTH,69.84,298.0
N20000713,Oldpark_A3,BELFAST NORTH,50.08,381.0
N20000714,Oldpark_B1,BELFAST NORTH,22.62,177.0
N20000715,Oldpark_D1,BELFAST NORTH,79.13,434.0
N20000716,Oldpark_C1,BELFAST NORTH,24.9,529.0
N20000717,Oldpark_B2,BELFAST NORTH,18.4,442.0
N20000718,Oldpark_B3,BELFAST NORTH,20.45,305.0
N20000719,Oldpark_A4,BELFAST NORTH,77.09,392.0
N20000720,Oldpark_B4,BELFAST NORTH,14.7,332.0
N20000721,Oldpark_A5,BELFAST NORTH,33.76,294.0
N20000722,Oldpark_C2,BELFAST NORTH,27.3,353.0
N20000723,Oldpark_C3,BELFAST NORTH,23.69,459.0
N20000725,Oldpark_D3,BELFAST NORTH,74.31,266.0
N20000726,Oldpark_E1,BELFAST NORTH,49.43,444.0
N20000727,Oldpark_C4,BELFAST NORTH,22.36,313.0
N20000728,Oldpark_F1,BELFAST NORTH,20.81,353.0
N20000729,Oldpark_E2,BELFAST NORTH,22.73,266.0
N20000730,Oldpark_F2,BELFAST NORTH,23.0,565.0
N20000731,Oldpark_D4,BELFAST NORTH,67.57,503.0
N20000732,Oldpark_E3,BELFAST NORTH,72.92,401.0
N20000733,Oldpark_E4,BELFAST NORTH,66.73,457.0
N20000734,Oldpark_G1,BELFAST NORTH,76.76,297.0
N20000735,Oldpark_G2,BELFAST NORTH,77.33,432.0
N20000736,Oldpark_F3,BELFAST NORTH,27.55,363.0
N20000737,Oldpark_K1,BELFAST NORTH,24.87,390.0
N20000738,Oldpark_G3,BELFAST NORTH,72.19,367.0
N20000739,Oldpark_E5,BELFAST NORTH,21.46,261.0
N20000740,Oldpark_H1,BELFAST NORTH,75.26,363.0
N20000741,Oldpark_G4,BELFAST NORTH,76.19,377.0
N20000742,Oldpark_K2,BELFAST NORTH,27.75,322.0
N20000743,Oldpark_J1,BELFAST NORTH,68.17,315.0
N20000744,Oldpark_J2,BELFAST NORTH,31.19,355.0
N20000745,Oldpark_G5,BELFAST NORTH,69.91,341.0
N20000746,Oldpark_N1,BELFAST NORTH,76.89,474.0
N20000747,Oldpark_L1,BELFAST NORTH,73.03,329.0
N20000748,Oldpark_H2,BELFAST NORTH,78.67,468.0
N20000749,Oldpark_N2,BELFAST NORTH,73.66,412.0
N20000750,Oldpark_L2,BELFAST NORTH,74.74,436.0
N20000751,Oldpark_H3,BELFAST NORTH,77.51,304.0
N20000752,Oldpark_J3,BELFAST NORTH,78.58,304.0
N20000753,Oldpark_K3,BELFAST NORTH,79.06,362.0
N20000754,Oldpark_R1,BELFAST NORTH,70.52,181.0
N20000755,Oldpark_N3,BELFAST NORTH,77.49,371.0
N20000756,Oldpark_K4,BELFAST NORTH,75.53,328.0
N20000757,Oldpark_L3,BELFAST NORTH,69.99,328.0
N20000758,Oldpark_Q1,BELFAST NORTH,78.96,417.0
N20000759,Oldpark_R2,BELFAST NORTH,64.76,307.0
N20000760,Oldpark_P1,BELFAST NORTH,76.22,322.0
N20000761,Oldpark_L4,BELFAST NORTH,79.05,383.0
N20000762,Oldpark_P2,BELFAST NORTH,78.14,294.0
N20000763,Oldpark_L5,BELFAST NORTH,59.39,251.0
N20000764,Oldpark_R3,BELFAST NORTH,66.51,310.0
N20000765,Oldpark_Q2,BELFAST NORTH,75.75,277.0
N20000766,Oldpark_R4,BELFAST NORTH,75.32,237.0
N20000767,Oldpark_N4,BELFAST NORTH,68.13,439.0
N20000769,Oldpark_R5,BELFAST NORTH,70.73,325.0
N20000770,Oldpark_Q3,BELFAST NORTH,66.64,379.0
N20000771,Oldpark_S1,BELFAST NORTH,74.92,347.0
N20000772,Oldpark_U1,BELFAST NORTH,67.93,181.0
N20000774,Oldpark_U2,BELFAST NORTH,71.24,171.0
N20000775,Oldpark_R6,BELFAST NORTH,69.35,345.0
N20000776,Oldpark_Q4,BELFAST NORTH,21.52,401.0
N20000779,Oldpark_T2,BELFAST NORTH,75.74,285.0
N20000780,Oldpark_S4,BELFAST NORTH,72.54,157.0
N20000781,Oldpark_T3,BELFAST NORTH,77.27,346.0
N20000782,Oldpark_S5,BELFAST NORTH,73.65,329.0
N20000783,Oldpark_U3,BELFAST NORTH,75.56,447.0
N20000784,Oldpark_T4,BELFAST NORTH,78.97,275.0
N20000785,Oldpark_U4,BELFAST NORTH,77.81,380.0
N20000786,Oldpark_U5,BELFAST NORTH,63.61,237.0
N20000787,Castle_A1,BELFAST NORTH,74.63,421.0
N20000788,Castle_A2,BELFAST NORTH,73.11,571.0
N20000789,Castle_A3,BELFAST NORTH,64.73,398.0
N20000790,Castle_B1,BELFAST NORTH,24.4,350.0
N20000791,Castle_B2,BELFAST NORTH,56.49,396.0
N20000792,Castle_B3,BELFAST NORTH,73.32,345.0
N20000793,Castle_B4,BELFAST NORTH,69.96,426.0
N20000794,Castle_C1,BELFAST NORTH,74.19,432.0
N20000795,Castle_C2,BELFAST NORTH,37.86,530.0
N20000796,Castle_D1,BELFAST NORTH,67.98,568.0
N20000797,Castle_C3,BELFAST NORTH,53.98,447.0
N20000798,Castle_E1,BELFAST NORTH,21.37,422.0
N20000799,Castle_D2,BELFAST NORTH,69.29,441.0
N20000800,Castle_E2,BELFAST NORTH,24.05,474.0
N20000801,Castle_E3,BELFAST NORTH,24.0,409.0
N20000802,Castle_F1,BELFAST NORTH,74.91,421.0
N20000804,Castle_H1,BELFAST NORTH,59.17,290.0
N20000805,Castle_G1,BELFAST NORTH,26.11,444.0
N20000806,Castle_G2,BELFAST NORTH,17.44,387.0
N20000807,Castle_J1,BELFAST NORTH,66.97,495.0
N20000808,Castle_D3,BELFAST NORTH,71.26,401.0
N20000809,Castle_G3,BELFAST NORTH,41.57,429.0
N20000810,Castle_H2,BELFAST NORTH,69.93,339.0
N20000811,Castle_H3,BELFAST NORTH,21.12,514.0
N20000812,Castle_F3,BELFAST NORTH,75.81,252.0
N20000814,Castle_J2,BELFAST NORTH,64.28,273.0
N20000815,Castle_J3,BELFAST NORTH,73.83,313.0
N20000816,Castle_J4,BELFAST NORTH,63.48,496.0
N20000817,Castle_H5,BELFAST NORTH,55.96,624.0
N20000818,Castle_L1,BELFAST NORTH,70.69,358.0
N20000819,Castle_G4,BELFAST NORTH,48.16,300.0
N20000820,Castle_G5,BELFAST NORTH,18.06,347.0
N20000821,Castle_K1,BELFAST NORTH,40.0,275.0
N20000822,Castle_L2,BELFAST NORTH,72.4,206.0
N20000823,Castle_K2,BELFAST NORTH,36.87,416.0
N20000824,Castle_L3,BELFAST NORTH,68.46,505.0
N20000825,Castle_Q1,BELFAST NORTH,60.68,268.0
N20000826,Castle_N1,BELFAST NORTH,43.36,269.0
N20000827,Castle_J5,BELFAST NORTH,68.49,405.0
N20000828,Castle_K3,BELFAST NORTH,26.87,287.0
N20000829,Castle_K4,BELFAST NORTH,28.57,279.0
N20000830,Castle_L4,BELFAST NORTH,58.29,310.0
N20000831,Castle_N2,BELFAST NORTH,74.02,419.0
N20000832,Castle_N3,BELFAST NORTH,46.26,253.0
N20000833,Castle_R1,BELFAST NORTH,69.99,426.0
N20000834,Castle_L5,BELFAST NORTH,24.66,246.0
N20000835,Castle_P1,BELFAST NORTH,24.97,570.0
N20000836,Castle_R2,BELFAST NORTH,69.22,407.0
N20000837,Castle_P2,BELFAST NORTH,19.52,487.0
N20000838,Castle_R3,BELFAST NORTH,69.3,384.0
N20000840,Castle_R5,BELFAST NORTH,73.1,301.0
N20000841,Castle_S1,BELFAST NORTH,56.41,645.0
N20000842,Castle_T1,BELFAST NORTH,37.64,265.0
N20000843,Castle_S2,BELFAST NORTH,66.53,293.0
N20000844,Castle_T2,BELFAST NORTH,17.87,404.0
N20000845,Castle_S3,BELFAST NORTH,29.65,271.0
N20000846,Castle_U1,BELFAST NORTH,76.02,317.0
N20000847,Castle_T3,BELFAST NORTH,25.43,239.0
N20000848,Castle_U2,BELFAST NORTH,61.63,328.0
N20000849,Castle_U3,BELFAST NORTH,71.26,449.0
N20000850,Castle_T4,BELFAST NORTH,28.7,238.0
N20000851,Castle_U4,BELFAST NORTH,28.36,337.0
N20000852,Castle_U5,BELFAST NORTH,24.0,308.0
N20000853,Castle_T5,BELFAST NORTH,27.02,400.0
N20000854,Castle_Q2,BELFAST NORTH,54.87,303.0
N20000855,Castle_Q3,BELFAST NORTH,60.93,1470.0
N20000856,Titanic_A1,BELFAST EAST,18.5,362.0
N20000857,Titanic_B1,BELFAST EAST,52.88,511.0
N20000858,Titanic_A2,BELFAST EAST,20.93,369.0
N20000859,Titanic_A3,BELFAST EAST,32.27,326.0
N20000860,Titanic_C1,BELFAST EAST,16.15,426.0
N20000861,Titanic_C2,BELFAST EAST,24.33,352.0
N20000862,Titanic_C3,BELFAST EAST,27.38,382.0
N20000863,Titanic_C4,BELFAST EAST,23.65,277.0
N20000864,Titanic_C5,BELFAST EAST,31.18,151.0
N20000865,Titanic_D1,BELFAST EAST,27.42,318.0
N20000866,Titanic_D2,BELFAST EAST,30.99,325.0
N20000867,Titanic_E1,BELFAST EAST,27.86,298.0
N20000868,Titanic_D3,BELFAST EAST,28.51,292.0
N20000869,Titanic_D4,BELFAST EAST,26.31,320.0
N20000870,Titanic_F1,BELFAST EAST,20.42,311.0
N20000871,Titanic_E2,BELFAST EAST,25.15,333.0
N20000872,Titanic_D5,BELFAST EAST,38.72,377.0
N20000873,Titanic_F2,BELFAST EAST,18.78,266.0
N20000874,Titanic_F3,BELFAST EAST,22.76,221.0
N20000875,Titanic_E3,BELFAST EAST,36.18,350.0
N20000876,Titanic_G1,BELFAST EAST,31.68,236.0
N20000877,Titanic_F4,BELFAST EAST,22.36,403.0
N20000878,Titanic_J1,BELFAST EAST,45.8,243.0
N20000879,Titanic_E4,BELFAST EAST,32.06,243.0
N20000881,Titanic_G2,BELFAST EAST,27.84,405.0
N20000882,Titanic_B2,BELFAST EAST,50.62,417.0
N20000883,Titanic_G3,BELFAST EAST,28.27,341.0
N20000884,Titanic_B3,BELFAST EAST,31.27,240.0
N20000885,Titanic_B4,BELFAST EAST,34.33,312.0
N20000886,Titanic_H1,BELFAST EAST,63.5,335.0
N20000887,Titanic_H2,BELFAST EAST,78.7,499.0
N20000888,Titanic_J2,BELFAST EAST,34.91,431.0
N20000890,Titanic_K2,BELFAST EAST,31.76,378.0
N20000891,Titanic_J3,BELFAST EAST,33.75,330.0
N20000892,Titanic_N1,BELFAST EAST,23.07,424.0
N20000893,Titanic_L1,BELFAST EAST,29.46,402.0
N20000894,Titanic_H3,BELFAST EAST,57.58,397.0
N20000895,Titanic_K3,BELFAST EAST,33.04,207.0
N20000896,Titanic_H4,BELFAST EAST,74.45,519.0
N20000897,Titanic_K4,BELFAST EAST,32.98,350.0
N20000898,Titanic_Q1,BELFAST EAST,34.24,243.0
N20000899,Titanic_J4,BELFAST EAST,37.27,353.0
N20000900,Titanic_N2,BELFAST EAST,21.64,280.0
N20000901,Titanic_L2,BELFAST EAST,52.13,288.0
N20000902,Titanic_R1,BELFAST EAST,33.64,488.0
N20000903,Titanic_N3,BELFAST EAST,21.97,335.0
N20000904,Titanic_P1,BELFAST EAST,56.83,413.0
N20000905,Titanic_L3,BELFAST EAST,38.71,346.0
N20000906,Titanic_J5,BELFAST EAST,33.82,193.0
N20000907,Titanic_Q2,BELFAST EAST,36.16,362.0
N20000908,Titanic_S1,BELFAST EAST,35.0,361.0
N20000909,Titanic_R2,BELFAST EAST,25.32,556.0
N20000910,Titanic_L4,BELFAST EAST,29.26,295.0
N20000911,Titanic_N4,BELFAST EAST,17.56,233.0
N20000912,Titanic_P2,BELFAST SOUTH,41.31,286.0
N20000913,Titanic_S2,BELFAST SOUTH,36.86,246.0
N20000914,Titanic_T1,BELFAST EAST,34.91,302.0
N20000915,Titanic_T2,BELFAST EAST,31.6,216.0
N20000916,Titanic_Q3,BELFAST EAST,38.88,337.0
N20000917,Titanic_Q4,BELFAST EAST,37.11,368.0
N20000918,Titanic_P3,BELFAST SOUTH,28.86,273.0
N20000919,Titanic_T3,BELFAST EAST,26.51,329.0
N20000920,Titanic_Q5,BELFAST EAST,29.48,298.0
N20000921,Titanic_T4,BELFAST EAST,23.88,244.0
N20000922,Titanic_S3,BELFAST SOUTH,26.98,339.0
N20000923,Titanic_R3,BELFAST EAST,24.82,322.0
N20000924,Titanic_P4,BELFAST SOUTH,39.71,358.0
N20000925,Titanic_U1,BELFAST EAST,38.85,195.0
N20000926,Titanic_X1,BELFAST EAST,35.9,277.0
N20000927,Titanic_W1,BELFAST EAST,30.73,414.0
N20000928,Titanic_S4,BELFAST SOUTH,34.79,252.0
N20000929,Titanic_R4,BELFAST EAST,32.52,275.0
N20000930,Titanic_U2,BELFAST SOUTH,29.53,204.0
N20000931,Titanic_T5,BELFAST SOUTH,35.4,398.0
N20000932,Titanic_W2,BELFAST EAST,37.65,299.0
N20000933,Titanic_U3,BELFAST EAST,38.64,333.0
N20000934,Titanic_Y1,BELFAST SOUTH,44.31,416.0
N20000935,Titanic_X2,BELFAST EAST,16.43,378.0
N20000936,Titanic_W3,BELFAST EAST,24.37,417.0
N20000937,Titanic_X3,BELFAST EAST,32.28,395.0
N20000938,Titanic_U4,BELFAST SOUTH,36.59,252.0
N20000939,Titanic_Y2,BELFAST SOUTH,43.71,280.0
N20000940,Titanic_Z1,BELFAST SOUTH,38.27,269.0
N20000941,Titanic_Z2,BELFAST SOUTH,35.27,519.0
N20000942,Titanic_Y3,BELFAST SOUTH,48.2,313.0
N20000943,Titanic_Z3,BELFAST SOUTH,42.0,316.0
N20000944,Titanic_Y4,BELFAST SOUTH,59.14,322.0
N20000945,Ormiston_B1,BELFAST EAST,26.06,325.0
N20000946,Ormiston_A1,NORTH DOWN,24.67,273.0
N20000947,Ormiston_A2,BELFAST EAST,20.64,297.0
N20000948,Ormiston_B2,BELFAST EAST,22.77,274.0
N20000949,Ormiston_A3,BELFAST EAST,17.32,452.0
N20000950,Ormiston_B3,BELFAST EAST,28.29,414.0
N20000952,Ormiston_C1,BELFAST EAST,23.07,361.0
N20000953,Ormiston_C2,BELFAST EAST,19.6,482.0
N20000954,Ormiston_A5,BELFAST EAST,19.81,278.0
N20000955,Ormiston_C3,BELFAST EAST,21.14,294.0
N20000956,Ormiston_B4,BELFAST EAST,20.55,708.0
N20000957,Ormiston_D1,BELFAST EAST,22.88,359.0
N20000958,Ormiston_D2,BELFAST EAST,22.18,578.0
N20000960,Ormiston_C4,BELFAST EAST,20.54,433.0
N20000961,Ormiston_D3,BELFAST EAST,20.41,342.0
N20000962,Ormiston_D4,BELFAST EAST,18.01,533.0
N20000963,Ormiston_F2,BELFAST EAST,29.98,259.0
N20000964,Ormiston_E1,BELFAST EAST,19.31,350.0
N20000965,Ormiston_C5,BELFAST EAST,22.68,405.0
N20000966,Ormiston_E2,BELFAST EAST,31.7,350.0
N20000967,Ormiston_F3,BELFAST EAST,31.95,381.0
N20000968,Ormiston_E3,BELFAST EAST,28.47,443.0
N20000969,Ormiston_E4,BELFAST EAST,25.09,476.0
N20000970,Ormiston_G1,BELFAST EAST,29.19,432.0
N20000971,Ormiston_F4,BELFAST EAST,24.22,429.0
N20000972,Ormiston_H1,BELFAST EAST,42.21,173.0
N20000973,Ormiston_H2,BELFAST EAST,29.63,259.0
N20000974,Ormiston_G2,BELFAST EAST,23.76,335.0
N20000975,Ormiston_G3,BELFAST EAST,29.83,491.0
N20000976,Ormiston_H3,BELFAST EAST,37.83,447.0
N20000977,Ormiston_J1,BELFAST EAST,26.79,369.0
N20000978,Ormiston_J2,BELFAST EAST,32.2,329.0
N20000979,Ormiston_N1,BELFAST EAST,25.87,438.0
N20000981,Ormiston_J3,BELFAST EAST,25.73,402.0
N20000982,Ormiston_F5,BELFAST EAST,25.66,493.0
N20000983,Ormiston_G4,BELFAST EAST,25.53,510.0
N20000984,Ormiston_H4,BELFAST EAST,30.99,419.0
N20000985,Ormiston_H5,BELFAST EAST,30.21,220.0
N20000986,Ormiston_J4,BELFAST EAST,19.04,276.0
N20000987,Ormiston_K1,BELFAST EAST,20.01,409.0
N20000988,Ormiston_N2,BELFAST EAST,23.91,608.0
N20000989,Ormiston_L2,BELFAST EAST,16.96,354.0
N20000990,Ormiston_K2,BELFAST EAST,18.8,303.0
N20000991,Ormiston_J5,BELFAST EAST,20.63,282.0
N20000992,Ormiston_P1,BELFAST EAST,22.06,314.0
N20000993,Ormiston_K3,BELFAST EAST,21.53,450.0
N20000994,Ormiston_K4,BELFAST EAST,16.08,488.0
N20000995,Ormiston_R1,BELFAST EAST,30.04,599.0
N20000996,Ormiston_L3,BELFAST EAST,18.88,361.0
N20000997,Ormiston_N3,BELFAST EAST,26.85,533.0
N20000998,Ormiston_P2,BELFAST EAST,23.43,296.0
N20001000,Ormiston_Q1,BELFAST EAST,20.96,302.0
N20001001,Ormiston_N4,BELFAST EAST,23.62,389.0
N20001002,Ormiston_P3,BELFAST EAST,20.6,224.0
N20001003,Ormiston_Q2,BELFAST EAST,24.2,278.0
N20001004,Ormiston_L5,BELFAST EAST,17.81,344.0
N20001005,Ormiston_R2,BELFAST EAST,23.32,438.0
N20001006,Ormiston_P4,BELFAST EAST,23.73,501.0
N20001007,Ormiston_S1,BELFAST EAST,24.75,587.0
N20001008,Ormiston_P5,BELFAST EAST,20.42,450.0
N20001009,Ormiston_Q3,BELFAST EAST,25.11,342.0
N20001010,Ormiston_R3,BELFAST EAST,30.45,352.0
N20001013,Ormiston_S3,BELFAST EAST,19.68,444.0
N20001014,Ormiston_T2,BELFAST EAST,20.36,410.0
N20001015,Ormiston_T3,BELFAST EAST,23.28,526.0
N20001016,Ormiston_T4,BELFAST EAST,23.26,508.0
N20001017,Lisnasharragh_B1,BELFAST EAST,27.91,278.0
N20001018,Lisnasharragh_A1,BELFAST EAST,24.39,205.0
N20001019,Lisnasharragh_A2,BELFAST EAST,33.27,440.0
N20001020,Lisnasharragh_B2,BELFAST EAST,22.47,484.0
N20001021,Lisnasharragh_D1,BELFAST SOUTH,46.36,400.0
N20001022,Lisnasharragh_B3,BELFAST EAST,21.84,368.0
N20001023,Lisnasharragh_A3,BELFAST EAST,30.52,377.0
N20001024,Lisnasharragh_C1,BELFAST SOUTH,59.6,501.0
N20001025,Lisnasharragh_B4,BELFAST EAST,27.07,222.0
N20001026,Lisnasharragh_D2,BELFAST SOUTH,35.93,339.0
N20001027,Lisnasharragh_C2,BELFAST SOUTH,44.33,311.0
N20001028,Lisnasharragh_A4,BELFAST EAST,27.85,450.0
N20001029,Lisnasharragh_D3,BELFAST SOUTH,43.6,302.0
N20001030,Lisnasharragh_C3,BELFAST SOUTH,44.74,289.0
N20001031,Lisnasharragh_B5,BELFAST EAST,23.4,266.0
N20001032,Lisnasharragh_D4,BELFAST SOUTH,39.78,267.0
N20001033,Lisnasharragh_E1,BELFAST EAST,21.59,440.0
N20001034,Lisnasharragh_B6,BELFAST EAST,19.9,445.0
N20001035,Lisnasharragh_F1,BELFAST SOUTH,55.51,442.0
N20001036,Lisnasharragh_F2,BELFAST SOUTH,32.56,321.0
N20001037,Lisnasharragh_F3,BELFAST SOUTH,39.89,368.0
N20001038,Lisnasharragh_E2,BELFAST EAST,25.32,470.0
N20001039,Lisnasharragh_G1,BELFAST EAST,22.52,478.0
N20001040,Lisnasharragh_N1,BELFAST EAST,20.54,463.0
N20001041,Lisnasharragh_H1,BELFAST EAST,23.44,426.0
N20001042,Lisnasharragh_F4,BELFAST SOUTH,51.7,393.0
N20001043,Lisnasharragh_J1,BELFAST EAST,21.32,209.0
N20001044,Lisnasharragh_H2,BELFAST EAST,24.15,379.0
N20001045,Lisnasharragh_G2,BELFAST EAST,24.77,322.0
N20001046,Lisnasharragh_E3,BELFAST EAST,25.35,651.0
N20001048,Lisnasharragh_J2,BELFAST EAST,21.72,232.0
N20001049,Lisnasharragh_N2,BELFAST SOUTH,28.13,288.0
N20001050,Lisnasharragh_N3,BELFAST SOUTH,24.02,475.0
N20001051,Lisnasharragh_J3,BELFAST EAST,20.66,363.0
N20001052,Lisnasharragh_N4,BELFAST SOUTH,28.68,364.0
N20001053,Lisnasharragh_L1,BELFAST SOUTH,34.66,600.0
N20001054,Lisnasharragh_J4,BELFAST EAST,26.95,381.0
N20001056,Lisnasharragh_P1,BELFAST EAST,24.44,475.0
N20001057,Lisnasharragh_K1,BELFAST SOUTH,55.83,287.0
N20001058,Lisnasharragh_L2,BELFAST EAST,19.4,435.0
N20001059,Lisnasharragh_K2,BELFAST SOUTH,48.06,387.0
N20001060,Lisnasharragh_J5,BELFAST EAST,27.4,337.0
N20001061,Lisnasharragh_K3,BELFAST SOUTH,64.72,476.0
N20001062,Lisnasharragh_K4,BELFAST SOUTH,66.57,234.0
N20001063,Lisnasharragh_P2,BELFAST SOUTH,51.1,502.0
N20001064,Lisnasharragh_K5,BELFAST SOUTH,56.76,291.0
N20001065,Lisnasharragh_L3,BELFAST SOUTH,23.05,433.0
N20001066,Lisnasharragh_Q1,BELFAST SOUTH,56.65,526.0
N20001067,Lisnasharragh_N5,BELFAST EAST,24.16,311.0
N20001069,Lisnasharragh_P4,BELFAST SOUTH,60.15,378.0
N20001070,Lisnasharragh_Q2,BELFAST SOUTH,60.98,535.0
N20001071,Lisnasharragh_R1,BELFAST SOUTH,61.86,317.0
N20001072,Lisnasharragh_Q3,BELFAST SOUTH,61.17,439.0
N20001073,Lisnasharragh_R2,BELFAST SOUTH,67.73,439.0
N20001074,Lisnasharragh_N6,BELFAST SOUTH,42.21,351.0
N20001075,Lisnasharragh_P5,BELFAST SOUTH,59.89,358.0
N20001076,Lisnasharragh_R3,BELFAST SOUTH,63.21,514.0
N20001077,Lisnasharragh_R4,BELFAST SOUTH,47.69,530.0
N20001078,Lisnasharragh_R5,BELFAST SOUTH,45.35,241.0
N20001079,Botanic_A1,BELFAST SOUTH,61.42,304.0
N20001080,Botanic_A2,BELFAST SOUTH,61.58,1429.0
N20001081,Botanic_B1,BELFAST SOUTH,61.26,318.0
N20001082,Botanic_B2,BELFAST SOUTH,76.77,303.0
N20001083,Botanic_B3,BELFAST SOUTH,77.8,366.0
N20001084,Botanic_A3,BELFAST SOUTH,47.41,703.0
N20001085,Botanic_A4,BELFAST SOUTH,57.27,453.0
N20001086,Botanic_B4,BELFAST SOUTH,70.32,332.0
N20001087,Botanic_C1,BELFAST SOUTH,55.84,865.0
N20001088,Botanic_C2,BELFAST SOUTH,49.71,409.0
N20001089,Botanic_A5,BELFAST SOUTH,19.75,187.0
N20001090,Botanic_C3,BELFAST SOUTH,50.93,569.0
N20001091,Botanic_D1,BELFAST SOUTH,35.76,316.0
N20001092,Botanic_E1,BELFAST SOUTH,21.75,336.0
N20001093,Botanic_F1,BELFAST SOUTH,18.9,304.0
N20001094,Botanic_D2,BELFAST SOUTH,75.24,321.0
N20001095,Botanic_F2,BELFAST SOUTH,27.84,442.0
N20001096,Botanic_E2,BELFAST SOUTH,31.67,351.0
N20001097,Botanic_C4,BELFAST SOUTH,28.12,258.0
N20001098,Botanic_E3,BELFAST SOUTH,30.32,326.0
N20001099,Botanic_H1,BELFAST SOUTH,51.34,318.0
N20001100,Botanic_F3,BELFAST SOUTH,33.57,348.0
N20001101,Botanic_D3,BELFAST SOUTH,47.71,367.0
N20001102,Botanic_F4,BELFAST SOUTH,42.87,251.0
N20001103,Botanic_H2,BELFAST SOUTH,62.32,489.0
N20001104,Botanic_G1,BELFAST SOUTH,30.53,371.0
N20001105,Botanic_H3,BELFAST SOUTH,62.19,328.0
N20001106,Botanic_E4,BELFAST SOUTH,38.24,455.0
N20001108,Botanic_F5,BELFAST SOUTH,47.84,203.0
N20001109,Botanic_D4,BELFAST SOUTH,73.45,367.0
N20001110,Botanic_H5,BELFAST SOUTH,55.37,274.0
N20001111,Botanic_G2,BELFAST SOUTH,30.07,303.0
N20001112,Botanic_H6,BELFAST SOUTH,63.02,498.0
N20001113,Botanic_J1,BELFAST SOUTH,67.78,472.0
N20001114,Botanic_J2,BELFAST SOUTH,69.69,395.0
N20001115,Botanic_K1,BELFAST SOUTH,53.63,590.0
N20001116,Botanic_G3,BELFAST SOUTH,25.77,288.0
N20001117,Botanic_G4,BELFAST SOUTH,28.28,244.0
N20001118,Botanic_N1,BELFAST SOUTH,70.64,412.0
N20001119,Botanic_J3,BELFAST SOUTH,62.72,402.0
N20001120,Botanic_J4,BELFAST SOUTH,69.93,578.0
N20001121,Botanic_P1,BELFAST SOUTH,60.71,526.0
N20001122,Botanic_L1,BELFAST SOUTH,62.31,245.0
N20001123,Botanic_H7,BELFAST SOUTH,55.23,428.0
N20001124,Botanic_L2,BELFAST SOUTH,58.12,582.0
N20001125,Botanic_K2,BELFAST SOUTH,54.29,307.0
N20001126,Botanic_K3,BELFAST SOUTH,50.65,568.0
N20001127,Botanic_N2,BELFAST SOUTH,71.84,482.0
N20001128,Botanic_U1,BELFAST SOUTH,39.88,215.0
N20001129,Botanic_K4,BELFAST SOUTH,39.47,373.0
N20001130,Botanic_N3,BELFAST SOUTH,79.11,505.0
N20001131,Botanic_N4,BELFAST SOUTH,68.91,551.0
N20001132,Botanic_L3,BELFAST SOUTH,58.21,488.0
N20001133,Botanic_L4,BELFAST SOUTH,53.45,740.0
N20001134,Botanic_N5,BELFAST SOUTH,64.07,517.0
N20001135,Botanic_R1,BELFAST SOUTH,59.04,563.0
N20001136,Botanic_Q1,BELFAST SOUTH,57.79,475.0
N20001137,Botanic_R2,BELFAST SOUTH,59.76,461.0
N20001138,Botanic_T1,BELFAST SOUTH,59.31,386.0
N20001139,Botanic_R3,BELFAST SOUTH,57.63,620.0
N20001140,Botanic_S1,BELFAST SOUTH,50.23,516.0
N20001141,Botanic_T2,BELFAST SOUTH,61.89,277.0
N20001142,Botanic_Q2,BELFAST SOUTH,56.22,602.0
N20001143,Botanic_R4,BELFAST SOUTH,59.75,518.0
N20001144,Botanic_S2,BELFAST SOUTH,59.11,478.0
N20001145,Botanic_P2,BELFAST SOUTH,58.63,212.0
N20001147,Botanic_T4,BELFAST SOUTH,41.94,332.0
N20001148,Botanic_R5,BELFAST SOUTH,46.49,365.0
N20001149,Botanic_U2,BELFAST SOUTH,49.5,582.0
N20001150,Botanic_W1,BELFAST SOUTH,54.01,323.0
N20001151,Botanic_Q3,BELFAST SOUTH,58.01,520.0
N20001152,Botanic_S3,BELFAST SOUTH,56.09,321.0
N20001153,Botanic_Q4,BELFAST SOUTH,54.42,632.0
N20001154,Botanic_W2,BELFAST SOUTH,57.48,230.0
N20001155,Botanic_W3,BELFAST SOUTH,59.03,386.0
N20001156,Botanic_S4,BELFAST SOUTH,50.98,580.0
N20001157,Botanic_Q5,BELFAST SOUTH,58.99,405.0
N20001158,Botanic_P3,BELFAST SOUTH,63.23,384.0
N20001159,Botanic_W4,BELFAST SOUTH,60.96,377.0
N20001160,Botanic_W5,BELFAST SOUTH,62.67,295.0
N20001161,Botanic_U3,BELFAST SOUTH,57.83,402.0
N20001162,Botanic_X1,BELFAST SOUTH,60.78,2084.0
N20001163,Botanic_T5,BELFAST SOUTH,57.11,253.0
N20001164,Botanic_W6,BELFAST SOUTH,62.65,454.0
N20001165,Botanic_P4,BELFAST SOUTH,59.2,384.0
N20001166,Botanic_P5,BELFAST SOUTH,66.66,467.0
N20001167,Botanic_X2,BELFAST SOUTH,54.68,560.0
N20001168,Botanic_Y1,BELFAST SOUTH,55.48,436.0
N20001169,Botanic_X3,BELFAST SOUTH,55.16,417.0
N20001170,Botanic_Y2,BELFAST SOUTH,52.86,383.0
N20001171,Botanic_X4,BELFAST SOUTH,50.4,265.0
N20001172,Botanic_Y3,BELFAST SOUTH,45.28,806.0
N20001173,Botanic_Y4,BELFAST SOUTH,50.19,330.0
N20001174,Botanic_Y5,BELFAST SOUTH,53.88,433.0
N20001175,Botanic_Z1,BELFAST SOUTH,49.4,290.0
N20001176,Botanic_Z2,BELFAST SOUTH,54.17,365.0
N20001177,Botanic_Z3,BELFAST SOUTH,54.79,391.0
N20001178,Botanic_Z4,BELFAST SOUTH,50.82,443.0
N20001179,Balmoral_A1,BELFAST SOUTH,62.08,252.0
N20001180,Balmoral_A2,BELFAST SOUTH,58.59,236.0
N20001181,Balmoral_A3,BELFAST SOUTH,57.4,242.0
N20001182,Balmoral_A4,BELFAST SOUTH,56.36,375.0
N20001183,Balmoral_A5,BELFAST SOUTH,59.38,370.0
N20001184,Balmoral_B1,BELFAST SOUTH,67.15,643.0
N20001185,Balmoral_A6,BELFAST SOUTH,53.18,420.0
N20001186,Balmoral_B2,BELFAST SOUTH,64.46,474.0
N20001187,Balmoral_F1,BELFAST SOUTH,54.59,224.0
N20001188,Balmoral_F2,BELFAST SOUTH,62.64,302.0
N20001189,Balmoral_E1,BELFAST SOUTH,62.03,371.0
N20001190,Balmoral_D1,BELFAST SOUTH,76.03,452.0
N20001191,Balmoral_C1,BELFAST SOUTH,63.01,340.0
N20001192,Balmoral_D2,BELFAST SOUTH,76.97,435.0
N20001193,Balmoral_E2,BELFAST SOUTH,66.27,290.0
N20001194,Balmoral_C2,BELFAST SOUTH,46.56,263.0
N20001195,Balmoral_D3,BELFAST SOUTH,66.71,565.0
N20001196,Balmoral_E3,BELFAST SOUTH,56.36,327.0
N20001197,Balmoral_D4,BELFAST SOUTH,77.81,367.0
N20001198,Balmoral_E4,BELFAST SOUTH,58.39,395.0
N20001199,Balmoral_E5,BELFAST SOUTH,55.15,433.0
N20001200,Balmoral_F3,BELFAST SOUTH,50.73,388.0
N20001201,Balmoral_C3,BELFAST SOUTH,43.31,371.0
N20001202,Balmoral_H1,BELFAST SOUTH,63.31,316.0
N20001203,Balmoral_G1,BELFAST SOUTH,31.45,360.0
N20001204,Balmoral_H2,BELFAST SOUTH,74.07,402.0
N20001205,Balmoral_G2,BELFAST SOUTH,39.0,307.0
N20001206,Balmoral_G3,BELFAST SOUTH,25.75,140.0
N20001207,Balmoral_C4,BELFAST SOUTH,17.81,250.0
N20001208,Balmoral_J1,BELFAST SOUTH,18.67,417.0
N20001209,Balmoral_H3,BELFAST SOUTH,42.54,330.0
N20001210,Balmoral_G4,BELFAST SOUTH,26.78,387.0
N20001211,Balmoral_J2,BELFAST SOUTH,25.17,391.0
N20001212,Balmoral_H4,BELFAST SOUTH,76.82,245.0
N20001213,Balmoral_G5,BELFAST SOUTH,34.99,269.0
N20001214,Balmoral_J3,BELFAST SOUTH,40.22,346.0
N20001215,Balmoral_N1,BELFAST SOUTH,23.85,527.0
N20001216,Balmoral_J4,BELFAST SOUTH,42.01,234.0
N20001217,Balmoral_F4,BELFAST SOUTH,38.1,467.0
N20001218,Balmoral_L1,BELFAST SOUTH,51.55,296.0
N20001219,Balmoral_J5,BELFAST SOUTH,41.3,341.0
N20001220,Balmoral_N2,BELFAST SOUTH,29.84,435.0
N20001221,Balmoral_N3,BELFAST SOUTH,50.96,348.0
N20001222,Balmoral_K1,BELFAST SOUTH,24.52,299.0
N20001223,Balmoral_K2,BELFAST SOUTH,26.51,502.0
N20001224,Balmoral_F5,BELFAST SOUTH,23.74,333.0
N20001225,Balmoral_K3,BELFAST SOUTH,21.01,185.0
N20001226,Balmoral_L2,BELFAST SOUTH,44.76,369.0
N20001227,Balmoral_K4,BELFAST SOUTH,24.67,242.0
N20001228,Balmoral_P1,BELFAST SOUTH,21.44,324.0
N20001229,Balmoral_P2,BELFAST SOUTH,22.31,355.0
N20001230,Balmoral_L3,BELFAST SOUTH,60.02,496.0
N20001231,Balmoral_L4,LAGAN VALLEY,48.65,454.0
N20001232,Balmoral_P3,BELFAST SOUTH,29.69,464.0
N20001233,Balmoral_N4,BELFAST SOUTH,49.6,412.0
N20001234,Balmoral_P4,LAGAN VALLEY,38.12,355.0
N20001235,Collin_A1,BELFAST WEST,76.39,278.0
N20001239,Collin_B1,BELFAST WEST,79.87,368.0
N20001240,Collin_C1,BELFAST WEST,75.75,396.0
N20001241,Collin_E1,BELFAST WEST,81.08,473.0
N20001242,Collin_C2,BELFAST WEST,77.71,563.0
N20001246,Collin_F1,BELFAST WEST,79.6,617.0
N20001247,Collin_D3,BELFAST WEST,75.46,409.0
N20001248,Collin_E3,BELFAST WEST,77.97,299.0
N20001249,Collin_C3,BELFAST WEST,33.11,500.0
N20001250,Collin_F2,BELFAST WEST,79.64,330.0
N20001251,Collin_D4,BELFAST WEST,79.39,602.0
N20001252,Collin_E4,BELFAST WEST,79.04,408.0
N20001253,Collin_J1,BELFAST WEST,79.54,582.0
N20001254,Collin_F3,BELFAST WEST,68.72,530.0
N20001255,Collin_B2,BELFAST WEST,78.84,502.0
N20001256,Collin_G1,BELFAST WEST,79.29,366.0
N20001257,Collin_G2,BELFAST WEST,80.8,404.0
N20001258,Collin_H1,BELFAST WEST,81.13,863.0
N20001259,Collin_K1,BELFAST WEST,79.92,553.0
N20001260,Collin_J2,BELFAST WEST,78.62,365.0
N20001261,Collin_B3,BELFAST WEST,79.26,648.0
N20001262,Collin_G3,BELFAST WEST,79.05,334.0
N20001263,Collin_G4,BELFAST WEST,80.1,390.0
N20001264,Collin_H2,BELFAST WEST,78.49,710.0
N20001265,Collin_H3,BELFAST WEST,79.62,447.0
N20001266,Collin_G5,BELFAST WEST,79.06,403.0
N20001267,Collin_L1,BELFAST WEST,76.26,394.0
N20001268,Collin_B4,BELFAST WEST,79.4,382.0
N20001269,Collin_K2,BELFAST WEST,76.73,390.0
N20001270,Collin_K3,BELFAST WEST,77.57,277.0
N20001271,Collin_H4,BELFAST WEST,71.97,361.0
N20001272,Collin_N1,BELFAST WEST,79.72,482.0
N20001273,Collin_L2,BELFAST WEST,79.37,247.0
N20001274,Collin_P1,BELFAST WEST,71.3,300.0
N20001275,Collin_J3,BELFAST WEST,61.06,335.0
N20001276,Collin_K4,BELFAST WEST,77.1,357.0
N20001277,Collin_N2,BELFAST WEST,79.38,542.0
N20001278,Collin_L3,BELFAST WEST,77.93,387.0
N20001279,Collin_L4,BELFAST WEST,79.28,419.0
N20001280,Collin_J4,BELFAST WEST,66.52,263.0
N20001281,Collin_R1,BELFAST WEST,70.74,251.0
N20001282,Collin_Q1,BELFAST WEST,80.82,401.0
N20001283,Collin_P2,BELFAST WEST,77.23,293.0
N20001285,Collin_P3,BELFAST WEST,61.64,271.0
N20001286,Collin_P4,BELFAST WEST,78.28,182.0
N20001287,Collin_Q2,BELFAST WEST,78.62,309.0
N20001288,Collin_P5,BELFAST WEST,80.12,389.0
N20001289,Collin_R2,BELFAST WEST,53.63,314.0
N20001290,Collin_Q3,BELFAST WEST,81.2,902.0
N20001291,Collin_N4,BELFAST WEST,80.82,386.0
N20001292,Collin_R3,LAGAN VALLEY,34.51,438.0
N20001294,Collin_R4,LAGAN VALLEY,31.14,191.0
N20001296,Collin_R5,LAGAN VALLEY,36.49,347.0
N20001297,Black_Mountain_A1,BELFAST WEST,77.52,376.0
N20001298,Black_Mountain_A2,BELFAST WEST,79.48,476.0
N20001300,Black_Mountain_B1,BELFAST WEST,77.62,450.0
N20001301,Black_Mountain_A4,BELFAST WEST,79.7,554.0
N20001303,Black_Mountain_B2,BELFAST WEST,75.66,398.0
N20001304,Black_Mountain_B3,BELFAST WEST,77.31,401.0
N20001305,Black_Mountain_B4,BELFAST WEST,80.32,402.0
N20001306,Black_Mountain_A6,BELFAST WEST,79.73,238.0
N20001307,Black_Mountain_C1,BELFAST WEST,72.04,416.0
N20001308,Black_Mountain_D1,BELFAST WEST,79.45,696.0
N20001309,Black_Mountain_D2,BELFAST WEST,78.71,707.0
N20001310,Black_Mountain_E1,BELFAST WEST,78.68,468.0
N20001311,Black_Mountain_C2,BELFAST WEST,75.81,311.0
N20001312,Black_Mountain_C3,BELFAST WEST,73.44,319.0
N20001313,Black_Mountain_E2,BELFAST WEST,80.25,409.0
N20001314,Black_Mountain_E3,BELFAST WEST,80.46,499.0
N20001315,Black_Mountain_C4,BELFAST WEST,74.13,354.0
N20001316,Black_Mountain_E4,BELFAST WEST,77.59,381.0
N20001318,Black_Mountain_J1,BELFAST WEST,77.63,390.0
N20001319,Black_Mountain_J2,BELFAST WEST,78.66,272.0
N20001320,Black_Mountain_F2,BELFAST WEST,78.4,376.0
N20001321,Black_Mountain_J3,BELFAST WEST,76.97,463.0
N20001322,Black_Mountain_J4,BELFAST WEST,77.83,348.0
N20001323,Black_Mountain_H1,BELFAST WEST,78.93,280.0
N20001324,Black_Mountain_J5,BELFAST WEST,76.65,351.0
N20001325,Black_Mountain_F3,BELFAST WEST,80.84,579.0
N20001326,Black_Mountain_F4,BELFAST WEST,81.06,498.0
N20001327,Black_Mountain_G1,BELFAST WEST,79.85,362.0
N20001328,Black_Mountain_H2,BELFAST WEST,76.39,460.0
N20001329,Black_Mountain_G2,BELFAST WEST,78.84,238.0
N20001330,Black_Mountain_G3,BELFAST WEST,78.92,328.0
N20001333,Black_Mountain_G5,BELFAST WEST,77.62,379.0
N20001334,Black_Mountain_G6,BELFAST WEST,79.38,605.0
N20001335,Black_Mountain_K2,BELFAST WEST,79.92,262.0
N20001336,Black_Mountain_J6,BELFAST WEST,76.77,212.0
N20001338,Black_Mountain_K3,BELFAST WEST,74.95,263.0
N20001339,Black_Mountain_K4,BELFAST WEST,79.23,595.0
N20001340,Black_Mountain_H4,BELFAST WEST,78.59,344.0
N20001343,Black_Mountain_N1,BELFAST WEST,79.18,341.0
N20001345,Black_Mountain_L2,BELFAST WEST,78.43,379.0
N20001346,Black_Mountain_P1,BELFAST WEST,77.39,414.0
N20001348,Black_Mountain_N3,BELFAST WEST,78.47,367.0
N20001351,Black_Mountain_D4,BELFAST WEST,78.63,450.0
N20001352,Black_Mountain_L3,BELFAST WEST,79.13,418.0
N20001354,Black_Mountain_L4,BELFAST WEST,77.54,378.0
N20001356,Black_Mountain_Q1,BELFAST WEST,80.71,509.0
N20001358,Black_Mountain_P2,BELFAST WEST,78.39,461.0
N20001359,Black_Mountain_P3,BELFAST WEST,79.58,429.0
N20001361,Black_Mountain_R2,BELFAST WEST,80.16,441.0
N20001362,Black_Mountain_Q2,BELFAST WEST,78.89,418.0
N20001363,Black_Mountain_Q3,BELFAST WEST,78.97,506.0
N20001365,Black_Mountain_P5,BELFAST WEST,77.23,363.0
N20001366,Black_Mountain_R4,BELFAST WEST,79.53,347.0
N20001368,Black_Mountain_R6,BELFAST WEST,79.25,218.0
N20001370,Court_A1,BELFAST WEST,17.27,394.0
N20001371,Court_A2,BELFAST NORTH,36.59,384.0
N20001373,Court_A3,BELFAST NORTH,43.25,486.0
N20001375,Court_B2,BELFAST NORTH,16.97,458.0
N20001376,Court_C3,BELFAST WEST,18.98,152.0
N20001377,Court_B3,BELFAST NORTH,23.14,335.0
N20001378,Court_C4,BELFAST WEST,22.69,418.0
N20001379,Court_J1,BELFAST WEST,20.78,413.0
N20001380,Court_E1,BELFAST WEST,16.49,539.0
N20001381,Court_D1,BELFAST NORTH,14.99,564.0
N20001382,Court_B4,BELFAST NORTH,20.53,379.0
N20001383,Court_D2,BELFAST NORTH,20.52,414.0
N20001384,Court_F1,BELFAST NORTH,19.3,467.0
N20001385,Court_D3,BELFAST NORTH,24.51,307.0
N20001386,Court_E2,BELFAST WEST,18.52,333.0
N20001388,Court_E3,BELFAST WEST,15.76,385.0
N20001389,Court_G2,BELFAST WEST,21.05,374.0
N20001391,Court_E4,BELFAST WEST,14.83,359.0
N20001392,Court_E5,BELFAST WEST,15.76,349.0
N20001394,Court_F2,BELFAST NORTH,23.82,291.0
N20001395,Court_G3,BELFAST NORTH,16.48,241.0
N20001396,Court_K1,BELFAST WEST,19.07,336.0
N20001397,Court_H3,BELFAST NORTH,22.71,380.0
N20001398,Court_K2,BELFAST WEST,18.3,294.0
N20001399,Court_H4,BELFAST NORTH,16.69,445.0
N20001400,Court_F3,BELFAST NORTH,26.09,211.0
N20001401,Court_J2,BELFAST WEST,24.51,596.0
N20001402,Court_L1,BELFAST WEST,27.41,440.0
N20001404,Court_J3,BELFAST NORTH,22.38,346.0
N20001405,Court_L3,BELFAST WEST,15.29,388.0
N20001406,Court_K3,BELFAST WEST,16.71,258.0
N20001407,Court_N1,BELFAST WEST,22.3,233.0
N20001408,Court_P1,BELFAST WEST,16.53,242.0
N20001409,Court_K4,BELFAST WEST,15.09,188.0
N20001410,Court_S1,BELFAST WEST,12.63,245.0
N20001411,Court_P2,BELFAST WEST,17.65,328.0
N20001412,Court_K5,BELFAST WEST,20.3,216.0
N20001413,Court_N2,BELFAST NORTH,29.41,434.0
N20001415,Court_P3,BELFAST WEST,16.19,238.0
N20001416,Court_R1,BELFAST WEST,15.81,399.0
N20001418,Court_Q2,BELFAST WEST,51.1,370.0
N20001420,Court_N4,BELFAST WEST,75.19,248.0
N20001421,Court_S2,BELFAST WEST,64.37,311.0
N20001422,Court_J4,BELFAST WEST,62.54,255.0
N20001423,Court_Q3,BELFAST WEST,74.95,194.0
N20001424,Court_R3,BELFAST WEST,21.87,463.0
N20001425,Court_U1,BELFAST WEST,73.27,252.0
N20001426,Court_P4,BELFAST WEST,79.07,284.0
N20001427,Court_U2,BELFAST WEST,77.89,487.0
N20001428,Court_T1,BELFAST WEST,74.04,468.0
N20001429,Court_W1,BELFAST WEST,79.54,396.0
N20001430,Court_Q4,BELFAST WEST,74.98,241.0
N20001431,Court_S3,BELFAST WEST,76.61,223.0
N20001434,Court_U3,BELFAST WEST,77.62,300.0
N20001435,Court_X1,BELFAST WEST,76.14,207.0
N20001437,Court_S5,BELFAST WEST,76.88,316.0
N20001438,Court_W3,BELFAST WEST,80.24,292.0
N20001439,Court_X2,BELFAST WEST,73.73,450.0
N20001441,Court_X3,BELFAST WEST,73.59,399.0
N20001442,Court_T3,BELFAST WEST,79.47,415.0
N20001443,Court_X4,BELFAST WEST,77.61,294.0
N20001444,Court_W4,BELFAST WEST,80.29,482.0
N20001445,Court_X5,BELFAST WEST,73.68,303.0
N20001446,Benbradagh_B1,EAST LONDONDERRY,32.71,403.0
N20001447,Benbradagh_A1,EAST LONDONDERRY,55.35,258.0
N20001449,Benbradagh_A3,EAST LONDONDERRY,50.33,375.0
N20001450,Benbradagh_A4,EAST LONDONDERRY,53.43,459.0
N20001451,Benbradagh_A5,EAST LONDONDERRY,51.49,240.0
N20001452,Benbradagh_A6,EAST LONDONDERRY,54.1,392.0
N20001453,Benbradagh_A7,EAST LONDONDERRY,61.98,355.0
N20001456,Benbradagh_C3,EAST LONDONDERRY,77.92,438.0
N20001457,Benbradagh_B2,EAST LONDONDERRY,23.96,384.0
N20001458,Benbradagh_D1,EAST LONDONDERRY,58.42,436.0
N20001460,Benbradagh_D2,EAST LONDONDERRY,66.96,313.0
N20001461,Benbradagh_D3,EAST LONDONDERRY,38.23,422.0
N20001462,Benbradagh_D4,EAST LONDONDERRY,72.23,512.0
N20001465,Benbradagh_D6,EAST LONDONDERRY,64.0,455.0
N20001466,Benbradagh_G1,EAST LONDONDERRY,56.33,638.0
N20001467,Benbradagh_E2,EAST LONDONDERRY,16.34,242.0
N20001470,Benbradagh_F2,EAST LONDONDERRY,76.14,245.0
N20001472,Benbradagh_E4,EAST LONDONDERRY,79.87,345.0
N20001473,Benbradagh_F4,EAST LONDONDERRY,79.37,477.0
N20001474,Benbradagh_F5,EAST LONDONDERRY,76.04,263.0
N20001477,Benbradagh_E5,EAST LONDONDERRY,68.3,477.0
N20001478,Benbradagh_G2,EAST LONDONDERRY,70.85,490.0
N20001480,Benbradagh_G3,EAST LONDONDERRY,66.82,361.0
N20001481,Limavady_A1,EAST LONDONDERRY,60.67,887.0
N20001482,Limavady_A2,EAST LONDONDERRY,48.82,599.0
N20001484,Limavady_A4,EAST LONDONDERRY,28.04,634.0
N20001485,Limavady_F1,EAST LONDONDERRY,31.9,389.0
N20001486,Limavady_B1,EAST LONDONDERRY,43.47,353.0
N20001487,Limavady_C1,EAST LONDONDERRY,27.68,349.0
N20001488,Limavady_B2,EAST LONDONDERRY,39.89,178.0
N20001489,Limavady_C2,EAST LONDONDERRY,34.01,567.0
N20001490,Limavady_B3,EAST LONDONDERRY,43.15,304.0
N20001491,Limavady_D1,EAST LONDONDERRY,43.72,485.0
N20001492,Limavady_D2,EAST LONDONDERRY,49.4,287.0
N20001494,Limavady_C3,EAST LONDONDERRY,46.54,364.0
N20001495,Limavady_E1,EAST LONDONDERRY,39.22,233.0
N20001496,Limavady_E2,EAST LONDONDERRY,62.41,207.0
N20001497,Limavady_D3,EAST LONDONDERRY,43.52,438.0
N20001498,Limavady_E3,EAST LONDONDERRY,49.24,373.0
N20001499,Limavady_C4,EAST LONDONDERRY,39.33,242.0
N20001501,Limavady_D4,EAST LONDONDERRY,44.84,500.0
N20001502,Limavady_C5,EAST LONDONDERRY,35.78,353.0
N20001503,Limavady_D5,EAST LONDONDERRY,43.64,355.0
N20001504,Limavady_E5,EAST LONDONDERRY,49.27,424.0
N20001505,Limavady_G1,EAST LONDONDERRY,41.48,455.0
N20001506,Limavady_D6,EAST LONDONDERRY,38.91,378.0
N20001508,Limavady_G2,EAST LONDONDERRY,44.48,583.0
N20001510,Limavady_G3,EAST LONDONDERRY,48.15,437.0
N20001512,Limavady_F3,EAST LONDONDERRY,74.63,355.0
N20001513,Limavady_F4,EAST LONDONDERRY,50.95,419.0
N20001514,Bann_A1,EAST LONDONDERRY,23.07,637.0
N20001515,Bann_A2,EAST LONDONDERRY,23.71,364.0
N20001516,Bann_B1,EAST LONDONDERRY,21.74,505.0
N20001517,Bann_B2,EAST LONDONDERRY,31.69,299.0
N20001518,Bann_B3,EAST LONDONDERRY,26.77,680.0
N20001519,Bann_B4,EAST LONDONDERRY,22.65,229.0
N20001521,Bann_C1,EAST LONDONDERRY,27.07,446.0
N20001522,Bann_C2,EAST LONDONDERRY,20.95,285.0
N20001523,Bann_C3,EAST LONDONDERRY,15.04,335.0
N20001524,Bann_C4,EAST LONDONDERRY,27.13,385.0
N20001525,Bann_C5,EAST LONDONDERRY,24.47,438.0
N20001526,Bann_D1,EAST LONDONDERRY,23.53,409.0
N20001527,Bann_D2,EAST LONDONDERRY,19.72,545.0
N20001528,Bann_D3,EAST LONDONDERRY,18.35,519.0
N20001529,Bann_D4,EAST LONDONDERRY,16.18,333.0
N20001530,Bann_E1,EAST LONDONDERRY,34.97,599.0
N20001532,Bann_D6,EAST LONDONDERRY,67.01,449.0
N20001533,Bann_E2,EAST LONDONDERRY,16.87,335.0
N20001534,Bann_D7,EAST LONDONDERRY,40.91,328.0
N20001535,Bann_F1,EAST LONDONDERRY,22.17,228.0
N20001536,Bann_F2,EAST LONDONDERRY,21.35,312.0
N20001537,Bann_F3,EAST LONDONDERRY,29.32,477.0
N20001538,Bann_G1,EAST LONDONDERRY,68.55,375.0
N20001539,Bann_E3,EAST LONDONDERRY,48.56,607.0
N20001540,Bann_H1,EAST LONDONDERRY,71.85,367.0
N20001541,Bann_H2,EAST LONDONDERRY,67.19,346.0
N20001542,Bann_G2,EAST LONDONDERRY,51.86,673.0
N20001543,Bann_H3,EAST LONDONDERRY,58.85,568.0
N20001545,Bann_G4,EAST LONDONDERRY,66.37,374.0
N20001546,Bann_G5,EAST LONDONDERRY,76.96,239.0
N20001547,Coleraine_A1,EAST LONDONDERRY,22.99,595.0
N20001548,Coleraine_B1,EAST LONDONDERRY,43.84,653.0
N20001549,Coleraine_B2,EAST LONDONDERRY,24.78,388.0
N20001550,Coleraine_A2,EAST LONDONDERRY,25.96,330.0
N20001551,Coleraine_A3,EAST LONDONDERRY,29.34,262.0
N20001552,Coleraine_C1,EAST LONDONDERRY,28.62,358.0
N20001553,Coleraine_A4,EAST LONDONDERRY,27.37,532.0
N20001554,Coleraine_A5,EAST LONDONDERRY,25.18,394.0
N20001555,Coleraine_B3,EAST LONDONDERRY,31.98,433.0
N20001556,Coleraine_C2,EAST LONDONDERRY,28.19,232.0
N20001557,Coleraine_C3,EAST LONDONDERRY,29.58,460.0
N20001558,Coleraine_B4,EAST LONDONDERRY,29.73,444.0
N20001560,Coleraine_B5,EAST LONDONDERRY,32.87,444.0
N20001561,Coleraine_E1,EAST LONDONDERRY,30.05,397.0
N20001562,Coleraine_D1,EAST LONDONDERRY,32.08,298.0
N20001563,Coleraine_C5,EAST LONDONDERRY,28.96,398.0
N20001565,Coleraine_E3,EAST LONDONDERRY,29.22,370.0
N20001566,Coleraine_C6,EAST LONDONDERRY,30.9,276.0
N20001567,Coleraine_D2,EAST LONDONDERRY,31.77,417.0
N20001568,Coleraine_F1,EAST LONDONDERRY,45.19,392.0
N20001569,Coleraine_F2,EAST LONDONDERRY,27.67,295.0
N20001570,Coleraine_D3,EAST LONDONDERRY,41.36,411.0
N20001571,Coleraine_G1,EAST LONDONDERRY,37.78,177.0
N20001572,Coleraine_E4,EAST LONDONDERRY,32.74,467.0
N20001573,Coleraine_F3,EAST LONDONDERRY,43.32,422.0
N20001574,Coleraine_G2,EAST LONDONDERRY,50.58,453.0
N20001575,Coleraine_G3,EAST LONDONDERRY,48.52,334.0
N20001576,Coleraine_G4,EAST LONDONDERRY,44.23,317.0
N20001577,Coleraine_H1,EAST LONDONDERRY,35.22,247.0
N20001578,Coleraine_G5,EAST LONDONDERRY,34.15,233.0
N20001579,Coleraine_G6,EAST LONDONDERRY,47.91,211.0
N20001580,Coleraine_F4,EAST LONDONDERRY,35.67,394.0
N20001581,Coleraine_F5,EAST LONDONDERRY,40.52,384.0
N20001582,Coleraine_H2,EAST LONDONDERRY,30.66,381.0
N20001584,Coleraine_J2,EAST LONDONDERRY,29.07,332.0
N20001585,Coleraine_K1,EAST LONDONDERRY,30.14,412.0
N20001586,Coleraine_H3,EAST LONDONDERRY,33.93,367.0
N20001587,Coleraine_K2,EAST LONDONDERRY,32.26,503.0
N20001588,Coleraine_J3,EAST LONDONDERRY,33.55,302.0
N20001590,Coleraine_H4,EAST LONDONDERRY,26.17,416.0
N20001591,Coleraine_H5,EAST LONDONDERRY,28.13,494.0
N20001593,Coleraine_J6,EAST LONDONDERRY,25.18,465.0
N20001594,Coleraine_H6,EAST LONDONDERRY,24.72,472.0
N20001595,Coleraine_K3,EAST LONDONDERRY,16.3,249.0
N20001596,Coleraine_K4,EAST LONDONDERRY,25.27,509.0
N20001597,Causeway_A1,NORTH ANTRIM,13.58,611.0
N20001599,Causeway_B1,EAST LONDONDERRY,38.37,354.0
N20001600,Causeway_C1,NORTH ANTRIM,16.02,221.0
N20001601,Causeway_C2,NORTH ANTRIM,13.37,311.0
N20001602,Causeway_J1,EAST LONDONDERRY,14.95,316.0
N20001603,Causeway_B2,EAST LONDONDERRY,36.22,352.0
N20001604,Causeway_B3,EAST LONDONDERRY,30.25,480.0
N20001605,Causeway_C3,NORTH ANTRIM,13.15,278.0
N20001606,Causeway_C4,NORTH ANTRIM,13.39,213.0
N20001607,Causeway_D1,EAST LONDONDERRY,32.44,389.0
N20001609,Causeway_E1,EAST LONDONDERRY,30.86,256.0
N20001610,Causeway_D3,EAST LONDONDERRY,28.79,446.0
N20001611,Causeway_E2,EAST LONDONDERRY,27.19,467.0
N20001612,Causeway_D4,EAST LONDONDERRY,40.93,363.0
N20001613,Causeway_E3,EAST LONDONDERRY,25.03,488.0
N20001614,Causeway_E4,EAST LONDONDERRY,27.38,412.0
N20001615,Causeway_E5,EAST LONDONDERRY,35.64,484.0
N20001616,Causeway_F1,EAST LONDONDERRY,37.47,486.0
N20001617,Causeway_J2,EAST LONDONDERRY,13.69,398.0
N20001619,Causeway_A3,NORTH ANTRIM,14.17,314.0
N20001620,Causeway_F2,EAST LONDONDERRY,35.27,294.0
N20001621,Causeway_G1,EAST LONDONDERRY,40.48,424.0
N20001622,Causeway_G2,EAST LONDONDERRY,36.11,368.0
N20001623,Causeway_F3,EAST LONDONDERRY,33.01,382.0
N20001624,Causeway_F4,EAST LONDONDERRY,33.24,371.0
N20001625,Causeway_F5,EAST LONDONDERRY,35.92,213.0
N20001626,Causeway_G3,EAST LONDONDERRY,36.4,402.0
N20001627,Causeway_K1,EAST LONDONDERRY,18.65,534.0
N20001629,Causeway_G4,EAST LONDONDERRY,33.52,276.0
N20001630,Causeway_G5,EAST LONDONDERRY,46.25,383.0
N20001632,Causeway_H3,EAST LONDONDERRY,36.14,560.0
N20001634,Causeway_K2,EAST LONDONDERRY,24.67,540.0
N20001635,Causeway_H4,EAST LONDONDERRY,42.8,506.0
N20001637,Causeway_H5,EAST LONDONDERRY,37.8,415.0
N20001638,Causeway_H6,EAST LONDONDERRY,43.04,522.0
N20001639,Causeway_L1,NORTH ANTRIM,15.1,456.0
N20001640,Causeway_K3,EAST LONDONDERRY,17.58,411.0
N20001641,Causeway_J4,EAST LONDONDERRY,16.06,229.0
N20001642,Causeway_L2,NORTH ANTRIM,13.37,383.0
N20001643,Causeway_J5,NORTH ANTRIM,17.24,304.0
N20001644,Causeway_K4,EAST LONDONDERRY,15.64,558.0
N20001645,Causeway_L3,NORTH ANTRIM,20.13,415.0
N20001647,Causeway_K5,EAST LONDONDERRY,17.78,445.0
N20001648,Causeway_L5,NORTH ANTRIM,19.15,250.0
N20001649,Causeway_L6,NORTH ANTRIM,19.49,286.0
N20001650,Causeway_L7,NORTH ANTRIM,17.4,288.0
N20001651,The_Glens_B1,NORTH ANTRIM,61.19,118.0
N20001652,The_Glens_C1,NORTH ANTRIM,48.22,435.0
N20001655,The_Glens_A3,NORTH ANTRIM,66.28,475.0
N20001656,The_Glens_A4,NORTH ANTRIM,69.6,559.0
N20001657,The_Glens_B2,NORTH ANTRIM,61.18,292.0
N20001658,The_Glens_C2,NORTH ANTRIM,25.33,485.0
N20001659,The_Glens_B3,NORTH ANTRIM,57.18,312.0
N20001660,The_Glens_A5,NORTH ANTRIM,68.31,666.0
N20001661,The_Glens_B4,NORTH ANTRIM,68.61,281.0
N20001662,The_Glens_B5,NORTH ANTRIM,63.24,358.0
N20001663,The_Glens_B6,NORTH ANTRIM,68.53,506.0
N20001664,The_Glens_B7,NORTH ANTRIM,58.72,302.0
N20001665,The_Glens_C3,NORTH ANTRIM,74.64,440.0
N20001666,The_Glens_C4,NORTH ANTRIM,31.27,420.0
N20001667,The_Glens_E1,NORTH ANTRIM,75.43,363.0
N20001669,The_Glens_D1,NORTH ANTRIM,19.32,377.0
N20001671,The_Glens_D3,NORTH ANTRIM,36.91,330.0
N20001672,The_Glens_D4,NORTH ANTRIM,15.18,487.0
N20001674,The_Glens_F1,NORTH ANTRIM,23.03,506.0
N20001675,The_Glens_E3,EAST ANTRIM,78.26,479.0
N20001676,The_Glens_F2,NORTH ANTRIM,57.6,417.0
N20001677,The_Glens_E4,EAST ANTRIM,77.3,274.0
N20001680,The_Glens_G2,EAST ANTRIM,77.62,474.0
N20001681,The_Glens_F4,NORTH ANTRIM,78.23,373.0
N20001684,The_Glens_G4,EAST ANTRIM,77.59,580.0
N20001686,Ballymoney_C1,NORTH ANTRIM,22.14,562.0
N20001687,Ballymoney_B1,NORTH ANTRIM,26.52,420.0
N20001688,Ballymoney_B2,NORTH ANTRIM,23.64,329.0
N20001689,Ballymoney_C2,NORTH ANTRIM,23.82,540.0
N20001690,Ballymoney_B3,NORTH ANTRIM,23.71,285.0
N20001691,Ballymoney_C3,NORTH ANTRIM,23.24,339.0
N20001692,Ballymoney_B4,NORTH ANTRIM,24.59,513.0
N20001693,Ballymoney_D1,NORTH ANTRIM,18.71,452.0
N20001696,Ballymoney_E1,NORTH ANTRIM,20.38,431.0
N20001697,Ballymoney_E2,NORTH ANTRIM,26.64,389.0
N20001698,Ballymoney_D3,NORTH ANTRIM,27.9,374.0
N20001699,Ballymoney_C4,NORTH ANTRIM,20.68,427.0
N20001700,Ballymoney_D4,NORTH ANTRIM,26.01,342.0
N20001702,Ballymoney_F1,NORTH ANTRIM,29.6,583.0
N20001703,Ballymoney_D5,NORTH ANTRIM,55.88,179.0
N20001704,Ballymoney_E4,NORTH ANTRIM,17.84,266.0
N20001706,Ballymoney_E5,NORTH ANTRIM,21.84,412.0
N20001707,Ballymoney_A3,NORTH ANTRIM,18.22,333.0
N20001708,Ballymoney_A4,NORTH ANTRIM,24.22,390.0
N20001710,Ballymoney_F3,NORTH ANTRIM,25.29,560.0
N20001711,Ballymoney_F4,NORTH ANTRIM,22.98,271.0
N20001712,Ballymoney_H1,NORTH ANTRIM,18.92,382.0
N20001713,Ballymoney_A5,NORTH ANTRIM,22.63,400.0
N20001714,Ballymoney_K1,NORTH ANTRIM,20.96,345.0
N20001715,Ballymoney_G1,NORTH ANTRIM,47.94,677.0
N20001716,Ballymoney_G2,NORTH ANTRIM,42.42,702.0
N20001718,Ballymoney_H2,NORTH ANTRIM,78.25,258.0
N20001719,Ballymoney_H3,NORTH ANTRIM,80.35,412.0
N20001720,Ballymoney_K3,NORTH ANTRIM,24.99,584.0
N20001721,Ballymoney_J1,NORTH ANTRIM,38.2,443.0
N20001723,Ballymoney_J2,NORTH ANTRIM,33.61,542.0
N20001725,Ballymoney_H6,NORTH ANTRIM,60.01,447.0
N20001727,Ballymoney_K5,NORTH ANTRIM,52.36,463.0
N20001728,Ballymoney_L1,NORTH ANTRIM,73.76,287.0
N20001729,Ballymoney_L2,NORTH ANTRIM,66.71,561.0
N20001731,Ballymoney_K6,NORTH ANTRIM,51.02,523.0
N20001732,The_Moor_H1,FOYLE,80.75,335.0
N20001733,The_Moor_H2,FOYLE,79.91,685.0
N20001734,The_Moor_A1,FOYLE,78.89,387.0
N20001735,The_Moor_B1,FOYLE,76.21,361.0
N20001736,The_Moor_A2,FOYLE,79.27,461.0
N20001737,The_Moor_B2,FOYLE,77.09,271.0
N20001738,The_Moor_B3,FOYLE,78.6,358.0
N20001739,The_Moor_A3,FOYLE,79.05,500.0
N20001740,The_Moor_B4,FOYLE,77.5,411.0
N20001741,The_Moor_C1,FOYLE,74.96,305.0
N20001743,The_Moor_C2,FOYLE,70.15,232.0
N20001745,The_Moor_C3,FOYLE,77.9,308.0
N20001747,The_Moor_B6,FOYLE,78.43,367.0
N20001748,The_Moor_B7,FOYLE,79.22,358.0
N20001750,The_Moor_C4,FOYLE,73.34,194.0
N20001753,The_Moor_E1,FOYLE,80.28,555.0
N20001756,The_Moor_G2,FOYLE,71.92,309.0
N20001757,The_Moor_D4,FOYLE,80.85,430.0
N20001758,The_Moor_F2,FOYLE,79.72,351.0
N20001761,The_Moor_G3,FOYLE,77.78,463.0
N20001762,The_Moor_E2,FOYLE,80.45,722.0
N20001764,The_Moor_G4,FOYLE,77.55,488.0
N20001765,The_Moor_F4,FOYLE,79.41,396.0
N20001767,The_Moor_H3,FOYLE,66.03,581.0
N20001769,Foyleside_A2,FOYLE,78.37,781.0
N20001771,Foyleside_B1,FOYLE,73.44,534.0
N20001772,Foyleside_B2,FOYLE,76.66,409.0
N20001774,Foyleside_A5,FOYLE,80.51,419.0
N20001775,Foyleside_D1,FOYLE,76.23,239.0
N20001777,Foyleside_B3,FOYLE,76.66,472.0
N20001779,Foyleside_C1,FOYLE,79.78,456.0
N20001780,Foyleside_C2,FOYLE,79.92,524.0
N20001781,Foyleside_B4,FOYLE,76.31,413.0
N20001784,Foyleside_D2,FOYLE,75.31,488.0
N20001786,Foyleside_C4,FOYLE,80.15,372.0
N20001788,Foyleside_E5,FOYLE,80.14,598.0
N20001789,Foyleside_F1,FOYLE,72.81,367.0
N20001790,Foyleside_D4,FOYLE,67.08,662.0
N20001791,Foyleside_D5,FOYLE,74.76,452.0
N20001793,Foyleside_D6,FOYLE,72.03,262.0
N20001794,Foyleside_D7,FOYLE,71.35,267.0
N20001795,Foyleside_G1,FOYLE,74.46,435.0
N20001796,Foyleside_G2,FOYLE,79.24,433.0
N20001797,Foyleside_F2,FOYLE,68.91,312.0
N20001799,Foyleside_G3,FOYLE,78.37,520.0
N20001800,Foyleside_G4,FOYLE,74.07,338.0
N20001801,Foyleside_F4,FOYLE,74.53,276.0
N20001802,Foyleside_F5,FOYLE,74.88,248.0
N20001803,Ballyarnett_A1,FOYLE,74.06,496.0
N20001804,Ballyarnett_A2,FOYLE,78.59,377.0
N20001805,Ballyarnett_A3,FOYLE,76.3,608.0
N20001806,Ballyarnett_C1,FOYLE,79.18,581.0
N20001807,Ballyarnett_A4,FOYLE,76.22,478.0
N20001809,Ballyarnett_D2,FOYLE,78.23,412.0
N20001810,Ballyarnett_D3,FOYLE,80.38,481.0
N20001811,Ballyarnett_B1,FOYLE,79.53,411.0
N20001812,Ballyarnett_C2,FOYLE,72.69,552.0
N20001813,Ballyarnett_B2,FOYLE,78.63,313.0
N20001815,Ballyarnett_B3,FOYLE,80.5,328.0
N20001817,Ballyarnett_B4,FOYLE,79.14,321.0
N20001819,Ballyarnett_F1,FOYLE,79.46,467.0
N20001820,Ballyarnett_J1,FOYLE,79.02,519.0
N20001823,Ballyarnett_E3,FOYLE,79.77,219.0
N20001824,Ballyarnett_H1,FOYLE,79.19,511.0
N20001825,Ballyarnett_H2,FOYLE,78.03,268.0
N20001826,Ballyarnett_D6,FOYLE,76.59,320.0
N20001827,Ballyarnett_F2,FOYLE,78.25,425.0
N20001829,Ballyarnett_E4,FOYLE,80.6,473.0
N20001831,Ballyarnett_F4,FOYLE,79.55,417.0
N20001833,Ballyarnett_J2,FOYLE,77.47,288.0
N20001834,Ballyarnett_H3,FOYLE,77.22,484.0
N20001836,Ballyarnett_K2,FOYLE,80.56,541.0
N20001838,Ballyarnett_K3,FOYLE,78.95,383.0
N20001840,Ballyarnett_H4,FOYLE,75.15,369.0
N20001841,Ballyarnett_G5,FOYLE,79.68,362.0
N20001844,Ballyarnett_K4,FOYLE,79.19,554.0
N20001847,Ballyarnett_L3,FOYLE,78.88,502.0
N20001850,Waterside_A1,FOYLE,51.73,492.0
N20001851,Waterside_A2,FOYLE,61.35,386.0
N20001852,Waterside_B1,FOYLE,33.92,442.0
N20001853,Waterside_B2,FOYLE,20.37,431.0
N20001854,Waterside_A3,FOYLE,46.68,423.0
N20001855,Waterside_A4,FOYLE,43.84,336.0
N20001856,Waterside_B3,FOYLE,16.79,388.0
N20001857,Waterside_B4,FOYLE,23.33,337.0
N20001858,Waterside_C1,FOYLE,64.16,344.0
N20001859,Waterside_C2,FOYLE,49.2,445.0
N20001860,Waterside_A5,FOYLE,50.63,308.0
N20001861,Waterside_C3,FOYLE,65.26,279.0
N20001862,Waterside_D1,FOYLE,27.85,327.0
N20001863,Waterside_D2,FOYLE,45.42,325.0
N20001864,Waterside_D3,FOYLE,32.12,297.0
N20001865,Waterside_D4,FOYLE,31.14,211.0
N20001866,Waterside_E1,FOYLE,25.54,320.0
N20001867,Waterside_C4,FOYLE,43.31,364.0
N20001868,Waterside_E2,FOYLE,25.54,371.0
N20001869,Waterside_E3,FOYLE,20.88,405.0
N20001870,Waterside_E4,FOYLE,55.4,220.0
N20001871,Waterside_D5,FOYLE,38.64,457.0
N20001872,Waterside_C5,FOYLE,57.45,477.0
N20001873,Waterside_F1,FOYLE,29.4,512.0
N20001874,Waterside_E5,FOYLE,66.34,373.0
N20001875,Waterside_F2,FOYLE,33.41,516.0
N20001876,Waterside_G1,FOYLE,19.9,414.0
N20001877,Waterside_L1,FOYLE,62.59,470.0
N20001878,Waterside_F3,FOYLE,48.79,370.0
N20001879,Waterside_F4,FOYLE,30.15,434.0
N20001880,Waterside_G2,FOYLE,25.76,322.0
N20001882,Waterside_G4,FOYLE,59.99,278.0
N20001883,Waterside_L2,FOYLE,72.65,446.0
N20001884,Waterside_H1,FOYLE,59.85,753.0
N20001885,Waterside_G5,FOYLE,46.95,461.0
N20001886,Waterside_J1,FOYLE,50.12,332.0
N20001888,Waterside_H2,FOYLE,53.45,550.0
N20001889,Waterside_L3,FOYLE,74.43,374.0
N20001891,Waterside_H3,FOYLE,59.23,449.0
N20001892,Waterside_N3,FOYLE,77.11,353.0
N20001894,Waterside_K2,FOYLE,27.9,326.0
N20001895,Waterside_J2,FOYLE,66.74,547.0
N20001896,Waterside_J3,FOYLE,75.29,832.0
N20001898,Waterside_K4,FOYLE,28.39,381.0
N20001899,Waterside_K5,FOYLE,13.72,404.0
N20001900,Waterside_J4,FOYLE,67.64,399.0
N20001901,Waterside_N4,FOYLE,77.45,442.0
N20001902,Waterside_P1,FOYLE,33.54,379.0
N20001903,Waterside_P2,FOYLE,45.67,330.0
N20001904,Waterside_L4,FOYLE,75.63,463.0
N20001905,Waterside_P3,FOYLE,14.7,330.0
N20001906,Waterside_P4,FOYLE,78.88,274.0
N20001907,Waterside_P5,FOYLE,43.71,329.0
N20001908,Faughan_D1,FOYLE,46.54,369.0
N20001909,Faughan_A1,FOYLE,75.43,383.0
N20001912,Faughan_A4,FOYLE,72.49,447.0
N20001913,Faughan_A5,FOYLE,72.62,436.0
N20001914,Faughan_B1,FOYLE,54.76,358.0
N20001916,Faughan_B2,FOYLE,53.19,576.0
N20001917,Faughan_C1,FOYLE,43.9,428.0
N20001919,Faughan_C3,FOYLE,55.32,530.0
N20001920,Faughan_C4,FOYLE,55.75,386.0
N20001921,Faughan_D3,FOYLE,55.56,480.0
N20001922,Faughan_D4,FOYLE,32.36,399.0
N20001923,Faughan_E1,EAST LONDONDERRY,66.63,530.0
N20001924,Faughan_D5,EAST LONDONDERRY,78.77,446.0
N20001925,Faughan_G1,FOYLE,75.67,410.0
N20001926,Faughan_G2,FOYLE,69.67,369.0
N20001927,Faughan_E2,EAST LONDONDERRY,62.86,627.0
N20001928,Faughan_F1,FOYLE,52.87,340.0
N20001929,Faughan_E3,FOYLE,44.93,357.0
N20001932,Faughan_F4,FOYLE,14.44,445.0
N20001933,Faughan_F5,FOYLE,14.25,466.0
N20001935,Faughan_G3,FOYLE,44.85,509.0
N20001936,Faughan_E4,EAST LONDONDERRY,47.64,519.0
N20001937,Faughan_E5,EAST LONDONDERRY,52.7,363.0
N20001938,Faughan_E6,FOYLE,68.9,342.0
N20001939,Faughan_G4,WEST TYRONE,20.11,267.0
N20001940,Faughan_G5,FOYLE,16.63,206.0
N20001943,Faughan_H2,EAST LONDONDERRY,63.99,226.0
N20001944,Faughan_H3,EAST LONDONDERRY,63.93,416.0
N20001946,Sperrin_A1,EAST LONDONDERRY,55.06,584.0
N20001947,Sperrin_B1,WEST TYRONE,25.57,448.0
N20001948,Sperrin_B2,EAST LONDONDERRY,23.36,543.0
N20001949,Sperrin_A2,EAST LONDONDERRY,57.25,667.0
N20001950,Sperrin_B3,WEST TYRONE,26.16,455.0
N20001951,Sperrin_B4,WEST TYRONE,44.55,462.0
N20001952,Sperrin_C1,WEST TYRONE,22.21,424.0
N20001954,Sperrin_F1,EAST LONDONDERRY,54.81,521.0
N20001956,Sperrin_F2,EAST LONDONDERRY,74.32,480.0
N20001957,Sperrin_C2,WEST TYRONE,41.13,197.0
N20001958,Sperrin_C3,WEST TYRONE,26.7,182.0
N20001959,Sperrin_C4,WEST TYRONE,52.73,404.0
N20001960,Sperrin_D1,WEST TYRONE,69.98,321.0
N20001961,Sperrin_C5,WEST TYRONE,52.38,453.0
N20001962,Sperrin_D2,WEST TYRONE,73.05,379.0
N20001963,Sperrin_D3,WEST TYRONE,72.44,301.0
N20001964,Sperrin_D4,WEST TYRONE,79.13,290.0
N20001965,Sperrin_E1,WEST TYRONE,72.72,235.0
N20001966,Sperrin_D5,WEST TYRONE,74.65,493.0
N20001969,Sperrin_E2,WEST TYRONE,76.17,302.0
N20001971,Sperrin_F3,WEST TYRONE,63.16,549.0
N20001972,Sperrin_E4,WEST TYRONE,77.15,318.0
N20001974,Sperrin_H1,WEST TYRONE,77.28,361.0
N20001977,Sperrin_H3,WEST TYRONE,75.79,411.0
N20001980,Sperrin_H4,WEST TYRONE,72.23,474.0
N20001982,Sperrin_G5,WEST TYRONE,79.54,387.0
N20001983,Sperrin_G6,WEST TYRONE,79.47,385.0
N20001984,Sperrin_H5,WEST TYRONE,78.41,369.0
N20001985,Sperrin_H6,WEST TYRONE,78.41,307.0
N20001986,Sperrin_J1,WEST TYRONE,78.92,561.0
N20001988,Sperrin_K1,WEST TYRONE,59.08,572.0
N20001989,Sperrin_F5,WEST TYRONE,63.37,560.0
N20001990,Sperrin_K2,WEST TYRONE,55.45,640.0
N20001992,Sperrin_K4,WEST TYRONE,59.53,313.0
N20001993,Sperrin_K5,WEST TYRONE,70.48,192.0
N20001994,Derg_A1,WEST TYRONE,77.81,424.0
N20001996,Derg_A3,WEST TYRONE,80.06,332.0
N20001997,Derg_A4,WEST TYRONE,78.15,467.0
N20001998,Derg_C1,WEST TYRONE,72.14,507.0
N20002000,Derg_B1,WEST TYRONE,52.09,426.0
N20002001,Derg_B2,WEST TYRONE,59.58,419.0
N20002002,Derg_B3,WEST TYRONE,59.86,339.0
N20002006,Derg_C5,WEST TYRONE,56.59,439.0
N20002007,Derg_D1,WEST TYRONE,35.75,476.0
N20002008,Derg_D2,WEST TYRONE,30.97,508.0
N20002009,Derg_E1,WEST TYRONE,58.91,329.0
N20002010,Derg_E2,WEST TYRONE,38.02,357.0
N20002012,Derg_F1,WEST TYRONE,74.45,318.0
N20002014,Derg_F2,WEST TYRONE,73.09,405.0
N20002015,Derg_H1,WEST TYRONE,28.63,434.0
N20002016,Derg_F3,WEST TYRONE,52.63,262.0
N20002017,Derg_G1,WEST TYRONE,38.31,462.0
N20002018,Derg_F4,WEST TYRONE,71.91,269.0
N20002019,Derg_H2,WEST TYRONE,52.25,389.0
N20002020,Derg_F5,WEST TYRONE,42.18,371.0
N20002021,Derg_F6,WEST TYRONE,37.26,311.0
N20002022,Derg_F7,WEST TYRONE,23.46,436.0
N20002023,Derg_H3,WEST TYRONE,71.6,454.0
N20002024,Derg_G2,WEST TYRONE,20.34,571.0
N20002027,Derg_H5,WEST TYRONE,31.21,325.0
N20002029,Erne_East_A1,FERMANAGH AND SOUTH TYRONE,36.89,498.0
N20002030,Erne_East_A2,FERMANAGH AND SOUTH TYRONE,25.88,449.0
N20002031,Erne_East_B1,FERMANAGH AND SOUTH TYRONE,48.95,569.0
N20002032,Erne_East_A3,FERMANAGH AND SOUTH TYRONE,32.76,454.0
N20002033,Erne_East_A4,FERMANAGH AND SOUTH TYRONE,28.77,242.0
N20002034,Erne_East_C1,FERMANAGH AND SOUTH TYRONE,43.02,291.0
N20002035,Erne_East_C2,FERMANAGH AND SOUTH TYRONE,44.74,372.0
N20002036,Erne_East_C3,FERMANAGH AND SOUTH TYRONE,45.53,366.0
N20002038,Erne_East_B3,FERMANAGH AND SOUTH TYRONE,79.27,626.0
N20002039,Erne_East_A5,FERMANAGH AND SOUTH TYRONE,41.82,555.0
N20002040,Erne_East_D1,FERMANAGH AND SOUTH TYRONE,67.2,555.0
N20002041,Erne_East_C4,FERMANAGH AND SOUTH TYRONE,47.3,476.0
N20002043,Erne_East_D3,FERMANAGH AND SOUTH TYRONE,66.05,288.0
N20002044,Erne_East_E1,FERMANAGH AND SOUTH TYRONE,61.03,403.0
N20002045,Erne_East_D4,FERMANAGH AND SOUTH TYRONE,66.4,285.0
N20002046,Erne_East_D5,FERMANAGH AND SOUTH TYRONE,59.63,498.0
N20002047,Erne_East_D6,FERMANAGH AND SOUTH TYRONE,61.83,319.0
N20002048,Erne_East_E2,FERMANAGH AND SOUTH TYRONE,76.17,461.0
N20002049,Erne_East_B4,FERMANAGH AND SOUTH TYRONE,75.38,380.0
N20002050,Erne_East_E3,FERMANAGH AND SOUTH TYRONE,56.71,379.0
N20002051,Erne_East_F1,FERMANAGH AND SOUTH TYRONE,62.41,568.0
N20002052,Erne_East_E4,FERMANAGH AND SOUTH TYRONE,50.69,458.0
N20002054,Erne_East_F2,FERMANAGH AND SOUTH TYRONE,75.35,459.0
N20002055,Erne_East_F3,FERMANAGH AND SOUTH TYRONE,62.43,600.0
N20002056,Erne_East_F4,FERMANAGH AND SOUTH TYRONE,66.67,370.0
N20002059,Erne_West_A3,FERMANAGH AND SOUTH TYRONE,72.38,323.0
N20002060,Erne_West_B1,FERMANAGH AND SOUTH TYRONE,68.19,509.0
N20002061,Erne_West_C1,FERMANAGH AND SOUTH TYRONE,43.78,707.0
N20002062,Erne_West_D1,FERMANAGH AND SOUTH TYRONE,61.36,419.0
N20002063,Erne_West_A4,FERMANAGH AND SOUTH TYRONE,63.9,443.0
N20002064,Erne_West_D2,FERMANAGH AND SOUTH TYRONE,60.74,365.0
N20002065,Erne_West_C2,FERMANAGH AND SOUTH TYRONE,34.62,579.0
N20002066,Erne_West_B2,FERMANAGH AND SOUTH TYRONE,74.84,771.0
N20002067,Erne_West_D3,FERMANAGH AND SOUTH TYRONE,58.88,390.0
N20002069,Erne_West_E1,FERMANAGH AND SOUTH TYRONE,58.19,544.0
N20002070,Erne_West_E2,FERMANAGH AND SOUTH TYRONE,48.9,335.0
N20002071,Erne_West_C4,FERMANAGH AND SOUTH TYRONE,50.05,520.0
N20002072,Erne_West_D4,FERMANAGH AND SOUTH TYRONE,51.57,369.0
N20002074,Erne_West_F1,FERMANAGH AND SOUTH TYRONE,75.19,376.0
N20002077,Erne_West_E4,FERMANAGH AND SOUTH TYRONE,76.5,544.0
N20002078,Erne_West_F3,FERMANAGH AND SOUTH TYRONE,66.34,362.0
N20002079,Erne_West_F4,FERMANAGH AND SOUTH TYRONE,76.38,527.0
N20002081,Enniskillen_A1,FERMANAGH AND SOUTH TYRONE,41.43,421.0
N20002082,Enniskillen_A2,FERMANAGH AND SOUTH TYRONE,20.67,346.0
N20002083,Enniskillen_A3,FERMANAGH AND SOUTH TYRONE,28.69,390.0
N20002084,Enniskillen_A4,FERMANAGH AND SOUTH TYRONE,35.49,442.0
N20002085,Enniskillen_D1,FERMANAGH AND SOUTH TYRONE,52.93,204.0
N20002086,Enniskillen_B1,FERMANAGH AND SOUTH TYRONE,69.79,596.0
N20002087,Enniskillen_D2,FERMANAGH AND SOUTH TYRONE,53.85,405.0
N20002088,Enniskillen_F1,FERMANAGH AND SOUTH TYRONE,60.63,409.0
N20002090,Enniskillen_C1,FERMANAGH AND SOUTH TYRONE,52.48,443.0
N20002091,Enniskillen_B3,FERMANAGH AND SOUTH TYRONE,69.78,344.0
N20002092,Enniskillen_C2,FERMANAGH AND SOUTH TYRONE,56.87,452.0
N20002093,Enniskillen_C3,FERMANAGH AND SOUTH TYRONE,47.9,459.0
N20002094,Enniskillen_D3,FERMANAGH AND SOUTH TYRONE,61.81,482.0
N20002095,Enniskillen_B4,FERMANAGH AND SOUTH TYRONE,75.06,446.0
N20002096,Enniskillen_E1,FERMANAGH AND SOUTH TYRONE,66.18,287.0
N20002097,Enniskillen_C4,FERMANAGH AND SOUTH TYRONE,45.76,399.0
N20002098,Enniskillen_B5,FERMANAGH AND SOUTH TYRONE,62.95,546.0
N20002099,Enniskillen_F2,FERMANAGH AND SOUTH TYRONE,55.93,336.0
N20002100,Enniskillen_G1,FERMANAGH AND SOUTH TYRONE,50.41,396.0
N20002101,Enniskillen_E2,FERMANAGH AND SOUTH TYRONE,63.51,176.0
N20002102,Enniskillen_F3,FERMANAGH AND SOUTH TYRONE,52.84,439.0
N20002103,Enniskillen_E3,FERMANAGH AND SOUTH TYRONE,64.46,321.0
N20002104,Enniskillen_F4,FERMANAGH AND SOUTH TYRONE,58.47,347.0
N20002105,Enniskillen_E4,FERMANAGH AND SOUTH TYRONE,51.14,240.0
N20002106,Enniskillen_D4,FERMANAGH AND SOUTH TYRONE,51.78,380.0
N20002107,Enniskillen_E5,FERMANAGH AND SOUTH TYRONE,55.49,342.0
N20002108,Enniskillen_D5,FERMANAGH AND SOUTH TYRONE,42.06,489.0
N20002109,Enniskillen_G2,FERMANAGH AND SOUTH TYRONE,39.57,362.0
N20002110,Enniskillen_H1,FERMANAGH AND SOUTH TYRONE,31.76,210.0
N20002111,Enniskillen_H2,FERMANAGH AND SOUTH TYRONE,47.15,377.0
N20002112,Enniskillen_H3,FERMANAGH AND SOUTH TYRONE,56.81,300.0
N20002113,Enniskillen_F5,FERMANAGH AND SOUTH TYRONE,49.47,404.0
N20002114,Enniskillen_H4,FERMANAGH AND SOUTH TYRONE,59.23,300.0
N20002116,Enniskillen_H6,FERMANAGH AND SOUTH TYRONE,57.29,421.0
N20002117,Enniskillen_G3,FERMANAGH AND SOUTH TYRONE,20.34,376.0
N20002118,Enniskillen_G4,FERMANAGH AND SOUTH TYRONE,20.18,310.0
N20002119,Enniskillen_G5,FERMANAGH AND SOUTH TYRONE,20.15,374.0
N20002120,Enniskillen_G6,FERMANAGH AND SOUTH TYRONE,34.96,436.0
N20002121,Erne_North_B1,FERMANAGH AND SOUTH TYRONE,39.79,493.0
N20002122,Erne_North_A1,FERMANAGH AND SOUTH TYRONE,39.37,520.0
N20002123,Erne_North_C1,FERMANAGH AND SOUTH TYRONE,30.15,432.0
N20002124,Erne_North_A2,FERMANAGH AND SOUTH TYRONE,71.13,429.0
N20002125,Erne_North_B2,FERMANAGH AND SOUTH TYRONE,53.33,389.0
N20002126,Erne_North_A3,FERMANAGH AND SOUTH TYRONE,28.93,443.0
N20002127,Erne_North_A4,FERMANAGH AND SOUTH TYRONE,26.87,423.0
N20002129,Erne_North_C2,FERMANAGH AND SOUTH TYRONE,54.53,471.0
N20002130,Erne_North_C3,FERMANAGH AND SOUTH TYRONE,29.32,518.0
N20002132,Erne_North_D1,FERMANAGH AND SOUTH TYRONE,67.75,318.0
N20002133,Erne_North_D2,FERMANAGH AND SOUTH TYRONE,64.22,400.0
N20002134,Erne_North_D3,FERMANAGH AND SOUTH TYRONE,68.04,360.0
N20002135,Erne_North_D4,FERMANAGH AND SOUTH TYRONE,56.99,286.0
N20002136,Erne_North_D5,FERMANAGH AND SOUTH TYRONE,59.26,144.0
N20002138,Erne_North_D6,FERMANAGH AND SOUTH TYRONE,67.54,313.0
N20002139,Erne_North_F1,FERMANAGH AND SOUTH TYRONE,36.28,504.0
N20002142,Erne_North_F2,FERMANAGH AND SOUTH TYRONE,48.93,528.0
N20002143,Erne_North_E3,FERMANAGH AND SOUTH TYRONE,18.17,445.0
N20002145,Erne_North_G1,FERMANAGH AND SOUTH TYRONE,37.52,473.0
N20002146,Erne_North_G2,FERMANAGH AND SOUTH TYRONE,60.97,367.0
N20002147,Erne_North_F4,FERMANAGH AND SOUTH TYRONE,32.25,474.0
N20002148,Erne_North_G3,FERMANAGH AND SOUTH TYRONE,40.61,527.0
N20002149,Erne_North_G4,FERMANAGH AND SOUTH TYRONE,61.41,340.0
N20002150,West_Tyrone_A1,WEST TYRONE,26.34,320.0
N20002151,West_Tyrone_A2,WEST TYRONE,46.78,437.0
N20002152,West_Tyrone_B1,WEST TYRONE,52.6,410.0
N20002153,West_Tyrone_A3,WEST TYRONE,30.92,433.0
N20002154,West_Tyrone_B2,WEST TYRONE,67.7,402.0
N20002156,West_Tyrone_A4,WEST TYRONE,55.47,460.0
N20002157,West_Tyrone_C1,WEST TYRONE,67.19,404.0
N20002158,West_Tyrone_A5,WEST TYRONE,42.06,382.0
N20002159,West_Tyrone_C2,WEST TYRONE,72.94,293.0
N20002160,West_Tyrone_E1,WEST TYRONE,68.64,554.0
N20002161,West_Tyrone_C3,WEST TYRONE,54.96,571.0
N20002162,West_Tyrone_E2,WEST TYRONE,69.09,426.0
N20002163,West_Tyrone_E3,WEST TYRONE,66.65,303.0
N20002164,West_Tyrone_F1,WEST TYRONE,52.55,652.0
N20002165,West_Tyrone_C4,WEST TYRONE,43.71,458.0
N20002166,West_Tyrone_G1,WEST TYRONE,68.35,218.0
N20002167,West_Tyrone_G2,WEST TYRONE,73.77,238.0
N20002168,West_Tyrone_F2,WEST TYRONE,50.7,571.0
N20002169,West_Tyrone_G3,WEST TYRONE,64.89,274.0
N20002170,West_Tyrone_D1,WEST TYRONE,68.62,295.0
N20002171,West_Tyrone_D2,WEST TYRONE,60.21,425.0
N20002172,West_Tyrone_D3,WEST TYRONE,62.37,256.0
N20002174,West_Tyrone_G4,WEST TYRONE,58.51,490.0
N20002175,West_Tyrone_E4,WEST TYRONE,62.5,445.0
N20002176,West_Tyrone_F4,WEST TYRONE,62.11,551.0
N20002177,West_Tyrone_C5,WEST TYRONE,62.55,478.0
N20002178,West_Tyrone_G5,WEST TYRONE,71.53,395.0
N20002180,West_Tyrone_E5,WEST TYRONE,44.44,460.0
N20002181,Omagh_C1,WEST TYRONE,46.13,437.0
N20002182,Omagh_A1,WEST TYRONE,66.8,442.0
N20002183,Omagh_B1,WEST TYRONE,76.76,586.0
N20002185,Omagh_A2,WEST TYRONE,72.3,289.0
N20002188,Omagh_C2,WEST TYRONE,73.74,214.0
N20002189,Omagh_A5,WEST TYRONE,53.82,330.0
N20002190,Omagh_A6,WEST TYRONE,74.52,501.0
N20002192,Omagh_D1,WEST TYRONE,57.38,477.0
N20002193,Omagh_C3,WEST TYRONE,68.49,434.0
N20002195,Omagh_D2,WEST TYRONE,59.47,458.0
N20002196,Omagh_E1,WEST TYRONE,53.65,582.0
N20002197,Omagh_E2,WEST TYRONE,35.04,306.0
N20002198,Omagh_D3,WEST TYRONE,71.59,311.0
N20002199,Omagh_D4,WEST TYRONE,61.88,243.0
N20002200,Omagh_E3,WEST TYRONE,21.18,404.0
N20002201,Omagh_G1,WEST TYRONE,28.89,264.0
N20002202,Omagh_C5,WEST TYRONE,75.49,393.0
N20002203,Omagh_F1,WEST TYRONE,77.41,258.0
N20002204,Omagh_F2,WEST TYRONE,78.41,284.0
N20002205,Omagh_H1,WEST TYRONE,74.18,227.0
N20002206,Omagh_E4,WEST TYRONE,30.94,247.0
N20002207,Omagh_E5,WEST TYRONE,50.39,376.0
N20002208,Omagh_H2,WEST TYRONE,61.36,299.0
N20002209,Omagh_G2,WEST TYRONE,34.39,316.0
N20002210,Omagh_F3,WEST TYRONE,77.43,517.0
N20002211,Omagh_G3,WEST TYRONE,55.06,313.0
N20002212,Omagh_H3,WEST TYRONE,73.65,317.0
N20002213,Omagh_H4,WEST TYRONE,68.87,537.0
N20002214,Omagh_C6,WEST TYRONE,78.03,350.0
N20002216,Omagh_H5,WEST TYRONE,67.3,525.0
N20002217,Omagh_G4,WEST TYRONE,21.45,396.0
N20002218,Omagh_G5,WEST TYRONE,59.67,392.0
N20002219,Omagh_H6,WEST TYRONE,71.24,495.0
N20002220,Omagh_G6,WEST TYRONE,58.19,370.0
N20002221,Mid_Tyrone_A1,WEST TYRONE,62.13,435.0
N20002223,Mid_Tyrone_A2,WEST TYRONE,78.5,427.0
N20002225,Mid_Tyrone_B2,WEST TYRONE,72.32,369.0
N20002230,Mid_Tyrone_B6,WEST TYRONE,60.55,349.0
N20002232,Mid_Tyrone_D1,WEST TYRONE,54.04,348.0
N20002233,Mid_Tyrone_C1,WEST TYRONE,63.3,430.0
N20002234,Mid_Tyrone_D2,WEST TYRONE,64.54,381.0
N20002236,Mid_Tyrone_C2,WEST TYRONE,67.76,489.0
N20002237,Mid_Tyrone_E1,WEST TYRONE,79.08,527.0
N20002238,Mid_Tyrone_C3,WEST TYRONE,76.62,497.0
N20002239,Mid_Tyrone_D4,WEST TYRONE,73.18,505.0
N20002240,Mid_Tyrone_E2,WEST TYRONE,79.23,507.0
N20002242,Mid_Tyrone_D5,WEST TYRONE,59.59,525.0
N20002243,Mid_Tyrone_E4,WEST TYRONE,63.95,368.0
N20002244,Mid_Tyrone_G1,WEST TYRONE,57.01,398.0
N20002245,Mid_Tyrone_F1,WEST TYRONE,48.32,550.0
N20002246,Mid_Tyrone_F2,WEST TYRONE,32.48,413.0
N20002247,Mid_Tyrone_G2,WEST TYRONE,57.19,472.0
N20002248,Mid_Tyrone_E5,WEST TYRONE,76.23,611.0
N20002249,Mid_Tyrone_F3,WEST TYRONE,43.32,449.0
N20002251,Mid_Tyrone_G4,WEST TYRONE,77.36,412.0
N20002252,Downshire_West_A1,LAGAN VALLEY,30.52,446.0
N20002253,Downshire_West_A2,LAGAN VALLEY,29.68,259.0
N20002254,Downshire_West_A3,LAGAN VALLEY,26.24,409.0
N20002255,Downshire_West_A4,LAGAN VALLEY,30.66,215.0
N20002256,Downshire_West_A5,LAGAN VALLEY,28.32,369.0
N20002257,Downshire_West_A6,LAGAN VALLEY,41.07,520.0
N20002258,Downshire_West_B1,LAGAN VALLEY,21.53,464.0
N20002259,Downshire_West_B2,LAGAN VALLEY,16.77,393.0
N20002260,Downshire_West_B3,LAGAN VALLEY,21.21,441.0
N20002261,Downshire_West_B4,LAGAN VALLEY,21.61,353.0
N20002262,Downshire_West_C1,LAGAN VALLEY,24.07,430.0
N20002263,Downshire_West_D1,LAGAN VALLEY,29.95,362.0
N20002264,Downshire_West_C2,LAGAN VALLEY,23.74,439.0
N20002265,Downshire_West_D2,LAGAN VALLEY,25.1,228.0
N20002266,Downshire_West_C3,LAGAN VALLEY,25.8,404.0
N20002267,Downshire_West_D3,LAGAN VALLEY,27.88,262.0
N20002268,Downshire_West_G1,LAGAN VALLEY,26.44,857.0
N20002269,Downshire_West_E1,LAGAN VALLEY,24.66,514.0
N20002270,Downshire_West_D4,LAGAN VALLEY,32.24,199.0
N20002271,Downshire_West_D5,LAGAN VALLEY,31.43,336.0
N20002272,Downshire_West_D6,LAGAN VALLEY,34.43,426.0
N20002273,Downshire_West_C4,LAGAN VALLEY,30.55,460.0
N20002274,Downshire_West_E2,LAGAN VALLEY,20.97,420.0
N20002275,Downshire_West_C5,LAGAN VALLEY,30.39,450.0
N20002276,Downshire_West_G2,LAGAN VALLEY,32.16,395.0
N20002278,Downshire_West_F1,LAGAN VALLEY,16.78,323.0
N20002279,Downshire_West_F2,LAGAN VALLEY,24.92,228.0
N20002280,Downshire_West_F3,LAGAN VALLEY,20.77,364.0
N20002281,Downshire_West_E3,LAGAN VALLEY,22.01,525.0
N20002282,Downshire_West_F4,LAGAN VALLEY,21.66,343.0
N20002283,Downshire_West_F5,LAGAN VALLEY,25.46,194.0
N20002284,Downshire_West_G3,LAGAN VALLEY,19.26,663.0
N20002285,Downshire_West_G4,LAGAN VALLEY,18.82,461.0
N20002286,Downshire_West_G5,LAGAN VALLEY,17.9,324.0
N20002288,Killultagh_A1,SOUTH ANTRIM,75.42,631.0
N20002289,Killultagh_B2,SOUTH ANTRIM,55.02,738.0
N20002290,Killultagh_A2,SOUTH ANTRIM,73.87,366.0
N20002291,Killultagh_A3,SOUTH ANTRIM,70.13,285.0
N20002292,Killultagh_A4,SOUTH ANTRIM,77.4,450.0
N20002293,Killultagh_C1,SOUTH ANTRIM,60.91,400.0
N20002294,Killultagh_C2,SOUTH ANTRIM,36.72,420.0
N20002295,Killultagh_C3,SOUTH ANTRIM,58.24,511.0
N20002296,Killultagh_B3,SOUTH ANTRIM,41.27,518.0
N20002297,Killultagh_B4,LAGAN VALLEY,41.83,488.0
N20002298,Killultagh_C4,SOUTH ANTRIM,29.6,390.0
N20002299,Killultagh_C5,LAGAN VALLEY,40.38,403.0
N20002300,Killultagh_F1,LAGAN VALLEY,32.06,400.0
N20002301,Killultagh_G1,LAGAN VALLEY,20.84,277.0
N20002302,Killultagh_G2,LAGAN VALLEY,24.71,373.0
N20002303,Killultagh_F2,LAGAN VALLEY,31.46,422.0
N20002305,Killultagh_D1,LAGAN VALLEY,53.41,389.0
N20002306,Killultagh_D2,LAGAN VALLEY,56.23,421.0
N20002307,Killultagh_D3,LAGAN VALLEY,47.25,287.0
N20002308,Killultagh_E1,LAGAN VALLEY,56.26,354.0
N20002309,Killultagh_E2,LAGAN VALLEY,49.15,417.0
N20002310,Killultagh_D4,LAGAN VALLEY,45.05,608.0
N20002312,Killultagh_E3,LAGAN VALLEY,43.41,412.0
N20002313,Killultagh_E4,LAGAN VALLEY,21.6,427.0
N20002314,Killultagh_E5,LAGAN VALLEY,25.47,221.0
N20002315,Killultagh_E6,LAGAN VALLEY,24.48,351.0
N20002316,Killultagh_E7,LAGAN VALLEY,23.19,255.0
N20002317,Killultagh_C6,LAGAN VALLEY,25.0,518.0
N20002318,Killultagh_G4,LAGAN VALLEY,44.02,799.0
N20002319,Killultagh_F4,LAGAN VALLEY,27.12,553.0
N20002320,Killultagh_H1,LAGAN VALLEY,26.02,543.0
N20002321,Killultagh_H2,LAGAN VALLEY,22.98,404.0
N20002322,Killultagh_H3,LAGAN VALLEY,19.09,520.0
N20002323,Killultagh_H4,LAGAN VALLEY,22.87,443.0
N20002324,Killultagh_G5,LAGAN VALLEY,18.78,555.0
N20002325,Killultagh_H5,LAGAN VALLEY,19.69,465.0
N20002326,Lisburn_South_A1,LAGAN VALLEY,29.72,486.0
N20002327,Lisburn_South_A2,LAGAN VALLEY,20.25,321.0
N20002328,Lisburn_South_A3,LAGAN VALLEY,22.08,398.0
N20002329,Lisburn_South_B1,LAGAN VALLEY,21.3,493.0
N20002330,Lisburn_South_C1,LAGAN VALLEY,26.35,443.0
N20002332,Lisburn_South_B2,LAGAN VALLEY,21.2,496.0
N20002334,Lisburn_South_B3,LAGAN VALLEY,22.49,489.0
N20002335,Lisburn_South_B4,LAGAN VALLEY,31.91,322.0
N20002336,Lisburn_South_E1,LAGAN VALLEY,28.17,514.0
N20002337,Lisburn_South_C4,LAGAN VALLEY,20.54,390.0
N20002338,Lisburn_South_C5,LAGAN VALLEY,29.87,222.0
N20002339,Lisburn_South_C6,LAGAN VALLEY,22.54,372.0
N20002340,Lisburn_South_D1,LAGAN VALLEY,23.84,199.0
N20002341,Lisburn_South_D2,LAGAN VALLEY,27.63,443.0
N20002342,Lisburn_South_G1,LAGAN VALLEY,37.11,370.0
N20002343,Lisburn_South_C7,LAGAN VALLEY,26.53,294.0
N20002344,Lisburn_South_E2,LAGAN VALLEY,33.14,474.0
N20002345,Lisburn_South_D3,LAGAN VALLEY,28.02,308.0
N20002346,Lisburn_South_F1,LAGAN VALLEY,33.74,306.0
N20002347,Lisburn_South_D4,LAGAN VALLEY,24.4,425.0
N20002348,Lisburn_South_D5,LAGAN VALLEY,31.62,328.0
N20002349,Lisburn_South_E3,LAGAN VALLEY,36.77,435.0
N20002350,Lisburn_South_F2,LAGAN VALLEY,31.75,425.0
N20002351,Lisburn_South_G2,LAGAN VALLEY,43.43,465.0
N20002352,Lisburn_South_F3,LAGAN VALLEY,26.27,455.0
N20002353,Lisburn_South_E4,LAGAN VALLEY,36.44,583.0
N20002354,Lisburn_South_H1,LAGAN VALLEY,39.33,262.0
N20002355,Lisburn_South_H2,LAGAN VALLEY,50.13,399.0
N20002357,Lisburn_South_H3,LAGAN VALLEY,44.59,349.0
N20002358,Lisburn_South_E5,LAGAN VALLEY,42.88,267.0
N20002359,Lisburn_South_H4,LAGAN VALLEY,47.53,182.0
N20002360,Lisburn_South_E6,LAGAN VALLEY,33.22,363.0
N20002361,Lisburn_South_G3,LAGAN VALLEY,54.01,269.0
N20002362,Lisburn_South_H5,LAGAN VALLEY,37.8,541.0
N20002363,Lisburn_South_H6,LAGAN VALLEY,37.05,425.0
N20002364,Lisburn_South_G4,LAGAN VALLEY,46.93,350.0
N20002366,Lisburn_South_J2,LAGAN VALLEY,31.5,411.0
N20002368,Lisburn_South_K2,LAGAN VALLEY,30.13,383.0
N20002370,Lisburn_South_K3,LAGAN VALLEY,24.89,329.0
N20002371,Lisburn_South_K4,LAGAN VALLEY,27.29,322.0
N20002372,Lisburn_South_J3,LAGAN VALLEY,31.31,618.0
N20002373,Lisburn_South_J4,LAGAN VALLEY,35.71,554.0
N20002374,Lisburn_South_K5,LAGAN VALLEY,25.65,390.0
N20002375,Lisburn_South_K6,LAGAN VALLEY,25.81,267.0
N20002376,Lisburn_North_A1,LAGAN VALLEY,31.79,221.0
N20002377,Lisburn_North_B1,LAGAN VALLEY,60.62,509.0
N20002378,Lisburn_North_D1,LAGAN VALLEY,54.16,437.0
N20002379,Lisburn_North_A2,LAGAN VALLEY,22.96,661.0
N20002380,Lisburn_North_C1,LAGAN VALLEY,20.22,342.0
N20002381,Lisburn_North_B2,LAGAN VALLEY,43.02,360.0
N20002382,Lisburn_North_C2,LAGAN VALLEY,22.7,526.0
N20002383,Lisburn_North_A3,LAGAN VALLEY,41.77,400.0
N20002384,Lisburn_North_B3,LAGAN VALLEY,29.87,382.0
N20002385,Lisburn_North_D2,LAGAN VALLEY,63.41,482.0
N20002386,Lisburn_North_C3,LAGAN VALLEY,22.78,472.0
N20002387,Lisburn_North_C4,LAGAN VALLEY,42.39,487.0
N20002388,Lisburn_North_C5,LAGAN VALLEY,23.27,384.0
N20002389,Lisburn_North_D3,LAGAN VALLEY,59.65,398.0
N20002391,Lisburn_North_E2,LAGAN VALLEY,46.2,207.0
N20002392,Lisburn_North_E3,LAGAN VALLEY,55.8,545.0
N20002393,Lisburn_North_F1,LAGAN VALLEY,35.05,482.0
N20002395,Lisburn_North_E4,LAGAN VALLEY,63.11,294.0
N20002396,Lisburn_North_F3,LAGAN VALLEY,36.25,305.0
N20002397,Lisburn_North_F4,LAGAN VALLEY,37.14,432.0
N20002398,Lisburn_North_F5,LAGAN VALLEY,46.1,316.0
N20002399,Lisburn_North_G1,LAGAN VALLEY,40.19,579.0
N20002400,Lisburn_North_F6,LAGAN VALLEY,32.34,269.0
N20002401,Lisburn_North_H1,LAGAN VALLEY,31.62,300.0
N20002402,Lisburn_North_F7,LAGAN VALLEY,39.85,345.0
N20002403,Lisburn_North_D4,LAGAN VALLEY,28.81,343.0
N20002404,Lisburn_North_G2,LAGAN VALLEY,38.26,873.0
N20002405,Lisburn_North_H2,LAGAN VALLEY,35.7,404.0
N20002406,Lisburn_North_H3,LAGAN VALLEY,39.74,472.0
N20002407,Lisburn_North_J1,LAGAN VALLEY,23.09,200.0
N20002408,Lisburn_North_G3,LAGAN VALLEY,30.91,482.0
N20002409,Lisburn_North_J2,LAGAN VALLEY,26.38,301.0
N20002410,Lisburn_North_H4,LAGAN VALLEY,29.75,342.0
N20002411,Lisburn_North_J3,LAGAN VALLEY,35.02,494.0
N20002412,Lisburn_North_G4,LAGAN VALLEY,39.47,362.0
N20002413,Lisburn_North_H5,LAGAN VALLEY,31.46,244.0
N20002414,Lisburn_North_J4,LAGAN VALLEY,32.35,419.0
N20002415,Lisburn_North_J5,LAGAN VALLEY,31.23,359.0
N20002416,Lisburn_North_G5,LAGAN VALLEY,25.72,359.0
N20002417,Lisburn_North_G6,LAGAN VALLEY,24.42,446.0
N20002418,Lisburn_North_K1,LAGAN VALLEY,37.02,355.0
N20002419,Lisburn_North_K2,LAGAN VALLEY,36.62,231.0
N20002420,Lisburn_North_K3,LAGAN VALLEY,32.68,391.0
N20002421,Lisburn_North_K4,LAGAN VALLEY,37.64,250.0
N20002422,Lisburn_North_K5,LAGAN VALLEY,33.01,240.0
N20002423,Lisburn_North_K6,LAGAN VALLEY,34.85,382.0
N20002424,Downshire_East_A1,LAGAN VALLEY,32.1,428.0
N20002425,Downshire_East_A2,LAGAN VALLEY,29.16,494.0
N20002426,Downshire_East_A3,LAGAN VALLEY,26.04,378.0
N20002427,Downshire_East_A4,LAGAN VALLEY,29.89,443.0
N20002428,Downshire_East_B1,LAGAN VALLEY,23.34,197.0
N20002429,Downshire_East_B2,LAGAN VALLEY,23.29,394.0
N20002430,Downshire_East_A5,LAGAN VALLEY,29.19,319.0
N20002431,Downshire_East_B3,LAGAN VALLEY,25.85,308.0
N20002432,Downshire_East_B4,LAGAN VALLEY,25.92,408.0
N20002433,Downshire_East_A6,LAGAN VALLEY,28.08,319.0
N20002434,Downshire_East_A7,LAGAN VALLEY,19.08,221.0
N20002435,Downshire_East_C1,LAGAN VALLEY,26.38,528.0
N20002436,Downshire_East_C2,LAGAN VALLEY,24.76,364.0
N20002437,Downshire_East_C3,LAGAN VALLEY,29.61,535.0
N20002438,Downshire_East_D1,LAGAN VALLEY,19.8,400.0
N20002439,Downshire_East_D2,LAGAN VALLEY,24.16,596.0
N20002440,Downshire_East_E1,LAGAN VALLEY,17.23,537.0
N20002441,Downshire_East_E2,LAGAN VALLEY,22.4,475.0
N20002442,Downshire_East_D3,LAGAN VALLEY,21.11,431.0
N20002443,Downshire_East_E3,LAGAN VALLEY,18.85,342.0
N20002444,Downshire_East_E4,LAGAN VALLEY,19.59,460.0
N20002445,Downshire_East_D4,LAGAN VALLEY,21.48,489.0
N20002446,Downshire_East_E5,LAGAN VALLEY,15.91,499.0
N20002447,Downshire_East_F1,LAGAN VALLEY,17.64,482.0
N20002448,Downshire_East_E6,LAGAN VALLEY,22.96,402.0
N20002449,Downshire_East_F2,LAGAN VALLEY,15.98,474.0
N20002450,Downshire_East_F3,LAGAN VALLEY,21.82,407.0
N20002451,Downshire_East_G1,LAGAN VALLEY,14.83,497.0
N20002452,Downshire_East_F4,LAGAN VALLEY,21.33,406.0
N20002453,Downshire_East_G2,LAGAN VALLEY,26.31,354.0
N20002454,Downshire_East_G3,LAGAN VALLEY,29.22,431.0
N20002455,Downshire_East_G4,SOUTH DOWN,30.63,287.0
N20002456,Castlereagh_South_A1,BELFAST SOUTH,53.91,543.0
N20002457,Castlereagh_South_A2,BELFAST SOUTH,50.75,399.0
N20002458,Castlereagh_South_B1,BELFAST SOUTH,51.95,486.0
N20002459,Castlereagh_South_A3,BELFAST SOUTH,45.51,411.0
N20002460,Castlereagh_South_B2,BELFAST SOUTH,49.87,209.0
N20002461,Castlereagh_South_C1,BELFAST SOUTH,44.98,610.0
N20002462,Castlereagh_South_C2,BELFAST SOUTH,35.3,388.0
N20002463,Castlereagh_South_A4,BELFAST SOUTH,51.64,354.0
N20002464,Castlereagh_South_B3,BELFAST SOUTH,43.19,359.0
N20002465,Castlereagh_South_B4,BELFAST SOUTH,48.61,350.0
N20002466,Castlereagh_South_C3,BELFAST SOUTH,46.83,201.0
N20002467,Castlereagh_South_B5,BELFAST SOUTH,43.67,535.0
N20002468,Castlereagh_South_A5,BELFAST SOUTH,47.06,436.0
N20002469,Castlereagh_South_B6,BELFAST SOUTH,51.45,304.0
N20002470,Castlereagh_South_C4,BELFAST SOUTH,47.44,536.0
N20002471,Castlereagh_South_B7,BELFAST SOUTH,52.03,348.0
N20002472,Castlereagh_South_E1,BELFAST SOUTH,44.89,383.0
N20002473,Castlereagh_South_D1,BELFAST SOUTH,49.84,361.0
N20002474,Castlereagh_South_D2,BELFAST SOUTH,47.8,602.0
N20002475,Castlereagh_South_D3,BELFAST SOUTH,43.87,402.0
N20002476,Castlereagh_South_E2,BELFAST SOUTH,52.91,546.0
N20002477,Castlereagh_South_D4,BELFAST SOUTH,43.34,344.0
N20002478,Castlereagh_South_D5,BELFAST SOUTH,53.63,673.0
N20002479,Castlereagh_South_E3,BELFAST SOUTH,58.38,271.0
N20002480,Castlereagh_South_E4,BELFAST SOUTH,53.78,386.0
N20002481,Castlereagh_South_F1,BELFAST SOUTH,40.78,568.0
N20002482,Castlereagh_South_E5,BELFAST SOUTH,60.02,465.0
N20002483,Castlereagh_South_E6,BELFAST SOUTH,53.12,671.0
N20002484,Castlereagh_South_F2,BELFAST SOUTH,47.96,705.0
N20002485,Castlereagh_South_J1,BELFAST SOUTH,67.26,336.0
N20002486,Castlereagh_South_J2,BELFAST SOUTH,52.9,234.0
N20002487,Castlereagh_South_J3,BELFAST SOUTH,62.81,624.0
N20002488,Castlereagh_South_J4,BELFAST SOUTH,54.59,417.0
N20002490,Castlereagh_South_G2,BELFAST SOUTH,40.66,527.0
N20002491,Castlereagh_South_G3,BELFAST SOUTH,42.08,454.0
N20002492,Castlereagh_South_H1,BELFAST SOUTH,30.63,289.0
N20002493,Castlereagh_South_H2,BELFAST SOUTH,28.46,252.0
N20002494,Castlereagh_South_H3,BELFAST SOUTH,57.51,319.0
N20002495,Castlereagh_South_G4,BELFAST SOUTH,59.93,504.0
N20002496,Castlereagh_South_H4,BELFAST SOUTH,51.82,552.0
N20002497,Castlereagh_South_H5,BELFAST SOUTH,58.24,372.0
N20002498,Castlereagh_South_J5,STRANGFORD,28.09,321.0
N20002499,Castlereagh_South_J6,STRANGFORD,40.98,544.0
N20002500,Castlereagh_East_A1,BELFAST EAST,16.87,767.0
N20002501,Castlereagh_East_A2,BELFAST EAST,17.95,440.0
N20002502,Castlereagh_East_C1,BELFAST EAST,20.59,357.0
N20002503,Castlereagh_East_C2,BELFAST EAST,21.38,469.0
N20002504,Castlereagh_East_C3,BELFAST EAST,25.81,239.0
N20002505,Castlereagh_East_B1,BELFAST EAST,21.19,350.0
N20002507,Castlereagh_East_C5,BELFAST EAST,19.56,203.0
N20002508,Castlereagh_East_D1,BELFAST EAST,30.34,459.0
N20002509,Castlereagh_East_B2,BELFAST EAST,24.62,424.0
N20002510,Castlereagh_East_E1,BELFAST EAST,18.84,290.0
N20002511,Castlereagh_East_A3,BELFAST EAST,19.07,398.0
N20002512,Castlereagh_East_E2,BELFAST EAST,24.25,386.0
N20002513,Castlereagh_East_B3,BELFAST EAST,21.69,318.0
N20002514,Castlereagh_East_A4,BELFAST EAST,21.87,477.0
N20002515,Castlereagh_East_B4,BELFAST EAST,23.59,439.0
N20002516,Castlereagh_East_D2,BELFAST EAST,28.38,476.0
N20002517,Castlereagh_East_E3,BELFAST EAST,19.56,206.0
N20002519,Castlereagh_East_D3,BELFAST EAST,21.69,246.0
N20002520,Castlereagh_East_C6,BELFAST EAST,20.27,425.0
N20002521,Castlereagh_East_F1,BELFAST EAST,20.8,391.0
N20002522,Castlereagh_East_F2,BELFAST EAST,17.98,294.0
N20002524,Castlereagh_East_D4,BELFAST EAST,24.92,441.0
N20002525,Castlereagh_East_E4,BELFAST EAST,20.05,303.0
N20002526,Castlereagh_East_H1,BELFAST EAST,29.54,420.0
N20002527,Castlereagh_East_F4,BELFAST EAST,21.5,498.0
N20002528,Castlereagh_East_H2,BELFAST EAST,29.27,241.0
N20002531,Castlereagh_East_G1,BELFAST EAST,21.31,291.0
N20002532,Castlereagh_East_G2,BELFAST EAST,23.13,387.0
N20002534,Castlereagh_East_G3,BELFAST EAST,23.19,440.0
N20002535,Castlereagh_East_H4,BELFAST EAST,18.62,282.0
N20002537,Castlereagh_East_G5,BELFAST EAST,16.33,295.0
N20002538,Castlereagh_East_H5,BELFAST EAST,24.38,331.0
N20002539,Castlereagh_East_H6,BELFAST EAST,23.25,311.0
N20002541,Castlereagh_East_J2,BELFAST EAST,18.82,376.0
N20002542,Castlereagh_East_J3,STRANGFORD,17.26,310.0
N20002543,Castlereagh_East_J4,STRANGFORD,20.23,226.0
N20002544,Castlereagh_East_K1,STRANGFORD,17.34,308.0
N20002545,Castlereagh_East_K2,STRANGFORD,15.44,476.0
N20002546,Castlereagh_East_K3,STRANGFORD,16.23,502.0
N20002547,Castlereagh_East_J5,STRANGFORD,23.73,505.0
N20002549,Bannside_A2,NORTH ANTRIM,17.25,453.0
N20002551,Bannside_A3,NORTH ANTRIM,17.03,348.0
N20002552,Bannside_C2,NORTH ANTRIM,36.8,355.0
N20002553,Bannside_C3,NORTH ANTRIM,39.16,345.0
N20002554,Bannside_B1,NORTH ANTRIM,16.64,276.0
N20002555,Bannside_B2,NORTH ANTRIM,15.22,418.0
N20002556,Bannside_B3,NORTH ANTRIM,18.44,398.0
N20002557,Bannside_B4,NORTH ANTRIM,12.16,483.0
N20002558,Bannside_B5,NORTH ANTRIM,16.29,290.0
N20002559,Bannside_B6,NORTH ANTRIM,19.1,332.0
N20002560,Bannside_D1,NORTH ANTRIM,40.61,292.0
N20002561,Bannside_D2,NORTH ANTRIM,60.87,331.0
N20002562,Bannside_D3,NORTH ANTRIM,49.65,450.0
N20002563,Bannside_C4,NORTH ANTRIM,17.67,569.0
N20002564,Bannside_A4,NORTH ANTRIM,16.39,575.0
N20002565,Bannside_E1,NORTH ANTRIM,18.93,253.0
N20002567,Bannside_E3,NORTH ANTRIM,16.01,430.0
N20002569,Bannside_E5,NORTH ANTRIM,20.37,309.0
N20002571,Bannside_F1,NORTH ANTRIM,12.95,392.0
N20002572,Bannside_F2,NORTH ANTRIM,14.85,482.0
N20002573,Bannside_E7,NORTH ANTRIM,14.16,409.0
N20002574,Bannside_F3,NORTH ANTRIM,15.86,539.0
N20002577,Bannside_H1,NORTH ANTRIM,49.85,479.0
N20002578,Bannside_G2,NORTH ANTRIM,18.76,411.0
N20002579,Bannside_G3,NORTH ANTRIM,17.08,431.0
N20002580,Bannside_H2,NORTH ANTRIM,24.2,422.0
N20002581,Bannside_J1,NORTH ANTRIM,31.38,512.0
N20002582,Bannside_J2,NORTH ANTRIM,17.68,521.0
N20002583,Bannside_H3,NORTH ANTRIM,59.02,459.0
N20002584,Bannside_J3,NORTH ANTRIM,28.12,532.0
N20002587,Ballymena_A1,NORTH ANTRIM,56.43,252.0
N20002588,Ballymena_A2,NORTH ANTRIM,59.89,415.0
N20002590,Ballymena_D1,NORTH ANTRIM,61.59,359.0
N20002591,Ballymena_B1,NORTH ANTRIM,35.95,316.0
N20002593,Ballymena_D2,NORTH ANTRIM,61.35,523.0
N20002594,Ballymena_A4,NORTH ANTRIM,52.61,382.0
N20002595,Ballymena_B2,NORTH ANTRIM,32.58,493.0
N20002596,Ballymena_C2,NORTH ANTRIM,52.17,281.0
N20002597,Ballymena_B3,NORTH ANTRIM,39.56,345.0
N20002598,Ballymena_D3,NORTH ANTRIM,65.66,314.0
N20002599,Ballymena_B4,NORTH ANTRIM,30.17,337.0
N20002600,Ballymena_B5,NORTH ANTRIM,20.92,491.0
N20002601,Ballymena_C3,NORTH ANTRIM,46.38,363.0
N20002602,Ballymena_C4,NORTH ANTRIM,60.23,349.0
N20002604,Ballymena_D4,NORTH ANTRIM,58.06,600.0
N20002605,Ballymena_C5,NORTH ANTRIM,51.78,440.0
N20002606,Ballymena_E1,NORTH ANTRIM,35.37,612.0
N20002607,Ballymena_F1,NORTH ANTRIM,22.45,270.0
N20002608,Ballymena_C6,NORTH ANTRIM,48.69,182.0
N20002610,Ballymena_F3,NORTH ANTRIM,29.57,315.0
N20002612,Ballymena_D5,NORTH ANTRIM,57.2,421.0
N20002613,Ballymena_E3,NORTH ANTRIM,36.95,594.0
N20002615,Ballymena_E4,NORTH ANTRIM,34.76,440.0
N20002616,Ballymena_G2,NORTH ANTRIM,42.23,252.0
N20002617,Ballymena_G3,NORTH ANTRIM,38.07,600.0
N20002618,Ballymena_F4,NORTH ANTRIM,24.66,356.0
N20002619,Ballymena_H1,NORTH ANTRIM,23.56,438.0
N20002620,Ballymena_G4,NORTH ANTRIM,31.48,474.0
N20002621,Ballymena_F5,NORTH ANTRIM,21.89,354.0
N20002622,Ballymena_H2,NORTH ANTRIM,20.47,318.0
N20002623,Ballymena_F6,NORTH ANTRIM,20.32,306.0
N20002624,Ballymena_F7,NORTH ANTRIM,29.59,388.0
N20002625,Ballymena_J1,NORTH ANTRIM,21.93,276.0
N20002626,Ballymena_H3,NORTH ANTRIM,16.57,294.0
N20002627,Ballymena_J2,NORTH ANTRIM,20.51,191.0
N20002628,Ballymena_G5,NORTH ANTRIM,28.38,417.0
N20002629,Ballymena_J3,NORTH ANTRIM,20.54,497.0
N20002631,Ballymena_H4,NORTH ANTRIM,17.96,338.0
N20002633,Ballymena_K2,NORTH ANTRIM,25.3,413.0
N20002634,Ballymena_K3,NORTH ANTRIM,28.86,370.0
N20002635,Ballymena_K4,NORTH ANTRIM,20.72,310.0
N20002637,Ballymena_K6,NORTH ANTRIM,21.7,444.0
N20002638,Ballymena_K7,NORTH ANTRIM,28.3,273.0
N20002639,Braid_A1,NORTH ANTRIM,40.79,548.0
N20002640,Braid_A2,NORTH ANTRIM,75.75,526.0
N20002641,Braid_A3,NORTH ANTRIM,75.54,355.0
N20002642,Braid_B1,NORTH ANTRIM,55.36,441.0
N20002643,Braid_C1,NORTH ANTRIM,47.71,388.0
N20002645,Braid_A5,NORTH ANTRIM,15.88,539.0
N20002646,Braid_C2,NORTH ANTRIM,40.01,582.0
N20002647,Braid_C3,NORTH ANTRIM,18.56,555.0
N20002648,Braid_B2,NORTH ANTRIM,16.21,554.0
N20002649,Braid_B3,NORTH ANTRIM,31.24,339.0
N20002650,Braid_C4,NORTH ANTRIM,18.66,324.0
N20002651,Braid_B4,NORTH ANTRIM,17.05,360.0
N20002652,Braid_D1,NORTH ANTRIM,19.42,496.0
N20002653,Braid_C5,NORTH ANTRIM,15.74,444.0
N20002654,Braid_E1,NORTH ANTRIM,13.87,562.0
N20002655,Braid_C6,NORTH ANTRIM,46.13,439.0
N20002656,Braid_D2,NORTH ANTRIM,14.77,420.0
N20002658,Braid_H1,NORTH ANTRIM,32.92,505.0
N20002660,Braid_E3,NORTH ANTRIM,13.58,335.0
N20002661,Braid_E4,NORTH ANTRIM,19.06,300.0
N20002662,Braid_F1,NORTH ANTRIM,17.45,516.0
N20002663,Braid_H2,NORTH ANTRIM,27.57,585.0
N20002664,Braid_F2,NORTH ANTRIM,27.02,453.0
N20002665,Braid_G1,NORTH ANTRIM,18.28,221.0
N20002666,Braid_G2,NORTH ANTRIM,24.94,402.0
N20002667,Braid_J1,NORTH ANTRIM,23.22,289.0
N20002668,Braid_F3,NORTH ANTRIM,19.96,489.0
N20002669,Braid_G3,NORTH ANTRIM,20.92,404.0
N20002670,Braid_J2,NORTH ANTRIM,17.18,473.0
N20002671,Braid_G4,NORTH ANTRIM,23.57,487.0
N20002672,Braid_J3,NORTH ANTRIM,22.02,194.0
N20002673,Braid_G5,NORTH ANTRIM,21.3,333.0
N20002675,Braid_H4,NORTH ANTRIM,15.64,253.0
N20002676,Braid_H5,NORTH ANTRIM,19.7,557.0
N20002677,Braid_F4,NORTH ANTRIM,16.67,472.0
N20002678,Braid_H6,NORTH ANTRIM,17.21,511.0
N20002679,Braid_F5,NORTH ANTRIM,14.28,372.0
N20002680,Braid_K1,NORTH ANTRIM,18.11,339.0
N20002681,Braid_K2,NORTH ANTRIM,18.68,460.0
N20002682,Braid_K3,NORTH ANTRIM,17.87,507.0
N20002683,Braid_K4,NORTH ANTRIM,18.39,358.0
N20002686,Coast_Road_A1,EAST ANTRIM,70.41,342.0
N20002689,Coast_Road_B2,EAST ANTRIM,42.61,395.0
N20002690,Coast_Road_B3,EAST ANTRIM,48.64,330.0
N20002691,Coast_Road_C1,EAST ANTRIM,45.13,533.0
N20002692,Coast_Road_C2,EAST ANTRIM,34.22,378.0
N20002693,Coast_Road_C3,EAST ANTRIM,26.18,313.0
N20002694,Coast_Road_C4,EAST ANTRIM,36.1,354.0
N20002695,Coast_Road_D1,EAST ANTRIM,29.94,409.0
N20002696,Coast_Road_D2,EAST ANTRIM,35.48,350.0
N20002697,Coast_Road_D3,EAST ANTRIM,34.79,383.0
N20002698,Coast_Road_D4,EAST ANTRIM,45.86,337.0
N20002699,Coast_Road_F1,EAST ANTRIM,30.57,463.0
N20002700,Coast_Road_F2,EAST ANTRIM,32.08,337.0
N20002704,Coast_Road_E3,EAST ANTRIM,25.68,267.0
N20002705,Coast_Road_F3,EAST ANTRIM,30.99,319.0
N20002707,Coast_Road_G1,EAST ANTRIM,26.6,331.0
N20002708,Coast_Road_E4,EAST ANTRIM,28.07,294.0
N20002710,Coast_Road_H1,EAST ANTRIM,29.31,403.0
N20002712,Coast_Road_H3,EAST ANTRIM,28.72,256.0
N20002713,Coast_Road_J1,EAST ANTRIM,26.62,393.0
N20002715,Coast_Road_E5,EAST ANTRIM,35.49,442.0
N20002716,Coast_Road_F5,EAST ANTRIM,33.41,526.0
N20002717,Coast_Road_E6,EAST ANTRIM,40.53,252.0
N20002718,Coast_Road_G4,EAST ANTRIM,40.48,399.0
N20002719,Coast_Road_H4,EAST ANTRIM,28.0,317.0
N20002720,Coast_Road_J2,EAST ANTRIM,44.77,353.0
N20002722,Coast_Road_J4,EAST ANTRIM,23.3,345.0
N20002723,Coast_Road_H5,EAST ANTRIM,27.36,313.0
N20002724,Coast_Road_J5,EAST ANTRIM,35.13,279.0
N20002725,Larne_Lough_A1,EAST ANTRIM,26.86,237.0
N20002726,Larne_Lough_A2,EAST ANTRIM,33.19,489.0
N20002727,Larne_Lough_B1,EAST ANTRIM,39.47,371.0
N20002728,Larne_Lough_A3,EAST ANTRIM,31.95,328.0
N20002729,Larne_Lough_B2,EAST ANTRIM,28.27,155.0
N20002730,Larne_Lough_C1,EAST ANTRIM,29.22,346.0
N20002731,Larne_Lough_C2,EAST ANTRIM,30.58,458.0
N20002732,Larne_Lough_B3,EAST ANTRIM,28.63,352.0
N20002733,Larne_Lough_C3,EAST ANTRIM,34.82,317.0
N20002734,Larne_Lough_B4,EAST ANTRIM,26.71,245.0
N20002735,Larne_Lough_B5,EAST ANTRIM,29.33,450.0
N20002736,Larne_Lough_B6,EAST ANTRIM,21.74,336.0
N20002737,Larne_Lough_C4,EAST ANTRIM,33.34,432.0
N20002738,Larne_Lough_C5,EAST ANTRIM,34.44,307.0
N20002739,Larne_Lough_E1,EAST ANTRIM,19.08,528.0
N20002740,Larne_Lough_C6,EAST ANTRIM,21.62,474.0
N20002741,Larne_Lough_F1,EAST ANTRIM,16.17,402.0
N20002742,Larne_Lough_D1,EAST ANTRIM,19.43,672.0
N20002743,Larne_Lough_E2,EAST ANTRIM,17.17,723.0
N20002744,Larne_Lough_D2,EAST ANTRIM,18.29,638.0
N20002745,Larne_Lough_F2,EAST ANTRIM,18.73,404.0
N20002746,Larne_Lough_D3,EAST ANTRIM,14.91,572.0
N20002747,Larne_Lough_F3,EAST ANTRIM,17.91,496.0
N20002748,Larne_Lough_F4,EAST ANTRIM,22.43,359.0
N20002749,Larne_Lough_G1,EAST ANTRIM,17.16,288.0
N20002750,Larne_Lough_G2,EAST ANTRIM,17.99,263.0
N20002751,Larne_Lough_E3,EAST ANTRIM,16.79,481.0
N20002752,Larne_Lough_G3,EAST ANTRIM,16.8,266.0
N20002753,Larne_Lough_G4,EAST ANTRIM,16.92,339.0
N20002754,Larne_Lough_H1,EAST ANTRIM,30.04,228.0
N20002755,Larne_Lough_J1,EAST ANTRIM,20.3,432.0
N20002756,Larne_Lough_H2,EAST ANTRIM,26.55,320.0
N20002757,Larne_Lough_J2,EAST ANTRIM,28.65,392.0
N20002758,Larne_Lough_F5,EAST ANTRIM,23.16,375.0
N20002760,Larne_Lough_H4,EAST ANTRIM,32.36,382.0
N20002761,Larne_Lough_J3,EAST ANTRIM,26.85,485.0
N20002762,Larne_Lough_J4,EAST ANTRIM,27.74,548.0
N20002763,Carrick_Castle_A1,EAST ANTRIM,16.39,377.0
N20002764,Carrick_Castle_A2,EAST ANTRIM,20.54,438.0
N20002765,Carrick_Castle_A3,EAST ANTRIM,22.45,466.0
N20002766,Carrick_Castle_A4,EAST ANTRIM,17.14,243.0
N20002767,Carrick_Castle_B1,EAST ANTRIM,21.76,319.0
N20002768,Carrick_Castle_C1,EAST ANTRIM,18.5,673.0
N20002769,Carrick_Castle_A5,EAST ANTRIM,23.49,411.0
N20002770,Carrick_Castle_C2,EAST ANTRIM,21.88,520.0
N20002771,Carrick_Castle_E1,EAST ANTRIM,25.56,260.0
N20002772,Carrick_Castle_D1,EAST ANTRIM,20.16,260.0
N20002774,Carrick_Castle_E2,EAST ANTRIM,20.94,641.0
N20002775,Carrick_Castle_C3,EAST ANTRIM,17.85,677.0
N20002776,Carrick_Castle_D3,EAST ANTRIM,20.7,223.0
N20002777,Carrick_Castle_E3,EAST ANTRIM,17.87,354.0
N20002778,Carrick_Castle_B2,EAST ANTRIM,21.16,573.0
N20002779,Carrick_Castle_B3,EAST ANTRIM,21.54,342.0
N20002780,Carrick_Castle_D4,EAST ANTRIM,21.4,484.0
N20002781,Carrick_Castle_D5,EAST ANTRIM,21.22,447.0
N20002782,Carrick_Castle_E4,EAST ANTRIM,19.58,310.0
N20002783,Carrick_Castle_C4,EAST ANTRIM,15.59,349.0
N20002784,Carrick_Castle_B4,EAST ANTRIM,24.17,284.0
N20002785,Carrick_Castle_F1,EAST ANTRIM,17.21,292.0
N20002786,Carrick_Castle_E5,EAST ANTRIM,20.38,442.0
N20002788,Carrick_Castle_F3,EAST ANTRIM,18.72,369.0
N20002789,Carrick_Castle_F4,EAST ANTRIM,23.09,459.0
N20002790,Carrick_Castle_G1,EAST ANTRIM,26.39,455.0
N20002791,Carrick_Castle_F5,EAST ANTRIM,22.6,288.0
N20002792,Carrick_Castle_G2,EAST ANTRIM,22.43,411.0
N20002793,Carrick_Castle_G3,EAST ANTRIM,18.27,277.0
N20002794,Carrick_Castle_H1,EAST ANTRIM,23.76,344.0
N20002795,Carrick_Castle_G4,EAST ANTRIM,20.46,447.0
N20002796,Carrick_Castle_H2,EAST ANTRIM,30.52,331.0
N20002797,Carrick_Castle_H3,EAST ANTRIM,30.14,392.0
N20002798,Carrick_Castle_J1,EAST ANTRIM,32.61,350.0
N20002799,Carrick_Castle_J2,EAST ANTRIM,30.15,383.0
N20002800,Carrick_Castle_J3,EAST ANTRIM,23.99,472.0
N20002801,Carrick_Castle_J4,EAST ANTRIM,20.5,207.0
N20002802,Knockagh_A1,EAST ANTRIM,14.73,757.0
N20002803,Knockagh_B1,EAST ANTRIM,20.4,390.0
N20002804,Knockagh_B2,EAST ANTRIM,16.56,553.0
N20002805,Knockagh_C1,EAST ANTRIM,18.79,407.0
N20002806,Knockagh_C2,EAST ANTRIM,20.72,386.0
N20002807,Knockagh_C3,EAST ANTRIM,16.53,269.0
N20002808,Knockagh_B3,EAST ANTRIM,17.07,586.0
N20002809,Knockagh_A2,EAST ANTRIM,17.13,545.0
N20002810,Knockagh_C4,EAST ANTRIM,20.26,378.0
N20002811,Knockagh_D1,EAST ANTRIM,20.1,287.0
N20002812,Knockagh_F1,EAST ANTRIM,21.29,201.0
N20002813,Knockagh_D2,EAST ANTRIM,21.14,342.0
N20002814,Knockagh_C5,EAST ANTRIM,20.51,556.0
N20002815,Knockagh_D3,EAST ANTRIM,23.16,218.0
N20002816,Knockagh_D4,EAST ANTRIM,23.64,268.0
N20002817,Knockagh_E1,EAST ANTRIM,23.03,314.0
N20002818,Knockagh_E2,EAST ANTRIM,22.74,356.0
N20002819,Knockagh_F2,EAST ANTRIM,22.45,447.0
N20002820,Knockagh_F3,EAST ANTRIM,23.8,314.0
N20002821,Knockagh_E3,EAST ANTRIM,23.27,487.0
N20002822,Knockagh_F4,EAST ANTRIM,23.54,464.0
N20002823,Knockagh_F5,EAST ANTRIM,22.16,577.0
N20002824,Knockagh_F6,EAST ANTRIM,28.8,212.0
N20002825,Knockagh_G1,EAST ANTRIM,23.06,578.0
N20002826,Knockagh_G2,EAST ANTRIM,20.07,481.0
N20002828,Knockagh_H1,EAST ANTRIM,26.3,306.0
N20002829,Knockagh_H2,EAST ANTRIM,23.01,437.0
N20002830,Knockagh_J1,EAST ANTRIM,27.88,421.0
N20002831,Knockagh_H3,EAST ANTRIM,24.97,278.0
N20002832,Knockagh_G4,EAST ANTRIM,24.21,410.0
N20002833,Knockagh_H4,EAST ANTRIM,24.5,322.0
N20002834,Knockagh_H5,EAST ANTRIM,21.94,281.0
N20002835,Knockagh_J2,EAST ANTRIM,28.5,474.0
N20002836,Knockagh_J3,EAST ANTRIM,31.84,482.0
N20002837,Carntogher_B1,MID ULSTER,60.81,296.0
N20002839,Carntogher_B2,MID ULSTER,60.35,473.0
N20002840,Carntogher_A2,MID ULSTER,42.89,519.0
N20002843,Carntogher_A3,MID ULSTER,55.77,529.0
N20002846,Carntogher_A4,MID ULSTER,19.3,526.0
N20002848,Carntogher_C1,MID ULSTER,68.38,631.0
N20002850,Carntogher_E1,MID ULSTER,75.58,299.0
N20002851,Carntogher_E2,MID ULSTER,71.23,625.0
N20002852,Carntogher_E3,MID ULSTER,79.55,469.0
N20002853,Carntogher_C3,MID ULSTER,25.99,584.0
N20002855,Carntogher_F2,MID ULSTER,50.95,338.0
N20002856,Carntogher_E4,MID ULSTER,74.95,326.0
N20002857,Carntogher_F3,MID ULSTER,35.68,437.0
N20002858,Carntogher_F4,MID ULSTER,70.61,411.0
N20002859,Carntogher_C4,MID ULSTER,79.7,582.0
N20002860,Carntogher_D3,MID ULSTER,72.5,628.0
N20002861,Carntogher_C5,MID ULSTER,78.99,327.0
N20002862,Carntogher_D4,MID ULSTER,77.75,395.0
N20002863,Carntogher_D5,MID ULSTER,75.95,564.0
N20002865,Moyola_C1,MID ULSTER,76.38,418.0
N20002867,Moyola_B1,MID ULSTER,18.52,696.0
N20002869,Moyola_A2,MID ULSTER,76.9,467.0
N20002870,Moyola_A3,MID ULSTER,74.29,476.0
N20002871,Moyola_E1,MID ULSTER,50.26,598.0
N20002872,Moyola_B2,MID ULSTER,28.12,573.0
N20002874,Moyola_D2,MID ULSTER,77.62,295.0
N20002875,Moyola_D3,MID ULSTER,77.18,462.0
N20002876,Moyola_E2,MID ULSTER,32.69,443.0
N20002877,Moyola_E3,MID ULSTER,51.4,440.0
N20002878,Moyola_D4,MID ULSTER,79.05,344.0
N20002879,Moyola_E4,MID ULSTER,44.27,814.0
N20002880,Moyola_F1,MID ULSTER,52.42,418.0
N20002881,Moyola_F2,MID ULSTER,36.28,461.0
N20002882,Moyola_C3,MID ULSTER,69.66,613.0
N20002883,Moyola_F3,MID ULSTER,42.98,403.0
N20002884,Moyola_F4,MID ULSTER,51.35,478.0
N20002885,Moyola_G1,MID ULSTER,78.44,558.0
N20002886,Moyola_G2,MID ULSTER,44.77,407.0
N20002887,Moyola_C4,MID ULSTER,78.6,668.0
N20002888,Moyola_G3,MID ULSTER,77.18,411.0
N20002890,Moyola_G4,MID ULSTER,75.89,493.0
N20002891,Moyola_H2,MID ULSTER,47.85,615.0
N20002892,Moyola_H3,MID ULSTER,69.53,447.0
N20002893,Moyola_H4,MID ULSTER,66.18,413.0
N20002894,Magherafelt_A1,MID ULSTER,66.46,504.0
N20002895,Magherafelt_A2,MID ULSTER,65.55,280.0
N20002896,Magherafelt_C1,MID ULSTER,56.93,293.0
N20002897,Magherafelt_A3,MID ULSTER,58.23,195.0
N20002900,Magherafelt_C2,MID ULSTER,63.39,294.0
N20002901,Magherafelt_A5,MID ULSTER,57.37,248.0
N20002902,Magherafelt_A6,MID ULSTER,51.07,397.0
N20002903,Magherafelt_C3,MID ULSTER,60.31,457.0
N20002904,Magherafelt_B2,MID ULSTER,58.33,505.0
N20002905,Magherafelt_A7,MID ULSTER,49.06,363.0
N20002906,Magherafelt_B3,MID ULSTER,68.84,267.0
N20002907,Magherafelt_B4,MID ULSTER,36.87,481.0
N20002908,Magherafelt_B5,MID ULSTER,59.19,565.0
N20002909,Magherafelt_C4,MID ULSTER,51.2,540.0
N20002910,Magherafelt_C5,MID ULSTER,52.94,431.0
N20002911,Magherafelt_D1,MID ULSTER,55.76,616.0
N20002912,Magherafelt_C6,MID ULSTER,48.6,551.0
N20002913,Magherafelt_E1,MID ULSTER,25.26,359.0
N20002914,Magherafelt_E2,MID ULSTER,38.93,468.0
N20002915,Magherafelt_D2,MID ULSTER,36.54,532.0
N20002916,Magherafelt_G1,MID ULSTER,70.47,459.0
N20002917,Magherafelt_G2,MID ULSTER,56.01,473.0
N20002920,Magherafelt_D4,MID ULSTER,39.59,536.0
N20002922,Magherafelt_F2,MID ULSTER,44.83,394.0
N20002923,Magherafelt_F3,MID ULSTER,49.82,380.0
N20002924,Magherafelt_F4,MID ULSTER,42.4,476.0
N20002926,Magherafelt_D5,MID ULSTER,30.08,469.0
N20002927,Magherafelt_G4,MID ULSTER,70.74,392.0
N20002928,Magherafelt_E4,MID ULSTER,41.55,611.0
N20002930,Cookstown_A2,MID ULSTER,68.83,532.0
N20002931,Cookstown_A3,MID ULSTER,29.24,423.0
N20002932,Cookstown_B1,MID ULSTER,30.96,368.0
N20002933,Cookstown_E1,MID ULSTER,68.41,342.0
N20002934,Cookstown_B2,MID ULSTER,25.8,391.0
N20002935,Cookstown_B3,MID ULSTER,18.07,261.0
N20002937,Cookstown_B4,MID ULSTER,38.08,516.0
N20002938,Cookstown_C1,MID ULSTER,18.95,491.0
N20002939,Cookstown_E3,MID ULSTER,24.96,226.0
N20002940,Cookstown_C2,MID ULSTER,42.33,469.0
N20002941,Cookstown_D1,MID ULSTER,53.11,501.0
N20002942,Cookstown_G1,MID ULSTER,41.78,562.0
N20002943,Cookstown_D2,MID ULSTER,56.59,392.0
N20002945,Cookstown_C3,MID ULSTER,71.06,163.0
N20002946,Cookstown_C4,MID ULSTER,67.05,305.0
N20002947,Cookstown_C5,MID ULSTER,49.47,234.0
N20002948,Cookstown_A5,MID ULSTER,77.25,603.0
N20002949,Cookstown_D3,MID ULSTER,61.71,421.0
N20002950,Cookstown_C6,MID ULSTER,61.7,365.0
N20002953,Cookstown_D4,MID ULSTER,57.44,471.0
N20002954,Cookstown_B5,MID ULSTER,60.93,557.0
N20002956,Cookstown_F1,MID ULSTER,78.01,525.0
N20002957,Cookstown_F2,MID ULSTER,68.96,477.0
N20002958,Cookstown_B6,MID ULSTER,67.68,230.0
N20002960,Cookstown_F3,MID ULSTER,29.88,347.0
N20002961,Cookstown_H1,MID ULSTER,67.45,363.0
N20002962,Cookstown_F4,MID ULSTER,62.34,451.0
N20002964,Cookstown_H3,MID ULSTER,53.92,477.0
N20002965,Cookstown_H4,MID ULSTER,61.72,350.0
N20002967,Cookstown_J2,MID ULSTER,30.55,448.0
N20002968,Cookstown_G3,MID ULSTER,23.05,314.0
N20002969,Cookstown_G4,MID ULSTER,28.26,403.0
N20002970,Cookstown_K1,MID ULSTER,75.74,474.0
N20002971,Cookstown_J3,MID ULSTER,54.87,586.0
N20002972,Cookstown_K2,MID ULSTER,77.72,414.0
N20002973,Cookstown_J4,MID ULSTER,65.53,536.0
N20002974,Cookstown_K3,MID ULSTER,56.54,406.0
N20002979,Torrent_B1,MID ULSTER,23.27,469.0
N20002982,Torrent_D1,MID ULSTER,72.67,486.0
N20002983,Torrent_C1,MID ULSTER,64.28,423.0
N20002984,Torrent_D2,MID ULSTER,64.88,480.0
N20002986,Torrent_C2,MID ULSTER,57.17,441.0
N20002988,Torrent_B5,MID ULSTER,58.95,389.0
N20002989,Torrent_D3,MID ULSTER,74.14,417.0
N20002990,Torrent_E1,MID ULSTER,70.48,496.0
N20002991,Torrent_C3,MID ULSTER,79.63,344.0
N20002993,Torrent_C4,MID ULSTER,74.76,558.0
N20002994,Torrent_G1,MID ULSTER,27.73,446.0
N20002995,Torrent_F1,MID ULSTER,78.35,454.0
N20002997,Torrent_F2,MID ULSTER,78.65,505.0
N20002998,Torrent_E3,MID ULSTER,73.94,529.0
N20002999,Torrent_F3,MID ULSTER,77.91,367.0
N20003001,Torrent_H1,MID ULSTER,78.89,290.0
N20003002,Torrent_H2,MID ULSTER,71.44,296.0
N20003003,Torrent_H3,MID ULSTER,74.46,254.0
N20003004,Torrent_G2,MID ULSTER,39.26,374.0
N20003005,Torrent_H4,MID ULSTER,75.91,192.0
N20003006,Torrent_F4,MID ULSTER,77.08,512.0
N20003007,Torrent_E4,MID ULSTER,71.32,319.0
N20003009,Torrent_G3,MID ULSTER,71.18,637.0
N20003010,Torrent_H6,MID ULSTER,77.82,421.0
N20003012,Torrent_F5,MID ULSTER,80.33,378.0
N20003013,Torrent_F6,MID ULSTER,75.06,535.0
N20003014,Torrent_G4,MID ULSTER,76.7,280.0
N20003018,Dungannon_D1,MID ULSTER,66.29,365.0
N20003019,Dungannon_G1,MID ULSTER,52.24,402.0
N20003020,Dungannon_A1,FERMANAGH AND SOUTH TYRONE,75.65,473.0
N20003021,Dungannon_G2,FERMANAGH AND SOUTH TYRONE,66.7,394.0
N20003022,Dungannon_A2,FERMANAGH AND SOUTH TYRONE,74.45,478.0
N20003025,Dungannon_B2,FERMANAGH AND SOUTH TYRONE,74.18,441.0
N20003026,Dungannon_A3,FERMANAGH AND SOUTH TYRONE,74.36,311.0
N20003027,Dungannon_D3,FERMANAGH AND SOUTH TYRONE,43.25,348.0
N20003028,Dungannon_A4,FERMANAGH AND SOUTH TYRONE,73.72,331.0
N20003030,Dungannon_B3,FERMANAGH AND SOUTH TYRONE,74.55,525.0
N20003031,Dungannon_A6,FERMANAGH AND SOUTH TYRONE,65.43,563.0
N20003032,Dungannon_B4,FERMANAGH AND SOUTH TYRONE,76.1,499.0
N20003033,Dungannon_F1,FERMANAGH AND SOUTH TYRONE,78.09,468.0
N20003034,Dungannon_C1,FERMANAGH AND SOUTH TYRONE,65.92,299.0
N20003035,Dungannon_F2,FERMANAGH AND SOUTH TYRONE,78.29,297.0
N20003036,Dungannon_G3,FERMANAGH AND SOUTH TYRONE,45.54,364.0
N20003037,Dungannon_C2,FERMANAGH AND SOUTH TYRONE,74.11,312.0
N20003038,Dungannon_C3,FERMANAGH AND SOUTH TYRONE,64.02,421.0
N20003039,Dungannon_E1,FERMANAGH AND SOUTH TYRONE,53.65,571.0
N20003040,Dungannon_E2,FERMANAGH AND SOUTH TYRONE,45.3,596.0
N20003041,Dungannon_F3,FERMANAGH AND SOUTH TYRONE,78.27,485.0
N20003042,Dungannon_F4,FERMANAGH AND SOUTH TYRONE,72.19,428.0
N20003043,Dungannon_F5,FERMANAGH AND SOUTH TYRONE,51.73,495.0
N20003044,Dungannon_H1,FERMANAGH AND SOUTH TYRONE,52.41,353.0
N20003045,Dungannon_E3,FERMANAGH AND SOUTH TYRONE,47.98,417.0
N20003046,Dungannon_E4,FERMANAGH AND SOUTH TYRONE,54.77,481.0
N20003047,Dungannon_H2,FERMANAGH AND SOUTH TYRONE,54.07,405.0
N20003048,Dungannon_D4,FERMANAGH AND SOUTH TYRONE,25.9,518.0
N20003049,Dungannon_H3,FERMANAGH AND SOUTH TYRONE,41.64,391.0
N20003050,Dungannon_F6,FERMANAGH AND SOUTH TYRONE,50.58,678.0
N20003051,Dungannon_H4,FERMANAGH AND SOUTH TYRONE,48.27,323.0
N20003052,Dungannon_H5,FERMANAGH AND SOUTH TYRONE,20.01,331.0
N20003053,Dungannon_H6,FERMANAGH AND SOUTH TYRONE,12.91,442.0
N20003054,Dungannon_D5,FERMANAGH AND SOUTH TYRONE,40.86,381.0
N20003055,Dungannon_G4,FERMANAGH AND SOUTH TYRONE,33.63,366.0
N20003056,Dungannon_G5,FERMANAGH AND SOUTH TYRONE,40.87,613.0
N20003057,Dungannon_K1,FERMANAGH AND SOUTH TYRONE,45.09,552.0
N20003058,Dungannon_J1,FERMANAGH AND SOUTH TYRONE,66.92,396.0
N20003060,Dungannon_J3,FERMANAGH AND SOUTH TYRONE,64.83,219.0
N20003061,Dungannon_J4,FERMANAGH AND SOUTH TYRONE,73.67,400.0
N20003062,Dungannon_K2,FERMANAGH AND SOUTH TYRONE,61.43,753.0
N20003063,Clogher_Valley_B1,MID ULSTER,78.19,767.0
N20003064,Clogher_Valley_A1,MID ULSTER,72.97,540.0
N20003065,Clogher_Valley_B2,FERMANAGH AND SOUTH TYRONE,55.92,634.0
N20003066,Clogher_Valley_A2,FERMANAGH AND SOUTH TYRONE,46.17,433.0
N20003068,Clogher_Valley_B3,FERMANAGH AND SOUTH TYRONE,74.74,353.0
N20003070,Clogher_Valley_C1,FERMANAGH AND SOUTH TYRONE,42.99,551.0
N20003071,Clogher_Valley_B4,FERMANAGH AND SOUTH TYRONE,49.31,442.0
N20003072,Clogher_Valley_A5,FERMANAGH AND SOUTH TYRONE,44.61,347.0
N20003073,Clogher_Valley_D1,FERMANAGH AND SOUTH TYRONE,64.4,562.0
N20003074,Clogher_Valley_B5,FERMANAGH AND SOUTH TYRONE,45.33,535.0
N20003076,Clogher_Valley_C2,FERMANAGH AND SOUTH TYRONE,70.46,324.0
N20003077,Clogher_Valley_E2,FERMANAGH AND SOUTH TYRONE,48.48,411.0
N20003079,Clogher_Valley_E3,FERMANAGH AND SOUTH TYRONE,59.72,549.0
N20003080,Clogher_Valley_D2,FERMANAGH AND SOUTH TYRONE,36.37,335.0
N20003081,Clogher_Valley_D3,FERMANAGH AND SOUTH TYRONE,45.92,480.0
N20003082,Clogher_Valley_E4,FERMANAGH AND SOUTH TYRONE,60.95,266.0
N20003083,Clogher_Valley_D4,FERMANAGH AND SOUTH TYRONE,50.27,342.0
N20003084,Clogher_Valley_E5,FERMANAGH AND SOUTH TYRONE,30.88,448.0
N20003085,Clogher_Valley_F1,FERMANAGH AND SOUTH TYRONE,45.09,384.0
N20003086,Clogher_Valley_E6,FERMANAGH AND SOUTH TYRONE,51.37,391.0
N20003087,Clogher_Valley_F2,FERMANAGH AND SOUTH TYRONE,52.54,220.0
N20003088,Clogher_Valley_G1,FERMANAGH AND SOUTH TYRONE,50.46,441.0
N20003089,Clogher_Valley_D5,FERMANAGH AND SOUTH TYRONE,54.75,626.0
N20003090,Clogher_Valley_G2,FERMANAGH AND SOUTH TYRONE,47.09,392.0
N20003091,Clogher_Valley_F3,FERMANAGH AND SOUTH TYRONE,48.3,413.0
N20003092,Clogher_Valley_E7,FERMANAGH AND SOUTH TYRONE,43.39,513.0
N20003093,Clogher_Valley_F4,FERMANAGH AND SOUTH TYRONE,42.53,467.0
N20003094,Clogher_Valley_F5,FERMANAGH AND SOUTH TYRONE,21.53,467.0
N20003095,Clogher_Valley_G3,FERMANAGH AND SOUTH TYRONE,28.81,417.0
N20003097,Clogher_Valley_H1,FERMANAGH AND SOUTH TYRONE,25.71,431.0
N20003100,Clogher_Valley_G4,FERMANAGH AND SOUTH TYRONE,42.13,399.0
N20003102,Slieve_Gullion_A2,NEWRY AND ARMAGH,35.01,438.0
N20003103,Slieve_Gullion_A3,NEWRY AND ARMAGH,50.82,637.0
N20003104,Slieve_Gullion_B1,NEWRY AND ARMAGH,51.58,503.0
N20003105,Slieve_Gullion_A4,NEWRY AND ARMAGH,36.44,569.0
N20003107,Slieve_Gullion_B3,NEWRY AND ARMAGH,67.53,578.0
N20003108,Slieve_Gullion_C1,NEWRY AND ARMAGH,52.28,236.0
N20003109,Slieve_Gullion_D1,NEWRY AND ARMAGH,57.29,356.0
N20003110,Slieve_Gullion_C2,NEWRY AND ARMAGH,64.39,546.0
N20003111,Slieve_Gullion_E1,NEWRY AND ARMAGH,71.73,468.0
N20003112,Slieve_Gullion_C3,NEWRY AND ARMAGH,73.94,379.0
N20003113,Slieve_Gullion_D2,NEWRY AND ARMAGH,65.2,580.0
N20003114,Slieve_Gullion_C4,NEWRY AND ARMAGH,74.62,352.0
N20003115,Slieve_Gullion_C5,NEWRY AND ARMAGH,78.03,683.0
N20003118,Slieve_Gullion_D4,NEWRY AND ARMAGH,75.2,218.0
N20003119,Slieve_Gullion_B4,NEWRY AND ARMAGH,65.12,208.0
N20003120,Slieve_Gullion_D5,NEWRY AND ARMAGH,75.54,369.0
N20003123,Slieve_Gullion_E4,NEWRY AND ARMAGH,76.59,434.0
N20003124,Slieve_Gullion_E5,NEWRY AND ARMAGH,80.41,551.0
N20003125,Slieve_Gullion_H1,NEWRY AND ARMAGH,37.77,559.0
N20003126,Slieve_Gullion_F2,NEWRY AND ARMAGH,77.67,627.0
N20003127,Slieve_Gullion_G1,NEWRY AND ARMAGH,77.04,555.0
N20003128,Slieve_Gullion_G2,NEWRY AND ARMAGH,69.91,561.0
N20003129,Slieve_Gullion_F3,NEWRY AND ARMAGH,80.36,595.0
N20003131,Slieve_Gullion_H2,NEWRY AND ARMAGH,77.41,427.0
N20003133,Slieve_Gullion_G3,NEWRY AND ARMAGH,79.9,680.0
N20003134,Slieve_Gullion_J1,NEWRY AND ARMAGH,77.66,273.0
N20003135,Slieve_Gullion_L1,NEWRY AND ARMAGH,79.52,425.0
N20003136,Slieve_Gullion_J2,NEWRY AND ARMAGH,78.79,358.0
N20003137,Slieve_Gullion_K2,NEWRY AND ARMAGH,78.89,565.0
N20003138,Slieve_Gullion_F5,NEWRY AND ARMAGH,79.16,347.0
N20003143,Slieve_Gullion_J4,NEWRY AND ARMAGH,80.79,371.0
N20003147,Slieve_Gullion_N2,NEWRY AND ARMAGH,76.22,424.0
N20003149,Slieve_Gullion_L4,NEWRY AND ARMAGH,79.91,676.0
N20003151,Slieve_Gullion_K5,NEWRY AND ARMAGH,79.25,340.0
N20003152,Slieve_Gullion_H4,NEWRY AND ARMAGH,78.74,342.0
N20003153,Slieve_Gullion_H5,NEWRY AND ARMAGH,79.31,523.0
N20003154,Newry_A1,NEWRY AND ARMAGH,49.5,569.0
N20003155,Newry_B1,SOUTH DOWN,72.76,559.0
N20003156,Newry_B2,SOUTH DOWN,74.32,516.0
N20003157,Newry_A2,NEWRY AND ARMAGH,78.93,467.0
N20003158,Newry_B3,NEWRY AND ARMAGH,68.75,270.0
N20003159,Newry_A3,NEWRY AND ARMAGH,77.21,342.0
N20003160,Newry_B4,SOUTH DOWN,75.66,368.0
N20003161,Newry_A4,NEWRY AND ARMAGH,69.44,481.0
N20003162,Newry_C1,NEWRY AND ARMAGH,77.02,359.0
N20003163,Newry_D1,NEWRY AND ARMAGH,70.31,413.0
N20003164,Newry_A5,NEWRY AND ARMAGH,76.4,378.0
N20003165,Newry_D2,NEWRY AND ARMAGH,75.44,425.0
N20003166,Newry_C2,NEWRY AND ARMAGH,79.57,249.0
N20003167,Newry_C3,NEWRY AND ARMAGH,78.98,409.0
N20003168,Newry_D3,NEWRY AND ARMAGH,73.73,325.0
N20003169,Newry_D4,NEWRY AND ARMAGH,76.54,534.0
N20003170,Newry_E1,NEWRY AND ARMAGH,74.65,334.0
N20003171,Newry_C4,NEWRY AND ARMAGH,74.08,260.0
N20003172,Newry_E2,NEWRY AND ARMAGH,71.68,339.0
N20003173,Newry_F1,NEWRY AND ARMAGH,77.63,429.0
N20003174,Newry_E3,NEWRY AND ARMAGH,72.52,341.0
N20003175,Newry_G1,NEWRY AND ARMAGH,74.1,385.0
N20003176,Newry_F2,NEWRY AND ARMAGH,76.48,460.0
N20003177,Newry_F3,NEWRY AND ARMAGH,78.12,393.0
N20003179,Newry_E5,NEWRY AND ARMAGH,67.01,329.0
N20003180,Newry_G2,NEWRY AND ARMAGH,74.67,419.0
N20003181,Newry_G3,NEWRY AND ARMAGH,76.34,373.0
N20003182,Newry_F4,NEWRY AND ARMAGH,77.34,342.0
N20003183,Newry_H1,NEWRY AND ARMAGH,78.36,412.0
N20003184,Newry_G4,NEWRY AND ARMAGH,78.87,491.0
N20003185,Newry_H2,NEWRY AND ARMAGH,75.57,441.0
N20003187,Newry_L1,NEWRY AND ARMAGH,75.66,385.0
N20003188,Newry_K1,NEWRY AND ARMAGH,79.07,433.0
N20003189,Newry_J1,NEWRY AND ARMAGH,74.67,481.0
N20003190,Newry_L2,NEWRY AND ARMAGH,68.78,242.0
N20003191,Newry_K2,NEWRY AND ARMAGH,78.21,454.0
N20003192,Newry_J2,NEWRY AND ARMAGH,77.33,382.0
N20003193,Newry_L3,NEWRY AND ARMAGH,74.65,399.0
N20003194,Newry_K3,NEWRY AND ARMAGH,80.22,502.0
N20003195,Newry_L4,NEWRY AND ARMAGH,76.72,406.0
N20003196,Newry_K4,NEWRY AND ARMAGH,75.27,351.0
N20003197,Newry_J3,NEWRY AND ARMAGH,77.6,619.0
N20003198,Newry_L5,NEWRY AND ARMAGH,77.49,431.0
N20003199,Newry_L6,NEWRY AND ARMAGH,76.27,286.0
N20003200,Newry_N1,NEWRY AND ARMAGH,78.02,797.0
N20003202,Newry_N2,NEWRY AND ARMAGH,78.01,470.0
N20003203,Newry_P2,NEWRY AND ARMAGH,81.04,387.0
N20003204,Newry_N3,NEWRY AND ARMAGH,77.8,630.0
N20003205,Newry_P3,NEWRY AND ARMAGH,80.33,464.0
N20003207,Crotlieve_A1,SOUTH DOWN,74.93,465.0
N20003208,Crotlieve_A2,SOUTH DOWN,34.5,341.0
N20003209,Crotlieve_A3,SOUTH DOWN,45.92,417.0
N20003210,Crotlieve_A4,SOUTH DOWN,60.05,387.0
N20003211,Crotlieve_B1,SOUTH DOWN,73.58,469.0
N20003213,Crotlieve_A5,SOUTH DOWN,54.58,654.0
N20003215,Crotlieve_C2,SOUTH DOWN,56.79,526.0
N20003216,Crotlieve_B3,SOUTH DOWN,70.02,534.0
N20003217,Crotlieve_D1,SOUTH DOWN,78.11,396.0
N20003218,Crotlieve_D2,SOUTH DOWN,79.11,475.0
N20003219,Crotlieve_B4,SOUTH DOWN,72.05,376.0
N20003221,Crotlieve_E1,SOUTH DOWN,76.65,601.0
N20003222,Crotlieve_C3,SOUTH DOWN,73.92,438.0
N20003223,Crotlieve_C4,SOUTH DOWN,77.35,342.0
N20003224,Crotlieve_C5,SOUTH DOWN,79.6,337.0
N20003225,Crotlieve_G1,SOUTH DOWN,79.45,586.0
N20003228,Crotlieve_F2,SOUTH DOWN,75.17,473.0
N20003229,Crotlieve_F3,SOUTH DOWN,71.93,439.0
N20003231,Crotlieve_E3,SOUTH DOWN,79.21,525.0
N20003232,Crotlieve_G3,SOUTH DOWN,76.17,344.0
N20003233,Crotlieve_F4,SOUTH DOWN,77.47,427.0
N20003237,Crotlieve_J1,SOUTH DOWN,73.91,454.0
N20003238,Crotlieve_H2,SOUTH DOWN,73.92,417.0
N20003239,Crotlieve_L1,SOUTH DOWN,77.17,490.0
N20003241,Crotlieve_H3,SOUTH DOWN,72.87,480.0
N20003242,Crotlieve_K1,SOUTH DOWN,69.92,371.0
N20003243,Crotlieve_H4,SOUTH DOWN,76.72,450.0
N20003244,Crotlieve_L2,SOUTH DOWN,78.38,472.0
N20003247,Crotlieve_H6,SOUTH DOWN,72.91,208.0
N20003248,Crotlieve_K3,SOUTH DOWN,72.15,368.0
N20003249,Crotlieve_K4,SOUTH DOWN,73.36,241.0
N20003250,Crotlieve_J3,SOUTH DOWN,73.44,424.0
N20003252,Crotlieve_L3,SOUTH DOWN,74.69,349.0
N20003253,Crotlieve_K6,SOUTH DOWN,70.32,391.0
N20003254,Crotlieve_L4,SOUTH DOWN,72.78,337.0
N20003255,Crotlieve_K7,SOUTH DOWN,68.2,405.0
N20003256,Crotlieve_L5,SOUTH DOWN,66.74,403.0
N20003257,The_Mournes_A1,SOUTH DOWN,63.86,572.0
N20003260,The_Mournes_A4,SOUTH DOWN,80.11,409.0
N20003261,The_Mournes_F1,SOUTH DOWN,58.3,519.0
N20003262,The_Mournes_D1,SOUTH DOWN,64.78,442.0
N20003263,The_Mournes_B1,SOUTH DOWN,69.68,362.0
N20003264,The_Mournes_C1,SOUTH DOWN,63.96,383.0
N20003265,The_Mournes_B2,SOUTH DOWN,69.73,365.0
N20003267,The_Mournes_B3,SOUTH DOWN,69.54,308.0
N20003268,The_Mournes_C2,SOUTH DOWN,58.41,476.0
N20003269,The_Mournes_B4,SOUTH DOWN,72.1,383.0
N20003271,The_Mournes_D3,SOUTH DOWN,61.53,355.0
N20003272,The_Mournes_E1,SOUTH DOWN,64.15,463.0
N20003273,The_Mournes_E2,SOUTH DOWN,60.79,506.0
N20003274,The_Mournes_E3,SOUTH DOWN,62.26,591.0
N20003275,The_Mournes_F2,SOUTH DOWN,55.8,403.0
N20003276,The_Mournes_F3,SOUTH DOWN,72.75,485.0
N20003279,The_Mournes_D5,SOUTH DOWN,60.14,300.0
N20003281,The_Mournes_G1,SOUTH DOWN,54.1,486.0
N20003282,The_Mournes_G2,SOUTH DOWN,57.56,574.0
N20003283,The_Mournes_J1,SOUTH DOWN,63.2,478.0
N20003285,The_Mournes_H2,SOUTH DOWN,30.47,353.0
N20003287,The_Mournes_H4,SOUTH DOWN,13.74,440.0
N20003288,The_Mournes_G3,SOUTH DOWN,36.83,517.0
N20003289,The_Mournes_J2,SOUTH DOWN,52.06,443.0
N20003290,The_Mournes_K1,SOUTH DOWN,57.12,544.0
N20003292,The_Mournes_G4,SOUTH DOWN,28.11,598.0
N20003293,The_Mournes_G5,SOUTH DOWN,40.87,639.0
N20003294,The_Mournes_J3,SOUTH DOWN,53.78,383.0
N20003295,The_Mournes_K3,SOUTH DOWN,70.02,437.0
N20003296,The_Mournes_J4,SOUTH DOWN,52.14,322.0
N20003297,The_Mournes_L1,SOUTH DOWN,42.1,475.0
N20003298,The_Mournes_L2,SOUTH DOWN,17.94,363.0
N20003299,The_Mournes_N1,SOUTH DOWN,68.54,448.0
N20003300,The_Mournes_L3,SOUTH DOWN,20.82,553.0
N20003301,The_Mournes_P1,SOUTH DOWN,33.7,494.0
N20003302,The_Mournes_N2,SOUTH DOWN,75.63,511.0
N20003303,The_Mournes_P2,SOUTH DOWN,48.77,297.0
N20003304,The_Mournes_N3,SOUTH DOWN,53.34,661.0
N20003305,The_Mournes_P3,SOUTH DOWN,26.6,267.0
N20003306,The_Mournes_P4,SOUTH DOWN,22.03,368.0
N20003307,The_Mournes_P5,SOUTH DOWN,21.9,320.0
N20003308,The_Mournes_P6,SOUTH DOWN,44.63,390.0
N20003311,Slieve_Croob_A1,SOUTH DOWN,38.25,514.0
N20003312,Slieve_Croob_A2,SOUTH DOWN,21.69,327.0
N20003313,Slieve_Croob_D1,SOUTH DOWN,57.64,473.0
N20003314,Slieve_Croob_A3,SOUTH DOWN,23.39,339.0
N20003315,Slieve_Croob_B1,SOUTH DOWN,75.06,503.0
N20003316,Slieve_Croob_A4,SOUTH DOWN,18.88,286.0
N20003317,Slieve_Croob_A5,SOUTH DOWN,53.08,693.0
N20003319,Slieve_Croob_D2,SOUTH DOWN,72.38,742.0
N20003320,Slieve_Croob_C1,SOUTH DOWN,49.33,359.0
N20003323,Slieve_Croob_E1,SOUTH DOWN,49.44,396.0
N20003324,Slieve_Croob_C3,SOUTH DOWN,64.09,679.0
N20003325,Slieve_Croob_C4,SOUTH DOWN,64.75,334.0
N20003326,Slieve_Croob_C5,SOUTH DOWN,60.65,448.0
N20003327,Slieve_Croob_E2,SOUTH DOWN,64.32,527.0
N20003328,Slieve_Croob_D4,SOUTH DOWN,60.49,618.0
N20003330,Slieve_Croob_F2,SOUTH DOWN,42.91,467.0
N20003332,Slieve_Croob_G1,SOUTH DOWN,74.23,388.0
N20003334,Slieve_Croob_G3,SOUTH DOWN,66.43,349.0
N20003336,Slieve_Croob_E4,SOUTH DOWN,76.63,591.0
N20003338,Slieve_Croob_H1,SOUTH DOWN,57.52,505.0
N20003340,Slieve_Croob_H3,SOUTH DOWN,48.88,419.0
N20003341,Slieve_Croob_J1,SOUTH DOWN,70.01,534.0
N20003342,Slieve_Croob_J2,SOUTH DOWN,77.81,509.0
N20003343,Slieve_Croob_G5,SOUTH DOWN,66.23,511.0
N20003344,Slieve_Croob_J3,SOUTH DOWN,78.95,354.0
N20003345,Slieve_Croob_J4,SOUTH DOWN,79.42,317.0
N20003347,Rowallane_C1,STRANGFORD,22.36,418.0
N20003349,Rowallane_A2,STRANGFORD,39.0,603.0
N20003351,Rowallane_B1,STRANGFORD,26.63,306.0
N20003352,Rowallane_E1,STRANGFORD,42.08,446.0
N20003353,Rowallane_B2,STRANGFORD,30.68,387.0
N20003354,Rowallane_B3,STRANGFORD,27.06,363.0
N20003355,Rowallane_B4,STRANGFORD,37.79,501.0
N20003357,Rowallane_E2,STRANGFORD,56.83,401.0
N20003358,Rowallane_D1,STRANGFORD,20.57,583.0
N20003360,Rowallane_C3,STRANGFORD,29.84,315.0
N20003361,Rowallane_E4,STRANGFORD,31.46,376.0
N20003362,Rowallane_C4,STRANGFORD,22.92,370.0
N20003363,Rowallane_C5,STRANGFORD,21.84,354.0
N20003364,Rowallane_D2,STRANGFORD,53.82,305.0
N20003365,Rowallane_D3,STRANGFORD,38.56,447.0
N20003366,Rowallane_G1,STRANGFORD,21.58,473.0
N20003369,Rowallane_F2,STRANGFORD,17.2,418.0
N20003370,Rowallane_G2,STRANGFORD,22.66,536.0
N20003371,Rowallane_D4,SOUTH DOWN,28.87,564.0
N20003372,Rowallane_H2,STRANGFORD,34.82,254.0
N20003373,Rowallane_F3,STRANGFORD,42.94,366.0
N20003374,Rowallane_F4,STRANGFORD,35.39,255.0
N20003375,Rowallane_H3,STRANGFORD,36.28,343.0
N20003378,Rowallane_G3,STRANGFORD,39.39,364.0
N20003379,Rowallane_F5,STRANGFORD,59.23,326.0
N20003380,Rowallane_F6,STRANGFORD,63.56,442.0
N20003381,Rowallane_H6,STRANGFORD,40.4,437.0
N20003382,Rowallane_G4,STRANGFORD,40.75,291.0
N20003383,Rowallane_J1,SOUTH DOWN,51.14,375.0
N20003384,Rowallane_J2,SOUTH DOWN,63.45,433.0
N20003385,Rowallane_G5,STRANGFORD,47.95,366.0
N20003386,Rowallane_H7,STRANGFORD,40.03,352.0
N20003387,Rowallane_E5,STRANGFORD,39.01,498.0
N20003388,Rowallane_J3,SOUTH DOWN,63.68,467.0
N20003389,Rowallane_G6,STRANGFORD,41.4,332.0
N20003390,Rowallane_J4,SOUTH DOWN,63.64,288.0
N20003391,Downpatrick_B1,SOUTH DOWN,63.7,486.0
N20003393,Downpatrick_A2,SOUTH DOWN,62.07,530.0
N20003394,Downpatrick_A3,SOUTH DOWN,72.84,482.0
N20003395,Downpatrick_A4,SOUTH DOWN,52.58,556.0
N20003396,Downpatrick_B2,SOUTH DOWN,63.11,527.0
N20003397,Downpatrick_C1,SOUTH DOWN,55.91,599.0
N20003398,Downpatrick_C2,SOUTH DOWN,71.65,372.0
N20003399,Downpatrick_C3,SOUTH DOWN,72.97,491.0
N20003400,Downpatrick_C4,SOUTH DOWN,73.74,388.0
N20003401,Downpatrick_C5,SOUTH DOWN,67.87,391.0
N20003402,Downpatrick_D1,SOUTH DOWN,73.13,330.0
N20003403,Downpatrick_E1,SOUTH DOWN,69.27,313.0
N20003404,Downpatrick_E2,SOUTH DOWN,57.84,244.0
N20003405,Downpatrick_D2,SOUTH DOWN,76.44,485.0
N20003406,Downpatrick_E3,SOUTH DOWN,67.53,335.0
N20003407,Downpatrick_E4,SOUTH DOWN,72.41,303.0
N20003408,Downpatrick_E5,SOUTH DOWN,65.19,223.0
N20003409,Downpatrick_D3,SOUTH DOWN,75.71,377.0
N20003410,Downpatrick_E6,SOUTH DOWN,72.86,373.0
N20003411,Downpatrick_D4,SOUTH DOWN,71.79,574.0
N20003412,Downpatrick_F1,SOUTH DOWN,76.6,369.0
N20003414,Downpatrick_H1,SOUTH DOWN,68.92,570.0
N20003415,Downpatrick_F2,SOUTH DOWN,72.39,179.0
N20003417,Downpatrick_G3,SOUTH DOWN,76.45,420.0
N20003419,Downpatrick_G4,SOUTH DOWN,77.61,481.0
N20003420,Downpatrick_B3,SOUTH DOWN,71.79,585.0
N20003421,Downpatrick_F4,SOUTH DOWN,78.45,565.0
N20003422,Downpatrick_H2,SOUTH DOWN,67.1,462.0
N20003423,Downpatrick_H3,SOUTH DOWN,73.77,456.0
N20003424,Downpatrick_H4,SOUTH DOWN,61.59,393.0
N20003425,Downpatrick_J1,SOUTH DOWN,76.92,317.0
N20003428,Downpatrick_J4,SOUTH DOWN,73.86,442.0
N20003429,Downpatrick_K1,SOUTH DOWN,64.21,563.0
N20003430,Downpatrick_K2,SOUTH DOWN,73.98,351.0
N20003431,Downpatrick_K3,SOUTH DOWN,74.47,360.0
N20003432,Comber_C1,STRANGFORD,17.58,237.0
N20003433,Comber_E1,STRANGFORD,17.01,405.0
N20003434,Comber_C2,STRANGFORD,17.14,295.0
N20003435,Comber_C3,STRANGFORD,18.77,312.0
N20003436,Comber_C4,STRANGFORD,20.58,511.0
N20003437,Comber_A1,STRANGFORD,18.73,424.0
N20003438,Comber_C5,STRANGFORD,15.21,383.0
N20003439,Comber_C6,STRANGFORD,14.97,292.0
N20003440,Comber_B1,STRANGFORD,23.39,403.0
N20003441,Comber_B2,STRANGFORD,18.18,289.0
N20003442,Comber_A2,STRANGFORD,16.54,277.0
N20003443,Comber_A3,STRANGFORD,24.24,396.0
N20003444,Comber_B3,STRANGFORD,26.51,288.0
N20003445,Comber_B4,STRANGFORD,20.98,307.0
N20003446,Comber_D1,STRANGFORD,23.51,262.0
N20003447,Comber_C7,STRANGFORD,18.89,283.0
N20003448,Comber_A4,STRANGFORD,15.51,655.0
N20003449,Comber_B5,STRANGFORD,25.06,205.0
N20003450,Comber_B6,STRANGFORD,17.6,357.0
N20003451,Comber_D2,STRANGFORD,20.91,337.0
N20003452,Comber_D3,STRANGFORD,16.54,401.0
N20003453,Comber_D4,STRANGFORD,17.43,402.0
N20003454,Comber_D5,STRANGFORD,19.75,356.0
N20003455,Comber_D6,STRANGFORD,22.38,260.0
N20003456,Comber_E2,STRANGFORD,16.97,421.0
N20003457,Comber_F1,STRANGFORD,17.49,429.0
N20003458,Comber_F2,STRANGFORD,15.64,290.0
N20003459,Comber_F3,STRANGFORD,15.32,324.0
N20003460,Comber_F4,STRANGFORD,16.97,358.0
N20003461,Comber_E3,STRANGFORD,16.08,297.0
N20003462,Comber_G1,STRANGFORD,18.59,280.0
N20003463,Comber_G2,STRANGFORD,17.04,627.0
N20003464,Comber_G3,STRANGFORD,20.42,271.0
N20003465,Comber_G4,STRANGFORD,24.19,441.0
N20003466,Comber_G5,STRANGFORD,17.49,461.0
N20003467,Comber_F5,STRANGFORD,18.26,713.0
N20003468,Comber_G6,STRANGFORD,25.61,442.0
N20003469,Comber_F6,STRANGFORD,21.07,626.0
N20003471,Comber_H2,STRANGFORD,29.61,561.0
N20003473,Comber_H4,STRANGFORD,17.84,474.0
N20003475,Newtownards_A2,STRANGFORD,19.74,478.0
N20003476,Newtownards_A3,STRANGFORD,19.11,504.0
N20003478,Newtownards_A4,STRANGFORD,15.68,415.0
N20003479,Newtownards_B2,STRANGFORD,19.44,340.0
N20003480,Newtownards_B3,STRANGFORD,23.5,405.0
N20003481,Newtownards_B4,STRANGFORD,18.25,295.0
N20003482,Newtownards_C1,STRANGFORD,26.61,418.0
N20003483,Newtownards_E1,STRANGFORD,19.16,348.0
N20003484,Newtownards_D1,STRANGFORD,21.51,455.0
N20003485,Newtownards_F1,STRANGFORD,25.44,234.0
N20003486,Newtownards_F2,STRANGFORD,29.54,320.0
N20003487,Newtownards_C2,STRANGFORD,18.29,490.0
N20003488,Newtownards_D2,STRANGFORD,22.3,535.0
N20003489,Newtownards_C3,STRANGFORD,25.78,305.0
N20003490,Newtownards_E2,STRANGFORD,19.54,401.0
N20003491,Newtownards_G1,STRANGFORD,23.12,517.0
N20003492,Newtownards_D3,STRANGFORD,22.33,566.0
N20003493,Newtownards_F3,STRANGFORD,26.82,426.0
N20003494,Newtownards_E3,STRANGFORD,19.32,418.0
N20003495,Newtownards_F4,STRANGFORD,28.06,333.0
N20003496,Newtownards_C4,STRANGFORD,23.46,487.0
N20003497,Newtownards_H1,STRANGFORD,16.64,326.0
N20003498,Newtownards_G2,STRANGFORD,25.02,295.0
N20003499,Newtownards_J1,STRANGFORD,32.67,270.0
N20003500,Newtownards_L1,STRANGFORD,29.07,215.0
N20003501,Newtownards_G3,STRANGFORD,18.39,414.0
N20003502,Newtownards_K1,STRANGFORD,22.81,564.0
N20003503,Newtownards_J2,STRANGFORD,33.29,340.0
N20003504,Newtownards_J3,STRANGFORD,31.84,444.0
N20003505,Newtownards_H2,STRANGFORD,25.3,506.0
N20003506,Newtownards_K2,STRANGFORD,22.03,537.0
N20003508,Newtownards_N1,STRANGFORD,18.55,440.0
N20003509,Newtownards_R1,STRANGFORD,27.95,324.0
N20003510,Newtownards_J4,STRANGFORD,26.41,158.0
N20003511,Newtownards_H4,STRANGFORD,21.79,297.0
N20003512,Newtownards_R2,STRANGFORD,21.03,243.0
N20003513,Newtownards_J5,STRANGFORD,28.63,212.0
N20003514,Newtownards_G4,STRANGFORD,18.0,497.0
N20003515,Newtownards_H5,STRANGFORD,24.78,366.0
N20003516,Newtownards_L2,STRANGFORD,24.55,319.0
N20003517,Newtownards_R3,STRANGFORD,19.33,246.0
N20003518,Newtownards_L3,STRANGFORD,29.61,350.0
N20003519,Newtownards_Q1,STRANGFORD,23.16,302.0
N20003520,Newtownards_Q2,STRANGFORD,27.67,395.0
N20003521,Newtownards_P1,STRANGFORD,24.04,444.0
N20003522,Newtownards_L4,STRANGFORD,25.08,285.0
N20003523,Newtownards_N2,STRANGFORD,16.99,469.0
N20003524,Newtownards_P2,STRANGFORD,25.07,268.0
N20003525,Newtownards_Q3,STRANGFORD,21.37,325.0
N20003526,Newtownards_P3,STRANGFORD,23.04,313.0
N20003527,Newtownards_P4,STRANGFORD,24.45,260.0
N20003528,Newtownards_Q4,STRANGFORD,17.39,422.0
N20003529,Newtownards_R4,STRANGFORD,31.24,285.0
N20003530,Newtownards_S1,STRANGFORD,18.86,290.0
N20003531,Newtownards_S2,STRANGFORD,20.41,367.0
N20003532,Newtownards_S3,STRANGFORD,23.64,402.0
N20003533,Newtownards_S4,STRANGFORD,21.71,414.0
N20003534,Newtownards_S5,STRANGFORD,25.44,329.0
N20003535,Newtownards_N3,STRANGFORD,19.45,457.0
N20003536,Newtownards_N4,STRANGFORD,20.78,553.0
N20003537,Holywood_and_Clandeboye_A1,NORTH DOWN,24.93,478.0
N20003538,Holywood_and_Clandeboye_A2,NORTH DOWN,25.45,464.0
N20003539,Holywood_and_Clandeboye_F1,NORTH DOWN,32.78,304.0
N20003540,Holywood_and_Clandeboye_A3,NORTH DOWN,26.62,317.0
N20003541,Holywood_and_Clandeboye_B1,NORTH DOWN,17.52,302.0
N20003542,Holywood_and_Clandeboye_B2,NORTH DOWN,17.87,370.0
N20003543,Holywood_and_Clandeboye_B3,NORTH DOWN,17.86,328.0
N20003544,Holywood_and_Clandeboye_F2,NORTH DOWN,28.06,277.0
N20003545,Holywood_and_Clandeboye_F3,NORTH DOWN,32.01,525.0
N20003546,Holywood_and_Clandeboye_C1,NORTH DOWN,25.83,478.0
N20003547,Holywood_and_Clandeboye_C2,NORTH DOWN,27.18,576.0
N20003548,Holywood_and_Clandeboye_D1,NORTH DOWN,27.93,535.0
N20003549,Holywood_and_Clandeboye_D2,NORTH DOWN,30.73,518.0
N20003550,Holywood_and_Clandeboye_E1,NORTH DOWN,29.8,501.0
N20003551,Holywood_and_Clandeboye_D3,NORTH DOWN,30.85,374.0
N20003552,Holywood_and_Clandeboye_H1,NORTH DOWN,34.15,308.0
N20003553,Holywood_and_Clandeboye_E2,NORTH DOWN,35.07,660.0
N20003554,Holywood_and_Clandeboye_G1,NORTH DOWN,24.1,953.0
N20003555,Holywood_and_Clandeboye_E3,NORTH DOWN,28.23,410.0
N20003556,Holywood_and_Clandeboye_G2,NORTH DOWN,27.44,366.0
N20003557,Holywood_and_Clandeboye_G3,NORTH DOWN,29.66,226.0
N20003558,Holywood_and_Clandeboye_H2,NORTH DOWN,38.97,343.0
N20003559,Holywood_and_Clandeboye_K1,NORTH DOWN,38.15,398.0
N20003560,Holywood_and_Clandeboye_K2,NORTH DOWN,31.23,291.0
N20003561,Holywood_and_Clandeboye_H3,NORTH DOWN,45.02,401.0
N20003562,Holywood_and_Clandeboye_J1,NORTH DOWN,21.04,586.0
N20003563,Holywood_and_Clandeboye_H4,NORTH DOWN,34.07,273.0
N20003564,Holywood_and_Clandeboye_H5,NORTH DOWN,40.59,331.0
N20003565,Holywood_and_Clandeboye_K3,NORTH DOWN,33.5,340.0
N20003566,Holywood_and_Clandeboye_H6,NORTH DOWN,35.79,307.0
N20003567,Holywood_and_Clandeboye_K4,NORTH DOWN,33.79,460.0
N20003568,Holywood_and_Clandeboye_J2,NORTH DOWN,19.91,521.0
N20003569,Holywood_and_Clandeboye_F4,NORTH DOWN,21.83,717.0
N20003570,Holywood_and_Clandeboye_L1,NORTH DOWN,35.97,218.0
N20003571,Holywood_and_Clandeboye_L2,NORTH DOWN,31.58,372.0
N20003572,Holywood_and_Clandeboye_J3,NORTH DOWN,20.87,419.0
N20003573,Holywood_and_Clandeboye_L3,NORTH DOWN,37.59,401.0
N20003574,Holywood_and_Clandeboye_L4,NORTH DOWN,33.46,351.0
N20003575,Holywood_and_Clandeboye_K5,NORTH DOWN,31.83,301.0
N20003576,Holywood_and_Clandeboye_L5,NORTH DOWN,38.07,382.0
N20003577,Holywood_and_Clandeboye_L6,NORTH DOWN,33.14,333.0
N20003578,Bangor_West_A1,NORTH DOWN,24.64,555.0
N20003579,Bangor_West_A2,NORTH DOWN,27.28,286.0
N20003580,Bangor_West_A3,NORTH DOWN,27.4,423.0
N20003581,Bangor_West_A4,NORTH DOWN,34.7,569.0
N20003582,Bangor_West_C1,NORTH DOWN,27.23,371.0
N20003583,Bangor_West_A5,NORTH DOWN,40.95,322.0
N20003585,Bangor_West_B1,NORTH DOWN,21.97,386.0
N20003586,Bangor_West_D1,NORTH DOWN,39.24,563.0
N20003587,Bangor_West_B2,NORTH DOWN,25.96,352.0
N20003588,Bangor_West_B3,NORTH DOWN,23.62,330.0
N20003589,Bangor_West_C2,NORTH DOWN,27.35,422.0
N20003590,Bangor_West_D2,NORTH DOWN,37.23,226.0
N20003591,Bangor_West_E1,NORTH DOWN,22.64,217.0
N20003592,Bangor_West_F1,NORTH DOWN,32.96,356.0
N20003593,Bangor_West_D3,NORTH DOWN,28.09,258.0
N20003594,Bangor_West_E2,NORTH DOWN,23.92,430.0
N20003595,Bangor_West_C3,NORTH DOWN,24.74,481.0
N20003596,Bangor_West_F2,NORTH DOWN,29.03,360.0
N20003597,Bangor_West_D4,NORTH DOWN,33.79,245.0
N20003598,Bangor_West_C4,NORTH DOWN,21.71,281.0
N20003599,Bangor_West_F3,NORTH DOWN,35.05,437.0
N20003600,Bangor_West_E3,NORTH DOWN,23.57,333.0
N20003601,Bangor_West_G1,NORTH DOWN,28.41,255.0
N20003602,Bangor_West_D5,NORTH DOWN,27.95,361.0
N20003603,Bangor_West_G2,NORTH DOWN,26.74,386.0
N20003605,Bangor_West_F4,NORTH DOWN,27.76,606.0
N20003606,Bangor_West_E5,NORTH DOWN,25.1,232.0
N20003607,Bangor_West_H1,NORTH DOWN,21.23,308.0
N20003608,Bangor_West_H2,NORTH DOWN,24.85,209.0
N20003609,Bangor_West_H3,NORTH DOWN,24.13,326.0
N20003610,Bangor_West_G3,NORTH DOWN,33.19,191.0
N20003611,Bangor_West_J1,NORTH DOWN,26.38,364.0
N20003613,Bangor_West_J2,NORTH DOWN,25.86,315.0
N20003615,Bangor_West_G5,NORTH DOWN,21.67,552.0
N20003616,Bangor_West_H4,NORTH DOWN,22.32,497.0
N20003617,Bangor_West_H5,NORTH DOWN,24.32,323.0
N20003618,Bangor_West_H6,NORTH DOWN,24.13,313.0
N20003619,Bangor_West_J3,NORTH DOWN,30.96,576.0
N20003620,Bangor_West_J4,NORTH DOWN,29.11,581.0
N20003622,Bangor_Central_B1,NORTH DOWN,20.6,403.0
N20003623,Bangor_Central_A2,NORTH DOWN,26.09,477.0
N20003624,Bangor_Central_A3,NORTH DOWN,35.42,516.0
N20003625,Bangor_Central_B2,NORTH DOWN,21.17,416.0
N20003626,Bangor_Central_D1,NORTH DOWN,23.47,434.0
N20003627,Bangor_Central_E1,NORTH DOWN,21.89,370.0
N20003628,Bangor_Central_C1,NORTH DOWN,31.31,432.0
N20003629,Bangor_Central_E2,NORTH DOWN,26.08,420.0
N20003631,Bangor_Central_F1,NORTH DOWN,35.65,314.0
N20003632,Bangor_Central_C2,NORTH DOWN,40.2,508.0
N20003634,Bangor_Central_E3,NORTH DOWN,23.41,360.0
N20003635,Bangor_Central_B3,NORTH DOWN,23.79,389.0
N20003636,Bangor_Central_F3,NORTH DOWN,32.64,243.0
N20003637,Bangor_Central_B4,NORTH DOWN,26.38,386.0
N20003638,Bangor_Central_E4,NORTH DOWN,28.89,375.0
N20003639,Bangor_Central_D3,NORTH DOWN,21.29,386.0
N20003640,Bangor_Central_C3,NORTH DOWN,41.19,302.0
N20003641,Bangor_Central_E5,NORTH DOWN,31.13,242.0
N20003642,Bangor_Central_C4,NORTH DOWN,39.92,309.0
N20003643,Bangor_Central_B5,NORTH DOWN,18.1,291.0
N20003644,Bangor_Central_F4,NORTH DOWN,23.64,454.0
N20003645,Bangor_Central_G1,NORTH DOWN,23.29,513.0
N20003646,Bangor_Central_G2,NORTH DOWN,19.45,406.0
N20003647,Bangor_Central_G3,NORTH DOWN,26.17,464.0
N20003648,Bangor_Central_H1,NORTH DOWN,20.83,389.0
N20003649,Bangor_Central_H2,NORTH DOWN,29.52,453.0
N20003650,Bangor_Central_J1,NORTH DOWN,23.39,692.0
N20003652,Bangor_Central_J2,NORTH DOWN,25.38,450.0
N20003653,Bangor_Central_K2,NORTH DOWN,26.92,348.0
N20003654,Bangor_Central_H3,NORTH DOWN,26.63,347.0
N20003655,Bangor_Central_J3,NORTH DOWN,23.11,418.0
N20003656,Bangor_Central_K3,NORTH DOWN,24.84,325.0
N20003657,Bangor_Central_K4,NORTH DOWN,24.92,279.0
N20003658,Bangor_Central_J4,NORTH DOWN,18.26,335.0
N20003660,Bangor_Central_K5,NORTH DOWN,25.21,278.0
N20003661,Bangor_Central_P1,NORTH DOWN,29.06,330.0
N20003662,Bangor_Central_L2,NORTH DOWN,21.35,284.0
N20003663,Bangor_Central_N1,NORTH DOWN,28.28,338.0
N20003664,Bangor_Central_L3,NORTH DOWN,22.58,418.0
N20003665,Bangor_Central_L4,NORTH DOWN,25.25,191.0
N20003666,Bangor_Central_N2,NORTH DOWN,20.93,340.0
N20003667,Bangor_Central_P2,NORTH DOWN,25.92,426.0
N20003668,Bangor_Central_L5,NORTH DOWN,25.32,368.0
N20003669,Bangor_Central_P3,NORTH DOWN,24.62,498.0
N20003670,Bangor_Central_N3,NORTH DOWN,29.48,297.0
N20003671,Bangor_Central_N4,NORTH DOWN,27.85,284.0
N20003672,Bangor_Central_P4,NORTH DOWN,24.15,251.0
N20003673,Bangor_Central_Q1,NORTH DOWN,24.24,527.0
N20003675,Bangor_Central_P5,NORTH DOWN,24.63,323.0
N20003676,Bangor_Central_Q3,NORTH DOWN,27.56,391.0
N20003677,Bangor_Central_Q4,NORTH DOWN,23.7,309.0
N20003678,Bangor_Central_Q5,NORTH DOWN,28.18,353.0
N20003680,Bangor_East_and_Donaghadee_A1,NORTH DOWN,20.95,444.0
N20003682,Bangor_East_and_Donaghadee_A3,NORTH DOWN,19.13,327.0
N20003683,Bangor_East_and_Donaghadee_B1,NORTH DOWN,18.75,270.0
N20003684,Bangor_East_and_Donaghadee_B2,NORTH DOWN,19.34,451.0
N20003686,Bangor_East_and_Donaghadee_B3,NORTH DOWN,23.42,268.0
N20003687,Bangor_East_and_Donaghadee_B4,NORTH DOWN,20.55,324.0
N20003688,Bangor_East_and_Donaghadee_C1,NORTH DOWN,17.35,302.0
N20003689,Bangor_East_and_Donaghadee_B5,NORTH DOWN,25.67,294.0
N20003690,Bangor_East_and_Donaghadee_B6,NORTH DOWN,18.61,283.0
N20003691,Bangor_East_and_Donaghadee_B7,NORTH DOWN,21.62,354.0
N20003692,Bangor_East_and_Donaghadee_D1,NORTH DOWN,18.64,171.0
N20003694,Bangor_East_and_Donaghadee_D2,NORTH DOWN,21.25,353.0
N20003695,Bangor_East_and_Donaghadee_D3,NORTH DOWN,21.39,445.0
N20003696,Bangor_East_and_Donaghadee_F1,NORTH DOWN,20.4,491.0
N20003697,Bangor_East_and_Donaghadee_F2,NORTH DOWN,21.8,461.0
N20003698,Bangor_East_and_Donaghadee_G1,NORTH DOWN,21.93,516.0
N20003699,Bangor_East_and_Donaghadee_G2,NORTH DOWN,24.18,372.0
N20003700,Bangor_East_and_Donaghadee_C3,NORTH DOWN,21.68,518.0
N20003701,Bangor_East_and_Donaghadee_F3,NORTH DOWN,21.84,447.0
N20003703,Bangor_East_and_Donaghadee_G3,NORTH DOWN,28.09,309.0
N20003704,Bangor_East_and_Donaghadee_C4,NORTH DOWN,16.46,445.0
N20003705,Bangor_East_and_Donaghadee_G4,NORTH DOWN,22.22,389.0
N20003706,Bangor_East_and_Donaghadee_F5,NORTH DOWN,19.84,350.0
N20003707,Bangor_East_and_Donaghadee_J1,NORTH DOWN,20.36,326.0
N20003708,Bangor_East_and_Donaghadee_G5,NORTH DOWN,25.27,543.0
N20003709,Bangor_East_and_Donaghadee_G6,NORTH DOWN,25.0,479.0
N20003710,Bangor_East_and_Donaghadee_H1,NORTH DOWN,24.73,191.0
N20003711,Bangor_East_and_Donaghadee_J2,NORTH DOWN,21.88,214.0
N20003712,Bangor_East_and_Donaghadee_H2,NORTH DOWN,22.4,540.0
N20003714,Bangor_East_and_Donaghadee_H3,NORTH DOWN,20.37,516.0
N20003715,Bangor_East_and_Donaghadee_J4,NORTH DOWN,20.13,242.0
N20003716,Bangor_East_and_Donaghadee_H4,NORTH DOWN,25.09,452.0
N20003717,Bangor_East_and_Donaghadee_H5,NORTH DOWN,25.18,332.0
N20003718,Bangor_East_and_Donaghadee_J5,NORTH DOWN,21.47,384.0
N20003719,Bangor_East_and_Donaghadee_H6,NORTH DOWN,23.68,605.0
N20003720,Bangor_East_and_Donaghadee_J6,NORTH DOWN,20.27,325.0
N20003721,Bangor_East_and_Donaghadee_E3,NORTH DOWN,20.56,349.0
N20003723,Bangor_East_and_Donaghadee_J7,NORTH DOWN,19.69,283.0
N20003724,Bangor_East_and_Donaghadee_K2,NORTH DOWN,15.08,276.0
N20003725,Bangor_East_and_Donaghadee_K3,NORTH DOWN,19.84,470.0
N20003726,Bangor_East_and_Donaghadee_E4,NORTH DOWN,17.46,274.0
N20003728,Bangor_East_and_Donaghadee_K5,NORTH DOWN,20.12,563.0
N20003729,Bangor_East_and_Donaghadee_K6,NORTH DOWN,23.0,454.0
N20003730,Ards_Peninsula_C1,NORTH DOWN,18.08,360.0
N20003731,Ards_Peninsula_C2,STRANGFORD,18.41,338.0
N20003732,Ards_Peninsula_A1,NORTH DOWN,19.83,408.0
N20003735,Ards_Peninsula_A4,NORTH DOWN,15.61,426.0
N20003737,Ards_Peninsula_C3,STRANGFORD,17.53,308.0
N20003738,Ards_Peninsula_B1,STRANGFORD,18.57,547.0
N20003739,Ards_Peninsula_B2,STRANGFORD,22.52,637.0
N20003740,Ards_Peninsula_C4,STRANGFORD,17.59,424.0
N20003741,Ards_Peninsula_D1,STRANGFORD,18.46,344.0
N20003742,Ards_Peninsula_D2,STRANGFORD,17.97,285.0
N20003743,Ards_Peninsula_C5,STRANGFORD,17.75,625.0
N20003744,Ards_Peninsula_D3,STRANGFORD,18.71,350.0
N20003745,Ards_Peninsula_D4,STRANGFORD,16.38,350.0
N20003746,Ards_Peninsula_D5,STRANGFORD,18.97,423.0
N20003747,Ards_Peninsula_D6,STRANGFORD,18.2,385.0
N20003749,Ards_Peninsula_E2,STRANGFORD,18.43,282.0
N20003750,Ards_Peninsula_E3,STRANGFORD,15.52,381.0
N20003751,Ards_Peninsula_E4,STRANGFORD,15.65,327.0
N20003752,Ards_Peninsula_D7,STRANGFORD,17.79,340.0
N20003753,Ards_Peninsula_E5,STRANGFORD,21.0,309.0
N20003754,Ards_Peninsula_F1,STRANGFORD,16.91,387.0
N20003755,Ards_Peninsula_F2,STRANGFORD,20.57,395.0
N20003756,Ards_Peninsula_F3,STRANGFORD,49.91,436.0
N20003757,Ards_Peninsula_G1,STRANGFORD,22.44,512.0
N20003758,Ards_Peninsula_G2,STRANGFORD,19.78,587.0
N20003759,Ards_Peninsula_F4,STRANGFORD,58.69,359.0
N20003761,Ards_Peninsula_H2,STRANGFORD,32.03,520.0
N20003762,Ards_Peninsula_J1,STRANGFORD,19.33,293.0
N20003764,Ards_Peninsula_J2,STRANGFORD,12.34,325.0
N20003766,Ards_Peninsula_J4,STRANGFORD,18.43,489.0
N20003767,Ards_Peninsula_H4,STRANGFORD,27.64,323.0
N20003768,Ards_Peninsula_J5,STRANGFORD,15.69,396.0
N20003769,Ards_Peninsula_K1,STRANGFORD,37.46,348.0
N20003770,Ards_Peninsula_K2,STRANGFORD,27.64,324.0
N20003771,Ards_Peninsula_L1,STRANGFORD,48.29,605.0
N20003772,Ards_Peninsula_K3,STRANGFORD,35.07,394.0
N20003773,Ards_Peninsula_L2,STRANGFORD,59.47,567.0
N20003774,Ards_Peninsula_L3,STRANGFORD,52.83,350.0
N20003776,Ards_Peninsula_N2,STRANGFORD,76.05,370.0
N20003777,Ards_Peninsula_N3,STRANGFORD,75.93,361.0
N20003779,Ards_Peninsula_N5,STRANGFORD,67.11,399.0
N20003780,Ards_Peninsula_L4,STRANGFORD,54.64,382.0
