DZ21,catholic_bg_pct,proj_unity_pct,enriched_unity_pct,delta,con
N20000001,8.9,29.8,29.1,-0.7,SOUTH ANTRIM
N20000002,3.6,1.0,1.0,0.0,SOUTH ANTRIM
N20000003,12.6,14.1,13.4,-0.7,SOUTH ANTRIM
N20000004,45.4,63.8,63.1,-0.7,SOUTH ANTRIM
N20000005,6.7,19.6,18.9,-0.7,SOUTH ANTRIM
N20000006,40.5,47.8,47.1,-0.7,SOUTH ANTRIM
N20000007,88.3,65.5,64.8,-0.7,SOUTH ANTRIM
N20000008,54.8,57.1,56.4,-0.7,SOUTH ANTRIM
N20000009,20.3,16.1,15.4,-0.7,SOUTH ANTRIM
N20000010,5.9,24.3,23.6,-0.7,SOUTH ANTRIM
N20000011,23.8,28.8,28.1,-0.7,SOUTH ANTRIM
N20000012,19.5,19.6,18.9,-0.7,SOUTH ANTRIM
N20000013,28.1,12.9,12.2,-0.7,SOUTH ANTRIM
N20000014,36.6,51.0,50.3,-0.7,SOUTH ANTRIM
N20000015,92.8,90.2,89.5,-0.7,SOUTH ANTRIM
N20000016,53.6,58.6,57.9,-0.7,SOUTH ANTRIM
N20000017,87.0,75.1,74.4,-0.7,SOUTH ANTRIM
N20000018,83.5,69.1,68.4,-0.7,SOUTH ANTRIM
N20000019,45.5,47.4,46.7,-0.7,SOUTH ANTRIM
N20000020,53.7,46.8,46.1,-0.7,SOUTH ANTRIM
N20000021,78.2,61.7,61.0,-0.7,SOUTH ANTRIM
N20000022,95.5,88.2,87.5,-0.7,SOUTH ANTRIM
N20000023,60.2,66.2,65.5,-0.7,SOUTH ANTRIM
N20000024,81.3,66.1,65.4,-0.7,SOUTH ANTRIM
N20000025,50.7,52.1,51.4,-0.7,SOUTH ANTRIM
N20000026,4.2,7.6,6.9,-0.7,SOUTH ANTRIM
N20000027,48.3,53.5,52.8,-0.7,SOUTH ANTRIM
N20000028,60.5,65.5,64.8,-0.7,SOUTH ANTRIM
N20000029,60.7,37.1,36.4,-0.7,SOUTH ANTRIM
N20000030,13.3,24.0,23.3,-0.7,SOUTH ANTRIM
N20000031,5.8,1.0,1.0,0.0,SOUTH ANTRIM
N20000032,83.9,81.8,81.1,-0.7,SOUTH ANTRIM
N20000033,86.4,71.3,70.6,-0.7,SOUTH ANTRIM
N20000034,85.6,77.6,76.9,-0.7,SOUTH ANTRIM
N20000035,50.1,33.6,32.9,-0.7,SOUTH ANTRIM
N20000036,48.4,49.8,49.1,-0.7,SOUTH ANTRIM
N20000037,41.1,39.5,38.8,-0.7,SOUTH ANTRIM
N20000038,37.9,31.5,30.8,-0.7,SOUTH ANTRIM
N20000039,35.3,46.0,45.3,-0.7,SOUTH ANTRIM
N20000040,55.8,50.0,49.3,-0.7,SOUTH ANTRIM
N20000041,38.0,27.5,26.8,-0.7,SOUTH ANTRIM
N20000042,38.4,33.8,33.1,-0.7,SOUTH ANTRIM
N20000043,36.5,44.6,43.9,-0.7,SOUTH ANTRIM
N20000044,40.8,46.6,45.9,-0.7,SOUTH ANTRIM
N20000045,49.8,38.8,38.1,-0.7,SOUTH ANTRIM
N20000046,17.9,28.3,27.6,-0.7,SOUTH ANTRIM
N20000047,29.3,34.3,33.6,-0.7,SOUTH ANTRIM
N20000048,45.7,39.7,39.0,-0.7,SOUTH ANTRIM
N20000049,59.2,44.0,43.3,-0.7,SOUTH ANTRIM
N20000050,15.3,12.4,11.7,-0.7,SOUTH ANTRIM
N20000051,69.8,52.4,51.7,-0.7,SOUTH ANTRIM
N20000052,31.3,31.0,30.3,-0.7,SOUTH ANTRIM
N20000053,43.1,43.7,43.0,-0.7,SOUTH ANTRIM
N20000054,11.6,25.7,25.0,-0.7,SOUTH ANTRIM
N20000055,11.6,36.5,35.8,-0.7,SOUTH ANTRIM
N20000056,27.6,40.9,40.2,-0.7,SOUTH ANTRIM
N20000057,48.2,21.8,21.1,-0.7,SOUTH ANTRIM
N20000058,18.3,45.7,45.0,-0.7,SOUTH ANTRIM
N20000059,49.6,64.6,63.9,-0.7,SOUTH ANTRIM
N20000060,41.1,29.6,28.9,-0.7,SOUTH ANTRIM
N20000061,24.7,28.4,27.7,-0.7,SOUTH ANTRIM
N20000062,17.6,33.2,32.5,-0.7,SOUTH ANTRIM
N20000063,38.8,36.1,35.4,-0.7,SOUTH ANTRIM
N20000064,33.7,40.1,39.4,-0.7,SOUTH ANTRIM
N20000065,42.0,37.7,37.0,-0.7,SOUTH ANTRIM
N20000066,51.4,40.4,39.7,-0.7,SOUTH ANTRIM
N20000067,45.3,49.8,49.1,-0.7,SOUTH ANTRIM
N20000068,38.8,45.7,45.0,-0.7,SOUTH ANTRIM
N20000069,34.8,24.8,24.1,-0.7,SOUTH ANTRIM
N20000070,32.2,34.5,33.8,-0.7,SOUTH ANTRIM
N20000071,35.0,36.4,35.7,-0.7,SOUTH ANTRIM
N20000072,26.8,30.6,29.9,-0.7,SOUTH ANTRIM
N20000073,17.1,36.6,35.9,-0.7,SOUTH ANTRIM
N20000074,12.6,26.1,25.4,-0.7,SOUTH ANTRIM
N20000075,33.3,23.4,22.7,-0.7,SOUTH ANTRIM
N20000076,43.4,36.6,35.9,-0.7,SOUTH ANTRIM
N20000077,25.2,21.7,21.0,-0.7,SOUTH ANTRIM
N20000078,17.5,26.7,26.0,-0.7,SOUTH ANTRIM
N20000079,5.7,24.8,24.1,-0.7,SOUTH ANTRIM
N20000080,24.2,24.7,24.0,-0.7,SOUTH ANTRIM
N20000081,26.6,39.4,38.7,-0.7,SOUTH ANTRIM
N20000082,9.6,22.3,21.6,-0.7,SOUTH ANTRIM
N20000083,31.9,23.4,22.7,-0.7,SOUTH ANTRIM
N20000084,39.9,43.1,42.4,-0.7,SOUTH ANTRIM
N20000085,28.6,15.7,15.0,-0.7,SOUTH ANTRIM
N20000086,2.8,14.3,13.6,-0.7,SOUTH ANTRIM
N20000087,4.0,10.9,10.2,-0.7,SOUTH ANTRIM
N20000088,2.5,16.1,15.4,-0.7,SOUTH ANTRIM
N20000089,6.0,20.4,19.7,-0.7,SOUTH ANTRIM
N20000090,6.2,22.0,21.3,-0.7,SOUTH ANTRIM
N20000091,2.4,14.4,13.7,-0.7,SOUTH ANTRIM
N20000092,6.6,13.6,12.9,-0.7,SOUTH ANTRIM
N20000093,2.5,23.8,23.1,-0.7,SOUTH ANTRIM
N20000094,4.4,14.5,13.8,-0.7,SOUTH ANTRIM
N20000095,7.1,39.7,39.0,-0.7,SOUTH ANTRIM
N20000096,3.4,29.9,29.2,-0.7,SOUTH ANTRIM
N20000097,4.4,28.8,28.1,-0.7,SOUTH ANTRIM
N20000098,3.1,32.1,31.4,-0.7,SOUTH ANTRIM
N20000099,2.8,29.9,29.2,-0.7,SOUTH ANTRIM
N20000100,4.4,14.3,13.6,-0.7,SOUTH ANTRIM
N20000101,2.8,13.4,12.7,-0.7,SOUTH ANTRIM
N20000102,8.5,33.1,32.4,-0.7,SOUTH ANTRIM
N20000103,6.5,24.2,23.5,-0.7,SOUTH ANTRIM
N20000104,4.1,44.4,43.7,-0.7,SOUTH ANTRIM
N20000105,7.4,35.0,34.3,-0.7,SOUTH ANTRIM
N20000106,7.5,29.9,29.2,-0.7,SOUTH ANTRIM
N20000107,11.5,24.3,23.6,-0.7,SOUTH ANTRIM
N20000108,6.6,33.3,32.6,-0.7,SOUTH ANTRIM
N20000109,3.6,3.7,3.0,-0.7,SOUTH ANTRIM
N20000110,3.0,21.7,21.0,-0.7,SOUTH ANTRIM
N20000111,3.4,22.7,22.0,-0.7,SOUTH ANTRIM
N20000112,6.5,25.2,24.5,-0.7,SOUTH ANTRIM
N20000113,6.0,22.1,21.4,-0.7,SOUTH ANTRIM
N20000114,3.4,12.6,11.9,-0.7,SOUTH ANTRIM
N20000115,5.1,8.5,7.8,-0.7,SOUTH ANTRIM
N20000116,8.1,18.7,18.0,-0.7,SOUTH ANTRIM
N20000117,3.5,21.4,20.7,-0.7,SOUTH ANTRIM
N20000118,2.6,15.4,14.7,-0.7,SOUTH ANTRIM
N20000119,3.3,33.3,32.6,-0.7,SOUTH ANTRIM
N20000120,3.7,22.8,22.1,-0.7,SOUTH ANTRIM
N20000121,7.6,31.0,30.3,-0.7,SOUTH ANTRIM
N20000122,4.8,18.4,17.7,-0.7,SOUTH ANTRIM
N20000123,5.5,20.9,20.2,-0.7,SOUTH ANTRIM
N20000124,9.6,30.4,29.7,-0.7,SOUTH ANTRIM
N20000125,6.6,17.5,16.8,-0.7,SOUTH ANTRIM
N20000126,15.4,20.1,19.0,-1.1,EAST ANTRIM
N20000127,3.6,7.9,7.2,-0.7,SOUTH ANTRIM
N20000128,16.1,12.8,11.7,-1.1,EAST ANTRIM
N20000129,6.5,27.7,27.0,-0.7,SOUTH ANTRIM
N20000130,7.7,15.8,15.1,-0.7,SOUTH ANTRIM
N20000131,5.9,42.6,41.9,-0.7,SOUTH ANTRIM
N20000132,23.5,21.2,20.1,-1.1,EAST ANTRIM
N20000133,13.8,12.3,11.2,-1.1,EAST ANTRIM
N20000134,26.9,19.0,17.9,-1.1,EAST ANTRIM
N20000135,17.6,8.7,8.0,-0.7,SOUTH ANTRIM
N20000136,9.1,8.0,7.3,-0.7,SOUTH ANTRIM
N20000137,5.9,15.6,14.5,-1.1,EAST ANTRIM
N20000138,5.0,12.8,11.7,-1.1,EAST ANTRIM
N20000139,7.8,31.2,30.5,-0.7,SOUTH ANTRIM
N20000140,28.1,26.6,25.5,-1.1,EAST ANTRIM
N20000141,18.2,34.1,33.4,-0.7,SOUTH ANTRIM
N20000142,4.0,29.1,28.4,-0.7,SOUTH ANTRIM
N20000143,22.2,8.7,7.6,-1.1,EAST ANTRIM
N20000144,13.4,28.3,27.6,-0.7,SOUTH ANTRIM
N20000145,4.6,9.3,8.6,-0.7,SOUTH ANTRIM
N20000146,5.5,38.5,37.4,-1.1,EAST ANTRIM
N20000147,7.6,24.8,24.1,-0.7,SOUTH ANTRIM
N20000148,12.9,36.1,35.4,-0.7,SOUTH ANTRIM
N20000149,20.0,21.2,20.1,-1.1,EAST ANTRIM
N20000150,1.9,10.9,9.8,-1.1,EAST ANTRIM
N20000151,13.6,31.0,30.3,-0.7,SOUTH ANTRIM
N20000152,28.0,15.3,14.2,-1.1,EAST ANTRIM
N20000153,2.7,18.6,17.5,-1.1,EAST ANTRIM
N20000154,3.1,35.3,34.6,-0.7,SOUTH ANTRIM
N20000155,4.8,18.4,17.3,-1.1,EAST ANTRIM
N20000156,14.2,20.5,19.8,-0.7,SOUTH ANTRIM
N20000157,16.3,27.5,26.8,-0.7,SOUTH ANTRIM
N20000158,18.4,16.8,15.7,-1.1,EAST ANTRIM
N20000159,2.6,27.3,26.2,-1.1,EAST ANTRIM
N20000160,28.3,37.4,36.3,-1.1,EAST ANTRIM
N20000161,27.2,33.3,32.2,-1.1,EAST ANTRIM
N20000162,18.6,33.3,32.2,-1.1,EAST ANTRIM
N20000163,20.6,38.9,37.8,-1.1,EAST ANTRIM
N20000164,28.9,18.4,19.5,1.1,BELFAST NORTH
N20000165,8.9,9.7,10.8,1.1,BELFAST NORTH
N20000166,23.2,9.9,8.8,-1.1,EAST ANTRIM
N20000167,23.8,33.5,32.4,-1.1,EAST ANTRIM
N20000168,6.5,14.6,15.7,1.1,BELFAST NORTH
N20000169,60.8,31.4,30.3,-1.1,EAST ANTRIM
N20000170,6.8,40.2,41.3,1.1,BELFAST NORTH
N20000171,15.5,16.6,15.5,-1.1,EAST ANTRIM
N20000172,39.9,37.5,36.4,-1.1,EAST ANTRIM
N20000173,45.4,52.6,53.7,1.1,BELFAST NORTH
N20000174,2.9,23.4,24.5,1.1,BELFAST NORTH
N20000175,23.5,32.7,33.8,1.1,BELFAST NORTH
N20000176,8.7,29.4,30.5,1.1,BELFAST NORTH
N20000177,47.6,32.3,31.2,-1.1,EAST ANTRIM
N20000178,53.2,54.6,55.7,1.1,BELFAST NORTH
N20000179,14.0,35.2,36.3,1.1,BELFAST NORTH
N20000180,1.9,19.7,20.8,1.1,BELFAST NORTH
N20000181,6.5,27.5,28.6,1.1,BELFAST NORTH
N20000182,3.7,34.6,35.7,1.1,BELFAST NORTH
N20000183,5.0,25.9,27.0,1.1,BELFAST NORTH
N20000184,3.4,25.7,26.8,1.1,BELFAST NORTH
N20000185,9.1,1.0,2.1,1.1,BELFAST NORTH
N20000186,31.0,29.0,30.1,1.1,BELFAST NORTH
N20000187,4.6,21.6,22.7,1.1,BELFAST NORTH
N20000188,23.4,35.0,36.1,1.1,BELFAST NORTH
N20000189,1.9,29.3,30.4,1.1,BELFAST NORTH
N20000190,5.6,14.3,15.4,1.1,BELFAST NORTH
N20000191,7.9,19.8,20.9,1.1,BELFAST NORTH
N20000192,3.5,26.8,27.9,1.1,BELFAST NORTH
N20000193,5.0,1.0,2.1,1.1,BELFAST NORTH
N20000194,3.1,23.4,24.5,1.1,BELFAST NORTH
N20000195,6.0,11.1,12.2,1.1,BELFAST NORTH
N20000196,6.5,12.3,13.4,1.1,BELFAST NORTH
N20000197,6.1,22.1,23.2,1.1,BELFAST NORTH
N20000198,5.6,14.7,15.8,1.1,BELFAST NORTH
N20000199,2.5,17.3,18.4,1.1,BELFAST NORTH
N20000200,6.2,14.1,15.2,1.1,BELFAST NORTH
N20000201,41.1,40.4,41.5,1.1,BELFAST NORTH
N20000202,3.3,22.0,23.1,1.1,BELFAST NORTH
N20000203,37.3,57.9,59.0,1.1,BELFAST NORTH
N20000204,33.2,31.5,32.6,1.1,BELFAST NORTH
N20000205,19.6,37.1,38.2,1.1,BELFAST NORTH
N20000206,23.3,19.4,20.5,1.1,BELFAST NORTH
N20000207,88.4,69.9,71.0,1.1,BELFAST NORTH
N20000208,81.6,51.4,52.5,1.1,BELFAST NORTH
N20000209,85.4,60.5,61.6,1.1,BELFAST NORTH
N20000210,86.2,66.8,67.9,1.1,BELFAST NORTH
N20000211,29.4,33.4,32.7,-0.7,SOUTH ANTRIM
N20000212,5.1,32.2,31.5,-0.7,SOUTH ANTRIM
N20000213,9.2,30.6,29.9,-0.7,SOUTH ANTRIM
N20000214,10.6,23.1,22.4,-0.7,SOUTH ANTRIM
N20000215,24.3,21.8,21.1,-0.7,SOUTH ANTRIM
N20000216,12.9,27.8,27.1,-0.7,SOUTH ANTRIM
N20000217,16.8,26.8,26.1,-0.7,SOUTH ANTRIM
N20000218,17.7,33.1,32.4,-0.7,SOUTH ANTRIM
N20000219,46.4,51.5,50.8,-0.7,SOUTH ANTRIM
N20000220,19.8,32.0,31.3,-0.7,SOUTH ANTRIM
N20000221,16.8,28.0,27.3,-0.7,SOUTH ANTRIM
N20000222,20.3,30.6,31.7,1.1,BELFAST NORTH
N20000223,27.7,31.1,30.4,-0.7,SOUTH ANTRIM
N20000224,38.0,32.9,32.2,-0.7,SOUTH ANTRIM
N20000225,11.6,28.4,29.5,1.1,BELFAST NORTH
N20000226,28.1,22.9,22.2,-0.7,SOUTH ANTRIM
N20000227,34.4,23.0,24.1,1.1,BELFAST NORTH
N20000228,15.3,25.9,27.0,1.1,BELFAST NORTH
N20000229,12.8,43.9,45.0,1.1,BELFAST NORTH
N20000230,29.9,34.7,35.8,1.1,BELFAST NORTH
N20000231,46.5,53.4,54.5,1.1,BELFAST NORTH
N20000232,51.6,48.4,49.5,1.1,BELFAST NORTH
N20000233,54.1,41.4,42.5,1.1,BELFAST NORTH
N20000234,54.7,50.3,51.4,1.1,BELFAST NORTH
N20000235,46.7,31.0,32.1,1.1,BELFAST NORTH
N20000236,38.6,54.4,55.5,1.1,BELFAST NORTH
N20000237,32.3,34.9,36.0,1.1,BELFAST NORTH
N20000238,67.8,44.0,45.1,1.1,BELFAST NORTH
N20000239,44.7,51.1,52.2,1.1,BELFAST NORTH
N20000240,54.3,41.7,42.8,1.1,BELFAST NORTH
N20000241,28.2,31.3,32.4,1.1,BELFAST NORTH
N20000242,23.7,29.0,30.1,1.1,BELFAST NORTH
N20000243,72.0,71.8,72.9,1.1,BELFAST NORTH
N20000244,77.0,63.9,65.0,1.1,BELFAST NORTH
N20000245,89.2,55.8,56.9,1.1,BELFAST NORTH
N20000246,79.9,78.1,79.2,1.1,BELFAST NORTH
N20000247,71.3,60.8,61.9,1.1,BELFAST NORTH
N20000248,27.7,22.0,21.3,-0.7,SOUTH ANTRIM
N20000249,84.4,83.8,84.9,1.1,BELFAST NORTH
N20000250,85.6,74.9,76.0,1.1,BELFAST NORTH
N20000251,84.6,70.7,70.0,-0.7,SOUTH ANTRIM
N20000252,83.1,65.7,66.8,1.1,BELFAST NORTH
N20000253,76.1,64.5,65.6,1.1,BELFAST NORTH
N20000254,81.4,67.7,68.8,1.1,BELFAST NORTH
N20000255,82.6,44.8,45.9,1.1,BELFAST NORTH
N20000256,82.2,73.4,74.5,1.1,BELFAST NORTH
N20000257,18.2,55.6,54.9,-0.7,SOUTH ANTRIM
N20000258,14.7,24.9,24.2,-0.7,SOUTH ANTRIM
N20000259,12.4,21.6,20.9,-0.7,SOUTH ANTRIM
N20000260,16.5,40.7,40.0,-0.7,SOUTH ANTRIM
N20000261,9.9,22.9,22.2,-0.7,SOUTH ANTRIM
N20000262,16.1,25.8,25.1,-0.7,SOUTH ANTRIM
N20000263,16.2,19.3,18.6,-0.7,SOUTH ANTRIM
N20000264,28.6,35.2,34.5,-0.7,SOUTH ANTRIM
N20000265,36.5,45.9,45.2,-0.7,SOUTH ANTRIM
N20000266,17.6,21.6,20.9,-0.7,SOUTH ANTRIM
N20000267,62.5,55.1,54.4,-0.7,SOUTH ANTRIM
N20000268,30.9,37.8,37.1,-0.7,SOUTH ANTRIM
N20000269,18.7,30.8,30.1,-0.7,SOUTH ANTRIM
N20000270,70.6,62.8,62.1,-0.7,SOUTH ANTRIM
N20000271,59.1,67.9,67.2,-0.7,SOUTH ANTRIM
N20000272,65.1,62.8,62.1,-0.7,SOUTH ANTRIM
N20000273,80.4,75.3,74.6,-0.7,SOUTH ANTRIM
N20000274,11.2,14.0,13.3,-0.7,SOUTH ANTRIM
N20000275,60.9,63.2,62.5,-0.7,SOUTH ANTRIM
N20000276,68.5,70.2,69.5,-0.7,SOUTH ANTRIM
N20000277,87.1,63.2,62.5,-0.7,SOUTH ANTRIM
N20000278,18.3,18.6,17.9,-0.7,SOUTH ANTRIM
N20000279,23.6,78.6,77.9,-0.7,SOUTH ANTRIM
N20000280,16.3,27.0,26.3,-0.7,SOUTH ANTRIM
N20000281,36.9,41.2,40.5,-0.7,SOUTH ANTRIM
N20000282,55.7,47.0,46.3,-0.7,SOUTH ANTRIM
N20000283,74.3,61.7,61.0,-0.7,SOUTH ANTRIM
N20000284,80.7,52.2,51.5,-0.7,SOUTH ANTRIM
N20000285,36.2,34.0,33.3,-0.7,SOUTH ANTRIM
N20000286,85.0,61.6,60.9,-0.7,SOUTH ANTRIM
N20000287,88.3,66.2,65.5,-0.7,SOUTH ANTRIM
N20000288,62.9,51.6,50.9,-0.7,SOUTH ANTRIM
N20000289,73.9,48.8,48.1,-0.7,SOUTH ANTRIM
N20000290,73.1,64.0,63.3,-0.7,SOUTH ANTRIM
N20000291,71.0,61.7,61.0,-0.7,SOUTH ANTRIM
N20000292,85.8,76.2,75.5,-0.7,SOUTH ANTRIM
N20000293,61.9,51.7,51.0,-0.7,SOUTH ANTRIM
N20000294,89.5,60.2,59.5,-0.7,SOUTH ANTRIM
N20000295,64.4,61.9,62.0,0.1,NEWRY AND ARMAGH
N20000296,56.2,46.5,46.6,0.1,NEWRY AND ARMAGH
N20000297,88.2,75.4,75.5,0.1,NEWRY AND ARMAGH
N20000298,90.5,77.9,78.0,0.1,NEWRY AND ARMAGH
N20000299,71.5,67.5,67.6,0.1,NEWRY AND ARMAGH
N20000300,85.2,56.5,56.6,0.1,NEWRY AND ARMAGH
N20000301,77.9,65.5,65.6,0.1,NEWRY AND ARMAGH
N20000302,62.7,61.7,61.8,0.1,NEWRY AND ARMAGH
N20000303,93.3,72.9,73.0,0.1,NEWRY AND ARMAGH
N20000304,62.5,41.9,42.0,0.1,NEWRY AND ARMAGH
N20000305,24.8,37.6,37.7,0.1,NEWRY AND ARMAGH
N20000306,56.0,61.6,61.7,0.1,NEWRY AND ARMAGH
N20000307,51.4,39.2,39.3,0.1,NEWRY AND ARMAGH
N20000308,50.8,55.7,55.8,0.1,NEWRY AND ARMAGH
N20000309,80.9,70.2,70.3,0.1,NEWRY AND ARMAGH
N20000310,61.8,48.4,48.5,0.1,NEWRY AND ARMAGH
N20000311,63.4,68.8,68.9,0.1,NEWRY AND ARMAGH
N20000312,79.6,74.1,74.2,0.1,NEWRY AND ARMAGH
N20000313,70.7,46.5,46.6,0.1,NEWRY AND ARMAGH
N20000314,27.6,77.6,77.7,0.1,NEWRY AND ARMAGH
N20000315,41.0,39.6,39.7,0.1,NEWRY AND ARMAGH
N20000316,82.5,85.5,85.6,0.1,NEWRY AND ARMAGH
N20000317,85.1,84.2,84.3,0.1,NEWRY AND ARMAGH
N20000318,87.9,78.1,78.2,0.1,NEWRY AND ARMAGH
N20000319,68.7,45.5,45.6,0.1,NEWRY AND ARMAGH
N20000320,25.9,39.5,39.6,0.1,NEWRY AND ARMAGH
N20000321,93.0,59.9,60.0,0.1,NEWRY AND ARMAGH
N20000322,92.2,91.2,91.3,0.1,NEWRY AND ARMAGH
N20000323,75.0,42.0,42.1,0.1,NEWRY AND ARMAGH
N20000324,47.4,39.9,40.0,0.1,NEWRY AND ARMAGH
N20000325,48.5,45.3,45.4,0.1,NEWRY AND ARMAGH
N20000326,10.2,26.7,26.8,0.1,NEWRY AND ARMAGH
N20000327,93.0,72.4,72.5,0.1,NEWRY AND ARMAGH
N20000328,49.5,62.8,62.9,0.1,NEWRY AND ARMAGH
N20000329,88.0,84.0,84.1,0.1,NEWRY AND ARMAGH
N20000330,82.9,99.0,99.0,0.0,NEWRY AND ARMAGH
N20000331,83.9,68.8,68.9,0.1,NEWRY AND ARMAGH
N20000332,60.6,51.7,51.8,0.1,NEWRY AND ARMAGH
N20000333,44.0,48.9,49.0,0.1,NEWRY AND ARMAGH
N20000334,52.1,64.6,64.7,0.1,NEWRY AND ARMAGH
N20000335,83.5,92.4,92.5,0.1,NEWRY AND ARMAGH
N20000336,69.7,83.6,83.7,0.1,NEWRY AND ARMAGH
N20000337,68.6,60.9,61.0,0.1,NEWRY AND ARMAGH
N20000338,25.4,35.3,35.4,0.1,NEWRY AND ARMAGH
N20000339,65.1,70.0,70.1,0.1,NEWRY AND ARMAGH
N20000340,31.9,32.4,32.5,0.1,NEWRY AND ARMAGH
N20000341,70.6,63.5,63.6,0.1,NEWRY AND ARMAGH
N20000342,88.0,79.7,79.8,0.1,NEWRY AND ARMAGH
N20000343,56.0,60.4,60.5,0.1,NEWRY AND ARMAGH
N20000344,56.8,58.0,58.1,0.1,NEWRY AND ARMAGH
N20000345,78.1,78.6,78.7,0.1,NEWRY AND ARMAGH
N20000346,64.1,62.1,62.2,0.1,NEWRY AND ARMAGH
N20000347,83.6,67.1,67.2,0.1,NEWRY AND ARMAGH
N20000348,88.8,93.5,93.6,0.1,NEWRY AND ARMAGH
N20000349,84.6,71.5,71.6,0.1,NEWRY AND ARMAGH
N20000350,89.8,85.7,85.8,0.1,NEWRY AND ARMAGH
N20000351,84.7,53.0,53.1,0.1,NEWRY AND ARMAGH
N20000352,83.4,74.7,74.8,0.1,NEWRY AND ARMAGH
N20000353,84.8,72.8,72.9,0.1,NEWRY AND ARMAGH
N20000354,79.6,72.1,72.2,0.1,NEWRY AND ARMAGH
N20000355,94.7,81.1,81.2,0.1,NEWRY AND ARMAGH
N20000356,53.3,58.5,56.8,-1.7,UPPER BANN
N20000357,7.1,16.2,16.3,0.1,FERMANAGH AND SOUTH TYRONE
N20000358,36.8,38.4,36.7,-1.7,UPPER BANN
N20000359,6.1,40.7,39.0,-1.7,UPPER BANN
N20000360,46.9,47.7,46.0,-1.7,UPPER BANN
N20000361,65.0,69.4,69.5,0.1,FERMANAGH AND SOUTH TYRONE
N20000362,20.7,33.6,33.7,0.1,FERMANAGH AND SOUTH TYRONE
N20000363,23.7,40.6,38.9,-1.7,UPPER BANN
N20000364,34.2,36.3,34.6,-1.7,UPPER BANN
N20000365,21.2,31.9,30.2,-1.7,UPPER BANN
N20000366,23.3,34.9,33.2,-1.7,UPPER BANN
N20000367,43.4,43.4,43.5,0.1,NEWRY AND ARMAGH
N20000368,15.6,57.4,55.7,-1.7,UPPER BANN
N20000369,29.6,34.5,34.6,0.1,NEWRY AND ARMAGH
N20000370,89.7,65.9,64.2,-1.7,UPPER BANN
N20000371,89.8,73.8,72.1,-1.7,UPPER BANN
N20000372,88.2,77.5,75.8,-1.7,UPPER BANN
N20000373,91.7,70.2,68.5,-1.7,UPPER BANN
N20000374,88.0,70.6,68.9,-1.7,UPPER BANN
N20000375,86.5,72.6,70.9,-1.7,UPPER BANN
N20000376,87.7,65.2,63.5,-1.7,UPPER BANN
N20000377,30.2,29.3,27.6,-1.7,UPPER BANN
N20000378,94.9,71.6,69.9,-1.7,UPPER BANN
N20000379,79.3,50.1,48.4,-1.7,UPPER BANN
N20000380,78.0,94.6,92.9,-1.7,UPPER BANN
N20000381,81.6,87.0,85.3,-1.7,UPPER BANN
N20000382,74.8,37.1,35.4,-1.7,UPPER BANN
N20000383,26.4,45.5,43.8,-1.7,UPPER BANN
N20000384,11.1,22.9,21.2,-1.7,UPPER BANN
N20000385,11.9,23.0,21.3,-1.7,UPPER BANN
N20000386,76.3,28.2,26.5,-1.7,UPPER BANN
N20000387,10.9,26.3,24.6,-1.7,UPPER BANN
N20000388,11.7,18.0,16.3,-1.7,UPPER BANN
N20000389,17.0,20.6,18.9,-1.7,UPPER BANN
N20000390,18.1,20.1,18.4,-1.7,UPPER BANN
N20000391,21.1,28.7,27.0,-1.7,UPPER BANN
N20000392,9.1,27.2,25.5,-1.7,UPPER BANN
N20000393,27.5,28.5,26.8,-1.7,UPPER BANN
N20000394,9.7,1.0,1.0,0.0,UPPER BANN
N20000395,44.1,29.8,28.1,-1.7,UPPER BANN
N20000396,11.2,20.9,19.2,-1.7,UPPER BANN
N20000397,3.9,22.8,21.1,-1.7,UPPER BANN
N20000398,33.0,25.4,23.7,-1.7,UPPER BANN
N20000399,16.3,31.2,29.5,-1.7,UPPER BANN
N20000400,47.4,11.8,10.1,-1.7,UPPER BANN
N20000401,72.6,64.5,64.6,0.1,NEWRY AND ARMAGH
N20000402,18.8,27.4,25.7,-1.7,UPPER BANN
N20000403,42.8,38.6,36.9,-1.7,UPPER BANN
N20000404,18.9,22.5,20.8,-1.7,UPPER BANN
N20000405,28.1,39.9,38.2,-1.7,UPPER BANN
N20000406,6.8,9.7,8.0,-1.7,UPPER BANN
N20000407,13.9,19.6,17.9,-1.7,UPPER BANN
N20000408,19.4,23.4,23.5,0.1,NEWRY AND ARMAGH
N20000409,4.6,20.1,18.4,-1.7,UPPER BANN
N20000410,17.3,28.0,26.3,-1.7,UPPER BANN
N20000411,36.6,28.6,26.9,-1.7,UPPER BANN
N20000412,20.6,40.6,38.9,-1.7,UPPER BANN
N20000413,22.9,36.2,34.5,-1.7,UPPER BANN
N20000414,19.1,29.1,27.4,-1.7,UPPER BANN
N20000415,19.8,33.4,31.7,-1.7,UPPER BANN
N20000416,33.5,44.6,44.7,0.1,NEWRY AND ARMAGH
N20000417,9.0,27.6,25.9,-1.7,UPPER BANN
N20000418,40.3,40.7,40.8,0.1,NEWRY AND ARMAGH
N20000419,22.7,23.7,22.0,-1.7,UPPER BANN
N20000420,18.2,22.5,20.8,-1.7,UPPER BANN
N20000421,73.9,68.7,67.0,-1.7,UPPER BANN
N20000422,76.5,65.1,63.4,-1.7,UPPER BANN
N20000423,93.6,75.9,74.2,-1.7,UPPER BANN
N20000424,83.2,72.4,70.7,-1.7,UPPER BANN
N20000425,80.8,90.3,88.6,-1.7,UPPER BANN
N20000426,96.0,74.4,72.7,-1.7,UPPER BANN
N20000427,92.6,81.6,79.9,-1.7,UPPER BANN
N20000428,91.6,61.4,59.7,-1.7,UPPER BANN
N20000429,90.2,65.2,63.5,-1.7,UPPER BANN
N20000430,22.2,24.8,23.1,-1.7,UPPER BANN
N20000431,90.8,91.0,89.3,-1.7,UPPER BANN
N20000432,92.9,81.4,79.7,-1.7,UPPER BANN
N20000433,59.0,38.2,36.5,-1.7,UPPER BANN
N20000434,53.7,55.6,53.9,-1.7,UPPER BANN
N20000435,75.5,64.8,63.1,-1.7,UPPER BANN
N20000436,59.3,40.5,38.8,-1.7,UPPER BANN
N20000437,56.2,54.9,53.2,-1.7,UPPER BANN
N20000438,52.8,29.8,28.1,-1.7,UPPER BANN
N20000439,91.2,73.0,71.3,-1.7,UPPER BANN
N20000440,20.9,27.4,25.7,-1.7,UPPER BANN
N20000441,71.4,68.6,66.9,-1.7,UPPER BANN
N20000442,76.9,73.0,71.3,-1.7,UPPER BANN
N20000443,36.3,38.7,37.0,-1.7,UPPER BANN
N20000444,52.5,43.9,42.2,-1.7,UPPER BANN
N20000445,68.5,54.1,52.4,-1.7,UPPER BANN
N20000446,33.7,40.6,38.9,-1.7,UPPER BANN
N20000447,42.9,32.5,30.8,-1.7,UPPER BANN
N20000448,84.2,77.3,75.6,-1.7,UPPER BANN
N20000449,81.5,81.4,79.7,-1.7,UPPER BANN
N20000450,9.9,21.7,20.0,-1.7,UPPER BANN
N20000451,26.3,32.7,31.0,-1.7,UPPER BANN
N20000452,80.8,59.5,57.8,-1.7,UPPER BANN
N20000453,81.2,85.5,83.8,-1.7,UPPER BANN
N20000454,82.3,57.1,55.4,-1.7,UPPER BANN
N20000455,21.8,52.1,50.4,-1.7,UPPER BANN
N20000456,14.7,44.6,42.9,-1.7,UPPER BANN
N20000457,13.6,23.2,21.5,-1.7,UPPER BANN
N20000458,42.3,44.0,42.3,-1.7,UPPER BANN
N20000459,20.1,30.9,29.2,-1.7,UPPER BANN
N20000460,17.7,31.8,30.1,-1.7,UPPER BANN
N20000461,16.8,34.0,32.3,-1.7,UPPER BANN
N20000462,7.2,21.1,19.4,-1.7,UPPER BANN
N20000463,7.0,20.3,18.6,-1.7,UPPER BANN
N20000464,12.2,33.4,31.7,-1.7,UPPER BANN
N20000465,45.6,37.6,35.9,-1.7,UPPER BANN
N20000466,8.3,26.7,25.0,-1.7,UPPER BANN
N20000467,48.0,52.5,50.8,-1.7,UPPER BANN
N20000468,19.6,19.1,17.4,-1.7,UPPER BANN
N20000469,9.6,22.8,21.1,-1.7,UPPER BANN
N20000470,8.8,22.8,21.1,-1.7,UPPER BANN
N20000471,4.0,16.7,15.0,-1.7,UPPER BANN
N20000472,12.3,23.7,22.0,-1.7,UPPER BANN
N20000473,31.3,31.7,30.0,-1.7,UPPER BANN
N20000474,14.4,18.5,16.8,-1.7,UPPER BANN
N20000475,8.5,33.4,31.7,-1.7,UPPER BANN
N20000476,78.9,57.6,55.9,-1.7,UPPER BANN
N20000477,90.6,80.5,78.8,-1.7,UPPER BANN
N20000478,80.0,67.2,65.5,-1.7,UPPER BANN
N20000479,95.3,78.2,76.5,-1.7,UPPER BANN
N20000480,96.4,69.8,68.1,-1.7,UPPER BANN
N20000481,92.1,57.1,55.4,-1.7,UPPER BANN
N20000482,61.0,58.5,56.8,-1.7,UPPER BANN
N20000483,94.3,91.9,90.2,-1.7,UPPER BANN
N20000484,92.8,66.8,65.1,-1.7,UPPER BANN
N20000485,95.3,95.8,94.1,-1.7,UPPER BANN
N20000486,93.9,77.4,75.7,-1.7,UPPER BANN
N20000487,95.7,74.2,72.5,-1.7,UPPER BANN
N20000488,56.8,45.4,43.7,-1.7,UPPER BANN
N20000489,95.2,79.5,77.8,-1.7,UPPER BANN
N20000490,93.8,79.3,77.6,-1.7,UPPER BANN
N20000491,95.7,84.8,83.1,-1.7,UPPER BANN
N20000492,95.5,68.1,66.4,-1.7,UPPER BANN
N20000493,94.8,69.4,67.7,-1.7,UPPER BANN
N20000494,95.8,87.9,86.2,-1.7,UPPER BANN
N20000495,93.5,86.5,84.8,-1.7,UPPER BANN
N20000496,85.7,63.5,61.8,-1.7,UPPER BANN
N20000497,95.9,80.6,78.9,-1.7,UPPER BANN
N20000498,66.1,72.1,70.4,-1.7,UPPER BANN
N20000499,97.7,87.2,85.5,-1.7,UPPER BANN
N20000500,79.6,72.4,70.7,-1.7,UPPER BANN
N20000501,25.0,45.5,43.8,-1.7,UPPER BANN
N20000502,29.8,22.2,20.5,-1.7,UPPER BANN
N20000503,92.6,70.3,68.6,-1.7,UPPER BANN
N20000504,74.9,69.2,67.5,-1.7,UPPER BANN
N20000505,85.0,72.9,71.2,-1.7,UPPER BANN
N20000506,79.3,51.8,50.1,-1.7,UPPER BANN
N20000507,29.8,34.9,33.2,-1.7,UPPER BANN
N20000508,85.1,63.0,61.3,-1.7,UPPER BANN
N20000509,82.3,77.0,75.3,-1.7,UPPER BANN
N20000510,13.9,32.4,30.7,-1.7,UPPER BANN
N20000511,95.0,72.7,71.0,-1.7,UPPER BANN
N20000512,72.3,44.3,42.6,-1.7,UPPER BANN
N20000513,36.7,25.5,23.8,-1.7,UPPER BANN
N20000514,24.4,44.2,42.5,-1.7,UPPER BANN
N20000515,35.9,45.8,44.1,-1.7,UPPER BANN
N20000516,85.0,81.8,80.1,-1.7,UPPER BANN
N20000517,7.7,33.7,32.0,-1.7,UPPER BANN
N20000518,5.0,19.6,17.9,-1.7,UPPER BANN
N20000519,15.6,25.5,23.8,-1.7,UPPER BANN
N20000520,7.2,14.5,12.8,-1.7,UPPER BANN
N20000521,34.4,22.2,20.5,-1.7,UPPER BANN
N20000522,92.4,82.8,81.1,-1.7,UPPER BANN
N20000523,13.9,26.2,24.5,-1.7,UPPER BANN
N20000524,74.7,61.0,59.3,-1.7,UPPER BANN
N20000525,54.9,38.5,36.8,-1.7,UPPER BANN
N20000526,20.3,31.0,29.3,-1.7,UPPER BANN
N20000527,29.8,45.5,43.8,-1.7,UPPER BANN
N20000528,90.9,69.6,67.9,-1.7,UPPER BANN
N20000529,19.8,39.2,37.5,-1.7,UPPER BANN
N20000530,93.7,86.8,85.1,-1.7,UPPER BANN
N20000531,8.3,13.5,11.8,-1.7,UPPER BANN
N20000532,83.4,59.3,57.6,-1.7,UPPER BANN
N20000533,13.9,22.6,20.9,-1.7,UPPER BANN
N20000534,21.1,52.8,51.1,-1.7,UPPER BANN
N20000535,84.0,92.8,91.1,-1.7,UPPER BANN
N20000536,82.8,73.3,71.6,-1.7,UPPER BANN
N20000537,9.5,28.1,26.4,-1.7,UPPER BANN
N20000538,90.6,81.4,79.7,-1.7,UPPER BANN
N20000539,15.5,46.5,44.8,-1.7,UPPER BANN
N20000540,23.8,37.4,35.7,-1.7,UPPER BANN
N20000541,93.4,76.6,74.9,-1.7,UPPER BANN
N20000542,14.6,22.7,21.0,-1.7,UPPER BANN
N20000543,94.1,71.7,70.0,-1.7,UPPER BANN
N20000544,10.4,24.5,22.8,-1.7,UPPER BANN
N20000545,7.1,23.8,22.1,-1.7,UPPER BANN
N20000546,19.7,36.8,35.1,-1.7,UPPER BANN
N20000547,13.0,33.2,31.5,-1.7,UPPER BANN
N20000548,13.9,30.7,29.0,-1.7,UPPER BANN
N20000549,8.5,17.1,15.4,-1.7,UPPER BANN
N20000550,17.6,33.0,31.3,-1.7,UPPER BANN
N20000551,8.8,33.4,31.7,-1.7,UPPER BANN
N20000552,9.5,23.3,21.6,-1.7,UPPER BANN
N20000553,12.1,29.2,27.5,-1.7,UPPER BANN
N20000554,10.5,37.0,35.3,-1.7,UPPER BANN
N20000555,5.1,20.5,18.8,-1.7,UPPER BANN
N20000556,13.1,21.9,20.2,-1.7,UPPER BANN
N20000557,5.7,13.8,12.1,-1.7,UPPER BANN
N20000558,8.3,29.8,28.1,-1.7,UPPER BANN
N20000559,4.8,22.7,21.0,-1.7,UPPER BANN
N20000560,18.3,4.9,2.7,-2.2,LAGAN VALLEY
N20000561,8.1,29.9,28.2,-1.7,UPPER BANN
N20000562,8.0,23.1,20.9,-2.2,LAGAN VALLEY
N20000563,26.7,22.4,20.2,-2.2,LAGAN VALLEY
N20000564,9.5,24.9,23.2,-1.7,UPPER BANN
N20000565,19.4,30.9,28.7,-2.2,LAGAN VALLEY
N20000566,14.3,37.5,35.3,-2.2,LAGAN VALLEY
N20000567,6.0,33.2,31.5,-1.7,UPPER BANN
N20000568,15.7,24.5,22.3,-2.2,LAGAN VALLEY
N20000569,20.9,23.2,21.5,-1.7,UPPER BANN
N20000570,24.3,29.0,26.8,-2.2,LAGAN VALLEY
N20000571,20.7,18.9,16.7,-2.2,LAGAN VALLEY
N20000572,6.1,23.9,22.2,-1.7,UPPER BANN
N20000573,18.6,34.1,31.9,-2.2,LAGAN VALLEY
N20000574,13.9,33.4,31.2,-2.2,LAGAN VALLEY
N20000575,13.5,18.4,16.2,-2.2,LAGAN VALLEY
N20000576,10.9,5.8,3.6,-2.2,LAGAN VALLEY
N20000577,12.5,27.6,25.4,-2.2,LAGAN VALLEY
N20000578,18.9,36.0,33.8,-2.2,LAGAN VALLEY
N20000579,10.2,28.7,26.5,-2.2,LAGAN VALLEY
N20000580,20.2,31.0,29.3,-1.7,UPPER BANN
N20000581,5.4,32.8,31.1,-1.7,UPPER BANN
N20000582,13.7,18.6,16.4,-2.2,LAGAN VALLEY
N20000583,13.7,21.5,19.3,-2.2,LAGAN VALLEY
N20000584,11.3,32.8,30.6,-2.2,LAGAN VALLEY
N20000585,17.3,43.0,41.3,-1.7,UPPER BANN
N20000586,9.7,15.5,13.3,-2.2,LAGAN VALLEY
N20000587,12.4,30.8,28.6,-2.2,LAGAN VALLEY
N20000588,15.3,23.9,21.7,-2.2,LAGAN VALLEY
N20000589,5.0,29.6,27.4,-2.2,LAGAN VALLEY
N20000590,28.4,33.9,31.7,-2.2,LAGAN VALLEY
N20000591,20.4,43.6,44.8,1.2,SOUTH DOWN
N20000592,42.5,40.3,41.5,1.2,SOUTH DOWN
N20000593,25.1,42.8,44.0,1.2,SOUTH DOWN
N20000594,26.8,37.3,35.6,-1.7,UPPER BANN
N20000595,37.1,44.3,42.6,-1.7,UPPER BANN
N20000596,85.5,68.0,66.3,-1.7,UPPER BANN
N20000597,62.2,66.8,65.1,-1.7,UPPER BANN
N20000598,53.8,42.7,41.0,-1.7,UPPER BANN
N20000599,21.8,35.3,33.6,-1.7,UPPER BANN
N20000600,61.1,64.4,62.7,-1.7,UPPER BANN
N20000601,39.5,41.9,40.2,-1.7,UPPER BANN
N20000602,38.1,41.4,39.7,-1.7,UPPER BANN
N20000603,18.0,45.0,43.3,-1.7,UPPER BANN
N20000604,21.6,14.7,13.0,-1.7,UPPER BANN
N20000605,63.6,55.8,54.1,-1.7,UPPER BANN
N20000606,50.9,53.3,51.6,-1.7,UPPER BANN
N20000607,33.8,35.1,33.4,-1.7,UPPER BANN
N20000608,31.6,22.3,20.6,-1.7,UPPER BANN
N20000609,39.8,39.2,37.5,-1.7,UPPER BANN
N20000610,27.6,30.0,28.3,-1.7,UPPER BANN
N20000611,35.0,37.7,36.0,-1.7,UPPER BANN
N20000612,37.7,35.5,33.8,-1.7,UPPER BANN
N20000613,31.9,20.5,18.8,-1.7,UPPER BANN
N20000614,26.3,33.9,35.1,1.2,SOUTH DOWN
N20000615,47.1,49.4,47.7,-1.7,UPPER BANN
N20000616,37.9,42.0,40.3,-1.7,UPPER BANN
N20000617,37.6,60.5,58.8,-1.7,UPPER BANN
N20000618,38.1,34.3,32.6,-1.7,UPPER BANN
N20000619,61.5,56.9,55.2,-1.7,UPPER BANN
N20000620,38.0,28.8,27.1,-1.7,UPPER BANN
N20000621,51.4,29.9,28.2,-1.7,UPPER BANN
N20000622,49.0,65.8,64.1,-1.7,UPPER BANN
N20000623,31.3,32.3,30.6,-1.7,UPPER BANN
N20000624,43.6,47.7,46.0,-1.7,UPPER BANN
N20000625,49.3,55.7,54.0,-1.7,UPPER BANN
N20000626,29.1,46.1,44.4,-1.7,UPPER BANN
N20000627,42.6,45.4,43.7,-1.7,UPPER BANN
N20000628,21.5,20.3,18.6,-1.7,UPPER BANN
N20000629,24.7,34.1,32.4,-1.7,UPPER BANN
N20000630,36.6,30.9,29.2,-1.7,UPPER BANN
N20000631,36.6,40.9,39.2,-1.7,UPPER BANN
N20000632,37.9,41.4,39.7,-1.7,UPPER BANN
N20000633,21.2,19.3,17.6,-1.7,UPPER BANN
N20000634,12.4,29.7,28.0,-1.7,UPPER BANN
N20000635,37.9,57.5,55.8,-1.7,UPPER BANN
N20000636,25.6,29.2,27.5,-1.7,UPPER BANN
N20000637,25.3,46.9,45.2,-1.7,UPPER BANN
N20000638,24.1,30.8,29.1,-1.7,UPPER BANN
N20000639,28.5,46.5,44.8,-1.7,UPPER BANN
N20000640,38.9,31.8,30.1,-1.7,UPPER BANN
N20000641,38.2,50.5,48.8,-1.7,UPPER BANN
N20000642,55.0,55.8,54.1,-1.7,UPPER BANN
N20000643,39.6,45.0,43.3,-1.7,UPPER BANN
N20000644,12.3,22.3,20.6,-1.7,UPPER BANN
N20000645,47.2,61.9,63.1,1.2,SOUTH DOWN
N20000646,55.9,64.9,63.2,-1.7,UPPER BANN
N20000647,56.0,45.2,43.5,-1.7,UPPER BANN
N20000648,19.5,18.0,19.2,1.2,SOUTH DOWN
N20000649,38.9,45.4,43.7,-1.7,UPPER BANN
N20000650,18.9,32.9,34.1,1.2,SOUTH DOWN
N20000651,65.9,55.5,56.7,1.2,SOUTH DOWN
N20000652,44.0,49.1,47.4,-1.7,UPPER BANN
N20000653,36.6,42.2,43.4,1.2,SOUTH DOWN
N20000654,70.9,47.0,47.1,0.1,NEWRY AND ARMAGH
N20000655,8.0,33.5,34.7,1.2,SOUTH DOWN
N20000656,18.9,31.4,32.6,1.2,SOUTH DOWN
N20000657,24.6,32.6,33.8,1.2,SOUTH DOWN
N20000658,28.3,41.8,43.0,1.2,SOUTH DOWN
N20000659,48.6,50.2,51.4,1.2,SOUTH DOWN
N20000660,34.6,58.1,59.3,1.2,SOUTH DOWN
N20000661,46.9,45.8,47.0,1.2,SOUTH DOWN
N20000662,39.2,48.5,49.7,1.2,SOUTH DOWN
N20000663,40.9,44.3,45.5,1.2,SOUTH DOWN
N20000664,5.6,30.0,30.1,0.1,NEWRY AND ARMAGH
N20000665,12.3,19.2,19.3,0.1,NEWRY AND ARMAGH
N20000666,4.2,9.6,9.7,0.1,NEWRY AND ARMAGH
N20000667,15.6,32.4,32.5,0.1,NEWRY AND ARMAGH
N20000668,10.2,17.9,18.0,0.1,NEWRY AND ARMAGH
N20000669,8.5,31.2,31.3,0.1,NEWRY AND ARMAGH
N20000670,8.5,17.4,17.5,0.1,NEWRY AND ARMAGH
N20000671,7.4,23.4,23.5,0.1,NEWRY AND ARMAGH
N20000672,11.0,38.5,38.6,0.1,NEWRY AND ARMAGH
N20000673,5.7,11.1,11.2,0.1,NEWRY AND ARMAGH
N20000674,17.8,36.3,36.4,0.1,NEWRY AND ARMAGH
N20000675,3.8,23.5,23.6,0.1,NEWRY AND ARMAGH
N20000676,5.2,37.1,37.2,0.1,NEWRY AND ARMAGH
N20000677,4.3,23.9,24.0,0.1,NEWRY AND ARMAGH
N20000678,7.7,32.9,33.0,0.1,NEWRY AND ARMAGH
N20000679,8.9,19.8,19.9,0.1,NEWRY AND ARMAGH
N20000680,9.7,27.6,27.7,0.1,NEWRY AND ARMAGH
N20000681,11.3,24.6,24.7,0.1,NEWRY AND ARMAGH
N20000682,11.7,22.1,22.2,0.1,NEWRY AND ARMAGH
N20000683,13.5,43.2,43.3,0.1,NEWRY AND ARMAGH
N20000684,15.3,27.1,27.2,0.1,NEWRY AND ARMAGH
N20000685,16.5,38.6,38.7,0.1,NEWRY AND ARMAGH
N20000686,11.3,17.9,18.0,0.1,NEWRY AND ARMAGH
N20000687,8.7,14.1,14.2,0.1,NEWRY AND ARMAGH
N20000688,20.7,38.8,38.9,0.1,NEWRY AND ARMAGH
N20000689,13.4,26.1,26.2,0.1,NEWRY AND ARMAGH
N20000690,8.0,36.4,36.5,0.1,NEWRY AND ARMAGH
N20000691,6.2,22.9,23.0,0.1,NEWRY AND ARMAGH
N20000692,29.9,46.7,46.8,0.1,NEWRY AND ARMAGH
N20000693,13.0,26.9,27.0,0.1,NEWRY AND ARMAGH
N20000694,18.2,26.5,26.6,0.1,NEWRY AND ARMAGH
N20000695,11.9,34.8,34.9,0.1,NEWRY AND ARMAGH
N20000696,34.7,38.2,38.3,0.1,NEWRY AND ARMAGH
N20000697,10.9,35.6,35.7,0.1,NEWRY AND ARMAGH
N20000698,24.2,47.8,47.9,0.1,NEWRY AND ARMAGH
N20000699,35.2,49.1,49.2,0.1,NEWRY AND ARMAGH
N20000700,13.5,36.2,36.3,0.1,NEWRY AND ARMAGH
N20000701,78.1,66.9,67.0,0.1,NEWRY AND ARMAGH
N20000702,79.0,91.1,91.2,0.1,NEWRY AND ARMAGH
N20000703,13.2,24.8,24.9,0.1,NEWRY AND ARMAGH
N20000704,30.3,36.5,36.6,0.1,NEWRY AND ARMAGH
N20000705,66.9,55.7,55.8,0.1,NEWRY AND ARMAGH
N20000706,92.8,85.7,85.8,0.1,NEWRY AND ARMAGH
N20000707,90.3,80.4,80.5,0.1,NEWRY AND ARMAGH
N20000708,34.0,48.5,48.6,0.1,NEWRY AND ARMAGH
N20000709,72.4,72.8,72.9,0.1,NEWRY AND ARMAGH
N20000710,78.7,65.3,65.4,0.1,NEWRY AND ARMAGH
N20000711,5.1,8.4,9.5,1.1,BELFAST NORTH
N20000712,82.9,74.8,75.9,1.1,BELFAST NORTH
N20000713,49.8,61.3,62.4,1.1,BELFAST NORTH
N20000714,8.1,37.2,38.3,1.1,BELFAST NORTH
N20000715,92.8,69.0,70.1,1.1,BELFAST NORTH
N20000716,12.5,38.1,39.2,1.1,BELFAST NORTH
N20000717,3.7,34.3,35.4,1.1,BELFAST NORTH
N20000718,6.9,46.3,47.4,1.1,BELFAST NORTH
N20000719,89.7,75.5,76.6,1.1,BELFAST NORTH
N20000720,5.7,11.0,12.1,1.1,BELFAST NORTH
N20000721,29.0,26.9,28.0,1.1,BELFAST NORTH
N20000722,16.3,22.0,23.1,1.1,BELFAST NORTH
N20000723,10.0,36.3,37.4,1.1,BELFAST NORTH
N20000724,89.0,93.1,94.2,1.1,BELFAST NORTH
N20000725,84.4,67.7,68.8,1.1,BELFAST NORTH
N20000726,50.3,51.4,52.5,1.1,BELFAST NORTH
N20000727,12.0,28.1,29.2,1.1,BELFAST NORTH
N20000728,13.2,40.4,41.5,1.1,BELFAST NORTH
N20000729,8.1,37.4,38.5,1.1,BELFAST NORTH
N20000730,12.9,27.7,28.8,1.1,BELFAST NORTH
N20000731,70.9,68.7,69.8,1.1,BELFAST NORTH
N20000732,85.5,66.7,67.8,1.1,BELFAST NORTH
N20000733,73.3,74.7,75.8,1.1,BELFAST NORTH
N20000734,85.8,57.4,58.5,1.1,BELFAST NORTH
N20000735,90.3,86.9,88.0,1.1,BELFAST NORTH
N20000736,8.5,21.5,22.6,1.1,BELFAST NORTH
N20000737,11.2,28.5,29.6,1.1,BELFAST NORTH
N20000738,76.2,63.1,64.2,1.1,BELFAST NORTH
N20000739,10.4,35.6,36.7,1.1,BELFAST NORTH
N20000740,86.5,72.6,73.7,1.1,BELFAST NORTH
N20000741,86.4,60.8,61.9,1.1,BELFAST NORTH
N20000742,14.9,21.8,22.9,1.1,BELFAST NORTH
N20000743,72.7,80.3,81.4,1.1,BELFAST NORTH
N20000744,20.9,36.1,37.2,1.1,BELFAST NORTH
N20000745,71.3,44.8,45.9,1.1,BELFAST NORTH
N20000746,86.2,68.4,69.5,1.1,BELFAST NORTH
N20000747,79.7,47.7,48.8,1.1,BELFAST NORTH
N20000748,89.8,82.2,83.3,1.1,BELFAST NORTH
N20000749,79.9,76.1,77.2,1.1,BELFAST NORTH
N20000750,83.6,54.6,55.7,1.1,BELFAST NORTH
N20000751,89.2,76.4,77.5,1.1,BELFAST NORTH
N20000752,92.4,86.1,87.2,1.1,BELFAST NORTH
N20000753,93.5,77.7,78.8,1.1,BELFAST NORTH
N20000754,76.0,54.8,55.9,1.1,BELFAST NORTH
N20000755,91.0,88.1,89.2,1.1,BELFAST NORTH
N20000756,85.3,86.2,87.3,1.1,BELFAST NORTH
N20000757,72.8,84.9,86.0,1.1,BELFAST NORTH
N20000758,91.8,99.0,99.0,0.0,BELFAST NORTH
N20000759,60.3,77.5,78.6,1.1,BELFAST NORTH
N20000760,89.1,68.4,69.5,1.1,BELFAST NORTH
N20000761,92.2,68.9,70.0,1.1,BELFAST NORTH
N20000762,90.7,81.1,82.2,1.1,BELFAST NORTH
N20000763,59.8,59.5,60.6,1.1,BELFAST NORTH
N20000764,69.1,63.5,64.6,1.1,BELFAST NORTH
N20000765,87.8,82.0,83.1,1.1,BELFAST NORTH
N20000766,80.6,81.3,82.4,1.1,BELFAST NORTH
N20000767,79.0,64.0,65.1,1.1,BELFAST NORTH
N20000768,90.9,81.2,82.3,1.1,BELFAST NORTH
N20000769,72.9,77.1,78.2,1.1,BELFAST NORTH
N20000770,76.0,69.1,70.2,1.1,BELFAST NORTH
N20000771,84.5,52.5,53.6,1.1,BELFAST NORTH
N20000772,67.9,54.8,55.9,1.1,BELFAST NORTH
N20000773,92.2,58.7,59.8,1.1,BELFAST NORTH
N20000774,76.7,63.9,65.0,1.1,BELFAST NORTH
N20000775,75.3,64.5,65.6,1.1,BELFAST NORTH
N20000776,7.1,28.5,29.6,1.1,BELFAST NORTH
N20000777,93.3,71.4,72.5,1.1,BELFAST NORTH
N20000778,84.3,31.9,33.0,1.1,BELFAST NORTH
N20000779,82.9,47.3,48.4,1.1,BELFAST NORTH
N20000780,82.7,22.0,23.1,1.1,BELFAST NORTH
N20000781,94.3,59.2,60.3,1.1,BELFAST NORTH
N20000782,84.8,65.8,66.9,1.1,BELFAST NORTH
N20000783,84.0,53.8,54.9,1.1,BELFAST NORTH
N20000784,91.9,64.5,65.6,1.1,BELFAST NORTH
N20000785,91.3,59.9,61.0,1.1,BELFAST NORTH
N20000786,64.4,62.7,63.8,1.1,BELFAST NORTH
N20000787,87.8,68.9,70.0,1.1,BELFAST NORTH
N20000788,83.3,66.8,67.9,1.1,BELFAST NORTH
N20000789,70.9,59.8,60.9,1.1,BELFAST NORTH
N20000790,11.7,34.6,35.7,1.1,BELFAST NORTH
N20000791,58.3,53.8,54.9,1.1,BELFAST NORTH
N20000792,82.4,74.2,75.3,1.1,BELFAST NORTH
N20000793,75.4,59.9,61.0,1.1,BELFAST NORTH
N20000794,85.4,69.8,70.9,1.1,BELFAST NORTH
N20000795,24.8,35.8,36.9,1.1,BELFAST NORTH
N20000796,78.2,62.0,63.1,1.1,BELFAST NORTH
N20000797,58.2,50.0,51.1,1.1,BELFAST NORTH
N20000798,7.6,10.8,11.9,1.1,BELFAST NORTH
N20000799,83.5,57.2,58.3,1.1,BELFAST NORTH
N20000800,14.1,30.0,31.1,1.1,BELFAST NORTH
N20000801,9.6,37.2,38.3,1.1,BELFAST NORTH
N20000802,88.0,66.0,67.1,1.1,BELFAST NORTH
N20000803,81.4,67.0,68.1,1.1,BELFAST NORTH
N20000804,63.6,44.0,45.1,1.1,BELFAST NORTH
N20000805,19.0,35.3,36.4,1.1,BELFAST NORTH
N20000806,8.0,32.7,33.8,1.1,BELFAST NORTH
N20000807,77.0,69.5,70.6,1.1,BELFAST NORTH
N20000808,83.7,66.7,67.8,1.1,BELFAST NORTH
N20000809,40.7,52.3,53.4,1.1,BELFAST NORTH
N20000810,79.5,44.9,46.0,1.1,BELFAST NORTH
N20000811,6.8,28.2,29.3,1.1,BELFAST NORTH
N20000812,87.7,66.8,67.9,1.1,BELFAST NORTH
N20000813,3.6,1.0,2.1,1.1,BELFAST NORTH
N20000814,71.4,50.4,51.5,1.1,BELFAST NORTH
N20000815,86.6,55.3,56.4,1.1,BELFAST NORTH
N20000816,71.2,59.3,60.4,1.1,BELFAST NORTH
N20000817,59.0,61.1,62.2,1.1,BELFAST NORTH
N20000818,79.2,76.8,77.9,1.1,BELFAST NORTH
N20000819,46.9,48.3,49.4,1.1,BELFAST NORTH
N20000820,3.9,22.9,24.0,1.1,BELFAST NORTH
N20000821,28.9,21.8,22.9,1.1,BELFAST NORTH
N20000822,82.8,72.3,73.4,1.1,BELFAST NORTH
N20000823,37.5,18.4,19.5,1.1,BELFAST NORTH
N20000824,72.9,66.7,67.8,1.1,BELFAST NORTH
N20000825,52.0,52.3,53.4,1.1,BELFAST NORTH
N20000826,44.5,25.0,26.1,1.1,BELFAST NORTH
N20000827,74.8,62.7,63.8,1.1,BELFAST NORTH
N20000828,16.8,29.2,30.3,1.1,BELFAST NORTH
N20000829,11.7,31.1,32.2,1.1,BELFAST NORTH
N20000830,60.1,58.9,60.0,1.1,BELFAST NORTH
N20000831,84.5,86.3,87.4,1.1,BELFAST NORTH
N20000832,42.8,41.0,42.1,1.1,BELFAST NORTH
N20000833,74.1,56.1,57.2,1.1,BELFAST NORTH
N20000834,11.7,38.8,39.9,1.1,BELFAST NORTH
N20000835,11.1,22.3,23.4,1.1,BELFAST NORTH
N20000836,71.0,45.4,46.5,1.1,BELFAST NORTH
N20000837,7.7,14.8,15.9,1.1,BELFAST NORTH
N20000838,73.9,36.9,38.0,1.1,BELFAST NORTH
N20000839,73.5,58.0,59.1,1.1,BELFAST NORTH
N20000840,77.4,53.6,54.7,1.1,BELFAST NORTH
N20000841,55.8,62.6,63.7,1.1,BELFAST NORTH
N20000842,26.6,16.3,17.4,1.1,BELFAST NORTH
N20000843,71.3,47.6,48.7,1.1,BELFAST NORTH
N20000844,6.3,1.0,2.1,1.1,BELFAST NORTH
N20000845,17.7,42.6,43.7,1.1,BELFAST NORTH
N20000846,85.0,56.3,57.4,1.1,BELFAST NORTH
N20000847,11.2,35.1,36.2,1.1,BELFAST NORTH
N20000848,68.7,55.2,56.3,1.1,BELFAST NORTH
N20000849,73.1,28.2,29.3,1.1,BELFAST NORTH
N20000850,13.1,29.6,30.7,1.1,BELFAST NORTH
N20000851,14.8,27.5,28.6,1.1,BELFAST NORTH
N20000852,10.5,50.8,51.9,1.1,BELFAST NORTH
N20000853,13.5,32.5,33.6,1.1,BELFAST NORTH
N20000854,32.4,48.7,49.8,1.1,BELFAST NORTH
N20000855,46.0,54.6,55.7,1.1,BELFAST NORTH
N20000856,5.6,26.5,26.7,0.2,BELFAST EAST
N20000857,32.0,16.2,16.4,0.2,BELFAST EAST
N20000858,7.4,27.1,27.3,0.2,BELFAST EAST
N20000859,17.3,18.2,18.4,0.2,BELFAST EAST
N20000860,4.7,27.2,27.4,0.2,BELFAST EAST
N20000861,10.0,35.3,35.5,0.2,BELFAST EAST
N20000862,13.2,31.4,31.6,0.2,BELFAST EAST
N20000863,10.7,12.4,12.6,0.2,BELFAST EAST
N20000864,15.6,9.1,9.3,0.2,BELFAST EAST
N20000865,8.4,41.8,42.0,0.2,BELFAST EAST
N20000866,13.0,44.5,44.7,0.2,BELFAST EAST
N20000867,11.4,28.7,28.9,0.2,BELFAST EAST
N20000868,12.0,46.0,46.2,0.2,BELFAST EAST
N20000869,10.8,37.9,38.1,0.2,BELFAST EAST
N20000870,7.4,4.1,4.3,0.2,BELFAST EAST
N20000871,10.7,26.1,26.3,0.2,BELFAST EAST
N20000872,22.0,25.5,25.7,0.2,BELFAST EAST
N20000873,8.3,20.8,21.0,0.2,BELFAST EAST
N20000874,7.1,27.1,27.3,0.2,BELFAST EAST
N20000875,20.7,28.8,29.0,0.2,BELFAST EAST
N20000876,17.9,15.8,16.0,0.2,BELFAST EAST
N20000877,6.1,21.9,22.1,0.2,BELFAST EAST
N20000878,31.3,44.0,44.2,0.2,BELFAST EAST
N20000879,16.6,1.0,1.2,0.2,BELFAST EAST
N20000880,12.4,10.7,10.9,0.2,BELFAST EAST
N20000881,14.8,10.9,11.1,0.2,BELFAST EAST
N20000882,23.0,37.9,38.1,0.2,BELFAST EAST
N20000883,13.4,1.0,1.2,0.2,BELFAST EAST
N20000884,12.8,29.3,29.5,0.2,BELFAST EAST
N20000885,19.8,36.0,36.2,0.2,BELFAST EAST
N20000886,70.3,70.2,70.4,0.2,BELFAST EAST
N20000887,94.5,71.9,72.1,0.2,BELFAST EAST
N20000888,19.2,27.4,27.6,0.2,BELFAST EAST
N20000889,11.7,5.1,5.3,0.2,BELFAST EAST
N20000890,20.2,14.8,15.0,0.2,BELFAST EAST
N20000891,17.3,14.7,14.9,0.2,BELFAST EAST
N20000892,7.5,34.1,34.3,0.2,BELFAST EAST
N20000893,17.0,28.9,29.1,0.2,BELFAST EAST
N20000894,60.6,59.5,59.7,0.2,BELFAST EAST
N20000895,17.8,38.4,38.6,0.2,BELFAST EAST
N20000896,86.7,83.5,83.7,0.2,BELFAST EAST
N20000897,18.7,28.8,29.0,0.2,BELFAST EAST
N20000898,20.5,9.1,9.3,0.2,BELFAST EAST
N20000899,20.9,23.1,23.3,0.2,BELFAST EAST
N20000900,6.2,31.0,31.2,0.2,BELFAST EAST
N20000901,39.4,28.6,28.8,0.2,BELFAST EAST
N20000902,26.6,29.6,29.8,0.2,BELFAST EAST
N20000903,8.4,28.4,28.6,0.2,BELFAST EAST
N20000904,58.7,45.6,45.8,0.2,BELFAST EAST
N20000905,22.3,17.5,17.7,0.2,BELFAST EAST
N20000906,12.0,24.7,24.9,0.2,BELFAST EAST
N20000907,18.1,20.7,20.9,0.2,BELFAST EAST
N20000908,18.9,9.2,9.4,0.2,BELFAST EAST
N20000909,14.4,30.3,30.5,0.2,BELFAST EAST
N20000910,11.2,13.2,13.4,0.2,BELFAST EAST
N20000911,3.6,4.5,4.7,0.2,BELFAST EAST
N20000912,26.1,9.2,10.4,1.2,BELFAST SOUTH
N20000913,25.5,36.8,38.0,1.2,BELFAST SOUTH
N20000914,18.5,1.0,1.2,0.2,BELFAST EAST
N20000915,13.1,43.9,44.1,0.2,BELFAST EAST
N20000916,23.9,50.7,50.9,0.2,BELFAST EAST
N20000917,19.8,33.4,33.6,0.2,BELFAST EAST
N20000918,15.8,25.7,26.9,1.2,BELFAST SOUTH
N20000919,8.3,17.5,17.7,0.2,BELFAST EAST
N20000920,16.9,24.3,24.5,0.2,BELFAST EAST
N20000921,7.5,18.2,18.4,0.2,BELFAST EAST
N20000922,11.2,39.3,40.5,1.2,BELFAST SOUTH
N20000923,11.8,48.6,48.8,0.2,BELFAST EAST
N20000924,21.8,41.2,42.4,1.2,BELFAST SOUTH
N20000925,21.8,27.5,27.7,0.2,BELFAST EAST
N20000926,28.0,27.3,27.5,0.2,BELFAST EAST
N20000927,10.6,22.0,22.2,0.2,BELFAST EAST
N20000928,20.0,42.8,44.0,1.2,BELFAST SOUTH
N20000929,16.2,23.7,23.9,0.2,BELFAST EAST
N20000930,13.1,17.1,18.3,1.2,BELFAST SOUTH
N20000931,18.3,30.3,31.5,1.2,BELFAST SOUTH
N20000932,20.5,29.7,29.9,0.2,BELFAST EAST
N20000933,21.9,19.1,19.3,0.2,BELFAST EAST
N20000934,33.1,36.1,37.3,1.2,BELFAST SOUTH
N20000935,7.4,11.8,12.0,0.2,BELFAST EAST
N20000936,12.1,30.5,30.7,0.2,BELFAST EAST
N20000937,20.2,35.6,35.8,0.2,BELFAST EAST
N20000938,21.6,35.4,36.6,1.2,BELFAST SOUTH
N20000939,32.8,31.6,32.8,1.2,BELFAST SOUTH
N20000940,20.9,42.1,43.3,1.2,BELFAST SOUTH
N20000941,22.6,29.7,30.9,1.2,BELFAST SOUTH
N20000942,37.7,50.6,51.8,1.2,BELFAST SOUTH
N20000943,25.6,24.5,25.7,1.2,BELFAST SOUTH
N20000944,48.1,51.1,52.3,1.2,BELFAST SOUTH
N20000945,15.3,16.7,16.9,0.2,BELFAST EAST
N20000946,12.7,22.0,24.7,2.7,NORTH DOWN
N20000947,6.4,25.1,25.3,0.2,BELFAST EAST
N20000948,6.8,21.2,21.4,0.2,BELFAST EAST
N20000949,4.8,19.0,19.2,0.2,BELFAST EAST
N20000950,18.2,9.5,9.7,0.2,BELFAST EAST
N20000951,9.4,28.1,28.3,0.2,BELFAST EAST
N20000952,14.8,14.7,14.9,0.2,BELFAST EAST
N20000953,10.8,10.4,10.6,0.2,BELFAST EAST
N20000954,9.5,1.5,1.7,0.2,BELFAST EAST
N20000955,12.2,27.5,27.7,0.2,BELFAST EAST
N20000956,10.4,17.3,17.5,0.2,BELFAST EAST
N20000957,11.7,13.0,13.2,0.2,BELFAST EAST
N20000958,10.8,17.5,17.7,0.2,BELFAST EAST
N20000959,11.2,1.0,1.2,0.2,BELFAST EAST
N20000960,9.9,17.4,17.6,0.2,BELFAST EAST
N20000961,11.3,30.0,30.2,0.2,BELFAST EAST
N20000962,5.2,12.7,12.9,0.2,BELFAST EAST
N20000963,19.8,11.8,12.0,0.2,BELFAST EAST
N20000964,6.9,18.8,19.0,0.2,BELFAST EAST
N20000965,15.7,7.2,7.4,0.2,BELFAST EAST
N20000966,16.6,12.8,13.0,0.2,BELFAST EAST
N20000967,17.2,29.9,30.1,0.2,BELFAST EAST
N20000968,15.4,26.2,26.4,0.2,BELFAST EAST
N20000969,13.4,22.8,23.0,0.2,BELFAST EAST
N20000970,16.8,33.7,33.9,0.2,BELFAST EAST
N20000971,14.7,9.7,9.9,0.2,BELFAST EAST
N20000972,33.7,33.3,33.5,0.2,BELFAST EAST
N20000973,19.0,2.0,2.2,0.2,BELFAST EAST
N20000974,17.3,20.2,20.4,0.2,BELFAST EAST
N20000975,21.9,28.7,28.9,0.2,BELFAST EAST
N20000976,27.8,35.4,35.6,0.2,BELFAST EAST
N20000977,13.6,34.3,34.5,0.2,BELFAST EAST
N20000978,24.4,1.0,1.2,0.2,BELFAST EAST
N20000979,15.5,8.2,8.4,0.2,BELFAST EAST
N20000980,8.0,28.0,28.2,0.2,BELFAST EAST
N20000981,15.1,27.8,28.0,0.2,BELFAST EAST
N20000982,17.4,24.0,24.2,0.2,BELFAST EAST
N20000983,18.4,23.7,23.9,0.2,BELFAST EAST
N20000984,25.0,41.1,41.3,0.2,BELFAST EAST
N20000985,24.0,18.9,19.1,0.2,BELFAST EAST
N20000986,9.4,37.9,38.1,0.2,BELFAST EAST
N20000987,7.7,19.3,19.5,0.2,BELFAST EAST
N20000988,13.9,31.0,31.2,0.2,BELFAST EAST
N20000989,2.3,18.0,18.2,0.2,BELFAST EAST
N20000990,6.3,26.5,26.7,0.2,BELFAST EAST
N20000991,8.4,28.6,28.8,0.2,BELFAST EAST
N20000992,13.2,12.5,12.7,0.2,BELFAST EAST
N20000993,10.1,26.8,27.0,0.2,BELFAST EAST
N20000994,3.9,24.7,24.9,0.2,BELFAST EAST
N20000995,23.4,30.7,30.9,0.2,BELFAST EAST
N20000996,4.9,14.8,15.0,0.2,BELFAST EAST
N20000997,18.9,30.4,30.6,0.2,BELFAST EAST
N20000998,12.7,16.3,16.5,0.2,BELFAST EAST
N20000999,5.5,31.6,31.8,0.2,BELFAST EAST
N20001000,6.1,24.6,24.8,0.2,BELFAST EAST
N20001001,15.3,31.7,31.9,0.2,BELFAST EAST
N20001002,9.2,10.5,10.7,0.2,BELFAST EAST
N20001003,7.1,20.8,21.0,0.2,BELFAST EAST
N20001004,1.5,38.7,38.9,0.2,BELFAST EAST
N20001005,17.5,32.2,32.4,0.2,BELFAST EAST
N20001006,9.5,29.9,30.1,0.2,BELFAST EAST
N20001007,10.9,25.9,26.1,0.2,BELFAST EAST
N20001008,9.6,23.1,23.3,0.2,BELFAST EAST
N20001009,8.1,18.5,18.7,0.2,BELFAST EAST
N20001010,24.3,14.2,14.4,0.2,BELFAST EAST
N20001011,5.6,25.2,25.4,0.2,BELFAST EAST
N20001012,3.4,31.8,32.0,0.2,BELFAST EAST
N20001013,6.6,25.5,25.7,0.2,BELFAST EAST
N20001014,5.4,13.2,13.4,0.2,BELFAST EAST
N20001015,10.8,28.7,28.9,0.2,BELFAST EAST
N20001016,10.2,32.0,32.2,0.2,BELFAST EAST
N20001017,17.2,25.4,25.6,0.2,BELFAST EAST
N20001018,6.8,9.6,9.8,0.2,BELFAST EAST
N20001019,21.4,28.2,28.4,0.2,BELFAST EAST
N20001020,12.7,27.3,27.5,0.2,BELFAST EAST
N20001021,34.7,26.7,27.9,1.2,BELFAST SOUTH
N20001022,9.0,14.3,14.5,0.2,BELFAST EAST
N20001023,17.9,20.2,20.4,0.2,BELFAST EAST
N20001024,59.4,44.8,46.0,1.2,BELFAST SOUTH
N20001025,15.4,11.4,11.6,0.2,BELFAST EAST
N20001026,26.0,36.2,37.4,1.2,BELFAST SOUTH
N20001027,40.1,26.3,27.5,1.2,BELFAST SOUTH
N20001028,17.1,15.6,15.8,0.2,BELFAST EAST
N20001029,33.5,19.9,21.1,1.2,BELFAST SOUTH
N20001030,42.9,32.2,33.4,1.2,BELFAST SOUTH
N20001031,10.7,42.9,43.1,0.2,BELFAST EAST
N20001032,28.8,39.8,41.0,1.2,BELFAST SOUTH
N20001033,10.1,28.5,28.7,0.2,BELFAST EAST
N20001034,8.0,14.6,14.8,0.2,BELFAST EAST
N20001035,63.3,40.9,42.1,1.2,BELFAST SOUTH
N20001036,26.2,41.3,42.5,1.2,BELFAST SOUTH
N20001037,40.8,36.6,37.8,1.2,BELFAST SOUTH
N20001038,16.4,13.8,14.0,0.2,BELFAST EAST
N20001039,10.7,27.4,27.6,0.2,BELFAST EAST
N20001040,5.5,21.8,22.0,0.2,BELFAST EAST
N20001041,10.3,32.9,33.1,0.2,BELFAST EAST
N20001042,58.2,66.3,67.5,1.2,BELFAST SOUTH
N20001043,9.3,28.4,28.6,0.2,BELFAST EAST
N20001044,10.9,1.3,1.5,0.2,BELFAST EAST
N20001045,10.9,21.3,21.5,0.2,BELFAST EAST
N20001046,12.2,23.0,23.2,0.2,BELFAST EAST
N20001047,9.2,25.8,26.0,0.2,BELFAST EAST
N20001048,9.2,25.1,25.3,0.2,BELFAST EAST
N20001049,18.3,28.0,29.2,1.2,BELFAST SOUTH
N20001050,15.6,27.9,29.1,1.2,BELFAST SOUTH
N20001051,9.9,41.9,42.1,0.2,BELFAST EAST
N20001052,21.2,20.1,21.3,1.2,BELFAST SOUTH
N20001053,28.3,36.7,37.9,1.2,BELFAST SOUTH
N20001054,11.8,20.5,20.7,0.2,BELFAST EAST
N20001055,8.2,18.9,19.1,0.2,BELFAST EAST
N20001056,13.1,21.3,21.5,0.2,BELFAST EAST
N20001057,58.9,50.6,51.8,1.2,BELFAST SOUTH
N20001058,4.3,30.0,30.2,0.2,BELFAST EAST
N20001059,38.7,28.1,29.3,1.2,BELFAST SOUTH
N20001060,14.8,33.4,33.6,0.2,BELFAST EAST
N20001061,56.7,56.7,57.9,1.2,BELFAST SOUTH
N20001062,70.0,39.5,40.7,1.2,BELFAST SOUTH
N20001063,51.0,54.3,55.5,1.2,BELFAST SOUTH
N20001064,47.7,43.4,44.6,1.2,BELFAST SOUTH
N20001065,11.7,31.3,32.5,1.2,BELFAST SOUTH
N20001066,46.9,35.3,36.5,1.2,BELFAST SOUTH
N20001067,14.6,23.8,24.0,0.2,BELFAST EAST
N20001068,52.4,34.6,35.8,1.2,BELFAST SOUTH
N20001069,65.8,48.2,49.4,1.2,BELFAST SOUTH
N20001070,59.6,50.0,51.2,1.2,BELFAST SOUTH
N20001071,65.7,51.6,52.8,1.2,BELFAST SOUTH
N20001072,68.8,60.3,61.5,1.2,BELFAST SOUTH
N20001073,77.9,57.0,58.2,1.2,BELFAST SOUTH
N20001074,42.0,27.0,28.2,1.2,BELFAST SOUTH
N20001075,68.0,63.9,65.1,1.2,BELFAST SOUTH
N20001076,71.8,51.6,52.8,1.2,BELFAST SOUTH
N20001077,50.0,23.3,24.5,1.2,BELFAST SOUTH
N20001078,47.4,46.0,47.2,1.2,BELFAST SOUTH
N20001079,51.8,47.8,49.0,1.2,BELFAST SOUTH
N20001080,29.6,44.7,45.9,1.2,BELFAST SOUTH
N20001081,58.0,44.6,45.8,1.2,BELFAST SOUTH
N20001082,88.6,69.2,70.4,1.2,BELFAST SOUTH
N20001083,89.8,63.8,65.0,1.2,BELFAST SOUTH
N20001084,17.8,41.5,42.7,1.2,BELFAST SOUTH
N20001085,24.3,53.7,54.9,1.2,BELFAST SOUTH
N20001086,78.0,61.9,63.1,1.2,BELFAST SOUTH
N20001087,24.0,20.0,21.2,1.2,BELFAST SOUTH
N20001088,23.1,35.2,36.4,1.2,BELFAST SOUTH
N20001089,5.3,22.7,23.9,1.2,BELFAST SOUTH
N20001090,21.9,29.8,31.0,1.2,BELFAST SOUTH
N20001091,11.8,23.7,24.9,1.2,BELFAST SOUTH
N20001092,6.3,12.6,13.8,1.2,BELFAST SOUTH
N20001093,4.5,32.8,34.0,1.2,BELFAST SOUTH
N20001094,84.4,45.8,47.0,1.2,BELFAST SOUTH
N20001095,12.4,21.6,22.8,1.2,BELFAST SOUTH
N20001096,14.1,21.5,22.7,1.2,BELFAST SOUTH
N20001097,12.1,10.3,11.5,1.2,BELFAST SOUTH
N20001098,16.4,8.3,9.5,1.2,BELFAST SOUTH
N20001099,34.3,13.6,14.8,1.2,BELFAST SOUTH
N20001100,13.8,24.4,25.6,1.2,BELFAST SOUTH
N20001101,39.4,38.1,39.3,1.2,BELFAST SOUTH
N20001102,28.0,41.2,42.4,1.2,BELFAST SOUTH
N20001103,44.7,44.6,45.8,1.2,BELFAST SOUTH
N20001104,13.5,28.0,29.2,1.2,BELFAST SOUTH
N20001105,55.1,35.9,37.1,1.2,BELFAST SOUTH
N20001106,21.3,27.6,28.8,1.2,BELFAST SOUTH
N20001107,55.0,65.6,66.8,1.2,BELFAST SOUTH
N20001108,26.1,41.0,42.2,1.2,BELFAST SOUTH
N20001109,78.5,59.4,60.6,1.2,BELFAST SOUTH
N20001110,49.3,25.9,27.1,1.2,BELFAST SOUTH
N20001111,8.9,35.4,36.6,1.2,BELFAST SOUTH
N20001112,44.5,62.0,63.2,1.2,BELFAST SOUTH
N20001113,62.6,70.1,71.3,1.2,BELFAST SOUTH
N20001114,65.3,45.9,47.1,1.2,BELFAST SOUTH
N20001115,41.9,53.5,54.7,1.2,BELFAST SOUTH
N20001116,11.2,14.0,15.2,1.2,BELFAST SOUTH
N20001117,11.8,27.3,28.5,1.2,BELFAST SOUTH
N20001118,70.5,65.5,66.7,1.2,BELFAST SOUTH
N20001119,55.2,47.4,48.6,1.2,BELFAST SOUTH
N20001120,63.9,70.5,71.7,1.2,BELFAST SOUTH
N20001121,63.0,50.6,51.8,1.2,BELFAST SOUTH
N20001122,43.7,51.3,52.5,1.2,BELFAST SOUTH
N20001123,39.7,38.5,39.7,1.2,BELFAST SOUTH
N20001124,43.8,45.6,46.8,1.2,BELFAST SOUTH
N20001125,33.6,36.4,37.6,1.2,BELFAST SOUTH
N20001126,30.8,58.4,59.6,1.2,BELFAST SOUTH
N20001127,68.5,52.5,53.7,1.2,BELFAST SOUTH
N20001128,23.2,41.0,42.2,1.2,BELFAST SOUTH
N20001129,22.2,39.5,40.7,1.2,BELFAST SOUTH
N20001130,78.8,83.7,84.9,1.2,BELFAST SOUTH
N20001131,63.8,67.3,68.5,1.2,BELFAST SOUTH
N20001132,43.6,35.4,36.6,1.2,BELFAST SOUTH
N20001133,37.6,47.1,48.3,1.2,BELFAST SOUTH
N20001134,56.7,50.8,52.0,1.2,BELFAST SOUTH
N20001135,47.7,37.9,39.1,1.2,BELFAST SOUTH
N20001136,45.6,67.4,68.6,1.2,BELFAST SOUTH
N20001137,48.6,56.1,57.3,1.2,BELFAST SOUTH
N20001138,51.1,21.9,23.1,1.2,BELFAST SOUTH
N20001139,42.7,36.4,37.6,1.2,BELFAST SOUTH
N20001140,38.8,49.5,50.7,1.2,BELFAST SOUTH
N20001141,57.0,41.2,42.4,1.2,BELFAST SOUTH
N20001142,41.1,55.3,56.5,1.2,BELFAST SOUTH
N20001143,46.1,53.8,55.0,1.2,BELFAST SOUTH
N20001144,44.8,54.0,55.2,1.2,BELFAST SOUTH
N20001145,54.5,53.6,54.8,1.2,BELFAST SOUTH
N20001146,48.4,33.2,34.4,1.2,BELFAST SOUTH
N20001147,20.4,1.0,2.2,1.2,BELFAST SOUTH
N20001148,37.9,60.3,61.5,1.2,BELFAST SOUTH
N20001149,36.9,54.9,56.1,1.2,BELFAST SOUTH
N20001150,44.5,43.4,44.6,1.2,BELFAST SOUTH
N20001151,46.0,69.1,70.3,1.2,BELFAST SOUTH
N20001152,44.2,41.0,42.2,1.2,BELFAST SOUTH
N20001153,46.4,50.2,51.4,1.2,BELFAST SOUTH
N20001154,43.6,49.3,50.5,1.2,BELFAST SOUTH
N20001155,53.9,17.7,18.9,1.2,BELFAST SOUTH
N20001156,43.0,65.9,67.1,1.2,BELFAST SOUTH
N20001157,48.5,61.5,62.7,1.2,BELFAST SOUTH
N20001158,63.2,47.0,48.2,1.2,BELFAST SOUTH
N20001159,54.0,50.8,52.0,1.2,BELFAST SOUTH
N20001160,62.0,37.5,38.7,1.2,BELFAST SOUTH
N20001161,54.5,35.6,36.8,1.2,BELFAST SOUTH
N20001162,44.5,48.3,49.5,1.2,BELFAST SOUTH
N20001163,45.4,55.1,56.3,1.2,BELFAST SOUTH
N20001164,63.2,47.3,48.5,1.2,BELFAST SOUTH
N20001165,60.0,53.3,54.5,1.2,BELFAST SOUTH
N20001166,68.7,30.6,31.8,1.2,BELFAST SOUTH
N20001167,55.5,34.0,35.2,1.2,BELFAST SOUTH
N20001168,48.5,28.2,29.4,1.2,BELFAST SOUTH
N20001169,58.4,42.8,44.0,1.2,BELFAST SOUTH
N20001170,54.3,41.0,42.2,1.2,BELFAST SOUTH
N20001171,46.8,30.9,32.1,1.2,BELFAST SOUTH
N20001172,41.4,47.2,48.4,1.2,BELFAST SOUTH
N20001173,48.1,55.9,57.1,1.2,BELFAST SOUTH
N20001174,55.1,50.5,51.7,1.2,BELFAST SOUTH
N20001175,44.8,18.2,19.4,1.2,BELFAST SOUTH
N20001176,60.4,63.5,64.7,1.2,BELFAST SOUTH
N20001177,55.6,33.3,34.5,1.2,BELFAST SOUTH
N20001178,48.8,41.0,42.2,1.2,BELFAST SOUTH
N20001179,59.7,37.4,38.6,1.2,BELFAST SOUTH
N20001180,63.4,54.3,55.5,1.2,BELFAST SOUTH
N20001181,59.3,49.6,50.8,1.2,BELFAST SOUTH
N20001182,60.1,55.1,56.3,1.2,BELFAST SOUTH
N20001183,64.1,66.8,68.0,1.2,BELFAST SOUTH
N20001184,74.2,46.7,47.9,1.2,BELFAST SOUTH
N20001185,57.0,66.5,67.7,1.2,BELFAST SOUTH
N20001186,69.2,58.2,59.4,1.2,BELFAST SOUTH
N20001187,56.1,51.9,53.1,1.2,BELFAST SOUTH
N20001188,68.5,57.2,58.4,1.2,BELFAST SOUTH
N20001189,71.5,58.3,59.5,1.2,BELFAST SOUTH
N20001190,90.5,59.8,61.0,1.2,BELFAST SOUTH
N20001191,71.2,56.1,57.3,1.2,BELFAST SOUTH
N20001192,87.7,78.8,80.0,1.2,BELFAST SOUTH
N20001193,71.7,57.5,58.7,1.2,BELFAST SOUTH
N20001194,43.4,35.1,36.3,1.2,BELFAST SOUTH
N20001195,74.7,72.6,73.8,1.2,BELFAST SOUTH
N20001196,60.4,39.2,40.4,1.2,BELFAST SOUTH
N20001197,90.8,54.3,55.5,1.2,BELFAST SOUTH
N20001198,65.5,76.3,77.5,1.2,BELFAST SOUTH
N20001199,58.7,42.9,44.1,1.2,BELFAST SOUTH
N20001200,53.9,29.9,31.1,1.2,BELFAST SOUTH
N20001201,39.1,39.9,41.1,1.2,BELFAST SOUTH
N20001202,70.5,62.7,63.9,1.2,BELFAST SOUTH
N20001203,18.5,41.2,42.4,1.2,BELFAST SOUTH
N20001204,87.3,78.4,79.6,1.2,BELFAST SOUTH
N20001205,31.1,35.8,37.0,1.2,BELFAST SOUTH
N20001206,13.0,12.9,14.1,1.2,BELFAST SOUTH
N20001207,4.6,31.9,33.1,1.2,BELFAST SOUTH
N20001208,3.4,26.4,27.6,1.2,BELFAST SOUTH
N20001209,46.5,49.6,50.8,1.2,BELFAST SOUTH
N20001210,15.8,16.8,18.0,1.2,BELFAST SOUTH
N20001211,13.4,24.0,25.2,1.2,BELFAST SOUTH
N20001212,92.5,66.8,68.0,1.2,BELFAST SOUTH
N20001213,22.7,25.7,26.9,1.2,BELFAST SOUTH
N20001214,34.0,44.5,45.7,1.2,BELFAST SOUTH
N20001215,13.7,26.5,27.7,1.2,BELFAST SOUTH
N20001216,35.7,45.0,46.2,1.2,BELFAST SOUTH
N20001217,31.1,33.3,34.5,1.2,BELFAST SOUTH
N20001218,55.0,36.6,37.8,1.2,BELFAST SOUTH
N20001219,36.1,45.7,46.9,1.2,BELFAST SOUTH
N20001220,21.7,44.2,45.4,1.2,BELFAST SOUTH
N20001221,44.9,71.3,72.5,1.2,BELFAST SOUTH
N20001222,11.0,14.4,15.6,1.2,BELFAST SOUTH
N20001223,13.6,33.5,34.7,1.2,BELFAST SOUTH
N20001224,7.9,11.4,12.6,1.2,BELFAST SOUTH
N20001225,9.2,27.5,28.7,1.2,BELFAST SOUTH
N20001226,47.4,44.1,45.3,1.2,BELFAST SOUTH
N20001227,9.6,1.0,2.2,1.2,BELFAST SOUTH
N20001228,8.6,31.3,32.5,1.2,BELFAST SOUTH
N20001229,10.3,29.5,30.7,1.2,BELFAST SOUTH
N20001230,66.1,53.2,54.4,1.2,BELFAST SOUTH
N20001231,49.5,30.0,27.8,-2.2,LAGAN VALLEY
N20001232,24.5,36.7,37.9,1.2,BELFAST SOUTH
N20001233,51.6,52.0,53.2,1.2,BELFAST SOUTH
N20001234,26.9,31.0,28.8,-2.2,LAGAN VALLEY
N20001235,90.9,50.4,52.0,1.6,BELFAST WEST
N20001236,97.3,74.5,76.1,1.6,BELFAST WEST
N20001237,95.9,81.3,82.9,1.6,BELFAST WEST
N20001238,95.5,89.0,90.6,1.6,BELFAST WEST
N20001239,92.8,85.0,86.6,1.6,BELFAST WEST
N20001240,87.2,79.1,80.7,1.6,BELFAST WEST
N20001241,96.1,84.1,85.7,1.6,BELFAST WEST
N20001242,91.1,61.2,62.8,1.6,BELFAST WEST
N20001243,95.8,76.5,78.1,1.6,BELFAST WEST
N20001244,96.3,84.0,85.6,1.6,BELFAST WEST
N20001245,97.5,56.4,58.0,1.6,BELFAST WEST
N20001246,95.6,83.6,85.2,1.6,BELFAST WEST
N20001247,88.1,67.5,69.1,1.6,BELFAST WEST
N20001248,91.6,70.6,72.2,1.6,BELFAST WEST
N20001249,21.1,38.9,40.5,1.6,BELFAST WEST
N20001250,93.6,73.3,74.9,1.6,BELFAST WEST
N20001251,95.3,71.0,72.6,1.6,BELFAST WEST
N20001252,93.2,82.1,83.7,1.6,BELFAST WEST
N20001253,94.2,66.5,68.1,1.6,BELFAST WEST
N20001254,74.0,80.4,82.0,1.6,BELFAST WEST
N20001255,91.0,71.6,73.2,1.6,BELFAST WEST
N20001256,93.6,75.6,77.2,1.6,BELFAST WEST
N20001257,95.6,86.9,88.5,1.6,BELFAST WEST
N20001258,97.9,66.7,68.3,1.6,BELFAST WEST
N20001259,95.6,77.9,79.5,1.6,BELFAST WEST
N20001260,90.5,81.8,83.4,1.6,BELFAST WEST
N20001261,93.7,79.4,81.0,1.6,BELFAST WEST
N20001262,91.7,81.8,83.4,1.6,BELFAST WEST
N20001263,90.6,95.2,96.8,1.6,BELFAST WEST
N20001264,93.2,73.5,75.1,1.6,BELFAST WEST
N20001265,95.3,83.6,85.2,1.6,BELFAST WEST
N20001266,91.9,82.4,84.0,1.6,BELFAST WEST
N20001267,88.3,80.7,82.3,1.6,BELFAST WEST
N20001268,94.2,88.1,89.7,1.6,BELFAST WEST
N20001269,87.4,81.6,83.2,1.6,BELFAST WEST
N20001270,91.0,78.0,79.6,1.6,BELFAST WEST
N20001271,83.1,50.5,52.1,1.6,BELFAST WEST
N20001272,93.2,77.4,79.0,1.6,BELFAST WEST
N20001273,93.1,86.1,87.7,1.6,BELFAST WEST
N20001274,81.8,62.7,64.3,1.6,BELFAST WEST
N20001275,66.5,41.6,43.2,1.6,BELFAST WEST
N20001276,89.1,78.5,80.1,1.6,BELFAST WEST
N20001277,92.2,72.6,74.2,1.6,BELFAST WEST
N20001278,89.5,87.8,89.4,1.6,BELFAST WEST
N20001279,93.3,82.1,83.7,1.6,BELFAST WEST
N20001280,71.7,83.1,84.7,1.6,BELFAST WEST
N20001281,77.2,70.9,72.5,1.6,BELFAST WEST
N20001282,94.0,77.7,79.3,1.6,BELFAST WEST
N20001283,90.8,74.1,75.7,1.6,BELFAST WEST
N20001284,97.4,83.2,84.8,1.6,BELFAST WEST
N20001285,66.6,66.1,67.7,1.6,BELFAST WEST
N20001286,90.6,97.0,98.6,1.6,BELFAST WEST
N20001287,91.4,90.5,92.1,1.6,BELFAST WEST
N20001288,95.6,64.6,66.2,1.6,BELFAST WEST
N20001289,53.5,53.0,54.6,1.6,BELFAST WEST
N20001290,96.2,69.6,71.2,1.6,BELFAST WEST
N20001291,94.1,79.4,81.0,1.6,BELFAST WEST
N20001292,31.3,37.8,35.6,-2.2,LAGAN VALLEY
N20001293,95.7,71.4,73.0,1.6,BELFAST WEST
N20001294,25.1,15.1,12.9,-2.2,LAGAN VALLEY
N20001295,94.1,67.2,68.8,1.6,BELFAST WEST
N20001296,30.7,45.7,43.5,-2.2,LAGAN VALLEY
N20001297,92.5,92.0,93.6,1.6,BELFAST WEST
N20001298,94.9,74.5,76.1,1.6,BELFAST WEST
N20001299,97.2,90.6,92.2,1.6,BELFAST WEST
N20001300,89.9,64.3,65.9,1.6,BELFAST WEST
N20001301,94.5,87.4,89.0,1.6,BELFAST WEST
N20001302,96.8,68.9,70.5,1.6,BELFAST WEST
N20001303,83.2,67.4,69.0,1.6,BELFAST WEST
N20001304,87.9,57.6,59.2,1.6,BELFAST WEST
N20001305,95.4,74.0,75.6,1.6,BELFAST WEST
N20001306,93.1,99.0,99.0,0.0,BELFAST WEST
N20001307,71.0,85.7,87.3,1.6,BELFAST WEST
N20001308,92.8,78.3,79.9,1.6,BELFAST WEST
N20001309,92.9,84.4,86.0,1.6,BELFAST WEST
N20001310,92.2,72.9,74.5,1.6,BELFAST WEST
N20001311,83.1,58.4,60.0,1.6,BELFAST WEST
N20001312,77.3,69.1,70.7,1.6,BELFAST WEST
N20001313,94.6,65.2,66.8,1.6,BELFAST WEST
N20001314,93.2,76.2,77.8,1.6,BELFAST WEST
N20001315,78.1,65.0,66.6,1.6,BELFAST WEST
N20001316,90.9,71.6,73.2,1.6,BELFAST WEST
N20001317,96.5,78.8,80.4,1.6,BELFAST WEST
N20001318,90.9,78.5,80.1,1.6,BELFAST WEST
N20001319,88.9,65.7,67.3,1.6,BELFAST WEST
N20001320,93.4,60.0,61.6,1.6,BELFAST WEST
N20001321,87.3,65.6,67.2,1.6,BELFAST WEST
N20001322,86.8,71.6,73.2,1.6,BELFAST WEST
N20001323,93.7,69.1,70.7,1.6,BELFAST WEST
N20001324,86.6,82.7,84.3,1.6,BELFAST WEST
N20001325,95.4,73.5,75.1,1.6,BELFAST WEST
N20001326,96.6,90.9,92.5,1.6,BELFAST WEST
N20001327,95.4,83.7,85.3,1.6,BELFAST WEST
N20001328,87.4,77.6,79.2,1.6,BELFAST WEST
N20001329,92.4,90.8,92.4,1.6,BELFAST WEST
N20001330,89.3,73.4,75.0,1.6,BELFAST WEST
N20001331,96.2,90.3,91.9,1.6,BELFAST WEST
N20001332,90.9,74.8,76.4,1.6,BELFAST WEST
N20001333,90.6,71.9,73.5,1.6,BELFAST WEST
N20001334,94.3,84.5,86.1,1.6,BELFAST WEST
N20001335,92.7,68.1,69.7,1.6,BELFAST WEST
N20001336,85.8,85.5,87.1,1.6,BELFAST WEST
N20001337,98.1,80.7,82.3,1.6,BELFAST WEST
N20001338,83.4,75.7,77.3,1.6,BELFAST WEST
N20001339,94.6,71.2,72.8,1.6,BELFAST WEST
N20001340,92.9,93.0,94.6,1.6,BELFAST WEST
N20001341,89.8,85.4,87.0,1.6,BELFAST WEST
N20001342,94.5,81.4,83.0,1.6,BELFAST WEST
N20001343,94.9,68.1,69.7,1.6,BELFAST WEST
N20001344,95.0,90.5,92.1,1.6,BELFAST WEST
N20001345,90.1,65.1,66.7,1.6,BELFAST WEST
N20001346,91.8,84.1,85.7,1.6,BELFAST WEST
N20001347,91.1,66.2,67.8,1.6,BELFAST WEST
N20001348,89.6,60.4,62.0,1.6,BELFAST WEST
N20001349,95.1,81.9,83.5,1.6,BELFAST WEST
N20001350,96.3,83.8,85.4,1.6,BELFAST WEST
N20001351,92.7,75.8,77.4,1.6,BELFAST WEST
N20001352,91.8,80.2,81.8,1.6,BELFAST WEST
N20001353,96.9,71.0,72.6,1.6,BELFAST WEST
N20001354,92.0,73.6,75.2,1.6,BELFAST WEST
N20001355,95.8,74.3,75.9,1.6,BELFAST WEST
N20001356,95.5,72.3,73.9,1.6,BELFAST WEST
N20001357,94.6,64.4,66.0,1.6,BELFAST WEST
N20001358,90.9,78.5,80.1,1.6,BELFAST WEST
N20001359,94.4,75.9,77.5,1.6,BELFAST WEST
N20001360,95.1,77.3,78.9,1.6,BELFAST WEST
N20001361,93.3,85.0,86.6,1.6,BELFAST WEST
N20001362,94.2,76.7,78.3,1.6,BELFAST WEST
N20001363,93.0,69.1,70.7,1.6,BELFAST WEST
N20001364,97.1,88.3,89.9,1.6,BELFAST WEST
N20001365,87.2,49.8,51.4,1.6,BELFAST WEST
N20001366,95.1,74.5,76.1,1.6,BELFAST WEST
N20001367,95.5,89.2,90.8,1.6,BELFAST WEST
N20001368,89.3,79.6,81.2,1.6,BELFAST WEST
N20001369,4.8,48.2,49.8,1.6,BELFAST WEST
N20001370,4.0,24.9,26.5,1.6,BELFAST WEST
N20001371,31.8,48.5,49.6,1.1,BELFAST NORTH
N20001372,2.4,26.3,27.9,1.6,BELFAST WEST
N20001373,40.0,50.2,51.3,1.1,BELFAST NORTH
N20001374,94.5,94.1,95.7,1.6,BELFAST WEST
N20001375,1.5,21.5,22.6,1.1,BELFAST NORTH
N20001376,5.7,36.1,37.7,1.6,BELFAST WEST
N20001377,13.5,27.0,28.1,1.1,BELFAST NORTH
N20001378,10.6,39.5,41.1,1.6,BELFAST WEST
N20001379,5.9,18.7,20.3,1.6,BELFAST WEST
N20001380,4.3,16.5,18.1,1.6,BELFAST WEST
N20001381,4.6,20.0,21.1,1.1,BELFAST NORTH
N20001382,4.7,9.0,10.1,1.1,BELFAST NORTH
N20001383,8.2,37.9,39.0,1.1,BELFAST NORTH
N20001384,6.4,46.8,47.9,1.1,BELFAST NORTH
N20001385,13.4,23.8,24.9,1.1,BELFAST NORTH
N20001386,6.3,29.3,30.9,1.6,BELFAST WEST
N20001387,4.5,20.9,22.0,1.1,BELFAST NORTH
N20001388,3.8,11.7,13.3,1.6,BELFAST WEST
N20001389,5.5,48.8,50.4,1.6,BELFAST WEST
N20001390,3.2,26.4,27.5,1.1,BELFAST NORTH
N20001391,2.9,27.3,28.9,1.6,BELFAST WEST
N20001392,4.4,12.7,14.3,1.6,BELFAST WEST
N20001393,2.9,19.9,21.0,1.1,BELFAST NORTH
N20001394,10.5,4.5,5.6,1.1,BELFAST NORTH
N20001395,6.8,25.4,26.5,1.1,BELFAST NORTH
N20001396,9.0,30.9,32.5,1.6,BELFAST WEST
N20001397,10.0,38.3,39.4,1.1,BELFAST NORTH
N20001398,5.2,16.8,18.4,1.6,BELFAST WEST
N20001399,3.0,31.3,32.4,1.1,BELFAST NORTH
N20001400,12.9,48.9,50.0,1.1,BELFAST NORTH
N20001401,10.9,25.0,26.6,1.6,BELFAST WEST
N20001402,13.5,23.0,24.6,1.6,BELFAST WEST
N20001403,0.4,18.9,20.5,1.6,BELFAST WEST
N20001404,7.4,37.6,38.7,1.1,BELFAST NORTH
N20001405,2.3,37.5,39.1,1.6,BELFAST WEST
N20001406,4.9,29.8,31.4,1.6,BELFAST WEST
N20001407,6.6,35.4,37.0,1.6,BELFAST WEST
N20001408,4.5,15.8,17.4,1.6,BELFAST WEST
N20001409,1.8,9.3,10.9,1.6,BELFAST WEST
N20001410,2.4,20.1,21.7,1.6,BELFAST WEST
N20001411,6.8,31.0,32.6,1.6,BELFAST WEST
N20001412,6.6,35.8,37.4,1.6,BELFAST WEST
N20001413,23.2,28.4,29.5,1.1,BELFAST NORTH
N20001414,72.3,47.0,48.6,1.6,BELFAST WEST
N20001415,3.6,31.7,33.3,1.6,BELFAST WEST
N20001416,5.2,29.4,31.0,1.6,BELFAST WEST
N20001417,9.8,19.8,21.4,1.6,BELFAST WEST
N20001418,44.1,17.1,18.7,1.6,BELFAST WEST
N20001419,97.0,64.8,66.4,1.6,BELFAST WEST
N20001420,85.4,79.6,81.2,1.6,BELFAST WEST
N20001421,70.0,60.4,62.0,1.6,BELFAST WEST
N20001422,65.6,75.3,76.9,1.6,BELFAST WEST
N20001423,84.3,71.9,73.5,1.6,BELFAST WEST
N20001424,9.1,28.4,30.0,1.6,BELFAST WEST
N20001425,77.9,64.6,66.2,1.6,BELFAST WEST
N20001426,91.7,61.1,62.7,1.6,BELFAST WEST
N20001427,91.7,66.1,67.7,1.6,BELFAST WEST
N20001428,83.2,59.8,61.4,1.6,BELFAST WEST
N20001429,92.9,77.6,79.2,1.6,BELFAST WEST
N20001430,81.3,66.7,68.3,1.6,BELFAST WEST
N20001431,89.9,85.6,87.2,1.6,BELFAST WEST
N20001432,97.4,91.2,92.8,1.6,BELFAST WEST
N20001433,90.8,61.6,63.2,1.6,BELFAST WEST
N20001434,91.5,58.1,59.7,1.6,BELFAST WEST
N20001435,80.4,86.1,87.7,1.6,BELFAST WEST
N20001436,95.5,79.3,80.9,1.6,BELFAST WEST
N20001437,90.3,61.0,62.6,1.6,BELFAST WEST
N20001438,94.3,99.0,99.0,0.0,BELFAST WEST
N20001439,78.9,72.9,74.5,1.6,BELFAST WEST
N20001440,96.5,71.9,73.5,1.6,BELFAST WEST
N20001441,76.2,57.7,59.3,1.6,BELFAST WEST
N20001442,93.8,52.0,53.6,1.6,BELFAST WEST
N20001443,84.7,57.2,58.8,1.6,BELFAST WEST
N20001444,94.2,58.6,60.2,1.6,BELFAST WEST
N20001445,75.8,43.7,45.3,1.6,BELFAST WEST
N20001446,33.3,44.6,44.9,0.3,EAST LONDONDERRY
N20001447,57.6,74.3,74.6,0.3,EAST LONDONDERRY
N20001448,50.0,62.6,62.9,0.3,EAST LONDONDERRY
N20001449,58.2,49.9,50.2,0.3,EAST LONDONDERRY
N20001450,58.7,37.8,38.1,0.3,EAST LONDONDERRY
N20001451,59.2,51.2,51.5,0.3,EAST LONDONDERRY
N20001452,56.0,57.4,57.7,0.3,EAST LONDONDERRY
N20001453,68.4,60.5,60.8,0.3,EAST LONDONDERRY
N20001454,93.2,83.6,83.9,0.3,EAST LONDONDERRY
N20001455,96.1,55.4,55.7,0.3,EAST LONDONDERRY
N20001456,92.7,74.8,75.1,0.3,EAST LONDONDERRY
N20001457,19.8,7.7,8.0,0.3,EAST LONDONDERRY
N20001458,64.2,46.2,46.5,0.3,EAST LONDONDERRY
N20001459,40.8,33.6,33.9,0.3,EAST LONDONDERRY
N20001460,76.5,57.7,58.0,0.3,EAST LONDONDERRY
N20001461,39.9,38.0,38.3,0.3,EAST LONDONDERRY
N20001462,84.4,77.1,77.4,0.3,EAST LONDONDERRY
N20001463,88.2,70.5,70.8,0.3,EAST LONDONDERRY
N20001464,19.1,31.6,31.9,0.3,EAST LONDONDERRY
N20001465,74.7,58.6,58.9,0.3,EAST LONDONDERRY
N20001466,61.5,56.7,57.0,0.3,EAST LONDONDERRY
N20001467,7.9,48.1,48.4,0.3,EAST LONDONDERRY
N20001468,89.4,86.6,86.9,0.3,EAST LONDONDERRY
N20001469,95.8,94.0,94.3,0.3,EAST LONDONDERRY
N20001470,90.7,89.1,89.4,0.3,EAST LONDONDERRY
N20001471,96.1,81.8,82.1,0.3,EAST LONDONDERRY
N20001472,94.9,95.1,95.4,0.3,EAST LONDONDERRY
N20001473,93.5,84.4,84.7,0.3,EAST LONDONDERRY
N20001474,87.7,68.2,68.5,0.3,EAST LONDONDERRY
N20001475,96.9,87.1,87.4,0.3,EAST LONDONDERRY
N20001476,96.1,94.3,94.6,0.3,EAST LONDONDERRY
N20001477,79.4,73.8,74.1,0.3,EAST LONDONDERRY
N20001478,85.5,67.1,67.4,0.3,EAST LONDONDERRY
N20001479,90.0,87.3,87.6,0.3,EAST LONDONDERRY
N20001480,74.8,55.4,55.7,0.3,EAST LONDONDERRY
N20001481,70.2,43.8,44.1,0.3,EAST LONDONDERRY
N20001482,52.2,41.6,41.9,0.3,EAST LONDONDERRY
N20001483,57.5,49.2,49.5,0.3,EAST LONDONDERRY
N20001484,25.2,50.5,50.8,0.3,EAST LONDONDERRY
N20001485,26.3,23.3,23.6,0.3,EAST LONDONDERRY
N20001486,44.6,40.6,40.9,0.3,EAST LONDONDERRY
N20001487,24.1,29.0,29.3,0.3,EAST LONDONDERRY
N20001488,38.4,38.5,38.8,0.3,EAST LONDONDERRY
N20001489,33.5,39.1,39.4,0.3,EAST LONDONDERRY
N20001490,44.4,39.6,39.9,0.3,EAST LONDONDERRY
N20001491,49.0,44.7,45.0,0.3,EAST LONDONDERRY
N20001492,51.0,72.7,73.0,0.3,EAST LONDONDERRY
N20001493,45.3,47.7,48.0,0.3,EAST LONDONDERRY
N20001494,51.2,70.8,71.1,0.3,EAST LONDONDERRY
N20001495,32.6,51.7,52.0,0.3,EAST LONDONDERRY
N20001496,65.8,51.4,51.7,0.3,EAST LONDONDERRY
N20001497,43.0,33.0,33.3,0.3,EAST LONDONDERRY
N20001498,54.3,66.6,66.9,0.3,EAST LONDONDERRY
N20001499,35.5,31.5,31.8,0.3,EAST LONDONDERRY
N20001500,62.4,44.3,44.6,0.3,EAST LONDONDERRY
N20001501,47.6,58.0,58.3,0.3,EAST LONDONDERRY
N20001502,29.7,24.1,24.4,0.3,EAST LONDONDERRY
N20001503,47.4,35.1,35.4,0.3,EAST LONDONDERRY
N20001504,50.4,64.0,64.3,0.3,EAST LONDONDERRY
N20001505,43.9,47.5,47.8,0.3,EAST LONDONDERRY
N20001506,36.0,23.7,24.0,0.3,EAST LONDONDERRY
N20001507,63.6,49.0,49.3,0.3,EAST LONDONDERRY
N20001508,46.4,50.3,50.6,0.3,EAST LONDONDERRY
N20001509,62.0,67.0,67.3,0.3,EAST LONDONDERRY
N20001510,53.8,49.6,49.9,0.3,EAST LONDONDERRY
N20001511,30.5,29.8,30.1,0.3,EAST LONDONDERRY
N20001512,88.8,80.1,80.4,0.3,EAST LONDONDERRY
N20001513,57.3,60.2,60.5,0.3,EAST LONDONDERRY
N20001514,14.4,19.0,19.3,0.3,EAST LONDONDERRY
N20001515,17.4,30.5,30.8,0.3,EAST LONDONDERRY
N20001516,12.9,28.2,28.5,0.3,EAST LONDONDERRY
N20001517,28.8,22.4,22.7,0.3,EAST LONDONDERRY
N20001518,20.3,36.0,36.3,0.3,EAST LONDONDERRY
N20001519,13.2,37.7,38.0,0.3,EAST LONDONDERRY
N20001520,8.0,23.1,23.4,0.3,EAST LONDONDERRY
N20001521,21.4,23.8,24.1,0.3,EAST LONDONDERRY
N20001522,7.7,8.2,8.5,0.3,EAST LONDONDERRY
N20001523,4.5,13.6,13.9,0.3,EAST LONDONDERRY
N20001524,17.0,37.1,37.4,0.3,EAST LONDONDERRY
N20001525,16.5,21.5,21.8,0.3,EAST LONDONDERRY
N20001526,15.5,14.9,15.2,0.3,EAST LONDONDERRY
N20001527,10.3,17.6,17.9,0.3,EAST LONDONDERRY
N20001528,8.0,24.4,24.7,0.3,EAST LONDONDERRY
N20001529,6.4,17.0,17.3,0.3,EAST LONDONDERRY
N20001530,33.3,42.2,42.5,0.3,EAST LONDONDERRY
N20001531,67.1,79.6,79.9,0.3,EAST LONDONDERRY
N20001532,77.0,71.3,71.6,0.3,EAST LONDONDERRY
N20001533,8.4,17.6,17.9,0.3,EAST LONDONDERRY
N20001534,44.3,55.1,55.4,0.3,EAST LONDONDERRY
N20001535,16.3,37.7,38.0,0.3,EAST LONDONDERRY
N20001536,14.5,38.3,38.6,0.3,EAST LONDONDERRY
N20001537,26.4,39.5,39.8,0.3,EAST LONDONDERRY
N20001538,80.1,84.6,84.9,0.3,EAST LONDONDERRY
N20001539,52.5,49.4,49.7,0.3,EAST LONDONDERRY
N20001540,81.9,83.7,84.0,0.3,EAST LONDONDERRY
N20001541,79.9,70.7,71.0,0.3,EAST LONDONDERRY
N20001542,59.2,61.1,61.4,0.3,EAST LONDONDERRY
N20001543,66.6,65.8,66.1,0.3,EAST LONDONDERRY
N20001544,46.3,70.9,71.2,0.3,EAST LONDONDERRY
N20001545,78.3,96.5,96.8,0.3,EAST LONDONDERRY
N20001546,90.8,97.9,98.2,0.3,EAST LONDONDERRY
N20001547,10.9,21.8,22.1,0.3,EAST LONDONDERRY
N20001548,32.5,44.2,44.5,0.3,EAST LONDONDERRY
N20001549,12.6,27.1,27.4,0.3,EAST LONDONDERRY
N20001550,12.5,44.6,44.9,0.3,EAST LONDONDERRY
N20001551,20.2,33.5,33.8,0.3,EAST LONDONDERRY
N20001552,21.7,19.3,19.6,0.3,EAST LONDONDERRY
N20001553,15.8,34.9,35.2,0.3,EAST LONDONDERRY
N20001554,14.5,20.4,20.7,0.3,EAST LONDONDERRY
N20001555,25.4,36.4,36.7,0.3,EAST LONDONDERRY
N20001556,14.8,31.8,32.1,0.3,EAST LONDONDERRY
N20001557,22.0,21.0,21.3,0.3,EAST LONDONDERRY
N20001558,25.0,30.3,30.6,0.3,EAST LONDONDERRY
N20001559,19.3,38.6,38.9,0.3,EAST LONDONDERRY
N20001560,27.2,21.0,21.3,0.3,EAST LONDONDERRY
N20001561,20.0,28.2,28.5,0.3,EAST LONDONDERRY
N20001562,23.2,41.8,42.1,0.3,EAST LONDONDERRY
N20001563,18.1,32.7,33.0,0.3,EAST LONDONDERRY
N20001564,16.9,31.7,32.0,0.3,EAST LONDONDERRY
N20001565,19.1,37.8,38.1,0.3,EAST LONDONDERRY
N20001566,25.3,10.6,10.9,0.3,EAST LONDONDERRY
N20001567,25.2,31.0,31.3,0.3,EAST LONDONDERRY
N20001568,44.0,27.1,27.4,0.3,EAST LONDONDERRY
N20001569,24.1,37.6,37.9,0.3,EAST LONDONDERRY
N20001570,34.3,21.1,21.4,0.3,EAST LONDONDERRY
N20001571,34.1,40.0,40.3,0.3,EAST LONDONDERRY
N20001572,26.2,39.4,39.7,0.3,EAST LONDONDERRY
N20001573,42.9,38.7,39.0,0.3,EAST LONDONDERRY
N20001574,51.7,47.3,47.6,0.3,EAST LONDONDERRY
N20001575,49.7,50.8,51.1,0.3,EAST LONDONDERRY
N20001576,41.1,54.7,55.0,0.3,EAST LONDONDERRY
N20001577,31.9,46.2,46.5,0.3,EAST LONDONDERRY
N20001578,28.1,10.2,10.5,0.3,EAST LONDONDERRY
N20001579,48.3,27.3,27.6,0.3,EAST LONDONDERRY
N20001580,28.4,46.4,46.7,0.3,EAST LONDONDERRY
N20001581,37.3,46.8,47.1,0.3,EAST LONDONDERRY
N20001582,22.3,38.2,38.5,0.3,EAST LONDONDERRY
N20001583,15.9,7.4,7.7,0.3,EAST LONDONDERRY
N20001584,23.9,20.8,21.1,0.3,EAST LONDONDERRY
N20001585,24.1,14.3,14.6,0.3,EAST LONDONDERRY
N20001586,26.9,21.7,22.0,0.3,EAST LONDONDERRY
N20001587,22.6,44.1,44.4,0.3,EAST LONDONDERRY
N20001588,27.9,22.2,22.5,0.3,EAST LONDONDERRY
N20001589,17.2,22.5,22.8,0.3,EAST LONDONDERRY
N20001590,20.6,15.6,15.9,0.3,EAST LONDONDERRY
N20001591,20.8,27.3,27.6,0.3,EAST LONDONDERRY
N20001592,26.5,19.8,20.1,0.3,EAST LONDONDERRY
N20001593,17.9,4.8,5.1,0.3,EAST LONDONDERRY
N20001594,19.1,32.4,32.7,0.3,EAST LONDONDERRY
N20001595,3.0,34.1,34.4,0.3,EAST LONDONDERRY
N20001596,16.3,6.5,6.8,0.3,EAST LONDONDERRY
N20001597,4.3,16.1,13.9,-2.2,NORTH ANTRIM
N20001598,2.5,7.6,7.9,0.3,EAST LONDONDERRY
N20001599,32.7,20.8,21.1,0.3,EAST LONDONDERRY
N20001600,3.6,37.4,35.2,-2.2,NORTH ANTRIM
N20001601,2.0,19.6,17.4,-2.2,NORTH ANTRIM
N20001602,4.2,28.2,28.5,0.3,EAST LONDONDERRY
N20001603,30.5,39.6,39.9,0.3,EAST LONDONDERRY
N20001604,23.5,26.2,26.5,0.3,EAST LONDONDERRY
N20001605,1.8,20.6,18.4,-2.2,NORTH ANTRIM
N20001606,4.4,10.9,8.7,-2.2,NORTH ANTRIM
N20001607,26.2,34.1,34.4,0.3,EAST LONDONDERRY
N20001608,29.2,23.5,23.8,0.3,EAST LONDONDERRY
N20001609,25.1,25.5,25.8,0.3,EAST LONDONDERRY
N20001610,21.5,19.1,19.4,0.3,EAST LONDONDERRY
N20001611,21.2,33.6,33.9,0.3,EAST LONDONDERRY
N20001612,26.3,47.6,47.9,0.3,EAST LONDONDERRY
N20001613,19.1,7.1,7.4,0.3,EAST LONDONDERRY
N20001614,20.3,29.6,29.9,0.3,EAST LONDONDERRY
N20001615,28.8,33.5,33.8,0.3,EAST LONDONDERRY
N20001616,35.0,29.1,29.4,0.3,EAST LONDONDERRY
N20001617,3.0,17.0,17.3,0.3,EAST LONDONDERRY
N20001618,22.2,22.2,22.5,0.3,EAST LONDONDERRY
N20001619,3.9,15.0,12.8,-2.2,NORTH ANTRIM
N20001620,28.6,37.3,37.6,0.3,EAST LONDONDERRY
N20001621,34.7,35.6,35.9,0.3,EAST LONDONDERRY
N20001622,27.4,30.4,30.7,0.3,EAST LONDONDERRY
N20001623,30.8,35.6,35.9,0.3,EAST LONDONDERRY
N20001624,33.8,21.4,21.7,0.3,EAST LONDONDERRY
N20001625,32.0,29.7,30.0,0.3,EAST LONDONDERRY
N20001626,32.1,14.2,14.5,0.3,EAST LONDONDERRY
N20001627,7.7,6.3,6.6,0.3,EAST LONDONDERRY
N20001628,46.2,39.2,39.5,0.3,EAST LONDONDERRY
N20001629,26.1,35.0,35.3,0.3,EAST LONDONDERRY
N20001630,39.8,74.1,74.4,0.3,EAST LONDONDERRY
N20001631,35.6,43.6,43.9,0.3,EAST LONDONDERRY
N20001632,34.3,39.6,39.9,0.3,EAST LONDONDERRY
N20001633,38.6,61.7,62.0,0.3,EAST LONDONDERRY
N20001634,17.1,28.5,28.8,0.3,EAST LONDONDERRY
N20001635,40.0,42.6,42.9,0.3,EAST LONDONDERRY
N20001636,6.5,17.6,15.4,-2.2,NORTH ANTRIM
N20001637,37.0,22.8,23.1,0.3,EAST LONDONDERRY
N20001638,39.1,34.1,34.4,0.3,EAST LONDONDERRY
N20001639,2.9,16.2,14.0,-2.2,NORTH ANTRIM
N20001640,10.0,20.7,21.0,0.3,EAST LONDONDERRY
N20001641,5.7,32.9,33.2,0.3,EAST LONDONDERRY
N20001642,2.6,41.7,39.5,-2.2,NORTH ANTRIM
N20001643,8.7,33.5,31.3,-2.2,NORTH ANTRIM
N20001644,4.3,27.6,27.9,0.3,EAST LONDONDERRY
N20001645,11.7,6.8,4.6,-2.2,NORTH ANTRIM
N20001646,4.9,51.5,49.3,-2.2,NORTH ANTRIM
N20001647,8.8,18.0,18.3,0.3,EAST LONDONDERRY
N20001648,10.4,12.2,10.0,-2.2,NORTH ANTRIM
N20001649,9.9,24.1,21.9,-2.2,NORTH ANTRIM
N20001650,7.8,33.2,31.0,-2.2,NORTH ANTRIM
N20001651,57.4,81.2,79.0,-2.2,NORTH ANTRIM
N20001652,52.3,47.3,45.1,-2.2,NORTH ANTRIM
N20001653,78.8,41.9,39.7,-2.2,NORTH ANTRIM
N20001654,71.8,70.6,68.4,-2.2,NORTH ANTRIM
N20001655,76.3,66.1,63.9,-2.2,NORTH ANTRIM
N20001656,80.6,75.3,73.1,-2.2,NORTH ANTRIM
N20001657,71.7,62.0,59.8,-2.2,NORTH ANTRIM
N20001658,18.3,21.4,19.2,-2.2,NORTH ANTRIM
N20001659,61.8,51.8,49.6,-2.2,NORTH ANTRIM
N20001660,78.3,77.3,75.1,-2.2,NORTH ANTRIM
N20001661,77.5,61.4,59.2,-2.2,NORTH ANTRIM
N20001662,71.7,61.3,59.1,-2.2,NORTH ANTRIM
N20001663,79.0,61.6,59.4,-2.2,NORTH ANTRIM
N20001664,68.4,48.1,45.9,-2.2,NORTH ANTRIM
N20001665,87.1,76.1,73.9,-2.2,NORTH ANTRIM
N20001666,26.2,23.4,21.2,-2.2,NORTH ANTRIM
N20001667,88.6,61.6,59.4,-2.2,NORTH ANTRIM
N20001668,77.6,66.9,64.7,-2.2,NORTH ANTRIM
N20001669,6.2,39.9,37.7,-2.2,NORTH ANTRIM
N20001670,26.8,56.1,53.9,-2.2,NORTH ANTRIM
N20001671,33.4,50.2,48.0,-2.2,NORTH ANTRIM
N20001672,4.7,23.7,21.5,-2.2,NORTH ANTRIM
N20001673,92.3,61.8,60.7,-1.1,EAST ANTRIM
N20001674,16.7,34.9,32.7,-2.2,NORTH ANTRIM
N20001675,93.8,76.8,75.7,-1.1,EAST ANTRIM
N20001676,62.6,62.0,59.8,-2.2,NORTH ANTRIM
N20001677,92.5,60.6,59.5,-1.1,EAST ANTRIM
N20001678,86.4,73.7,71.5,-2.2,NORTH ANTRIM
N20001679,97.3,69.5,68.4,-1.1,EAST ANTRIM
N20001680,92.7,65.2,64.1,-1.1,EAST ANTRIM
N20001681,94.4,92.8,90.6,-2.2,NORTH ANTRIM
N20001682,94.7,89.7,88.6,-1.1,EAST ANTRIM
N20001683,88.1,84.1,81.9,-2.2,NORTH ANTRIM
N20001684,93.5,81.5,80.4,-1.1,EAST ANTRIM
N20001685,13.3,22.2,20.0,-2.2,NORTH ANTRIM
N20001686,12.4,21.9,19.7,-2.2,NORTH ANTRIM
N20001687,18.3,37.5,35.3,-2.2,NORTH ANTRIM
N20001688,12.9,31.6,29.4,-2.2,NORTH ANTRIM
N20001689,18.8,24.8,22.6,-2.2,NORTH ANTRIM
N20001690,11.1,35.4,33.2,-2.2,NORTH ANTRIM
N20001691,13.7,30.1,27.9,-2.2,NORTH ANTRIM
N20001692,16.7,35.2,33.0,-2.2,NORTH ANTRIM
N20001693,6.0,29.7,27.5,-2.2,NORTH ANTRIM
N20001694,21.1,32.8,30.6,-2.2,NORTH ANTRIM
N20001695,12.9,13.9,11.7,-2.2,NORTH ANTRIM
N20001696,11.6,31.0,28.8,-2.2,NORTH ANTRIM
N20001697,16.8,17.0,14.8,-2.2,NORTH ANTRIM
N20001698,19.1,34.4,32.2,-2.2,NORTH ANTRIM
N20001699,11.0,30.5,28.3,-2.2,NORTH ANTRIM
N20001700,18.1,15.5,13.3,-2.2,NORTH ANTRIM
N20001701,17.5,18.4,16.2,-2.2,NORTH ANTRIM
N20001702,23.3,43.7,41.5,-2.2,NORTH ANTRIM
N20001703,51.4,35.5,33.3,-2.2,NORTH ANTRIM
N20001704,7.0,12.4,10.2,-2.2,NORTH ANTRIM
N20001705,9.2,8.8,6.6,-2.2,NORTH ANTRIM
N20001706,12.2,23.4,21.2,-2.2,NORTH ANTRIM
N20001707,6.7,31.1,28.9,-2.2,NORTH ANTRIM
N20001708,12.4,40.7,38.5,-2.2,NORTH ANTRIM
N20001709,20.1,45.8,43.6,-2.2,NORTH ANTRIM
N20001710,16.6,28.5,26.3,-2.2,NORTH ANTRIM
N20001711,16.0,47.3,45.1,-2.2,NORTH ANTRIM
N20001712,10.0,9.6,7.4,-2.2,NORTH ANTRIM
N20001713,10.8,50.6,48.4,-2.2,NORTH ANTRIM
N20001714,14.7,25.7,23.5,-2.2,NORTH ANTRIM
N20001715,52.6,46.1,43.9,-2.2,NORTH ANTRIM
N20001716,42.2,48.6,46.4,-2.2,NORTH ANTRIM
N20001717,11.6,33.8,31.6,-2.2,NORTH ANTRIM
N20001718,92.6,59.7,57.5,-2.2,NORTH ANTRIM
N20001719,96.1,83.7,81.5,-2.2,NORTH ANTRIM
N20001720,21.4,40.3,38.1,-2.2,NORTH ANTRIM
N20001721,37.6,35.8,33.6,-2.2,NORTH ANTRIM
N20001722,50.1,61.9,59.7,-2.2,NORTH ANTRIM
N20001723,30.4,47.4,45.2,-2.2,NORTH ANTRIM
N20001724,91.9,78.9,76.7,-2.2,NORTH ANTRIM
N20001725,68.8,69.2,67.0,-2.2,NORTH ANTRIM
N20001726,32.1,43.8,41.6,-2.2,NORTH ANTRIM
N20001727,57.8,41.8,39.6,-2.2,NORTH ANTRIM
N20001728,87.1,58.6,56.4,-2.2,NORTH ANTRIM
N20001729,76.8,67.7,65.5,-2.2,NORTH ANTRIM
N20001730,27.6,38.0,35.8,-2.2,NORTH ANTRIM
N20001731,57.9,61.2,59.0,-2.2,NORTH ANTRIM
N20001732,93.5,82.9,81.8,-1.1,FOYLE
N20001733,96.4,71.1,70.0,-1.1,FOYLE
N20001734,93.2,67.4,66.3,-1.1,FOYLE
N20001735,86.4,68.8,67.7,-1.1,FOYLE
N20001736,94.9,57.1,56.0,-1.1,FOYLE
N20001737,91.9,59.8,58.7,-1.1,FOYLE
N20001738,90.7,74.1,73.0,-1.1,FOYLE
N20001739,94.4,64.7,63.6,-1.1,FOYLE
N20001740,90.8,65.3,64.2,-1.1,FOYLE
N20001741,88.9,63.2,62.1,-1.1,FOYLE
N20001742,95.5,72.3,71.2,-1.1,FOYLE
N20001743,71.7,57.3,56.2,-1.1,FOYLE
N20001744,92.0,60.3,59.2,-1.1,FOYLE
N20001745,93.1,56.3,55.2,-1.1,FOYLE
N20001746,95.9,58.1,57.0,-1.1,FOYLE
N20001747,94.0,77.7,76.6,-1.1,FOYLE
N20001748,92.9,67.1,66.0,-1.1,FOYLE
N20001749,96.2,76.2,75.1,-1.1,FOYLE
N20001750,87.1,31.1,30.0,-1.1,FOYLE
N20001751,95.8,67.2,66.1,-1.1,FOYLE
N20001752,97.0,63.9,62.8,-1.1,FOYLE
N20001753,96.0,60.8,59.7,-1.1,FOYLE
N20001754,9.0,17.1,16.0,-1.1,FOYLE
N20001755,97.6,70.9,69.8,-1.1,FOYLE
N20001756,78.1,42.4,41.3,-1.1,FOYLE
N20001757,93.4,87.9,86.8,-1.1,FOYLE
N20001758,93.7,71.7,70.6,-1.1,FOYLE
N20001759,95.7,81.9,80.8,-1.1,FOYLE
N20001760,97.7,81.1,80.0,-1.1,FOYLE
N20001761,90.3,68.6,67.5,-1.1,FOYLE
N20001762,96.4,64.3,63.2,-1.1,FOYLE
N20001763,94.6,83.0,81.9,-1.1,FOYLE
N20001764,89.6,66.1,65.0,-1.1,FOYLE
N20001765,94.3,68.3,67.2,-1.1,FOYLE
N20001766,94.0,66.0,64.9,-1.1,FOYLE
N20001767,77.7,69.3,68.2,-1.1,FOYLE
N20001768,83.5,73.3,72.2,-1.1,FOYLE
N20001769,94.9,69.5,68.4,-1.1,FOYLE
N20001770,97.4,76.3,75.2,-1.1,FOYLE
N20001771,89.3,69.3,68.2,-1.1,FOYLE
N20001772,90.8,85.0,83.9,-1.1,FOYLE
N20001773,95.7,79.8,78.7,-1.1,FOYLE
N20001774,94.9,89.5,88.4,-1.1,FOYLE
N20001775,91.4,67.5,66.4,-1.1,FOYLE
N20001776,96.5,73.2,72.1,-1.1,FOYLE
N20001777,93.2,81.0,79.9,-1.1,FOYLE
N20001778,96.4,65.0,63.9,-1.1,FOYLE
N20001779,94.1,68.2,67.1,-1.1,FOYLE
N20001780,96.3,63.7,62.6,-1.1,FOYLE
N20001781,90.6,78.2,77.1,-1.1,FOYLE
N20001782,96.8,71.9,70.8,-1.1,FOYLE
N20001783,95.9,69.5,68.4,-1.1,FOYLE
N20001784,87.2,67.4,66.3,-1.1,FOYLE
N20001785,97.9,82.9,81.8,-1.1,FOYLE
N20001786,94.6,77.9,76.8,-1.1,FOYLE
N20001787,87.5,66.8,65.7,-1.1,FOYLE
N20001788,96.6,64.2,63.1,-1.1,FOYLE
N20001789,78.7,40.6,39.5,-1.1,FOYLE
N20001790,71.5,73.3,72.2,-1.1,FOYLE
N20001791,88.4,73.1,72.0,-1.1,FOYLE
N20001792,95.3,72.1,71.0,-1.1,FOYLE
N20001793,76.6,70.2,69.1,-1.1,FOYLE
N20001794,72.0,66.1,65.0,-1.1,FOYLE
N20001795,83.4,64.7,63.6,-1.1,FOYLE
N20001796,92.6,70.6,69.5,-1.1,FOYLE
N20001797,71.3,41.0,39.9,-1.1,FOYLE
N20001798,87.3,52.7,51.6,-1.1,FOYLE
N20001799,92.6,65.5,64.4,-1.1,FOYLE
N20001800,81.2,68.4,67.3,-1.1,FOYLE
N20001801,83.9,32.8,31.7,-1.1,FOYLE
N20001802,83.1,59.3,58.2,-1.1,FOYLE
N20001803,88.7,71.3,70.2,-1.1,FOYLE
N20001804,91.7,62.7,61.6,-1.1,FOYLE
N20001805,91.9,65.8,64.7,-1.1,FOYLE
N20001806,92.8,68.3,67.2,-1.1,FOYLE
N20001807,91.2,74.7,73.6,-1.1,FOYLE
N20001808,96.5,99.0,97.9,-1.1,FOYLE
N20001809,92.7,77.6,76.5,-1.1,FOYLE
N20001810,95.1,70.3,69.2,-1.1,FOYLE
N20001811,93.9,92.4,91.3,-1.1,FOYLE
N20001812,85.4,68.8,67.7,-1.1,FOYLE
N20001813,91.7,86.5,85.4,-1.1,FOYLE
N20001814,98.1,58.5,57.4,-1.1,FOYLE
N20001815,93.4,94.9,93.8,-1.1,FOYLE
N20001816,94.0,72.9,71.8,-1.1,FOYLE
N20001817,91.5,66.8,65.7,-1.1,FOYLE
N20001818,90.4,91.2,90.1,-1.1,FOYLE
N20001819,95.7,75.4,74.3,-1.1,FOYLE
N20001820,94.4,79.5,78.4,-1.1,FOYLE
N20001821,96.4,65.5,64.4,-1.1,FOYLE
N20001822,97.9,79.4,78.3,-1.1,FOYLE
N20001823,89.4,99.0,97.9,-1.1,FOYLE
N20001824,95.2,72.8,71.7,-1.1,FOYLE
N20001825,92.0,65.5,64.4,-1.1,FOYLE
N20001826,91.7,54.7,53.6,-1.1,FOYLE
N20001827,92.5,65.3,64.2,-1.1,FOYLE
N20001828,93.3,79.2,78.1,-1.1,FOYLE
N20001829,94.8,71.3,70.2,-1.1,FOYLE
N20001830,98.4,84.8,83.7,-1.1,FOYLE
N20001831,93.8,64.4,63.3,-1.1,FOYLE
N20001832,89.6,85.3,84.2,-1.1,FOYLE
N20001833,88.7,78.1,77.0,-1.1,FOYLE
N20001834,93.7,74.2,73.1,-1.1,FOYLE
N20001835,96.5,72.0,70.9,-1.1,FOYLE
N20001836,97.3,81.1,80.0,-1.1,FOYLE
N20001837,96.4,76.7,75.6,-1.1,FOYLE
N20001838,93.7,71.5,70.4,-1.1,FOYLE
N20001839,96.6,78.5,77.4,-1.1,FOYLE
N20001840,89.3,70.6,69.5,-1.1,FOYLE
N20001841,93.5,74.4,73.3,-1.1,FOYLE
N20001842,98.2,83.6,82.5,-1.1,FOYLE
N20001843,93.3,75.6,74.5,-1.1,FOYLE
N20001844,95.5,75.8,74.7,-1.1,FOYLE
N20001845,97.4,83.0,81.9,-1.1,FOYLE
N20001846,98.4,65.0,63.9,-1.1,FOYLE
N20001847,93.7,74.9,73.8,-1.1,FOYLE
N20001848,96.2,70.9,69.8,-1.1,FOYLE
N20001849,91.2,82.0,80.9,-1.1,FOYLE
N20001850,58.0,40.4,39.3,-1.1,FOYLE
N20001851,69.7,46.3,45.2,-1.1,FOYLE
N20001852,31.8,46.0,44.9,-1.1,FOYLE
N20001853,12.0,19.1,18.0,-1.1,FOYLE
N20001854,48.8,64.4,63.3,-1.1,FOYLE
N20001855,42.9,39.0,37.9,-1.1,FOYLE
N20001856,7.0,42.4,41.3,-1.1,FOYLE
N20001857,14.3,31.1,30.0,-1.1,FOYLE
N20001858,70.3,66.8,65.7,-1.1,FOYLE
N20001859,50.9,37.1,36.0,-1.1,FOYLE
N20001860,56.0,45.0,43.9,-1.1,FOYLE
N20001861,70.3,86.2,85.1,-1.1,FOYLE
N20001862,22.6,21.2,20.1,-1.1,FOYLE
N20001863,44.2,59.8,58.7,-1.1,FOYLE
N20001864,28.1,29.1,28.0,-1.1,FOYLE
N20001865,26.1,38.2,37.1,-1.1,FOYLE
N20001866,13.3,25.9,24.8,-1.1,FOYLE
N20001867,45.7,54.2,53.1,-1.1,FOYLE
N20001868,17.1,34.8,33.7,-1.1,FOYLE
N20001869,11.4,38.1,37.0,-1.1,FOYLE
N20001870,60.0,36.3,35.2,-1.1,FOYLE
N20001871,36.3,45.9,44.8,-1.1,FOYLE
N20001872,58.8,47.3,46.2,-1.1,FOYLE
N20001873,26.3,45.6,44.5,-1.1,FOYLE
N20001874,74.2,66.2,65.1,-1.1,FOYLE
N20001875,31.8,51.0,49.9,-1.1,FOYLE
N20001876,8.4,21.9,20.8,-1.1,FOYLE
N20001877,64.6,50.6,49.5,-1.1,FOYLE
N20001878,51.7,58.0,56.9,-1.1,FOYLE
N20001879,27.0,19.7,18.6,-1.1,FOYLE
N20001880,17.8,53.6,52.5,-1.1,FOYLE
N20001881,88.1,92.4,91.3,-1.1,FOYLE
N20001882,64.7,67.9,66.8,-1.1,FOYLE
N20001883,81.0,58.6,57.5,-1.1,FOYLE
N20001884,58.4,60.3,59.2,-1.1,FOYLE
N20001885,53.2,53.1,52.0,-1.1,FOYLE
N20001886,56.8,41.3,40.2,-1.1,FOYLE
N20001887,93.3,79.3,78.2,-1.1,FOYLE
N20001888,55.6,55.1,54.0,-1.1,FOYLE
N20001889,85.4,77.7,76.6,-1.1,FOYLE
N20001890,95.5,68.6,67.5,-1.1,FOYLE
N20001891,66.5,53.7,52.6,-1.1,FOYLE
N20001892,92.6,71.6,70.5,-1.1,FOYLE
N20001893,11.5,30.8,29.7,-1.1,FOYLE
N20001894,21.5,33.2,32.1,-1.1,FOYLE
N20001895,76.9,55.2,54.1,-1.1,FOYLE
N20001896,89.6,59.7,58.6,-1.1,FOYLE
N20001897,20.7,41.2,40.1,-1.1,FOYLE
N20001898,21.8,34.5,33.4,-1.1,FOYLE
N20001899,4.5,4.7,3.6,-1.1,FOYLE
N20001900,79.1,65.4,64.3,-1.1,FOYLE
N20001901,91.4,74.7,73.6,-1.1,FOYLE
N20001902,27.9,43.0,41.9,-1.1,FOYLE
N20001903,48.9,50.7,49.6,-1.1,FOYLE
N20001904,87.1,69.8,68.7,-1.1,FOYLE
N20001905,5.2,27.3,26.2,-1.1,FOYLE
N20001906,92.7,86.4,85.3,-1.1,FOYLE
N20001907,41.9,51.5,50.4,-1.1,FOYLE
N20001908,52.2,53.0,51.9,-1.1,FOYLE
N20001909,91.3,66.8,65.7,-1.1,FOYLE
N20001910,76.4,60.1,59.0,-1.1,FOYLE
N20001911,85.4,78.8,77.7,-1.1,FOYLE
N20001912,83.9,76.3,75.2,-1.1,FOYLE
N20001913,81.6,63.9,62.8,-1.1,FOYLE
N20001914,61.8,56.6,55.5,-1.1,FOYLE
N20001915,59.8,68.1,67.0,-1.1,FOYLE
N20001916,58.2,51.0,49.9,-1.1,FOYLE
N20001917,49.7,50.7,49.6,-1.1,FOYLE
N20001918,51.8,48.4,47.3,-1.1,FOYLE
N20001919,64.0,64.6,63.5,-1.1,FOYLE
N20001920,60.2,43.4,42.3,-1.1,FOYLE
N20001921,62.0,54.3,53.2,-1.1,FOYLE
N20001922,30.9,33.7,32.6,-1.1,FOYLE
N20001923,78.2,66.7,67.0,0.3,EAST LONDONDERRY
N20001924,91.1,68.7,69.0,0.3,EAST LONDONDERRY
N20001925,88.5,50.6,49.5,-1.1,FOYLE
N20001926,79.4,73.1,72.0,-1.1,FOYLE
N20001927,73.7,63.4,63.7,0.3,EAST LONDONDERRY
N20001928,53.7,60.6,59.5,-1.1,FOYLE
N20001929,46.8,64.7,63.6,-1.1,FOYLE
N20001930,11.2,30.9,29.8,-1.1,FOYLE
N20001931,6.4,34.0,32.9,-1.1,FOYLE
N20001932,5.8,8.2,7.1,-1.1,FOYLE
N20001933,5.3,30.0,28.9,-1.1,FOYLE
N20001934,10.2,44.2,43.1,-1.1,FOYLE
N20001935,47.6,39.9,38.8,-1.1,FOYLE
N20001936,52.3,55.0,55.3,0.3,EAST LONDONDERRY
N20001937,58.1,58.1,58.4,0.3,EAST LONDONDERRY
N20001938,80.2,60.5,59.4,-1.1,FOYLE
N20001939,9.0,37.0,37.1,0.1,WEST TYRONE
N20001940,8.6,10.1,9.0,-1.1,FOYLE
N20001941,7.3,18.7,18.8,0.1,WEST TYRONE
N20001942,85.1,60.8,61.1,0.3,EAST LONDONDERRY
N20001943,71.5,63.1,63.4,0.3,EAST LONDONDERRY
N20001944,73.3,51.2,51.5,0.3,EAST LONDONDERRY
N20001945,32.4,36.3,36.4,0.1,WEST TYRONE
N20001946,58.4,59.3,59.6,0.3,EAST LONDONDERRY
N20001947,21.1,41.2,41.3,0.1,WEST TYRONE
N20001948,18.9,26.8,27.1,0.3,EAST LONDONDERRY
N20001949,63.7,65.1,65.4,0.3,EAST LONDONDERRY
N20001950,21.8,32.6,32.7,0.1,WEST TYRONE
N20001951,47.8,41.4,41.5,0.1,WEST TYRONE
N20001952,15.5,52.8,52.9,0.1,WEST TYRONE
N20001953,94.9,78.8,79.1,0.3,EAST LONDONDERRY
N20001954,63.0,50.8,51.1,0.3,EAST LONDONDERRY
N20001955,12.1,29.7,29.8,0.1,WEST TYRONE
N20001956,87.4,73.9,74.2,0.3,EAST LONDONDERRY
N20001957,42.4,47.7,47.8,0.1,WEST TYRONE
N20001958,21.9,39.5,39.6,0.1,WEST TYRONE
N20001959,61.1,63.6,63.7,0.1,WEST TYRONE
N20001960,82.0,74.1,74.2,0.1,WEST TYRONE
N20001961,58.6,58.8,58.9,0.1,WEST TYRONE
N20001962,86.8,66.2,66.3,0.1,WEST TYRONE
N20001963,84.5,51.8,51.9,0.1,WEST TYRONE
N20001964,90.9,86.0,86.1,0.1,WEST TYRONE
N20001965,82.1,47.7,47.8,0.1,WEST TYRONE
N20001966,89.5,69.5,69.6,0.1,WEST TYRONE
N20001967,94.3,98.3,98.4,0.1,WEST TYRONE
N20001968,86.4,78.9,79.0,0.1,WEST TYRONE
N20001969,88.5,51.2,51.3,0.1,WEST TYRONE
N20001970,95.1,65.0,65.1,0.1,WEST TYRONE
N20001971,72.7,66.6,66.7,0.1,WEST TYRONE
N20001972,92.6,61.6,61.7,0.1,WEST TYRONE
N20001973,92.0,77.5,77.6,0.1,WEST TYRONE
N20001974,93.0,72.7,72.8,0.1,WEST TYRONE
N20001975,96.8,52.6,52.7,0.1,WEST TYRONE
N20001976,94.8,65.0,65.1,0.1,WEST TYRONE
N20001977,89.3,58.3,58.4,0.1,WEST TYRONE
N20001978,96.0,77.8,77.9,0.1,WEST TYRONE
N20001979,94.5,80.8,80.9,0.1,WEST TYRONE
N20001980,87.6,74.2,74.3,0.1,WEST TYRONE
N20001981,98.1,65.9,66.0,0.1,WEST TYRONE
N20001982,93.8,48.7,48.8,0.1,WEST TYRONE
N20001983,95.2,77.7,77.8,0.1,WEST TYRONE
N20001984,94.5,73.1,73.2,0.1,WEST TYRONE
N20001985,92.5,68.0,68.1,0.1,WEST TYRONE
N20001986,95.6,63.8,63.9,0.1,WEST TYRONE
N20001987,92.2,74.1,74.2,0.1,WEST TYRONE
N20001988,68.9,66.3,66.4,0.1,WEST TYRONE
N20001989,73.1,61.5,61.6,0.1,WEST TYRONE
N20001990,62.4,56.1,56.2,0.1,WEST TYRONE
N20001991,65.5,59.0,59.1,0.1,WEST TYRONE
N20001992,67.1,67.0,67.1,0.1,WEST TYRONE
N20001993,82.2,53.6,53.7,0.1,WEST TYRONE
N20001994,91.5,59.6,59.7,0.1,WEST TYRONE
N20001995,90.1,74.0,74.1,0.1,WEST TYRONE
N20001996,96.2,99.0,99.0,0.0,WEST TYRONE
N20001997,93.5,77.8,77.9,0.1,WEST TYRONE
N20001998,85.7,88.5,88.6,0.1,WEST TYRONE
N20001999,97.0,84.2,84.3,0.1,WEST TYRONE
N20002000,60.6,50.7,50.8,0.1,WEST TYRONE
N20002001,68.8,44.2,44.3,0.1,WEST TYRONE
N20002002,67.3,47.5,47.6,0.1,WEST TYRONE
N20002003,93.6,75.5,75.6,0.1,WEST TYRONE
N20002004,75.9,66.7,66.8,0.1,WEST TYRONE
N20002005,81.0,57.8,57.9,0.1,WEST TYRONE
N20002006,66.1,61.4,61.5,0.1,WEST TYRONE
N20002007,34.8,40.3,40.4,0.1,WEST TYRONE
N20002008,30.0,37.0,37.1,0.1,WEST TYRONE
N20002009,64.5,55.8,55.9,0.1,WEST TYRONE
N20002010,39.3,45.0,45.1,0.1,WEST TYRONE
N20002011,57.8,60.1,60.2,0.1,WEST TYRONE
N20002012,89.0,64.9,65.0,0.1,WEST TYRONE
N20002013,52.5,69.6,69.7,0.1,WEST TYRONE
N20002014,85.2,71.9,72.0,0.1,WEST TYRONE
N20002015,24.6,21.6,21.7,0.1,WEST TYRONE
N20002016,55.2,58.4,58.5,0.1,WEST TYRONE
N20002017,39.2,15.6,15.7,0.1,WEST TYRONE
N20002018,79.6,99.0,99.0,0.0,WEST TYRONE
N20002019,58.3,57.8,57.9,0.1,WEST TYRONE
N20002020,42.0,53.3,53.4,0.1,WEST TYRONE
N20002021,34.2,48.4,48.5,0.1,WEST TYRONE
N20002022,19.0,22.4,22.5,0.1,WEST TYRONE
N20002023,84.9,79.9,80.0,0.1,WEST TYRONE
N20002024,15.1,10.6,10.7,0.1,WEST TYRONE
N20002025,29.6,35.7,35.8,0.1,WEST TYRONE
N20002026,85.3,69.0,69.1,0.1,WEST TYRONE
N20002027,26.6,51.9,52.0,0.1,WEST TYRONE
N20002028,23.7,26.8,26.9,0.1,WEST TYRONE
N20002029,33.5,43.8,43.9,0.1,FERMANAGH AND SOUTH TYRONE
N20002030,18.8,19.9,20.0,0.1,FERMANAGH AND SOUTH TYRONE
N20002031,52.9,58.8,58.9,0.1,FERMANAGH AND SOUTH TYRONE
N20002032,30.8,50.4,50.5,0.1,FERMANAGH AND SOUTH TYRONE
N20002033,28.9,35.8,35.9,0.1,FERMANAGH AND SOUTH TYRONE
N20002034,49.0,50.0,50.1,0.1,FERMANAGH AND SOUTH TYRONE
N20002035,42.5,34.3,34.4,0.1,FERMANAGH AND SOUTH TYRONE
N20002036,46.8,57.7,57.8,0.1,FERMANAGH AND SOUTH TYRONE
N20002037,81.3,71.5,71.6,0.1,FERMANAGH AND SOUTH TYRONE
N20002038,96.3,75.7,75.8,0.1,FERMANAGH AND SOUTH TYRONE
N20002039,43.8,52.0,52.1,0.1,FERMANAGH AND SOUTH TYRONE
N20002040,77.7,58.4,58.5,0.1,FERMANAGH AND SOUTH TYRONE
N20002041,54.3,58.9,59.0,0.1,FERMANAGH AND SOUTH TYRONE
N20002042,84.6,56.8,56.9,0.1,FERMANAGH AND SOUTH TYRONE
N20002043,76.0,40.7,40.8,0.1,FERMANAGH AND SOUTH TYRONE
N20002044,72.3,63.8,63.9,0.1,FERMANAGH AND SOUTH TYRONE
N20002045,78.2,53.7,53.8,0.1,FERMANAGH AND SOUTH TYRONE
N20002046,68.3,64.3,64.4,0.1,FERMANAGH AND SOUTH TYRONE
N20002047,73.0,69.7,69.8,0.1,FERMANAGH AND SOUTH TYRONE
N20002048,89.9,76.4,76.5,0.1,FERMANAGH AND SOUTH TYRONE
N20002049,87.2,81.7,81.8,0.1,FERMANAGH AND SOUTH TYRONE
N20002050,63.3,70.8,70.9,0.1,FERMANAGH AND SOUTH TYRONE
N20002051,74.1,62.3,62.4,0.1,FERMANAGH AND SOUTH TYRONE
N20002052,57.7,63.3,63.4,0.1,FERMANAGH AND SOUTH TYRONE
N20002053,82.2,68.0,68.1,0.1,FERMANAGH AND SOUTH TYRONE
N20002054,88.9,81.8,81.9,0.1,FERMANAGH AND SOUTH TYRONE
N20002055,72.9,68.5,68.6,0.1,FERMANAGH AND SOUTH TYRONE
N20002056,77.1,72.4,72.5,0.1,FERMANAGH AND SOUTH TYRONE
N20002057,54.6,55.6,55.7,0.1,FERMANAGH AND SOUTH TYRONE
N20002058,82.5,71.3,71.4,0.1,FERMANAGH AND SOUTH TYRONE
N20002059,85.7,44.6,44.7,0.1,FERMANAGH AND SOUTH TYRONE
N20002060,81.1,64.6,64.7,0.1,FERMANAGH AND SOUTH TYRONE
N20002061,42.5,40.5,40.6,0.1,FERMANAGH AND SOUTH TYRONE
N20002062,69.9,44.3,44.4,0.1,FERMANAGH AND SOUTH TYRONE
N20002063,72.4,48.3,48.4,0.1,FERMANAGH AND SOUTH TYRONE
N20002064,69.7,61.1,61.2,0.1,FERMANAGH AND SOUTH TYRONE
N20002065,30.2,29.8,29.9,0.1,FERMANAGH AND SOUTH TYRONE
N20002066,88.5,60.7,60.8,0.1,FERMANAGH AND SOUTH TYRONE
N20002067,70.0,57.0,57.1,0.1,FERMANAGH AND SOUTH TYRONE
N20002068,49.5,58.7,58.8,0.1,FERMANAGH AND SOUTH TYRONE
N20002069,64.7,60.6,60.7,0.1,FERMANAGH AND SOUTH TYRONE
N20002070,56.8,60.9,61.0,0.1,FERMANAGH AND SOUTH TYRONE
N20002071,55.6,43.1,43.2,0.1,FERMANAGH AND SOUTH TYRONE
N20002072,56.3,60.6,60.7,0.1,FERMANAGH AND SOUTH TYRONE
N20002073,47.5,54.0,54.1,0.1,FERMANAGH AND SOUTH TYRONE
N20002074,89.2,85.7,85.8,0.1,FERMANAGH AND SOUTH TYRONE
N20002075,76.7,57.9,58.0,0.1,FERMANAGH AND SOUTH TYRONE
N20002076,83.8,69.5,69.6,0.1,FERMANAGH AND SOUTH TYRONE
N20002077,89.8,64.5,64.6,0.1,FERMANAGH AND SOUTH TYRONE
N20002078,75.5,59.3,59.4,0.1,FERMANAGH AND SOUTH TYRONE
N20002079,90.0,75.2,75.3,0.1,FERMANAGH AND SOUTH TYRONE
N20002080,64.2,64.3,64.4,0.1,FERMANAGH AND SOUTH TYRONE
N20002081,41.2,42.9,43.0,0.1,FERMANAGH AND SOUTH TYRONE
N20002082,14.0,36.0,36.1,0.1,FERMANAGH AND SOUTH TYRONE
N20002083,26.3,21.2,21.3,0.1,FERMANAGH AND SOUTH TYRONE
N20002084,31.6,37.9,38.0,0.1,FERMANAGH AND SOUTH TYRONE
N20002085,60.0,42.9,43.0,0.1,FERMANAGH AND SOUTH TYRONE
N20002086,78.5,56.7,56.8,0.1,FERMANAGH AND SOUTH TYRONE
N20002087,54.6,69.8,69.9,0.1,FERMANAGH AND SOUTH TYRONE
N20002088,66.8,55.4,55.5,0.1,FERMANAGH AND SOUTH TYRONE
N20002089,75.8,44.8,44.9,0.1,FERMANAGH AND SOUTH TYRONE
N20002090,54.3,40.3,40.4,0.1,FERMANAGH AND SOUTH TYRONE
N20002091,77.3,60.0,60.1,0.1,FERMANAGH AND SOUTH TYRONE
N20002092,60.8,32.0,32.1,0.1,FERMANAGH AND SOUTH TYRONE
N20002093,48.7,45.4,45.5,0.1,FERMANAGH AND SOUTH TYRONE
N20002094,69.7,57.4,57.5,0.1,FERMANAGH AND SOUTH TYRONE
N20002095,86.2,70.0,70.1,0.1,FERMANAGH AND SOUTH TYRONE
N20002096,73.6,62.5,62.6,0.1,FERMANAGH AND SOUTH TYRONE
N20002097,48.3,40.4,40.5,0.1,FERMANAGH AND SOUTH TYRONE
N20002098,64.0,49.5,49.6,0.1,FERMANAGH AND SOUTH TYRONE
N20002099,64.3,54.2,54.3,0.1,FERMANAGH AND SOUTH TYRONE
N20002100,53.4,62.9,63.0,0.1,FERMANAGH AND SOUTH TYRONE
N20002101,70.1,56.4,56.5,0.1,FERMANAGH AND SOUTH TYRONE
N20002102,54.1,35.0,35.1,0.1,FERMANAGH AND SOUTH TYRONE
N20002103,67.5,63.3,63.4,0.1,FERMANAGH AND SOUTH TYRONE
N20002104,62.3,42.3,42.4,0.1,FERMANAGH AND SOUTH TYRONE
N20002105,49.6,26.7,26.8,0.1,FERMANAGH AND SOUTH TYRONE
N20002106,54.0,49.3,49.4,0.1,FERMANAGH AND SOUTH TYRONE
N20002107,54.8,30.0,30.1,0.1,FERMANAGH AND SOUTH TYRONE
N20002108,40.1,36.4,36.5,0.1,FERMANAGH AND SOUTH TYRONE
N20002109,42.4,56.4,56.5,0.1,FERMANAGH AND SOUTH TYRONE
N20002110,28.8,51.2,51.3,0.1,FERMANAGH AND SOUTH TYRONE
N20002111,51.2,51.9,52.0,0.1,FERMANAGH AND SOUTH TYRONE
N20002112,61.9,42.9,43.0,0.1,FERMANAGH AND SOUTH TYRONE
N20002113,55.1,33.2,33.3,0.1,FERMANAGH AND SOUTH TYRONE
N20002114,69.4,64.8,64.9,0.1,FERMANAGH AND SOUTH TYRONE
N20002115,80.6,55.1,55.2,0.1,FERMANAGH AND SOUTH TYRONE
N20002116,59.9,62.5,62.6,0.1,FERMANAGH AND SOUTH TYRONE
N20002117,11.4,17.8,17.9,0.1,FERMANAGH AND SOUTH TYRONE
N20002118,15.2,33.7,33.8,0.1,FERMANAGH AND SOUTH TYRONE
N20002119,13.4,36.4,36.5,0.1,FERMANAGH AND SOUTH TYRONE
N20002120,30.7,25.1,25.2,0.1,FERMANAGH AND SOUTH TYRONE
N20002121,41.3,43.2,43.3,0.1,FERMANAGH AND SOUTH TYRONE
N20002122,39.7,56.6,56.7,0.1,FERMANAGH AND SOUTH TYRONE
N20002123,24.0,36.4,36.5,0.1,FERMANAGH AND SOUTH TYRONE
N20002124,82.8,69.3,69.4,0.1,FERMANAGH AND SOUTH TYRONE
N20002125,56.8,49.9,50.0,0.1,FERMANAGH AND SOUTH TYRONE
N20002126,25.6,12.5,12.6,0.1,FERMANAGH AND SOUTH TYRONE
N20002127,21.5,42.9,43.0,0.1,FERMANAGH AND SOUTH TYRONE
N20002128,91.8,78.3,78.4,0.1,FERMANAGH AND SOUTH TYRONE
N20002129,60.8,68.9,69.0,0.1,FERMANAGH AND SOUTH TYRONE
N20002130,26.7,33.4,33.5,0.1,FERMANAGH AND SOUTH TYRONE
N20002131,90.0,66.0,66.1,0.1,FERMANAGH AND SOUTH TYRONE
N20002132,74.5,65.0,65.1,0.1,FERMANAGH AND SOUTH TYRONE
N20002133,72.2,74.9,75.0,0.1,FERMANAGH AND SOUTH TYRONE
N20002134,77.4,68.9,69.0,0.1,FERMANAGH AND SOUTH TYRONE
N20002135,62.2,32.9,33.0,0.1,FERMANAGH AND SOUTH TYRONE
N20002136,64.5,30.0,30.1,0.1,FERMANAGH AND SOUTH TYRONE
N20002137,85.5,78.7,78.8,0.1,FERMANAGH AND SOUTH TYRONE
N20002138,78.2,57.5,57.6,0.1,FERMANAGH AND SOUTH TYRONE
N20002139,36.2,38.1,38.2,0.1,FERMANAGH AND SOUTH TYRONE
N20002140,9.7,24.3,24.4,0.1,FERMANAGH AND SOUTH TYRONE
N20002141,9.0,30.9,31.0,0.1,FERMANAGH AND SOUTH TYRONE
N20002142,54.5,62.9,63.0,0.1,FERMANAGH AND SOUTH TYRONE
N20002143,8.2,14.7,14.8,0.1,FERMANAGH AND SOUTH TYRONE
N20002144,74.7,72.4,72.5,0.1,FERMANAGH AND SOUTH TYRONE
N20002145,40.9,57.5,57.6,0.1,FERMANAGH AND SOUTH TYRONE
N20002146,71.1,68.0,68.1,0.1,FERMANAGH AND SOUTH TYRONE
N20002147,27.6,32.4,32.5,0.1,FERMANAGH AND SOUTH TYRONE
N20002148,43.2,42.4,42.5,0.1,FERMANAGH AND SOUTH TYRONE
N20002149,62.4,49.2,49.3,0.1,FERMANAGH AND SOUTH TYRONE
N20002150,18.4,27.9,28.0,0.1,WEST TYRONE
N20002151,53.0,42.2,42.3,0.1,WEST TYRONE
N20002152,61.8,49.4,49.5,0.1,WEST TYRONE
N20002153,33.3,22.9,23.0,0.1,WEST TYRONE
N20002154,76.6,54.6,54.7,0.1,WEST TYRONE
N20002155,62.9,61.8,61.9,0.1,WEST TYRONE
N20002156,64.7,62.9,63.0,0.1,WEST TYRONE
N20002157,78.7,67.2,67.3,0.1,WEST TYRONE
N20002158,44.5,44.6,44.7,0.1,WEST TYRONE
N20002159,89.2,78.8,78.9,0.1,WEST TYRONE
N20002160,81.0,69.9,70.0,0.1,WEST TYRONE
N20002161,60.4,60.9,61.0,0.1,WEST TYRONE
N20002162,80.9,87.3,87.4,0.1,WEST TYRONE
N20002163,79.3,75.9,76.0,0.1,WEST TYRONE
N20002164,57.5,63.4,63.5,0.1,WEST TYRONE
N20002165,47.5,51.0,51.1,0.1,WEST TYRONE
N20002166,82.4,82.6,82.7,0.1,WEST TYRONE
N20002167,84.4,74.3,74.4,0.1,WEST TYRONE
N20002168,54.8,43.0,43.1,0.1,WEST TYRONE
N20002169,72.9,49.9,50.0,0.1,WEST TYRONE
N20002170,79.8,60.7,60.8,0.1,WEST TYRONE
N20002171,71.2,68.6,68.7,0.1,WEST TYRONE
N20002172,74.7,39.0,39.1,0.1,WEST TYRONE
N20002173,77.5,73.3,73.4,0.1,WEST TYRONE
N20002174,67.9,65.4,65.5,0.1,WEST TYRONE
N20002175,74.0,77.2,77.3,0.1,WEST TYRONE
N20002176,71.4,54.9,55.0,0.1,WEST TYRONE
N20002177,72.4,58.6,58.7,0.1,WEST TYRONE
N20002178,82.3,76.5,76.6,0.1,WEST TYRONE
N20002179,84.6,81.6,81.7,0.1,WEST TYRONE
N20002180,46.6,49.0,49.1,0.1,WEST TYRONE
N20002181,49.0,61.1,61.2,0.1,WEST TYRONE
N20002182,76.1,58.5,58.6,0.1,WEST TYRONE
N20002183,86.6,57.1,57.2,0.1,WEST TYRONE
N20002184,69.6,64.3,64.4,0.1,WEST TYRONE
N20002185,84.8,53.8,53.9,0.1,WEST TYRONE
N20002186,70.1,71.5,71.6,0.1,WEST TYRONE
N20002187,90.0,66.5,66.6,0.1,WEST TYRONE
N20002188,81.5,36.0,36.1,0.1,WEST TYRONE
N20002189,63.4,53.7,53.8,0.1,WEST TYRONE
N20002190,85.9,81.1,81.2,0.1,WEST TYRONE
N20002191,89.7,53.7,53.8,0.1,WEST TYRONE
N20002192,62.2,55.6,55.7,0.1,WEST TYRONE
N20002193,78.6,67.0,67.1,0.1,WEST TYRONE
N20002194,91.5,52.2,52.3,0.1,WEST TYRONE
N20002195,65.6,47.4,47.5,0.1,WEST TYRONE
N20002196,55.7,36.8,36.9,0.1,WEST TYRONE
N20002197,29.5,44.1,44.2,0.1,WEST TYRONE
N20002198,82.1,66.2,66.3,0.1,WEST TYRONE
N20002199,65.0,42.3,42.4,0.1,WEST TYRONE
N20002200,12.1,34.2,34.3,0.1,WEST TYRONE
N20002201,27.0,17.3,17.4,0.1,WEST TYRONE
N20002202,85.3,56.0,56.1,0.1,WEST TYRONE
N20002203,91.6,66.9,67.0,0.1,WEST TYRONE
N20002204,90.3,88.7,88.8,0.1,WEST TYRONE
N20002205,87.3,86.7,86.8,0.1,WEST TYRONE
N20002206,24.5,22.5,22.6,0.1,WEST TYRONE
N20002207,51.5,52.4,52.5,0.1,WEST TYRONE
N20002208,69.9,52.8,52.9,0.1,WEST TYRONE
N20002209,35.7,34.1,34.2,0.1,WEST TYRONE
N20002210,93.2,67.1,67.2,0.1,WEST TYRONE
N20002211,62.7,48.6,48.7,0.1,WEST TYRONE
N20002212,83.1,53.6,53.7,0.1,WEST TYRONE
N20002213,78.6,65.1,65.2,0.1,WEST TYRONE
N20002214,91.5,69.1,69.2,0.1,WEST TYRONE
N20002215,86.9,59.8,59.9,0.1,WEST TYRONE
N20002216,77.1,56.2,56.3,0.1,WEST TYRONE
N20002217,13.2,11.1,11.2,0.1,WEST TYRONE
N20002218,66.3,49.5,49.6,0.1,WEST TYRONE
N20002219,81.0,82.1,82.2,0.1,WEST TYRONE
N20002220,68.8,65.8,65.9,0.1,WEST TYRONE
N20002221,70.2,69.3,69.4,0.1,WEST TYRONE
N20002222,44.7,41.8,41.9,0.1,WEST TYRONE
N20002223,92.6,64.7,64.8,0.1,WEST TYRONE
N20002224,97.5,78.7,78.8,0.1,WEST TYRONE
N20002225,85.9,60.8,60.9,0.1,WEST TYRONE
N20002226,55.4,41.9,42.0,0.1,WEST TYRONE
N20002227,37.4,45.7,45.8,0.1,WEST TYRONE
N20002228,96.3,54.4,54.5,0.1,WEST TYRONE
N20002229,91.4,67.9,68.0,0.1,WEST TYRONE
N20002230,71.0,64.3,64.4,0.1,WEST TYRONE
N20002231,95.8,94.5,94.6,0.1,WEST TYRONE
N20002232,60.8,48.7,48.8,0.1,WEST TYRONE
N20002233,75.2,80.5,80.6,0.1,WEST TYRONE
N20002234,74.9,52.5,52.6,0.1,WEST TYRONE
N20002235,89.9,80.6,80.7,0.1,WEST TYRONE
N20002236,76.4,74.6,74.7,0.1,WEST TYRONE
N20002237,94.4,92.0,92.1,0.1,WEST TYRONE
N20002238,90.6,65.8,65.9,0.1,WEST TYRONE
N20002239,86.2,64.2,64.3,0.1,WEST TYRONE
N20002240,96.3,94.4,94.5,0.1,WEST TYRONE
N20002241,92.4,75.9,76.0,0.1,WEST TYRONE
N20002242,69.9,61.1,61.2,0.1,WEST TYRONE
N20002243,75.6,70.2,70.3,0.1,WEST TYRONE
N20002244,65.6,52.7,52.8,0.1,WEST TYRONE
N20002245,52.1,46.6,46.7,0.1,WEST TYRONE
N20002246,32.2,43.7,43.8,0.1,WEST TYRONE
N20002247,61.8,75.4,75.5,0.1,WEST TYRONE
N20002248,90.9,78.2,78.3,0.1,WEST TYRONE
N20002249,49.7,62.9,63.0,0.1,WEST TYRONE
N20002250,64.6,51.4,51.5,0.1,WEST TYRONE
N20002251,92.0,67.8,67.9,0.1,WEST TYRONE
N20002252,18.2,21.6,19.4,-2.2,LAGAN VALLEY
N20002253,21.4,10.7,8.5,-2.2,LAGAN VALLEY
N20002254,17.1,29.1,26.9,-2.2,LAGAN VALLEY
N20002255,16.4,26.8,24.6,-2.2,LAGAN VALLEY
N20002256,23.3,28.0,25.8,-2.2,LAGAN VALLEY
N20002257,40.7,36.9,34.7,-2.2,LAGAN VALLEY
N20002258,12.5,36.9,34.7,-2.2,LAGAN VALLEY
N20002259,5.7,1.0,1.0,0.0,LAGAN VALLEY
N20002260,13.6,17.8,15.6,-2.2,LAGAN VALLEY
N20002261,13.1,29.5,27.3,-2.2,LAGAN VALLEY
N20002262,13.3,7.3,5.1,-2.2,LAGAN VALLEY
N20002263,25.1,31.5,29.3,-2.2,LAGAN VALLEY
N20002264,18.4,28.6,26.4,-2.2,LAGAN VALLEY
N20002265,15.0,26.8,24.6,-2.2,LAGAN VALLEY
N20002266,21.5,29.9,27.7,-2.2,LAGAN VALLEY
N20002267,20.0,37.6,35.4,-2.2,LAGAN VALLEY
N20002268,20.6,16.5,14.3,-2.2,LAGAN VALLEY
N20002269,12.2,24.6,22.4,-2.2,LAGAN VALLEY
N20002270,22.2,20.7,18.5,-2.2,LAGAN VALLEY
N20002271,21.4,46.2,44.0,-2.2,LAGAN VALLEY
N20002272,26.2,18.6,16.4,-2.2,LAGAN VALLEY
N20002273,24.3,25.1,22.9,-2.2,LAGAN VALLEY
N20002274,13.8,17.1,14.9,-2.2,LAGAN VALLEY
N20002275,23.0,19.8,17.6,-2.2,LAGAN VALLEY
N20002276,28.7,44.0,41.8,-2.2,LAGAN VALLEY
N20002277,13.9,17.7,15.5,-2.2,LAGAN VALLEY
N20002278,10.1,21.2,19.0,-2.2,LAGAN VALLEY
N20002279,16.7,34.5,32.3,-2.2,LAGAN VALLEY
N20002280,13.7,16.0,13.8,-2.2,LAGAN VALLEY
N20002281,15.4,22.8,20.6,-2.2,LAGAN VALLEY
N20002282,13.5,25.9,23.7,-2.2,LAGAN VALLEY
N20002283,16.1,37.4,35.2,-2.2,LAGAN VALLEY
N20002284,10.8,19.8,17.6,-2.2,LAGAN VALLEY
N20002285,9.0,10.1,7.9,-2.2,LAGAN VALLEY
N20002286,9.5,50.5,48.3,-2.2,LAGAN VALLEY
N20002287,43.0,35.1,34.4,-0.7,SOUTH ANTRIM
N20002288,89.5,77.9,77.2,-0.7,SOUTH ANTRIM
N20002289,59.1,51.9,51.2,-0.7,SOUTH ANTRIM
N20002290,89.2,60.7,60.0,-0.7,SOUTH ANTRIM
N20002291,79.4,61.9,61.2,-0.7,SOUTH ANTRIM
N20002292,91.9,85.0,84.3,-0.7,SOUTH ANTRIM
N20002293,66.0,38.4,37.7,-0.7,SOUTH ANTRIM
N20002294,36.7,56.8,56.1,-0.7,SOUTH ANTRIM
N20002295,62.1,44.8,44.1,-0.7,SOUTH ANTRIM
N20002296,36.4,43.9,43.2,-0.7,SOUTH ANTRIM
N20002297,39.2,34.7,32.5,-2.2,LAGAN VALLEY
N20002298,25.8,35.2,34.5,-0.7,SOUTH ANTRIM
N20002299,41.4,41.4,39.2,-2.2,LAGAN VALLEY
N20002300,25.5,42.5,40.3,-2.2,LAGAN VALLEY
N20002301,12.9,22.6,20.4,-2.2,LAGAN VALLEY
N20002302,16.5,26.4,24.2,-2.2,LAGAN VALLEY
N20002303,25.2,26.7,24.5,-2.2,LAGAN VALLEY
N20002304,17.4,34.9,32.7,-2.2,LAGAN VALLEY
N20002305,57.4,54.2,52.0,-2.2,LAGAN VALLEY
N20002306,54.2,41.2,39.0,-2.2,LAGAN VALLEY
N20002307,51.6,12.7,10.5,-2.2,LAGAN VALLEY
N20002308,57.3,68.1,65.9,-2.2,LAGAN VALLEY
N20002309,48.0,46.1,43.9,-2.2,LAGAN VALLEY
N20002310,45.8,37.6,35.4,-2.2,LAGAN VALLEY
N20002311,16.8,31.5,29.3,-2.2,LAGAN VALLEY
N20002312,44.4,68.2,66.0,-2.2,LAGAN VALLEY
N20002313,10.2,16.4,14.2,-2.2,LAGAN VALLEY
N20002314,13.9,27.9,25.7,-2.2,LAGAN VALLEY
N20002315,13.4,16.0,13.8,-2.2,LAGAN VALLEY
N20002316,11.2,16.7,14.5,-2.2,LAGAN VALLEY
N20002317,18.7,19.0,16.8,-2.2,LAGAN VALLEY
N20002318,41.9,28.7,26.5,-2.2,LAGAN VALLEY
N20002319,19.8,39.3,37.1,-2.2,LAGAN VALLEY
N20002320,12.6,26.3,24.1,-2.2,LAGAN VALLEY
N20002321,8.6,22.0,19.8,-2.2,LAGAN VALLEY
N20002322,6.8,22.4,20.2,-2.2,LAGAN VALLEY
N20002323,8.8,15.3,13.1,-2.2,LAGAN VALLEY
N20002324,9.0,8.2,6.0,-2.2,LAGAN VALLEY
N20002325,7.9,11.6,9.4,-2.2,LAGAN VALLEY
N20002326,25.8,36.7,34.5,-2.2,LAGAN VALLEY
N20002327,12.5,22.4,20.2,-2.2,LAGAN VALLEY
N20002328,11.2,4.5,2.3,-2.2,LAGAN VALLEY
N20002329,6.9,22.3,20.1,-2.2,LAGAN VALLEY
N20002330,19.4,22.5,20.3,-2.2,LAGAN VALLEY
N20002331,39.2,60.3,58.1,-2.2,LAGAN VALLEY
N20002332,5.7,16.8,14.6,-2.2,LAGAN VALLEY
N20002333,17.5,21.0,18.8,-2.2,LAGAN VALLEY
N20002334,9.3,13.5,11.3,-2.2,LAGAN VALLEY
N20002335,21.3,15.6,13.4,-2.2,LAGAN VALLEY
N20002336,18.5,7.5,5.3,-2.2,LAGAN VALLEY
N20002337,8.5,18.7,16.5,-2.2,LAGAN VALLEY
N20002338,22.1,43.7,41.5,-2.2,LAGAN VALLEY
N20002339,13.3,38.6,36.4,-2.2,LAGAN VALLEY
N20002340,13.4,15.5,13.3,-2.2,LAGAN VALLEY
N20002341,16.5,19.3,17.1,-2.2,LAGAN VALLEY
N20002342,26.7,43.9,41.7,-2.2,LAGAN VALLEY
N20002343,19.1,9.4,7.2,-2.2,LAGAN VALLEY
N20002344,23.5,21.6,19.4,-2.2,LAGAN VALLEY
N20002345,16.0,17.2,15.0,-2.2,LAGAN VALLEY
N20002346,24.6,32.1,29.9,-2.2,LAGAN VALLEY
N20002347,13.4,20.7,18.5,-2.2,LAGAN VALLEY
N20002348,22.3,35.2,33.0,-2.2,LAGAN VALLEY
N20002349,26.6,42.4,40.2,-2.2,LAGAN VALLEY
N20002350,23.0,49.1,46.9,-2.2,LAGAN VALLEY
N20002351,34.0,53.2,51.0,-2.2,LAGAN VALLEY
N20002352,19.9,48.4,46.2,-2.2,LAGAN VALLEY
N20002353,29.5,35.3,33.1,-2.2,LAGAN VALLEY
N20002354,36.7,24.6,22.4,-2.2,LAGAN VALLEY
N20002355,49.8,35.7,33.5,-2.2,LAGAN VALLEY
N20002356,46.6,24.9,22.7,-2.2,LAGAN VALLEY
N20002357,42.8,15.8,13.6,-2.2,LAGAN VALLEY
N20002358,41.1,38.1,35.9,-2.2,LAGAN VALLEY
N20002359,42.6,27.6,25.4,-2.2,LAGAN VALLEY
N20002360,27.7,43.1,40.9,-2.2,LAGAN VALLEY
N20002361,57.1,48.0,45.8,-2.2,LAGAN VALLEY
N20002362,31.0,38.1,35.9,-2.2,LAGAN VALLEY
N20002363,29.8,32.1,29.9,-2.2,LAGAN VALLEY
N20002364,42.2,39.6,37.4,-2.2,LAGAN VALLEY
N20002365,19.5,19.9,17.7,-2.2,LAGAN VALLEY
N20002366,22.0,31.9,29.7,-2.2,LAGAN VALLEY
N20002367,38.1,44.9,42.7,-2.2,LAGAN VALLEY
N20002368,16.2,25.8,23.6,-2.2,LAGAN VALLEY
N20002369,27.0,31.6,29.4,-2.2,LAGAN VALLEY
N20002370,7.3,38.1,35.9,-2.2,LAGAN VALLEY
N20002371,10.0,20.0,17.8,-2.2,LAGAN VALLEY
N20002372,27.1,27.7,25.5,-2.2,LAGAN VALLEY
N20002373,28.2,27.5,25.3,-2.2,LAGAN VALLEY
N20002374,11.0,23.5,21.3,-2.2,LAGAN VALLEY
N20002375,9.0,41.2,39.0,-2.2,LAGAN VALLEY
N20002376,18.6,9.1,6.9,-2.2,LAGAN VALLEY
N20002377,66.5,55.0,52.8,-2.2,LAGAN VALLEY
N20002378,61.1,55.2,53.0,-2.2,LAGAN VALLEY
N20002379,10.5,18.3,16.1,-2.2,LAGAN VALLEY
N20002380,5.2,12.8,10.6,-2.2,LAGAN VALLEY
N20002381,43.1,49.7,47.5,-2.2,LAGAN VALLEY
N20002382,6.4,20.6,18.4,-2.2,LAGAN VALLEY
N20002383,34.7,30.8,28.6,-2.2,LAGAN VALLEY
N20002384,16.8,23.4,21.2,-2.2,LAGAN VALLEY
N20002385,72.0,60.3,58.1,-2.2,LAGAN VALLEY
N20002386,7.7,23.6,21.4,-2.2,LAGAN VALLEY
N20002387,35.9,41.7,39.5,-2.2,LAGAN VALLEY
N20002388,6.6,41.0,38.8,-2.2,LAGAN VALLEY
N20002389,63.7,49.5,47.3,-2.2,LAGAN VALLEY
N20002390,51.7,44.4,42.2,-2.2,LAGAN VALLEY
N20002391,49.2,24.8,22.6,-2.2,LAGAN VALLEY
N20002392,64.4,54.6,52.4,-2.2,LAGAN VALLEY
N20002393,33.7,39.8,37.6,-2.2,LAGAN VALLEY
N20002394,16.1,23.3,21.1,-2.2,LAGAN VALLEY
N20002395,70.2,70.7,68.5,-2.2,LAGAN VALLEY
N20002396,32.3,30.5,28.3,-2.2,LAGAN VALLEY
N20002397,30.5,29.9,27.7,-2.2,LAGAN VALLEY
N20002398,40.2,64.2,62.0,-2.2,LAGAN VALLEY
N20002399,39.9,45.4,43.2,-2.2,LAGAN VALLEY
N20002400,24.7,73.1,70.9,-2.2,LAGAN VALLEY
N20002401,27.9,42.5,40.3,-2.2,LAGAN VALLEY
N20002402,28.9,76.3,74.1,-2.2,LAGAN VALLEY
N20002403,22.1,31.1,28.9,-2.2,LAGAN VALLEY
N20002404,17.7,47.3,45.1,-2.2,LAGAN VALLEY
N20002405,26.8,72.5,70.3,-2.2,LAGAN VALLEY
N20002406,40.1,37.8,35.6,-2.2,LAGAN VALLEY
N20002407,12.0,12.4,10.2,-2.2,LAGAN VALLEY
N20002408,25.7,27.4,25.2,-2.2,LAGAN VALLEY
N20002409,15.5,18.1,15.9,-2.2,LAGAN VALLEY
N20002410,20.1,45.1,42.9,-2.2,LAGAN VALLEY
N20002411,26.8,20.0,17.8,-2.2,LAGAN VALLEY
N20002412,33.3,12.2,10.0,-2.2,LAGAN VALLEY
N20002413,23.1,22.6,20.4,-2.2,LAGAN VALLEY
N20002414,21.8,32.5,30.3,-2.2,LAGAN VALLEY
N20002415,20.6,25.7,23.5,-2.2,LAGAN VALLEY
N20002416,16.0,16.2,14.0,-2.2,LAGAN VALLEY
N20002417,18.1,18.1,15.9,-2.2,LAGAN VALLEY
N20002418,25.5,1.0,1.0,0.0,LAGAN VALLEY
N20002419,30.4,33.2,31.0,-2.2,LAGAN VALLEY
N20002420,22.9,34.7,32.5,-2.2,LAGAN VALLEY
N20002421,28.3,16.9,14.7,-2.2,LAGAN VALLEY
N20002422,24.5,10.9,8.7,-2.2,LAGAN VALLEY
N20002423,24.3,29.0,26.8,-2.2,LAGAN VALLEY
N20002424,30.8,25.3,23.1,-2.2,LAGAN VALLEY
N20002425,24.9,23.8,21.6,-2.2,LAGAN VALLEY
N20002426,20.9,22.5,20.3,-2.2,LAGAN VALLEY
N20002427,24.9,36.5,34.3,-2.2,LAGAN VALLEY
N20002428,15.4,23.9,21.7,-2.2,LAGAN VALLEY
N20002429,5.2,30.9,28.7,-2.2,LAGAN VALLEY
N20002430,28.9,35.9,33.7,-2.2,LAGAN VALLEY
N20002431,8.7,24.1,21.9,-2.2,LAGAN VALLEY
N20002432,12.4,38.4,36.2,-2.2,LAGAN VALLEY
N20002433,19.8,39.0,36.8,-2.2,LAGAN VALLEY
N20002434,6.0,28.1,25.9,-2.2,LAGAN VALLEY
N20002435,19.2,41.2,39.0,-2.2,LAGAN VALLEY
N20002436,18.7,29.9,27.7,-2.2,LAGAN VALLEY
N20002437,22.7,37.8,35.6,-2.2,LAGAN VALLEY
N20002438,10.7,8.6,6.4,-2.2,LAGAN VALLEY
N20002439,18.7,30.2,28.0,-2.2,LAGAN VALLEY
N20002440,7.5,9.2,7.0,-2.2,LAGAN VALLEY
N20002441,14.6,10.3,8.1,-2.2,LAGAN VALLEY
N20002442,11.5,19.6,17.4,-2.2,LAGAN VALLEY
N20002443,9.0,11.8,9.6,-2.2,LAGAN VALLEY
N20002444,11.5,32.5,30.3,-2.2,LAGAN VALLEY
N20002445,12.7,23.7,21.5,-2.2,LAGAN VALLEY
N20002446,5.8,27.3,25.1,-2.2,LAGAN VALLEY
N20002447,9.4,17.6,15.4,-2.2,LAGAN VALLEY
N20002448,14.2,21.2,19.0,-2.2,LAGAN VALLEY
N20002449,6.6,11.4,9.2,-2.2,LAGAN VALLEY
N20002450,13.9,20.0,17.8,-2.2,LAGAN VALLEY
N20002451,5.9,20.1,17.9,-2.2,LAGAN VALLEY
N20002452,13.3,31.2,29.0,-2.2,LAGAN VALLEY
N20002453,17.5,42.6,40.4,-2.2,LAGAN VALLEY
N20002454,19.3,51.0,48.8,-2.2,LAGAN VALLEY
N20002455,25.3,38.5,39.7,1.2,SOUTH DOWN
N20002456,57.6,47.6,48.8,1.2,BELFAST SOUTH
N20002457,49.1,43.6,44.8,1.2,BELFAST SOUTH
N20002458,55.0,38.8,40.0,1.2,BELFAST SOUTH
N20002459,45.5,49.6,50.8,1.2,BELFAST SOUTH
N20002460,42.5,23.3,24.5,1.2,BELFAST SOUTH
N20002461,41.9,46.9,48.1,1.2,BELFAST SOUTH
N20002462,26.2,44.2,45.4,1.2,BELFAST SOUTH
N20002463,54.2,63.8,65.0,1.2,BELFAST SOUTH
N20002464,42.9,34.5,35.7,1.2,BELFAST SOUTH
N20002465,50.4,46.0,47.2,1.2,BELFAST SOUTH
N20002466,46.0,43.8,45.0,1.2,BELFAST SOUTH
N20002467,44.3,35.9,37.1,1.2,BELFAST SOUTH
N20002468,47.7,50.6,51.8,1.2,BELFAST SOUTH
N20002469,50.7,49.0,50.2,1.2,BELFAST SOUTH
N20002470,51.6,52.6,53.8,1.2,BELFAST SOUTH
N20002471,49.8,28.6,29.8,1.2,BELFAST SOUTH
N20002472,46.8,28.4,29.6,1.2,BELFAST SOUTH
N20002473,56.2,39.4,40.6,1.2,BELFAST SOUTH
N20002474,47.5,24.8,26.0,1.2,BELFAST SOUTH
N20002475,45.7,42.5,43.7,1.2,BELFAST SOUTH
N20002476,56.2,31.2,32.4,1.2,BELFAST SOUTH
N20002477,43.0,33.2,34.4,1.2,BELFAST SOUTH
N20002478,57.7,45.2,46.4,1.2,BELFAST SOUTH
N20002479,61.6,28.0,29.2,1.2,BELFAST SOUTH
N20002480,55.3,76.8,78.0,1.2,BELFAST SOUTH
N20002481,36.6,43.0,44.2,1.2,BELFAST SOUTH
N20002482,61.7,56.0,57.2,1.2,BELFAST SOUTH
N20002483,57.4,47.1,48.3,1.2,BELFAST SOUTH
N20002484,48.8,34.1,35.3,1.2,BELFAST SOUTH
N20002485,75.1,55.1,56.3,1.2,BELFAST SOUTH
N20002486,59.7,49.1,50.3,1.2,BELFAST SOUTH
N20002487,70.5,48.1,49.3,1.2,BELFAST SOUTH
N20002488,61.6,70.1,71.3,1.2,BELFAST SOUTH
N20002489,49.4,26.8,28.0,1.2,BELFAST SOUTH
N20002490,43.2,42.0,43.2,1.2,BELFAST SOUTH
N20002491,45.9,41.7,42.9,1.2,BELFAST SOUTH
N20002492,21.8,10.8,12.0,1.2,BELFAST SOUTH
N20002493,17.5,41.0,42.2,1.2,BELFAST SOUTH
N20002494,59.6,60.6,61.8,1.2,BELFAST SOUTH
N20002495,68.4,47.5,48.7,1.2,BELFAST SOUTH
N20002496,53.2,52.4,53.6,1.2,BELFAST SOUTH
N20002497,62.6,53.2,54.4,1.2,BELFAST SOUTH
N20002498,18.9,3.1,1.9,-1.2,STRANGFORD
N20002499,40.8,41.8,40.6,-1.2,STRANGFORD
N20002500,5.1,24.6,24.8,0.2,BELFAST EAST
N20002501,5.6,9.3,9.5,0.2,BELFAST EAST
N20002502,10.6,1.0,1.2,0.2,BELFAST EAST
N20002503,10.1,7.2,7.4,0.2,BELFAST EAST
N20002504,12.2,23.4,23.6,0.2,BELFAST EAST
N20002505,7.5,24.1,24.3,0.2,BELFAST EAST
N20002506,8.6,20.7,20.9,0.2,BELFAST EAST
N20002507,8.4,13.4,13.6,0.2,BELFAST EAST
N20002508,19.6,18.1,18.3,0.2,BELFAST EAST
N20002509,9.4,20.8,21.0,0.2,BELFAST EAST
N20002510,1.2,13.6,13.8,0.2,BELFAST EAST
N20002511,2.4,9.2,9.4,0.2,BELFAST EAST
N20002512,9.6,36.1,36.3,0.2,BELFAST EAST
N20002513,6.4,17.7,17.9,0.2,BELFAST EAST
N20002514,5.7,23.5,23.7,0.2,BELFAST EAST
N20002515,8.6,21.3,21.5,0.2,BELFAST EAST
N20002516,17.3,22.8,23.0,0.2,BELFAST EAST
N20002517,4.2,41.3,41.5,0.2,BELFAST EAST
N20002518,10.8,3.9,4.1,0.2,BELFAST EAST
N20002519,8.3,9.5,9.7,0.2,BELFAST EAST
N20002520,9.1,50.0,50.2,0.2,BELFAST EAST
N20002521,4.9,26.0,26.2,0.2,BELFAST EAST
N20002522,1.4,29.3,29.5,0.2,BELFAST EAST
N20002523,4.2,19.2,19.4,0.2,BELFAST EAST
N20002524,11.0,18.7,18.9,0.2,BELFAST EAST
N20002525,7.4,11.9,12.1,0.2,BELFAST EAST
N20002526,15.0,21.6,21.8,0.2,BELFAST EAST
N20002527,4.9,23.2,23.4,0.2,BELFAST EAST
N20002528,12.5,22.2,22.4,0.2,BELFAST EAST
N20002529,3.2,28.5,28.7,0.2,BELFAST EAST
N20002530,2.8,12.9,13.1,0.2,BELFAST EAST
N20002531,10.2,26.6,26.8,0.2,BELFAST EAST
N20002532,10.1,9.1,9.3,0.2,BELFAST EAST
N20002533,5.0,29.7,29.9,0.2,BELFAST EAST
N20002534,9.1,20.2,20.4,0.2,BELFAST EAST
N20002535,6.6,14.3,14.5,0.2,BELFAST EAST
N20002536,8.5,28.3,28.5,0.2,BELFAST EAST
N20002537,4.2,20.4,20.6,0.2,BELFAST EAST
N20002538,10.1,34.0,34.2,0.2,BELFAST EAST
N20002539,10.3,25.3,25.5,0.2,BELFAST EAST
N20002540,7.0,7.4,7.6,0.2,BELFAST EAST
N20002541,7.6,21.1,21.3,0.2,BELFAST EAST
N20002542,6.0,11.8,10.6,-1.2,STRANGFORD
N20002543,11.2,25.0,23.8,-1.2,STRANGFORD
N20002544,4.2,21.0,19.8,-1.2,STRANGFORD
N20002545,4.5,15.0,13.8,-1.2,STRANGFORD
N20002546,5.2,27.0,25.8,-1.2,STRANGFORD
N20002547,17.0,37.0,35.8,-1.2,STRANGFORD
N20002548,22.0,35.1,32.9,-2.2,NORTH ANTRIM
N20002549,5.2,27.6,25.4,-2.2,NORTH ANTRIM
N20002550,16.6,31.0,28.8,-2.2,NORTH ANTRIM
N20002551,6.9,18.5,16.3,-2.2,NORTH ANTRIM
N20002552,38.8,44.0,41.8,-2.2,NORTH ANTRIM
N20002553,40.3,51.4,49.2,-2.2,NORTH ANTRIM
N20002554,2.8,21.0,18.8,-2.2,NORTH ANTRIM
N20002555,5.1,27.9,25.7,-2.2,NORTH ANTRIM
N20002556,3.2,23.1,20.9,-2.2,NORTH ANTRIM
N20002557,1.2,6.4,4.2,-2.2,NORTH ANTRIM
N20002558,3.2,19.2,17.0,-2.2,NORTH ANTRIM
N20002559,5.8,29.3,27.1,-2.2,NORTH ANTRIM
N20002560,43.0,36.6,34.4,-2.2,NORTH ANTRIM
N20002561,68.9,69.2,67.0,-2.2,NORTH ANTRIM
N20002562,53.0,66.6,64.4,-2.2,NORTH ANTRIM
N20002563,9.6,26.5,24.3,-2.2,NORTH ANTRIM
N20002564,8.0,11.6,9.4,-2.2,NORTH ANTRIM
N20002565,8.7,1.2,1.0,-0.2,NORTH ANTRIM
N20002566,6.1,33.5,31.3,-2.2,NORTH ANTRIM
N20002567,2.9,29.3,27.1,-2.2,NORTH ANTRIM
N20002568,10.0,13.2,11.0,-2.2,NORTH ANTRIM
N20002569,12.5,9.4,7.2,-2.2,NORTH ANTRIM
N20002570,18.7,24.7,22.5,-2.2,NORTH ANTRIM
N20002571,3.0,18.8,16.6,-2.2,NORTH ANTRIM
N20002572,3.5,22.8,20.6,-2.2,NORTH ANTRIM
N20002573,5.3,10.0,7.8,-2.2,NORTH ANTRIM
N20002574,5.7,21.9,19.7,-2.2,NORTH ANTRIM
N20002575,3.4,31.3,29.1,-2.2,NORTH ANTRIM
N20002576,2.8,34.0,31.8,-2.2,NORTH ANTRIM
N20002577,56.8,50.3,48.1,-2.2,NORTH ANTRIM
N20002578,6.9,23.4,21.2,-2.2,NORTH ANTRIM
N20002579,4.5,24.5,22.3,-2.2,NORTH ANTRIM
N20002580,19.0,34.5,32.3,-2.2,NORTH ANTRIM
N20002581,29.6,33.5,31.3,-2.2,NORTH ANTRIM
N20002582,8.6,8.1,5.9,-2.2,NORTH ANTRIM
N20002583,66.0,52.6,50.4,-2.2,NORTH ANTRIM
N20002584,25.2,40.1,37.9,-2.2,NORTH ANTRIM
N20002585,88.3,84.7,82.5,-2.2,NORTH ANTRIM
N20002586,20.9,39.1,36.9,-2.2,NORTH ANTRIM
N20002587,55.7,68.7,66.5,-2.2,NORTH ANTRIM
N20002588,61.1,74.3,72.1,-2.2,NORTH ANTRIM
N20002589,71.8,75.0,72.8,-2.2,NORTH ANTRIM
N20002590,67.9,42.3,40.1,-2.2,NORTH ANTRIM
N20002591,38.3,29.5,27.3,-2.2,NORTH ANTRIM
N20002592,53.3,40.1,37.9,-2.2,NORTH ANTRIM
N20002593,66.9,36.7,34.5,-2.2,NORTH ANTRIM
N20002594,52.8,55.7,53.5,-2.2,NORTH ANTRIM
N20002595,29.3,28.1,25.9,-2.2,NORTH ANTRIM
N20002596,49.1,26.0,23.8,-2.2,NORTH ANTRIM
N20002597,38.9,33.6,31.4,-2.2,NORTH ANTRIM
N20002598,76.3,48.5,46.3,-2.2,NORTH ANTRIM
N20002599,28.2,39.6,37.4,-2.2,NORTH ANTRIM
N20002600,14.6,19.0,16.8,-2.2,NORTH ANTRIM
N20002601,45.0,31.8,29.6,-2.2,NORTH ANTRIM
N20002602,64.1,61.3,59.1,-2.2,NORTH ANTRIM
N20002603,22.6,28.6,26.4,-2.2,NORTH ANTRIM
N20002604,62.8,54.8,52.6,-2.2,NORTH ANTRIM
N20002605,54.0,52.7,50.5,-2.2,NORTH ANTRIM
N20002606,30.4,26.8,24.6,-2.2,NORTH ANTRIM
N20002607,15.6,27.5,25.3,-2.2,NORTH ANTRIM
N20002608,43.8,46.7,44.5,-2.2,NORTH ANTRIM
N20002609,17.8,24.2,22.0,-2.2,NORTH ANTRIM
N20002610,22.8,10.9,8.7,-2.2,NORTH ANTRIM
N20002611,40.3,47.0,44.8,-2.2,NORTH ANTRIM
N20002612,62.0,45.1,42.9,-2.2,NORTH ANTRIM
N20002613,28.7,37.0,34.8,-2.2,NORTH ANTRIM
N20002614,40.3,34.4,32.2,-2.2,NORTH ANTRIM
N20002615,25.0,39.3,37.1,-2.2,NORTH ANTRIM
N20002616,33.9,37.8,35.6,-2.2,NORTH ANTRIM
N20002617,25.8,37.1,34.9,-2.2,NORTH ANTRIM
N20002618,17.7,13.6,11.4,-2.2,NORTH ANTRIM
N20002619,8.0,31.5,29.3,-2.2,NORTH ANTRIM
N20002620,20.3,21.6,19.4,-2.2,NORTH ANTRIM
N20002621,14.2,32.4,30.2,-2.2,NORTH ANTRIM
N20002622,5.9,40.2,38.0,-2.2,NORTH ANTRIM
N20002623,11.2,23.9,21.7,-2.2,NORTH ANTRIM
N20002624,25.4,19.7,17.5,-2.2,NORTH ANTRIM
N20002625,9.4,30.7,28.5,-2.2,NORTH ANTRIM
N20002626,1.4,7.2,5.0,-2.2,NORTH ANTRIM
N20002627,8.8,11.3,9.1,-2.2,NORTH ANTRIM
N20002628,17.7,44.2,42.0,-2.2,NORTH ANTRIM
N20002629,6.8,21.5,19.3,-2.2,NORTH ANTRIM
N20002630,20.2,50.0,47.8,-2.2,NORTH ANTRIM
N20002631,7.9,10.8,8.6,-2.2,NORTH ANTRIM
N20002632,10.4,12.5,10.3,-2.2,NORTH ANTRIM
N20002633,17.9,28.4,26.2,-2.2,NORTH ANTRIM
N20002634,17.7,13.9,11.7,-2.2,NORTH ANTRIM
N20002635,13.1,36.8,34.6,-2.2,NORTH ANTRIM
N20002636,11.1,51.6,49.4,-2.2,NORTH ANTRIM
N20002637,11.3,10.7,8.5,-2.2,NORTH ANTRIM
N20002638,18.1,53.9,51.7,-2.2,NORTH ANTRIM
N20002639,41.1,34.2,32.0,-2.2,NORTH ANTRIM
N20002640,89.1,75.1,72.9,-2.2,NORTH ANTRIM
N20002641,90.3,77.3,75.1,-2.2,NORTH ANTRIM
N20002642,62.1,71.5,69.3,-2.2,NORTH ANTRIM
N20002643,51.0,50.2,48.0,-2.2,NORTH ANTRIM
N20002644,3.1,20.3,18.1,-2.2,NORTH ANTRIM
N20002645,6.5,21.5,19.3,-2.2,NORTH ANTRIM
N20002646,42.3,37.3,35.1,-2.2,NORTH ANTRIM
N20002647,9.9,16.9,14.7,-2.2,NORTH ANTRIM
N20002648,4.9,15.1,12.9,-2.2,NORTH ANTRIM
N20002649,26.2,25.8,23.6,-2.2,NORTH ANTRIM
N20002650,10.8,39.6,37.4,-2.2,NORTH ANTRIM
N20002651,7.6,19.1,16.9,-2.2,NORTH ANTRIM
N20002652,7.9,9.8,7.6,-2.2,NORTH ANTRIM
N20002653,6.7,25.4,23.2,-2.2,NORTH ANTRIM
N20002654,2.5,3.4,1.2,-2.2,NORTH ANTRIM
N20002655,45.8,33.4,31.2,-2.2,NORTH ANTRIM
N20002656,5.1,21.6,19.4,-2.2,NORTH ANTRIM
N20002657,4.6,16.7,14.5,-2.2,NORTH ANTRIM
N20002658,28.3,31.0,28.8,-2.2,NORTH ANTRIM
N20002659,6.8,31.6,29.4,-2.2,NORTH ANTRIM
N20002660,4.9,14.7,12.5,-2.2,NORTH ANTRIM
N20002661,6.7,13.5,11.3,-2.2,NORTH ANTRIM
N20002662,8.1,18.6,16.4,-2.2,NORTH ANTRIM
N20002663,20.7,36.3,34.1,-2.2,NORTH ANTRIM
N20002664,20.2,37.0,34.8,-2.2,NORTH ANTRIM
N20002665,4.5,20.0,17.8,-2.2,NORTH ANTRIM
N20002666,13.9,35.0,32.8,-2.2,NORTH ANTRIM
N20002667,13.1,26.0,23.8,-2.2,NORTH ANTRIM
N20002668,12.3,3.5,1.3,-2.2,NORTH ANTRIM
N20002669,7.9,18.6,16.4,-2.2,NORTH ANTRIM
N20002670,7.2,2.4,1.0,-1.4,NORTH ANTRIM
N20002671,8.5,21.0,18.8,-2.2,NORTH ANTRIM
N20002672,9.4,17.5,15.3,-2.2,NORTH ANTRIM
N20002673,2.5,19.7,17.5,-2.2,NORTH ANTRIM
N20002674,20.0,19.0,16.8,-2.2,NORTH ANTRIM
N20002675,6.9,20.2,18.0,-2.2,NORTH ANTRIM
N20002676,9.9,24.9,22.7,-2.2,NORTH ANTRIM
N20002677,7.6,27.7,25.5,-2.2,NORTH ANTRIM
N20002678,5.5,35.5,33.3,-2.2,NORTH ANTRIM
N20002679,2.9,18.8,16.6,-2.2,NORTH ANTRIM
N20002680,4.6,11.9,9.7,-2.2,NORTH ANTRIM
N20002681,5.9,22.7,20.5,-2.2,NORTH ANTRIM
N20002682,5.3,24.6,22.4,-2.2,NORTH ANTRIM
N20002683,4.5,20.4,18.2,-2.2,NORTH ANTRIM
N20002684,8.1,9.0,6.8,-2.2,NORTH ANTRIM
N20002685,59.7,47.6,46.5,-1.1,EAST ANTRIM
N20002686,81.3,65.1,64.0,-1.1,EAST ANTRIM
N20002687,87.4,69.4,68.3,-1.1,EAST ANTRIM
N20002688,85.1,63.6,62.5,-1.1,EAST ANTRIM
N20002689,40.4,26.4,25.3,-1.1,EAST ANTRIM
N20002690,52.0,47.6,46.5,-1.1,EAST ANTRIM
N20002691,46.0,43.2,42.1,-1.1,EAST ANTRIM
N20002692,33.1,21.1,20.0,-1.1,EAST ANTRIM
N20002693,22.2,32.1,31.0,-1.1,EAST ANTRIM
N20002694,29.8,35.0,33.9,-1.1,EAST ANTRIM
N20002695,26.7,28.2,27.1,-1.1,EAST ANTRIM
N20002696,34.5,30.5,29.4,-1.1,EAST ANTRIM
N20002697,34.3,31.4,30.3,-1.1,EAST ANTRIM
N20002698,42.8,49.0,47.9,-1.1,EAST ANTRIM
N20002699,24.7,13.1,12.0,-1.1,EAST ANTRIM
N20002700,27.5,12.1,11.0,-1.1,EAST ANTRIM
N20002701,35.3,39.6,38.5,-1.1,EAST ANTRIM
N20002702,17.8,32.2,31.1,-1.1,EAST ANTRIM
N20002703,26.5,23.5,22.4,-1.1,EAST ANTRIM
N20002704,15.2,36.0,34.9,-1.1,EAST ANTRIM
N20002705,20.8,21.7,20.6,-1.1,EAST ANTRIM
N20002706,28.0,22.8,21.7,-1.1,EAST ANTRIM
N20002707,14.9,28.2,27.1,-1.1,EAST ANTRIM
N20002708,17.4,25.5,24.4,-1.1,EAST ANTRIM
N20002709,7.3,23.9,22.8,-1.1,EAST ANTRIM
N20002710,17.2,39.1,38.0,-1.1,EAST ANTRIM
N20002711,26.2,30.3,29.2,-1.1,EAST ANTRIM
N20002712,20.1,29.1,28.0,-1.1,EAST ANTRIM
N20002713,21.0,25.9,24.8,-1.1,EAST ANTRIM
N20002714,17.7,13.8,12.7,-1.1,EAST ANTRIM
N20002715,32.7,45.1,44.0,-1.1,EAST ANTRIM
N20002716,22.9,39.9,38.8,-1.1,EAST ANTRIM
N20002717,35.4,28.7,27.6,-1.1,EAST ANTRIM
N20002718,35.1,33.2,32.1,-1.1,EAST ANTRIM
N20002719,15.4,28.9,27.8,-1.1,EAST ANTRIM
N20002720,44.1,40.1,39.0,-1.1,EAST ANTRIM
N20002721,44.3,24.9,23.8,-1.1,EAST ANTRIM
N20002722,17.1,39.0,37.9,-1.1,EAST ANTRIM
N20002723,13.0,41.7,40.6,-1.1,EAST ANTRIM
N20002724,27.5,24.3,23.2,-1.1,EAST ANTRIM
N20002725,18.7,15.6,14.5,-1.1,EAST ANTRIM
N20002726,28.9,33.8,32.7,-1.1,EAST ANTRIM
N20002727,32.2,31.4,30.3,-1.1,EAST ANTRIM
N20002728,28.5,16.7,15.6,-1.1,EAST ANTRIM
N20002729,25.8,15.6,14.5,-1.1,EAST ANTRIM
N20002730,19.5,13.5,12.4,-1.1,EAST ANTRIM
N20002731,19.9,22.4,21.3,-1.1,EAST ANTRIM
N20002732,20.3,17.2,16.1,-1.1,EAST ANTRIM
N20002733,29.4,33.1,32.0,-1.1,EAST ANTRIM
N20002734,16.9,33.6,32.5,-1.1,EAST ANTRIM
N20002735,21.5,41.4,40.3,-1.1,EAST ANTRIM
N20002736,16.0,25.0,23.9,-1.1,EAST ANTRIM
N20002737,26.0,21.9,20.8,-1.1,EAST ANTRIM
N20002738,21.7,42.2,41.1,-1.1,EAST ANTRIM
N20002739,6.8,4.2,3.1,-1.1,EAST ANTRIM
N20002740,10.3,32.4,31.3,-1.1,EAST ANTRIM
N20002741,3.8,19.6,18.5,-1.1,EAST ANTRIM
N20002742,8.9,19.9,18.8,-1.1,EAST ANTRIM
N20002743,3.9,13.3,12.2,-1.1,EAST ANTRIM
N20002744,6.9,23.2,22.1,-1.1,EAST ANTRIM
N20002745,4.6,26.2,25.1,-1.1,EAST ANTRIM
N20002746,2.7,19.3,18.2,-1.1,EAST ANTRIM
N20002747,4.5,17.8,16.7,-1.1,EAST ANTRIM
N20002748,6.3,42.1,41.0,-1.1,EAST ANTRIM
N20002749,6.0,40.4,39.3,-1.1,EAST ANTRIM
N20002750,4.1,31.8,30.7,-1.1,EAST ANTRIM
N20002751,6.0,36.2,35.1,-1.1,EAST ANTRIM
N20002752,3.6,25.8,24.7,-1.1,EAST ANTRIM
N20002753,4.9,32.1,31.0,-1.1,EAST ANTRIM
N20002754,13.9,36.0,34.9,-1.1,EAST ANTRIM
N20002755,12.4,14.8,13.7,-1.1,EAST ANTRIM
N20002756,13.5,38.8,37.7,-1.1,EAST ANTRIM
N20002757,16.8,11.8,10.7,-1.1,EAST ANTRIM
N20002758,11.8,11.0,9.9,-1.1,EAST ANTRIM
N20002759,14.5,17.4,16.3,-1.1,EAST ANTRIM
N20002760,17.8,26.4,25.3,-1.1,EAST ANTRIM
N20002761,17.4,14.2,13.1,-1.1,EAST ANTRIM
N20002762,19.4,22.0,20.9,-1.1,EAST ANTRIM
N20002763,6.5,27.2,26.1,-1.1,EAST ANTRIM
N20002764,8.8,16.7,15.6,-1.1,EAST ANTRIM
N20002765,8.5,17.1,16.0,-1.1,EAST ANTRIM
N20002766,5.8,26.5,25.4,-1.1,EAST ANTRIM
N20002767,7.8,33.2,32.1,-1.1,EAST ANTRIM
N20002768,5.7,14.8,13.7,-1.1,EAST ANTRIM
N20002769,9.4,23.4,22.3,-1.1,EAST ANTRIM
N20002770,8.8,25.0,23.9,-1.1,EAST ANTRIM
N20002771,10.7,15.4,14.3,-1.1,EAST ANTRIM
N20002772,1.3,38.4,37.3,-1.1,EAST ANTRIM
N20002773,6.8,23.8,22.7,-1.1,EAST ANTRIM
N20002774,7.1,23.6,22.5,-1.1,EAST ANTRIM
N20002775,6.5,1.0,1.0,0.0,EAST ANTRIM
N20002776,9.5,16.4,15.3,-1.1,EAST ANTRIM
N20002777,6.8,4.3,3.2,-1.1,EAST ANTRIM
N20002778,8.4,23.5,22.4,-1.1,EAST ANTRIM
N20002779,7.2,15.9,14.8,-1.1,EAST ANTRIM
N20002780,7.6,31.8,30.7,-1.1,EAST ANTRIM
N20002781,4.4,23.4,22.3,-1.1,EAST ANTRIM
N20002782,4.4,26.0,24.9,-1.1,EAST ANTRIM
N20002783,7.2,34.3,33.2,-1.1,EAST ANTRIM
N20002784,6.9,17.8,16.7,-1.1,EAST ANTRIM
N20002785,5.9,36.6,35.5,-1.1,EAST ANTRIM
N20002786,10.8,9.0,7.9,-1.1,EAST ANTRIM
N20002787,9.7,22.6,21.5,-1.1,EAST ANTRIM
N20002788,6.6,27.0,25.9,-1.1,EAST ANTRIM
N20002789,15.9,21.5,20.4,-1.1,EAST ANTRIM
N20002790,10.9,27.5,26.4,-1.1,EAST ANTRIM
N20002791,7.9,37.1,36.0,-1.1,EAST ANTRIM
N20002792,11.5,15.6,14.5,-1.1,EAST ANTRIM
N20002793,10.7,34.0,32.9,-1.1,EAST ANTRIM
N20002794,9.6,28.5,27.4,-1.1,EAST ANTRIM
N20002795,8.1,25.0,23.9,-1.1,EAST ANTRIM
N20002796,12.9,42.2,41.1,-1.1,EAST ANTRIM
N20002797,12.8,18.3,17.2,-1.1,EAST ANTRIM
N20002798,17.1,8.6,7.5,-1.1,EAST ANTRIM
N20002799,21.3,32.2,31.1,-1.1,EAST ANTRIM
N20002800,13.8,23.4,22.3,-1.1,EAST ANTRIM
N20002801,14.5,14.8,13.7,-1.1,EAST ANTRIM
N20002802,2.4,17.8,16.7,-1.1,EAST ANTRIM
N20002803,8.2,18.1,17.0,-1.1,EAST ANTRIM
N20002804,7.4,8.5,7.4,-1.1,EAST ANTRIM
N20002805,7.5,4.8,3.7,-1.1,EAST ANTRIM
N20002806,8.6,19.2,18.1,-1.1,EAST ANTRIM
N20002807,7.4,7.7,6.6,-1.1,EAST ANTRIM
N20002808,7.2,4.9,3.8,-1.1,EAST ANTRIM
N20002809,5.9,15.8,14.7,-1.1,EAST ANTRIM
N20002810,6.4,11.1,10.0,-1.1,EAST ANTRIM
N20002811,7.9,41.0,39.9,-1.1,EAST ANTRIM
N20002812,4.7,26.6,25.5,-1.1,EAST ANTRIM
N20002813,4.3,33.8,32.7,-1.1,EAST ANTRIM
N20002814,11.0,17.0,15.9,-1.1,EAST ANTRIM
N20002815,4.2,40.0,38.9,-1.1,EAST ANTRIM
N20002816,5.2,35.5,34.4,-1.1,EAST ANTRIM
N20002817,5.9,29.5,28.4,-1.1,EAST ANTRIM
N20002818,5.3,30.7,29.6,-1.1,EAST ANTRIM
N20002819,5.2,21.8,20.7,-1.1,EAST ANTRIM
N20002820,12.7,20.7,19.6,-1.1,EAST ANTRIM
N20002821,6.0,39.3,38.2,-1.1,EAST ANTRIM
N20002822,9.1,14.9,13.8,-1.1,EAST ANTRIM
N20002823,10.7,8.5,7.4,-1.1,EAST ANTRIM
N20002824,16.9,18.9,17.8,-1.1,EAST ANTRIM
N20002825,12.8,26.3,25.2,-1.1,EAST ANTRIM
N20002826,8.7,10.2,9.1,-1.1,EAST ANTRIM
N20002827,13.3,19.8,18.7,-1.1,EAST ANTRIM
N20002828,12.2,38.3,37.2,-1.1,EAST ANTRIM
N20002829,6.6,28.0,26.9,-1.1,EAST ANTRIM
N20002830,15.2,26.9,25.8,-1.1,EAST ANTRIM
N20002831,10.6,17.0,15.9,-1.1,EAST ANTRIM
N20002832,13.3,12.4,11.3,-1.1,EAST ANTRIM
N20002833,7.7,19.4,18.3,-1.1,EAST ANTRIM
N20002834,7.2,20.2,19.1,-1.1,EAST ANTRIM
N20002835,12.5,40.2,39.1,-1.1,EAST ANTRIM
N20002836,22.2,23.8,22.7,-1.1,EAST ANTRIM
N20002837,68.6,61.0,62.6,1.6,MID ULSTER
N20002838,60.6,74.6,76.2,1.6,MID ULSTER
N20002839,72.7,68.9,70.5,1.6,MID ULSTER
N20002840,45.5,53.0,54.6,1.6,MID ULSTER
N20002841,95.1,99.0,99.0,0.0,MID ULSTER
N20002842,95.9,81.1,82.7,1.6,MID ULSTER
N20002843,62.3,57.7,59.3,1.6,MID ULSTER
N20002844,45.3,62.2,63.8,1.6,MID ULSTER
N20002845,90.0,86.0,87.6,1.6,MID ULSTER
N20002846,11.7,42.4,44.0,1.6,MID ULSTER
N20002847,99.1,89.7,91.3,1.6,MID ULSTER
N20002848,80.5,74.4,76.0,1.6,MID ULSTER
N20002849,82.1,75.4,77.0,1.6,MID ULSTER
N20002850,89.0,80.3,81.9,1.6,MID ULSTER
N20002851,85.0,88.2,89.8,1.6,MID ULSTER
N20002852,93.9,63.4,65.0,1.6,MID ULSTER
N20002853,24.9,40.7,42.3,1.6,MID ULSTER
N20002854,91.3,67.6,69.2,1.6,MID ULSTER
N20002855,53.8,40.1,41.7,1.6,MID ULSTER
N20002856,90.2,77.7,79.3,1.6,MID ULSTER
N20002857,34.3,35.2,36.8,1.6,MID ULSTER
N20002858,82.3,54.2,55.8,1.6,MID ULSTER
N20002859,95.5,84.8,86.4,1.6,MID ULSTER
N20002860,86.2,73.3,74.9,1.6,MID ULSTER
N20002861,93.5,88.8,90.4,1.6,MID ULSTER
N20002862,93.3,69.0,70.6,1.6,MID ULSTER
N20002863,90.6,83.2,84.8,1.6,MID ULSTER
N20002864,98.7,70.3,71.9,1.6,MID ULSTER
N20002865,89.6,79.8,81.4,1.6,MID ULSTER
N20002866,91.6,77.7,79.3,1.6,MID ULSTER
N20002867,12.9,39.4,41.0,1.6,MID ULSTER
N20002868,74.1,85.5,87.1,1.6,MID ULSTER
N20002869,91.4,75.6,77.2,1.6,MID ULSTER
N20002870,87.3,93.1,94.7,1.6,MID ULSTER
N20002871,57.3,61.8,63.4,1.6,MID ULSTER
N20002872,27.5,33.0,34.6,1.6,MID ULSTER
N20002873,96.8,75.3,76.9,1.6,MID ULSTER
N20002874,93.7,83.4,85.0,1.6,MID ULSTER
N20002875,92.0,66.6,68.2,1.6,MID ULSTER
N20002876,30.1,37.0,38.6,1.6,MID ULSTER
N20002877,60.3,60.2,61.8,1.6,MID ULSTER
N20002878,94.7,75.4,77.0,1.6,MID ULSTER
N20002879,46.7,57.2,58.8,1.6,MID ULSTER
N20002880,56.0,63.4,65.0,1.6,MID ULSTER
N20002881,33.7,45.2,46.8,1.6,MID ULSTER
N20002882,81.7,65.3,66.9,1.6,MID ULSTER
N20002883,49.1,53.2,54.8,1.6,MID ULSTER
N20002884,53.6,80.2,81.8,1.6,MID ULSTER
N20002885,93.3,87.4,89.0,1.6,MID ULSTER
N20002886,48.7,45.7,47.3,1.6,MID ULSTER
N20002887,91.9,76.2,77.8,1.6,MID ULSTER
N20002888,91.9,77.7,79.3,1.6,MID ULSTER
N20002889,36.7,47.2,48.8,1.6,MID ULSTER
N20002890,88.4,80.2,81.8,1.6,MID ULSTER
N20002891,52.4,63.7,65.3,1.6,MID ULSTER
N20002892,81.0,76.0,77.6,1.6,MID ULSTER
N20002893,77.6,75.0,76.6,1.6,MID ULSTER
N20002894,76.9,58.7,60.3,1.6,MID ULSTER
N20002895,71.5,66.0,67.6,1.6,MID ULSTER
N20002896,59.8,69.6,71.2,1.6,MID ULSTER
N20002897,62.9,63.5,65.1,1.6,MID ULSTER
N20002898,64.1,46.1,47.7,1.6,MID ULSTER
N20002899,49.7,53.0,54.6,1.6,MID ULSTER
N20002900,71.5,73.8,75.4,1.6,MID ULSTER
N20002901,62.4,52.7,54.3,1.6,MID ULSTER
N20002902,53.6,46.7,48.3,1.6,MID ULSTER
N20002903,69.1,74.3,75.9,1.6,MID ULSTER
N20002904,60.6,52.2,53.8,1.6,MID ULSTER
N20002905,49.3,56.3,57.9,1.6,MID ULSTER
N20002906,81.3,73.6,75.2,1.6,MID ULSTER
N20002907,33.5,32.1,33.7,1.6,MID ULSTER
N20002908,62.4,52.4,54.0,1.6,MID ULSTER
N20002909,55.4,50.7,52.3,1.6,MID ULSTER
N20002910,58.7,47.9,49.5,1.6,MID ULSTER
N20002911,64.9,61.0,62.6,1.6,MID ULSTER
N20002912,52.5,56.9,58.5,1.6,MID ULSTER
N20002913,18.9,32.6,34.2,1.6,MID ULSTER
N20002914,39.8,46.0,47.6,1.6,MID ULSTER
N20002915,36.3,39.6,41.2,1.6,MID ULSTER
N20002916,83.1,87.4,89.0,1.6,MID ULSTER
N20002917,62.1,48.2,49.8,1.6,MID ULSTER
N20002918,70.3,56.1,57.7,1.6,MID ULSTER
N20002919,59.0,63.7,65.3,1.6,MID ULSTER
N20002920,39.0,41.2,42.8,1.6,MID ULSTER
N20002921,35.2,40.8,42.4,1.6,MID ULSTER
N20002922,47.9,45.0,46.6,1.6,MID ULSTER
N20002923,51.9,44.7,46.3,1.6,MID ULSTER
N20002924,43.3,48.0,49.6,1.6,MID ULSTER
N20002925,59.4,67.9,69.5,1.6,MID ULSTER
N20002926,28.4,32.3,33.9,1.6,MID ULSTER
N20002927,83.4,61.1,62.7,1.6,MID ULSTER
N20002928,44.4,51.4,53.0,1.6,MID ULSTER
N20002929,96.3,77.4,79.0,1.6,MID ULSTER
N20002930,82.4,74.8,76.4,1.6,MID ULSTER
N20002931,28.0,31.7,33.3,1.6,MID ULSTER
N20002932,29.3,35.2,36.8,1.6,MID ULSTER
N20002933,83.8,77.1,78.7,1.6,MID ULSTER
N20002934,19.9,36.6,38.2,1.6,MID ULSTER
N20002935,14.5,15.4,17.0,1.6,MID ULSTER
N20002936,98.1,91.7,93.3,1.6,MID ULSTER
N20002937,38.7,40.9,42.5,1.6,MID ULSTER
N20002938,9.6,38.8,40.4,1.6,MID ULSTER
N20002939,15.6,32.2,33.8,1.6,MID ULSTER
N20002940,38.3,39.0,40.6,1.6,MID ULSTER
N20002941,57.4,56.9,58.5,1.6,MID ULSTER
N20002942,45.1,35.9,37.5,1.6,MID ULSTER
N20002943,59.7,60.1,61.7,1.6,MID ULSTER
N20002944,25.5,22.5,24.1,1.6,MID ULSTER
N20002945,81.9,65.6,67.2,1.6,MID ULSTER
N20002946,71.7,51.1,52.7,1.6,MID ULSTER
N20002947,52.6,67.1,68.7,1.6,MID ULSTER
N20002948,91.6,64.6,66.2,1.6,MID ULSTER
N20002949,68.8,62.9,64.5,1.6,MID ULSTER
N20002950,61.0,23.6,25.2,1.6,MID ULSTER
N20002951,47.3,44.5,46.1,1.6,MID ULSTER
N20002952,25.3,39.4,41.0,1.6,MID ULSTER
N20002953,64.5,54.3,55.9,1.6,MID ULSTER
N20002954,70.3,65.3,66.9,1.6,MID ULSTER
N20002955,74.2,61.6,63.2,1.6,MID ULSTER
N20002956,89.9,70.4,72.0,1.6,MID ULSTER
N20002957,75.7,66.7,68.3,1.6,MID ULSTER
N20002958,72.6,62.8,64.4,1.6,MID ULSTER
N20002959,76.2,59.5,61.1,1.6,MID ULSTER
N20002960,25.7,42.9,44.5,1.6,MID ULSTER
N20002961,71.9,64.9,66.5,1.6,MID ULSTER
N20002962,65.4,72.5,74.1,1.6,MID ULSTER
N20002963,69.3,59.4,61.0,1.6,MID ULSTER
N20002964,57.8,47.5,49.1,1.6,MID ULSTER
N20002965,67.2,57.5,59.1,1.6,MID ULSTER
N20002966,83.8,75.7,77.3,1.6,MID ULSTER
N20002967,27.0,31.6,33.2,1.6,MID ULSTER
N20002968,17.7,27.0,28.6,1.6,MID ULSTER
N20002969,24.1,41.0,42.6,1.6,MID ULSTER
N20002970,88.6,90.8,92.4,1.6,MID ULSTER
N20002971,60.5,60.9,62.5,1.6,MID ULSTER
N20002972,91.5,54.9,56.5,1.6,MID ULSTER
N20002973,74.3,72.0,73.6,1.6,MID ULSTER
N20002974,65.9,50.5,52.1,1.6,MID ULSTER
N20002975,98.2,74.0,75.6,1.6,MID ULSTER
N20002976,97.8,79.6,81.2,1.6,MID ULSTER
N20002977,98.0,73.3,74.9,1.6,MID ULSTER
N20002978,97.0,99.0,99.0,0.0,MID ULSTER
N20002979,18.8,26.0,27.6,1.6,MID ULSTER
N20002980,93.0,83.5,85.1,1.6,MID ULSTER
N20002981,15.4,14.7,16.3,1.6,MID ULSTER
N20002982,86.9,86.2,87.8,1.6,MID ULSTER
N20002983,73.9,56.9,58.5,1.6,MID ULSTER
N20002984,73.2,46.8,48.4,1.6,MID ULSTER
N20002985,12.3,26.8,28.4,1.6,MID ULSTER
N20002986,65.6,62.0,63.6,1.6,MID ULSTER
N20002987,45.6,48.4,50.0,1.6,MID ULSTER
N20002988,67.8,61.2,62.8,1.6,MID ULSTER
N20002989,87.5,88.4,90.0,1.6,MID ULSTER
N20002990,84.0,83.5,85.1,1.6,MID ULSTER
N20002991,94.6,83.7,85.3,1.6,MID ULSTER
N20002992,59.1,60.1,61.7,1.6,MID ULSTER
N20002993,90.2,85.9,87.5,1.6,MID ULSTER
N20002994,23.7,52.2,53.8,1.6,MID ULSTER
N20002995,92.9,70.3,71.9,1.6,MID ULSTER
N20002996,53.6,32.2,33.8,1.6,MID ULSTER
N20002997,92.9,73.0,74.6,1.6,MID ULSTER
N20002998,89.3,87.9,89.5,1.6,MID ULSTER
N20002999,90.7,80.8,82.4,1.6,MID ULSTER
N20003000,98.6,92.2,93.8,1.6,MID ULSTER
N20003001,94.0,77.5,79.1,1.6,MID ULSTER
N20003002,81.4,76.4,78.0,1.6,MID ULSTER
N20003003,84.3,54.0,55.6,1.6,MID ULSTER
N20003004,37.8,30.2,31.8,1.6,MID ULSTER
N20003005,87.4,51.3,52.9,1.6,MID ULSTER
N20003006,87.5,70.0,71.6,1.6,MID ULSTER
N20003007,84.1,69.4,71.0,1.6,MID ULSTER
N20003008,80.6,63.5,65.1,1.6,MID ULSTER
N20003009,83.2,69.3,70.9,1.6,MID ULSTER
N20003010,90.6,47.5,49.1,1.6,MID ULSTER
N20003011,89.7,50.7,52.3,1.6,MID ULSTER
N20003012,93.4,91.2,92.8,1.6,MID ULSTER
N20003013,88.4,75.7,77.3,1.6,MID ULSTER
N20003014,90.3,60.1,61.7,1.6,MID ULSTER
N20003015,98.4,75.1,76.7,1.6,MID ULSTER
N20003016,98.1,80.2,81.8,1.6,MID ULSTER
N20003017,97.8,78.2,79.8,1.6,MID ULSTER
N20003018,76.3,56.1,57.7,1.6,MID ULSTER
N20003019,58.6,71.9,73.5,1.6,MID ULSTER
N20003020,82.1,54.5,54.6,0.1,FERMANAGH AND SOUTH TYRONE
N20003021,79.6,75.4,75.5,0.1,FERMANAGH AND SOUTH TYRONE
N20003022,84.2,49.3,49.4,0.1,FERMANAGH AND SOUTH TYRONE
N20003023,87.9,67.4,67.5,0.1,FERMANAGH AND SOUTH TYRONE
N20003024,49.3,62.3,62.4,0.1,FERMANAGH AND SOUTH TYRONE
N20003025,87.8,78.1,78.2,0.1,FERMANAGH AND SOUTH TYRONE
N20003026,83.5,44.9,45.0,0.1,FERMANAGH AND SOUTH TYRONE
N20003027,40.2,24.7,24.8,0.1,FERMANAGH AND SOUTH TYRONE
N20003028,82.8,57.2,57.3,0.1,FERMANAGH AND SOUTH TYRONE
N20003029,82.0,37.5,37.6,0.1,FERMANAGH AND SOUTH TYRONE
N20003030,85.1,54.9,55.0,0.1,FERMANAGH AND SOUTH TYRONE
N20003031,73.3,55.3,55.4,0.1,FERMANAGH AND SOUTH TYRONE
N20003032,83.4,58.6,58.7,0.1,FERMANAGH AND SOUTH TYRONE
N20003033,88.4,50.0,50.1,0.1,FERMANAGH AND SOUTH TYRONE
N20003034,73.2,24.6,24.7,0.1,FERMANAGH AND SOUTH TYRONE
N20003035,92.3,44.7,44.8,0.1,FERMANAGH AND SOUTH TYRONE
N20003036,49.9,64.0,64.1,0.1,FERMANAGH AND SOUTH TYRONE
N20003037,81.1,1.0,1.1,0.1,FERMANAGH AND SOUTH TYRONE
N20003038,63.1,18.6,18.7,0.1,FERMANAGH AND SOUTH TYRONE
N20003039,57.6,28.8,28.9,0.1,FERMANAGH AND SOUTH TYRONE
N20003040,45.9,26.2,26.3,0.1,FERMANAGH AND SOUTH TYRONE
N20003041,90.5,31.5,31.6,0.1,FERMANAGH AND SOUTH TYRONE
N20003042,83.2,42.9,43.0,0.1,FERMANAGH AND SOUTH TYRONE
N20003043,55.5,1.3,1.4,0.1,FERMANAGH AND SOUTH TYRONE
N20003044,53.8,34.9,35.0,0.1,FERMANAGH AND SOUTH TYRONE
N20003045,49.3,34.3,34.4,0.1,FERMANAGH AND SOUTH TYRONE
N20003046,59.6,22.1,22.2,0.1,FERMANAGH AND SOUTH TYRONE
N20003047,57.8,37.4,37.5,0.1,FERMANAGH AND SOUTH TYRONE
N20003048,19.1,29.7,29.8,0.1,FERMANAGH AND SOUTH TYRONE
N20003049,45.0,29.0,29.1,0.1,FERMANAGH AND SOUTH TYRONE
N20003050,53.1,49.1,49.2,0.1,FERMANAGH AND SOUTH TYRONE
N20003051,46.8,32.3,32.4,0.1,FERMANAGH AND SOUTH TYRONE
N20003052,11.9,23.8,23.9,0.1,FERMANAGH AND SOUTH TYRONE
N20003053,2.3,20.4,20.5,0.1,FERMANAGH AND SOUTH TYRONE
N20003054,42.2,28.4,28.5,0.1,FERMANAGH AND SOUTH TYRONE
N20003055,35.2,25.5,25.6,0.1,FERMANAGH AND SOUTH TYRONE
N20003056,38.8,50.5,50.6,0.1,FERMANAGH AND SOUTH TYRONE
N20003057,48.0,37.1,37.2,0.1,FERMANAGH AND SOUTH TYRONE
N20003058,75.2,69.1,69.2,0.1,FERMANAGH AND SOUTH TYRONE
N20003059,69.1,73.9,74.0,0.1,FERMANAGH AND SOUTH TYRONE
N20003060,76.7,61.4,61.5,0.1,FERMANAGH AND SOUTH TYRONE
N20003061,84.1,68.3,68.4,0.1,FERMANAGH AND SOUTH TYRONE
N20003062,68.3,54.6,54.7,0.1,FERMANAGH AND SOUTH TYRONE
N20003063,92.8,80.4,82.0,1.6,MID ULSTER
N20003064,85.1,73.9,75.5,1.6,MID ULSTER
N20003065,62.4,57.0,57.1,0.1,FERMANAGH AND SOUTH TYRONE
N20003066,47.5,39.3,39.4,0.1,FERMANAGH AND SOUTH TYRONE
N20003067,81.8,56.4,56.5,0.1,FERMANAGH AND SOUTH TYRONE
N20003068,87.2,74.8,74.9,0.1,FERMANAGH AND SOUTH TYRONE
N20003069,50.1,33.5,33.6,0.1,FERMANAGH AND SOUTH TYRONE
N20003070,42.9,43.5,43.6,0.1,FERMANAGH AND SOUTH TYRONE
N20003071,57.6,45.1,45.2,0.1,FERMANAGH AND SOUTH TYRONE
N20003072,43.0,45.9,46.0,0.1,FERMANAGH AND SOUTH TYRONE
N20003073,77.0,79.4,79.5,0.1,FERMANAGH AND SOUTH TYRONE
N20003074,50.9,53.2,53.3,0.1,FERMANAGH AND SOUTH TYRONE
N20003075,76.9,66.3,66.4,0.1,FERMANAGH AND SOUTH TYRONE
N20003076,83.2,46.5,46.6,0.1,FERMANAGH AND SOUTH TYRONE
N20003077,56.1,57.2,57.3,0.1,FERMANAGH AND SOUTH TYRONE
N20003078,79.5,81.1,81.2,0.1,FERMANAGH AND SOUTH TYRONE
N20003079,66.9,76.5,76.6,0.1,FERMANAGH AND SOUTH TYRONE
N20003080,40.6,46.9,47.0,0.1,FERMANAGH AND SOUTH TYRONE
N20003081,49.1,46.5,46.6,0.1,FERMANAGH AND SOUTH TYRONE
N20003082,71.5,63.0,63.1,0.1,FERMANAGH AND SOUTH TYRONE
N20003083,55.1,61.6,61.7,0.1,FERMANAGH AND SOUTH TYRONE
N20003084,30.8,24.3,24.4,0.1,FERMANAGH AND SOUTH TYRONE
N20003085,48.9,50.0,50.1,0.1,FERMANAGH AND SOUTH TYRONE
N20003086,57.6,43.5,43.6,0.1,FERMANAGH AND SOUTH TYRONE
N20003087,56.4,56.3,56.4,0.1,FERMANAGH AND SOUTH TYRONE
N20003088,52.2,40.0,40.1,0.1,FERMANAGH AND SOUTH TYRONE
N20003089,60.8,58.0,58.1,0.1,FERMANAGH AND SOUTH TYRONE
N20003090,48.0,48.8,48.9,0.1,FERMANAGH AND SOUTH TYRONE
N20003091,50.0,52.1,52.2,0.1,FERMANAGH AND SOUTH TYRONE
N20003092,44.7,46.0,46.1,0.1,FERMANAGH AND SOUTH TYRONE
N20003093,46.5,40.9,41.0,0.1,FERMANAGH AND SOUTH TYRONE
N20003094,14.8,27.1,27.2,0.1,FERMANAGH AND SOUTH TYRONE
N20003095,23.1,27.8,27.9,0.1,FERMANAGH AND SOUTH TYRONE
N20003096,87.5,72.8,72.9,0.1,FERMANAGH AND SOUTH TYRONE
N20003097,15.5,22.8,22.9,0.1,FERMANAGH AND SOUTH TYRONE
N20003098,42.1,39.9,40.0,0.1,FERMANAGH AND SOUTH TYRONE
N20003099,19.0,18.2,18.3,0.1,FERMANAGH AND SOUTH TYRONE
N20003100,42.0,64.8,64.9,0.1,FERMANAGH AND SOUTH TYRONE
N20003101,59.8,63.9,64.0,0.1,NEWRY AND ARMAGH
N20003102,33.3,41.8,41.9,0.1,NEWRY AND ARMAGH
N20003103,57.0,51.8,51.9,0.1,NEWRY AND ARMAGH
N20003104,49.6,62.1,62.2,0.1,NEWRY AND ARMAGH
N20003105,38.1,48.5,48.6,0.1,NEWRY AND ARMAGH
N20003106,91.4,86.5,86.6,0.1,NEWRY AND ARMAGH
N20003107,78.5,67.1,67.2,0.1,NEWRY AND ARMAGH
N20003108,60.7,44.5,44.6,0.1,NEWRY AND ARMAGH
N20003109,57.6,76.7,76.8,0.1,NEWRY AND ARMAGH
N20003110,74.1,73.8,73.9,0.1,NEWRY AND ARMAGH
N20003111,85.7,80.0,80.1,0.1,NEWRY AND ARMAGH
N20003112,84.5,74.5,74.6,0.1,NEWRY AND ARMAGH
N20003113,76.6,61.6,61.7,0.1,NEWRY AND ARMAGH
N20003114,88.1,82.0,82.1,0.1,NEWRY AND ARMAGH
N20003115,92.3,77.9,78.0,0.1,NEWRY AND ARMAGH
N20003116,89.7,48.1,48.2,0.1,NEWRY AND ARMAGH
N20003117,88.5,72.6,72.7,0.1,NEWRY AND ARMAGH
N20003118,86.6,74.2,74.3,0.1,NEWRY AND ARMAGH
N20003119,72.9,59.4,59.5,0.1,NEWRY AND ARMAGH
N20003120,88.8,80.7,80.8,0.1,NEWRY AND ARMAGH
N20003121,90.3,86.5,86.6,0.1,NEWRY AND ARMAGH
N20003122,97.9,98.5,98.6,0.1,NEWRY AND ARMAGH
N20003123,91.4,76.4,76.5,0.1,NEWRY AND ARMAGH
N20003124,96.0,91.7,91.8,0.1,NEWRY AND ARMAGH
N20003125,36.2,51.0,51.1,0.1,NEWRY AND ARMAGH
N20003126,92.3,80.9,81.0,0.1,NEWRY AND ARMAGH
N20003127,89.2,71.0,71.1,0.1,NEWRY AND ARMAGH
N20003128,79.5,87.5,87.6,0.1,NEWRY AND ARMAGH
N20003129,96.1,82.3,82.4,0.1,NEWRY AND ARMAGH
N20003130,94.0,53.4,53.5,0.1,NEWRY AND ARMAGH
N20003131,91.4,87.0,87.1,0.1,NEWRY AND ARMAGH
N20003132,88.9,98.7,98.8,0.1,NEWRY AND ARMAGH
N20003133,95.6,94.3,94.4,0.1,NEWRY AND ARMAGH
N20003134,91.3,88.3,88.4,0.1,NEWRY AND ARMAGH
N20003135,92.6,64.7,64.8,0.1,NEWRY AND ARMAGH
N20003136,90.9,99.0,99.0,0.0,NEWRY AND ARMAGH
N20003137,94.0,85.6,85.7,0.1,NEWRY AND ARMAGH
N20003138,93.5,76.0,76.1,0.1,NEWRY AND ARMAGH
N20003139,95.2,90.7,90.8,0.1,NEWRY AND ARMAGH
N20003140,97.9,85.7,85.8,0.1,NEWRY AND ARMAGH
N20003141,95.8,77.1,77.2,0.1,NEWRY AND ARMAGH
N20003142,94.3,78.9,79.0,0.1,NEWRY AND ARMAGH
N20003143,95.8,93.3,93.4,0.1,NEWRY AND ARMAGH
N20003144,93.5,87.9,88.0,0.1,NEWRY AND ARMAGH
N20003145,96.3,80.4,80.5,0.1,NEWRY AND ARMAGH
N20003146,94.1,62.7,62.8,0.1,NEWRY AND ARMAGH
N20003147,91.0,76.8,76.9,0.1,NEWRY AND ARMAGH
N20003148,97.0,80.4,80.5,0.1,NEWRY AND ARMAGH
N20003149,94.7,83.0,83.1,0.1,NEWRY AND ARMAGH
N20003150,94.9,83.1,83.2,0.1,NEWRY AND ARMAGH
N20003151,94.5,77.3,77.4,0.1,NEWRY AND ARMAGH
N20003152,93.9,86.7,86.8,0.1,NEWRY AND ARMAGH
N20003153,95.6,73.8,73.9,0.1,NEWRY AND ARMAGH
N20003154,53.1,57.8,57.9,0.1,NEWRY AND ARMAGH
N20003155,85.2,76.2,77.4,1.2,SOUTH DOWN
N20003156,88.8,78.3,79.5,1.2,SOUTH DOWN
N20003157,91.2,76.1,76.2,0.1,NEWRY AND ARMAGH
N20003158,77.3,53.2,53.3,0.1,NEWRY AND ARMAGH
N20003159,90.4,59.8,59.9,0.1,NEWRY AND ARMAGH
N20003160,87.1,53.6,54.8,1.2,SOUTH DOWN
N20003161,76.8,56.6,56.7,0.1,NEWRY AND ARMAGH
N20003162,89.4,64.3,64.4,0.1,NEWRY AND ARMAGH
N20003163,83.1,65.9,66.0,0.1,NEWRY AND ARMAGH
N20003164,90.0,68.1,68.2,0.1,NEWRY AND ARMAGH
N20003165,88.4,92.6,92.7,0.1,NEWRY AND ARMAGH
N20003166,93.8,75.7,75.8,0.1,NEWRY AND ARMAGH
N20003167,94.6,75.3,75.4,0.1,NEWRY AND ARMAGH
N20003168,85.8,68.6,68.7,0.1,NEWRY AND ARMAGH
N20003169,90.7,79.6,79.7,0.1,NEWRY AND ARMAGH
N20003170,84.8,79.3,79.4,0.1,NEWRY AND ARMAGH
N20003171,84.5,48.5,48.6,0.1,NEWRY AND ARMAGH
N20003172,80.5,73.9,74.0,0.1,NEWRY AND ARMAGH
N20003173,91.7,76.1,76.2,0.1,NEWRY AND ARMAGH
N20003174,82.8,51.0,51.1,0.1,NEWRY AND ARMAGH
N20003175,88.1,49.4,49.5,0.1,NEWRY AND ARMAGH
N20003176,87.2,60.4,60.5,0.1,NEWRY AND ARMAGH
N20003177,88.8,74.7,74.8,0.1,NEWRY AND ARMAGH
N20003178,80.0,67.6,67.7,0.1,NEWRY AND ARMAGH
N20003179,72.6,62.1,62.2,0.1,NEWRY AND ARMAGH
N20003180,86.0,87.1,87.2,0.1,NEWRY AND ARMAGH
N20003181,85.3,74.3,74.4,0.1,NEWRY AND ARMAGH
N20003182,88.8,67.1,67.2,0.1,NEWRY AND ARMAGH
N20003183,91.9,69.3,69.4,0.1,NEWRY AND ARMAGH
N20003184,95.4,79.1,79.2,0.1,NEWRY AND ARMAGH
N20003185,85.9,43.7,43.8,0.1,NEWRY AND ARMAGH
N20003186,93.4,77.6,77.7,0.1,NEWRY AND ARMAGH
N20003187,87.6,58.8,58.9,0.1,NEWRY AND ARMAGH
N20003188,93.2,74.7,74.8,0.1,NEWRY AND ARMAGH
N20003189,86.8,72.4,72.5,0.1,NEWRY AND ARMAGH
N20003190,72.6,38.7,38.8,0.1,NEWRY AND ARMAGH
N20003191,92.3,71.8,71.9,0.1,NEWRY AND ARMAGH
N20003192,92.1,77.0,77.1,0.1,NEWRY AND ARMAGH
N20003193,84.2,66.3,66.4,0.1,NEWRY AND ARMAGH
N20003194,94.8,72.9,73.0,0.1,NEWRY AND ARMAGH
N20003195,90.0,75.4,75.5,0.1,NEWRY AND ARMAGH
N20003196,86.1,69.3,69.4,0.1,NEWRY AND ARMAGH
N20003197,91.6,77.7,77.8,0.1,NEWRY AND ARMAGH
N20003198,90.7,55.8,55.9,0.1,NEWRY AND ARMAGH
N20003199,87.2,74.9,75.0,0.1,NEWRY AND ARMAGH
N20003200,91.9,78.1,78.2,0.1,NEWRY AND ARMAGH
N20003201,94.0,85.1,85.2,0.1,NEWRY AND ARMAGH
N20003202,92.6,77.9,78.0,0.1,NEWRY AND ARMAGH
N20003203,96.6,72.7,72.8,0.1,NEWRY AND ARMAGH
N20003204,92.9,78.2,78.3,0.1,NEWRY AND ARMAGH
N20003205,96.2,69.6,69.7,0.1,NEWRY AND ARMAGH
N20003206,95.6,99.0,99.0,0.0,NEWRY AND ARMAGH
N20003207,87.4,67.1,68.3,1.2,SOUTH DOWN
N20003208,39.7,52.5,53.7,1.2,SOUTH DOWN
N20003209,47.5,33.6,34.8,1.2,SOUTH DOWN
N20003210,70.2,63.3,64.5,1.2,SOUTH DOWN
N20003211,87.1,81.2,82.4,1.2,SOUTH DOWN
N20003212,72.3,68.7,68.8,0.1,NEWRY AND ARMAGH
N20003213,60.4,62.6,63.8,1.2,SOUTH DOWN
N20003214,69.0,62.0,63.2,1.2,SOUTH DOWN
N20003215,65.1,69.5,70.7,1.2,SOUTH DOWN
N20003216,81.6,63.8,65.0,1.2,SOUTH DOWN
N20003217,91.3,77.2,78.4,1.2,SOUTH DOWN
N20003218,93.1,72.3,73.5,1.2,SOUTH DOWN
N20003219,86.1,62.1,63.3,1.2,SOUTH DOWN
N20003220,94.1,76.3,77.5,1.2,SOUTH DOWN
N20003221,88.7,77.4,78.6,1.2,SOUTH DOWN
N20003222,87.8,92.6,93.8,1.2,SOUTH DOWN
N20003223,91.3,89.2,90.4,1.2,SOUTH DOWN
N20003224,95.4,77.6,78.8,1.2,SOUTH DOWN
N20003225,95.1,78.0,79.2,1.2,SOUTH DOWN
N20003226,95.7,91.1,92.3,1.2,SOUTH DOWN
N20003227,96.7,82.1,83.3,1.2,SOUTH DOWN
N20003228,88.8,57.5,58.7,1.2,SOUTH DOWN
N20003229,85.6,77.3,78.5,1.2,SOUTH DOWN
N20003230,94.0,51.8,53.0,1.2,SOUTH DOWN
N20003231,95.0,74.4,75.6,1.2,SOUTH DOWN
N20003232,91.0,62.4,63.6,1.2,SOUTH DOWN
N20003233,89.9,99.0,99.0,0.0,SOUTH DOWN
N20003234,92.9,74.9,76.1,1.2,SOUTH DOWN
N20003235,85.4,64.5,65.7,1.2,SOUTH DOWN
N20003236,87.7,74.7,75.9,1.2,SOUTH DOWN
N20003237,88.0,60.2,61.4,1.2,SOUTH DOWN
N20003238,84.5,63.2,64.4,1.2,SOUTH DOWN
N20003239,90.9,66.7,67.9,1.2,SOUTH DOWN
N20003240,87.5,62.8,64.0,1.2,SOUTH DOWN
N20003241,83.6,72.6,73.8,1.2,SOUTH DOWN
N20003242,77.7,73.1,74.3,1.2,SOUTH DOWN
N20003243,88.3,69.9,71.1,1.2,SOUTH DOWN
N20003244,93.3,85.0,86.2,1.2,SOUTH DOWN
N20003245,94.4,45.2,46.4,1.2,SOUTH DOWN
N20003246,87.0,81.3,82.5,1.2,SOUTH DOWN
N20003247,83.2,71.9,73.1,1.2,SOUTH DOWN
N20003248,84.4,43.3,44.5,1.2,SOUTH DOWN
N20003249,81.7,71.7,72.9,1.2,SOUTH DOWN
N20003250,88.2,81.1,82.3,1.2,SOUTH DOWN
N20003251,83.9,51.0,52.2,1.2,SOUTH DOWN
N20003252,89.0,68.2,69.4,1.2,SOUTH DOWN
N20003253,80.9,64.9,66.1,1.2,SOUTH DOWN
N20003254,84.6,60.5,61.7,1.2,SOUTH DOWN
N20003255,73.1,50.5,51.7,1.2,SOUTH DOWN
N20003256,76.9,24.3,25.5,1.2,SOUTH DOWN
N20003257,74.3,64.3,65.5,1.2,SOUTH DOWN
N20003258,88.4,89.1,90.3,1.2,SOUTH DOWN
N20003259,64.0,75.7,76.9,1.2,SOUTH DOWN
N20003260,94.8,95.2,96.4,1.2,SOUTH DOWN
N20003261,67.5,67.1,68.3,1.2,SOUTH DOWN
N20003262,69.2,75.1,76.3,1.2,SOUTH DOWN
N20003263,77.6,71.2,72.4,1.2,SOUTH DOWN
N20003264,73.0,52.8,54.0,1.2,SOUTH DOWN
N20003265,81.6,73.0,74.2,1.2,SOUTH DOWN
N20003266,68.9,59.7,60.9,1.2,SOUTH DOWN
N20003267,79.4,68.3,69.5,1.2,SOUTH DOWN
N20003268,66.3,39.3,40.5,1.2,SOUTH DOWN
N20003269,80.2,71.9,73.1,1.2,SOUTH DOWN
N20003270,66.3,63.7,64.9,1.2,SOUTH DOWN
N20003271,66.7,63.6,64.8,1.2,SOUTH DOWN
N20003272,67.6,71.0,72.2,1.2,SOUTH DOWN
N20003273,67.4,50.0,51.2,1.2,SOUTH DOWN
N20003274,69.6,76.2,77.4,1.2,SOUTH DOWN
N20003275,62.0,56.6,57.8,1.2,SOUTH DOWN
N20003276,87.9,84.1,85.3,1.2,SOUTH DOWN
N20003277,61.2,56.7,57.9,1.2,SOUTH DOWN
N20003278,48.5,34.3,35.5,1.2,SOUTH DOWN
N20003279,61.2,63.4,64.6,1.2,SOUTH DOWN
N20003280,93.1,97.8,99.0,1.2,SOUTH DOWN
N20003281,59.0,43.0,44.2,1.2,SOUTH DOWN
N20003282,65.2,82.1,83.3,1.2,SOUTH DOWN
N20003283,71.6,79.3,80.5,1.2,SOUTH DOWN
N20003284,78.0,63.9,65.1,1.2,SOUTH DOWN
N20003285,25.6,31.6,32.8,1.2,SOUTH DOWN
N20003286,9.7,34.1,35.3,1.2,SOUTH DOWN
N20003287,5.2,36.1,37.3,1.2,SOUTH DOWN
N20003288,35.8,38.2,39.4,1.2,SOUTH DOWN
N20003289,57.7,49.8,51.0,1.2,SOUTH DOWN
N20003290,65.1,59.6,60.8,1.2,SOUTH DOWN
N20003291,64.3,57.3,58.5,1.2,SOUTH DOWN
N20003292,23.7,50.2,51.4,1.2,SOUTH DOWN
N20003293,42.4,48.9,50.1,1.2,SOUTH DOWN
N20003294,58.2,75.2,76.4,1.2,SOUTH DOWN
N20003295,80.3,64.7,65.9,1.2,SOUTH DOWN
N20003296,55.6,72.7,73.9,1.2,SOUTH DOWN
N20003297,39.6,49.1,50.3,1.2,SOUTH DOWN
N20003298,8.2,41.1,42.3,1.2,SOUTH DOWN
N20003299,75.5,80.4,81.6,1.2,SOUTH DOWN
N20003300,15.1,36.5,37.7,1.2,SOUTH DOWN
N20003301,26.9,35.5,36.7,1.2,SOUTH DOWN
N20003302,89.6,75.4,76.6,1.2,SOUTH DOWN
N20003303,47.9,79.7,80.9,1.2,SOUTH DOWN
N20003304,54.6,73.2,74.4,1.2,SOUTH DOWN
N20003305,15.7,42.7,43.9,1.2,SOUTH DOWN
N20003306,14.1,28.9,30.1,1.2,SOUTH DOWN
N20003307,16.4,26.5,27.7,1.2,SOUTH DOWN
N20003308,44.2,50.3,51.5,1.2,SOUTH DOWN
N20003309,52.4,48.3,49.5,1.2,SOUTH DOWN
N20003310,49.8,52.7,53.9,1.2,SOUTH DOWN
N20003311,37.2,32.5,33.7,1.2,SOUTH DOWN
N20003312,12.0,29.5,30.7,1.2,SOUTH DOWN
N20003313,63.4,52.4,53.6,1.2,SOUTH DOWN
N20003314,14.3,39.9,41.1,1.2,SOUTH DOWN
N20003315,84.3,68.0,69.2,1.2,SOUTH DOWN
N20003316,9.3,31.7,32.9,1.2,SOUTH DOWN
N20003317,56.8,54.4,55.6,1.2,SOUTH DOWN
N20003318,86.1,77.3,78.5,1.2,SOUTH DOWN
N20003319,84.1,86.5,87.7,1.2,SOUTH DOWN
N20003320,52.0,57.1,58.3,1.2,SOUTH DOWN
N20003321,70.1,56.2,57.4,1.2,SOUTH DOWN
N20003322,56.6,53.3,54.5,1.2,SOUTH DOWN
N20003323,54.4,51.0,52.2,1.2,SOUTH DOWN
N20003324,73.8,66.5,67.7,1.2,SOUTH DOWN
N20003325,74.5,72.1,73.3,1.2,SOUTH DOWN
N20003326,68.1,75.3,76.5,1.2,SOUTH DOWN
N20003327,75.0,78.6,79.8,1.2,SOUTH DOWN
N20003328,69.1,46.7,47.9,1.2,SOUTH DOWN
N20003329,44.6,49.8,51.0,1.2,SOUTH DOWN
N20003330,43.8,41.3,42.5,1.2,SOUTH DOWN
N20003331,52.4,52.8,54.0,1.2,SOUTH DOWN
N20003332,86.0,80.6,81.8,1.2,SOUTH DOWN
N20003333,64.5,46.2,47.4,1.2,SOUTH DOWN
N20003334,79.6,84.9,86.1,1.2,SOUTH DOWN
N20003335,78.9,68.2,69.4,1.2,SOUTH DOWN
N20003336,91.2,80.9,82.1,1.2,SOUTH DOWN
N20003337,59.7,58.2,59.4,1.2,SOUTH DOWN
N20003338,60.7,66.1,67.3,1.2,SOUTH DOWN
N20003339,68.3,68.9,70.1,1.2,SOUTH DOWN
N20003340,51.4,41.5,42.7,1.2,SOUTH DOWN
N20003341,79.4,70.1,71.3,1.2,SOUTH DOWN
N20003342,93.7,87.1,88.3,1.2,SOUTH DOWN
N20003343,75.2,62.7,63.9,1.2,SOUTH DOWN
N20003344,93.9,77.5,78.7,1.2,SOUTH DOWN
N20003345,94.5,81.8,83.0,1.2,SOUTH DOWN
N20003346,94.1,67.7,68.9,1.2,SOUTH DOWN
N20003347,15.4,36.4,35.2,-1.2,STRANGFORD
N20003348,32.9,39.3,38.1,-1.2,STRANGFORD
N20003349,33.0,33.6,32.4,-1.2,STRANGFORD
N20003350,26.8,33.6,32.4,-1.2,STRANGFORD
N20003351,21.0,20.2,19.0,-1.2,STRANGFORD
N20003352,40.6,38.9,37.7,-1.2,STRANGFORD
N20003353,23.8,38.6,37.4,-1.2,STRANGFORD
N20003354,23.8,16.2,15.0,-1.2,STRANGFORD
N20003355,35.7,34.2,33.0,-1.2,STRANGFORD
N20003356,15.1,18.0,16.8,-1.2,STRANGFORD
N20003357,62.6,58.3,57.1,-1.2,STRANGFORD
N20003358,9.5,34.6,33.4,-1.2,STRANGFORD
N20003359,21.6,29.7,28.5,-1.2,STRANGFORD
N20003360,20.9,45.6,44.4,-1.2,STRANGFORD
N20003361,27.3,32.3,31.1,-1.2,STRANGFORD
N20003362,15.7,28.8,27.6,-1.2,STRANGFORD
N20003363,12.1,41.1,39.9,-1.2,STRANGFORD
N20003364,58.6,30.9,29.7,-1.2,STRANGFORD
N20003365,36.3,28.5,27.3,-1.2,STRANGFORD
N20003366,10.8,45.1,43.9,-1.2,STRANGFORD
N20003367,33.6,64.7,63.5,-1.2,STRANGFORD
N20003368,36.2,34.8,33.6,-1.2,STRANGFORD
N20003369,6.1,37.0,35.8,-1.2,STRANGFORD
N20003370,14.6,28.5,27.3,-1.2,STRANGFORD
N20003371,21.7,27.3,28.5,1.2,SOUTH DOWN
N20003372,30.2,33.0,31.8,-1.2,STRANGFORD
N20003373,38.5,58.0,56.8,-1.2,STRANGFORD
N20003374,28.1,38.0,36.8,-1.2,STRANGFORD
N20003375,29.4,23.6,22.4,-1.2,STRANGFORD
N20003376,35.1,40.1,38.9,-1.2,STRANGFORD
N20003377,48.5,55.5,54.3,-1.2,STRANGFORD
N20003378,34.5,46.8,45.6,-1.2,STRANGFORD
N20003379,57.9,56.1,54.9,-1.2,STRANGFORD
N20003380,67.7,66.6,65.4,-1.2,STRANGFORD
N20003381,40.2,34.6,33.4,-1.2,STRANGFORD
N20003382,36.2,52.0,50.8,-1.2,STRANGFORD
N20003383,56.9,55.9,57.1,1.2,SOUTH DOWN
N20003384,71.0,61.5,62.7,1.2,SOUTH DOWN
N20003385,50.1,48.1,46.9,-1.2,STRANGFORD
N20003386,34.9,38.1,36.9,-1.2,STRANGFORD
N20003387,36.6,29.9,28.7,-1.2,STRANGFORD
N20003388,71.4,60.2,61.4,1.2,SOUTH DOWN
N20003389,43.3,25.8,24.6,-1.2,STRANGFORD
N20003390,72.7,70.2,71.4,1.2,SOUTH DOWN
N20003391,73.2,55.8,57.0,1.2,SOUTH DOWN
N20003392,51.9,47.3,48.5,1.2,SOUTH DOWN
N20003393,67.9,71.8,73.0,1.2,SOUTH DOWN
N20003394,88.1,84.5,85.7,1.2,SOUTH DOWN
N20003395,56.8,60.2,61.4,1.2,SOUTH DOWN
N20003396,73.3,61.0,62.2,1.2,SOUTH DOWN
N20003397,62.4,57.0,58.2,1.2,SOUTH DOWN
N20003398,83.9,67.6,68.8,1.2,SOUTH DOWN
N20003399,85.7,66.1,67.3,1.2,SOUTH DOWN
N20003400,86.2,60.6,61.8,1.2,SOUTH DOWN
N20003401,76.6,74.0,75.2,1.2,SOUTH DOWN
N20003402,82.9,61.3,62.5,1.2,SOUTH DOWN
N20003403,74.2,85.8,87.0,1.2,SOUTH DOWN
N20003404,60.4,54.2,55.4,1.2,SOUTH DOWN
N20003405,91.2,60.8,62.0,1.2,SOUTH DOWN
N20003406,76.1,65.2,66.4,1.2,SOUTH DOWN
N20003407,81.9,39.5,40.7,1.2,SOUTH DOWN
N20003408,70.1,57.9,59.1,1.2,SOUTH DOWN
N20003409,89.3,87.9,89.1,1.2,SOUTH DOWN
N20003410,81.1,72.9,74.1,1.2,SOUTH DOWN
N20003411,83.4,80.6,81.8,1.2,SOUTH DOWN
N20003412,88.8,81.5,82.7,1.2,SOUTH DOWN
N20003413,86.2,79.3,80.5,1.2,SOUTH DOWN
N20003414,81.5,73.1,74.3,1.2,SOUTH DOWN
N20003415,86.3,64.5,65.7,1.2,SOUTH DOWN
N20003416,89.9,79.0,80.2,1.2,SOUTH DOWN
N20003417,87.8,91.1,92.3,1.2,SOUTH DOWN
N20003418,94.5,87.0,88.2,1.2,SOUTH DOWN
N20003419,91.4,85.6,86.8,1.2,SOUTH DOWN
N20003420,81.5,69.7,70.9,1.2,SOUTH DOWN
N20003421,94.1,76.4,77.6,1.2,SOUTH DOWN
N20003422,76.9,53.8,55.0,1.2,SOUTH DOWN
N20003423,85.6,63.7,64.9,1.2,SOUTH DOWN
N20003424,70.6,53.5,54.7,1.2,SOUTH DOWN
N20003425,88.4,69.5,70.7,1.2,SOUTH DOWN
N20003426,90.5,82.7,83.9,1.2,SOUTH DOWN
N20003427,82.4,80.7,81.9,1.2,SOUTH DOWN
N20003428,88.9,76.4,77.6,1.2,SOUTH DOWN
N20003429,74.5,42.6,43.8,1.2,SOUTH DOWN
N20003430,86.4,85.1,86.3,1.2,SOUTH DOWN
N20003431,86.8,73.7,74.9,1.2,SOUTH DOWN
N20003432,6.5,8.9,7.7,-1.2,STRANGFORD
N20003433,5.4,7.4,6.2,-1.2,STRANGFORD
N20003434,5.5,38.0,36.8,-1.2,STRANGFORD
N20003435,3.3,25.9,24.7,-1.2,STRANGFORD
N20003436,6.6,30.3,29.1,-1.2,STRANGFORD
N20003437,6.1,20.8,19.6,-1.2,STRANGFORD
N20003438,3.5,15.1,13.9,-1.2,STRANGFORD
N20003439,4.6,1.1,1.0,-0.1,STRANGFORD
N20003440,7.8,27.5,26.3,-1.2,STRANGFORD
N20003441,5.6,30.1,28.9,-1.2,STRANGFORD
N20003442,4.5,22.1,20.9,-1.2,STRANGFORD
N20003443,8.7,34.7,33.5,-1.2,STRANGFORD
N20003444,10.0,37.9,36.7,-1.2,STRANGFORD
N20003445,7.2,30.8,29.6,-1.2,STRANGFORD
N20003446,7.1,35.8,34.6,-1.2,STRANGFORD
N20003447,5.2,14.1,12.9,-1.2,STRANGFORD
N20003448,4.5,25.4,24.2,-1.2,STRANGFORD
N20003449,12.1,7.7,6.5,-1.2,STRANGFORD
N20003450,9.3,32.6,31.4,-1.2,STRANGFORD
N20003451,8.8,1.7,1.0,-0.7,STRANGFORD
N20003452,4.3,24.2,23.0,-1.2,STRANGFORD
N20003453,7.3,8.8,7.6,-1.2,STRANGFORD
N20003454,5.6,16.8,15.6,-1.2,STRANGFORD
N20003455,13.2,36.6,35.4,-1.2,STRANGFORD
N20003456,5.8,37.6,36.4,-1.2,STRANGFORD
N20003457,3.9,16.2,15.0,-1.2,STRANGFORD
N20003458,3.9,15.3,14.1,-1.2,STRANGFORD
N20003459,5.2,17.9,16.7,-1.2,STRANGFORD
N20003460,5.5,16.3,15.1,-1.2,STRANGFORD
N20003461,6.5,23.4,22.2,-1.2,STRANGFORD
N20003462,6.1,11.6,10.4,-1.2,STRANGFORD
N20003463,6.1,18.5,17.3,-1.2,STRANGFORD
N20003464,7.5,18.9,17.7,-1.2,STRANGFORD
N20003465,10.9,29.9,28.7,-1.2,STRANGFORD
N20003466,5.5,5.3,4.1,-1.2,STRANGFORD
N20003467,5.4,13.3,12.1,-1.2,STRANGFORD
N20003468,12.5,35.2,34.0,-1.2,STRANGFORD
N20003469,8.0,38.6,37.4,-1.2,STRANGFORD
N20003470,9.5,16.4,15.2,-1.2,STRANGFORD
N20003471,24.8,29.9,28.7,-1.2,STRANGFORD
N20003472,5.2,41.8,40.6,-1.2,STRANGFORD
N20003473,7.4,23.1,21.9,-1.2,STRANGFORD
N20003474,9.4,14.9,13.7,-1.2,STRANGFORD
N20003475,8.3,12.2,11.0,-1.2,STRANGFORD
N20003476,9.1,23.6,22.4,-1.2,STRANGFORD
N20003477,6.0,27.1,25.9,-1.2,STRANGFORD
N20003478,5.1,18.0,16.8,-1.2,STRANGFORD
N20003479,5.0,15.8,14.6,-1.2,STRANGFORD
N20003480,5.7,16.3,15.1,-1.2,STRANGFORD
N20003481,7.3,21.8,20.6,-1.2,STRANGFORD
N20003482,14.1,8.4,7.2,-1.2,STRANGFORD
N20003483,6.5,30.1,28.9,-1.2,STRANGFORD
N20003484,5.6,19.1,17.9,-1.2,STRANGFORD
N20003485,7.9,27.9,26.7,-1.2,STRANGFORD
N20003486,9.1,26.7,25.5,-1.2,STRANGFORD
N20003487,7.1,17.1,15.9,-1.2,STRANGFORD
N20003488,8.3,24.6,23.4,-1.2,STRANGFORD
N20003489,9.4,18.9,17.7,-1.2,STRANGFORD
N20003490,7.6,15.2,14.0,-1.2,STRANGFORD
N20003491,8.0,25.4,24.2,-1.2,STRANGFORD
N20003492,7.7,9.1,7.9,-1.2,STRANGFORD
N20003493,9.7,38.3,37.1,-1.2,STRANGFORD
N20003494,8.6,20.3,19.1,-1.2,STRANGFORD
N20003495,11.5,38.2,37.0,-1.2,STRANGFORD
N20003496,10.3,21.0,19.8,-1.2,STRANGFORD
N20003497,4.5,19.4,18.2,-1.2,STRANGFORD
N20003498,14.0,21.5,20.3,-1.2,STRANGFORD
N20003499,18.0,28.5,27.3,-1.2,STRANGFORD
N20003500,16.4,31.7,30.5,-1.2,STRANGFORD
N20003501,9.3,30.8,29.6,-1.2,STRANGFORD
N20003502,10.8,22.1,20.9,-1.2,STRANGFORD
N20003503,21.0,35.8,34.6,-1.2,STRANGFORD
N20003504,17.7,24.7,23.5,-1.2,STRANGFORD
N20003505,7.9,24.1,22.9,-1.2,STRANGFORD
N20003506,10.0,21.3,20.1,-1.2,STRANGFORD
N20003507,6.3,22.9,21.7,-1.2,STRANGFORD
N20003508,8.9,26.6,25.4,-1.2,STRANGFORD
N20003509,8.7,11.4,10.2,-1.2,STRANGFORD
N20003510,11.5,20.7,19.5,-1.2,STRANGFORD
N20003511,8.1,11.4,10.2,-1.2,STRANGFORD
N20003512,7.5,32.6,31.4,-1.2,STRANGFORD
N20003513,11.2,36.3,35.1,-1.2,STRANGFORD
N20003514,8.8,22.7,21.5,-1.2,STRANGFORD
N20003515,5.2,23.6,22.4,-1.2,STRANGFORD
N20003516,7.7,47.9,46.7,-1.2,STRANGFORD
N20003517,6.2,26.8,25.6,-1.2,STRANGFORD
N20003518,14.3,37.2,36.0,-1.2,STRANGFORD
N20003519,8.1,32.5,31.3,-1.2,STRANGFORD
N20003520,5.0,22.4,21.2,-1.2,STRANGFORD
N20003521,9.5,33.2,32.0,-1.2,STRANGFORD
N20003522,11.9,18.2,17.0,-1.2,STRANGFORD
N20003523,5.4,25.8,24.6,-1.2,STRANGFORD
N20003524,9.7,22.7,21.5,-1.2,STRANGFORD
N20003525,11.0,18.1,16.9,-1.2,STRANGFORD
N20003526,8.5,11.7,10.5,-1.2,STRANGFORD
N20003527,9.1,31.2,30.0,-1.2,STRANGFORD
N20003528,4.8,3.2,2.0,-1.2,STRANGFORD
N20003529,16.3,13.7,12.5,-1.2,STRANGFORD
N20003530,4.4,1.0,1.0,0.0,STRANGFORD
N20003531,9.4,22.3,21.1,-1.2,STRANGFORD
N20003532,6.5,33.7,32.5,-1.2,STRANGFORD
N20003533,4.8,26.4,25.2,-1.2,STRANGFORD
N20003534,6.4,29.1,27.9,-1.2,STRANGFORD
N20003535,7.2,23.1,21.9,-1.2,STRANGFORD
N20003536,4.8,9.4,8.2,-1.2,STRANGFORD
N20003537,15.8,20.6,23.3,2.7,NORTH DOWN
N20003538,15.3,29.3,32.0,2.7,NORTH DOWN
N20003539,25.3,36.7,39.4,2.7,NORTH DOWN
N20003540,13.7,37.2,39.9,2.7,NORTH DOWN
N20003541,8.6,14.5,17.2,2.7,NORTH DOWN
N20003542,9.5,18.6,21.3,2.7,NORTH DOWN
N20003543,10.4,26.6,29.3,2.7,NORTH DOWN
N20003544,21.0,2.7,5.4,2.7,NORTH DOWN
N20003545,18.9,5.0,7.7,2.7,NORTH DOWN
N20003546,12.7,17.1,19.8,2.7,NORTH DOWN
N20003547,15.8,17.7,20.4,2.7,NORTH DOWN
N20003548,18.6,32.9,35.6,2.7,NORTH DOWN
N20003549,26.7,24.6,27.3,2.7,NORTH DOWN
N20003550,23.7,17.3,20.0,2.7,NORTH DOWN
N20003551,24.6,7.6,10.3,2.7,NORTH DOWN
N20003552,25.3,12.8,15.5,2.7,NORTH DOWN
N20003553,31.5,26.8,29.5,2.7,NORTH DOWN
N20003554,12.7,12.5,15.2,2.7,NORTH DOWN
N20003555,21.2,21.8,24.5,2.7,NORTH DOWN
N20003556,15.6,23.0,25.7,2.7,NORTH DOWN
N20003557,11.4,20.6,23.3,2.7,NORTH DOWN
N20003558,27.2,36.1,38.8,2.7,NORTH DOWN
N20003559,29.7,35.9,38.6,2.7,NORTH DOWN
N20003560,26.2,37.6,40.3,2.7,NORTH DOWN
N20003561,35.0,35.4,38.1,2.7,NORTH DOWN
N20003562,9.5,11.6,14.3,2.7,NORTH DOWN
N20003563,27.9,31.0,33.7,2.7,NORTH DOWN
N20003564,26.8,21.0,23.7,2.7,NORTH DOWN
N20003565,29.0,6.5,9.2,2.7,NORTH DOWN
N20003566,29.0,10.3,13.0,2.7,NORTH DOWN
N20003567,29.8,31.4,34.1,2.7,NORTH DOWN
N20003568,7.1,16.7,19.4,2.7,NORTH DOWN
N20003569,12.7,18.5,21.2,2.7,NORTH DOWN
N20003570,25.7,39.2,41.9,2.7,NORTH DOWN
N20003571,21.5,51.8,54.5,2.7,NORTH DOWN
N20003572,4.1,35.0,37.7,2.7,NORTH DOWN
N20003573,25.2,34.9,37.6,2.7,NORTH DOWN
N20003574,27.0,41.7,44.4,2.7,NORTH DOWN
N20003575,24.3,1.0,3.7,2.7,NORTH DOWN
N20003576,16.2,99.0,99.0,0.0,NORTH DOWN
N20003577,21.8,23.7,26.4,2.7,NORTH DOWN
N20003578,14.9,13.8,16.5,2.7,NORTH DOWN
N20003579,18.1,14.0,16.7,2.7,NORTH DOWN
N20003580,23.2,27.5,30.2,2.7,NORTH DOWN
N20003581,27.5,24.4,27.1,2.7,NORTH DOWN
N20003582,17.9,49.5,52.2,2.7,NORTH DOWN
N20003583,34.5,27.0,29.7,2.7,NORTH DOWN
N20003584,32.3,31.3,34.0,2.7,NORTH DOWN
N20003585,15.8,12.5,15.2,2.7,NORTH DOWN
N20003586,33.4,45.0,47.7,2.7,NORTH DOWN
N20003587,14.4,9.9,12.6,2.7,NORTH DOWN
N20003588,13.5,15.5,18.2,2.7,NORTH DOWN
N20003589,18.8,47.2,49.9,2.7,NORTH DOWN
N20003590,26.4,25.8,28.5,2.7,NORTH DOWN
N20003591,15.2,17.5,20.2,2.7,NORTH DOWN
N20003592,16.6,22.8,25.5,2.7,NORTH DOWN
N20003593,18.0,9.6,12.3,2.7,NORTH DOWN
N20003594,12.5,17.1,19.8,2.7,NORTH DOWN
N20003595,15.2,19.9,22.6,2.7,NORTH DOWN
N20003596,13.7,30.9,33.6,2.7,NORTH DOWN
N20003597,20.4,22.8,25.5,2.7,NORTH DOWN
N20003598,12.2,24.9,27.6,2.7,NORTH DOWN
N20003599,19.1,24.4,27.1,2.7,NORTH DOWN
N20003600,13.4,22.5,25.2,2.7,NORTH DOWN
N20003601,16.6,11.1,13.8,2.7,NORTH DOWN
N20003602,20.2,25.4,28.1,2.7,NORTH DOWN
N20003603,14.3,18.5,21.2,2.7,NORTH DOWN
N20003604,13.5,31.0,33.7,2.7,NORTH DOWN
N20003605,14.3,39.6,42.3,2.7,NORTH DOWN
N20003606,17.3,7.6,10.3,2.7,NORTH DOWN
N20003607,4.3,34.8,37.5,2.7,NORTH DOWN
N20003608,6.1,1.0,3.7,2.7,NORTH DOWN
N20003609,2.2,38.2,40.9,2.7,NORTH DOWN
N20003610,12.2,2.2,4.9,2.7,NORTH DOWN
N20003611,12.0,26.2,28.9,2.7,NORTH DOWN
N20003612,17.6,37.4,40.1,2.7,NORTH DOWN
N20003613,10.0,20.7,23.4,2.7,NORTH DOWN
N20003614,16.8,30.1,32.8,2.7,NORTH DOWN
N20003615,12.0,29.4,32.1,2.7,NORTH DOWN
N20003616,5.4,26.1,28.8,2.7,NORTH DOWN
N20003617,6.5,35.1,37.8,2.7,NORTH DOWN
N20003618,5.1,41.1,43.8,2.7,NORTH DOWN
N20003619,15.0,29.2,31.9,2.7,NORTH DOWN
N20003620,13.7,16.5,19.2,2.7,NORTH DOWN
N20003621,11.8,2.4,5.1,2.7,NORTH DOWN
N20003622,7.9,5.6,8.3,2.7,NORTH DOWN
N20003623,12.7,5.4,8.1,2.7,NORTH DOWN
N20003624,20.8,26.1,28.8,2.7,NORTH DOWN
N20003625,7.8,23.9,26.6,2.7,NORTH DOWN
N20003626,14.2,22.0,24.7,2.7,NORTH DOWN
N20003627,12.3,26.3,29.0,2.7,NORTH DOWN
N20003628,23.1,13.3,16.0,2.7,NORTH DOWN
N20003629,13.2,20.3,23.0,2.7,NORTH DOWN
N20003630,14.3,29.2,31.9,2.7,NORTH DOWN
N20003631,19.7,13.0,15.7,2.7,NORTH DOWN
N20003632,23.1,20.0,22.7,2.7,NORTH DOWN
N20003633,10.0,37.4,40.1,2.7,NORTH DOWN
N20003634,11.1,17.5,20.2,2.7,NORTH DOWN
N20003635,11.9,11.2,13.9,2.7,NORTH DOWN
N20003636,18.7,2.5,5.2,2.7,NORTH DOWN
N20003637,14.7,29.8,32.5,2.7,NORTH DOWN
N20003638,15.3,13.2,15.9,2.7,NORTH DOWN
N20003639,9.1,32.3,35.0,2.7,NORTH DOWN
N20003640,28.8,2.8,5.5,2.7,NORTH DOWN
N20003641,15.9,14.4,17.1,2.7,NORTH DOWN
N20003642,26.8,11.5,14.2,2.7,NORTH DOWN
N20003643,8.8,43.0,45.7,2.7,NORTH DOWN
N20003644,14.0,23.3,26.0,2.7,NORTH DOWN
N20003645,11.5,18.1,20.8,2.7,NORTH DOWN
N20003646,8.8,16.0,18.7,2.7,NORTH DOWN
N20003647,17.1,40.9,43.6,2.7,NORTH DOWN
N20003648,10.0,24.7,27.4,2.7,NORTH DOWN
N20003649,18.1,22.1,24.8,2.7,NORTH DOWN
N20003650,9.7,25.8,28.5,2.7,NORTH DOWN
N20003651,10.1,31.4,34.1,2.7,NORTH DOWN
N20003652,14.2,18.4,21.1,2.7,NORTH DOWN
N20003653,10.6,15.8,18.5,2.7,NORTH DOWN
N20003654,10.9,25.8,28.5,2.7,NORTH DOWN
N20003655,9.2,21.1,23.8,2.7,NORTH DOWN
N20003656,6.8,40.5,43.2,2.7,NORTH DOWN
N20003657,10.0,10.4,13.1,2.7,NORTH DOWN
N20003658,7.7,21.4,24.1,2.7,NORTH DOWN
N20003659,4.1,31.7,34.4,2.7,NORTH DOWN
N20003660,7.9,42.2,44.9,2.7,NORTH DOWN
N20003661,10.1,41.7,44.4,2.7,NORTH DOWN
N20003662,6.9,29.0,31.7,2.7,NORTH DOWN
N20003663,13.0,16.8,19.5,2.7,NORTH DOWN
N20003664,5.0,13.4,16.1,2.7,NORTH DOWN
N20003665,9.9,1.0,3.7,2.7,NORTH DOWN
N20003666,5.9,10.8,13.5,2.7,NORTH DOWN
N20003667,8.6,21.6,24.3,2.7,NORTH DOWN
N20003668,6.2,17.4,20.1,2.7,NORTH DOWN
N20003669,10.9,22.4,25.1,2.7,NORTH DOWN
N20003670,9.4,21.1,23.8,2.7,NORTH DOWN
N20003671,12.1,30.6,33.3,2.7,NORTH DOWN
N20003672,7.5,19.8,22.5,2.7,NORTH DOWN
N20003673,6.8,27.6,30.3,2.7,NORTH DOWN
N20003674,10.2,17.2,19.9,2.7,NORTH DOWN
N20003675,8.2,24.1,26.8,2.7,NORTH DOWN
N20003676,11.9,41.3,44.0,2.7,NORTH DOWN
N20003677,8.9,33.8,36.5,2.7,NORTH DOWN
N20003678,11.0,50.1,52.8,2.7,NORTH DOWN
N20003679,8.5,39.5,42.2,2.7,NORTH DOWN
N20003680,8.3,17.3,20.0,2.7,NORTH DOWN
N20003681,9.7,9.6,12.3,2.7,NORTH DOWN
N20003682,7.0,22.8,25.5,2.7,NORTH DOWN
N20003683,8.2,30.8,33.5,2.7,NORTH DOWN
N20003684,8.2,27.9,30.6,2.7,NORTH DOWN
N20003685,9.2,16.9,19.6,2.7,NORTH DOWN
N20003686,12.6,41.1,43.8,2.7,NORTH DOWN
N20003687,8.5,24.7,27.4,2.7,NORTH DOWN
N20003688,6.1,1.0,3.7,2.7,NORTH DOWN
N20003689,8.2,22.4,25.1,2.7,NORTH DOWN
N20003690,7.5,25.0,27.7,2.7,NORTH DOWN
N20003691,9.3,35.4,38.1,2.7,NORTH DOWN
N20003692,4.8,38.8,41.5,2.7,NORTH DOWN
N20003693,6.3,12.9,15.6,2.7,NORTH DOWN
N20003694,10.0,34.9,37.6,2.7,NORTH DOWN
N20003695,11.3,8.8,11.5,2.7,NORTH DOWN
N20003696,10.0,28.8,31.5,2.7,NORTH DOWN
N20003697,8.4,22.8,25.5,2.7,NORTH DOWN
N20003698,8.4,23.4,26.1,2.7,NORTH DOWN
N20003699,10.3,20.3,23.0,2.7,NORTH DOWN
N20003700,7.9,26.8,29.5,2.7,NORTH DOWN
N20003701,13.0,14.0,16.7,2.7,NORTH DOWN
N20003702,10.5,29.6,32.3,2.7,NORTH DOWN
N20003703,11.0,27.4,30.1,2.7,NORTH DOWN
N20003704,5.2,19.1,21.8,2.7,NORTH DOWN
N20003705,10.7,21.9,24.6,2.7,NORTH DOWN
N20003706,7.8,31.9,34.6,2.7,NORTH DOWN
N20003707,8.8,8.4,11.1,2.7,NORTH DOWN
N20003708,12.1,29.5,32.2,2.7,NORTH DOWN
N20003709,11.2,19.3,22.0,2.7,NORTH DOWN
N20003710,15.4,12.8,15.5,2.7,NORTH DOWN
N20003711,9.3,31.1,33.8,2.7,NORTH DOWN
N20003712,9.1,43.3,46.0,2.7,NORTH DOWN
N20003713,6.5,5.3,8.0,2.7,NORTH DOWN
N20003714,5.6,8.9,11.6,2.7,NORTH DOWN
N20003715,7.1,16.3,19.0,2.7,NORTH DOWN
N20003716,9.6,21.8,24.5,2.7,NORTH DOWN
N20003717,12.7,12.4,15.1,2.7,NORTH DOWN
N20003718,9.4,40.0,42.7,2.7,NORTH DOWN
N20003719,12.5,1.0,3.7,2.7,NORTH DOWN
N20003720,4.3,23.1,25.8,2.7,NORTH DOWN
N20003721,7.7,28.3,31.0,2.7,NORTH DOWN
N20003722,8.5,32.7,35.4,2.7,NORTH DOWN
N20003723,2.8,14.6,17.3,2.7,NORTH DOWN
N20003724,6.3,25.0,27.7,2.7,NORTH DOWN
N20003725,5.6,24.9,27.6,2.7,NORTH DOWN
N20003726,4.4,22.1,24.8,2.7,NORTH DOWN
N20003727,3.8,23.7,26.4,2.7,NORTH DOWN
N20003728,5.3,2.0,4.7,2.7,NORTH DOWN
N20003729,7.6,9.2,11.9,2.7,NORTH DOWN
N20003730,3.9,30.2,32.9,2.7,NORTH DOWN
N20003731,5.4,29.9,28.7,-1.2,STRANGFORD
N20003732,5.3,25.5,28.2,2.7,NORTH DOWN
N20003733,3.9,25.9,28.6,2.7,NORTH DOWN
N20003734,2.3,33.6,36.3,2.7,NORTH DOWN
N20003735,3.5,27.4,30.1,2.7,NORTH DOWN
N20003736,6.7,20.1,22.8,2.7,NORTH DOWN
N20003737,4.4,9.6,8.4,-1.2,STRANGFORD
N20003738,6.0,15.4,14.2,-1.2,STRANGFORD
N20003739,9.3,10.6,9.4,-1.2,STRANGFORD
N20003740,5.3,16.5,15.3,-1.2,STRANGFORD
N20003741,2.8,24.1,22.9,-1.2,STRANGFORD
N20003742,3.2,28.9,27.7,-1.2,STRANGFORD
N20003743,5.7,2.6,1.4,-1.2,STRANGFORD
N20003744,9.8,18.0,16.8,-1.2,STRANGFORD
N20003745,2.5,26.4,25.2,-1.2,STRANGFORD
N20003746,6.8,31.0,29.8,-1.2,STRANGFORD
N20003747,6.0,31.3,30.1,-1.2,STRANGFORD
N20003748,4.2,13.4,12.2,-1.2,STRANGFORD
N20003749,3.6,48.4,47.2,-1.2,STRANGFORD
N20003750,2.9,24.9,23.7,-1.2,STRANGFORD
N20003751,2.1,30.6,29.4,-1.2,STRANGFORD
N20003752,5.8,24.0,22.8,-1.2,STRANGFORD
N20003753,4.4,42.3,41.1,-1.2,STRANGFORD
N20003754,4.3,18.2,17.0,-1.2,STRANGFORD
N20003755,10.0,12.6,11.4,-1.2,STRANGFORD
N20003756,47.7,50.2,49.0,-1.2,STRANGFORD
N20003757,6.0,35.8,34.6,-1.2,STRANGFORD
N20003758,5.0,35.8,34.6,-1.2,STRANGFORD
N20003759,61.5,46.6,45.4,-1.2,STRANGFORD
N20003760,63.8,45.3,44.1,-1.2,STRANGFORD
N20003761,24.8,31.6,30.4,-1.2,STRANGFORD
N20003762,4.0,24.0,22.8,-1.2,STRANGFORD
N20003763,51.4,56.9,55.7,-1.2,STRANGFORD
N20003764,1.4,15.9,14.7,-1.2,STRANGFORD
N20003765,2.8,18.5,17.3,-1.2,STRANGFORD
N20003766,5.9,43.2,42.0,-1.2,STRANGFORD
N20003767,16.8,9.8,8.6,-1.2,STRANGFORD
N20003768,5.8,28.6,27.4,-1.2,STRANGFORD
N20003769,35.8,47.6,46.4,-1.2,STRANGFORD
N20003770,22.5,19.7,18.5,-1.2,STRANGFORD
N20003771,50.5,43.0,41.8,-1.2,STRANGFORD
N20003772,35.2,47.2,46.0,-1.2,STRANGFORD
N20003773,66.3,76.0,74.8,-1.2,STRANGFORD
N20003774,58.3,57.8,56.6,-1.2,STRANGFORD
N20003775,83.8,77.8,76.6,-1.2,STRANGFORD
N20003776,88.9,77.5,76.3,-1.2,STRANGFORD
N20003777,88.4,87.5,86.3,-1.2,STRANGFORD
N20003778,84.9,61.8,60.6,-1.2,STRANGFORD
N20003779,78.7,71.6,70.4,-1.2,STRANGFORD
N20003780,61.8,59.3,58.1,-1.2,STRANGFORD
