DZ21,dea,con,catholic_bg_pct,p_soft,soft,band_v11d
N20000001,DUNSILLY,SOUTH ANTRIM,9.2,0.24,0.414,11.6
N20000004,DUNSILLY,SOUTH ANTRIM,44.3,0.24,0.641,16.1
N20000005,DUNSILLY,SOUTH ANTRIM,6.3,0.24,0.395,11.2
N20000006,DUNSILLY,SOUTH ANTRIM,36.1,0.24,0.588,15.0
N20000007,DUNSILLY,SOUTH ANTRIM,87.7,0.24,0.921,22.1
N20000008,DUNSILLY,SOUTH ANTRIM,52.6,0.24,0.694,17.2
N20000009,DUNSILLY,SOUTH ANTRIM,18.3,0.24,0.473,12.7
N20000010,DUNSILLY,SOUTH ANTRIM,5.9,0.24,0.393,11.2
N20000011,DUNSILLY,SOUTH ANTRIM,23.5,0.24,0.506,13.3
N20000012,DUNSILLY,SOUTH ANTRIM,18.5,0.24,0.474,12.7
N20000013,DUNSILLY,SOUTH ANTRIM,28.2,0.24,0.537,14.0
N20000015,DUNSILLY,SOUTH ANTRIM,91.6,0.24,0.946,22.7
N20000016,DUNSILLY,SOUTH ANTRIM,54.4,0.24,0.706,17.5
N20000017,DUNSILLY,SOUTH ANTRIM,87.1,0.24,0.917,22.0
N20000018,DUNSILLY,SOUTH ANTRIM,84.5,0.24,0.9,21.7
N20000019,DUNSILLY,SOUTH ANTRIM,44.7,0.24,0.643,16.2
N20000020,DUNSILLY,SOUTH ANTRIM,52.6,0.24,0.694,17.2
N20000022,DUNSILLY,SOUTH ANTRIM,93.8,0.24,0.96,23.0
N20000023,DUNSILLY,SOUTH ANTRIM,58.3,0.24,0.731,18.0
N20000025,DUNSILLY,SOUTH ANTRIM,44.5,0.24,0.642,16.1
N20000026,DUNSILLY,SOUTH ANTRIM,5.0,0.24,0.387,11.0
N20000027,DUNSILLY,SOUTH ANTRIM,47.6,0.24,0.662,16.6
N20000028,DUNSILLY,SOUTH ANTRIM,58.3,0.24,0.731,18.0
N20000030,DUNSILLY,SOUTH ANTRIM,13.9,0.24,0.444,12.1
N20000031,DUNSILLY,SOUTH ANTRIM,4.9,0.24,0.386,11.0
N20000032,DUNSILLY,SOUTH ANTRIM,85.4,0.24,0.906,21.8
N20000033,DUNSILLY,SOUTH ANTRIM,85.8,0.24,0.908,21.9
N20000034,DUNSILLY,SOUTH ANTRIM,86.8,0.24,0.915,22.0
N20000035,ANTRIM,SOUTH ANTRIM,50.1,0.435,0.756,18.6
N20000036,ANTRIM,SOUTH ANTRIM,47.3,0.435,0.743,18.3
N20000037,ANTRIM,SOUTH ANTRIM,43.9,0.435,0.726,17.9
N20000038,ANTRIM,SOUTH ANTRIM,39.5,0.435,0.705,17.5
N20000039,ANTRIM,SOUTH ANTRIM,33.9,0.435,0.677,16.9
N20000040,ANTRIM,SOUTH ANTRIM,55.1,0.435,0.781,19.1
N20000041,ANTRIM,SOUTH ANTRIM,37.6,0.435,0.695,17.3
N20000042,ANTRIM,SOUTH ANTRIM,40.0,0.435,0.707,17.5
N20000043,ANTRIM,SOUTH ANTRIM,34.6,0.435,0.681,17.0
N20000044,ANTRIM,SOUTH ANTRIM,39.5,0.435,0.705,17.5
N20000045,ANTRIM,SOUTH ANTRIM,48.2,0.435,0.747,18.4
N20000046,ANTRIM,SOUTH ANTRIM,19.7,0.435,0.608,15.4
N20000047,ANTRIM,SOUTH ANTRIM,29.7,0.435,0.657,16.4
N20000048,ANTRIM,SOUTH ANTRIM,44.4,0.435,0.729,18.0
N20000049,ANTRIM,SOUTH ANTRIM,59.7,0.435,0.803,19.6
N20000051,ANTRIM,SOUTH ANTRIM,71.1,0.435,0.859,20.8
N20000052,ANTRIM,SOUTH ANTRIM,32.2,0.435,0.669,16.7
N20000053,ANTRIM,SOUTH ANTRIM,43.3,0.435,0.723,17.9
N20000054,ANTRIM,SOUTH ANTRIM,13.9,0.435,0.58,14.8
N20000055,ANTRIM,SOUTH ANTRIM,12.9,0.435,0.575,14.7
N20000056,ANTRIM,SOUTH ANTRIM,29.6,0.435,0.656,16.4
N20000057,ANTRIM,SOUTH ANTRIM,47.8,0.435,0.745,18.3
N20000058,ANTRIM,SOUTH ANTRIM,18.8,0.435,0.604,15.3
N20000059,ANTRIM,SOUTH ANTRIM,53.9,0.435,0.775,19.0
N20000060,ANTRIM,SOUTH ANTRIM,41.3,0.435,0.713,17.6
N20000061,ANTRIM,SOUTH ANTRIM,26.9,0.435,0.643,16.2
N20000062,ANTRIM,SOUTH ANTRIM,18.6,0.435,0.603,15.3
N20000063,ANTRIM,SOUTH ANTRIM,37.7,0.435,0.696,17.3
N20000064,ANTRIM,SOUTH ANTRIM,32.8,0.435,0.672,16.8
N20000065,ANTRIM,SOUTH ANTRIM,41.3,0.435,0.713,17.6
N20000066,ANTRIM,SOUTH ANTRIM,53.4,0.435,0.772,18.9
N20000067,ANTRIM,SOUTH ANTRIM,45.8,0.435,0.735,18.1
N20000068,ANTRIM,SOUTH ANTRIM,35.8,0.435,0.687,17.1
N20000069,ANTRIM,SOUTH ANTRIM,33.3,0.435,0.674,16.8
N20000070,ANTRIM,SOUTH ANTRIM,31.4,0.435,0.665,16.6
N20000071,ANTRIM,SOUTH ANTRIM,37.8,0.435,0.696,17.3
N20000072,ANTRIM,SOUTH ANTRIM,26.1,0.435,0.639,16.1
N20000073,ANTRIM,SOUTH ANTRIM,16.5,0.435,0.592,15.1
N20000074,ANTRIM,SOUTH ANTRIM,13.9,0.435,0.58,14.8
N20000075,ANTRIM,SOUTH ANTRIM,33.4,0.435,0.675,16.8
N20000076,ANTRIM,SOUTH ANTRIM,44.1,0.435,0.727,17.9
N20000077,ANTRIM,SOUTH ANTRIM,25.6,0.435,0.637,16.0
N20000078,ANTRIM,SOUTH ANTRIM,17.4,0.435,0.597,15.2
N20000079,ANTRIM,SOUTH ANTRIM,6.4,0.435,0.543,14.1
N20000080,ANTRIM,SOUTH ANTRIM,24.7,0.435,0.632,15.9
N20000081,ANTRIM,SOUTH ANTRIM,27.1,0.435,0.644,16.2
N20000082,ANTRIM,SOUTH ANTRIM,9.0,0.435,0.556,14.3
N20000083,ANTRIM,SOUTH ANTRIM,32.0,0.435,0.668,16.7
N20000084,ANTRIM,SOUTH ANTRIM,39.2,0.435,0.703,17.4
N20000085,ANTRIM,SOUTH ANTRIM,26.0,0.435,0.639,16.1
N20000086,BALLYCLARE,SOUTH ANTRIM,3.5,0.325,0.443,12.1
N20000087,BALLYCLARE,SOUTH ANTRIM,4.6,0.325,0.45,12.2
N20000088,BALLYCLARE,SOUTH ANTRIM,3.2,0.325,0.442,12.1
N20000089,BALLYCLARE,SOUTH ANTRIM,7.5,0.325,0.466,12.6
N20000090,BALLYCLARE,SOUTH ANTRIM,6.2,0.325,0.459,12.4
N20000091,BALLYCLARE,SOUTH ANTRIM,2.3,0.325,0.436,12.0
N20000092,BALLYCLARE,SOUTH ANTRIM,6.9,0.325,0.463,12.5
N20000093,BALLYCLARE,SOUTH ANTRIM,3.0,0.325,0.44,12.1
N20000094,BALLYCLARE,SOUTH ANTRIM,5.7,0.325,0.456,12.4
N20000096,BALLYCLARE,SOUTH ANTRIM,3.7,0.325,0.445,12.1
N20000097,BALLYCLARE,SOUTH ANTRIM,4.8,0.325,0.451,12.3
N20000100,BALLYCLARE,SOUTH ANTRIM,4.2,0.325,0.447,12.2
N20000101,BALLYCLARE,SOUTH ANTRIM,3.0,0.325,0.44,12.1
N20000102,BALLYCLARE,SOUTH ANTRIM,7.1,0.325,0.464,12.5
N20000103,BALLYCLARE,SOUTH ANTRIM,7.2,0.325,0.465,12.5
N20000104,BALLYCLARE,SOUTH ANTRIM,4.5,0.325,0.449,12.2
N20000105,BALLYCLARE,SOUTH ANTRIM,7.5,0.325,0.466,12.6
N20000106,BALLYCLARE,SOUTH ANTRIM,7.0,0.325,0.464,12.5
N20000107,BALLYCLARE,SOUTH ANTRIM,12.0,0.325,0.492,13.1
N20000108,BALLYCLARE,SOUTH ANTRIM,7.0,0.325,0.464,12.5
N20000109,BALLYCLARE,SOUTH ANTRIM,4.0,0.325,0.446,12.2
N20000110,BALLYCLARE,SOUTH ANTRIM,3.6,0.325,0.444,12.1
N20000111,BALLYCLARE,SOUTH ANTRIM,3.6,0.325,0.444,12.1
N20000112,BALLYCLARE,SOUTH ANTRIM,6.9,0.325,0.463,12.5
N20000113,BALLYCLARE,SOUTH ANTRIM,5.5,0.325,0.455,12.3
N20000114,BALLYCLARE,SOUTH ANTRIM,3.8,0.325,0.445,12.1
N20000115,BALLYCLARE,SOUTH ANTRIM,5.7,0.325,0.456,12.4
N20000116,BALLYCLARE,SOUTH ANTRIM,7.5,0.325,0.466,12.6
N20000117,BALLYCLARE,SOUTH ANTRIM,3.4,0.325,0.443,12.1
N20000118,BALLYCLARE,SOUTH ANTRIM,3.3,0.325,0.442,12.1
N20000119,BALLYCLARE,SOUTH ANTRIM,2.6,0.325,0.438,12.0
N20000120,BALLYCLARE,SOUTH ANTRIM,2.6,0.325,0.438,12.0
N20000121,BALLYCLARE,SOUTH ANTRIM,6.9,0.325,0.463,12.5
N20000122,BALLYCLARE,SOUTH ANTRIM,4.3,0.325,0.448,12.2
N20000123,BALLYCLARE,SOUTH ANTRIM,6.1,0.325,0.458,12.4
N20000124,THREE MILE WATER,SOUTH ANTRIM,10.1,0.05,0.282,9.2
N20000125,THREE MILE WATER,SOUTH ANTRIM,6.6,0.05,0.254,8.8
N20000126,THREE MILE WATER,EAST ANTRIM,16.6,0.05,0.332,10.1
N20000127,THREE MILE WATER,SOUTH ANTRIM,4.3,0.05,0.236,8.5
N20000128,THREE MILE WATER,EAST ANTRIM,14.8,0.05,0.317,9.8
N20000129,THREE MILE WATER,SOUTH ANTRIM,6.2,0.05,0.251,8.7
N20000130,THREE MILE WATER,SOUTH ANTRIM,7.8,0.05,0.264,8.9
N20000131,THREE MILE WATER,SOUTH ANTRIM,7.2,0.05,0.259,8.9
N20000132,THREE MILE WATER,EAST ANTRIM,23.4,0.05,0.386,11.0
N20000133,THREE MILE WATER,EAST ANTRIM,13.9,0.05,0.31,9.7
N20000134,THREE MILE WATER,EAST ANTRIM,23.9,0.05,0.39,11.1
N20000135,THREE MILE WATER,SOUTH ANTRIM,16.3,0.05,0.332,10.1
N20000136,THREE MILE WATER,SOUTH ANTRIM,9.1,0.05,0.274,9.1
N20000137,THREE MILE WATER,EAST ANTRIM,6.5,0.05,0.251,8.7
N20000138,THREE MILE WATER,EAST ANTRIM,4.8,0.05,0.237,8.5
N20000139,THREE MILE WATER,SOUTH ANTRIM,8.0,0.05,0.266,9.0
N20000140,THREE MILE WATER,EAST ANTRIM,31.0,0.05,0.447,12.2
N20000141,THREE MILE WATER,SOUTH ANTRIM,18.4,0.05,0.349,10.3
N20000143,THREE MILE WATER,EAST ANTRIM,21.3,0.05,0.369,10.7
N20000144,THREE MILE WATER,SOUTH ANTRIM,14.0,0.05,0.313,9.7
N20000145,THREE MILE WATER,SOUTH ANTRIM,6.2,0.05,0.251,8.7
N20000146,THREE MILE WATER,EAST ANTRIM,5.4,0.05,0.242,8.6
N20000149,THREE MILE WATER,EAST ANTRIM,20.6,0.05,0.364,10.6
N20000150,THREE MILE WATER,EAST ANTRIM,2.4,0.05,0.218,8.3
N20000151,THREE MILE WATER,SOUTH ANTRIM,12.2,0.05,0.299,9.5
N20000152,THREE MILE WATER,EAST ANTRIM,26.1,0.05,0.408,11.4
N20000153,THREE MILE WATER,EAST ANTRIM,2.4,0.05,0.218,8.3
N20000154,THREE MILE WATER,SOUTH ANTRIM,4.0,0.05,0.234,8.5
N20000156,THREE MILE WATER,SOUTH ANTRIM,14.3,0.05,0.316,9.8
N20000157,THREE MILE WATER,SOUTH ANTRIM,17.0,0.05,0.337,10.2
N20000158,THREE MILE WATER,EAST ANTRIM,18.8,0.05,0.349,10.4
N20000159,THREE MILE WATER,EAST ANTRIM,2.9,0.05,0.222,8.3
N20000160,THREE MILE WATER,EAST ANTRIM,26.9,0.05,0.414,11.6
N20000161,THREE MILE WATER,EAST ANTRIM,26.0,0.05,0.407,11.4
N20000162,THREE MILE WATER,EAST ANTRIM,19.6,0.05,0.356,10.5
N20000163,THREE MILE WATER,EAST ANTRIM,19.1,0.05,0.352,10.4
N20000164,MACEDON,BELFAST NORTH,29.3,0.495,0.702,17.4
N20000165,MACEDON,BELFAST NORTH,8.8,0.495,0.615,15.6
N20000166,MACEDON,EAST ANTRIM,23.6,0.495,0.663,16.6
N20000167,MACEDON,EAST ANTRIM,23.6,0.495,0.663,16.6
N20000168,MACEDON,BELFAST NORTH,6.2,0.495,0.604,15.3
N20000169,MACEDON,EAST ANTRIM,58.3,0.495,0.816,19.9
N20000170,MACEDON,BELFAST NORTH,7.9,0.495,0.611,15.5
N20000171,MACEDON,EAST ANTRIM,14.6,0.495,0.623,15.7
N20000172,MACEDON,EAST ANTRIM,41.2,0.495,0.741,18.2
N20000173,MACEDON,BELFAST NORTH,44.1,0.495,0.764,18.7
N20000174,MACEDON,BELFAST NORTH,2.1,0.495,0.587,15.0
N20000175,MACEDON,BELFAST NORTH,22.7,0.495,0.674,16.8
N20000176,MACEDON,BELFAST NORTH,9.5,0.495,0.618,15.6
N20000177,MACEDON,EAST ANTRIM,51.0,0.495,0.784,19.2
N20000178,MACEDON,BELFAST NORTH,53.5,0.495,0.804,19.6
N20000179,MACEDON,BELFAST NORTH,14.0,0.495,0.637,16.0
N20000180,MACEDON,BELFAST NORTH,2.3,0.495,0.588,15.0
N20000181,MACEDON,BELFAST NORTH,6.4,0.495,0.605,15.4
N20000182,MACEDON,BELFAST NORTH,3.9,0.495,0.594,15.1
N20000183,MACEDON,BELFAST NORTH,5.7,0.495,0.602,15.3
N20000184,MACEDON,BELFAST NORTH,3.7,0.495,0.594,15.1
N20000185,MACEDON,BELFAST NORTH,10.2,0.495,0.621,15.7
N20000186,MACEDON,BELFAST NORTH,30.0,0.495,0.705,17.5
N20000187,MACEDON,BELFAST NORTH,3.0,0.495,0.591,15.1
N20000188,MACEDON,BELFAST NORTH,21.6,0.495,0.669,16.7
N20000189,MACEDON,BELFAST NORTH,2.0,0.495,0.586,15.0
N20000190,MACEDON,BELFAST NORTH,6.9,0.495,0.607,15.4
N20000191,MACEDON,BELFAST NORTH,6.6,0.495,0.606,15.4
N20000193,MACEDON,BELFAST NORTH,4.3,0.495,0.596,15.2
N20000194,MACEDON,BELFAST NORTH,3.9,0.495,0.594,15.1
N20000196,MACEDON,BELFAST NORTH,6.1,0.495,0.604,15.3
N20000197,MACEDON,BELFAST NORTH,7.9,0.495,0.611,15.5
N20000198,MACEDON,BELFAST NORTH,5.8,0.495,0.602,15.3
N20000200,MACEDON,BELFAST NORTH,6.8,0.495,0.607,15.4
N20000201,MACEDON,BELFAST NORTH,40.3,0.495,0.748,18.4
N20000203,MACEDON,BELFAST NORTH,35.4,0.495,0.727,17.9
N20000204,MACEDON,BELFAST NORTH,33.2,0.495,0.718,17.7
N20000205,MACEDON,BELFAST NORTH,21.1,0.495,0.667,16.7
N20000206,MACEDON,BELFAST NORTH,22.7,0.495,0.674,16.8
N20000207,MACEDON,BELFAST NORTH,87.6,0.495,0.948,22.7
N20000208,MACEDON,BELFAST NORTH,79.0,0.495,0.911,21.9
N20000209,MACEDON,BELFAST NORTH,86.1,0.495,0.941,22.6
N20000210,MACEDON,BELFAST NORTH,85.5,0.495,0.939,22.5
N20000211,GLENGORMLEY URBAN,SOUTH ANTRIM,29.8,0.865,0.9,21.7
N20000212,GLENGORMLEY URBAN,SOUTH ANTRIM,5.8,0.865,0.866,20.9
N20000214,GLENGORMLEY URBAN,SOUTH ANTRIM,10.6,0.865,0.873,21.1
N20000215,GLENGORMLEY URBAN,SOUTH ANTRIM,26.8,0.865,0.896,21.6
N20000216,GLENGORMLEY URBAN,SOUTH ANTRIM,13.5,0.865,0.877,21.2
N20000217,GLENGORMLEY URBAN,SOUTH ANTRIM,17.6,0.865,0.883,21.3
N20000218,GLENGORMLEY URBAN,SOUTH ANTRIM,17.0,0.865,0.882,21.3
N20000219,GLENGORMLEY URBAN,SOUTH ANTRIM,45.6,0.865,0.923,22.2
N20000220,GLENGORMLEY URBAN,SOUTH ANTRIM,19.7,0.865,0.886,21.4
N20000221,GLENGORMLEY URBAN,SOUTH ANTRIM,16.9,0.865,0.882,21.3
N20000222,GLENGORMLEY URBAN,BELFAST NORTH,20.2,0.865,0.885,21.4
N20000223,GLENGORMLEY URBAN,SOUTH ANTRIM,27.4,0.865,0.897,21.6
N20000224,GLENGORMLEY URBAN,SOUTH ANTRIM,36.8,0.865,0.91,21.9
N20000225,GLENGORMLEY URBAN,BELFAST NORTH,12.2,0.865,0.874,21.1
N20000226,GLENGORMLEY URBAN,SOUTH ANTRIM,27.4,0.865,0.897,21.6
N20000227,GLENGORMLEY URBAN,BELFAST NORTH,32.9,0.865,0.904,21.8
N20000228,GLENGORMLEY URBAN,BELFAST NORTH,16.5,0.865,0.88,21.2
N20000229,GLENGORMLEY URBAN,BELFAST NORTH,12.7,0.865,0.875,21.1
N20000230,GLENGORMLEY URBAN,BELFAST NORTH,31.2,0.865,0.901,21.7
N20000231,GLENGORMLEY URBAN,BELFAST NORTH,44.6,0.865,0.92,22.1
N20000232,GLENGORMLEY URBAN,BELFAST NORTH,51.2,0.865,0.93,22.3
N20000233,GLENGORMLEY URBAN,BELFAST NORTH,53.9,0.865,0.934,22.4
N20000234,GLENGORMLEY URBAN,BELFAST NORTH,55.6,0.865,0.936,22.5
N20000235,GLENGORMLEY URBAN,BELFAST NORTH,44.6,0.865,0.92,22.1
N20000236,GLENGORMLEY URBAN,BELFAST NORTH,37.0,0.865,0.909,21.9
N20000237,GLENGORMLEY URBAN,BELFAST NORTH,31.1,0.865,0.901,21.7
N20000238,GLENGORMLEY URBAN,BELFAST NORTH,67.7,0.865,0.954,22.9
N20000239,GLENGORMLEY URBAN,BELFAST NORTH,42.5,0.865,0.917,22.1
N20000240,GLENGORMLEY URBAN,BELFAST NORTH,57.1,0.865,0.938,22.5
N20000241,GLENGORMLEY URBAN,BELFAST NORTH,28.9,0.865,0.898,21.6
N20000242,GLENGORMLEY URBAN,BELFAST NORTH,23.8,0.865,0.891,21.5
N20000243,GLENGORMLEY URBAN,BELFAST NORTH,72.5,0.865,0.96,23.0
N20000244,GLENGORMLEY URBAN,BELFAST NORTH,76.4,0.865,0.966,23.1
N20000245,GLENGORMLEY URBAN,BELFAST NORTH,88.9,0.865,0.984,23.5
N20000246,GLENGORMLEY URBAN,BELFAST NORTH,77.4,0.865,0.968,23.2
N20000247,GLENGORMLEY URBAN,BELFAST NORTH,67.9,0.865,0.954,22.9
N20000249,GLENGORMLEY URBAN,BELFAST NORTH,82.8,0.865,0.975,23.3
N20000250,GLENGORMLEY URBAN,BELFAST NORTH,85.0,0.865,0.978,23.4
N20000251,GLENGORMLEY URBAN,SOUTH ANTRIM,85.0,0.865,0.979,23.4
N20000252,GLENGORMLEY URBAN,BELFAST NORTH,82.3,0.865,0.975,23.3
N20000254,GLENGORMLEY URBAN,BELFAST NORTH,80.0,0.865,0.971,23.2
N20000255,GLENGORMLEY URBAN,BELFAST NORTH,83.6,0.865,0.976,23.4
N20000256,GLENGORMLEY URBAN,BELFAST NORTH,81.9,0.865,0.974,23.3
N20000257,AIRPORT,SOUTH ANTRIM,16.7,0.07,0.348,10.3
N20000258,AIRPORT,SOUTH ANTRIM,13.6,0.07,0.324,9.9
N20000259,AIRPORT,SOUTH ANTRIM,12.2,0.07,0.313,9.7
N20000260,AIRPORT,SOUTH ANTRIM,16.8,0.07,0.349,10.4
N20000261,AIRPORT,SOUTH ANTRIM,9.0,0.07,0.288,9.3
N20000262,AIRPORT,SOUTH ANTRIM,14.2,0.07,0.329,10.0
N20000263,AIRPORT,SOUTH ANTRIM,18.0,0.07,0.359,10.5
N20000264,AIRPORT,SOUTH ANTRIM,28.3,0.07,0.439,12.0
N20000265,AIRPORT,SOUTH ANTRIM,35.6,0.07,0.496,13.1
N20000266,AIRPORT,SOUTH ANTRIM,17.4,0.07,0.354,10.4
N20000267,AIRPORT,SOUTH ANTRIM,61.0,0.07,0.695,17.3
N20000268,AIRPORT,SOUTH ANTRIM,29.7,0.07,0.45,12.2
N20000270,AIRPORT,SOUTH ANTRIM,68.4,0.07,0.753,18.5
N20000271,AIRPORT,SOUTH ANTRIM,57.3,0.07,0.666,16.6
N20000272,AIRPORT,SOUTH ANTRIM,65.9,0.07,0.733,18.1
N20000273,AIRPORT,SOUTH ANTRIM,79.2,0.07,0.837,20.3
N20000274,AIRPORT,SOUTH ANTRIM,11.0,0.07,0.304,9.6
N20000275,AIRPORT,SOUTH ANTRIM,61.7,0.07,0.7,17.4
N20000276,AIRPORT,SOUTH ANTRIM,68.3,0.07,0.752,18.5
N20000277,AIRPORT,SOUTH ANTRIM,88.6,0.07,0.911,21.9
N20000278,AIRPORT,SOUTH ANTRIM,17.0,0.07,0.351,10.4
N20000279,AIRPORT,SOUTH ANTRIM,24.0,0.07,0.405,11.4
N20000280,AIRPORT,SOUTH ANTRIM,15.4,0.07,0.338,10.2
N20000282,AIRPORT,SOUTH ANTRIM,54.5,0.07,0.644,16.2
N20000283,AIRPORT,SOUTH ANTRIM,75.4,0.07,0.808,19.7
N20000284,AIRPORT,SOUTH ANTRIM,79.8,0.07,0.842,20.4
N20000285,AIRPORT,SOUTH ANTRIM,34.5,0.07,0.488,13.0
N20000286,AIRPORT,SOUTH ANTRIM,86.1,0.07,0.891,21.5
N20000287,AIRPORT,SOUTH ANTRIM,89.1,0.07,0.915,22.0
N20000288,AIRPORT,SOUTH ANTRIM,63.4,0.07,0.714,17.7
N20000289,AIRPORT,SOUTH ANTRIM,74.4,0.07,0.8,19.5
N20000290,AIRPORT,SOUTH ANTRIM,70.9,0.07,0.772,18.9
N20000291,AIRPORT,SOUTH ANTRIM,67.9,0.07,0.749,18.4
N20000292,AIRPORT,SOUTH ANTRIM,87.0,0.07,0.898,21.6
N20000293,AIRPORT,SOUTH ANTRIM,59.8,0.07,0.686,17.1
N20000294,AIRPORT,SOUTH ANTRIM,88.9,0.07,0.913,22.0
N20000295,ARMAGH,NEWRY AND ARMAGH,62.5,0.125,0.716,17.7
N20000296,ARMAGH,NEWRY AND ARMAGH,54.6,0.125,0.656,16.4
N20000297,ARMAGH,NEWRY AND ARMAGH,87.6,0.125,0.906,21.8
N20000298,ARMAGH,NEWRY AND ARMAGH,90.3,0.125,0.927,22.3
N20000299,ARMAGH,NEWRY AND ARMAGH,68.5,0.125,0.761,18.7
N20000300,ARMAGH,NEWRY AND ARMAGH,84.9,0.125,0.886,21.4
N20000301,ARMAGH,NEWRY AND ARMAGH,76.3,0.125,0.821,19.9
N20000303,ARMAGH,NEWRY AND ARMAGH,92.3,0.125,0.942,22.6
N20000304,ARMAGH,NEWRY AND ARMAGH,60.7,0.125,0.702,17.4
N20000305,ARMAGH,NEWRY AND ARMAGH,24.3,0.125,0.427,11.8
N20000306,ARMAGH,NEWRY AND ARMAGH,51.9,0.125,0.636,16.0
N20000307,ARMAGH,NEWRY AND ARMAGH,50.3,0.125,0.624,15.8
N20000308,ARMAGH,NEWRY AND ARMAGH,50.3,0.125,0.624,15.8
N20000310,ARMAGH,NEWRY AND ARMAGH,59.5,0.125,0.693,17.2
N20000311,ARMAGH,NEWRY AND ARMAGH,62.4,0.125,0.715,17.7
N20000312,ARMAGH,NEWRY AND ARMAGH,78.5,0.125,0.837,20.3
N20000313,ARMAGH,NEWRY AND ARMAGH,71.1,0.125,0.781,19.1
N20000314,ARMAGH,NEWRY AND ARMAGH,25.5,0.125,0.436,12.0
N20000315,ARMAGH,NEWRY AND ARMAGH,43.9,0.125,0.575,14.7
N20000316,ARMAGH,NEWRY AND ARMAGH,82.9,0.125,0.871,21.0
N20000317,ARMAGH,NEWRY AND ARMAGH,86.7,0.125,0.899,21.7
N20000318,ARMAGH,NEWRY AND ARMAGH,87.7,0.125,0.907,21.8
N20000319,ARMAGH,NEWRY AND ARMAGH,71.1,0.125,0.781,19.1
N20000320,ARMAGH,NEWRY AND ARMAGH,27.6,0.125,0.452,12.3
N20000321,ARMAGH,NEWRY AND ARMAGH,92.7,0.125,0.945,22.7
N20000322,ARMAGH,NEWRY AND ARMAGH,91.4,0.125,0.935,22.4
N20000323,ARMAGH,NEWRY AND ARMAGH,75.7,0.125,0.816,19.9
N20000324,ARMAGH,NEWRY AND ARMAGH,48.1,0.125,0.607,15.4
N20000325,ARMAGH,NEWRY AND ARMAGH,47.9,0.125,0.605,15.4
N20000326,ARMAGH,NEWRY AND ARMAGH,9.4,0.125,0.314,9.7
N20000328,ARMAGH,NEWRY AND ARMAGH,52.2,0.125,0.638,16.1
N20000329,ARMAGH,NEWRY AND ARMAGH,88.5,0.125,0.913,22.0
N20000330,ARMAGH,NEWRY AND ARMAGH,84.2,0.125,0.88,21.3
N20000331,ARMAGH,NEWRY AND ARMAGH,84.7,0.125,0.884,21.3
N20000332,ARMAGH,NEWRY AND ARMAGH,58.6,0.125,0.687,17.1
N20000334,ARMAGH,NEWRY AND ARMAGH,53.5,0.125,0.648,16.3
N20000335,ARMAGH,NEWRY AND ARMAGH,83.7,0.125,0.877,21.2
N20000336,ARMAGH,NEWRY AND ARMAGH,65.8,0.125,0.741,18.2
N20000337,ARMAGH,NEWRY AND ARMAGH,67.4,0.125,0.753,18.5
N20000338,ARMAGH,NEWRY AND ARMAGH,25.7,0.125,0.437,12.0
N20000339,ARMAGH,NEWRY AND ARMAGH,65.2,0.125,0.736,18.1
N20000340,ARMAGH,NEWRY AND ARMAGH,32.4,0.125,0.488,13.0
N20000341,ARMAGH,NEWRY AND ARMAGH,71.7,0.125,0.786,19.2
N20000342,ARMAGH,NEWRY AND ARMAGH,87.8,0.125,0.908,21.8
N20000343,ARMAGH,NEWRY AND ARMAGH,54.3,0.125,0.654,16.4
N20000344,ARMAGH,NEWRY AND ARMAGH,55.7,0.125,0.665,16.6
N20000346,ARMAGH,NEWRY AND ARMAGH,65.5,0.125,0.739,18.2
N20000348,ARMAGH,NEWRY AND ARMAGH,89.1,0.125,0.917,22.1
N20000350,ARMAGH,NEWRY AND ARMAGH,91.4,0.125,0.935,22.4
N20000351,ARMAGH,NEWRY AND ARMAGH,87.0,0.125,0.902,21.7
N20000352,ARMAGH,NEWRY AND ARMAGH,83.9,0.125,0.878,21.2
N20000353,ARMAGH,NEWRY AND ARMAGH,84.9,0.125,0.886,21.4
N20000354,ARMAGH,NEWRY AND ARMAGH,78.6,0.125,0.838,20.3
N20000355,ARMAGH,NEWRY AND ARMAGH,94.3,0.125,0.957,22.9
N20000356,PORTADOWN,UPPER BANN,53.2,0.7,0.871,21.1
N20000357,PORTADOWN,FERMANAGH AND SOUTH TYRONE,6.5,0.7,0.737,18.1
N20000358,PORTADOWN,UPPER BANN,36.9,0.7,0.827,20.1
N20000360,PORTADOWN,UPPER BANN,47.9,0.7,0.857,20.7
N20000361,PORTADOWN,FERMANAGH AND SOUTH TYRONE,63.2,0.7,0.896,21.6
N20000362,PORTADOWN,FERMANAGH AND SOUTH TYRONE,20.3,0.7,0.776,19.0
N20000364,PORTADOWN,UPPER BANN,33.6,0.7,0.818,19.9
N20000366,PORTADOWN,UPPER BANN,23.9,0.7,0.791,19.3
N20000367,PORTADOWN,NEWRY AND ARMAGH,40.9,0.7,0.836,20.3
N20000368,PORTADOWN,UPPER BANN,15.6,0.7,0.768,18.8
N20000371,PORTADOWN,UPPER BANN,90.1,0.7,0.973,23.3
N20000372,PORTADOWN,UPPER BANN,89.6,0.7,0.971,23.2
N20000373,PORTADOWN,UPPER BANN,92.7,0.7,0.98,23.4
N20000375,PORTADOWN,UPPER BANN,85.7,0.7,0.961,23.0
N20000377,PORTADOWN,UPPER BANN,30.5,0.7,0.809,19.7
N20000378,PORTADOWN,UPPER BANN,94.0,0.7,0.984,23.5
N20000379,PORTADOWN,UPPER BANN,79.6,0.7,0.944,22.6
N20000380,PORTADOWN,UPPER BANN,72.0,0.7,0.923,22.2
N20000381,PORTADOWN,UPPER BANN,84.2,0.7,0.957,22.9
N20000382,PORTADOWN,UPPER BANN,75.1,0.7,0.932,22.4
N20000383,PORTADOWN,UPPER BANN,29.0,0.7,0.805,19.6
N20000384,PORTADOWN,UPPER BANN,11.1,0.7,0.756,18.6
N20000385,PORTADOWN,UPPER BANN,12.9,0.7,0.761,18.7
N20000386,PORTADOWN,UPPER BANN,78.3,0.7,0.94,22.6
N20000387,PORTADOWN,UPPER BANN,11.8,0.7,0.758,18.6
N20000388,PORTADOWN,UPPER BANN,11.3,0.7,0.756,18.6
N20000389,PORTADOWN,UPPER BANN,17.1,0.7,0.772,18.9
N20000390,PORTADOWN,UPPER BANN,17.8,0.7,0.774,18.9
N20000392,PORTADOWN,UPPER BANN,9.3,0.7,0.751,18.4
N20000393,PORTADOWN,UPPER BANN,25.8,0.7,0.796,19.4
N20000395,PORTADOWN,UPPER BANN,42.4,0.7,0.842,20.4
N20000396,PORTADOWN,UPPER BANN,10.6,0.7,0.754,18.5
N20000397,PORTADOWN,UPPER BANN,3.9,0.7,0.736,18.1
N20000398,PORTADOWN,UPPER BANN,31.7,0.7,0.812,19.8
N20000400,PORTADOWN,UPPER BANN,42.5,0.7,0.842,20.4
N20000401,PORTADOWN,NEWRY AND ARMAGH,69.2,0.7,0.914,22.0
N20000402,PORTADOWN,UPPER BANN,16.8,0.7,0.771,18.9
N20000403,PORTADOWN,UPPER BANN,40.7,0.7,0.837,20.3
N20000404,PORTADOWN,UPPER BANN,17.7,0.7,0.774,18.9
N20000405,PORTADOWN,UPPER BANN,29.0,0.7,0.805,19.6
N20000407,PORTADOWN,UPPER BANN,14.5,0.7,0.765,18.8
N20000408,PORTADOWN,NEWRY AND ARMAGH,20.5,0.7,0.779,19.0
N20000409,PORTADOWN,UPPER BANN,5.7,0.7,0.741,18.2
N20000410,PORTADOWN,UPPER BANN,16.4,0.7,0.77,18.9
N20000411,PORTADOWN,UPPER BANN,37.1,0.7,0.827,20.1
N20000412,PORTADOWN,UPPER BANN,20.0,0.7,0.78,19.1
N20000413,PORTADOWN,UPPER BANN,23.6,0.7,0.79,19.3
N20000414,PORTADOWN,UPPER BANN,19.0,0.7,0.778,19.0
N20000415,PORTADOWN,UPPER BANN,19.2,0.7,0.778,19.0
N20000416,PORTADOWN,NEWRY AND ARMAGH,33.3,0.7,0.814,19.8
N20000417,PORTADOWN,UPPER BANN,8.5,0.7,0.749,18.4
N20000418,PORTADOWN,NEWRY AND ARMAGH,38.1,0.7,0.828,20.1
N20000419,PORTADOWN,UPPER BANN,23.4,0.7,0.79,19.3
N20000420,PORTADOWN,UPPER BANN,18.0,0.7,0.775,19.0
N20000422,CRAIGAVON,UPPER BANN,77.6,0.33,0.872,21.1
N20000423,CRAIGAVON,UPPER BANN,93.0,0.33,0.96,23.0
N20000424,CRAIGAVON,UPPER BANN,82.4,0.33,0.899,21.7
N20000425,CRAIGAVON,UPPER BANN,78.7,0.33,0.878,21.2
N20000426,CRAIGAVON,UPPER BANN,95.8,0.33,0.976,23.3
N20000427,CRAIGAVON,UPPER BANN,92.9,0.33,0.959,23.0
N20000428,CRAIGAVON,UPPER BANN,91.7,0.33,0.952,22.8
N20000429,CRAIGAVON,UPPER BANN,91.5,0.33,0.951,22.8
N20000430,CRAIGAVON,UPPER BANN,22.6,0.33,0.557,14.4
N20000431,CRAIGAVON,UPPER BANN,90.7,0.33,0.947,22.7
N20000432,CRAIGAVON,UPPER BANN,92.4,0.33,0.956,22.9
N20000433,CRAIGAVON,UPPER BANN,61.5,0.33,0.78,19.1
N20000434,CRAIGAVON,UPPER BANN,54.8,0.33,0.741,18.2
N20000435,CRAIGAVON,UPPER BANN,75.7,0.33,0.861,20.8
N20000436,CRAIGAVON,UPPER BANN,60.3,0.33,0.773,18.9
N20000437,CRAIGAVON,UPPER BANN,55.6,0.33,0.746,18.3
N20000438,CRAIGAVON,UPPER BANN,51.7,0.33,0.723,17.9
N20000439,CRAIGAVON,UPPER BANN,91.5,0.33,0.951,22.8
N20000440,CRAIGAVON,UPPER BANN,20.5,0.33,0.545,14.1
N20000441,CRAIGAVON,UPPER BANN,70.2,0.33,0.829,20.1
N20000442,CRAIGAVON,UPPER BANN,76.5,0.33,0.865,20.9
N20000443,CRAIGAVON,UPPER BANN,37.1,0.33,0.64,16.1
N20000444,CRAIGAVON,UPPER BANN,53.6,0.33,0.734,18.1
N20000445,CRAIGAVON,UPPER BANN,65.9,0.33,0.805,19.6
N20000446,CRAIGAVON,UPPER BANN,33.6,0.33,0.62,15.7
N20000447,CRAIGAVON,UPPER BANN,42.8,0.33,0.672,16.8
N20000448,CRAIGAVON,UPPER BANN,84.5,0.33,0.911,21.9
N20000449,CRAIGAVON,UPPER BANN,79.4,0.33,0.882,21.3
N20000450,CRAIGAVON,UPPER BANN,8.6,0.33,0.477,12.8
N20000451,CRAIGAVON,UPPER BANN,26.1,0.33,0.577,14.8
N20000452,CRAIGAVON,UPPER BANN,82.6,0.33,0.9,21.7
N20000453,CRAIGAVON,UPPER BANN,81.3,0.33,0.893,21.5
N20000454,CRAIGAVON,UPPER BANN,80.1,0.33,0.886,21.4
N20000455,CRAIGAVON,UPPER BANN,22.8,0.33,0.558,14.4
N20000456,CRAIGAVON,UPPER BANN,14.2,0.33,0.509,13.4
N20000457,CRAIGAVON,UPPER BANN,14.0,0.33,0.508,13.4
N20000458,CRAIGAVON,UPPER BANN,41.4,0.33,0.664,16.6
N20000459,CRAIGAVON,UPPER BANN,18.4,0.33,0.533,13.9
N20000460,CRAIGAVON,UPPER BANN,18.8,0.33,0.535,13.9
N20000461,CRAIGAVON,UPPER BANN,16.7,0.33,0.523,13.7
N20000462,CRAIGAVON,UPPER BANN,8.8,0.33,0.478,12.8
N20000463,CRAIGAVON,UPPER BANN,7.3,0.33,0.469,12.6
N20000464,CRAIGAVON,UPPER BANN,14.0,0.33,0.508,13.4
N20000465,CRAIGAVON,UPPER BANN,47.2,0.33,0.698,17.3
N20000466,CRAIGAVON,UPPER BANN,8.2,0.33,0.474,12.7
N20000467,CRAIGAVON,UPPER BANN,47.2,0.33,0.698,17.3
N20000468,CRAIGAVON,UPPER BANN,17.2,0.33,0.526,13.7
N20000469,CRAIGAVON,UPPER BANN,10.4,0.33,0.487,13.0
N20000470,CRAIGAVON,UPPER BANN,8.7,0.33,0.477,12.8
N20000472,CRAIGAVON,UPPER BANN,12.8,0.33,0.501,13.2
N20000473,CRAIGAVON,UPPER BANN,30.7,0.33,0.603,15.3
N20000474,CRAIGAVON,UPPER BANN,15.6,0.33,0.517,13.6
N20000475,CRAIGAVON,UPPER BANN,9.4,0.33,0.481,12.8
N20000476,LURGAN,UPPER BANN,79.7,0.1,0.846,20.5
N20000477,LURGAN,UPPER BANN,89.4,0.1,0.92,22.1
N20000478,LURGAN,UPPER BANN,80.6,0.1,0.853,20.7
N20000481,LURGAN,UPPER BANN,91.9,0.1,0.939,22.5
N20000482,LURGAN,UPPER BANN,59.9,0.1,0.696,17.3
N20000483,LURGAN,UPPER BANN,93.8,0.1,0.953,22.8
N20000484,LURGAN,UPPER BANN,93.0,0.1,0.947,22.7
N20000488,LURGAN,UPPER BANN,54.8,0.1,0.657,16.5
N20000489,LURGAN,UPPER BANN,96.6,0.1,0.974,23.3
N20000490,LURGAN,UPPER BANN,94.9,0.1,0.961,23.0
N20000492,LURGAN,UPPER BANN,96.6,0.1,0.974,23.3
N20000493,LURGAN,UPPER BANN,95.0,0.1,0.962,23.0
N20000494,LURGAN,UPPER BANN,95.6,0.1,0.967,23.1
N20000495,LURGAN,UPPER BANN,94.9,0.1,0.961,23.0
N20000496,LURGAN,UPPER BANN,87.5,0.1,0.905,21.8
N20000498,LURGAN,UPPER BANN,68.3,0.1,0.76,18.6
N20000500,LURGAN,UPPER BANN,82.0,0.1,0.864,20.9
N20000501,LURGAN,UPPER BANN,24.0,0.1,0.424,11.7
N20000502,LURGAN,UPPER BANN,31.6,0.1,0.482,12.9
N20000503,LURGAN,UPPER BANN,94.4,0.1,0.958,22.9
N20000504,LURGAN,UPPER BANN,76.8,0.1,0.824,20.0
N20000505,LURGAN,UPPER BANN,86.9,0.1,0.901,21.7
N20000506,LURGAN,UPPER BANN,78.6,0.1,0.838,20.3
N20000507,LURGAN,UPPER BANN,29.8,0.1,0.468,12.6
N20000508,LURGAN,UPPER BANN,85.0,0.1,0.886,21.4
N20000509,LURGAN,UPPER BANN,82.1,0.1,0.864,20.9
N20000510,LURGAN,UPPER BANN,12.3,0.1,0.335,10.1
N20000512,LURGAN,UPPER BANN,73.1,0.1,0.796,19.4
N20000513,LURGAN,UPPER BANN,36.5,0.1,0.519,13.6
N20000514,LURGAN,UPPER BANN,22.6,0.1,0.413,11.5
N20000515,LURGAN,UPPER BANN,36.9,0.1,0.522,13.7
N20000516,LURGAN,UPPER BANN,86.6,0.1,0.898,21.6
N20000517,LURGAN,UPPER BANN,7.0,0.1,0.295,9.4
N20000518,LURGAN,UPPER BANN,6.0,0.1,0.288,9.3
N20000519,LURGAN,UPPER BANN,14.1,0.1,0.349,10.4
N20000520,LURGAN,UPPER BANN,7.0,0.1,0.295,9.4
N20000521,LURGAN,UPPER BANN,32.8,0.1,0.491,13.0
N20000522,LURGAN,UPPER BANN,92.2,0.1,0.941,22.6
N20000523,LURGAN,UPPER BANN,13.6,0.1,0.345,10.3
N20000524,LURGAN,UPPER BANN,75.7,0.1,0.816,19.8
N20000526,LURGAN,UPPER BANN,18.2,0.1,0.38,10.9
N20000527,LURGAN,UPPER BANN,31.0,0.1,0.477,12.8
N20000528,LURGAN,UPPER BANN,93.5,0.1,0.951,22.8
N20000529,LURGAN,UPPER BANN,18.8,0.1,0.385,11.0
N20000530,LURGAN,UPPER BANN,92.7,0.1,0.945,22.7
N20000531,LURGAN,UPPER BANN,8.5,0.1,0.307,9.6
N20000532,LURGAN,UPPER BANN,87.4,0.1,0.905,21.8
N20000533,LURGAN,UPPER BANN,12.3,0.1,0.335,10.1
N20000534,LURGAN,UPPER BANN,23.0,0.1,0.416,11.6
N20000535,LURGAN,UPPER BANN,80.2,0.1,0.85,20.6
N20000536,LURGAN,UPPER BANN,82.9,0.1,0.87,21.0
N20000537,LURGAN,UPPER BANN,8.0,0.1,0.303,9.6
N20000538,LURGAN,UPPER BANN,90.1,0.1,0.925,22.2
N20000539,LURGAN,UPPER BANN,14.3,0.1,0.351,10.4
N20000540,LURGAN,UPPER BANN,20.7,0.1,0.399,11.3
N20000542,LURGAN,UPPER BANN,13.8,0.1,0.347,10.3
N20000543,LURGAN,UPPER BANN,94.4,0.1,0.958,22.9
N20000544,LURGAN,UPPER BANN,9.6,0.1,0.315,9.8
N20000545,LURGAN,UPPER BANN,7.0,0.1,0.295,9.4
N20000546,LURGAN,UPPER BANN,18.3,0.1,0.381,10.9
N20000547,LURGAN,UPPER BANN,13.4,0.1,0.344,10.3
N20000548,LURGAN,UPPER BANN,12.2,0.1,0.335,10.1
N20000549,LURGAN,UPPER BANN,8.2,0.1,0.304,9.6
N20000550,LURGAN,UPPER BANN,18.6,0.1,0.383,11.0
N20000551,LAGAN RIVER,UPPER BANN,9.2,0.1,0.312,9.7
N20000552,LAGAN RIVER,UPPER BANN,8.7,0.1,0.308,9.6
N20000553,LAGAN RIVER,UPPER BANN,11.9,0.1,0.332,10.1
N20000554,LAGAN RIVER,UPPER BANN,11.4,0.1,0.329,10.0
N20000555,LAGAN RIVER,UPPER BANN,5.1,0.1,0.281,9.2
N20000556,LAGAN RIVER,UPPER BANN,12.7,0.1,0.338,10.2
N20000557,LAGAN RIVER,UPPER BANN,6.1,0.1,0.288,9.3
N20000558,LAGAN RIVER,UPPER BANN,9.9,0.1,0.317,9.8
N20000559,LAGAN RIVER,UPPER BANN,5.9,0.1,0.287,9.3
N20000560,LAGAN RIVER,LAGAN VALLEY,19.4,0.1,0.385,11.0
N20000561,LAGAN RIVER,UPPER BANN,7.9,0.1,0.302,9.5
N20000562,LAGAN RIVER,LAGAN VALLEY,8.6,0.1,0.303,9.6
N20000563,LAGAN RIVER,LAGAN VALLEY,26.4,0.1,0.439,12.0
N20000564,LAGAN RIVER,UPPER BANN,9.2,0.1,0.312,9.7
N20000565,LAGAN RIVER,LAGAN VALLEY,20.6,0.1,0.394,11.2
N20000566,LAGAN RIVER,LAGAN VALLEY,14.3,0.1,0.346,10.3
N20000567,LAGAN RIVER,UPPER BANN,5.4,0.1,0.283,9.2
N20000568,LAGAN RIVER,LAGAN VALLEY,16.5,0.1,0.363,10.6
N20000569,LAGAN RIVER,UPPER BANN,19.7,0.1,0.391,11.1
N20000570,LAGAN RIVER,LAGAN VALLEY,24.6,0.1,0.425,11.8
N20000571,LAGAN RIVER,LAGAN VALLEY,19.0,0.1,0.382,11.0
N20000572,LAGAN RIVER,UPPER BANN,5.9,0.1,0.287,9.3
N20000573,LAGAN RIVER,LAGAN VALLEY,18.6,0.1,0.379,10.9
N20000574,LAGAN RIVER,LAGAN VALLEY,15.5,0.1,0.356,10.5
N20000575,LAGAN RIVER,LAGAN VALLEY,15.4,0.1,0.355,10.5
N20000577,LAGAN RIVER,LAGAN VALLEY,12.1,0.1,0.33,10.0
N20000578,LAGAN RIVER,LAGAN VALLEY,18.3,0.1,0.377,10.9
N20000579,LAGAN RIVER,LAGAN VALLEY,10.9,0.1,0.321,9.9
N20000580,LAGAN RIVER,UPPER BANN,17.9,0.1,0.378,10.9
N20000581,LAGAN RIVER,UPPER BANN,6.7,0.1,0.293,9.4
N20000582,LAGAN RIVER,LAGAN VALLEY,12.2,0.1,0.33,10.0
N20000583,LAGAN RIVER,LAGAN VALLEY,13.3,0.1,0.339,10.2
N20000584,LAGAN RIVER,LAGAN VALLEY,12.2,0.1,0.33,10.0
N20000585,LAGAN RIVER,UPPER BANN,18.2,0.1,0.38,10.9
N20000586,LAGAN RIVER,LAGAN VALLEY,10.9,0.1,0.321,9.9
N20000587,LAGAN RIVER,LAGAN VALLEY,11.0,0.1,0.321,9.9
N20000589,LAGAN RIVER,LAGAN VALLEY,5.8,0.1,0.282,9.2
N20000590,LAGAN RIVER,LAGAN VALLEY,26.7,0.1,0.441,12.1
N20000591,LAGAN RIVER,SOUTH DOWN,19.2,0.1,0.383,11.0
N20000592,LAGAN RIVER,SOUTH DOWN,41.4,0.1,0.552,14.3
N20000593,LAGAN RIVER,SOUTH DOWN,24.0,0.1,0.42,11.7
N20000594,BANBRIDGE,UPPER BANN,24.8,0.205,0.494,13.1
N20000595,BANBRIDGE,UPPER BANN,38.3,0.205,0.585,14.9
N20000597,BANBRIDGE,UPPER BANN,60.8,0.205,0.736,18.1
N20000598,BANBRIDGE,UPPER BANN,53.9,0.205,0.69,17.1
N20000599,BANBRIDGE,UPPER BANN,22.8,0.205,0.48,12.8
N20000600,BANBRIDGE,UPPER BANN,65.0,0.205,0.764,18.7
N20000601,BANBRIDGE,UPPER BANN,39.2,0.205,0.591,15.1
N20000602,BANBRIDGE,UPPER BANN,36.4,0.205,0.572,14.7
N20000603,BANBRIDGE,UPPER BANN,18.5,0.205,0.451,12.3
N20000604,BANBRIDGE,UPPER BANN,21.9,0.205,0.474,12.7
N20000605,BANBRIDGE,UPPER BANN,64.3,0.205,0.76,18.6
N20000606,BANBRIDGE,UPPER BANN,48.8,0.205,0.655,16.4
N20000608,BANBRIDGE,UPPER BANN,29.2,0.205,0.523,13.7
N20000609,BANBRIDGE,UPPER BANN,36.3,0.205,0.571,14.7
N20000610,BANBRIDGE,UPPER BANN,29.1,0.205,0.523,13.7
N20000611,BANBRIDGE,UPPER BANN,33.8,0.205,0.554,14.3
N20000612,BANBRIDGE,UPPER BANN,36.7,0.205,0.574,14.7
N20000613,BANBRIDGE,UPPER BANN,32.6,0.205,0.546,14.2
N20000614,BANBRIDGE,SOUTH DOWN,24.2,0.205,0.486,12.9
N20000615,BANBRIDGE,UPPER BANN,46.1,0.205,0.637,16.0
N20000616,BANBRIDGE,UPPER BANN,38.4,0.205,0.585,15.0
N20000617,BANBRIDGE,UPPER BANN,35.1,0.205,0.563,14.5
N20000618,BANBRIDGE,UPPER BANN,39.6,0.205,0.593,15.1
N20000619,BANBRIDGE,UPPER BANN,60.6,0.205,0.735,18.1
N20000620,BANBRIDGE,UPPER BANN,39.1,0.205,0.59,15.1
N20000621,BANBRIDGE,UPPER BANN,50.8,0.205,0.669,16.7
N20000622,BANBRIDGE,UPPER BANN,50.5,0.205,0.667,16.7
N20000623,BANBRIDGE,UPPER BANN,30.5,0.205,0.532,13.9
N20000624,BANBRIDGE,UPPER BANN,45.2,0.205,0.631,15.9
N20000625,BANBRIDGE,UPPER BANN,51.1,0.205,0.671,16.7
N20000627,BANBRIDGE,UPPER BANN,41.0,0.205,0.603,15.3
N20000628,BANBRIDGE,UPPER BANN,19.2,0.205,0.456,12.4
N20000629,BANBRIDGE,UPPER BANN,23.9,0.205,0.488,13.0
N20000630,BANBRIDGE,UPPER BANN,36.4,0.205,0.572,14.7
N20000631,BANBRIDGE,UPPER BANN,37.5,0.205,0.579,14.8
N20000632,BANBRIDGE,UPPER BANN,40.7,0.205,0.601,15.3
N20000633,BANBRIDGE,UPPER BANN,22.9,0.205,0.481,12.8
N20000634,BANBRIDGE,UPPER BANN,13.4,0.205,0.417,11.6
N20000635,BANBRIDGE,UPPER BANN,36.9,0.205,0.575,14.7
N20000636,BANBRIDGE,UPPER BANN,27.7,0.205,0.513,13.5
N20000637,BANBRIDGE,UPPER BANN,25.8,0.205,0.5,13.2
N20000638,BANBRIDGE,UPPER BANN,24.2,0.205,0.49,13.0
N20000639,BANBRIDGE,UPPER BANN,27.8,0.205,0.514,13.5
N20000641,BANBRIDGE,UPPER BANN,38.9,0.205,0.589,15.0
N20000642,BANBRIDGE,UPPER BANN,52.0,0.205,0.677,16.9
N20000643,BANBRIDGE,UPPER BANN,38.8,0.205,0.588,15.0
N20000645,BANBRIDGE,SOUTH DOWN,45.3,0.205,0.629,15.9
N20000646,BANBRIDGE,UPPER BANN,57.0,0.205,0.71,17.6
N20000647,BANBRIDGE,UPPER BANN,54.7,0.205,0.695,17.3
N20000648,BANBRIDGE,SOUTH DOWN,17.2,0.205,0.438,12.0
N20000649,BANBRIDGE,UPPER BANN,35.7,0.205,0.567,14.6
N20000650,BANBRIDGE,SOUTH DOWN,18.5,0.205,0.447,12.2
N20000651,BANBRIDGE,SOUTH DOWN,64.6,0.205,0.76,18.6
N20000652,BANBRIDGE,UPPER BANN,41.9,0.205,0.609,15.4
N20000653,BANBRIDGE,SOUTH DOWN,33.7,0.205,0.55,14.2
N20000654,BANBRIDGE,NEWRY AND ARMAGH,69.9,0.205,0.792,19.3
N20000655,BANBRIDGE,SOUTH DOWN,6.1,0.205,0.363,10.6
N20000656,BANBRIDGE,SOUTH DOWN,17.4,0.205,0.44,12.0
N20000657,BANBRIDGE,SOUTH DOWN,22.9,0.205,0.477,12.8
N20000658,BANBRIDGE,SOUTH DOWN,25.3,0.205,0.493,13.1
N20000659,BANBRIDGE,SOUTH DOWN,49.2,0.205,0.655,16.4
N20000660,BANBRIDGE,SOUTH DOWN,33.0,0.205,0.546,14.1
N20000661,BANBRIDGE,SOUTH DOWN,43.5,0.205,0.617,15.6
N20000663,BANBRIDGE,SOUTH DOWN,38.6,0.205,0.583,14.9
N20000664,CUSHER,NEWRY AND ARMAGH,5.9,0.58,0.644,16.2
N20000665,CUSHER,NEWRY AND ARMAGH,11.1,0.58,0.664,16.6
N20000666,CUSHER,NEWRY AND ARMAGH,4.5,0.58,0.639,16.1
N20000667,CUSHER,NEWRY AND ARMAGH,14.5,0.58,0.677,16.9
N20000668,CUSHER,NEWRY AND ARMAGH,10.6,0.58,0.662,16.6
N20000669,CUSHER,NEWRY AND ARMAGH,8.2,0.58,0.653,16.4
N20000670,CUSHER,NEWRY AND ARMAGH,7.8,0.58,0.651,16.3
N20000671,CUSHER,NEWRY AND ARMAGH,8.1,0.58,0.652,16.4
N20000672,CUSHER,NEWRY AND ARMAGH,9.2,0.58,0.657,16.4
N20000674,CUSHER,NEWRY AND ARMAGH,17.9,0.58,0.689,17.1
N20000675,CUSHER,NEWRY AND ARMAGH,4.3,0.58,0.638,16.1
N20000677,CUSHER,NEWRY AND ARMAGH,4.1,0.58,0.637,16.0
N20000678,CUSHER,NEWRY AND ARMAGH,8.6,0.58,0.654,16.4
N20000679,CUSHER,NEWRY AND ARMAGH,9.0,0.58,0.656,16.4
N20000680,CUSHER,NEWRY AND ARMAGH,9.9,0.58,0.659,16.5
N20000681,CUSHER,NEWRY AND ARMAGH,11.4,0.58,0.665,16.6
N20000682,CUSHER,NEWRY AND ARMAGH,13.1,0.58,0.671,16.8
N20000684,CUSHER,NEWRY AND ARMAGH,14.9,0.58,0.678,16.9
N20000685,CUSHER,NEWRY AND ARMAGH,16.0,0.58,0.682,17.0
N20000686,CUSHER,NEWRY AND ARMAGH,12.6,0.58,0.669,16.7
N20000687,CUSHER,NEWRY AND ARMAGH,9.2,0.58,0.657,16.4
N20000688,CUSHER,NEWRY AND ARMAGH,20.4,0.58,0.699,17.3
N20000689,CUSHER,NEWRY AND ARMAGH,12.1,0.58,0.668,16.7
N20000690,CUSHER,NEWRY AND ARMAGH,8.9,0.58,0.655,16.4
N20000691,CUSHER,NEWRY AND ARMAGH,6.8,0.58,0.647,16.2
N20000692,CUSHER,NEWRY AND ARMAGH,29.1,0.58,0.732,18.0
N20000693,CUSHER,NEWRY AND ARMAGH,12.4,0.58,0.669,16.7
N20000694,CUSHER,NEWRY AND ARMAGH,17.4,0.58,0.688,17.1
N20000695,CUSHER,NEWRY AND ARMAGH,12.4,0.58,0.669,16.7
N20000696,CUSHER,NEWRY AND ARMAGH,33.6,0.58,0.749,18.4
N20000697,CUSHER,NEWRY AND ARMAGH,10.9,0.58,0.663,16.6
N20000698,CUSHER,NEWRY AND ARMAGH,26.3,0.58,0.721,17.8
N20000699,CUSHER,NEWRY AND ARMAGH,34.0,0.58,0.75,18.4
N20000700,CUSHER,NEWRY AND ARMAGH,15.2,0.58,0.679,16.9
N20000701,CUSHER,NEWRY AND ARMAGH,76.3,0.58,0.91,21.9
N20000702,CUSHER,NEWRY AND ARMAGH,79.4,0.58,0.922,22.2
N20000703,CUSHER,NEWRY AND ARMAGH,10.3,0.58,0.661,16.5
N20000705,CUSHER,NEWRY AND ARMAGH,63.6,0.58,0.862,20.9
N20000706,CUSHER,NEWRY AND ARMAGH,92.5,0.58,0.972,23.3
N20000707,CUSHER,NEWRY AND ARMAGH,91.0,0.58,0.966,23.1
N20000708,CUSHER,NEWRY AND ARMAGH,32.0,0.58,0.743,18.3
N20000709,CUSHER,NEWRY AND ARMAGH,71.3,0.58,0.891,21.5
N20000710,CUSHER,NEWRY AND ARMAGH,79.0,0.58,0.921,22.1
N20000711,OLDPARK,BELFAST NORTH,5.2,0.355,0.5,13.2
N20000712,OLDPARK,BELFAST NORTH,78.7,0.355,0.888,21.4
N20000713,OLDPARK,BELFAST NORTH,47.9,0.355,0.725,17.9
N20000714,OLDPARK,BELFAST NORTH,7.8,0.355,0.514,13.5
N20000715,OLDPARK,BELFAST NORTH,94.0,0.355,0.968,23.2
N20000716,OLDPARK,BELFAST NORTH,12.3,0.355,0.537,14.0
N20000717,OLDPARK,BELFAST NORTH,3.6,0.355,0.492,13.1
N20000718,OLDPARK,BELFAST NORTH,7.8,0.355,0.514,13.5
N20000719,OLDPARK,BELFAST NORTH,90.8,0.355,0.951,22.8
N20000720,OLDPARK,BELFAST NORTH,4.8,0.355,0.498,13.2
N20000721,OLDPARK,BELFAST NORTH,28.0,0.355,0.62,15.7
N20000722,OLDPARK,BELFAST NORTH,16.3,0.355,0.559,14.4
N20000723,OLDPARK,BELFAST NORTH,9.0,0.355,0.52,13.6
N20000725,OLDPARK,BELFAST NORTH,84.6,0.355,0.919,22.1
N20000726,OLDPARK,BELFAST NORTH,48.7,0.355,0.729,18.0
N20000727,OLDPARK,BELFAST NORTH,9.3,0.355,0.522,13.7
N20000728,OLDPARK,BELFAST NORTH,11.0,0.355,0.531,13.8
N20000729,OLDPARK,BELFAST NORTH,8.1,0.355,0.515,13.5
N20000730,OLDPARK,BELFAST NORTH,13.5,0.355,0.544,14.1
N20000731,OLDPARK,BELFAST NORTH,70.8,0.355,0.846,20.5
N20000732,OLDPARK,BELFAST NORTH,85.8,0.355,0.925,22.2
N20000733,OLDPARK,BELFAST NORTH,73.6,0.355,0.861,20.8
N20000734,OLDPARK,BELFAST NORTH,89.6,0.355,0.945,22.7
N20000735,OLDPARK,BELFAST NORTH,91.2,0.355,0.954,22.9
N20000736,OLDPARK,BELFAST NORTH,9.6,0.355,0.523,13.7
N20000737,OLDPARK,BELFAST NORTH,12.3,0.355,0.537,14.0
N20000738,OLDPARK,BELFAST NORTH,78.4,0.355,0.886,21.4
N20000739,OLDPARK,BELFAST NORTH,9.4,0.355,0.522,13.7
N20000740,OLDPARK,BELFAST NORTH,86.8,0.355,0.93,22.3
N20000741,OLDPARK,BELFAST NORTH,87.5,0.355,0.934,22.4
N20000742,OLDPARK,BELFAST NORTH,16.8,0.355,0.561,14.5
N20000743,OLDPARK,BELFAST NORTH,76.2,0.355,0.874,21.1
N20000744,OLDPARK,BELFAST NORTH,23.8,0.355,0.598,15.2
N20000745,OLDPARK,BELFAST NORTH,75.5,0.355,0.871,21.0
N20000746,OLDPARK,BELFAST NORTH,87.3,0.355,0.933,22.4
N20000747,OLDPARK,BELFAST NORTH,81.4,0.355,0.902,21.7
N20000748,OLDPARK,BELFAST NORTH,91.3,0.355,0.954,22.9
N20000749,OLDPARK,BELFAST NORTH,80.4,0.355,0.897,21.6
N20000750,OLDPARK,BELFAST NORTH,85.0,0.355,0.921,22.1
N20000751,OLDPARK,BELFAST NORTH,90.9,0.355,0.952,22.8
N20000752,OLDPARK,BELFAST NORTH,92.8,0.355,0.962,23.0
N20000753,OLDPARK,BELFAST NORTH,93.1,0.355,0.964,23.1
N20000754,OLDPARK,BELFAST NORTH,76.9,0.355,0.878,21.2
N20000755,OLDPARK,BELFAST NORTH,92.2,0.355,0.959,23.0
N20000756,OLDPARK,BELFAST NORTH,87.5,0.355,0.934,22.4
N20000757,OLDPARK,BELFAST NORTH,71.6,0.355,0.85,20.6
N20000758,OLDPARK,BELFAST NORTH,93.3,0.355,0.965,23.1
N20000759,OLDPARK,BELFAST NORTH,62.8,0.355,0.804,19.6
N20000760,OLDPARK,BELFAST NORTH,88.5,0.355,0.939,22.5
N20000761,OLDPARK,BELFAST NORTH,92.2,0.355,0.959,23.0
N20000762,OLDPARK,BELFAST NORTH,91.0,0.355,0.953,22.8
N20000763,OLDPARK,BELFAST NORTH,64.7,0.355,0.814,19.8
N20000764,OLDPARK,BELFAST NORTH,68.6,0.355,0.834,20.2
N20000765,OLDPARK,BELFAST NORTH,88.3,0.355,0.938,22.5
N20000766,OLDPARK,BELFAST NORTH,82.4,0.355,0.907,21.8
N20000767,OLDPARK,BELFAST NORTH,80.0,0.355,0.895,21.6
N20000769,OLDPARK,BELFAST NORTH,70.9,0.355,0.847,20.5
N20000770,OLDPARK,BELFAST NORTH,72.8,0.355,0.857,20.7
N20000771,OLDPARK,BELFAST NORTH,85.4,0.355,0.923,22.2
N20000772,OLDPARK,BELFAST NORTH,68.5,0.355,0.834,20.2
N20000774,OLDPARK,BELFAST NORTH,75.7,0.355,0.872,21.1
N20000775,OLDPARK,BELFAST NORTH,78.6,0.355,0.887,21.4
N20000776,OLDPARK,BELFAST NORTH,6.8,0.355,0.508,13.4
N20000779,OLDPARK,BELFAST NORTH,85.7,0.355,0.925,22.2
N20000780,OLDPARK,BELFAST NORTH,83.2,0.355,0.911,21.9
N20000781,OLDPARK,BELFAST NORTH,93.0,0.355,0.963,23.1
N20000782,OLDPARK,BELFAST NORTH,84.7,0.355,0.919,22.1
N20000783,OLDPARK,BELFAST NORTH,85.9,0.355,0.926,22.2
N20000784,OLDPARK,BELFAST NORTH,93.5,0.355,0.966,23.1
N20000785,OLDPARK,BELFAST NORTH,92.4,0.355,0.96,23.0
N20000786,OLDPARK,BELFAST NORTH,64.8,0.355,0.814,19.8
N20000787,CASTLE,BELFAST NORTH,88.0,0.41,0.942,22.6
N20000788,CASTLE,BELFAST NORTH,84.1,0.41,0.923,22.2
N20000789,CASTLE,BELFAST NORTH,71.0,0.41,0.859,20.8
N20000790,CASTLE,BELFAST NORTH,10.7,0.41,0.566,14.6
N20000791,CASTLE,BELFAST NORTH,57.2,0.41,0.792,19.3
N20000792,CASTLE,BELFAST NORTH,82.9,0.41,0.917,22.1
N20000793,CASTLE,BELFAST NORTH,78.2,0.41,0.894,21.6
N20000794,CASTLE,BELFAST NORTH,84.3,0.41,0.924,22.2
N20000795,CASTLE,BELFAST NORTH,25.0,0.41,0.635,16.0
N20000796,CASTLE,BELFAST NORTH,78.5,0.41,0.896,21.6
N20000797,CASTLE,BELFAST NORTH,56.7,0.41,0.79,19.3
N20000798,CASTLE,BELFAST NORTH,7.6,0.41,0.551,14.2
N20000799,CASTLE,BELFAST NORTH,82.1,0.41,0.913,22.0
N20000800,CASTLE,BELFAST NORTH,14.0,0.41,0.582,14.9
N20000801,CASTLE,BELFAST NORTH,10.0,0.41,0.563,14.5
N20000802,CASTLE,BELFAST NORTH,88.4,0.41,0.944,22.6
N20000804,CASTLE,BELFAST NORTH,64.8,0.41,0.829,20.1
N20000805,CASTLE,BELFAST NORTH,17.8,0.41,0.6,15.3
N20000806,CASTLE,BELFAST NORTH,7.0,0.41,0.548,14.2
N20000807,CASTLE,BELFAST NORTH,76.4,0.41,0.885,21.4
N20000808,CASTLE,BELFAST NORTH,83.5,0.41,0.92,22.1
N20000809,CASTLE,BELFAST NORTH,40.1,0.41,0.709,17.5
N20000810,CASTLE,BELFAST NORTH,81.1,0.41,0.908,21.9
N20000811,CASTLE,BELFAST NORTH,7.2,0.41,0.549,14.2
N20000812,CASTLE,BELFAST NORTH,87.8,0.41,0.941,22.6
N20000814,CASTLE,BELFAST NORTH,69.3,0.41,0.851,20.6
N20000815,CASTLE,BELFAST NORTH,86.3,0.41,0.933,22.4
N20000816,CASTLE,BELFAST NORTH,72.5,0.41,0.866,20.9
N20000817,CASTLE,BELFAST NORTH,60.3,0.41,0.807,19.7
N20000818,CASTLE,BELFAST NORTH,81.1,0.41,0.908,21.9
N20000819,CASTLE,BELFAST NORTH,46.8,0.41,0.741,18.2
N20000820,CASTLE,BELFAST NORTH,4.4,0.41,0.535,13.9
N20000821,CASTLE,BELFAST NORTH,29.7,0.41,0.658,16.5
N20000822,CASTLE,BELFAST NORTH,82.5,0.41,0.915,22.0
N20000823,CASTLE,BELFAST NORTH,34.6,0.41,0.682,17.0
N20000824,CASTLE,BELFAST NORTH,76.2,0.41,0.884,21.3
N20000825,CASTLE,BELFAST NORTH,51.3,0.41,0.763,18.7
N20000826,CASTLE,BELFAST NORTH,41.7,0.41,0.717,17.7
N20000827,CASTLE,BELFAST NORTH,77.1,0.41,0.889,21.4
N20000828,CASTLE,BELFAST NORTH,16.7,0.41,0.595,15.2
N20000829,CASTLE,BELFAST NORTH,11.5,0.41,0.57,14.6
N20000830,CASTLE,BELFAST NORTH,59.7,0.41,0.804,19.6
N20000831,CASTLE,BELFAST NORTH,86.3,0.41,0.933,22.4
N20000832,CASTLE,BELFAST NORTH,43.4,0.41,0.725,17.9
N20000833,CASTLE,BELFAST NORTH,76.2,0.41,0.884,21.3
N20000834,CASTLE,BELFAST NORTH,11.3,0.41,0.569,14.6
N20000835,CASTLE,BELFAST NORTH,13.0,0.41,0.577,14.8
N20000836,CASTLE,BELFAST NORTH,74.8,0.41,0.878,21.2
N20000837,CASTLE,BELFAST NORTH,7.0,0.41,0.548,14.2
N20000838,CASTLE,BELFAST NORTH,74.9,0.41,0.878,21.2
N20000840,CASTLE,BELFAST NORTH,80.2,0.41,0.904,21.8
N20000841,CASTLE,BELFAST NORTH,55.1,0.41,0.782,19.1
N20000842,CASTLE,BELFAST NORTH,26.5,0.41,0.643,16.2
N20000843,CASTLE,BELFAST NORTH,71.3,0.41,0.861,20.8
N20000844,CASTLE,BELFAST NORTH,5.9,0.41,0.543,14.1
N20000845,CASTLE,BELFAST NORTH,17.8,0.41,0.6,15.3
N20000846,CASTLE,BELFAST NORTH,86.1,0.41,0.932,22.4
N20000847,CASTLE,BELFAST NORTH,9.2,0.41,0.559,14.4
N20000848,CASTLE,BELFAST NORTH,64.3,0.41,0.826,20.1
N20000849,CASTLE,BELFAST NORTH,72.2,0.41,0.865,20.9
N20000850,CASTLE,BELFAST NORTH,13.0,0.41,0.577,14.8
N20000851,CASTLE,BELFAST NORTH,15.8,0.41,0.591,15.1
N20000852,CASTLE,BELFAST NORTH,10.2,0.41,0.564,14.5
N20000853,CASTLE,BELFAST NORTH,13.3,0.41,0.579,14.8
N20000854,CASTLE,BELFAST NORTH,34.3,0.41,0.681,16.9
N20000855,CASTLE,BELFAST NORTH,46.5,0.41,0.74,18.2
N20000856,TITANIC,BELFAST EAST,4.7,0.395,0.518,13.6
N20000857,TITANIC,BELFAST EAST,33.8,0.395,0.665,16.6
N20000858,TITANIC,BELFAST EAST,7.8,0.395,0.533,13.9
N20000859,TITANIC,BELFAST EAST,17.4,0.395,0.582,14.9
N20000860,TITANIC,BELFAST EAST,4.5,0.395,0.517,13.6
N20000861,TITANIC,BELFAST EAST,10.7,0.395,0.548,14.2
N20000862,TITANIC,BELFAST EAST,14.1,0.395,0.565,14.5
N20000863,TITANIC,BELFAST EAST,11.5,0.395,0.552,14.3
N20000864,TITANIC,BELFAST EAST,16.0,0.395,0.575,14.7
N20000865,TITANIC,BELFAST EAST,9.2,0.395,0.54,14.0
N20000866,TITANIC,BELFAST EAST,14.6,0.395,0.568,14.6
N20000867,TITANIC,BELFAST EAST,11.4,0.395,0.552,14.3
N20000868,TITANIC,BELFAST EAST,12.2,0.395,0.556,14.3
N20000869,TITANIC,BELFAST EAST,11.6,0.395,0.553,14.3
N20000870,TITANIC,BELFAST EAST,7.1,0.395,0.53,13.8
N20000871,TITANIC,BELFAST EAST,11.9,0.395,0.554,14.3
N20000872,TITANIC,BELFAST EAST,23.1,0.395,0.611,15.5
N20000873,TITANIC,BELFAST EAST,8.2,0.395,0.535,13.9
N20000874,TITANIC,BELFAST EAST,5.4,0.395,0.521,13.6
N20000875,TITANIC,BELFAST EAST,23.4,0.395,0.612,15.5
N20000876,TITANIC,BELFAST EAST,16.1,0.395,0.575,14.7
N20000877,TITANIC,BELFAST EAST,6.5,0.395,0.527,13.8
N20000878,TITANIC,BELFAST EAST,33.3,0.395,0.662,16.6
N20000879,TITANIC,BELFAST EAST,17.3,0.395,0.581,14.9
N20000881,TITANIC,BELFAST EAST,15.2,0.395,0.571,14.7
N20000882,TITANIC,BELFAST EAST,26.6,0.395,0.629,15.9
N20000883,TITANIC,BELFAST EAST,14.3,0.395,0.566,14.6
N20000884,TITANIC,BELFAST EAST,15.9,0.395,0.574,14.7
N20000885,TITANIC,BELFAST EAST,22.2,0.395,0.606,15.4
N20000886,TITANIC,BELFAST EAST,68.0,0.395,0.838,20.3
N20000887,TITANIC,BELFAST EAST,94.4,0.395,0.972,23.3
N20000888,TITANIC,BELFAST EAST,19.5,0.395,0.593,15.1
N20000890,TITANIC,BELFAST EAST,21.1,0.395,0.601,15.3
N20000891,TITANIC,BELFAST EAST,17.6,0.395,0.583,14.9
N20000892,TITANIC,BELFAST EAST,7.1,0.395,0.53,13.8
N20000893,TITANIC,BELFAST EAST,16.5,0.395,0.577,14.8
N20000894,TITANIC,BELFAST EAST,60.7,0.395,0.801,19.5
N20000895,TITANIC,BELFAST EAST,18.8,0.395,0.589,15.0
N20000896,TITANIC,BELFAST EAST,86.1,0.395,0.93,22.3
N20000897,TITANIC,BELFAST EAST,21.6,0.395,0.603,15.3
N20000898,TITANIC,BELFAST EAST,21.4,0.395,0.602,15.3
N20000899,TITANIC,BELFAST EAST,22.7,0.395,0.609,15.4
N20000900,TITANIC,BELFAST EAST,6.0,0.395,0.524,13.7
N20000901,TITANIC,BELFAST EAST,41.7,0.395,0.705,17.5
N20000902,TITANIC,BELFAST EAST,26.8,0.395,0.63,15.9
N20000903,TITANIC,BELFAST EAST,8.2,0.395,0.535,13.9
N20000904,TITANIC,BELFAST EAST,56.7,0.395,0.781,19.1
N20000905,TITANIC,BELFAST EAST,22.8,0.395,0.609,15.5
N20000906,TITANIC,BELFAST EAST,14.1,0.395,0.565,14.5
N20000907,TITANIC,BELFAST EAST,19.1,0.395,0.591,15.1
N20000908,TITANIC,BELFAST EAST,18.7,0.395,0.589,15.0
N20000909,TITANIC,BELFAST EAST,15.2,0.395,0.571,14.7
N20000910,TITANIC,BELFAST EAST,10.8,0.395,0.549,14.2
N20000911,TITANIC,BELFAST EAST,3.4,0.395,0.511,13.4
N20000912,TITANIC,BELFAST SOUTH,27.1,0.395,0.674,16.8
N20000913,TITANIC,BELFAST SOUTH,25.2,0.395,0.666,16.6
N20000914,TITANIC,BELFAST EAST,18.1,0.395,0.586,15.0
N20000915,TITANIC,BELFAST EAST,15.0,0.395,0.57,14.6
N20000916,TITANIC,BELFAST EAST,25.7,0.395,0.624,15.8
N20000917,TITANIC,BELFAST EAST,19.7,0.395,0.594,15.1
N20000918,TITANIC,BELFAST SOUTH,16.4,0.395,0.627,15.8
N20000919,TITANIC,BELFAST EAST,9.2,0.395,0.54,14.0
N20000920,TITANIC,BELFAST EAST,17.1,0.395,0.58,14.9
N20000921,TITANIC,BELFAST EAST,7.4,0.395,0.531,13.9
N20000922,TITANIC,BELFAST SOUTH,12.1,0.395,0.607,15.4
N20000923,TITANIC,BELFAST EAST,12.4,0.395,0.557,14.4
N20000924,TITANIC,BELFAST SOUTH,21.4,0.395,0.649,16.3
N20000925,TITANIC,BELFAST EAST,24.1,0.395,0.616,15.6
N20000926,TITANIC,BELFAST EAST,26.9,0.395,0.63,15.9
N20000927,TITANIC,BELFAST EAST,12.3,0.395,0.556,14.4
N20000928,TITANIC,BELFAST SOUTH,18.9,0.395,0.638,16.0
N20000929,TITANIC,BELFAST EAST,17.3,0.395,0.581,14.9
N20000930,TITANIC,BELFAST SOUTH,14.7,0.395,0.619,15.7
N20000931,TITANIC,BELFAST SOUTH,21.0,0.395,0.647,16.2
N20000932,TITANIC,BELFAST EAST,21.9,0.395,0.605,15.4
N20000933,TITANIC,BELFAST EAST,22.1,0.395,0.606,15.4
N20000934,TITANIC,BELFAST SOUTH,33.9,0.395,0.705,17.5
N20000935,TITANIC,BELFAST EAST,6.3,0.395,0.526,13.7
N20000936,TITANIC,BELFAST EAST,10.8,0.395,0.549,14.2
N20000937,TITANIC,BELFAST EAST,21.5,0.395,0.603,15.3
N20000938,TITANIC,BELFAST SOUTH,23.3,0.395,0.657,16.5
N20000939,TITANIC,BELFAST SOUTH,32.9,0.395,0.7,17.4
N20000940,TITANIC,BELFAST SOUTH,19.5,0.395,0.64,16.1
N20000941,TITANIC,BELFAST SOUTH,23.3,0.395,0.657,16.5
N20000942,TITANIC,BELFAST SOUTH,38.7,0.395,0.726,17.9
N20000943,TITANIC,BELFAST SOUTH,27.3,0.395,0.675,16.8
N20000944,TITANIC,BELFAST SOUTH,51.4,0.395,0.783,19.1
N20000945,ORMISTON,BELFAST EAST,14.5,0.46,0.61,15.5
N20000946,ORMISTON,NORTH DOWN,15.3,0.46,0.615,15.6
N20000947,ORMISTON,BELFAST EAST,7.7,0.46,0.579,14.8
N20000948,ORMISTON,BELFAST EAST,7.9,0.46,0.58,14.8
N20000949,ORMISTON,BELFAST EAST,4.7,0.46,0.566,14.5
N20000950,ORMISTON,BELFAST EAST,17.2,0.46,0.623,15.7
N20000952,ORMISTON,BELFAST EAST,13.5,0.46,0.606,15.4
N20000953,ORMISTON,BELFAST EAST,10.6,0.46,0.592,15.1
N20000954,ORMISTON,BELFAST EAST,10.2,0.46,0.591,15.1
N20000955,ORMISTON,BELFAST EAST,11.8,0.46,0.598,15.2
N20000956,ORMISTON,BELFAST EAST,10.3,0.46,0.591,15.1
N20000957,ORMISTON,BELFAST EAST,11.2,0.46,0.595,15.2
N20000958,ORMISTON,BELFAST EAST,10.6,0.46,0.592,15.1
N20000960,ORMISTON,BELFAST EAST,9.0,0.46,0.585,15.0
N20000961,ORMISTON,BELFAST EAST,11.1,0.46,0.595,15.1
N20000962,ORMISTON,BELFAST EAST,5.3,0.46,0.568,14.6
N20000963,ORMISTON,BELFAST EAST,19.2,0.46,0.632,15.9
N20000964,ORMISTON,BELFAST EAST,7.2,0.46,0.577,14.8
N20000965,ORMISTON,BELFAST EAST,13.5,0.46,0.606,15.4
N20000966,ORMISTON,BELFAST EAST,18.6,0.46,0.629,15.9
N20000967,ORMISTON,BELFAST EAST,16.3,0.46,0.618,15.6
N20000968,ORMISTON,BELFAST EAST,17.1,0.46,0.622,15.7
N20000969,ORMISTON,BELFAST EAST,13.6,0.46,0.606,15.4
N20000970,ORMISTON,BELFAST EAST,17.7,0.46,0.625,15.8
N20000971,ORMISTON,BELFAST EAST,15.0,0.46,0.613,15.5
N20000972,ORMISTON,BELFAST EAST,32.6,0.46,0.693,17.2
N20000973,ORMISTON,BELFAST EAST,18.5,0.46,0.628,15.9
N20000974,ORMISTON,BELFAST EAST,16.6,0.46,0.62,15.7
N20000975,ORMISTON,BELFAST EAST,21.2,0.46,0.641,16.1
N20000976,ORMISTON,BELFAST EAST,28.4,0.46,0.674,16.8
N20000977,ORMISTON,BELFAST EAST,14.7,0.46,0.611,15.5
N20000978,ORMISTON,BELFAST EAST,24.1,0.46,0.654,16.4
N20000979,ORMISTON,BELFAST EAST,15.8,0.46,0.616,15.6
N20000981,ORMISTON,BELFAST EAST,14.7,0.46,0.611,15.5
N20000982,ORMISTON,BELFAST EAST,17.7,0.46,0.625,15.8
N20000983,ORMISTON,BELFAST EAST,17.5,0.46,0.624,15.8
N20000984,ORMISTON,BELFAST EAST,24.3,0.46,0.655,16.4
N20000985,ORMISTON,BELFAST EAST,21.0,0.46,0.64,16.1
N20000986,ORMISTON,BELFAST EAST,9.7,0.46,0.588,15.0
N20000987,ORMISTON,BELFAST EAST,7.5,0.46,0.578,14.8
N20000988,ORMISTON,BELFAST EAST,12.9,0.46,0.603,15.3
N20000989,ORMISTON,BELFAST EAST,2.3,0.46,0.555,14.3
N20000990,ORMISTON,BELFAST EAST,6.9,0.46,0.576,14.8
N20000991,ORMISTON,BELFAST EAST,9.2,0.46,0.586,15.0
N20000992,ORMISTON,BELFAST EAST,12.0,0.46,0.599,15.2
N20000993,ORMISTON,BELFAST EAST,11.0,0.46,0.594,15.1
N20000994,ORMISTON,BELFAST EAST,3.9,0.46,0.562,14.5
N20000995,ORMISTON,BELFAST EAST,22.4,0.46,0.646,16.2
N20000996,ORMISTON,BELFAST EAST,4.4,0.46,0.564,14.5
N20000997,ORMISTON,BELFAST EAST,18.3,0.46,0.628,15.8
N20000998,ORMISTON,BELFAST EAST,15.1,0.46,0.613,15.5
N20001000,ORMISTON,BELFAST EAST,5.6,0.46,0.57,14.6
N20001001,ORMISTON,BELFAST EAST,15.7,0.46,0.616,15.6
N20001002,ORMISTON,BELFAST EAST,8.2,0.46,0.582,14.9
N20001003,ORMISTON,BELFAST EAST,6.8,0.46,0.575,14.7
N20001004,ORMISTON,BELFAST EAST,1.4,0.46,0.551,14.2
N20001005,ORMISTON,BELFAST EAST,16.7,0.46,0.62,15.7
N20001006,ORMISTON,BELFAST EAST,10.9,0.46,0.594,15.1
N20001007,ORMISTON,BELFAST EAST,10.9,0.46,0.594,15.1
N20001008,ORMISTON,BELFAST EAST,7.8,0.46,0.58,14.8
N20001009,ORMISTON,BELFAST EAST,8.2,0.46,0.582,14.9
N20001010,ORMISTON,BELFAST EAST,23.5,0.46,0.651,16.3
N20001013,ORMISTON,BELFAST EAST,7.4,0.46,0.578,14.8
N20001014,ORMISTON,BELFAST EAST,5.4,0.46,0.569,14.6
N20001015,ORMISTON,BELFAST EAST,11.1,0.46,0.595,15.1
N20001016,ORMISTON,BELFAST EAST,9.9,0.46,0.589,15.0
N20001017,LISNASHARRAGH,BELFAST EAST,17.4,0.88,0.891,21.5
N20001018,LISNASHARRAGH,BELFAST EAST,7.8,0.88,0.879,21.2
N20001019,LISNASHARRAGH,BELFAST EAST,21.4,0.88,0.897,21.6
N20001020,LISNASHARRAGH,BELFAST EAST,11.2,0.88,0.883,21.3
N20001021,LISNASHARRAGH,BELFAST SOUTH,35.4,0.88,0.911,21.9
N20001022,LISNASHARRAGH,BELFAST EAST,9.0,0.88,0.88,21.3
N20001023,LISNASHARRAGH,BELFAST EAST,17.4,0.88,0.891,21.5
N20001024,LISNASHARRAGH,BELFAST SOUTH,59.4,0.88,0.944,22.6
N20001025,LISNASHARRAGH,BELFAST EAST,15.7,0.88,0.889,21.4
N20001026,LISNASHARRAGH,BELFAST SOUTH,25.0,0.88,0.896,21.6
N20001027,LISNASHARRAGH,BELFAST SOUTH,39.5,0.88,0.916,22.0
N20001028,LISNASHARRAGH,BELFAST EAST,16.7,0.88,0.891,21.5
N20001029,LISNASHARRAGH,BELFAST SOUTH,34.9,0.88,0.91,21.9
N20001030,LISNASHARRAGH,BELFAST SOUTH,42.2,0.88,0.92,22.1
N20001031,LISNASHARRAGH,BELFAST EAST,11.9,0.88,0.884,21.3
N20001032,LISNASHARRAGH,BELFAST SOUTH,28.9,0.88,0.902,21.7
N20001033,LISNASHARRAGH,BELFAST EAST,10.0,0.88,0.882,21.3
N20001034,LISNASHARRAGH,BELFAST EAST,9.3,0.88,0.881,21.3
N20001035,LISNASHARRAGH,BELFAST SOUTH,60.0,0.88,0.945,22.7
N20001036,LISNASHARRAGH,BELFAST SOUTH,23.8,0.88,0.895,21.6
N20001037,LISNASHARRAGH,BELFAST SOUTH,35.8,0.88,0.911,21.9
N20001038,LISNASHARRAGH,BELFAST EAST,15.9,0.88,0.89,21.5
N20001039,LISNASHARRAGH,BELFAST EAST,10.7,0.88,0.883,21.3
N20001040,LISNASHARRAGH,BELFAST EAST,4.4,0.88,0.874,21.1
N20001041,LISNASHARRAGH,BELFAST EAST,11.1,0.88,0.883,21.3
N20001042,LISNASHARRAGH,BELFAST SOUTH,57.1,0.88,0.941,22.6
N20001043,LISNASHARRAGH,BELFAST EAST,9.2,0.88,0.881,21.3
N20001044,LISNASHARRAGH,BELFAST EAST,10.6,0.88,0.883,21.3
N20001045,LISNASHARRAGH,BELFAST EAST,10.5,0.88,0.882,21.3
N20001046,LISNASHARRAGH,BELFAST EAST,11.7,0.88,0.884,21.3
N20001048,LISNASHARRAGH,BELFAST EAST,9.2,0.88,0.881,21.3
N20001049,LISNASHARRAGH,BELFAST SOUTH,17.1,0.88,0.885,21.4
N20001050,LISNASHARRAGH,BELFAST SOUTH,13.5,0.88,0.88,21.3
N20001051,LISNASHARRAGH,BELFAST EAST,8.0,0.88,0.879,21.2
N20001052,LISNASHARRAGH,BELFAST SOUTH,19.6,0.88,0.889,21.4
N20001053,LISNASHARRAGH,BELFAST SOUTH,27.8,0.88,0.9,21.7
N20001054,LISNASHARRAGH,BELFAST EAST,12.4,0.88,0.885,21.4
N20001056,LISNASHARRAGH,BELFAST EAST,10.9,0.88,0.883,21.3
N20001057,LISNASHARRAGH,BELFAST SOUTH,58.3,0.88,0.942,22.6
N20001058,LISNASHARRAGH,BELFAST EAST,4.6,0.88,0.875,21.1
N20001059,LISNASHARRAGH,BELFAST SOUTH,40.7,0.88,0.918,22.1
N20001060,LISNASHARRAGH,BELFAST EAST,15.4,0.88,0.889,21.4
N20001061,LISNASHARRAGH,BELFAST SOUTH,62.3,0.88,0.948,22.7
N20001062,LISNASHARRAGH,BELFAST SOUTH,70.3,0.88,0.959,23.0
N20001063,LISNASHARRAGH,BELFAST SOUTH,50.7,0.88,0.932,22.4
N20001064,LISNASHARRAGH,BELFAST SOUTH,50.2,0.88,0.931,22.4
N20001065,LISNASHARRAGH,BELFAST SOUTH,9.5,0.88,0.875,21.1
N20001066,LISNASHARRAGH,BELFAST SOUTH,47.6,0.88,0.928,22.3
N20001067,LISNASHARRAGH,BELFAST EAST,13.8,0.88,0.887,21.4
N20001069,LISNASHARRAGH,BELFAST SOUTH,65.3,0.88,0.952,22.8
N20001070,LISNASHARRAGH,BELFAST SOUTH,61.6,0.88,0.947,22.7
N20001071,LISNASHARRAGH,BELFAST SOUTH,68.9,0.88,0.957,22.9
N20001072,LISNASHARRAGH,BELFAST SOUTH,65.5,0.88,0.952,22.8
N20001073,LISNASHARRAGH,BELFAST SOUTH,76.8,0.88,0.968,23.2
N20001074,LISNASHARRAGH,BELFAST SOUTH,38.9,0.88,0.916,22.0
N20001075,LISNASHARRAGH,BELFAST SOUTH,65.9,0.88,0.953,22.8
N20001076,LISNASHARRAGH,BELFAST SOUTH,70.7,0.88,0.96,23.0
N20001077,LISNASHARRAGH,BELFAST SOUTH,48.6,0.88,0.929,22.3
N20001078,LISNASHARRAGH,BELFAST SOUTH,45.5,0.88,0.925,22.2
N20001079,BOTANIC,BELFAST SOUTH,55.6,0.885,0.94,22.6
N20001080,BOTANIC,BELFAST SOUTH,30.2,0.885,0.906,21.8
N20001081,BOTANIC,BELFAST SOUTH,57.5,0.885,0.943,22.6
N20001082,BOTANIC,BELFAST SOUTH,88.4,0.885,0.984,23.5
N20001083,BOTANIC,BELFAST SOUTH,91.0,0.885,0.988,23.6
N20001084,BOTANIC,BELFAST SOUTH,18.3,0.885,0.89,21.5
N20001085,BOTANIC,BELFAST SOUTH,29.2,0.885,0.904,21.8
N20001086,BOTANIC,BELFAST SOUTH,76.2,0.885,0.968,23.2
N20001087,BOTANIC,BELFAST SOUTH,24.2,0.885,0.898,21.6
N20001088,BOTANIC,BELFAST SOUTH,24.7,0.885,0.898,21.6
N20001089,BOTANIC,BELFAST SOUTH,5.3,0.885,0.872,21.1
N20001090,BOTANIC,BELFAST SOUTH,23.1,0.885,0.896,21.6
N20001091,BOTANIC,BELFAST SOUTH,14.1,0.885,0.884,21.3
N20001092,BOTANIC,BELFAST SOUTH,7.5,0.885,0.875,21.1
N20001093,BOTANIC,BELFAST SOUTH,4.9,0.885,0.872,21.1
N20001094,BOTANIC,BELFAST SOUTH,84.2,0.885,0.979,23.4
N20001095,BOTANIC,BELFAST SOUTH,13.1,0.885,0.883,21.3
N20001096,BOTANIC,BELFAST SOUTH,15.9,0.885,0.886,21.4
N20001097,BOTANIC,BELFAST SOUTH,11.9,0.885,0.881,21.3
N20001098,BOTANIC,BELFAST SOUTH,17.2,0.885,0.888,21.4
N20001099,BOTANIC,BELFAST SOUTH,33.7,0.885,0.91,21.9
N20001100,BOTANIC,BELFAST SOUTH,14.3,0.885,0.884,21.3
N20001101,BOTANIC,BELFAST SOUTH,40.3,0.885,0.919,22.1
N20001102,BOTANIC,BELFAST SOUTH,28.1,0.885,0.903,21.7
N20001103,BOTANIC,BELFAST SOUTH,44.9,0.885,0.926,22.2
N20001104,BOTANIC,BELFAST SOUTH,15.1,0.885,0.885,21.4
N20001105,BOTANIC,BELFAST SOUTH,55.7,0.885,0.94,22.6
N20001106,BOTANIC,BELFAST SOUTH,21.5,0.885,0.894,21.5
N20001108,BOTANIC,BELFAST SOUTH,27.9,0.885,0.903,21.7
N20001109,BOTANIC,BELFAST SOUTH,77.8,0.885,0.97,23.2
N20001110,BOTANIC,BELFAST SOUTH,48.3,0.885,0.93,22.3
N20001111,BOTANIC,BELFAST SOUTH,9.5,0.885,0.878,21.2
N20001112,BOTANIC,BELFAST SOUTH,45.2,0.885,0.926,22.3
N20001113,BOTANIC,BELFAST SOUTH,63.2,0.885,0.95,22.8
N20001114,BOTANIC,BELFAST SOUTH,66.8,0.885,0.955,22.9
N20001115,BOTANIC,BELFAST SOUTH,40.6,0.885,0.92,22.1
N20001116,BOTANIC,BELFAST SOUTH,11.1,0.885,0.88,21.2
N20001117,BOTANIC,BELFAST SOUTH,13.9,0.885,0.884,21.3
N20001118,BOTANIC,BELFAST SOUTH,72.3,0.885,0.963,23.1
N20001119,BOTANIC,BELFAST SOUTH,56.4,0.885,0.941,22.6
N20001120,BOTANIC,BELFAST SOUTH,64.4,0.885,0.952,22.8
N20001121,BOTANIC,BELFAST SOUTH,63.6,0.885,0.951,22.8
N20001122,BOTANIC,BELFAST SOUTH,44.0,0.885,0.924,22.2
N20001123,BOTANIC,BELFAST SOUTH,39.4,0.885,0.918,22.1
N20001124,BOTANIC,BELFAST SOUTH,45.3,0.885,0.926,22.3
N20001125,BOTANIC,BELFAST SOUTH,34.3,0.885,0.911,21.9
N20001126,BOTANIC,BELFAST SOUTH,32.5,0.885,0.909,21.9
N20001127,BOTANIC,BELFAST SOUTH,69.4,0.885,0.959,23.0
N20001128,BOTANIC,BELFAST SOUTH,23.7,0.885,0.897,21.6
N20001129,BOTANIC,BELFAST SOUTH,22.8,0.885,0.896,21.6
N20001130,BOTANIC,BELFAST SOUTH,81.4,0.885,0.975,23.3
N20001131,BOTANIC,BELFAST SOUTH,67.0,0.885,0.955,22.9
N20001132,BOTANIC,BELFAST SOUTH,43.7,0.885,0.924,22.2
N20001133,BOTANIC,BELFAST SOUTH,38.7,0.885,0.917,22.1
N20001134,BOTANIC,BELFAST SOUTH,59.9,0.885,0.946,22.7
N20001135,BOTANIC,BELFAST SOUTH,50.4,0.885,0.933,22.4
N20001136,BOTANIC,BELFAST SOUTH,45.7,0.885,0.927,22.3
N20001137,BOTANIC,BELFAST SOUTH,49.2,0.885,0.931,22.4
N20001138,BOTANIC,BELFAST SOUTH,53.0,0.885,0.937,22.5
N20001139,BOTANIC,BELFAST SOUTH,42.8,0.885,0.923,22.2
N20001140,BOTANIC,BELFAST SOUTH,39.1,0.885,0.918,22.1
N20001141,BOTANIC,BELFAST SOUTH,60.3,0.885,0.946,22.7
N20001142,BOTANIC,BELFAST SOUTH,42.2,0.885,0.922,22.2
N20001143,BOTANIC,BELFAST SOUTH,46.6,0.885,0.928,22.3
N20001144,BOTANIC,BELFAST SOUTH,47.6,0.885,0.929,22.3
N20001145,BOTANIC,BELFAST SOUTH,54.9,0.885,0.939,22.5
N20001147,BOTANIC,BELFAST SOUTH,21.5,0.885,0.894,21.5
N20001148,BOTANIC,BELFAST SOUTH,38.1,0.885,0.916,22.0
N20001149,BOTANIC,BELFAST SOUTH,38.4,0.885,0.917,22.0
N20001150,BOTANIC,BELFAST SOUTH,46.7,0.885,0.928,22.3
N20001151,BOTANIC,BELFAST SOUTH,47.5,0.885,0.929,22.3
N20001152,BOTANIC,BELFAST SOUTH,46.1,0.885,0.927,22.3
N20001153,BOTANIC,BELFAST SOUTH,46.2,0.885,0.927,22.3
N20001154,BOTANIC,BELFAST SOUTH,49.3,0.885,0.932,22.4
N20001155,BOTANIC,BELFAST SOUTH,53.7,0.885,0.937,22.5
N20001156,BOTANIC,BELFAST SOUTH,44.1,0.885,0.925,22.2
N20001157,BOTANIC,BELFAST SOUTH,48.6,0.885,0.931,22.4
N20001158,BOTANIC,BELFAST SOUTH,65.8,0.885,0.954,22.9
N20001159,BOTANIC,BELFAST SOUTH,57.1,0.885,0.942,22.6
N20001160,BOTANIC,BELFAST SOUTH,61.8,0.885,0.948,22.7
N20001161,BOTANIC,BELFAST SOUTH,54.4,0.885,0.938,22.5
N20001162,BOTANIC,BELFAST SOUTH,44.4,0.885,0.925,22.2
N20001163,BOTANIC,BELFAST SOUTH,51.6,0.885,0.935,22.4
N20001164,BOTANIC,BELFAST SOUTH,63.9,0.885,0.951,22.8
N20001165,BOTANIC,BELFAST SOUTH,59.7,0.885,0.946,22.7
N20001166,BOTANIC,BELFAST SOUTH,68.7,0.885,0.958,22.9
N20001167,BOTANIC,BELFAST SOUTH,54.8,0.885,0.939,22.5
N20001168,BOTANIC,BELFAST SOUTH,50.3,0.885,0.933,22.4
N20001169,BOTANIC,BELFAST SOUTH,56.1,0.885,0.941,22.6
N20001170,BOTANIC,BELFAST SOUTH,53.0,0.885,0.937,22.5
N20001171,BOTANIC,BELFAST SOUTH,47.2,0.885,0.929,22.3
N20001172,BOTANIC,BELFAST SOUTH,40.1,0.885,0.919,22.1
N20001173,BOTANIC,BELFAST SOUTH,47.7,0.885,0.929,22.3
N20001174,BOTANIC,BELFAST SOUTH,52.9,0.885,0.936,22.5
N20001175,BOTANIC,BELFAST SOUTH,46.7,0.885,0.928,22.3
N20001176,BOTANIC,BELFAST SOUTH,58.7,0.885,0.944,22.7
N20001177,BOTANIC,BELFAST SOUTH,57.2,0.885,0.942,22.6
N20001178,BOTANIC,BELFAST SOUTH,48.2,0.885,0.93,22.3
N20001179,BALMORAL,BELFAST SOUTH,60.0,1.0,0.975,23.3
N20001180,BALMORAL,BELFAST SOUTH,61.3,1.0,0.976,23.4
N20001181,BALMORAL,BELFAST SOUTH,56.9,1.0,0.973,23.3
N20001182,BALMORAL,BELFAST SOUTH,59.6,1.0,0.975,23.3
N20001183,BALMORAL,BELFAST SOUTH,64.5,1.0,0.978,23.4
N20001184,BALMORAL,BELFAST SOUTH,74.5,1.0,0.984,23.5
N20001185,BALMORAL,BELFAST SOUTH,55.7,1.0,0.973,23.3
N20001186,BALMORAL,BELFAST SOUTH,69.6,1.0,0.981,23.5
N20001187,BALMORAL,BELFAST SOUTH,57.2,1.0,0.974,23.3
N20001188,BALMORAL,BELFAST SOUTH,68.8,1.0,0.981,23.5
N20001189,BALMORAL,BELFAST SOUTH,71.0,1.0,0.982,23.5
N20001190,BALMORAL,BELFAST SOUTH,91.1,1.0,0.994,23.8
N20001191,BALMORAL,BELFAST SOUTH,69.8,1.0,0.981,23.5
N20001192,BALMORAL,BELFAST SOUTH,92.4,1.0,0.995,23.8
N20001193,BALMORAL,BELFAST SOUTH,74.1,1.0,0.984,23.5
N20001194,BALMORAL,BELFAST SOUTH,46.2,1.0,0.967,23.1
N20001195,BALMORAL,BELFAST SOUTH,74.5,1.0,0.984,23.5
N20001196,BALMORAL,BELFAST SOUTH,60.4,1.0,0.975,23.3
N20001197,BALMORAL,BELFAST SOUTH,92.6,1.0,0.995,23.8
N20001198,BALMORAL,BELFAST SOUTH,65.1,1.0,0.978,23.4
N20001199,BALMORAL,BELFAST SOUTH,57.5,1.0,0.974,23.3
N20001200,BALMORAL,BELFAST SOUTH,50.3,1.0,0.969,23.2
N20001201,BALMORAL,BELFAST SOUTH,37.8,1.0,0.962,23.0
N20001202,BALMORAL,BELFAST SOUTH,69.2,1.0,0.981,23.5
N20001203,BALMORAL,BELFAST SOUTH,19.1,1.0,0.95,22.8
N20001204,BALMORAL,BELFAST SOUTH,87.2,1.0,0.992,23.7
N20001205,BALMORAL,BELFAST SOUTH,30.2,1.0,0.957,22.9
N20001206,BALMORAL,BELFAST SOUTH,13.6,1.0,0.947,22.7
N20001207,BALMORAL,BELFAST SOUTH,5.1,1.0,0.941,22.6
N20001208,BALMORAL,BELFAST SOUTH,3.8,1.0,0.94,22.6
N20001209,BALMORAL,BELFAST SOUTH,43.2,1.0,0.965,23.1
N20001210,BALMORAL,BELFAST SOUTH,15.9,1.0,0.948,22.7
N20001211,BALMORAL,BELFAST SOUTH,14.1,1.0,0.947,22.7
N20001212,BALMORAL,BELFAST SOUTH,93.0,1.0,0.996,23.8
N20001213,BALMORAL,BELFAST SOUTH,22.8,1.0,0.952,22.8
N20001214,BALMORAL,BELFAST SOUTH,36.6,1.0,0.961,23.0
N20001215,BALMORAL,BELFAST SOUTH,13.1,1.0,0.946,22.7
N20001216,BALMORAL,BELFAST SOUTH,34.5,1.0,0.959,23.0
N20001217,BALMORAL,BELFAST SOUTH,31.2,1.0,0.957,22.9
N20001218,BALMORAL,BELFAST SOUTH,52.7,1.0,0.971,23.2
N20001219,BALMORAL,BELFAST SOUTH,35.5,1.0,0.96,23.0
N20001220,BALMORAL,BELFAST SOUTH,19.2,1.0,0.95,22.8
N20001221,BALMORAL,BELFAST SOUTH,44.1,1.0,0.965,23.1
N20001222,BALMORAL,BELFAST SOUTH,11.7,1.0,0.945,22.7
N20001223,BALMORAL,BELFAST SOUTH,13.9,1.0,0.947,22.7
N20001224,BALMORAL,BELFAST SOUTH,7.8,1.0,0.943,22.6
N20001225,BALMORAL,BELFAST SOUTH,9.5,1.0,0.944,22.6
N20001226,BALMORAL,BELFAST SOUTH,44.4,1.0,0.966,23.1
N20001227,BALMORAL,BELFAST SOUTH,9.8,1.0,0.944,22.6
N20001228,BALMORAL,BELFAST SOUTH,8.7,1.0,0.944,22.6
N20001229,BALMORAL,BELFAST SOUTH,9.6,1.0,0.944,22.6
N20001230,BALMORAL,BELFAST SOUTH,65.5,1.0,0.979,23.4
N20001231,BALMORAL,LAGAN VALLEY,48.0,1.0,0.983,23.5
N20001232,BALMORAL,BELFAST SOUTH,22.4,1.0,0.952,22.8
N20001233,BALMORAL,BELFAST SOUTH,51.1,1.0,0.97,23.2
N20001234,BALMORAL,LAGAN VALLEY,27.1,1.0,0.977,23.4
N20001235,COLLIN,BELFAST WEST,90.6,1.0,0.995,23.8
N20001239,COLLIN,BELFAST WEST,92.4,1.0,0.996,23.8
N20001240,COLLIN,BELFAST WEST,89.0,1.0,0.995,23.8
N20001241,COLLIN,BELFAST WEST,97.0,1.0,0.999,23.8
N20001242,COLLIN,BELFAST WEST,91.3,1.0,0.996,23.8
N20001246,COLLIN,BELFAST WEST,97.1,1.0,0.999,23.8
N20001247,COLLIN,BELFAST WEST,88.5,1.0,0.994,23.8
N20001248,COLLIN,BELFAST WEST,91.2,1.0,0.996,23.8
N20001249,COLLIN,BELFAST WEST,22.4,1.0,0.962,23.0
N20001250,COLLIN,BELFAST WEST,95.2,1.0,0.998,23.8
N20001251,COLLIN,BELFAST WEST,94.7,1.0,0.997,23.8
N20001252,COLLIN,BELFAST WEST,93.6,1.0,0.997,23.8
N20001253,COLLIN,BELFAST WEST,94.2,1.0,0.997,23.8
N20001254,COLLIN,BELFAST WEST,77.5,1.0,0.989,23.6
N20001255,COLLIN,BELFAST WEST,91.8,1.0,0.996,23.8
N20001256,COLLIN,BELFAST WEST,93.5,1.0,0.997,23.8
N20001257,COLLIN,BELFAST WEST,96.3,1.0,0.998,23.8
N20001258,COLLIN,BELFAST WEST,98.1,1.0,0.999,23.9
N20001259,COLLIN,BELFAST WEST,96.4,1.0,0.998,23.8
N20001260,COLLIN,BELFAST WEST,91.8,1.0,0.996,23.8
N20001261,COLLIN,BELFAST WEST,93.4,1.0,0.997,23.8
N20001262,COLLIN,BELFAST WEST,91.9,1.0,0.996,23.8
N20001263,COLLIN,BELFAST WEST,93.8,1.0,0.997,23.8
N20001264,COLLIN,BELFAST WEST,94.1,1.0,0.997,23.8
N20001265,COLLIN,BELFAST WEST,95.1,1.0,0.998,23.8
N20001266,COLLIN,BELFAST WEST,93.1,1.0,0.997,23.8
N20001267,COLLIN,BELFAST WEST,87.3,1.0,0.994,23.7
N20001268,COLLIN,BELFAST WEST,92.9,1.0,0.997,23.8
N20001269,COLLIN,BELFAST WEST,90.0,1.0,0.995,23.8
N20001270,COLLIN,BELFAST WEST,91.9,1.0,0.996,23.8
N20001271,COLLIN,BELFAST WEST,82.8,1.0,0.992,23.7
N20001272,COLLIN,BELFAST WEST,93.2,1.0,0.997,23.8
N20001273,COLLIN,BELFAST WEST,93.5,1.0,0.997,23.8
N20001274,COLLIN,BELFAST WEST,80.1,1.0,0.99,23.7
N20001275,COLLIN,BELFAST WEST,65.7,1.0,0.983,23.5
N20001276,COLLIN,BELFAST WEST,91.1,1.0,0.996,23.8
N20001277,COLLIN,BELFAST WEST,93.2,1.0,0.997,23.8
N20001278,COLLIN,BELFAST WEST,90.4,1.0,0.995,23.8
N20001279,COLLIN,BELFAST WEST,92.3,1.0,0.996,23.8
N20001280,COLLIN,BELFAST WEST,74.1,1.0,0.987,23.6
N20001281,COLLIN,BELFAST WEST,78.9,1.0,0.99,23.7
N20001282,COLLIN,BELFAST WEST,94.8,1.0,0.997,23.8
N20001283,COLLIN,BELFAST WEST,90.8,1.0,0.996,23.8
N20001285,COLLIN,BELFAST WEST,65.6,1.0,0.983,23.5
N20001286,COLLIN,BELFAST WEST,89.5,1.0,0.995,23.8
N20001287,COLLIN,BELFAST WEST,93.5,1.0,0.997,23.8
N20001288,COLLIN,BELFAST WEST,95.9,1.0,0.998,23.8
N20001289,COLLIN,BELFAST WEST,53.5,1.0,0.977,23.4
N20001290,COLLIN,BELFAST WEST,97.0,1.0,0.999,23.8
N20001291,COLLIN,BELFAST WEST,94.0,1.0,0.997,23.8
N20001292,COLLIN,LAGAN VALLEY,28.0,1.0,0.977,23.4
N20001294,COLLIN,LAGAN VALLEY,24.7,1.0,0.976,23.3
N20001296,COLLIN,LAGAN VALLEY,30.2,1.0,0.978,23.4
N20001297,BLACK MOUNTAIN,BELFAST WEST,91.7,1.0,0.996,23.8
N20001298,BLACK MOUNTAIN,BELFAST WEST,94.1,1.0,0.997,23.8
N20001300,BLACK MOUNTAIN,BELFAST WEST,90.4,1.0,0.995,23.8
N20001301,BLACK MOUNTAIN,BELFAST WEST,95.6,1.0,0.998,23.8
N20001303,BLACK MOUNTAIN,BELFAST WEST,86.1,1.0,0.993,23.7
N20001304,BLACK MOUNTAIN,BELFAST WEST,88.8,1.0,0.995,23.8
N20001305,BLACK MOUNTAIN,BELFAST WEST,95.8,1.0,0.998,23.8
N20001306,BLACK MOUNTAIN,BELFAST WEST,94.1,1.0,0.997,23.8
N20001307,BLACK MOUNTAIN,BELFAST WEST,73.3,1.0,0.987,23.6
N20001308,BLACK MOUNTAIN,BELFAST WEST,93.7,1.0,0.997,23.8
N20001309,BLACK MOUNTAIN,BELFAST WEST,93.6,1.0,0.997,23.8
N20001310,BLACK MOUNTAIN,BELFAST WEST,92.8,1.0,0.997,23.8
N20001311,BLACK MOUNTAIN,BELFAST WEST,85.6,1.0,0.993,23.7
N20001312,BLACK MOUNTAIN,BELFAST WEST,83.1,1.0,0.992,23.7
N20001313,BLACK MOUNTAIN,BELFAST WEST,94.2,1.0,0.997,23.8
N20001314,BLACK MOUNTAIN,BELFAST WEST,95.8,1.0,0.998,23.8
N20001315,BLACK MOUNTAIN,BELFAST WEST,81.5,1.0,0.991,23.7
N20001316,BLACK MOUNTAIN,BELFAST WEST,91.1,1.0,0.996,23.8
N20001318,BLACK MOUNTAIN,BELFAST WEST,92.5,1.0,0.996,23.8
N20001319,BLACK MOUNTAIN,BELFAST WEST,89.3,1.0,0.995,23.8
N20001320,BLACK MOUNTAIN,BELFAST WEST,93.6,1.0,0.997,23.8
N20001321,BLACK MOUNTAIN,BELFAST WEST,89.0,1.0,0.995,23.8
N20001322,BLACK MOUNTAIN,BELFAST WEST,88.8,1.0,0.995,23.8
N20001323,BLACK MOUNTAIN,BELFAST WEST,95.4,1.0,0.998,23.8
N20001324,BLACK MOUNTAIN,BELFAST WEST,87.2,1.0,0.994,23.7
N20001325,BLACK MOUNTAIN,BELFAST WEST,96.4,1.0,0.998,23.8
N20001326,BLACK MOUNTAIN,BELFAST WEST,96.8,1.0,0.998,23.8
N20001327,BLACK MOUNTAIN,BELFAST WEST,95.3,1.0,0.998,23.8
N20001328,BLACK MOUNTAIN,BELFAST WEST,88.3,1.0,0.994,23.8
N20001329,BLACK MOUNTAIN,BELFAST WEST,93.2,1.0,0.997,23.8
N20001330,BLACK MOUNTAIN,BELFAST WEST,90.9,1.0,0.996,23.8
N20001333,BLACK MOUNTAIN,BELFAST WEST,91.8,1.0,0.996,23.8
N20001334,BLACK MOUNTAIN,BELFAST WEST,95.0,1.0,0.998,23.8
N20001335,BLACK MOUNTAIN,BELFAST WEST,92.8,1.0,0.997,23.8
N20001336,BLACK MOUNTAIN,BELFAST WEST,89.5,1.0,0.995,23.8
N20001338,BLACK MOUNTAIN,BELFAST WEST,87.3,1.0,0.994,23.7
N20001339,BLACK MOUNTAIN,BELFAST WEST,95.6,1.0,0.998,23.8
N20001340,BLACK MOUNTAIN,BELFAST WEST,93.3,1.0,0.997,23.8
N20001342,BLACK MOUNTAIN,BELFAST WEST,94.7,1.0,0.997,23.8
N20001343,BLACK MOUNTAIN,BELFAST WEST,94.8,1.0,0.997,23.8
N20001345,BLACK MOUNTAIN,BELFAST WEST,92.3,1.0,0.996,23.8
N20001346,BLACK MOUNTAIN,BELFAST WEST,91.3,1.0,0.996,23.8
N20001347,BLACK MOUNTAIN,BELFAST WEST,91.2,1.0,0.996,23.8
N20001348,BLACK MOUNTAIN,BELFAST WEST,91.8,1.0,0.996,23.8
N20001351,BLACK MOUNTAIN,BELFAST WEST,93.3,1.0,0.997,23.8
N20001352,BLACK MOUNTAIN,BELFAST WEST,94.0,1.0,0.997,23.8
N20001354,BLACK MOUNTAIN,BELFAST WEST,92.1,1.0,0.996,23.8
N20001356,BLACK MOUNTAIN,BELFAST WEST,96.3,1.0,0.998,23.8
N20001358,BLACK MOUNTAIN,BELFAST WEST,92.2,1.0,0.996,23.8
N20001359,BLACK MOUNTAIN,BELFAST WEST,95.3,1.0,0.998,23.8
N20001360,BLACK MOUNTAIN,BELFAST WEST,94.9,1.0,0.998,23.8
N20001361,BLACK MOUNTAIN,BELFAST WEST,96.4,1.0,0.998,23.8
N20001362,BLACK MOUNTAIN,BELFAST WEST,95.0,1.0,0.998,23.8
N20001363,BLACK MOUNTAIN,BELFAST WEST,95.6,1.0,0.998,23.8
N20001365,BLACK MOUNTAIN,BELFAST WEST,86.4,1.0,0.993,23.7
N20001366,BLACK MOUNTAIN,BELFAST WEST,96.0,1.0,0.998,23.8
N20001368,BLACK MOUNTAIN,BELFAST WEST,91.8,1.0,0.996,23.8
N20001370,COURT,BELFAST WEST,4.3,0.445,0.574,14.7
N20001371,COURT,BELFAST NORTH,31.8,0.445,0.686,17.1
N20001373,COURT,BELFAST NORTH,43.0,0.445,0.738,18.2
N20001375,COURT,BELFAST NORTH,2.0,0.445,0.55,14.2
N20001376,COURT,BELFAST WEST,8.1,0.445,0.591,15.1
N20001377,COURT,BELFAST NORTH,14.9,0.445,0.609,15.4
N20001378,COURT,BELFAST WEST,12.1,0.445,0.609,15.4
N20001379,COURT,BELFAST WEST,6.3,0.445,0.583,14.9
N20001380,COURT,BELFAST WEST,4.8,0.445,0.576,14.8
N20001381,COURT,BELFAST NORTH,3.7,0.445,0.557,14.4
N20001382,COURT,BELFAST NORTH,5.3,0.445,0.565,14.5
N20001383,COURT,BELFAST NORTH,9.0,0.445,0.582,14.9
N20001384,COURT,BELFAST NORTH,5.2,0.445,0.564,14.5
N20001385,COURT,BELFAST NORTH,14.6,0.445,0.607,15.4
N20001386,COURT,BELFAST WEST,6.3,0.445,0.583,14.9
N20001388,COURT,BELFAST WEST,4.4,0.445,0.574,14.7
N20001389,COURT,BELFAST WEST,5.6,0.445,0.58,14.8
N20001391,COURT,BELFAST WEST,3.1,0.445,0.569,14.6
N20001392,COURT,BELFAST WEST,4.8,0.445,0.576,14.8
N20001393,COURT,BELFAST NORTH,2.3,0.445,0.551,14.2
N20001394,COURT,BELFAST NORTH,10.5,0.445,0.589,15.0
N20001395,COURT,BELFAST NORTH,7.0,0.445,0.572,14.7
N20001396,COURT,BELFAST WEST,11.1,0.445,0.604,15.3
N20001397,COURT,BELFAST NORTH,8.9,0.445,0.581,14.9
N20001398,COURT,BELFAST WEST,6.1,0.445,0.582,14.9
N20001399,COURT,BELFAST NORTH,3.2,0.445,0.555,14.3
N20001400,COURT,BELFAST NORTH,11.4,0.445,0.593,15.1
N20001401,COURT,BELFAST WEST,11.1,0.445,0.604,15.3
N20001402,COURT,BELFAST WEST,15.0,0.445,0.622,15.7
N20001404,COURT,BELFAST NORTH,7.5,0.445,0.575,14.7
N20001405,COURT,BELFAST WEST,3.1,0.445,0.569,14.6
N20001406,COURT,BELFAST WEST,5.0,0.445,0.577,14.8
N20001407,COURT,BELFAST WEST,8.5,0.445,0.593,15.1
N20001408,COURT,BELFAST WEST,5.3,0.445,0.578,14.8
N20001409,COURT,BELFAST WEST,1.1,0.445,0.56,14.4
N20001410,COURT,BELFAST WEST,2.0,0.445,0.564,14.5
N20001411,COURT,BELFAST WEST,6.7,0.445,0.585,14.9
N20001412,COURT,BELFAST WEST,6.0,0.445,0.582,14.9
N20001413,COURT,BELFAST NORTH,22.5,0.445,0.644,16.2
N20001415,COURT,BELFAST WEST,4.1,0.445,0.573,14.7
N20001416,COURT,BELFAST WEST,4.8,0.445,0.576,14.8
N20001418,COURT,BELFAST WEST,45.5,0.445,0.757,18.6
N20001420,COURT,BELFAST WEST,85.4,0.445,0.935,22.4
N20001421,COURT,BELFAST WEST,70.9,0.445,0.87,21.0
N20001422,COURT,BELFAST WEST,65.2,0.445,0.845,20.5
N20001423,COURT,BELFAST WEST,86.6,0.445,0.94,22.6
N20001424,COURT,BELFAST WEST,9.3,0.445,0.596,15.2
N20001425,COURT,BELFAST WEST,78.9,0.445,0.906,21.8
N20001426,COURT,BELFAST WEST,91.6,0.445,0.963,23.1
N20001427,COURT,BELFAST WEST,90.9,0.445,0.959,23.0
N20001428,COURT,BELFAST WEST,83.5,0.445,0.927,22.3
N20001429,COURT,BELFAST WEST,93.5,0.445,0.971,23.2
N20001430,COURT,BELFAST WEST,80.2,0.445,0.912,21.9
N20001431,COURT,BELFAST WEST,90.5,0.445,0.958,22.9
N20001434,COURT,BELFAST WEST,92.0,0.445,0.964,23.1
N20001435,COURT,BELFAST WEST,80.1,0.445,0.911,21.9
N20001437,COURT,BELFAST WEST,90.2,0.445,0.956,22.9
N20001438,COURT,BELFAST WEST,95.2,0.445,0.979,23.4
N20001439,COURT,BELFAST WEST,82.4,0.445,0.922,22.2
N20001441,COURT,BELFAST WEST,80.7,0.445,0.914,22.0
N20001442,COURT,BELFAST WEST,94.9,0.445,0.977,23.4
N20001443,COURT,BELFAST WEST,88.8,0.445,0.95,22.8
N20001444,COURT,BELFAST WEST,95.0,0.445,0.978,23.4
N20001445,COURT,BELFAST WEST,81.5,0.445,0.918,22.1
N20001446,BENBRADAGH,EAST LONDONDERRY,30.5,0.62,0.758,18.6
N20001447,BENBRADAGH,EAST LONDONDERRY,57.4,0.62,0.852,20.6
N20001449,BENBRADAGH,EAST LONDONDERRY,55.1,0.62,0.844,20.5
N20001450,BENBRADAGH,EAST LONDONDERRY,58.3,0.62,0.855,20.7
N20001451,BENBRADAGH,EAST LONDONDERRY,57.8,0.62,0.853,20.7
N20001452,BENBRADAGH,EAST LONDONDERRY,57.7,0.62,0.853,20.6
N20001453,BENBRADAGH,EAST LONDONDERRY,68.1,0.62,0.889,21.4
N20001456,BENBRADAGH,EAST LONDONDERRY,91.6,0.62,0.971,23.2
N20001457,BENBRADAGH,EAST LONDONDERRY,19.0,0.62,0.718,17.7
N20001458,BENBRADAGH,EAST LONDONDERRY,63.5,0.62,0.873,21.1
N20001460,BENBRADAGH,EAST LONDONDERRY,77.3,0.62,0.921,22.1
N20001461,BENBRADAGH,EAST LONDONDERRY,39.2,0.62,0.788,19.3
N20001462,BENBRADAGH,EAST LONDONDERRY,85.2,0.62,0.948,22.7
N20001465,BENBRADAGH,EAST LONDONDERRY,73.0,0.62,0.906,21.8
N20001466,BENBRADAGH,EAST LONDONDERRY,62.7,0.62,0.87,21.0
N20001467,BENBRADAGH,EAST LONDONDERRY,8.7,0.62,0.682,17.0
N20001470,BENBRADAGH,EAST LONDONDERRY,89.3,0.62,0.963,23.1
N20001472,BENBRADAGH,EAST LONDONDERRY,95.1,0.62,0.983,23.5
N20001473,BENBRADAGH,EAST LONDONDERRY,93.3,0.62,0.977,23.4
N20001474,BENBRADAGH,EAST LONDONDERRY,88.7,0.62,0.961,23.0
N20001477,BENBRADAGH,EAST LONDONDERRY,79.3,0.62,0.928,22.3
N20001478,BENBRADAGH,EAST LONDONDERRY,83.8,0.62,0.944,22.6
N20001480,BENBRADAGH,EAST LONDONDERRY,78.6,0.62,0.926,22.2
N20001481,LIMAVADY,EAST LONDONDERRY,67.7,1.0,0.992,23.7
N20001482,LIMAVADY,EAST LONDONDERRY,52.4,1.0,0.988,23.6
N20001484,LIMAVADY,EAST LONDONDERRY,24.6,1.0,0.98,23.4
N20001485,LIMAVADY,EAST LONDONDERRY,28.9,1.0,0.982,23.5
N20001486,LIMAVADY,EAST LONDONDERRY,45.3,1.0,0.986,23.6
N20001487,LIMAVADY,EAST LONDONDERRY,23.9,1.0,0.98,23.4
N20001488,LIMAVADY,EAST LONDONDERRY,34.6,1.0,0.983,23.5
N20001489,LIMAVADY,EAST LONDONDERRY,33.6,1.0,0.983,23.5
N20001490,LIMAVADY,EAST LONDONDERRY,43.0,1.0,0.985,23.6
N20001491,LIMAVADY,EAST LONDONDERRY,44.3,1.0,0.986,23.6
N20001492,LIMAVADY,EAST LONDONDERRY,50.0,1.0,0.987,23.6
N20001494,LIMAVADY,EAST LONDONDERRY,49.3,1.0,0.987,23.6
N20001495,LIMAVADY,EAST LONDONDERRY,34.2,1.0,0.983,23.5
N20001496,LIMAVADY,EAST LONDONDERRY,70.5,1.0,0.992,23.7
N20001497,LIMAVADY,EAST LONDONDERRY,43.0,1.0,0.985,23.6
N20001498,LIMAVADY,EAST LONDONDERRY,52.9,1.0,0.988,23.6
N20001499,LIMAVADY,EAST LONDONDERRY,36.6,1.0,0.984,23.5
N20001501,LIMAVADY,EAST LONDONDERRY,45.5,1.0,0.986,23.6
N20001502,LIMAVADY,EAST LONDONDERRY,30.0,1.0,0.982,23.5
N20001503,LIMAVADY,EAST LONDONDERRY,43.7,1.0,0.985,23.6
N20001504,LIMAVADY,EAST LONDONDERRY,49.5,1.0,0.987,23.6
N20001505,LIMAVADY,EAST LONDONDERRY,42.6,1.0,0.985,23.6
N20001506,LIMAVADY,EAST LONDONDERRY,37.7,1.0,0.984,23.5
N20001508,LIMAVADY,EAST LONDONDERRY,45.2,1.0,0.986,23.6
N20001510,LIMAVADY,EAST LONDONDERRY,51.5,1.0,0.987,23.6
N20001512,LIMAVADY,EAST LONDONDERRY,88.9,1.0,0.997,23.8
N20001513,LIMAVADY,EAST LONDONDERRY,54.1,1.0,0.988,23.6
N20001514,BANN,EAST LONDONDERRY,14.4,0.35,0.506,13.3
N20001515,BANN,EAST LONDONDERRY,17.7,0.35,0.525,13.7
N20001516,BANN,EAST LONDONDERRY,12.4,0.35,0.495,13.1
N20001517,BANN,EAST LONDONDERRY,29.0,0.35,0.59,15.1
N20001518,BANN,EAST LONDONDERRY,19.1,0.35,0.533,13.9
N20001519,BANN,EAST LONDONDERRY,14.4,0.35,0.506,13.3
N20001521,BANN,EAST LONDONDERRY,21.3,0.35,0.546,14.1
N20001522,BANN,EAST LONDONDERRY,9.2,0.35,0.476,12.7
N20001523,BANN,EAST LONDONDERRY,4.5,0.35,0.449,12.2
N20001524,BANN,EAST LONDONDERRY,17.9,0.35,0.526,13.8
N20001525,BANN,EAST LONDONDERRY,17.3,0.35,0.523,13.7
N20001526,BANN,EAST LONDONDERRY,15.6,0.35,0.513,13.5
N20001527,BANN,EAST LONDONDERRY,10.8,0.35,0.485,12.9
N20001528,BANN,EAST LONDONDERRY,7.9,0.35,0.469,12.6
N20001529,BANN,EAST LONDONDERRY,6.2,0.35,0.459,12.4
N20001530,BANN,EAST LONDONDERRY,31.7,0.35,0.606,15.4
N20001532,BANN,EAST LONDONDERRY,77.7,0.35,0.871,21.1
N20001533,BANN,EAST LONDONDERRY,8.4,0.35,0.472,12.7
N20001534,BANN,EAST LONDONDERRY,41.4,0.35,0.662,16.6
N20001535,BANN,EAST LONDONDERRY,14.0,0.35,0.504,13.3
N20001536,BANN,EAST LONDONDERRY,13.2,0.35,0.499,13.2
N20001537,BANN,EAST LONDONDERRY,25.3,0.35,0.569,14.6
N20001538,BANN,EAST LONDONDERRY,80.0,0.35,0.885,21.3
N20001539,BANN,EAST LONDONDERRY,51.9,0.35,0.723,17.8
N20001540,BANN,EAST LONDONDERRY,81.9,0.35,0.896,21.6
N20001541,BANN,EAST LONDONDERRY,77.2,0.35,0.868,21.0
N20001542,BANN,EAST LONDONDERRY,57.1,0.35,0.753,18.5
N20001543,BANN,EAST LONDONDERRY,64.6,0.35,0.796,19.4
N20001545,BANN,EAST LONDONDERRY,77.5,0.35,0.87,21.0
N20001546,BANN,EAST LONDONDERRY,90.8,0.35,0.947,22.7
N20001547,COLERAINE,EAST LONDONDERRY,11.1,0.4,0.525,13.7
N20001548,COLERAINE,EAST LONDONDERRY,32.5,0.4,0.639,16.1
N20001549,COLERAINE,EAST LONDONDERRY,12.7,0.4,0.533,13.9
N20001550,COLERAINE,EAST LONDONDERRY,11.9,0.4,0.529,13.8
N20001551,COLERAINE,EAST LONDONDERRY,19.5,0.4,0.57,14.6
N20001552,COLERAINE,EAST LONDONDERRY,20.9,0.4,0.577,14.8
N20001553,COLERAINE,EAST LONDONDERRY,15.7,0.4,0.549,14.2
N20001554,COLERAINE,EAST LONDONDERRY,15.5,0.4,0.548,14.2
N20001555,COLERAINE,EAST LONDONDERRY,25.1,0.4,0.6,15.3
N20001556,COLERAINE,EAST LONDONDERRY,14.8,0.4,0.545,14.1
N20001557,COLERAINE,EAST LONDONDERRY,22.2,0.4,0.584,14.9
N20001558,COLERAINE,EAST LONDONDERRY,24.6,0.4,0.597,15.2
N20001560,COLERAINE,EAST LONDONDERRY,28.0,0.4,0.615,15.6
N20001561,COLERAINE,EAST LONDONDERRY,21.2,0.4,0.579,14.8
N20001562,COLERAINE,EAST LONDONDERRY,24.0,0.4,0.594,15.1
N20001563,COLERAINE,EAST LONDONDERRY,19.6,0.4,0.57,14.6
N20001565,COLERAINE,EAST LONDONDERRY,20.5,0.4,0.575,14.7
N20001566,COLERAINE,EAST LONDONDERRY,25.0,0.4,0.599,15.2
N20001567,COLERAINE,EAST LONDONDERRY,25.3,0.4,0.601,15.3
N20001568,COLERAINE,EAST LONDONDERRY,44.6,0.4,0.704,17.4
N20001569,COLERAINE,EAST LONDONDERRY,20.7,0.4,0.576,14.8
N20001570,COLERAINE,EAST LONDONDERRY,35.0,0.4,0.653,16.4
N20001571,COLERAINE,EAST LONDONDERRY,33.9,0.4,0.647,16.2
N20001572,COLERAINE,EAST LONDONDERRY,26.3,0.4,0.606,15.4
N20001573,COLERAINE,EAST LONDONDERRY,42.3,0.4,0.692,17.2
N20001574,COLERAINE,EAST LONDONDERRY,51.0,0.4,0.738,18.2
N20001575,COLERAINE,EAST LONDONDERRY,49.8,0.4,0.732,18.0
N20001576,COLERAINE,EAST LONDONDERRY,39.7,0.4,0.678,16.9
N20001577,COLERAINE,EAST LONDONDERRY,33.5,0.4,0.645,16.2
N20001578,COLERAINE,EAST LONDONDERRY,26.2,0.4,0.606,15.4
N20001579,COLERAINE,EAST LONDONDERRY,46.7,0.4,0.715,17.7
N20001580,COLERAINE,EAST LONDONDERRY,29.9,0.4,0.625,15.8
N20001581,COLERAINE,EAST LONDONDERRY,39.4,0.4,0.676,16.9
N20001582,COLERAINE,EAST LONDONDERRY,20.7,0.4,0.576,14.8
N20001584,COLERAINE,EAST LONDONDERRY,23.2,0.4,0.589,15.0
N20001585,COLERAINE,EAST LONDONDERRY,23.5,0.4,0.591,15.1
N20001586,COLERAINE,EAST LONDONDERRY,27.2,0.4,0.611,15.5
N20001587,COLERAINE,EAST LONDONDERRY,22.7,0.4,0.587,15.0
N20001588,COLERAINE,EAST LONDONDERRY,26.7,0.4,0.608,15.4
N20001590,COLERAINE,EAST LONDONDERRY,21.4,0.4,0.58,14.8
N20001591,COLERAINE,EAST LONDONDERRY,20.9,0.4,0.577,14.8
N20001593,COLERAINE,EAST LONDONDERRY,16.9,0.4,0.556,14.3
N20001594,COLERAINE,EAST LONDONDERRY,19.2,0.4,0.568,14.6
N20001595,COLERAINE,EAST LONDONDERRY,2.8,0.4,0.48,12.8
N20001596,COLERAINE,EAST LONDONDERRY,16.5,0.4,0.554,14.3
N20001597,CAUSEWAY,NORTH ANTRIM,4.9,0.475,0.546,14.1
N20001599,CAUSEWAY,EAST LONDONDERRY,32.3,0.475,0.681,17.0
N20001600,CAUSEWAY,NORTH ANTRIM,3.2,0.475,0.537,14.0
N20001601,CAUSEWAY,NORTH ANTRIM,1.9,0.475,0.531,13.8
N20001602,CAUSEWAY,EAST LONDONDERRY,4.7,0.475,0.551,14.3
N20001603,CAUSEWAY,EAST LONDONDERRY,30.8,0.475,0.674,16.8
N20001604,CAUSEWAY,EAST LONDONDERRY,24.0,0.475,0.642,16.1
N20001605,CAUSEWAY,NORTH ANTRIM,2.5,0.475,0.534,13.9
N20001606,CAUSEWAY,NORTH ANTRIM,3.8,0.475,0.54,14.0
N20001607,CAUSEWAY,EAST LONDONDERRY,26.9,0.475,0.656,16.4
N20001609,CAUSEWAY,EAST LONDONDERRY,25.2,0.475,0.648,16.3
N20001610,CAUSEWAY,EAST LONDONDERRY,21.1,0.475,0.628,15.8
N20001611,CAUSEWAY,EAST LONDONDERRY,21.4,0.475,0.63,15.9
N20001612,CAUSEWAY,EAST LONDONDERRY,26.8,0.475,0.655,16.4
N20001613,CAUSEWAY,EAST LONDONDERRY,19.8,0.475,0.622,15.7
N20001614,CAUSEWAY,EAST LONDONDERRY,20.4,0.475,0.625,15.8
N20001615,CAUSEWAY,EAST LONDONDERRY,27.3,0.475,0.658,16.5
N20001616,CAUSEWAY,EAST LONDONDERRY,35.2,0.475,0.695,17.2
N20001617,CAUSEWAY,EAST LONDONDERRY,3.8,0.475,0.547,14.2
N20001619,CAUSEWAY,NORTH ANTRIM,3.8,0.475,0.54,14.0
N20001620,CAUSEWAY,EAST LONDONDERRY,32.0,0.475,0.68,16.9
N20001621,CAUSEWAY,EAST LONDONDERRY,36.3,0.475,0.7,17.4
N20001622,CAUSEWAY,EAST LONDONDERRY,30.1,0.475,0.671,16.7
N20001623,CAUSEWAY,EAST LONDONDERRY,30.6,0.475,0.673,16.8
N20001624,CAUSEWAY,EAST LONDONDERRY,30.7,0.475,0.674,16.8
N20001625,CAUSEWAY,EAST LONDONDERRY,31.4,0.475,0.677,16.9
N20001626,CAUSEWAY,EAST LONDONDERRY,32.7,0.475,0.683,17.0
N20001627,CAUSEWAY,EAST LONDONDERRY,7.7,0.475,0.565,14.5
N20001629,CAUSEWAY,EAST LONDONDERRY,27.1,0.475,0.657,16.4
N20001630,CAUSEWAY,EAST LONDONDERRY,38.9,0.475,0.712,17.6
N20001632,CAUSEWAY,EAST LONDONDERRY,35.3,0.475,0.695,17.3
N20001633,CAUSEWAY,EAST LONDONDERRY,39.3,0.475,0.714,17.7
N20001634,CAUSEWAY,EAST LONDONDERRY,17.3,0.475,0.611,15.5
N20001635,CAUSEWAY,EAST LONDONDERRY,38.9,0.475,0.712,17.6
N20001637,CAUSEWAY,EAST LONDONDERRY,36.8,0.475,0.702,17.4
N20001638,CAUSEWAY,EAST LONDONDERRY,36.9,0.475,0.703,17.4
N20001639,CAUSEWAY,NORTH ANTRIM,3.3,0.475,0.538,14.0
N20001640,CAUSEWAY,EAST LONDONDERRY,10.0,0.475,0.576,14.8
N20001641,CAUSEWAY,EAST LONDONDERRY,6.1,0.475,0.558,14.4
N20001642,CAUSEWAY,NORTH ANTRIM,2.6,0.475,0.535,13.9
N20001643,CAUSEWAY,NORTH ANTRIM,8.2,0.475,0.561,14.5
N20001644,CAUSEWAY,EAST LONDONDERRY,4.8,0.475,0.552,14.3
N20001645,CAUSEWAY,NORTH ANTRIM,12.0,0.475,0.58,14.8
N20001647,CAUSEWAY,EAST LONDONDERRY,8.5,0.475,0.569,14.6
N20001648,CAUSEWAY,NORTH ANTRIM,11.5,0.475,0.577,14.8
N20001649,CAUSEWAY,NORTH ANTRIM,10.2,0.475,0.571,14.7
N20001650,CAUSEWAY,NORTH ANTRIM,7.6,0.475,0.558,14.4
N20001651,THE GLENS,NORTH ANTRIM,63.2,0.775,0.92,22.1
N20001652,THE GLENS,NORTH ANTRIM,51.6,0.775,0.895,21.6
N20001655,THE GLENS,NORTH ANTRIM,76.8,0.775,0.949,22.8
N20001656,THE GLENS,NORTH ANTRIM,80.6,0.775,0.958,22.9
N20001657,THE GLENS,NORTH ANTRIM,69.2,0.775,0.933,22.4
N20001658,THE GLENS,NORTH ANTRIM,18.3,0.775,0.822,20.0
N20001659,THE GLENS,NORTH ANTRIM,61.5,0.775,0.916,22.0
N20001660,THE GLENS,NORTH ANTRIM,78.6,0.775,0.953,22.9
N20001661,THE GLENS,NORTH ANTRIM,78.4,0.775,0.953,22.8
N20001662,THE GLENS,NORTH ANTRIM,68.4,0.775,0.931,22.4
N20001663,THE GLENS,NORTH ANTRIM,77.8,0.775,0.952,22.8
N20001664,THE GLENS,NORTH ANTRIM,65.6,0.775,0.925,22.2
N20001665,THE GLENS,NORTH ANTRIM,88.1,0.775,0.974,23.3
N20001666,THE GLENS,NORTH ANTRIM,25.6,0.775,0.838,20.3
N20001667,THE GLENS,NORTH ANTRIM,89.0,0.775,0.976,23.4
N20001669,THE GLENS,NORTH ANTRIM,7.5,0.775,0.799,19.5
N20001671,THE GLENS,NORTH ANTRIM,35.5,0.775,0.86,20.8
N20001672,THE GLENS,NORTH ANTRIM,4.7,0.775,0.793,19.3
N20001674,THE GLENS,NORTH ANTRIM,15.3,0.775,0.816,19.8
N20001675,THE GLENS,EAST ANTRIM,94.1,0.775,0.987,23.6
N20001676,THE GLENS,NORTH ANTRIM,65.2,0.775,0.924,22.2
N20001677,THE GLENS,EAST ANTRIM,92.4,0.775,0.984,23.5
N20001680,THE GLENS,EAST ANTRIM,92.8,0.775,0.985,23.5
N20001681,THE GLENS,NORTH ANTRIM,93.3,0.775,0.985,23.6
N20001682,THE GLENS,EAST ANTRIM,93.8,0.775,0.987,23.6
N20001684,THE GLENS,EAST ANTRIM,92.0,0.775,0.983,23.5
N20001686,BALLYMONEY,NORTH ANTRIM,12.9,0.515,0.614,15.5
N20001687,BALLYMONEY,NORTH ANTRIM,17.9,0.515,0.636,16.0
N20001688,BALLYMONEY,NORTH ANTRIM,12.6,0.515,0.613,15.5
N20001689,BALLYMONEY,NORTH ANTRIM,18.1,0.515,0.637,16.0
N20001690,BALLYMONEY,NORTH ANTRIM,13.1,0.515,0.615,15.6
N20001691,BALLYMONEY,NORTH ANTRIM,14.8,0.515,0.622,15.7
N20001692,BALLYMONEY,NORTH ANTRIM,16.4,0.515,0.63,15.9
N20001693,BALLYMONEY,NORTH ANTRIM,6.4,0.515,0.585,15.0
N20001696,BALLYMONEY,NORTH ANTRIM,11.0,0.515,0.606,15.4
N20001697,BALLYMONEY,NORTH ANTRIM,19.2,0.515,0.642,16.1
N20001698,BALLYMONEY,NORTH ANTRIM,19.5,0.515,0.643,16.2
N20001699,BALLYMONEY,NORTH ANTRIM,12.7,0.515,0.613,15.5
N20001700,BALLYMONEY,NORTH ANTRIM,19.4,0.515,0.643,16.2
N20001702,BALLYMONEY,NORTH ANTRIM,23.8,0.515,0.662,16.6
N20001703,BALLYMONEY,NORTH ANTRIM,55.2,0.515,0.801,19.5
N20001704,BALLYMONEY,NORTH ANTRIM,7.5,0.515,0.59,15.1
N20001706,BALLYMONEY,NORTH ANTRIM,12.4,0.515,0.612,15.5
N20001707,BALLYMONEY,NORTH ANTRIM,6.8,0.515,0.587,15.0
N20001708,BALLYMONEY,NORTH ANTRIM,14.3,0.515,0.62,15.7
N20001710,BALLYMONEY,NORTH ANTRIM,17.2,0.515,0.633,15.9
N20001711,BALLYMONEY,NORTH ANTRIM,16.4,0.515,0.63,15.9
N20001712,BALLYMONEY,NORTH ANTRIM,9.4,0.515,0.599,15.2
N20001713,BALLYMONEY,NORTH ANTRIM,10.8,0.515,0.605,15.4
N20001714,BALLYMONEY,NORTH ANTRIM,13.3,0.515,0.616,15.6
N20001715,BALLYMONEY,NORTH ANTRIM,50.8,0.515,0.782,19.1
N20001716,BALLYMONEY,NORTH ANTRIM,41.0,0.515,0.739,18.2
N20001718,BALLYMONEY,NORTH ANTRIM,93.4,0.515,0.971,23.2
N20001719,BALLYMONEY,NORTH ANTRIM,94.9,0.515,0.977,23.4
N20001720,BALLYMONEY,NORTH ANTRIM,18.9,0.515,0.641,16.1
N20001721,BALLYMONEY,NORTH ANTRIM,36.8,0.515,0.72,17.8
N20001723,BALLYMONEY,NORTH ANTRIM,30.6,0.515,0.692,17.2
N20001725,BALLYMONEY,NORTH ANTRIM,69.0,0.515,0.863,20.9
N20001727,BALLYMONEY,NORTH ANTRIM,57.7,0.515,0.813,19.8
N20001728,BALLYMONEY,NORTH ANTRIM,85.7,0.515,0.937,22.5
N20001729,BALLYMONEY,NORTH ANTRIM,74.9,0.515,0.889,21.4
N20001731,BALLYMONEY,NORTH ANTRIM,56.4,0.515,0.807,19.7
N20001732,THE MOOR,FOYLE,93.4,1.0,0.998,23.8
N20001733,THE MOOR,FOYLE,96.1,1.0,0.999,23.8
N20001734,THE MOOR,FOYLE,93.3,1.0,0.998,23.8
N20001735,THE MOOR,FOYLE,87.1,1.0,0.996,23.8
N20001736,THE MOOR,FOYLE,94.4,1.0,0.998,23.8
N20001737,THE MOOR,FOYLE,91.7,1.0,0.997,23.8
N20001738,THE MOOR,FOYLE,92.5,1.0,0.997,23.8
N20001739,THE MOOR,FOYLE,94.0,1.0,0.998,23.8
N20001740,THE MOOR,FOYLE,91.2,1.0,0.997,23.8
N20001741,THE MOOR,FOYLE,88.5,1.0,0.996,23.8
N20001743,THE MOOR,FOYLE,72.8,1.0,0.991,23.7
N20001745,THE MOOR,FOYLE,92.8,1.0,0.997,23.8
N20001747,THE MOOR,FOYLE,93.4,1.0,0.998,23.8
N20001748,THE MOOR,FOYLE,94.1,1.0,0.998,23.8
N20001750,THE MOOR,FOYLE,87.0,1.0,0.995,23.8
N20001753,THE MOOR,FOYLE,96.2,1.0,0.999,23.8
N20001756,THE MOOR,FOYLE,78.0,1.0,0.992,23.7
N20001757,THE MOOR,FOYLE,93.7,1.0,0.998,23.8
N20001758,THE MOOR,FOYLE,94.9,1.0,0.998,23.8
N20001761,THE MOOR,FOYLE,90.4,1.0,0.997,23.8
N20001762,THE MOOR,FOYLE,96.4,1.0,0.999,23.9
N20001764,THE MOOR,FOYLE,90.5,1.0,0.997,23.8
N20001765,THE MOOR,FOYLE,93.9,1.0,0.998,23.8
N20001767,THE MOOR,FOYLE,76.4,1.0,0.992,23.7
N20001769,FOYLESIDE,FOYLE,94.3,1.0,0.998,23.8
N20001771,FOYLESIDE,FOYLE,88.4,1.0,0.996,23.8
N20001772,FOYLESIDE,FOYLE,91.9,1.0,0.997,23.8
N20001774,FOYLESIDE,FOYLE,95.7,1.0,0.999,23.8
N20001775,FOYLESIDE,FOYLE,91.2,1.0,0.997,23.8
N20001777,FOYLESIDE,FOYLE,91.9,1.0,0.997,23.8
N20001779,FOYLESIDE,FOYLE,93.9,1.0,0.998,23.8
N20001780,FOYLESIDE,FOYLE,95.8,1.0,0.999,23.8
N20001781,FOYLESIDE,FOYLE,91.1,1.0,0.997,23.8
N20001782,FOYLESIDE,FOYLE,96.0,1.0,0.999,23.8
N20001784,FOYLESIDE,FOYLE,87.7,1.0,0.996,23.8
N20001786,FOYLESIDE,FOYLE,93.3,1.0,0.998,23.8
N20001788,FOYLESIDE,FOYLE,96.8,1.0,0.999,23.9
N20001789,FOYLESIDE,FOYLE,79.0,1.0,0.993,23.7
N20001790,FOYLESIDE,FOYLE,68.9,1.0,0.989,23.6
N20001791,FOYLESIDE,FOYLE,88.1,1.0,0.996,23.8
N20001793,FOYLESIDE,FOYLE,75.5,1.0,0.991,23.7
N20001794,FOYLESIDE,FOYLE,72.4,1.0,0.99,23.7
N20001795,FOYLESIDE,FOYLE,82.6,1.0,0.994,23.7
N20001796,FOYLESIDE,FOYLE,94.0,1.0,0.998,23.8
N20001797,FOYLESIDE,FOYLE,71.8,1.0,0.99,23.7
N20001799,FOYLESIDE,FOYLE,92.0,1.0,0.997,23.8
N20001800,FOYLESIDE,FOYLE,82.0,1.0,0.994,23.7
N20001801,FOYLESIDE,FOYLE,83.8,1.0,0.994,23.8
N20001802,FOYLESIDE,FOYLE,83.4,1.0,0.994,23.8
N20001803,BALLYARNETT,FOYLE,88.3,1.0,0.996,23.8
N20001804,BALLYARNETT,FOYLE,91.8,1.0,0.997,23.8
N20001805,BALLYARNETT,FOYLE,90.6,1.0,0.997,23.8
N20001806,BALLYARNETT,FOYLE,92.4,1.0,0.997,23.8
N20001807,BALLYARNETT,FOYLE,89.4,1.0,0.996,23.8
N20001809,BALLYARNETT,FOYLE,91.0,1.0,0.997,23.8
N20001810,BALLYARNETT,FOYLE,95.2,1.0,0.998,23.8
N20001811,BALLYARNETT,FOYLE,92.7,1.0,0.997,23.8
N20001812,BALLYARNETT,FOYLE,84.8,1.0,0.995,23.8
N20001813,BALLYARNETT,FOYLE,91.0,1.0,0.997,23.8
N20001815,BALLYARNETT,FOYLE,93.9,1.0,0.998,23.8
N20001817,BALLYARNETT,FOYLE,92.2,1.0,0.997,23.8
N20001819,BALLYARNETT,FOYLE,94.9,1.0,0.998,23.8
N20001820,BALLYARNETT,FOYLE,93.9,1.0,0.998,23.8
N20001823,BALLYARNETT,FOYLE,91.3,1.0,0.997,23.8
N20001824,BALLYARNETT,FOYLE,95.1,1.0,0.998,23.8
N20001825,BALLYARNETT,FOYLE,92.9,1.0,0.998,23.8
N20001826,BALLYARNETT,FOYLE,90.0,1.0,0.997,23.8
N20001827,BALLYARNETT,FOYLE,92.2,1.0,0.997,23.8
N20001829,BALLYARNETT,FOYLE,94.7,1.0,0.998,23.8
N20001831,BALLYARNETT,FOYLE,94.0,1.0,0.998,23.8
N20001833,BALLYARNETT,FOYLE,89.6,1.0,0.996,23.8
N20001834,BALLYARNETT,FOYLE,92.8,1.0,0.997,23.8
N20001838,BALLYARNETT,FOYLE,93.8,1.0,0.998,23.8
N20001840,BALLYARNETT,FOYLE,90.5,1.0,0.997,23.8
N20001841,BALLYARNETT,FOYLE,95.0,1.0,0.998,23.8
N20001844,BALLYARNETT,FOYLE,95.8,1.0,0.999,23.8
N20001847,BALLYARNETT,FOYLE,94.2,1.0,0.998,23.8
N20001850,WATERSIDE,FOYLE,55.8,1.0,0.985,23.5
N20001851,WATERSIDE,FOYLE,68.1,1.0,0.989,23.6
N20001852,WATERSIDE,FOYLE,31.7,1.0,0.976,23.4
N20001853,WATERSIDE,FOYLE,10.8,1.0,0.969,23.2
N20001854,WATERSIDE,FOYLE,49.6,1.0,0.982,23.5
N20001855,WATERSIDE,FOYLE,43.7,1.0,0.98,23.4
N20001856,WATERSIDE,FOYLE,7.0,1.0,0.968,23.2
N20001857,WATERSIDE,FOYLE,15.2,1.0,0.971,23.2
N20001858,WATERSIDE,FOYLE,67.8,1.0,0.989,23.6
N20001859,WATERSIDE,FOYLE,50.0,1.0,0.983,23.5
N20001860,WATERSIDE,FOYLE,55.2,1.0,0.984,23.5
N20001861,WATERSIDE,FOYLE,71.6,1.0,0.99,23.7
N20001862,WATERSIDE,FOYLE,22.3,1.0,0.973,23.3
N20001863,WATERSIDE,FOYLE,45.1,1.0,0.981,23.5
N20001864,WATERSIDE,FOYLE,28.3,1.0,0.975,23.3
N20001865,WATERSIDE,FOYLE,25.1,1.0,0.974,23.3
N20001866,WATERSIDE,FOYLE,13.8,1.0,0.97,23.2
N20001867,WATERSIDE,FOYLE,44.1,1.0,0.981,23.5
N20001868,WATERSIDE,FOYLE,17.3,1.0,0.971,23.2
N20001869,WATERSIDE,FOYLE,10.9,1.0,0.969,23.2
N20001870,WATERSIDE,FOYLE,59.0,1.0,0.986,23.6
N20001871,WATERSIDE,FOYLE,36.5,1.0,0.978,23.4
N20001872,WATERSIDE,FOYLE,56.6,1.0,0.985,23.5
N20001873,WATERSIDE,FOYLE,25.2,1.0,0.974,23.3
N20001874,WATERSIDE,FOYLE,73.9,1.0,0.991,23.7
N20001875,WATERSIDE,FOYLE,31.1,1.0,0.976,23.4
N20001876,WATERSIDE,FOYLE,9.0,1.0,0.968,23.2
N20001877,WATERSIDE,FOYLE,64.6,1.0,0.988,23.6
N20001878,WATERSIDE,FOYLE,50.7,1.0,0.983,23.5
N20001879,WATERSIDE,FOYLE,27.3,1.0,0.975,23.3
N20001880,WATERSIDE,FOYLE,17.4,1.0,0.971,23.2
N20001882,WATERSIDE,FOYLE,65.6,1.0,0.988,23.6
N20001883,WATERSIDE,FOYLE,80.8,1.0,0.993,23.7
N20001884,WATERSIDE,FOYLE,58.9,1.0,0.986,23.6
N20001885,WATERSIDE,FOYLE,50.0,1.0,0.983,23.5
N20001886,WATERSIDE,FOYLE,55.4,1.0,0.985,23.5
N20001888,WATERSIDE,FOYLE,56.7,1.0,0.985,23.5
N20001889,WATERSIDE,FOYLE,83.7,1.0,0.994,23.8
N20001891,WATERSIDE,FOYLE,66.7,1.0,0.988,23.6
N20001892,WATERSIDE,FOYLE,92.1,1.0,0.997,23.8
N20001894,WATERSIDE,FOYLE,22.7,1.0,0.973,23.3
N20001895,WATERSIDE,FOYLE,76.0,1.0,0.992,23.7
N20001896,WATERSIDE,FOYLE,88.8,1.0,0.996,23.8
N20001898,WATERSIDE,FOYLE,22.5,1.0,0.973,23.3
N20001899,WATERSIDE,FOYLE,4.7,1.0,0.967,23.1
N20001900,WATERSIDE,FOYLE,76.1,1.0,0.992,23.7
N20001901,WATERSIDE,FOYLE,91.2,1.0,0.997,23.8
N20001902,WATERSIDE,FOYLE,28.9,1.0,0.975,23.3
N20001903,WATERSIDE,FOYLE,47.3,1.0,0.982,23.5
N20001904,WATERSIDE,FOYLE,87.5,1.0,0.996,23.8
N20001905,WATERSIDE,FOYLE,5.7,1.0,0.967,23.2
N20001906,WATERSIDE,FOYLE,93.1,1.0,0.998,23.8
N20001907,WATERSIDE,FOYLE,42.6,1.0,0.98,23.4
N20001908,FAUGHAN,FOYLE,50.8,1.0,0.983,23.5
N20001909,FAUGHAN,FOYLE,88.6,1.0,0.996,23.8
N20001912,FAUGHAN,FOYLE,81.8,1.0,0.994,23.7
N20001913,FAUGHAN,FOYLE,82.4,1.0,0.994,23.7
N20001914,FAUGHAN,FOYLE,62.1,1.0,0.987,23.6
N20001916,FAUGHAN,FOYLE,56.8,1.0,0.985,23.5
N20001917,FAUGHAN,FOYLE,45.9,1.0,0.981,23.5
N20001919,FAUGHAN,FOYLE,60.3,1.0,0.986,23.6
N20001920,FAUGHAN,FOYLE,61.1,1.0,0.986,23.6
N20001921,FAUGHAN,FOYLE,61.2,1.0,0.987,23.6
N20001922,FAUGHAN,FOYLE,31.1,1.0,0.976,23.4
N20001923,FAUGHAN,EAST LONDONDERRY,77.3,1.0,0.994,23.7
N20001924,FAUGHAN,EAST LONDONDERRY,91.1,1.0,0.998,23.8
N20001925,FAUGHAN,FOYLE,90.0,1.0,0.997,23.8
N20001926,FAUGHAN,FOYLE,80.5,1.0,0.993,23.7
N20001927,FAUGHAN,EAST LONDONDERRY,73.3,1.0,0.993,23.7
N20001928,FAUGHAN,FOYLE,52.5,1.0,0.983,23.5
N20001929,FAUGHAN,FOYLE,46.5,1.0,0.981,23.5
N20001932,FAUGHAN,FOYLE,6.8,1.0,0.968,23.2
N20001933,FAUGHAN,FOYLE,4.7,1.0,0.967,23.1
N20001935,FAUGHAN,FOYLE,48.2,1.0,0.982,23.5
N20001936,FAUGHAN,EAST LONDONDERRY,50.7,1.0,0.987,23.6
N20001937,FAUGHAN,EAST LONDONDERRY,56.9,1.0,0.989,23.6
N20001938,FAUGHAN,FOYLE,80.3,1.0,0.993,23.7
N20001939,FAUGHAN,WEST TYRONE,10.4,1.0,0.982,23.5
N20001940,FAUGHAN,FOYLE,8.8,1.0,0.968,23.2
N20001943,FAUGHAN,EAST LONDONDERRY,69.8,1.0,0.992,23.7
N20001944,FAUGHAN,EAST LONDONDERRY,73.1,1.0,0.993,23.7
N20001946,SPERRIN,EAST LONDONDERRY,60.4,0.71,0.892,21.5
N20001947,SPERRIN,WEST TYRONE,19.8,0.71,0.779,19.1
N20001948,SPERRIN,EAST LONDONDERRY,18.6,0.71,0.779,19.0
N20001949,SPERRIN,EAST LONDONDERRY,63.9,0.71,0.902,21.7
N20001950,SPERRIN,WEST TYRONE,21.9,0.71,0.785,19.2
N20001951,SPERRIN,WEST TYRONE,47.9,0.71,0.856,20.7
N20001952,SPERRIN,WEST TYRONE,16.4,0.71,0.77,18.8
N20001954,SPERRIN,EAST LONDONDERRY,61.1,0.71,0.894,21.6
N20001956,SPERRIN,EAST LONDONDERRY,87.4,0.71,0.966,23.1
N20001957,SPERRIN,WEST TYRONE,40.7,0.71,0.837,20.3
N20001958,SPERRIN,WEST TYRONE,18.2,0.71,0.775,19.0
N20001959,SPERRIN,WEST TYRONE,58.9,0.71,0.887,21.4
N20001960,SPERRIN,WEST TYRONE,82.0,0.71,0.95,22.8
N20001961,SPERRIN,WEST TYRONE,57.5,0.71,0.883,21.3
N20001962,SPERRIN,WEST TYRONE,86.2,0.71,0.962,23.0
N20001963,SPERRIN,WEST TYRONE,84.6,0.71,0.958,22.9
N20001964,SPERRIN,WEST TYRONE,92.1,0.71,0.978,23.4
N20001965,SPERRIN,WEST TYRONE,81.8,0.71,0.95,22.8
N20001966,SPERRIN,WEST TYRONE,88.5,0.71,0.968,23.2
N20001969,SPERRIN,WEST TYRONE,88.7,0.71,0.969,23.2
N20001970,SPERRIN,WEST TYRONE,94.3,0.71,0.984,23.5
N20001971,SPERRIN,WEST TYRONE,73.2,0.71,0.926,22.3
N20001972,SPERRIN,WEST TYRONE,92.0,0.71,0.978,23.4
N20001974,SPERRIN,WEST TYRONE,93.1,0.71,0.981,23.5
N20001977,SPERRIN,WEST TYRONE,89.1,0.71,0.97,23.2
N20001980,SPERRIN,WEST TYRONE,87.1,0.71,0.964,23.1
N20001982,SPERRIN,WEST TYRONE,94.8,0.71,0.986,23.6
N20001983,SPERRIN,WEST TYRONE,95.6,0.71,0.988,23.6
N20001984,SPERRIN,WEST TYRONE,93.5,0.71,0.982,23.5
N20001985,SPERRIN,WEST TYRONE,92.2,0.71,0.979,23.4
N20001986,SPERRIN,WEST TYRONE,95.7,0.71,0.988,23.6
N20001988,SPERRIN,WEST TYRONE,67.1,0.71,0.909,21.9
N20001989,SPERRIN,WEST TYRONE,71.8,0.71,0.922,22.2
N20001990,SPERRIN,WEST TYRONE,60.2,0.71,0.89,21.5
N20001992,SPERRIN,WEST TYRONE,66.3,0.71,0.907,21.8
N20001993,SPERRIN,WEST TYRONE,82.4,0.71,0.952,22.8
N20001994,DERG,WEST TYRONE,91.5,0.09,0.93,22.3
N20001996,DERG,WEST TYRONE,94.9,0.09,0.958,23.0
N20001997,DERG,WEST TYRONE,92.3,0.09,0.937,22.5
N20001998,DERG,WEST TYRONE,84.0,0.09,0.869,21.0
N20002000,DERG,WEST TYRONE,57.5,0.09,0.651,16.3
N20002001,DERG,WEST TYRONE,67.9,0.09,0.736,18.1
N20002002,DERG,WEST TYRONE,68.0,0.09,0.737,18.2
N20002006,DERG,WEST TYRONE,64.3,0.09,0.707,17.5
N20002007,DERG,WEST TYRONE,34.9,0.09,0.466,12.5
N20002008,DERG,WEST TYRONE,29.3,0.09,0.42,11.7
N20002009,DERG,WEST TYRONE,65.5,0.09,0.717,17.7
N20002010,DERG,WEST TYRONE,39.0,0.09,0.499,13.2
N20002012,DERG,WEST TYRONE,89.0,0.09,0.91,21.9
N20002014,DERG,WEST TYRONE,85.5,0.09,0.881,21.3
N20002015,DERG,WEST TYRONE,26.5,0.09,0.397,11.2
N20002016,DERG,WEST TYRONE,57.2,0.09,0.649,16.3
N20002017,DERG,WEST TYRONE,37.1,0.09,0.484,12.9
N20002018,DERG,WEST TYRONE,82.5,0.09,0.856,20.7
N20002019,DERG,WEST TYRONE,58.0,0.09,0.655,16.4
N20002020,DERG,WEST TYRONE,41.6,0.09,0.521,13.6
N20002021,DERG,WEST TYRONE,35.4,0.09,0.47,12.6
N20002022,DERG,WEST TYRONE,19.2,0.09,0.337,10.1
N20002023,DERG,WEST TYRONE,84.8,0.09,0.875,21.1
N20002024,DERG,WEST TYRONE,14.3,0.09,0.296,9.5
N20002027,DERG,WEST TYRONE,28.7,0.09,0.415,11.6
N20002029,ERNE EAST,FERMANAGH AND SOUTH TYRONE,34.1,0.585,0.75,18.4
N20002030,ERNE EAST,FERMANAGH AND SOUTH TYRONE,18.0,0.585,0.689,17.1
N20002031,ERNE EAST,FERMANAGH AND SOUTH TYRONE,52.8,0.585,0.821,20.0
N20002032,ERNE EAST,FERMANAGH AND SOUTH TYRONE,30.1,0.585,0.734,18.1
N20002033,ERNE EAST,FERMANAGH AND SOUTH TYRONE,26.1,0.585,0.719,17.8
N20002034,ERNE EAST,FERMANAGH AND SOUTH TYRONE,45.4,0.585,0.793,19.3
N20002035,ERNE EAST,FERMANAGH AND SOUTH TYRONE,41.8,0.585,0.779,19.0
N20002036,ERNE EAST,FERMANAGH AND SOUTH TYRONE,47.3,0.585,0.8,19.5
N20002038,ERNE EAST,FERMANAGH AND SOUTH TYRONE,95.8,0.585,0.984,23.5
N20002039,ERNE EAST,FERMANAGH AND SOUTH TYRONE,42.8,0.585,0.783,19.1
N20002040,ERNE EAST,FERMANAGH AND SOUTH TYRONE,76.4,0.585,0.91,21.9
N20002041,ERNE EAST,FERMANAGH AND SOUTH TYRONE,50.9,0.585,0.813,19.8
N20002043,ERNE EAST,FERMANAGH AND SOUTH TYRONE,75.4,0.585,0.907,21.8
N20002044,ERNE EAST,FERMANAGH AND SOUTH TYRONE,71.7,0.585,0.892,21.5
N20002045,ERNE EAST,FERMANAGH AND SOUTH TYRONE,75.4,0.585,0.907,21.8
N20002046,ERNE EAST,FERMANAGH AND SOUTH TYRONE,66.6,0.585,0.873,21.1
N20002047,ERNE EAST,FERMANAGH AND SOUTH TYRONE,69.8,0.585,0.885,21.4
N20002048,ERNE EAST,FERMANAGH AND SOUTH TYRONE,90.9,0.585,0.965,23.1
N20002049,ERNE EAST,FERMANAGH AND SOUTH TYRONE,89.2,0.585,0.959,23.0
N20002050,ERNE EAST,FERMANAGH AND SOUTH TYRONE,63.3,0.585,0.861,20.8
N20002051,ERNE EAST,FERMANAGH AND SOUTH TYRONE,71.5,0.585,0.892,21.5
N20002052,ERNE EAST,FERMANAGH AND SOUTH TYRONE,56.5,0.585,0.835,20.3
N20002054,ERNE EAST,FERMANAGH AND SOUTH TYRONE,88.6,0.585,0.957,22.9
N20002055,ERNE EAST,FERMANAGH AND SOUTH TYRONE,71.8,0.585,0.893,21.5
N20002056,ERNE EAST,FERMANAGH AND SOUTH TYRONE,78.0,0.585,0.916,22.0
N20002059,ERNE WEST,FERMANAGH AND SOUTH TYRONE,84.1,1.0,0.996,23.8
N20002060,ERNE WEST,FERMANAGH AND SOUTH TYRONE,78.2,1.0,0.995,23.8
N20002061,ERNE WEST,FERMANAGH AND SOUTH TYRONE,42.6,1.0,0.986,23.6
N20002062,ERNE WEST,FERMANAGH AND SOUTH TYRONE,68.7,1.0,0.992,23.7
N20002063,ERNE WEST,FERMANAGH AND SOUTH TYRONE,72.9,1.0,0.993,23.7
N20002064,ERNE WEST,FERMANAGH AND SOUTH TYRONE,69.1,1.0,0.992,23.7
N20002065,ERNE WEST,FERMANAGH AND SOUTH TYRONE,30.7,1.0,0.983,23.5
N20002066,ERNE WEST,FERMANAGH AND SOUTH TYRONE,87.9,1.0,0.997,23.8
N20002067,ERNE WEST,FERMANAGH AND SOUTH TYRONE,67.1,1.0,0.992,23.7
N20002069,ERNE WEST,FERMANAGH AND SOUTH TYRONE,64.2,1.0,0.991,23.7
N20002070,ERNE WEST,FERMANAGH AND SOUTH TYRONE,53.0,1.0,0.989,23.6
N20002071,ERNE WEST,FERMANAGH AND SOUTH TYRONE,53.8,1.0,0.989,23.6
N20002072,ERNE WEST,FERMANAGH AND SOUTH TYRONE,57.8,1.0,0.99,23.7
N20002074,ERNE WEST,FERMANAGH AND SOUTH TYRONE,88.9,1.0,0.997,23.8
N20002077,ERNE WEST,FERMANAGH AND SOUTH TYRONE,89.8,1.0,0.998,23.8
N20002078,ERNE WEST,FERMANAGH AND SOUTH TYRONE,74.9,1.0,0.994,23.7
N20002079,ERNE WEST,FERMANAGH AND SOUTH TYRONE,90.4,1.0,0.998,23.8
N20002081,ENNISKILLEN,FERMANAGH AND SOUTH TYRONE,41.5,0.115,0.542,14.1
N20002082,ENNISKILLEN,FERMANAGH AND SOUTH TYRONE,13.2,0.115,0.321,9.9
N20002083,ENNISKILLEN,FERMANAGH AND SOUTH TYRONE,26.1,0.115,0.422,11.7
N20002084,ENNISKILLEN,FERMANAGH AND SOUTH TYRONE,29.7,0.115,0.45,12.2
N20002085,ENNISKILLEN,FERMANAGH AND SOUTH TYRONE,58.3,0.115,0.674,16.8
N20002086,ENNISKILLEN,FERMANAGH AND SOUTH TYRONE,76.8,0.115,0.818,19.9
N20002087,ENNISKILLEN,FERMANAGH AND SOUTH TYRONE,55.1,0.115,0.649,16.3
N20002088,ENNISKILLEN,FERMANAGH AND SOUTH TYRONE,66.0,0.115,0.734,18.1
N20002090,ENNISKILLEN,FERMANAGH AND SOUTH TYRONE,54.6,0.115,0.645,16.2
N20002091,ENNISKILLEN,FERMANAGH AND SOUTH TYRONE,79.9,0.115,0.843,20.4
N20002092,ENNISKILLEN,FERMANAGH AND SOUTH TYRONE,59.6,0.115,0.684,17.0
N20002093,ENNISKILLEN,FERMANAGH AND SOUTH TYRONE,47.8,0.115,0.592,15.1
N20002094,ENNISKILLEN,FERMANAGH AND SOUTH TYRONE,68.9,0.115,0.757,18.6
N20002095,ENNISKILLEN,FERMANAGH AND SOUTH TYRONE,87.4,0.115,0.901,21.7
N20002096,ENNISKILLEN,FERMANAGH AND SOUTH TYRONE,75.5,0.115,0.808,19.7
N20002097,ENNISKILLEN,FERMANAGH AND SOUTH TYRONE,46.7,0.115,0.583,14.9
N20002098,ENNISKILLEN,FERMANAGH AND SOUTH TYRONE,66.2,0.115,0.736,18.1
N20002099,ENNISKILLEN,FERMANAGH AND SOUTH TYRONE,63.3,0.115,0.713,17.6
N20002100,ENNISKILLEN,FERMANAGH AND SOUTH TYRONE,55.3,0.115,0.65,16.3
N20002101,ENNISKILLEN,FERMANAGH AND SOUTH TYRONE,69.8,0.115,0.764,18.7
N20002102,ENNISKILLEN,FERMANAGH AND SOUTH TYRONE,54.7,0.115,0.646,16.2
N20002103,ENNISKILLEN,FERMANAGH AND SOUTH TYRONE,72.3,0.115,0.783,19.1
N20002104,ENNISKILLEN,FERMANAGH AND SOUTH TYRONE,63.5,0.115,0.714,17.7
N20002105,ENNISKILLEN,FERMANAGH AND SOUTH TYRONE,49.6,0.115,0.606,15.4
N20002106,ENNISKILLEN,FERMANAGH AND SOUTH TYRONE,51.8,0.115,0.623,15.7
N20002107,ENNISKILLEN,FERMANAGH AND SOUTH TYRONE,56.4,0.115,0.659,16.5
N20002108,ENNISKILLEN,FERMANAGH AND SOUTH TYRONE,39.9,0.115,0.53,13.8
N20002109,ENNISKILLEN,FERMANAGH AND SOUTH TYRONE,40.2,0.115,0.532,13.9
N20002110,ENNISKILLEN,FERMANAGH AND SOUTH TYRONE,26.5,0.115,0.425,11.8
N20002111,ENNISKILLEN,FERMANAGH AND SOUTH TYRONE,49.1,0.115,0.602,15.3
N20002112,ENNISKILLEN,FERMANAGH AND SOUTH TYRONE,61.2,0.115,0.696,17.3
N20002113,ENNISKILLEN,FERMANAGH AND SOUTH TYRONE,54.1,0.115,0.641,16.1
N20002114,ENNISKILLEN,FERMANAGH AND SOUTH TYRONE,68.4,0.115,0.753,18.5
N20002116,ENNISKILLEN,FERMANAGH AND SOUTH TYRONE,60.1,0.115,0.688,17.1
N20002117,ENNISKILLEN,FERMANAGH AND SOUTH TYRONE,11.7,0.115,0.309,9.7
N20002118,ENNISKILLEN,FERMANAGH AND SOUTH TYRONE,13.0,0.115,0.319,9.8
N20002119,ENNISKILLEN,FERMANAGH AND SOUTH TYRONE,12.6,0.115,0.316,9.8
N20002120,ENNISKILLEN,FERMANAGH AND SOUTH TYRONE,32.0,0.115,0.468,12.6
N20002121,ERNE NORTH,FERMANAGH AND SOUTH TYRONE,39.1,0.195,0.565,14.5
N20002122,ERNE NORTH,FERMANAGH AND SOUTH TYRONE,39.1,0.195,0.565,14.5
N20002123,ERNE NORTH,FERMANAGH AND SOUTH TYRONE,26.6,0.195,0.476,12.7
N20002124,ERNE NORTH,FERMANAGH AND SOUTH TYRONE,84.0,0.195,0.886,21.4
N20002125,ERNE NORTH,FERMANAGH AND SOUTH TYRONE,56.8,0.195,0.692,17.2
N20002126,ERNE NORTH,FERMANAGH AND SOUTH TYRONE,23.5,0.195,0.454,12.3
N20002127,ERNE NORTH,FERMANAGH AND SOUTH TYRONE,21.7,0.195,0.441,12.1
N20002129,ERNE NORTH,FERMANAGH AND SOUTH TYRONE,60.4,0.195,0.717,17.7
N20002130,ERNE NORTH,FERMANAGH AND SOUTH TYRONE,26.2,0.195,0.473,12.7
N20002132,ERNE NORTH,FERMANAGH AND SOUTH TYRONE,76.7,0.195,0.834,20.2
N20002133,ERNE NORTH,FERMANAGH AND SOUTH TYRONE,71.7,0.195,0.798,19.5
N20002134,ERNE NORTH,FERMANAGH AND SOUTH TYRONE,77.8,0.195,0.842,20.4
N20002135,ERNE NORTH,FERMANAGH AND SOUTH TYRONE,62.7,0.195,0.734,18.1
N20002136,ERNE NORTH,FERMANAGH AND SOUTH TYRONE,65.2,0.195,0.752,18.5
N20002138,ERNE NORTH,FERMANAGH AND SOUTH TYRONE,77.1,0.195,0.837,20.3
N20002139,ERNE NORTH,FERMANAGH AND SOUTH TYRONE,35.4,0.195,0.539,14.0
N20002142,ERNE NORTH,FERMANAGH AND SOUTH TYRONE,52.5,0.195,0.661,16.5
N20002143,ERNE NORTH,FERMANAGH AND SOUTH TYRONE,8.1,0.195,0.344,10.3
N20002145,ERNE NORTH,FERMANAGH AND SOUTH TYRONE,37.1,0.195,0.551,14.2
N20002146,ERNE NORTH,FERMANAGH AND SOUTH TYRONE,70.1,0.195,0.787,19.2
N20002147,ERNE NORTH,FERMANAGH AND SOUTH TYRONE,29.8,0.195,0.499,13.2
N20002148,ERNE NORTH,FERMANAGH AND SOUTH TYRONE,41.5,0.195,0.582,14.9
N20002149,ERNE NORTH,FERMANAGH AND SOUTH TYRONE,65.9,0.195,0.757,18.6
N20002150,WEST TYRONE,WEST TYRONE,21.5,0.555,0.677,16.9
N20002151,WEST TYRONE,WEST TYRONE,51.3,0.555,0.799,19.5
N20002152,WEST TYRONE,WEST TYRONE,57.7,0.555,0.826,20.1
N20002153,WEST TYRONE,WEST TYRONE,29.4,0.555,0.709,17.6
N20002154,WEST TYRONE,WEST TYRONE,77.4,0.555,0.907,21.8
N20002156,WEST TYRONE,WEST TYRONE,61.8,0.555,0.843,20.4
N20002157,WEST TYRONE,WEST TYRONE,78.6,0.555,0.912,21.9
N20002158,WEST TYRONE,WEST TYRONE,43.3,0.555,0.766,18.8
N20002159,WEST TYRONE,WEST TYRONE,87.7,0.555,0.949,22.8
N20002160,WEST TYRONE,WEST TYRONE,80.1,0.555,0.918,22.1
N20002161,WEST TYRONE,WEST TYRONE,59.5,0.555,0.833,20.2
N20002162,WEST TYRONE,WEST TYRONE,80.4,0.555,0.919,22.1
N20002163,WEST TYRONE,WEST TYRONE,78.1,0.555,0.91,21.9
N20002164,WEST TYRONE,WEST TYRONE,57.5,0.555,0.825,20.0
N20002165,WEST TYRONE,WEST TYRONE,46.3,0.555,0.779,19.0
N20002166,WEST TYRONE,WEST TYRONE,76.5,0.555,0.903,21.8
N20002167,WEST TYRONE,WEST TYRONE,86.2,0.555,0.943,22.6
N20002168,WEST TYRONE,WEST TYRONE,54.1,0.555,0.811,19.7
N20002169,WEST TYRONE,WEST TYRONE,75.1,0.555,0.897,21.6
N20002170,WEST TYRONE,WEST TYRONE,79.7,0.555,0.916,22.0
N20002171,WEST TYRONE,WEST TYRONE,67.8,0.555,0.867,21.0
N20002172,WEST TYRONE,WEST TYRONE,72.6,0.555,0.887,21.4
N20002174,WEST TYRONE,WEST TYRONE,66.2,0.555,0.861,20.8
N20002175,WEST TYRONE,WEST TYRONE,73.0,0.555,0.889,21.4
N20002176,WEST TYRONE,WEST TYRONE,71.3,0.555,0.882,21.3
N20002177,WEST TYRONE,WEST TYRONE,71.4,0.555,0.882,21.3
N20002178,WEST TYRONE,WEST TYRONE,83.8,0.555,0.933,22.4
N20002180,WEST TYRONE,WEST TYRONE,45.7,0.555,0.776,19.0
N20002181,OMAGH,WEST TYRONE,46.3,0.35,0.682,17.0
N20002182,OMAGH,WEST TYRONE,75.2,0.35,0.853,20.7
N20002183,OMAGH,WEST TYRONE,88.6,0.35,0.932,22.4
N20002185,OMAGH,WEST TYRONE,85.4,0.35,0.914,22.0
N20002188,OMAGH,WEST TYRONE,84.2,0.35,0.906,21.8
N20002189,OMAGH,WEST TYRONE,60.6,0.35,0.767,18.8
N20002190,OMAGH,WEST TYRONE,84.8,0.35,0.91,21.9
N20002192,OMAGH,WEST TYRONE,63.7,0.35,0.785,19.2
N20002193,OMAGH,WEST TYRONE,78.8,0.35,0.874,21.1
N20002195,OMAGH,WEST TYRONE,65.0,0.35,0.793,19.3
N20002196,OMAGH,WEST TYRONE,56.8,0.35,0.744,18.3
N20002197,OMAGH,WEST TYRONE,31.4,0.35,0.594,15.1
N20002198,OMAGH,WEST TYRONE,82.1,0.35,0.894,21.5
N20002199,OMAGH,WEST TYRONE,64.6,0.35,0.79,19.3
N20002200,OMAGH,WEST TYRONE,10.5,0.35,0.47,12.6
N20002201,OMAGH,WEST TYRONE,23.7,0.35,0.548,14.2
N20002202,OMAGH,WEST TYRONE,85.6,0.35,0.915,22.0
N20002203,OMAGH,WEST TYRONE,91.9,0.35,0.952,22.8
N20002204,OMAGH,WEST TYRONE,91.2,0.35,0.948,22.7
N20002205,OMAGH,WEST TYRONE,85.3,0.35,0.913,22.0
N20002206,OMAGH,WEST TYRONE,24.9,0.35,0.555,14.3
N20002207,OMAGH,WEST TYRONE,52.7,0.35,0.72,17.8
N20002208,OMAGH,WEST TYRONE,68.6,0.35,0.814,19.8
N20002209,OMAGH,WEST TYRONE,33.5,0.35,0.606,15.4
N20002210,OMAGH,WEST TYRONE,93.6,0.35,0.962,23.0
N20002211,OMAGH,WEST TYRONE,60.3,0.35,0.765,18.7
N20002212,OMAGH,WEST TYRONE,84.6,0.35,0.909,21.9
N20002213,OMAGH,WEST TYRONE,78.7,0.35,0.874,21.1
N20002214,OMAGH,WEST TYRONE,92.3,0.35,0.954,22.9
N20002216,OMAGH,WEST TYRONE,77.4,0.35,0.866,20.9
N20002217,OMAGH,WEST TYRONE,14.5,0.35,0.494,13.1
N20002218,OMAGH,WEST TYRONE,66.2,0.35,0.8,19.5
N20002219,OMAGH,WEST TYRONE,81.2,0.35,0.889,21.4
N20002220,OMAGH,WEST TYRONE,65.9,0.35,0.798,19.5
N20002221,MID TYRONE,WEST TYRONE,69.4,0.665,0.904,21.8
N20002223,MID TYRONE,WEST TYRONE,93.9,0.665,0.981,23.5
N20002225,MID TYRONE,WEST TYRONE,85.8,0.665,0.955,22.9
N20002230,MID TYRONE,WEST TYRONE,68.5,0.665,0.901,21.7
N20002232,MID TYRONE,WEST TYRONE,60.5,0.665,0.876,21.1
N20002233,MID TYRONE,WEST TYRONE,71.8,0.665,0.911,21.9
N20002234,MID TYRONE,WEST TYRONE,74.7,0.665,0.92,22.1
N20002236,MID TYRONE,WEST TYRONE,75.7,0.665,0.923,22.2
N20002237,MID TYRONE,WEST TYRONE,94.3,0.665,0.982,23.5
N20002238,MID TYRONE,WEST TYRONE,90.4,0.665,0.97,23.2
N20002239,MID TYRONE,WEST TYRONE,86.3,0.665,0.957,22.9
N20002240,MID TYRONE,WEST TYRONE,95.3,0.665,0.985,23.6
N20002242,MID TYRONE,WEST TYRONE,66.3,0.665,0.894,21.5
N20002243,MID TYRONE,WEST TYRONE,75.0,0.665,0.921,22.1
N20002244,MID TYRONE,WEST TYRONE,64.1,0.665,0.887,21.4
N20002245,MID TYRONE,WEST TYRONE,51.5,0.665,0.847,20.5
N20002246,MID TYRONE,WEST TYRONE,30.5,0.665,0.781,19.1
N20002247,MID TYRONE,WEST TYRONE,62.1,0.665,0.881,21.3
N20002248,MID TYRONE,WEST TYRONE,90.0,0.665,0.968,23.2
N20002249,MID TYRONE,WEST TYRONE,46.2,0.665,0.83,20.2
N20002251,MID TYRONE,WEST TYRONE,92.0,0.665,0.975,23.3
N20002252,DOWNSHIRE WEST,LAGAN VALLEY,17.6,0.385,0.562,14.5
N20002253,DOWNSHIRE WEST,LAGAN VALLEY,21.9,0.385,0.585,15.0
N20002254,DOWNSHIRE WEST,LAGAN VALLEY,16.3,0.385,0.555,14.3
N20002255,DOWNSHIRE WEST,LAGAN VALLEY,16.5,0.385,0.556,14.4
N20002256,DOWNSHIRE WEST,LAGAN VALLEY,21.1,0.385,0.581,14.9
N20002257,DOWNSHIRE WEST,LAGAN VALLEY,38.2,0.385,0.672,16.8
N20002258,DOWNSHIRE WEST,LAGAN VALLEY,11.6,0.385,0.53,13.8
N20002259,DOWNSHIRE WEST,LAGAN VALLEY,5.9,0.385,0.5,13.2
N20002260,DOWNSHIRE WEST,LAGAN VALLEY,11.1,0.385,0.528,13.8
N20002261,DOWNSHIRE WEST,LAGAN VALLEY,12.8,0.385,0.537,14.0
N20002262,DOWNSHIRE WEST,LAGAN VALLEY,13.9,0.385,0.543,14.1
N20002263,DOWNSHIRE WEST,LAGAN VALLEY,22.4,0.385,0.588,15.0
N20002264,DOWNSHIRE WEST,LAGAN VALLEY,17.8,0.385,0.563,14.5
N20002265,DOWNSHIRE WEST,LAGAN VALLEY,14.8,0.385,0.547,14.2
N20002266,DOWNSHIRE WEST,LAGAN VALLEY,17.7,0.385,0.563,14.5
N20002267,DOWNSHIRE WEST,LAGAN VALLEY,19.8,0.385,0.574,14.7
N20002268,DOWNSHIRE WEST,LAGAN VALLEY,20.2,0.385,0.576,14.8
N20002269,DOWNSHIRE WEST,LAGAN VALLEY,13.4,0.385,0.54,14.0
N20002270,DOWNSHIRE WEST,LAGAN VALLEY,22.2,0.385,0.587,15.0
N20002271,DOWNSHIRE WEST,LAGAN VALLEY,21.9,0.385,0.585,15.0
N20002272,DOWNSHIRE WEST,LAGAN VALLEY,27.7,0.385,0.616,15.6
N20002273,DOWNSHIRE WEST,LAGAN VALLEY,24.0,0.385,0.596,15.2
N20002274,DOWNSHIRE WEST,LAGAN VALLEY,13.6,0.385,0.541,14.0
N20002275,DOWNSHIRE WEST,LAGAN VALLEY,23.9,0.385,0.596,15.2
N20002276,DOWNSHIRE WEST,LAGAN VALLEY,28.2,0.385,0.619,15.6
N20002278,DOWNSHIRE WEST,LAGAN VALLEY,7.7,0.385,0.51,13.4
N20002279,DOWNSHIRE WEST,LAGAN VALLEY,16.1,0.385,0.554,14.3
N20002280,DOWNSHIRE WEST,LAGAN VALLEY,13.5,0.385,0.54,14.0
N20002281,DOWNSHIRE WEST,LAGAN VALLEY,14.7,0.385,0.547,14.2
N20002282,DOWNSHIRE WEST,LAGAN VALLEY,12.6,0.385,0.536,13.9
N20002283,DOWNSHIRE WEST,LAGAN VALLEY,17.2,0.385,0.56,14.4
N20002284,DOWNSHIRE WEST,LAGAN VALLEY,11.0,0.385,0.527,13.8
N20002285,DOWNSHIRE WEST,LAGAN VALLEY,9.1,0.385,0.517,13.6
N20002286,DOWNSHIRE WEST,LAGAN VALLEY,8.7,0.385,0.515,13.5
N20002288,KILLULTAGH,SOUTH ANTRIM,88.4,0.145,0.916,22.0
N20002289,KILLULTAGH,SOUTH ANTRIM,60.7,0.145,0.716,17.7
N20002290,KILLULTAGH,SOUTH ANTRIM,87.8,0.145,0.912,21.9
N20002291,KILLULTAGH,SOUTH ANTRIM,77.4,0.145,0.837,20.3
N20002292,KILLULTAGH,SOUTH ANTRIM,89.8,0.145,0.926,22.3
N20002293,KILLULTAGH,SOUTH ANTRIM,67.8,0.145,0.768,18.8
N20002294,KILLULTAGH,SOUTH ANTRIM,36.2,0.145,0.539,14.0
N20002295,KILLULTAGH,SOUTH ANTRIM,63.5,0.145,0.737,18.1
N20002296,KILLULTAGH,SOUTH ANTRIM,36.5,0.145,0.542,14.1
N20002297,KILLULTAGH,LAGAN VALLEY,39.5,0.145,0.561,14.4
N20002298,KILLULTAGH,SOUTH ANTRIM,24.8,0.145,0.457,12.4
N20002299,KILLULTAGH,LAGAN VALLEY,41.7,0.145,0.577,14.8
N20002300,KILLULTAGH,LAGAN VALLEY,24.8,0.145,0.454,12.3
N20002301,KILLULTAGH,LAGAN VALLEY,12.1,0.145,0.362,10.6
N20002302,KILLULTAGH,LAGAN VALLEY,18.4,0.145,0.408,11.4
N20002303,KILLULTAGH,LAGAN VALLEY,21.9,0.145,0.433,11.9
N20002305,KILLULTAGH,LAGAN VALLEY,55.7,0.145,0.678,16.9
N20002306,KILLULTAGH,LAGAN VALLEY,57.6,0.145,0.692,17.2
N20002307,KILLULTAGH,LAGAN VALLEY,48.8,0.145,0.628,15.8
N20002308,KILLULTAGH,LAGAN VALLEY,56.8,0.145,0.686,17.1
N20002309,KILLULTAGH,LAGAN VALLEY,47.8,0.145,0.621,15.7
N20002310,KILLULTAGH,LAGAN VALLEY,44.2,0.145,0.595,15.2
N20002312,KILLULTAGH,LAGAN VALLEY,41.2,0.145,0.573,14.7
N20002313,KILLULTAGH,LAGAN VALLEY,8.7,0.145,0.337,10.1
N20002314,KILLULTAGH,LAGAN VALLEY,14.2,0.145,0.377,10.9
N20002315,KILLULTAGH,LAGAN VALLEY,12.6,0.145,0.365,10.7
N20002316,KILLULTAGH,LAGAN VALLEY,13.0,0.145,0.368,10.7
N20002317,KILLULTAGH,LAGAN VALLEY,17.5,0.145,0.401,11.3
N20002318,KILLULTAGH,LAGAN VALLEY,42.4,0.145,0.582,14.9
N20002319,KILLULTAGH,LAGAN VALLEY,18.9,0.145,0.411,11.5
N20002320,KILLULTAGH,LAGAN VALLEY,13.8,0.145,0.374,10.8
N20002321,KILLULTAGH,LAGAN VALLEY,9.5,0.145,0.343,10.2
N20002322,KILLULTAGH,LAGAN VALLEY,7.5,0.145,0.328,10.0
N20002323,KILLULTAGH,LAGAN VALLEY,10.0,0.145,0.347,10.3
N20002324,KILLULTAGH,LAGAN VALLEY,8.7,0.145,0.337,10.1
N20002325,KILLULTAGH,LAGAN VALLEY,8.6,0.145,0.336,10.1
N20002326,LISBURN SOUTH,LAGAN VALLEY,24.0,0.345,0.572,14.7
N20002327,LISBURN SOUTH,LAGAN VALLEY,11.3,0.345,0.5,13.2
N20002328,LISBURN SOUTH,LAGAN VALLEY,11.1,0.345,0.499,13.2
N20002329,LISBURN SOUTH,LAGAN VALLEY,7.7,0.345,0.48,12.8
N20002330,LISBURN SOUTH,LAGAN VALLEY,18.6,0.345,0.541,14.0
N20002332,LISBURN SOUTH,LAGAN VALLEY,5.9,0.345,0.47,12.6
N20002334,LISBURN SOUTH,LAGAN VALLEY,7.7,0.345,0.48,12.8
N20002335,LISBURN SOUTH,LAGAN VALLEY,16.1,0.345,0.527,13.8
N20002336,LISBURN SOUTH,LAGAN VALLEY,18.2,0.345,0.539,14.0
N20002337,LISBURN SOUTH,LAGAN VALLEY,8.8,0.345,0.486,12.9
N20002338,LISBURN SOUTH,LAGAN VALLEY,22.0,0.345,0.56,14.4
N20002339,LISBURN SOUTH,LAGAN VALLEY,12.8,0.345,0.508,13.4
N20002340,LISBURN SOUTH,LAGAN VALLEY,13.6,0.345,0.513,13.5
N20002341,LISBURN SOUTH,LAGAN VALLEY,16.9,0.345,0.532,13.9
N20002342,LISBURN SOUTH,LAGAN VALLEY,27.4,0.345,0.591,15.1
N20002343,LISBURN SOUTH,LAGAN VALLEY,17.4,0.345,0.534,13.9
N20002344,LISBURN SOUTH,LAGAN VALLEY,23.4,0.345,0.568,14.6
N20002345,LISBURN SOUTH,LAGAN VALLEY,17.2,0.345,0.533,13.9
N20002346,LISBURN SOUTH,LAGAN VALLEY,24.7,0.345,0.576,14.8
N20002347,LISBURN SOUTH,LAGAN VALLEY,12.7,0.345,0.508,13.4
N20002348,LISBURN SOUTH,LAGAN VALLEY,21.3,0.345,0.556,14.4
N20002349,LISBURN SOUTH,LAGAN VALLEY,26.4,0.345,0.585,15.0
N20002350,LISBURN SOUTH,LAGAN VALLEY,22.6,0.345,0.564,14.5
N20002351,LISBURN SOUTH,LAGAN VALLEY,33.7,0.345,0.626,15.8
N20002352,LISBURN SOUTH,LAGAN VALLEY,19.9,0.345,0.548,14.2
N20002353,LISBURN SOUTH,LAGAN VALLEY,27.8,0.345,0.593,15.1
N20002354,LISBURN SOUTH,LAGAN VALLEY,36.0,0.345,0.639,16.1
N20002355,LISBURN SOUTH,LAGAN VALLEY,49.5,0.345,0.715,17.7
N20002357,LISBURN SOUTH,LAGAN VALLEY,40.5,0.345,0.665,16.6
N20002358,LISBURN SOUTH,LAGAN VALLEY,37.5,0.345,0.648,16.3
N20002359,LISBURN SOUTH,LAGAN VALLEY,42.8,0.345,0.678,16.9
N20002360,LISBURN SOUTH,LAGAN VALLEY,26.4,0.345,0.585,15.0
N20002361,LISBURN SOUTH,LAGAN VALLEY,55.2,0.345,0.747,18.4
N20002362,LISBURN SOUTH,LAGAN VALLEY,30.1,0.345,0.606,15.4
N20002363,LISBURN SOUTH,LAGAN VALLEY,30.3,0.345,0.607,15.4
N20002364,LISBURN SOUTH,LAGAN VALLEY,42.7,0.345,0.677,16.9
N20002366,LISBURN SOUTH,LAGAN VALLEY,22.0,0.345,0.56,14.4
N20002368,LISBURN SOUTH,LAGAN VALLEY,18.0,0.345,0.538,14.0
N20002370,LISBURN SOUTH,LAGAN VALLEY,8.2,0.345,0.483,12.9
N20002371,LISBURN SOUTH,LAGAN VALLEY,10.9,0.345,0.498,13.2
N20002372,LISBURN SOUTH,LAGAN VALLEY,25.9,0.345,0.582,14.9
N20002373,LISBURN SOUTH,LAGAN VALLEY,27.8,0.345,0.593,15.1
N20002374,LISBURN SOUTH,LAGAN VALLEY,11.3,0.345,0.5,13.2
N20002375,LISBURN SOUTH,LAGAN VALLEY,10.6,0.345,0.496,13.1
N20002376,LISBURN NORTH,LAGAN VALLEY,18.6,0.88,0.895,21.6
N20002377,LISBURN NORTH,LAGAN VALLEY,65.3,0.88,0.955,22.9
N20002378,LISBURN NORTH,LAGAN VALLEY,59.4,0.88,0.947,22.7
N20002379,LISBURN NORTH,LAGAN VALLEY,11.4,0.88,0.885,21.4
N20002380,LISBURN NORTH,LAGAN VALLEY,5.3,0.88,0.877,21.2
N20002381,LISBURN NORTH,LAGAN VALLEY,40.2,0.88,0.923,22.2
N20002382,LISBURN NORTH,LAGAN VALLEY,7.7,0.88,0.881,21.3
N20002383,LISBURN NORTH,LAGAN VALLEY,34.7,0.88,0.915,22.0
N20002384,LISBURN NORTH,LAGAN VALLEY,17.8,0.88,0.894,21.5
N20002385,LISBURN NORTH,LAGAN VALLEY,71.4,0.88,0.963,23.1
N20002386,LISBURN NORTH,LAGAN VALLEY,7.7,0.88,0.881,21.3
N20002387,LISBURN NORTH,LAGAN VALLEY,33.9,0.88,0.914,22.0
N20002388,LISBURN NORTH,LAGAN VALLEY,5.5,0.88,0.878,21.2
N20002389,LISBURN NORTH,LAGAN VALLEY,62.8,0.88,0.952,22.8
N20002391,LISBURN NORTH,LAGAN VALLEY,47.3,0.88,0.932,22.4
N20002392,LISBURN NORTH,LAGAN VALLEY,60.4,0.88,0.949,22.7
N20002393,LISBURN NORTH,LAGAN VALLEY,30.5,0.88,0.91,21.9
N20002395,LISBURN NORTH,LAGAN VALLEY,68.4,0.88,0.959,23.0
N20002396,LISBURN NORTH,LAGAN VALLEY,32.4,0.88,0.913,22.0
N20002397,LISBURN NORTH,LAGAN VALLEY,31.0,0.88,0.911,21.9
N20002398,LISBURN NORTH,LAGAN VALLEY,37.9,0.88,0.92,22.1
N20002399,LISBURN NORTH,LAGAN VALLEY,38.4,0.88,0.92,22.1
N20002400,LISBURN NORTH,LAGAN VALLEY,26.2,0.88,0.904,21.8
N20002401,LISBURN NORTH,LAGAN VALLEY,25.5,0.88,0.904,21.8
N20002402,LISBURN NORTH,LAGAN VALLEY,30.0,0.88,0.909,21.9
N20002403,LISBURN NORTH,LAGAN VALLEY,20.5,0.88,0.897,21.6
N20002404,LISBURN NORTH,LAGAN VALLEY,16.4,0.88,0.892,21.5
N20002405,LISBURN NORTH,LAGAN VALLEY,27.5,0.88,0.906,21.8
N20002406,LISBURN NORTH,LAGAN VALLEY,39.0,0.88,0.921,22.1
N20002407,LISBURN NORTH,LAGAN VALLEY,10.4,0.88,0.884,21.3
N20002408,LISBURN NORTH,LAGAN VALLEY,24.4,0.88,0.902,21.7
N20002409,LISBURN NORTH,LAGAN VALLEY,14.6,0.88,0.889,21.5
N20002410,LISBURN NORTH,LAGAN VALLEY,21.1,0.88,0.898,21.6
N20002411,LISBURN NORTH,LAGAN VALLEY,25.3,0.88,0.903,21.8
N20002412,LISBURN NORTH,LAGAN VALLEY,32.0,0.88,0.912,21.9
N20002413,LISBURN NORTH,LAGAN VALLEY,22.7,0.88,0.9,21.7
N20002414,LISBURN NORTH,LAGAN VALLEY,21.2,0.88,0.898,21.6
N20002415,LISBURN NORTH,LAGAN VALLEY,21.8,0.88,0.899,21.7
N20002416,LISBURN NORTH,LAGAN VALLEY,15.6,0.88,0.891,21.5
N20002417,LISBURN NORTH,LAGAN VALLEY,17.1,0.88,0.893,21.5
N20002418,LISBURN NORTH,LAGAN VALLEY,26.0,0.88,0.904,21.8
N20002419,LISBURN NORTH,LAGAN VALLEY,28.9,0.88,0.908,21.9
N20002420,LISBURN NORTH,LAGAN VALLEY,24.2,0.88,0.902,21.7
N20002421,LISBURN NORTH,LAGAN VALLEY,28.3,0.88,0.907,21.8
N20002422,LISBURN NORTH,LAGAN VALLEY,25.4,0.88,0.903,21.8
N20002423,LISBURN NORTH,LAGAN VALLEY,26.8,0.88,0.905,21.8
N20002424,DOWNSHIRE EAST,LAGAN VALLEY,27.3,0.435,0.643,16.2
N20002425,DOWNSHIRE EAST,LAGAN VALLEY,23.2,0.435,0.623,15.7
N20002426,DOWNSHIRE EAST,LAGAN VALLEY,18.2,0.435,0.599,15.2
N20002427,DOWNSHIRE EAST,LAGAN VALLEY,23.9,0.435,0.627,15.8
N20002428,DOWNSHIRE EAST,LAGAN VALLEY,13.6,0.435,0.576,14.8
N20002429,DOWNSHIRE EAST,LAGAN VALLEY,4.1,0.435,0.529,13.8
N20002430,DOWNSHIRE EAST,LAGAN VALLEY,21.8,0.435,0.616,15.6
N20002431,DOWNSHIRE EAST,LAGAN VALLEY,9.6,0.435,0.556,14.4
N20002432,DOWNSHIRE EAST,LAGAN VALLEY,12.6,0.435,0.571,14.7
N20002433,DOWNSHIRE EAST,LAGAN VALLEY,20.9,0.435,0.612,15.5
N20002434,DOWNSHIRE EAST,LAGAN VALLEY,6.8,0.435,0.543,14.1
N20002435,DOWNSHIRE EAST,LAGAN VALLEY,17.0,0.435,0.593,15.1
N20002436,DOWNSHIRE EAST,LAGAN VALLEY,17.4,0.435,0.595,15.1
N20002437,DOWNSHIRE EAST,LAGAN VALLEY,22.5,0.435,0.62,15.7
N20002438,DOWNSHIRE EAST,LAGAN VALLEY,11.8,0.435,0.567,14.6
N20002439,DOWNSHIRE EAST,LAGAN VALLEY,18.2,0.435,0.599,15.2
N20002440,DOWNSHIRE EAST,LAGAN VALLEY,7.3,0.435,0.545,14.1
N20002441,DOWNSHIRE EAST,LAGAN VALLEY,14.0,0.435,0.578,14.8
N20002442,DOWNSHIRE EAST,LAGAN VALLEY,11.7,0.435,0.567,14.6
N20002443,DOWNSHIRE EAST,LAGAN VALLEY,8.5,0.435,0.551,14.3
N20002444,DOWNSHIRE EAST,LAGAN VALLEY,11.3,0.435,0.565,14.5
N20002445,DOWNSHIRE EAST,LAGAN VALLEY,12.1,0.435,0.569,14.6
N20002446,DOWNSHIRE EAST,LAGAN VALLEY,6.4,0.435,0.541,14.0
N20002447,DOWNSHIRE EAST,LAGAN VALLEY,7.3,0.435,0.545,14.1
N20002448,DOWNSHIRE EAST,LAGAN VALLEY,14.5,0.435,0.58,14.9
N20002449,DOWNSHIRE EAST,LAGAN VALLEY,7.0,0.435,0.544,14.1
N20002450,DOWNSHIRE EAST,LAGAN VALLEY,13.2,0.435,0.574,14.7
N20002451,DOWNSHIRE EAST,LAGAN VALLEY,5.1,0.435,0.534,13.9
N20002452,DOWNSHIRE EAST,LAGAN VALLEY,12.6,0.435,0.571,14.7
N20002453,DOWNSHIRE EAST,LAGAN VALLEY,19.1,0.435,0.603,15.3
N20002454,DOWNSHIRE EAST,LAGAN VALLEY,21.2,0.435,0.613,15.5
N20002455,DOWNSHIRE EAST,SOUTH DOWN,24.8,0.435,0.631,15.9
N20002456,CASTLEREAGH SOUTH,BELFAST SOUTH,56.9,0.225,0.761,18.7
N20002457,CASTLEREAGH SOUTH,BELFAST SOUTH,51.4,0.225,0.73,18.0
N20002458,CASTLEREAGH SOUTH,BELFAST SOUTH,54.0,0.225,0.745,18.3
N20002459,CASTLEREAGH SOUTH,BELFAST SOUTH,44.5,0.225,0.692,17.2
N20002460,CASTLEREAGH SOUTH,BELFAST SOUTH,42.8,0.225,0.683,17.0
N20002461,CASTLEREAGH SOUTH,BELFAST SOUTH,40.1,0.225,0.668,16.7
N20002462,CASTLEREAGH SOUTH,BELFAST SOUTH,26.5,0.225,0.592,15.1
N20002463,CASTLEREAGH SOUTH,BELFAST SOUTH,51.7,0.225,0.732,18.0
N20002464,CASTLEREAGH SOUTH,BELFAST SOUTH,40.3,0.225,0.669,16.7
N20002465,CASTLEREAGH SOUTH,BELFAST SOUTH,48.6,0.225,0.715,17.7
N20002466,CASTLEREAGH SOUTH,BELFAST SOUTH,44.8,0.225,0.694,17.2
N20002467,CASTLEREAGH SOUTH,BELFAST SOUTH,41.8,0.225,0.677,16.9
N20002468,CASTLEREAGH SOUTH,BELFAST SOUTH,44.6,0.225,0.693,17.2
N20002469,CASTLEREAGH SOUTH,BELFAST SOUTH,49.5,0.225,0.72,17.8
N20002470,CASTLEREAGH SOUTH,BELFAST SOUTH,46.7,0.225,0.704,17.5
N20002471,CASTLEREAGH SOUTH,BELFAST SOUTH,52.0,0.225,0.734,18.1
N20002472,CASTLEREAGH SOUTH,BELFAST SOUTH,44.8,0.225,0.694,17.2
N20002473,CASTLEREAGH SOUTH,BELFAST SOUTH,52.3,0.225,0.735,18.1
N20002474,CASTLEREAGH SOUTH,BELFAST SOUTH,46.4,0.225,0.703,17.4
N20002475,CASTLEREAGH SOUTH,BELFAST SOUTH,43.1,0.225,0.684,17.0
N20002476,CASTLEREAGH SOUTH,BELFAST SOUTH,53.6,0.225,0.743,18.3
N20002477,CASTLEREAGH SOUTH,BELFAST SOUTH,39.7,0.225,0.665,16.6
N20002478,CASTLEREAGH SOUTH,BELFAST SOUTH,54.2,0.225,0.746,18.3
N20002479,CASTLEREAGH SOUTH,BELFAST SOUTH,59.2,0.225,0.774,18.9
N20002480,CASTLEREAGH SOUTH,BELFAST SOUTH,51.3,0.225,0.73,18.0
N20002481,CASTLEREAGH SOUTH,BELFAST SOUTH,35.5,0.225,0.642,16.1
N20002482,CASTLEREAGH SOUTH,BELFAST SOUTH,60.9,0.225,0.783,19.1
N20002483,CASTLEREAGH SOUTH,BELFAST SOUTH,55.7,0.225,0.754,18.5
N20002484,CASTLEREAGH SOUTH,BELFAST SOUTH,46.0,0.225,0.7,17.4
N20002485,CASTLEREAGH SOUTH,BELFAST SOUTH,76.7,0.225,0.871,21.0
N20002486,CASTLEREAGH SOUTH,BELFAST SOUTH,58.0,0.225,0.767,18.8
N20002487,CASTLEREAGH SOUTH,BELFAST SOUTH,70.5,0.225,0.836,20.3
N20002488,CASTLEREAGH SOUTH,BELFAST SOUTH,58.1,0.225,0.768,18.8
N20002490,CASTLEREAGH SOUTH,BELFAST SOUTH,39.1,0.225,0.662,16.6
N20002491,CASTLEREAGH SOUTH,BELFAST SOUTH,39.8,0.225,0.666,16.6
N20002492,CASTLEREAGH SOUTH,BELFAST SOUTH,21.1,0.225,0.562,14.5
N20002493,CASTLEREAGH SOUTH,BELFAST SOUTH,19.6,0.225,0.554,14.3
N20002494,CASTLEREAGH SOUTH,BELFAST SOUTH,57.8,0.225,0.766,18.8
N20002495,CASTLEREAGH SOUTH,BELFAST SOUTH,65.4,0.225,0.808,19.7
N20002496,CASTLEREAGH SOUTH,BELFAST SOUTH,52.3,0.225,0.735,18.1
N20002497,CASTLEREAGH SOUTH,BELFAST SOUTH,61.8,0.225,0.788,19.2
N20002498,CASTLEREAGH SOUTH,STRANGFORD,19.6,0.225,0.468,12.6
N20002499,CASTLEREAGH SOUTH,STRANGFORD,39.7,0.225,0.601,15.3
N20002500,CASTLEREAGH EAST,BELFAST EAST,5.1,0.125,0.322,9.9
N20002501,CASTLEREAGH EAST,BELFAST EAST,6.2,0.125,0.33,10.0
N20002502,CASTLEREAGH EAST,BELFAST EAST,9.8,0.125,0.355,10.5
N20002503,CASTLEREAGH EAST,BELFAST EAST,9.0,0.125,0.35,10.4
N20002504,CASTLEREAGH EAST,BELFAST EAST,13.8,0.125,0.384,11.0
N20002505,CASTLEREAGH EAST,BELFAST EAST,7.7,0.125,0.34,10.2
N20002507,CASTLEREAGH EAST,BELFAST EAST,7.7,0.125,0.34,10.2
N20002508,CASTLEREAGH EAST,BELFAST EAST,19.2,0.125,0.423,11.7
N20002509,CASTLEREAGH EAST,BELFAST EAST,9.9,0.125,0.356,10.5
N20002510,CASTLEREAGH EAST,BELFAST EAST,1.7,0.125,0.297,9.5
N20002511,CASTLEREAGH EAST,BELFAST EAST,2.3,0.125,0.302,9.5
N20002512,CASTLEREAGH EAST,BELFAST EAST,10.3,0.125,0.359,10.5
N20002513,CASTLEREAGH EAST,BELFAST EAST,6.3,0.125,0.33,10.0
N20002514,CASTLEREAGH EAST,BELFAST EAST,5.2,0.125,0.322,9.9
N20002515,CASTLEREAGH EAST,BELFAST EAST,9.8,0.125,0.355,10.5
N20002516,CASTLEREAGH EAST,BELFAST EAST,18.5,0.125,0.418,11.6
N20002517,CASTLEREAGH EAST,BELFAST EAST,4.3,0.125,0.316,9.8
N20002519,CASTLEREAGH EAST,BELFAST EAST,9.3,0.125,0.352,10.4
N20002520,CASTLEREAGH EAST,BELFAST EAST,9.3,0.125,0.352,10.4
N20002521,CASTLEREAGH EAST,BELFAST EAST,4.6,0.125,0.318,9.8
N20002522,CASTLEREAGH EAST,BELFAST EAST,1.3,0.125,0.295,9.4
N20002524,CASTLEREAGH EAST,BELFAST EAST,11.8,0.125,0.37,10.7
N20002525,CASTLEREAGH EAST,BELFAST EAST,6.8,0.125,0.334,10.1
N20002526,CASTLEREAGH EAST,BELFAST EAST,16.2,0.125,0.401,11.3
N20002527,CASTLEREAGH EAST,BELFAST EAST,5.6,0.125,0.325,9.9
N20002528,CASTLEREAGH EAST,BELFAST EAST,15.5,0.125,0.396,11.2
N20002531,CASTLEREAGH EAST,BELFAST EAST,9.9,0.125,0.356,10.5
N20002532,CASTLEREAGH EAST,BELFAST EAST,9.6,0.125,0.354,10.4
N20002534,CASTLEREAGH EAST,BELFAST EAST,10.1,0.125,0.357,10.5
N20002535,CASTLEREAGH EAST,BELFAST EAST,6.0,0.125,0.328,10.0
N20002537,CASTLEREAGH EAST,BELFAST EAST,5.4,0.125,0.324,9.9
N20002538,CASTLEREAGH EAST,BELFAST EAST,11.1,0.125,0.365,10.6
N20002539,CASTLEREAGH EAST,BELFAST EAST,11.1,0.125,0.365,10.6
N20002541,CASTLEREAGH EAST,BELFAST EAST,7.5,0.125,0.339,10.2
N20002542,CASTLEREAGH EAST,STRANGFORD,6.4,0.125,0.304,9.6
N20002543,CASTLEREAGH EAST,STRANGFORD,11.6,0.125,0.343,10.2
N20002544,CASTLEREAGH EAST,STRANGFORD,4.1,0.125,0.287,9.3
N20002545,CASTLEREAGH EAST,STRANGFORD,5.0,0.125,0.294,9.4
N20002546,CASTLEREAGH EAST,STRANGFORD,5.8,0.125,0.3,9.5
N20002547,CASTLEREAGH EAST,STRANGFORD,16.0,0.125,0.375,10.8
N20002549,BANNSIDE,NORTH ANTRIM,6.0,0.125,0.266,9.0
N20002551,BANNSIDE,NORTH ANTRIM,7.8,0.125,0.28,9.2
N20002552,BANNSIDE,NORTH ANTRIM,35.6,0.125,0.497,13.2
N20002553,BANNSIDE,NORTH ANTRIM,37.9,0.125,0.515,13.5
N20002554,BANNSIDE,NORTH ANTRIM,2.5,0.125,0.238,8.5
N20002555,BANNSIDE,NORTH ANTRIM,5.0,0.125,0.258,8.8
N20002556,BANNSIDE,NORTH ANTRIM,3.5,0.125,0.246,8.7
N20002557,BANNSIDE,NORTH ANTRIM,1.5,0.125,0.23,8.4
N20002558,BANNSIDE,NORTH ANTRIM,3.4,0.125,0.245,8.6
N20002559,BANNSIDE,NORTH ANTRIM,6.1,0.125,0.266,9.0
N20002560,BANNSIDE,NORTH ANTRIM,37.9,0.125,0.515,13.5
N20002561,BANNSIDE,NORTH ANTRIM,68.0,0.125,0.75,18.4
N20002562,BANNSIDE,NORTH ANTRIM,51.2,0.125,0.619,15.6
N20002563,BANNSIDE,NORTH ANTRIM,9.6,0.125,0.294,9.4
N20002564,BANNSIDE,NORTH ANTRIM,7.5,0.125,0.277,9.1
N20002565,BANNSIDE,NORTH ANTRIM,9.5,0.125,0.293,9.4
N20002567,BANNSIDE,NORTH ANTRIM,3.7,0.125,0.248,8.7
N20002569,BANNSIDE,NORTH ANTRIM,11.0,0.125,0.305,9.6
N20002571,BANNSIDE,NORTH ANTRIM,3.0,0.125,0.242,8.6
N20002572,BANNSIDE,NORTH ANTRIM,3.3,0.125,0.244,8.6
N20002573,BANNSIDE,NORTH ANTRIM,4.6,0.125,0.255,8.8
N20002574,BANNSIDE,NORTH ANTRIM,5.6,0.125,0.262,8.9
N20002577,BANNSIDE,NORTH ANTRIM,53.7,0.125,0.638,16.1
N20002578,BANNSIDE,NORTH ANTRIM,6.3,0.125,0.268,9.0
N20002579,BANNSIDE,NORTH ANTRIM,5.6,0.125,0.262,8.9
N20002580,BANNSIDE,NORTH ANTRIM,18.4,0.125,0.362,10.6
N20002581,BANNSIDE,NORTH ANTRIM,28.7,0.125,0.443,12.1
N20002582,BANNSIDE,NORTH ANTRIM,8.2,0.125,0.283,9.2
N20002583,BANNSIDE,NORTH ANTRIM,64.7,0.125,0.724,17.9
N20002584,BANNSIDE,NORTH ANTRIM,23.2,0.125,0.4,11.3
N20002587,BALLYMENA,NORTH ANTRIM,56.2,0.41,0.766,18.8
N20002588,BALLYMENA,NORTH ANTRIM,61.8,0.41,0.796,19.4
N20002590,BALLYMENA,NORTH ANTRIM,67.9,0.41,0.829,20.1
N20002591,BALLYMENA,NORTH ANTRIM,34.8,0.41,0.652,16.3
N20002593,BALLYMENA,NORTH ANTRIM,65.9,0.41,0.818,19.9
N20002594,BALLYMENA,NORTH ANTRIM,51.8,0.41,0.743,18.3
N20002595,BALLYMENA,NORTH ANTRIM,28.2,0.41,0.616,15.6
N20002596,BALLYMENA,NORTH ANTRIM,50.9,0.41,0.738,18.2
N20002597,BALLYMENA,NORTH ANTRIM,37.1,0.41,0.664,16.6
N20002598,BALLYMENA,NORTH ANTRIM,74.9,0.41,0.866,20.9
N20002599,BALLYMENA,NORTH ANTRIM,25.5,0.41,0.602,15.3
N20002600,BALLYMENA,NORTH ANTRIM,12.4,0.41,0.532,13.9
N20002601,BALLYMENA,NORTH ANTRIM,44.4,0.41,0.703,17.4
N20002602,BALLYMENA,NORTH ANTRIM,65.8,0.41,0.817,19.9
N20002604,BALLYMENA,NORTH ANTRIM,62.5,0.41,0.8,19.5
N20002605,BALLYMENA,NORTH ANTRIM,52.8,0.41,0.748,18.4
N20002606,BALLYMENA,NORTH ANTRIM,30.4,0.41,0.628,15.8
N20002607,BALLYMENA,NORTH ANTRIM,14.8,0.41,0.545,14.1
N20002608,BALLYMENA,NORTH ANTRIM,44.6,0.41,0.704,17.4
N20002610,BALLYMENA,NORTH ANTRIM,22.6,0.41,0.587,15.0
N20002612,BALLYMENA,NORTH ANTRIM,60.0,0.41,0.786,19.2
N20002613,BALLYMENA,NORTH ANTRIM,27.9,0.41,0.615,15.6
N20002615,BALLYMENA,NORTH ANTRIM,24.9,0.41,0.599,15.2
N20002616,BALLYMENA,NORTH ANTRIM,36.0,0.41,0.658,16.5
N20002617,BALLYMENA,NORTH ANTRIM,26.8,0.41,0.609,15.4
N20002618,BALLYMENA,NORTH ANTRIM,18.7,0.41,0.566,14.6
N20002619,BALLYMENA,NORTH ANTRIM,9.6,0.41,0.517,13.6
N20002620,BALLYMENA,NORTH ANTRIM,19.0,0.41,0.567,14.6
N20002621,BALLYMENA,NORTH ANTRIM,15.5,0.41,0.549,14.2
N20002622,BALLYMENA,NORTH ANTRIM,5.0,0.41,0.493,13.1
N20002623,BALLYMENA,NORTH ANTRIM,11.4,0.41,0.527,13.8
N20002624,BALLYMENA,NORTH ANTRIM,23.7,0.41,0.592,15.1
N20002625,BALLYMENA,NORTH ANTRIM,10.5,0.41,0.522,13.7
N20002626,BALLYMENA,NORTH ANTRIM,1.7,0.41,0.475,12.7
N20002627,BALLYMENA,NORTH ANTRIM,8.4,0.41,0.511,13.4
N20002628,BALLYMENA,NORTH ANTRIM,16.1,0.41,0.552,14.3
N20002629,BALLYMENA,NORTH ANTRIM,7.1,0.41,0.504,13.3
N20002631,BALLYMENA,NORTH ANTRIM,6.5,0.41,0.501,13.2
N20002633,BALLYMENA,NORTH ANTRIM,17.9,0.41,0.561,14.5
N20002634,BALLYMENA,NORTH ANTRIM,18.3,0.41,0.564,14.5
N20002635,BALLYMENA,NORTH ANTRIM,12.2,0.41,0.531,13.8
N20002637,BALLYMENA,NORTH ANTRIM,11.5,0.41,0.527,13.8
N20002638,BALLYMENA,NORTH ANTRIM,19.6,0.41,0.571,14.6
N20002639,BRAID,NORTH ANTRIM,41.0,0.055,0.503,13.3
N20002640,BRAID,NORTH ANTRIM,88.8,0.055,0.906,21.8
N20002641,BRAID,NORTH ANTRIM,89.3,0.055,0.91,21.9
N20002642,BRAID,NORTH ANTRIM,61.8,0.055,0.678,16.9
N20002643,BRAID,NORTH ANTRIM,51.4,0.055,0.591,15.1
N20002645,BRAID,NORTH ANTRIM,5.8,0.055,0.207,8.1
N20002646,BRAID,NORTH ANTRIM,40.3,0.055,0.497,13.2
N20002647,BRAID,NORTH ANTRIM,9.6,0.055,0.239,8.5
N20002648,BRAID,NORTH ANTRIM,5.2,0.055,0.202,8.0
N20002649,BRAID,NORTH ANTRIM,27.1,0.055,0.386,11.0
N20002650,BRAID,NORTH ANTRIM,10.1,0.055,0.243,8.6
N20002651,BRAID,NORTH ANTRIM,7.7,0.055,0.223,8.3
N20002652,BRAID,NORTH ANTRIM,7.9,0.055,0.225,8.3
N20002653,BRAID,NORTH ANTRIM,5.6,0.055,0.205,8.1
N20002654,BRAID,NORTH ANTRIM,2.7,0.055,0.181,7.8
N20002655,BRAID,NORTH ANTRIM,45.6,0.055,0.542,14.1
N20002656,BRAID,NORTH ANTRIM,5.5,0.055,0.204,8.1
N20002658,BRAID,NORTH ANTRIM,28.3,0.055,0.396,11.2
N20002660,BRAID,NORTH ANTRIM,5.7,0.055,0.206,8.1
N20002661,BRAID,NORTH ANTRIM,7.6,0.055,0.222,8.3
N20002662,BRAID,NORTH ANTRIM,7.4,0.055,0.22,8.3
N20002663,BRAID,NORTH ANTRIM,22.0,0.055,0.343,10.3
N20002664,BRAID,NORTH ANTRIM,21.6,0.055,0.34,10.2
N20002665,BRAID,NORTH ANTRIM,5.5,0.055,0.204,8.1
N20002666,BRAID,NORTH ANTRIM,14.0,0.055,0.276,9.1
N20002667,BRAID,NORTH ANTRIM,11.0,0.055,0.251,8.7
N20002668,BRAID,NORTH ANTRIM,11.7,0.055,0.257,8.8
N20002669,BRAID,NORTH ANTRIM,8.4,0.055,0.229,8.4
N20002670,BRAID,NORTH ANTRIM,7.6,0.055,0.222,8.3
N20002671,BRAID,NORTH ANTRIM,10.1,0.055,0.243,8.6
N20002672,BRAID,NORTH ANTRIM,9.3,0.055,0.236,8.5
N20002673,BRAID,NORTH ANTRIM,2.4,0.055,0.178,7.7
N20002675,BRAID,NORTH ANTRIM,6.3,0.055,0.211,8.2
N20002676,BRAID,NORTH ANTRIM,9.9,0.055,0.241,8.6
N20002677,BRAID,NORTH ANTRIM,7.4,0.055,0.22,8.3
N20002678,BRAID,NORTH ANTRIM,5.6,0.055,0.205,8.1
N20002679,BRAID,NORTH ANTRIM,2.7,0.055,0.181,7.8
N20002680,BRAID,NORTH ANTRIM,5.0,0.055,0.2,8.0
N20002681,BRAID,NORTH ANTRIM,6.1,0.055,0.209,8.1
N20002682,BRAID,NORTH ANTRIM,5.5,0.055,0.204,8.1
N20002683,BRAID,NORTH ANTRIM,5.0,0.055,0.2,8.0
N20002686,COAST ROAD,EAST ANTRIM,83.1,0.1,0.871,21.1
N20002689,COAST ROAD,EAST ANTRIM,42.4,0.1,0.562,14.5
N20002690,COAST ROAD,EAST ANTRIM,51.1,0.1,0.628,15.8
N20002691,COAST ROAD,EAST ANTRIM,45.4,0.1,0.585,14.9
N20002692,COAST ROAD,EAST ANTRIM,31.4,0.1,0.478,12.8
N20002693,COAST ROAD,EAST ANTRIM,22.0,0.1,0.407,11.4
N20002694,COAST ROAD,EAST ANTRIM,32.7,0.1,0.488,13.0
N20002695,COAST ROAD,EAST ANTRIM,26.8,0.1,0.443,12.1
N20002696,COAST ROAD,EAST ANTRIM,33.4,0.1,0.493,13.1
N20002697,COAST ROAD,EAST ANTRIM,33.2,0.1,0.492,13.1
N20002698,COAST ROAD,EAST ANTRIM,44.0,0.1,0.574,14.7
N20002699,COAST ROAD,EAST ANTRIM,25.0,0.1,0.429,11.8
N20002700,COAST ROAD,EAST ANTRIM,27.8,0.1,0.451,12.3
N20002704,COAST ROAD,EAST ANTRIM,17.7,0.1,0.374,10.8
N20002705,COAST ROAD,EAST ANTRIM,21.8,0.1,0.405,11.4
N20002707,COAST ROAD,EAST ANTRIM,16.7,0.1,0.366,10.7
N20002708,COAST ROAD,EAST ANTRIM,18.5,0.1,0.38,10.9
N20002710,COAST ROAD,EAST ANTRIM,20.7,0.1,0.397,11.2
N20002712,COAST ROAD,EAST ANTRIM,21.0,0.1,0.399,11.3
N20002713,COAST ROAD,EAST ANTRIM,21.5,0.1,0.403,11.3
N20002715,COAST ROAD,EAST ANTRIM,33.9,0.1,0.497,13.2
N20002716,COAST ROAD,EAST ANTRIM,22.6,0.1,0.411,11.5
N20002717,COAST ROAD,EAST ANTRIM,36.5,0.1,0.517,13.6
N20002718,COAST ROAD,EAST ANTRIM,36.3,0.1,0.515,13.5
N20002719,COAST ROAD,EAST ANTRIM,14.7,0.1,0.351,10.4
N20002720,COAST ROAD,EAST ANTRIM,43.6,0.1,0.571,14.7
N20002722,COAST ROAD,EAST ANTRIM,17.0,0.1,0.369,10.7
N20002723,COAST ROAD,EAST ANTRIM,14.2,0.1,0.347,10.3
N20002724,COAST ROAD,EAST ANTRIM,26.9,0.1,0.444,12.1
N20002725,LARNE LOUGH,EAST ANTRIM,18.8,0.14,0.409,11.4
N20002726,LARNE LOUGH,EAST ANTRIM,30.5,0.14,0.494,13.1
N20002727,LARNE LOUGH,EAST ANTRIM,31.8,0.14,0.503,13.3
N20002728,LARNE LOUGH,EAST ANTRIM,27.2,0.14,0.47,12.6
N20002729,LARNE LOUGH,EAST ANTRIM,26.0,0.14,0.461,12.5
N20002730,LARNE LOUGH,EAST ANTRIM,20.8,0.14,0.423,11.7
N20002731,LARNE LOUGH,EAST ANTRIM,21.1,0.14,0.425,11.8
N20002732,LARNE LOUGH,EAST ANTRIM,21.2,0.14,0.426,11.8
N20002733,LARNE LOUGH,EAST ANTRIM,28.8,0.14,0.481,12.9
N20002734,LARNE LOUGH,EAST ANTRIM,14.5,0.14,0.377,10.9
N20002735,LARNE LOUGH,EAST ANTRIM,20.2,0.14,0.419,11.6
N20002736,LARNE LOUGH,EAST ANTRIM,14.5,0.14,0.377,10.9
N20002737,LARNE LOUGH,EAST ANTRIM,26.9,0.14,0.468,12.6
N20002738,LARNE LOUGH,EAST ANTRIM,24.9,0.14,0.453,12.3
N20002739,LARNE LOUGH,EAST ANTRIM,6.8,0.14,0.321,9.9
N20002740,LARNE LOUGH,EAST ANTRIM,9.7,0.14,0.342,10.2
N20002741,LARNE LOUGH,EAST ANTRIM,4.0,0.14,0.301,9.5
N20002742,LARNE LOUGH,EAST ANTRIM,10.4,0.14,0.347,10.3
N20002743,LARNE LOUGH,EAST ANTRIM,4.1,0.14,0.302,9.5
N20002744,LARNE LOUGH,EAST ANTRIM,6.8,0.14,0.321,9.9
N20002745,LARNE LOUGH,EAST ANTRIM,5.7,0.14,0.313,9.7
N20002746,LARNE LOUGH,EAST ANTRIM,3.0,0.14,0.293,9.4
N20002747,LARNE LOUGH,EAST ANTRIM,5.2,0.14,0.31,9.7
N20002748,LARNE LOUGH,EAST ANTRIM,7.5,0.14,0.326,10.0
N20002749,LARNE LOUGH,EAST ANTRIM,6.2,0.14,0.317,9.8
N20002750,LARNE LOUGH,EAST ANTRIM,4.9,0.14,0.307,9.6
N20002751,LARNE LOUGH,EAST ANTRIM,5.8,0.14,0.314,9.7
N20002752,LARNE LOUGH,EAST ANTRIM,3.8,0.14,0.299,9.5
N20002753,LARNE LOUGH,EAST ANTRIM,4.4,0.14,0.304,9.6
N20002754,LARNE LOUGH,EAST ANTRIM,14.9,0.14,0.38,10.9
N20002755,LARNE LOUGH,EAST ANTRIM,11.6,0.14,0.356,10.5
N20002756,LARNE LOUGH,EAST ANTRIM,13.4,0.14,0.369,10.7
N20002757,LARNE LOUGH,EAST ANTRIM,16.7,0.14,0.393,11.2
N20002758,LARNE LOUGH,EAST ANTRIM,13.4,0.14,0.369,10.7
N20002760,LARNE LOUGH,EAST ANTRIM,20.1,0.14,0.418,11.6
N20002761,LARNE LOUGH,EAST ANTRIM,17.6,0.14,0.4,11.3
N20002762,LARNE LOUGH,EAST ANTRIM,19.0,0.14,0.41,11.5
N20002763,CARRICK CASTLE,EAST ANTRIM,5.9,1.0,0.969,23.2
N20002764,CARRICK CASTLE,EAST ANTRIM,8.3,1.0,0.97,23.2
N20002765,CARRICK CASTLE,EAST ANTRIM,8.6,1.0,0.97,23.2
N20002766,CARRICK CASTLE,EAST ANTRIM,6.2,1.0,0.97,23.2
N20002767,CARRICK CASTLE,EAST ANTRIM,9.1,1.0,0.971,23.2
N20002768,CARRICK CASTLE,EAST ANTRIM,6.0,1.0,0.97,23.2
N20002769,CARRICK CASTLE,EAST ANTRIM,9.6,1.0,0.971,23.2
N20002770,CARRICK CASTLE,EAST ANTRIM,8.8,1.0,0.97,23.2
N20002771,CARRICK CASTLE,EAST ANTRIM,12.5,1.0,0.972,23.3
N20002772,CARRICK CASTLE,EAST ANTRIM,1.5,1.0,0.968,23.2
N20002774,CARRICK CASTLE,EAST ANTRIM,7.5,1.0,0.97,23.2
N20002775,CARRICK CASTLE,EAST ANTRIM,6.2,1.0,0.97,23.2
N20002776,CARRICK CASTLE,EAST ANTRIM,8.1,1.0,0.97,23.2
N20002777,CARRICK CASTLE,EAST ANTRIM,7.7,1.0,0.97,23.2
N20002778,CARRICK CASTLE,EAST ANTRIM,9.1,1.0,0.971,23.2
N20002779,CARRICK CASTLE,EAST ANTRIM,8.2,1.0,0.97,23.2
N20002780,CARRICK CASTLE,EAST ANTRIM,7.1,1.0,0.97,23.2
N20002781,CARRICK CASTLE,EAST ANTRIM,5.4,1.0,0.969,23.2
N20002782,CARRICK CASTLE,EAST ANTRIM,5.1,1.0,0.969,23.2
N20002783,CARRICK CASTLE,EAST ANTRIM,5.7,1.0,0.969,23.2
N20002784,CARRICK CASTLE,EAST ANTRIM,7.1,1.0,0.97,23.2
N20002785,CARRICK CASTLE,EAST ANTRIM,7.0,1.0,0.97,23.2
N20002786,CARRICK CASTLE,EAST ANTRIM,9.9,1.0,0.971,23.2
N20002788,CARRICK CASTLE,EAST ANTRIM,7.3,1.0,0.97,23.2
N20002789,CARRICK CASTLE,EAST ANTRIM,15.1,1.0,0.972,23.3
N20002790,CARRICK CASTLE,EAST ANTRIM,11.3,1.0,0.971,23.2
N20002791,CARRICK CASTLE,EAST ANTRIM,6.3,1.0,0.97,23.2
N20002792,CARRICK CASTLE,EAST ANTRIM,11.2,1.0,0.971,23.2
N20002793,CARRICK CASTLE,EAST ANTRIM,10.4,1.0,0.971,23.2
N20002794,CARRICK CASTLE,EAST ANTRIM,9.9,1.0,0.971,23.2
N20002795,CARRICK CASTLE,EAST ANTRIM,8.9,1.0,0.97,23.2
N20002796,CARRICK CASTLE,EAST ANTRIM,13.9,1.0,0.972,23.3
N20002797,CARRICK CASTLE,EAST ANTRIM,12.2,1.0,0.972,23.3
N20002798,CARRICK CASTLE,EAST ANTRIM,16.5,1.0,0.973,23.3
N20002799,CARRICK CASTLE,EAST ANTRIM,22.1,1.0,0.975,23.3
N20002800,CARRICK CASTLE,EAST ANTRIM,13.9,1.0,0.972,23.3
N20002801,CARRICK CASTLE,EAST ANTRIM,13.2,1.0,0.972,23.3
N20002802,KNOCKAGH,EAST ANTRIM,2.9,0.235,0.367,10.7
N20002803,KNOCKAGH,EAST ANTRIM,8.7,0.235,0.405,11.4
N20002804,KNOCKAGH,EAST ANTRIM,6.0,0.235,0.388,11.1
N20002805,KNOCKAGH,EAST ANTRIM,7.3,0.235,0.396,11.2
N20002806,KNOCKAGH,EAST ANTRIM,8.3,0.235,0.403,11.3
N20002807,KNOCKAGH,EAST ANTRIM,7.5,0.235,0.397,11.2
N20002808,KNOCKAGH,EAST ANTRIM,6.7,0.235,0.392,11.1
N20002809,KNOCKAGH,EAST ANTRIM,6.4,0.235,0.39,11.1
N20002810,KNOCKAGH,EAST ANTRIM,6.9,0.235,0.393,11.2
N20002811,KNOCKAGH,EAST ANTRIM,7.6,0.235,0.398,11.2
N20002812,KNOCKAGH,EAST ANTRIM,6.0,0.235,0.388,11.1
N20002813,KNOCKAGH,EAST ANTRIM,4.7,0.235,0.379,10.9
N20002814,KNOCKAGH,EAST ANTRIM,10.3,0.235,0.416,11.6
N20002815,KNOCKAGH,EAST ANTRIM,4.1,0.235,0.375,10.8
N20002816,KNOCKAGH,EAST ANTRIM,6.7,0.235,0.392,11.1
N20002817,KNOCKAGH,EAST ANTRIM,5.4,0.235,0.384,11.0
N20002818,KNOCKAGH,EAST ANTRIM,5.4,0.235,0.384,11.0
N20002819,KNOCKAGH,EAST ANTRIM,5.8,0.235,0.386,11.0
N20002820,KNOCKAGH,EAST ANTRIM,13.1,0.235,0.434,11.9
N20002821,KNOCKAGH,EAST ANTRIM,6.8,0.235,0.393,11.2
N20002822,KNOCKAGH,EAST ANTRIM,9.7,0.235,0.412,11.5
N20002823,KNOCKAGH,EAST ANTRIM,11.4,0.235,0.423,11.7
N20002824,KNOCKAGH,EAST ANTRIM,16.5,0.235,0.456,12.4
N20002825,KNOCKAGH,EAST ANTRIM,13.3,0.235,0.435,12.0
N20002826,KNOCKAGH,EAST ANTRIM,9.4,0.235,0.41,11.5
N20002828,KNOCKAGH,EAST ANTRIM,12.8,0.235,0.432,11.9
N20002829,KNOCKAGH,EAST ANTRIM,7.7,0.235,0.399,11.3
N20002830,KNOCKAGH,EAST ANTRIM,16.5,0.235,0.456,12.4
N20002831,KNOCKAGH,EAST ANTRIM,11.6,0.235,0.424,11.7
N20002832,KNOCKAGH,EAST ANTRIM,14.2,0.235,0.441,12.1
N20002833,KNOCKAGH,EAST ANTRIM,8.8,0.235,0.406,11.4
N20002834,KNOCKAGH,EAST ANTRIM,8.7,0.235,0.405,11.4
N20002835,KNOCKAGH,EAST ANTRIM,14.3,0.235,0.442,12.1
N20002836,KNOCKAGH,EAST ANTRIM,22.1,0.235,0.492,13.1
N20002837,CARNTOGHER,MID ULSTER,68.4,0.38,0.824,20.0
N20002839,CARNTOGHER,MID ULSTER,68.1,0.38,0.822,20.0
N20002840,CARNTOGHER,MID ULSTER,44.3,0.38,0.689,17.1
N20002843,CARNTOGHER,MID ULSTER,62.9,0.38,0.793,19.3
N20002846,CARNTOGHER,MID ULSTER,10.6,0.38,0.501,13.2
N20002848,CARNTOGHER,MID ULSTER,80.2,0.38,0.889,21.4
N20002850,CARNTOGHER,MID ULSTER,87.9,0.38,0.932,22.4
N20002851,CARNTOGHER,MID ULSTER,82.8,0.38,0.904,21.8
N20002852,CARNTOGHER,MID ULSTER,94.7,0.38,0.97,23.2
N20002853,CARNTOGHER,MID ULSTER,22.1,0.38,0.565,14.5
N20002855,CARNTOGHER,MID ULSTER,55.2,0.38,0.75,18.4
N20002856,CARNTOGHER,MID ULSTER,89.6,0.38,0.942,22.6
N20002857,CARNTOGHER,MID ULSTER,33.0,0.38,0.626,15.8
N20002858,CARNTOGHER,MID ULSTER,82.1,0.38,0.9,21.7
N20002859,CARNTOGHER,MID ULSTER,95.4,0.38,0.974,23.3
N20002860,CARNTOGHER,MID ULSTER,85.0,0.38,0.916,22.0
N20002861,CARNTOGHER,MID ULSTER,93.9,0.38,0.966,23.1
N20002862,CARNTOGHER,MID ULSTER,92.6,0.38,0.959,23.0
N20002863,CARNTOGHER,MID ULSTER,90.4,0.38,0.946,22.7
N20002865,MOYOLA,MID ULSTER,92.0,0.105,0.936,22.5
N20002867,MOYOLA,MID ULSTER,10.9,0.105,0.291,9.4
N20002869,MOYOLA,MID ULSTER,90.8,0.105,0.927,22.3
N20002870,MOYOLA,MID ULSTER,86.5,0.105,0.893,21.5
N20002871,MOYOLA,MID ULSTER,54.7,0.105,0.64,16.1
N20002872,MOYOLA,MID ULSTER,23.7,0.105,0.393,11.2
N20002874,MOYOLA,MID ULSTER,91.6,0.105,0.933,22.4
N20002875,MOYOLA,MID ULSTER,93.5,0.105,0.948,22.7
N20002876,MOYOLA,MID ULSTER,30.0,0.105,0.443,12.1
N20002877,MOYOLA,MID ULSTER,55.9,0.105,0.649,16.3
N20002878,MOYOLA,MID ULSTER,95.0,0.105,0.96,23.0
N20002879,MOYOLA,MID ULSTER,46.1,0.105,0.571,14.7
N20002880,MOYOLA,MID ULSTER,54.3,0.105,0.636,16.0
N20002881,MOYOLA,MID ULSTER,34.7,0.105,0.48,12.8
N20002882,MOYOLA,MID ULSTER,81.8,0.105,0.855,20.7
N20002883,MOYOLA,MID ULSTER,44.3,0.105,0.557,14.4
N20002884,MOYOLA,MID ULSTER,53.6,0.105,0.631,15.9
N20002885,MOYOLA,MID ULSTER,92.1,0.105,0.937,22.5
N20002886,MOYOLA,MID ULSTER,46.9,0.105,0.577,14.8
N20002887,MOYOLA,MID ULSTER,92.7,0.105,0.942,22.6
N20002888,MOYOLA,MID ULSTER,92.2,0.105,0.938,22.5
N20002890,MOYOLA,MID ULSTER,89.7,0.105,0.918,22.1
N20002891,MOYOLA,MID ULSTER,51.0,0.105,0.61,15.5
N20002892,MOYOLA,MID ULSTER,81.7,0.105,0.854,20.7
N20002893,MOYOLA,MID ULSTER,77.6,0.105,0.822,20.0
N20002894,MAGHERAFELT,MID ULSTER,76.4,0.235,0.839,20.3
N20002895,MAGHERAFELT,MID ULSTER,72.5,0.235,0.812,19.8
N20002896,MAGHERAFELT,MID ULSTER,59.9,0.235,0.726,17.9
N20002897,MAGHERAFELT,MID ULSTER,62.1,0.235,0.741,18.2
N20002900,MAGHERAFELT,MID ULSTER,70.1,0.235,0.796,19.4
N20002901,MAGHERAFELT,MID ULSTER,59.6,0.235,0.724,17.9
N20002902,MAGHERAFELT,MID ULSTER,53.5,0.235,0.682,17.0
N20002903,MAGHERAFELT,MID ULSTER,66.7,0.235,0.772,18.9
N20002904,MAGHERAFELT,MID ULSTER,61.1,0.235,0.734,18.1
N20002905,MAGHERAFELT,MID ULSTER,48.6,0.235,0.649,16.3
N20002906,MAGHERAFELT,MID ULSTER,79.7,0.235,0.861,20.8
N20002907,MAGHERAFELT,MID ULSTER,33.3,0.235,0.544,14.1
N20002908,MAGHERAFELT,MID ULSTER,63.6,0.235,0.751,18.5
N20002909,MAGHERAFELT,MID ULSTER,54.3,0.235,0.688,17.1
N20002910,MAGHERAFELT,MID ULSTER,56.0,0.235,0.699,17.3
N20002911,MAGHERAFELT,MID ULSTER,61.8,0.235,0.739,18.2
N20002912,MAGHERAFELT,MID ULSTER,50.5,0.235,0.662,16.5
N20002913,MAGHERAFELT,MID ULSTER,19.3,0.235,0.448,12.2
N20002914,MAGHERAFELT,MID ULSTER,39.1,0.235,0.584,14.9
N20002915,MAGHERAFELT,MID ULSTER,35.8,0.235,0.561,14.5
N20002916,MAGHERAFELT,MID ULSTER,82.0,0.235,0.877,21.2
N20002917,MAGHERAFELT,MID ULSTER,63.0,0.235,0.747,18.4
N20002920,MAGHERAFELT,MID ULSTER,40.6,0.235,0.594,15.1
N20002922,MAGHERAFELT,MID ULSTER,46.2,0.235,0.632,15.9
N20002923,MAGHERAFELT,MID ULSTER,51.2,0.235,0.666,16.6
N20002924,MAGHERAFELT,MID ULSTER,40.7,0.235,0.595,15.1
N20002926,MAGHERAFELT,MID ULSTER,27.4,0.235,0.504,13.3
N20002927,MAGHERAFELT,MID ULSTER,82.9,0.235,0.883,21.3
N20002928,MAGHERAFELT,MID ULSTER,42.7,0.235,0.608,15.4
N20002930,COOKSTOWN,MID ULSTER,80.6,0.115,0.847,20.5
N20002931,COOKSTOWN,MID ULSTER,25.7,0.115,0.415,11.6
N20002932,COOKSTOWN,MID ULSTER,26.7,0.115,0.423,11.7
N20002933,COOKSTOWN,MID ULSTER,80.1,0.115,0.843,20.4
N20002934,COOKSTOWN,MID ULSTER,19.0,0.115,0.362,10.6
N20002935,COOKSTOWN,MID ULSTER,10.8,0.115,0.298,9.5
N20002937,COOKSTOWN,MID ULSTER,36.4,0.115,0.499,13.2
N20002938,COOKSTOWN,MID ULSTER,8.8,0.115,0.282,9.2
N20002939,COOKSTOWN,MID ULSTER,15.9,0.115,0.338,10.2
N20002940,COOKSTOWN,MID ULSTER,36.2,0.115,0.498,13.2
N20002941,COOKSTOWN,MID ULSTER,53.9,0.115,0.637,16.0
N20002942,COOKSTOWN,MID ULSTER,43.9,0.115,0.558,14.4
N20002943,COOKSTOWN,MID ULSTER,57.9,0.115,0.669,16.7
N20002945,COOKSTOWN,MID ULSTER,81.1,0.115,0.851,20.6
N20002946,COOKSTOWN,MID ULSTER,74.1,0.115,0.796,19.4
N20002947,COOKSTOWN,MID ULSTER,50.4,0.115,0.61,15.5
N20002948,COOKSTOWN,MID ULSTER,91.3,0.115,0.932,22.4
N20002949,COOKSTOWN,MID ULSTER,69.5,0.115,0.76,18.6
N20002950,COOKSTOWN,MID ULSTER,61.4,0.115,0.696,17.3
N20002953,COOKSTOWN,MID ULSTER,62.3,0.115,0.703,17.4
N20002954,COOKSTOWN,MID ULSTER,68.2,0.115,0.75,18.4
N20002956,COOKSTOWN,MID ULSTER,90.9,0.115,0.928,22.3
N20002957,COOKSTOWN,MID ULSTER,76.2,0.115,0.813,19.8
N20002958,COOKSTOWN,MID ULSTER,73.2,0.115,0.789,19.3
N20002960,COOKSTOWN,MID ULSTER,24.1,0.115,0.403,11.3
N20002961,COOKSTOWN,MID ULSTER,73.1,0.115,0.788,19.3
N20002962,COOKSTOWN,MID ULSTER,66.5,0.115,0.736,18.1
N20002964,COOKSTOWN,MID ULSTER,56.1,0.115,0.654,16.4
N20002965,COOKSTOWN,MID ULSTER,67.5,0.115,0.744,18.3
N20002967,COOKSTOWN,MID ULSTER,26.9,0.115,0.425,11.8
N20002968,COOKSTOWN,MID ULSTER,15.0,0.115,0.331,10.0
N20002969,COOKSTOWN,MID ULSTER,21.3,0.115,0.38,10.9
N20002970,COOKSTOWN,MID ULSTER,89.2,0.115,0.915,22.0
N20002971,COOKSTOWN,MID ULSTER,60.0,0.115,0.685,17.0
N20002972,COOKSTOWN,MID ULSTER,91.1,0.115,0.93,22.3
N20002973,COOKSTOWN,MID ULSTER,76.3,0.115,0.813,19.8
N20002974,COOKSTOWN,MID ULSTER,64.8,0.115,0.723,17.8
N20002979,TORRENT,MID ULSTER,18.3,0.26,0.459,12.4
N20002982,TORRENT,MID ULSTER,86.4,0.26,0.91,21.9
N20002983,TORRENT,MID ULSTER,73.5,0.26,0.825,20.0
N20002984,TORRENT,MID ULSTER,75.3,0.26,0.836,20.3
N20002986,TORRENT,MID ULSTER,64.5,0.26,0.765,18.7
N20002988,TORRENT,MID ULSTER,66.1,0.26,0.776,19.0
N20002989,TORRENT,MID ULSTER,88.0,0.26,0.921,22.1
N20002990,TORRENT,MID ULSTER,82.1,0.26,0.882,21.3
N20002991,TORRENT,MID ULSTER,94.8,0.26,0.966,23.1
N20002993,TORRENT,MID ULSTER,89.3,0.26,0.929,22.3
N20002994,TORRENT,MID ULSTER,20.8,0.26,0.476,12.7
N20002995,TORRENT,MID ULSTER,94.1,0.26,0.961,23.0
N20002997,TORRENT,MID ULSTER,92.9,0.26,0.953,22.8
N20002998,TORRENT,MID ULSTER,87.9,0.26,0.92,22.1
N20002999,TORRENT,MID ULSTER,89.8,0.26,0.932,22.4
N20003001,TORRENT,MID ULSTER,94.5,0.26,0.964,23.1
N20003002,TORRENT,MID ULSTER,82.9,0.26,0.887,21.4
N20003003,TORRENT,MID ULSTER,85.8,0.26,0.906,21.8
N20003004,TORRENT,MID ULSTER,38.6,0.26,0.594,15.1
N20003005,TORRENT,MID ULSTER,87.5,0.26,0.917,22.1
N20003006,TORRENT,MID ULSTER,86.9,0.26,0.913,22.0
N20003007,TORRENT,MID ULSTER,83.7,0.26,0.892,21.5
N20003009,TORRENT,MID ULSTER,82.9,0.26,0.887,21.4
N20003010,TORRENT,MID ULSTER,91.4,0.26,0.943,22.6
N20003012,TORRENT,MID ULSTER,92.6,0.26,0.951,22.8
N20003013,TORRENT,MID ULSTER,87.3,0.26,0.916,22.0
N20003014,TORRENT,MID ULSTER,91.1,0.26,0.941,22.6
N20003018,DUNGANNON,MID ULSTER,73.3,0.295,0.831,20.2
N20003019,DUNGANNON,MID ULSTER,56.9,0.295,0.728,17.9
N20003020,DUNGANNON,FERMANAGH AND SOUTH TYRONE,84.5,0.295,0.903,21.7
N20003021,DUNGANNON,FERMANAGH AND SOUTH TYRONE,77.7,0.295,0.86,20.8
N20003022,DUNGANNON,FERMANAGH AND SOUTH TYRONE,84.6,0.295,0.903,21.8
N20003025,DUNGANNON,FERMANAGH AND SOUTH TYRONE,88.4,0.295,0.927,22.3
N20003026,DUNGANNON,FERMANAGH AND SOUTH TYRONE,84.6,0.295,0.903,21.8
N20003027,DUNGANNON,FERMANAGH AND SOUTH TYRONE,38.9,0.295,0.616,15.6
N20003028,DUNGANNON,FERMANAGH AND SOUTH TYRONE,84.0,0.295,0.899,21.7
N20003030,DUNGANNON,FERMANAGH AND SOUTH TYRONE,86.7,0.295,0.916,22.0
N20003031,DUNGANNON,FERMANAGH AND SOUTH TYRONE,72.2,0.295,0.825,20.1
N20003032,DUNGANNON,FERMANAGH AND SOUTH TYRONE,83.7,0.295,0.898,21.6
N20003033,DUNGANNON,FERMANAGH AND SOUTH TYRONE,90.4,0.295,0.94,22.6
N20003034,DUNGANNON,FERMANAGH AND SOUTH TYRONE,73.1,0.295,0.831,20.2
N20003035,DUNGANNON,FERMANAGH AND SOUTH TYRONE,92.6,0.295,0.954,22.9
N20003036,DUNGANNON,FERMANAGH AND SOUTH TYRONE,47.2,0.295,0.668,16.7
N20003037,DUNGANNON,FERMANAGH AND SOUTH TYRONE,81.4,0.295,0.883,21.3
N20003038,DUNGANNON,FERMANAGH AND SOUTH TYRONE,65.3,0.295,0.782,19.1
N20003039,DUNGANNON,FERMANAGH AND SOUTH TYRONE,55.4,0.295,0.72,17.8
N20003040,DUNGANNON,FERMANAGH AND SOUTH TYRONE,44.7,0.295,0.653,16.4
N20003041,DUNGANNON,FERMANAGH AND SOUTH TYRONE,89.7,0.295,0.935,22.5
N20003042,DUNGANNON,FERMANAGH AND SOUTH TYRONE,81.1,0.295,0.881,21.3
N20003043,DUNGANNON,FERMANAGH AND SOUTH TYRONE,54.5,0.295,0.714,17.7
N20003044,DUNGANNON,FERMANAGH AND SOUTH TYRONE,53.3,0.295,0.707,17.5
N20003045,DUNGANNON,FERMANAGH AND SOUTH TYRONE,47.7,0.295,0.671,16.8
N20003046,DUNGANNON,FERMANAGH AND SOUTH TYRONE,57.6,0.295,0.734,18.1
N20003047,DUNGANNON,FERMANAGH AND SOUTH TYRONE,55.1,0.295,0.718,17.7
N20003048,DUNGANNON,FERMANAGH AND SOUTH TYRONE,18.5,0.295,0.488,13.0
N20003049,DUNGANNON,FERMANAGH AND SOUTH TYRONE,40.2,0.295,0.624,15.8
N20003050,DUNGANNON,FERMANAGH AND SOUTH TYRONE,52.0,0.295,0.698,17.3
N20003051,DUNGANNON,FERMANAGH AND SOUTH TYRONE,43.7,0.295,0.646,16.2
N20003052,DUNGANNON,FERMANAGH AND SOUTH TYRONE,10.8,0.295,0.44,12.0
N20003053,DUNGANNON,FERMANAGH AND SOUTH TYRONE,2.5,0.295,0.387,11.1
N20003054,DUNGANNON,FERMANAGH AND SOUTH TYRONE,40.6,0.295,0.627,15.8
N20003055,DUNGANNON,FERMANAGH AND SOUTH TYRONE,32.2,0.295,0.574,14.7
N20003056,DUNGANNON,FERMANAGH AND SOUTH TYRONE,40.7,0.295,0.627,15.8
N20003057,DUNGANNON,FERMANAGH AND SOUTH TYRONE,46.0,0.295,0.661,16.5
N20003058,DUNGANNON,FERMANAGH AND SOUTH TYRONE,75.6,0.295,0.847,20.5
N20003060,DUNGANNON,FERMANAGH AND SOUTH TYRONE,74.4,0.295,0.839,20.4
N20003061,DUNGANNON,FERMANAGH AND SOUTH TYRONE,84.0,0.295,0.899,21.7
N20003062,DUNGANNON,FERMANAGH AND SOUTH TYRONE,69.1,0.295,0.806,19.6
N20003063,CLOGHER VALLEY,MID ULSTER,91.5,1.0,0.998,23.8
N20003064,CLOGHER VALLEY,MID ULSTER,86.3,1.0,0.997,23.8
N20003065,CLOGHER VALLEY,FERMANAGH AND SOUTH TYRONE,62.2,0.585,0.856,20.7
N20003066,CLOGHER VALLEY,FERMANAGH AND SOUTH TYRONE,46.6,0.585,0.797,19.4
N20003068,CLOGHER VALLEY,FERMANAGH AND SOUTH TYRONE,88.1,0.585,0.955,22.9
N20003070,CLOGHER VALLEY,FERMANAGH AND SOUTH TYRONE,42.2,0.585,0.78,19.1
N20003071,CLOGHER VALLEY,FERMANAGH AND SOUTH TYRONE,54.4,0.585,0.827,20.1
N20003072,CLOGHER VALLEY,FERMANAGH AND SOUTH TYRONE,43.6,0.585,0.786,19.2
N20003073,CLOGHER VALLEY,FERMANAGH AND SOUTH TYRONE,74.8,0.585,0.904,21.8
N20003074,CLOGHER VALLEY,FERMANAGH AND SOUTH TYRONE,48.9,0.585,0.806,19.6
N20003076,CLOGHER VALLEY,FERMANAGH AND SOUTH TYRONE,83.5,0.585,0.937,22.5
N20003077,CLOGHER VALLEY,FERMANAGH AND SOUTH TYRONE,52.2,0.585,0.818,19.9
N20003079,CLOGHER VALLEY,FERMANAGH AND SOUTH TYRONE,66.4,0.585,0.872,21.1
N20003080,CLOGHER VALLEY,FERMANAGH AND SOUTH TYRONE,36.6,0.585,0.759,18.6
N20003081,CLOGHER VALLEY,FERMANAGH AND SOUTH TYRONE,47.5,0.585,0.801,19.5
N20003082,CLOGHER VALLEY,FERMANAGH AND SOUTH TYRONE,69.5,0.585,0.884,21.3
N20003083,CLOGHER VALLEY,FERMANAGH AND SOUTH TYRONE,53.8,0.585,0.824,20.0
N20003084,CLOGHER VALLEY,FERMANAGH AND SOUTH TYRONE,28.1,0.585,0.727,17.9
N20003085,CLOGHER VALLEY,FERMANAGH AND SOUTH TYRONE,48.1,0.585,0.803,19.6
N20003086,CLOGHER VALLEY,FERMANAGH AND SOUTH TYRONE,56.0,0.585,0.833,20.2
N20003087,CLOGHER VALLEY,FERMANAGH AND SOUTH TYRONE,57.5,0.585,0.839,20.3
N20003088,CLOGHER VALLEY,FERMANAGH AND SOUTH TYRONE,54.5,0.585,0.827,20.1
N20003089,CLOGHER VALLEY,FERMANAGH AND SOUTH TYRONE,61.5,0.585,0.854,20.7
N20003090,CLOGHER VALLEY,FERMANAGH AND SOUTH TYRONE,48.0,0.585,0.802,19.6
N20003091,CLOGHER VALLEY,FERMANAGH AND SOUTH TYRONE,50.1,0.585,0.81,19.7
N20003092,CLOGHER VALLEY,FERMANAGH AND SOUTH TYRONE,44.2,0.585,0.788,19.2
N20003093,CLOGHER VALLEY,FERMANAGH AND SOUTH TYRONE,44.3,0.585,0.788,19.3
N20003094,CLOGHER VALLEY,FERMANAGH AND SOUTH TYRONE,14.6,0.585,0.676,16.8
N20003095,CLOGHER VALLEY,FERMANAGH AND SOUTH TYRONE,23.6,0.585,0.71,17.6
N20003097,CLOGHER VALLEY,FERMANAGH AND SOUTH TYRONE,15.6,0.585,0.679,16.9
N20003100,CLOGHER VALLEY,FERMANAGH AND SOUTH TYRONE,40.6,0.585,0.774,19.0
N20003102,SLIEVE GULLION,NEWRY AND ARMAGH,32.3,0.58,0.744,18.3
N20003103,SLIEVE GULLION,NEWRY AND ARMAGH,54.9,0.58,0.829,20.1
N20003104,SLIEVE GULLION,NEWRY AND ARMAGH,51.1,0.58,0.815,19.8
N20003105,SLIEVE GULLION,NEWRY AND ARMAGH,35.0,0.58,0.754,18.5
N20003107,SLIEVE GULLION,NEWRY AND ARMAGH,78.3,0.58,0.918,22.1
N20003108,SLIEVE GULLION,NEWRY AND ARMAGH,56.9,0.58,0.837,20.3
N20003109,SLIEVE GULLION,NEWRY AND ARMAGH,57.5,0.58,0.839,20.4
N20003110,SLIEVE GULLION,NEWRY AND ARMAGH,71.8,0.58,0.893,21.5
N20003111,SLIEVE GULLION,NEWRY AND ARMAGH,84.9,0.58,0.943,22.6
N20003112,SLIEVE GULLION,NEWRY AND ARMAGH,86.2,0.58,0.948,22.7
N20003113,SLIEVE GULLION,NEWRY AND ARMAGH,73.2,0.58,0.899,21.7
N20003114,SLIEVE GULLION,NEWRY AND ARMAGH,87.1,0.58,0.951,22.8
N20003115,SLIEVE GULLION,NEWRY AND ARMAGH,92.2,0.58,0.97,23.2
N20003118,SLIEVE GULLION,NEWRY AND ARMAGH,85.3,0.58,0.944,22.7
N20003119,SLIEVE GULLION,NEWRY AND ARMAGH,74.8,0.58,0.905,21.8
N20003120,SLIEVE GULLION,NEWRY AND ARMAGH,88.8,0.58,0.958,22.9
N20003123,SLIEVE GULLION,NEWRY AND ARMAGH,91.7,0.58,0.969,23.2
N20003124,SLIEVE GULLION,NEWRY AND ARMAGH,96.4,0.58,0.986,23.6
N20003125,SLIEVE GULLION,NEWRY AND ARMAGH,36.2,0.58,0.759,18.6
N20003126,SLIEVE GULLION,NEWRY AND ARMAGH,91.8,0.58,0.969,23.2
N20003127,SLIEVE GULLION,NEWRY AND ARMAGH,89.0,0.58,0.958,23.0
N20003128,SLIEVE GULLION,NEWRY AND ARMAGH,81.1,0.58,0.929,22.3
N20003129,SLIEVE GULLION,NEWRY AND ARMAGH,95.6,0.58,0.983,23.5
N20003131,SLIEVE GULLION,NEWRY AND ARMAGH,92.7,0.58,0.972,23.3
N20003133,SLIEVE GULLION,NEWRY AND ARMAGH,94.4,0.58,0.979,23.4
N20003134,SLIEVE GULLION,NEWRY AND ARMAGH,92.0,0.58,0.97,23.2
N20003135,SLIEVE GULLION,NEWRY AND ARMAGH,94.3,0.58,0.978,23.4
N20003136,SLIEVE GULLION,NEWRY AND ARMAGH,89.7,0.58,0.961,23.0
N20003137,SLIEVE GULLION,NEWRY AND ARMAGH,94.0,0.58,0.977,23.4
N20003138,SLIEVE GULLION,NEWRY AND ARMAGH,93.9,0.58,0.977,23.4
N20003143,SLIEVE GULLION,NEWRY AND ARMAGH,96.2,0.58,0.986,23.6
N20003147,SLIEVE GULLION,NEWRY AND ARMAGH,90.5,0.58,0.964,23.1
N20003149,SLIEVE GULLION,NEWRY AND ARMAGH,95.1,0.58,0.981,23.5
N20003151,SLIEVE GULLION,NEWRY AND ARMAGH,94.4,0.58,0.979,23.4
N20003152,SLIEVE GULLION,NEWRY AND ARMAGH,93.3,0.58,0.975,23.3
N20003153,SLIEVE GULLION,NEWRY AND ARMAGH,95.0,0.58,0.981,23.5
N20003154,NEWRY,NEWRY AND ARMAGH,51.9,0.58,0.818,19.9
N20003155,NEWRY,SOUTH DOWN,83.8,0.785,0.967,23.1
N20003156,NEWRY,SOUTH DOWN,87.8,0.785,0.975,23.3
N20003157,NEWRY,NEWRY AND ARMAGH,94.0,0.58,0.977,23.4
N20003158,NEWRY,NEWRY AND ARMAGH,77.4,0.58,0.915,22.0
N20003159,NEWRY,NEWRY AND ARMAGH,90.1,0.58,0.963,23.1
N20003160,NEWRY,SOUTH DOWN,88.0,0.785,0.975,23.3
N20003161,NEWRY,NEWRY AND ARMAGH,78.8,0.58,0.92,22.1
N20003162,NEWRY,NEWRY AND ARMAGH,90.3,0.58,0.963,23.1
N20003163,NEWRY,NEWRY AND ARMAGH,82.6,0.58,0.934,22.4
N20003164,NEWRY,NEWRY AND ARMAGH,89.9,0.58,0.962,23.0
N20003165,NEWRY,NEWRY AND ARMAGH,89.0,0.58,0.958,23.0
N20003166,NEWRY,NEWRY AND ARMAGH,93.5,0.58,0.975,23.3
N20003167,NEWRY,NEWRY AND ARMAGH,95.1,0.58,0.981,23.5
N20003168,NEWRY,NEWRY AND ARMAGH,85.8,0.58,0.946,22.7
N20003169,NEWRY,NEWRY AND ARMAGH,90.7,0.58,0.965,23.1
N20003170,NEWRY,NEWRY AND ARMAGH,84.1,0.58,0.94,22.6
N20003171,NEWRY,NEWRY AND ARMAGH,84.0,0.58,0.939,22.5
N20003172,NEWRY,NEWRY AND ARMAGH,79.1,0.58,0.921,22.1
N20003173,NEWRY,NEWRY AND ARMAGH,91.2,0.58,0.967,23.1
N20003174,NEWRY,NEWRY AND ARMAGH,83.2,0.58,0.936,22.5
N20003175,NEWRY,NEWRY AND ARMAGH,88.1,0.58,0.955,22.9
N20003176,NEWRY,NEWRY AND ARMAGH,87.5,0.58,0.953,22.8
N20003177,NEWRY,NEWRY AND ARMAGH,89.6,0.58,0.961,23.0
N20003179,NEWRY,NEWRY AND ARMAGH,73.0,0.58,0.898,21.6
N20003180,NEWRY,NEWRY AND ARMAGH,85.8,0.58,0.946,22.7
N20003181,NEWRY,NEWRY AND ARMAGH,87.5,0.58,0.953,22.8
N20003182,NEWRY,NEWRY AND ARMAGH,90.1,0.58,0.963,23.1
N20003183,NEWRY,NEWRY AND ARMAGH,92.1,0.58,0.97,23.2
N20003184,NEWRY,NEWRY AND ARMAGH,95.5,0.58,0.983,23.5
N20003185,NEWRY,NEWRY AND ARMAGH,87.3,0.58,0.952,22.8
N20003187,NEWRY,NEWRY AND ARMAGH,88.6,0.58,0.957,22.9
N20003188,NEWRY,NEWRY AND ARMAGH,94.2,0.58,0.978,23.4
N20003189,NEWRY,NEWRY AND ARMAGH,88.1,0.58,0.955,22.9
N20003190,NEWRY,NEWRY AND ARMAGH,74.0,0.58,0.902,21.7
N20003191,NEWRY,NEWRY AND ARMAGH,93.4,0.58,0.975,23.3
N20003192,NEWRY,NEWRY AND ARMAGH,91.9,0.58,0.969,23.2
N20003193,NEWRY,NEWRY AND ARMAGH,85.5,0.58,0.945,22.7
N20003194,NEWRY,NEWRY AND ARMAGH,95.0,0.58,0.981,23.5
N20003195,NEWRY,NEWRY AND ARMAGH,89.4,0.58,0.96,23.0
N20003196,NEWRY,NEWRY AND ARMAGH,84.8,0.58,0.943,22.6
N20003197,NEWRY,NEWRY AND ARMAGH,91.6,0.58,0.968,23.2
N20003198,NEWRY,NEWRY AND ARMAGH,91.4,0.58,0.967,23.2
N20003199,NEWRY,NEWRY AND ARMAGH,89.2,0.58,0.959,23.0
N20003200,NEWRY,NEWRY AND ARMAGH,92.5,0.58,0.972,23.3
N20003202,NEWRY,NEWRY AND ARMAGH,93.4,0.58,0.975,23.3
N20003204,NEWRY,NEWRY AND ARMAGH,92.4,0.58,0.971,23.2
N20003205,NEWRY,NEWRY AND ARMAGH,96.1,0.58,0.985,23.6
N20003207,CROTLIEVE,SOUTH DOWN,88.4,1.0,0.996,23.8
N20003208,CROTLIEVE,SOUTH DOWN,33.3,1.0,0.979,23.4
N20003209,CROTLIEVE,SOUTH DOWN,46.1,1.0,0.983,23.5
N20003210,CROTLIEVE,SOUTH DOWN,68.4,1.0,0.99,23.7
N20003211,CROTLIEVE,SOUTH DOWN,86.5,1.0,0.996,23.8
N20003213,CROTLIEVE,SOUTH DOWN,60.6,1.0,0.987,23.6
N20003215,CROTLIEVE,SOUTH DOWN,62.5,1.0,0.988,23.6
N20003216,CROTLIEVE,SOUTH DOWN,81.8,1.0,0.994,23.8
N20003217,CROTLIEVE,SOUTH DOWN,91.2,1.0,0.997,23.8
N20003218,CROTLIEVE,SOUTH DOWN,92.2,1.0,0.998,23.8
N20003219,CROTLIEVE,SOUTH DOWN,85.8,1.0,0.995,23.8
N20003221,CROTLIEVE,SOUTH DOWN,88.7,1.0,0.996,23.8
N20003222,CROTLIEVE,SOUTH DOWN,87.2,1.0,0.996,23.8
N20003223,CROTLIEVE,SOUTH DOWN,90.9,1.0,0.997,23.8
N20003224,CROTLIEVE,SOUTH DOWN,94.6,1.0,0.998,23.8
N20003225,CROTLIEVE,SOUTH DOWN,94.9,1.0,0.998,23.8
N20003228,CROTLIEVE,SOUTH DOWN,87.3,1.0,0.996,23.8
N20003229,CROTLIEVE,SOUTH DOWN,85.3,1.0,0.995,23.8
N20003231,CROTLIEVE,SOUTH DOWN,94.3,1.0,0.998,23.8
N20003232,CROTLIEVE,SOUTH DOWN,90.1,1.0,0.997,23.8
N20003233,CROTLIEVE,SOUTH DOWN,91.1,1.0,0.997,23.8
N20003237,CROTLIEVE,SOUTH DOWN,89.0,1.0,0.997,23.8
N20003238,CROTLIEVE,SOUTH DOWN,83.8,1.0,0.995,23.8
N20003239,CROTLIEVE,SOUTH DOWN,90.2,1.0,0.997,23.8
N20003241,CROTLIEVE,SOUTH DOWN,82.2,1.0,0.994,23.8
N20003242,CROTLIEVE,SOUTH DOWN,77.4,1.0,0.993,23.7
N20003243,CROTLIEVE,SOUTH DOWN,89.1,1.0,0.997,23.8
N20003244,CROTLIEVE,SOUTH DOWN,91.7,1.0,0.997,23.8
N20003247,CROTLIEVE,SOUTH DOWN,85.8,1.0,0.995,23.8
N20003248,CROTLIEVE,SOUTH DOWN,84.0,1.0,0.995,23.8
N20003249,CROTLIEVE,SOUTH DOWN,82.3,1.0,0.994,23.8
N20003250,CROTLIEVE,SOUTH DOWN,87.4,1.0,0.996,23.8
N20003252,CROTLIEVE,SOUTH DOWN,88.6,1.0,0.996,23.8
N20003253,CROTLIEVE,SOUTH DOWN,81.7,1.0,0.994,23.8
N20003254,CROTLIEVE,SOUTH DOWN,86.1,1.0,0.996,23.8
N20003255,CROTLIEVE,SOUTH DOWN,73.9,1.0,0.992,23.7
N20003256,CROTLIEVE,SOUTH DOWN,77.7,1.0,0.993,23.7
N20003257,THE MOURNES,SOUTH DOWN,73.5,1.0,0.992,23.7
N20003260,THE MOURNES,SOUTH DOWN,93.9,1.0,0.998,23.8
N20003261,THE MOURNES,SOUTH DOWN,66.3,1.0,0.989,23.6
N20003262,THE MOURNES,SOUTH DOWN,72.6,1.0,0.991,23.7
N20003263,THE MOURNES,SOUTH DOWN,76.8,1.0,0.993,23.7
N20003264,THE MOURNES,SOUTH DOWN,71.8,1.0,0.991,23.7
N20003265,THE MOURNES,SOUTH DOWN,80.7,1.0,0.994,23.7
N20003267,THE MOURNES,SOUTH DOWN,80.8,1.0,0.994,23.7
N20003268,THE MOURNES,SOUTH DOWN,64.2,1.0,0.989,23.6
N20003269,THE MOURNES,SOUTH DOWN,81.8,1.0,0.994,23.8
N20003271,THE MOURNES,SOUTH DOWN,67.6,1.0,0.99,23.7
N20003272,THE MOURNES,SOUTH DOWN,69.5,1.0,0.99,23.7
N20003273,THE MOURNES,SOUTH DOWN,67.3,1.0,0.99,23.6
N20003274,THE MOURNES,SOUTH DOWN,70.5,1.0,0.991,23.7
N20003275,THE MOURNES,SOUTH DOWN,61.9,1.0,0.988,23.6
N20003276,THE MOURNES,SOUTH DOWN,85.8,1.0,0.995,23.8
N20003279,THE MOURNES,SOUTH DOWN,66.9,1.0,0.989,23.6
N20003281,THE MOURNES,SOUTH DOWN,60.2,1.0,0.987,23.6
N20003282,THE MOURNES,SOUTH DOWN,64.6,1.0,0.989,23.6
N20003283,THE MOURNES,SOUTH DOWN,72.8,1.0,0.991,23.7
N20003285,THE MOURNES,SOUTH DOWN,25.7,1.0,0.976,23.4
N20003287,THE MOURNES,SOUTH DOWN,4.3,1.0,0.97,23.2
N20003288,THE MOURNES,SOUTH DOWN,36.8,1.0,0.98,23.4
N20003289,THE MOURNES,SOUTH DOWN,56.7,1.0,0.986,23.6
N20003290,THE MOURNES,SOUTH DOWN,63.2,1.0,0.988,23.6
N20003292,THE MOURNES,SOUTH DOWN,23.9,1.0,0.976,23.3
N20003293,THE MOURNES,SOUTH DOWN,41.8,1.0,0.982,23.5
N20003294,THE MOURNES,SOUTH DOWN,59.8,1.0,0.987,23.6
N20003295,THE MOURNES,SOUTH DOWN,80.8,1.0,0.994,23.7
N20003296,THE MOURNES,SOUTH DOWN,57.1,1.0,0.986,23.6
N20003297,THE MOURNES,SOUTH DOWN,40.1,1.0,0.981,23.5
N20003298,THE MOURNES,SOUTH DOWN,9.2,1.0,0.971,23.2
N20003299,THE MOURNES,SOUTH DOWN,76.9,1.0,0.993,23.7
N20003300,THE MOURNES,SOUTH DOWN,13.5,1.0,0.973,23.3
N20003301,THE MOURNES,SOUTH DOWN,27.0,1.0,0.977,23.4
N20003302,THE MOURNES,SOUTH DOWN,88.4,1.0,0.996,23.8
N20003303,THE MOURNES,SOUTH DOWN,46.9,1.0,0.983,23.5
N20003304,THE MOURNES,SOUTH DOWN,57.2,1.0,0.986,23.6
N20003305,THE MOURNES,SOUTH DOWN,18.5,1.0,0.974,23.3
N20003306,THE MOURNES,SOUTH DOWN,13.8,1.0,0.973,23.3
N20003307,THE MOURNES,SOUTH DOWN,14.8,1.0,0.973,23.3
N20003308,THE MOURNES,SOUTH DOWN,44.6,1.0,0.982,23.5
N20003311,SLIEVE CROOB,SOUTH DOWN,34.4,1.0,0.979,23.4
N20003312,SLIEVE CROOB,SOUTH DOWN,12.2,1.0,0.972,23.3
N20003313,SLIEVE CROOB,SOUTH DOWN,63.4,1.0,0.988,23.6
N20003314,SLIEVE CROOB,SOUTH DOWN,14.2,1.0,0.973,23.3
N20003315,SLIEVE CROOB,SOUTH DOWN,87.0,1.0,0.996,23.8
N20003316,SLIEVE CROOB,SOUTH DOWN,9.9,1.0,0.971,23.2
N20003317,SLIEVE CROOB,SOUTH DOWN,57.4,1.0,0.986,23.6
N20003319,SLIEVE CROOB,SOUTH DOWN,83.0,1.0,0.995,23.8
N20003320,SLIEVE CROOB,SOUTH DOWN,49.6,1.0,0.984,23.5
N20003323,SLIEVE CROOB,SOUTH DOWN,54.2,1.0,0.985,23.6
N20003324,SLIEVE CROOB,SOUTH DOWN,72.6,1.0,0.991,23.7
N20003325,SLIEVE CROOB,SOUTH DOWN,73.4,1.0,0.992,23.7
N20003326,SLIEVE CROOB,SOUTH DOWN,67.8,1.0,0.99,23.7
N20003327,SLIEVE CROOB,SOUTH DOWN,73.9,1.0,0.992,23.7
N20003328,SLIEVE CROOB,SOUTH DOWN,67.7,1.0,0.99,23.7
N20003330,SLIEVE CROOB,SOUTH DOWN,44.0,1.0,0.982,23.5
N20003332,SLIEVE CROOB,SOUTH DOWN,85.1,1.0,0.995,23.8
N20003334,SLIEVE CROOB,SOUTH DOWN,75.1,1.0,0.992,23.7
N20003336,SLIEVE CROOB,SOUTH DOWN,90.6,1.0,0.997,23.8
N20003338,SLIEVE CROOB,SOUTH DOWN,60.1,1.0,0.987,23.6
N20003340,SLIEVE CROOB,SOUTH DOWN,50.0,1.0,0.984,23.5
N20003341,SLIEVE CROOB,SOUTH DOWN,78.7,1.0,0.993,23.7
N20003342,SLIEVE CROOB,SOUTH DOWN,92.9,1.0,0.998,23.8
N20003343,SLIEVE CROOB,SOUTH DOWN,75.2,1.0,0.992,23.7
N20003344,SLIEVE CROOB,SOUTH DOWN,93.0,1.0,0.998,23.8
N20003345,SLIEVE CROOB,SOUTH DOWN,95.0,1.0,0.998,23.8
N20003347,ROWALLANE,STRANGFORD,14.6,0.645,0.726,17.9
N20003349,ROWALLANE,STRANGFORD,34.2,0.645,0.789,19.3
N20003351,ROWALLANE,STRANGFORD,19.9,0.645,0.743,18.3
N20003352,ROWALLANE,STRANGFORD,41.0,0.645,0.811,19.7
N20003353,ROWALLANE,STRANGFORD,23.9,0.645,0.756,18.6
N20003354,ROWALLANE,STRANGFORD,23.1,0.645,0.754,18.5
N20003355,ROWALLANE,STRANGFORD,34.2,0.645,0.789,19.3
N20003357,ROWALLANE,STRANGFORD,60.2,0.645,0.872,21.1
N20003358,ROWALLANE,STRANGFORD,9.8,0.645,0.711,17.6
N20003360,ROWALLANE,STRANGFORD,21.8,0.645,0.749,18.4
N20003361,ROWALLANE,STRANGFORD,27.1,0.645,0.766,18.8
N20003362,ROWALLANE,STRANGFORD,16.2,0.645,0.731,18.0
N20003363,ROWALLANE,STRANGFORD,12.1,0.645,0.718,17.7
N20003364,ROWALLANE,STRANGFORD,55.7,0.645,0.858,20.8
N20003365,ROWALLANE,STRANGFORD,36.5,0.645,0.796,19.4
N20003366,ROWALLANE,STRANGFORD,10.9,0.645,0.714,17.7
N20003369,ROWALLANE,STRANGFORD,4.8,0.645,0.695,17.3
N20003370,ROWALLANE,STRANGFORD,12.5,0.645,0.72,17.8
N20003371,ROWALLANE,SOUTH DOWN,21.0,0.785,0.837,20.3
N20003372,ROWALLANE,STRANGFORD,31.1,0.645,0.779,19.1
N20003373,ROWALLANE,STRANGFORD,38.5,0.645,0.803,19.6
N20003374,ROWALLANE,STRANGFORD,28.7,0.645,0.771,18.9
N20003375,ROWALLANE,STRANGFORD,29.8,0.645,0.775,19.0
N20003378,ROWALLANE,STRANGFORD,34.3,0.645,0.789,19.3
N20003379,ROWALLANE,STRANGFORD,59.5,0.645,0.87,21.0
N20003380,ROWALLANE,STRANGFORD,70.4,0.645,0.905,21.8
N20003381,ROWALLANE,STRANGFORD,39.8,0.645,0.807,19.7
N20003382,ROWALLANE,STRANGFORD,36.0,0.645,0.795,19.4
N20003383,ROWALLANE,SOUTH DOWN,54.4,0.785,0.906,21.8
N20003384,ROWALLANE,SOUTH DOWN,70.3,0.785,0.939,22.5
N20003385,ROWALLANE,STRANGFORD,48.6,0.645,0.835,20.3
N20003386,ROWALLANE,STRANGFORD,33.8,0.645,0.788,19.2
N20003387,ROWALLANE,STRANGFORD,35.9,0.645,0.795,19.4
N20003388,ROWALLANE,SOUTH DOWN,70.5,0.785,0.939,22.5
N20003389,ROWALLANE,STRANGFORD,40.4,0.645,0.809,19.7
N20003390,ROWALLANE,SOUTH DOWN,71.5,0.785,0.941,22.6
N20003391,DOWNPATRICK,SOUTH DOWN,72.0,1.0,0.991,23.7
N20003393,DOWNPATRICK,SOUTH DOWN,68.2,1.0,0.99,23.7
N20003394,DOWNPATRICK,SOUTH DOWN,86.0,1.0,0.996,23.8
N20003395,DOWNPATRICK,SOUTH DOWN,56.2,1.0,0.986,23.6
N20003396,DOWNPATRICK,SOUTH DOWN,71.7,1.0,0.991,23.7
N20003397,DOWNPATRICK,SOUTH DOWN,61.8,1.0,0.988,23.6
N20003398,DOWNPATRICK,SOUTH DOWN,81.8,1.0,0.994,23.8
N20003399,DOWNPATRICK,SOUTH DOWN,85.8,1.0,0.995,23.8
N20003400,DOWNPATRICK,SOUTH DOWN,86.7,1.0,0.996,23.8
N20003401,DOWNPATRICK,SOUTH DOWN,76.1,1.0,0.992,23.7
N20003402,DOWNPATRICK,SOUTH DOWN,83.7,1.0,0.995,23.8
N20003403,DOWNPATRICK,SOUTH DOWN,75.0,1.0,0.992,23.7
N20003404,DOWNPATRICK,SOUTH DOWN,59.8,1.0,0.987,23.6
N20003405,DOWNPATRICK,SOUTH DOWN,91.2,1.0,0.997,23.8
N20003406,DOWNPATRICK,SOUTH DOWN,75.4,1.0,0.992,23.7
N20003407,DOWNPATRICK,SOUTH DOWN,83.1,1.0,0.995,23.8
N20003408,DOWNPATRICK,SOUTH DOWN,72.4,1.0,0.991,23.7
N20003409,DOWNPATRICK,SOUTH DOWN,88.7,1.0,0.996,23.8
N20003410,DOWNPATRICK,SOUTH DOWN,83.2,1.0,0.995,23.8
N20003411,DOWNPATRICK,SOUTH DOWN,81.7,1.0,0.994,23.8
N20003412,DOWNPATRICK,SOUTH DOWN,89.1,1.0,0.997,23.8
N20003414,DOWNPATRICK,SOUTH DOWN,80.0,1.0,0.994,23.7
N20003415,DOWNPATRICK,SOUTH DOWN,83.8,1.0,0.995,23.8
N20003417,DOWNPATRICK,SOUTH DOWN,88.1,1.0,0.996,23.8
N20003419,DOWNPATRICK,SOUTH DOWN,90.5,1.0,0.997,23.8
N20003420,DOWNPATRICK,SOUTH DOWN,80.4,1.0,0.994,23.7
N20003421,DOWNPATRICK,SOUTH DOWN,94.3,1.0,0.998,23.8
N20003422,DOWNPATRICK,SOUTH DOWN,77.0,1.0,0.993,23.7
N20003423,DOWNPATRICK,SOUTH DOWN,84.7,1.0,0.995,23.8
N20003424,DOWNPATRICK,SOUTH DOWN,69.5,1.0,0.99,23.7
N20003425,DOWNPATRICK,SOUTH DOWN,90.2,1.0,0.997,23.8
N20003428,DOWNPATRICK,SOUTH DOWN,87.6,1.0,0.996,23.8
N20003429,DOWNPATRICK,SOUTH DOWN,72.7,1.0,0.991,23.7
N20003430,DOWNPATRICK,SOUTH DOWN,86.7,1.0,0.996,23.8
N20003431,DOWNPATRICK,SOUTH DOWN,85.0,1.0,0.995,23.8
N20003432,COMBER,STRANGFORD,6.8,0.53,0.614,15.6
N20003433,COMBER,STRANGFORD,5.2,0.53,0.607,15.4
N20003434,COMBER,STRANGFORD,5.4,0.53,0.608,15.4
N20003435,COMBER,STRANGFORD,2.8,0.53,0.598,15.2
N20003436,COMBER,STRANGFORD,6.9,0.53,0.615,15.6
N20003437,COMBER,STRANGFORD,5.7,0.53,0.61,15.5
N20003438,COMBER,STRANGFORD,3.4,0.53,0.6,15.3
N20003439,COMBER,STRANGFORD,4.8,0.53,0.606,15.4
N20003440,COMBER,STRANGFORD,9.0,0.53,0.623,15.7
N20003441,COMBER,STRANGFORD,4.9,0.53,0.606,15.4
N20003442,COMBER,STRANGFORD,5.1,0.53,0.607,15.4
N20003443,COMBER,STRANGFORD,9.1,0.53,0.624,15.7
N20003444,COMBER,STRANGFORD,10.3,0.53,0.629,15.9
N20003445,COMBER,STRANGFORD,6.8,0.53,0.614,15.6
N20003446,COMBER,STRANGFORD,7.2,0.53,0.616,15.6
N20003447,COMBER,STRANGFORD,4.6,0.53,0.605,15.4
N20003448,COMBER,STRANGFORD,4.9,0.53,0.606,15.4
N20003449,COMBER,STRANGFORD,12.6,0.53,0.638,16.1
N20003450,COMBER,STRANGFORD,8.7,0.53,0.622,15.7
N20003451,COMBER,STRANGFORD,9.2,0.53,0.624,15.8
N20003452,COMBER,STRANGFORD,4.7,0.53,0.605,15.4
N20003453,COMBER,STRANGFORD,6.5,0.53,0.613,15.5
N20003454,COMBER,STRANGFORD,6.8,0.53,0.614,15.6
N20003455,COMBER,STRANGFORD,13.1,0.53,0.64,16.1
N20003456,COMBER,STRANGFORD,5.9,0.53,0.61,15.5
N20003457,COMBER,STRANGFORD,3.9,0.53,0.602,15.3
N20003458,COMBER,STRANGFORD,5.2,0.53,0.607,15.4
N20003459,COMBER,STRANGFORD,5.2,0.53,0.607,15.4
N20003460,COMBER,STRANGFORD,5.6,0.53,0.609,15.4
N20003461,COMBER,STRANGFORD,5.4,0.53,0.608,15.4
N20003462,COMBER,STRANGFORD,5.8,0.53,0.61,15.5
N20003463,COMBER,STRANGFORD,5.8,0.53,0.61,15.5
N20003464,COMBER,STRANGFORD,7.4,0.53,0.617,15.6
N20003465,COMBER,STRANGFORD,12.4,0.53,0.637,16.0
N20003466,COMBER,STRANGFORD,6.1,0.53,0.611,15.5
N20003467,COMBER,STRANGFORD,5.8,0.53,0.61,15.5
N20003468,COMBER,STRANGFORD,14.5,0.53,0.646,16.2
N20003469,COMBER,STRANGFORD,8.6,0.53,0.622,15.7
N20003471,COMBER,STRANGFORD,25.6,0.53,0.692,17.2
N20003473,COMBER,STRANGFORD,7.4,0.53,0.617,15.6
N20003475,NEWTOWNARDS,STRANGFORD,6.3,0.17,0.338,10.2
N20003476,NEWTOWNARDS,STRANGFORD,9.5,0.17,0.36,10.6
N20003478,NEWTOWNARDS,STRANGFORD,5.7,0.17,0.333,10.1
N20003479,NEWTOWNARDS,STRANGFORD,5.6,0.17,0.333,10.1
N20003480,NEWTOWNARDS,STRANGFORD,5.9,0.17,0.335,10.1
N20003481,NEWTOWNARDS,STRANGFORD,6.7,0.17,0.34,10.2
N20003482,NEWTOWNARDS,STRANGFORD,15.0,0.17,0.399,11.3
N20003483,NEWTOWNARDS,STRANGFORD,7.5,0.17,0.346,10.3
N20003484,NEWTOWNARDS,STRANGFORD,5.2,0.17,0.33,10.0
N20003485,NEWTOWNARDS,STRANGFORD,9.0,0.17,0.357,10.5
N20003486,NEWTOWNARDS,STRANGFORD,10.3,0.17,0.366,10.7
N20003487,NEWTOWNARDS,STRANGFORD,7.6,0.17,0.347,10.3
N20003488,NEWTOWNARDS,STRANGFORD,8.0,0.17,0.35,10.4
N20003489,NEWTOWNARDS,STRANGFORD,9.9,0.17,0.363,10.6
N20003490,NEWTOWNARDS,STRANGFORD,8.3,0.17,0.352,10.4
N20003491,NEWTOWNARDS,STRANGFORD,8.4,0.17,0.352,10.4
N20003492,NEWTOWNARDS,STRANGFORD,8.2,0.17,0.351,10.4
N20003493,NEWTOWNARDS,STRANGFORD,10.3,0.17,0.366,10.7
N20003494,NEWTOWNARDS,STRANGFORD,8.7,0.17,0.355,10.5
N20003495,NEWTOWNARDS,STRANGFORD,12.7,0.17,0.383,11.0
N20003496,NEWTOWNARDS,STRANGFORD,9.8,0.17,0.362,10.6
N20003497,NEWTOWNARDS,STRANGFORD,4.6,0.17,0.326,9.9
N20003498,NEWTOWNARDS,STRANGFORD,13.0,0.17,0.385,11.0
N20003499,NEWTOWNARDS,STRANGFORD,17.7,0.17,0.418,11.6
N20003500,NEWTOWNARDS,STRANGFORD,18.2,0.17,0.422,11.7
N20003501,NEWTOWNARDS,STRANGFORD,8.7,0.17,0.355,10.5
N20003502,NEWTOWNARDS,STRANGFORD,10.6,0.17,0.368,10.7
N20003503,NEWTOWNARDS,STRANGFORD,22.5,0.17,0.452,12.3
N20003504,NEWTOWNARDS,STRANGFORD,17.6,0.17,0.417,11.6
N20003505,NEWTOWNARDS,STRANGFORD,9.3,0.17,0.359,10.5
N20003506,NEWTOWNARDS,STRANGFORD,10.2,0.17,0.365,10.6
N20003508,NEWTOWNARDS,STRANGFORD,9.6,0.17,0.361,10.6
N20003509,NEWTOWNARDS,STRANGFORD,7.7,0.17,0.347,10.3
N20003510,NEWTOWNARDS,STRANGFORD,12.3,0.17,0.38,10.9
N20003511,NEWTOWNARDS,STRANGFORD,8.9,0.17,0.356,10.5
N20003512,NEWTOWNARDS,STRANGFORD,7.4,0.17,0.345,10.3
N20003513,NEWTOWNARDS,STRANGFORD,11.8,0.17,0.376,10.9
N20003514,NEWTOWNARDS,STRANGFORD,7.9,0.17,0.349,10.4
N20003515,NEWTOWNARDS,STRANGFORD,5.1,0.17,0.329,10.0
N20003516,NEWTOWNARDS,STRANGFORD,8.7,0.17,0.355,10.5
N20003517,NEWTOWNARDS,STRANGFORD,6.4,0.17,0.338,10.2
N20003518,NEWTOWNARDS,STRANGFORD,13.7,0.17,0.39,11.1
N20003519,NEWTOWNARDS,STRANGFORD,9.4,0.17,0.359,10.5
N20003520,NEWTOWNARDS,STRANGFORD,6.1,0.17,0.336,10.1
N20003521,NEWTOWNARDS,STRANGFORD,9.4,0.17,0.359,10.5
N20003522,NEWTOWNARDS,STRANGFORD,12.0,0.17,0.378,10.9
N20003523,NEWTOWNARDS,STRANGFORD,5.1,0.17,0.329,10.0
N20003524,NEWTOWNARDS,STRANGFORD,10.1,0.17,0.364,10.6
N20003525,NEWTOWNARDS,STRANGFORD,10.0,0.17,0.364,10.6
N20003526,NEWTOWNARDS,STRANGFORD,9.2,0.17,0.358,10.5
N20003527,NEWTOWNARDS,STRANGFORD,8.1,0.17,0.35,10.4
N20003528,NEWTOWNARDS,STRANGFORD,5.4,0.17,0.331,10.0
N20003529,NEWTOWNARDS,STRANGFORD,16.5,0.17,0.41,11.5
N20003530,NEWTOWNARDS,STRANGFORD,3.5,0.17,0.318,9.8
N20003531,NEWTOWNARDS,STRANGFORD,8.2,0.17,0.351,10.4
N20003532,NEWTOWNARDS,STRANGFORD,6.9,0.17,0.342,10.2
N20003533,NEWTOWNARDS,STRANGFORD,5.3,0.17,0.331,10.0
N20003534,NEWTOWNARDS,STRANGFORD,7.3,0.17,0.345,10.3
N20003535,NEWTOWNARDS,STRANGFORD,7.9,0.17,0.349,10.4
N20003536,NEWTOWNARDS,STRANGFORD,5.5,0.17,0.332,10.1
N20003537,HOLYWOOD AND CLANDEBOYE,NORTH DOWN,14.7,0.495,0.635,16.0
N20003538,HOLYWOOD AND CLANDEBOYE,NORTH DOWN,15.6,0.495,0.639,16.1
N20003539,HOLYWOOD AND CLANDEBOYE,NORTH DOWN,25.0,0.495,0.679,16.9
N20003540,HOLYWOOD AND CLANDEBOYE,NORTH DOWN,15.4,0.495,0.638,16.0
N20003541,HOLYWOOD AND CLANDEBOYE,NORTH DOWN,7.9,0.495,0.606,15.4
N20003542,HOLYWOOD AND CLANDEBOYE,NORTH DOWN,8.1,0.495,0.607,15.4
N20003543,HOLYWOOD AND CLANDEBOYE,NORTH DOWN,10.5,0.495,0.617,15.6
N20003544,HOLYWOOD AND CLANDEBOYE,NORTH DOWN,21.9,0.495,0.666,16.6
N20003545,HOLYWOOD AND CLANDEBOYE,NORTH DOWN,18.9,0.495,0.653,16.4
N20003546,HOLYWOOD AND CLANDEBOYE,NORTH DOWN,13.8,0.495,0.631,15.9
N20003547,HOLYWOOD AND CLANDEBOYE,NORTH DOWN,16.3,0.495,0.642,16.1
N20003548,HOLYWOOD AND CLANDEBOYE,NORTH DOWN,19.7,0.495,0.656,16.4
N20003549,HOLYWOOD AND CLANDEBOYE,NORTH DOWN,24.9,0.495,0.679,16.9
N20003550,HOLYWOOD AND CLANDEBOYE,NORTH DOWN,23.0,0.495,0.67,16.7
N20003551,HOLYWOOD AND CLANDEBOYE,NORTH DOWN,23.5,0.495,0.673,16.8
N20003552,HOLYWOOD AND CLANDEBOYE,NORTH DOWN,25.3,0.495,0.68,16.9
N20003553,HOLYWOOD AND CLANDEBOYE,NORTH DOWN,30.3,0.495,0.702,17.4
N20003554,HOLYWOOD AND CLANDEBOYE,NORTH DOWN,11.8,0.495,0.623,15.7
N20003555,HOLYWOOD AND CLANDEBOYE,NORTH DOWN,20.0,0.495,0.658,16.5
N20003556,HOLYWOOD AND CLANDEBOYE,NORTH DOWN,14.4,0.495,0.634,16.0
N20003557,HOLYWOOD AND CLANDEBOYE,NORTH DOWN,12.5,0.495,0.626,15.8
N20003558,HOLYWOOD AND CLANDEBOYE,NORTH DOWN,27.6,0.495,0.69,17.1
N20003559,HOLYWOOD AND CLANDEBOYE,NORTH DOWN,31.1,0.495,0.705,17.5
N20003560,HOLYWOOD AND CLANDEBOYE,NORTH DOWN,24.9,0.495,0.679,16.9
N20003561,HOLYWOOD AND CLANDEBOYE,NORTH DOWN,35.5,0.495,0.724,17.9
N20003562,HOLYWOOD AND CLANDEBOYE,NORTH DOWN,8.7,0.495,0.609,15.5
N20003563,HOLYWOOD AND CLANDEBOYE,NORTH DOWN,29.7,0.495,0.699,17.3
N20003564,HOLYWOOD AND CLANDEBOYE,NORTH DOWN,27.5,0.495,0.69,17.1
N20003565,HOLYWOOD AND CLANDEBOYE,NORTH DOWN,27.3,0.495,0.689,17.1
N20003566,HOLYWOOD AND CLANDEBOYE,NORTH DOWN,28.9,0.495,0.696,17.3
N20003567,HOLYWOOD AND CLANDEBOYE,NORTH DOWN,29.3,0.495,0.697,17.3
N20003568,HOLYWOOD AND CLANDEBOYE,NORTH DOWN,6.6,0.495,0.6,15.3
N20003569,HOLYWOOD AND CLANDEBOYE,NORTH DOWN,12.9,0.495,0.627,15.8
N20003570,HOLYWOOD AND CLANDEBOYE,NORTH DOWN,27.9,0.495,0.691,17.2
N20003571,HOLYWOOD AND CLANDEBOYE,NORTH DOWN,21.9,0.495,0.666,16.6
N20003572,HOLYWOOD AND CLANDEBOYE,NORTH DOWN,5.3,0.495,0.595,15.1
N20003573,HOLYWOOD AND CLANDEBOYE,NORTH DOWN,25.8,0.495,0.682,17.0
N20003574,HOLYWOOD AND CLANDEBOYE,NORTH DOWN,27.0,0.495,0.688,17.1
N20003575,HOLYWOOD AND CLANDEBOYE,NORTH DOWN,25.4,0.495,0.681,17.0
N20003576,HOLYWOOD AND CLANDEBOYE,NORTH DOWN,19.6,0.495,0.656,16.4
N20003577,HOLYWOOD AND CLANDEBOYE,NORTH DOWN,22.8,0.495,0.67,16.7
N20003578,BANGOR WEST,NORTH DOWN,15.5,0.95,0.934,22.4
N20003579,BANGOR WEST,NORTH DOWN,15.7,0.95,0.935,22.4
N20003580,BANGOR WEST,NORTH DOWN,21.5,0.95,0.939,22.5
N20003581,BANGOR WEST,NORTH DOWN,28.2,0.95,0.944,22.7
N20003582,BANGOR WEST,NORTH DOWN,17.8,0.95,0.936,22.5
N20003583,BANGOR WEST,NORTH DOWN,36.8,0.95,0.951,22.8
N20003585,BANGOR WEST,NORTH DOWN,14.4,0.95,0.934,22.4
N20003586,BANGOR WEST,NORTH DOWN,32.6,0.95,0.948,22.7
N20003587,BANGOR WEST,NORTH DOWN,14.5,0.95,0.934,22.4
N20003588,BANGOR WEST,NORTH DOWN,14.6,0.95,0.934,22.4
N20003589,BANGOR WEST,NORTH DOWN,17.5,0.95,0.936,22.5
N20003590,BANGOR WEST,NORTH DOWN,25.9,0.95,0.943,22.6
N20003591,BANGOR WEST,NORTH DOWN,16.5,0.95,0.935,22.5
N20003592,BANGOR WEST,NORTH DOWN,16.9,0.95,0.936,22.5
N20003593,BANGOR WEST,NORTH DOWN,18.4,0.95,0.937,22.5
N20003594,BANGOR WEST,NORTH DOWN,12.2,0.95,0.932,22.4
N20003595,BANGOR WEST,NORTH DOWN,13.5,0.95,0.933,22.4
N20003596,BANGOR WEST,NORTH DOWN,15.0,0.95,0.934,22.4
N20003597,BANGOR WEST,NORTH DOWN,21.4,0.95,0.939,22.5
N20003598,BANGOR WEST,NORTH DOWN,12.9,0.95,0.932,22.4
N20003599,BANGOR WEST,NORTH DOWN,18.5,0.95,0.937,22.5
N20003600,BANGOR WEST,NORTH DOWN,14.1,0.95,0.933,22.4
N20003601,BANGOR WEST,NORTH DOWN,16.1,0.95,0.935,22.4
N20003602,BANGOR WEST,NORTH DOWN,17.8,0.95,0.936,22.5
N20003603,BANGOR WEST,NORTH DOWN,13.4,0.95,0.933,22.4
N20003605,BANGOR WEST,NORTH DOWN,15.0,0.95,0.934,22.4
N20003606,BANGOR WEST,NORTH DOWN,15.0,0.95,0.934,22.4
N20003607,BANGOR WEST,NORTH DOWN,3.9,0.95,0.925,22.2
N20003608,BANGOR WEST,NORTH DOWN,7.2,0.95,0.928,22.3
N20003609,BANGOR WEST,NORTH DOWN,3.1,0.95,0.925,22.2
N20003610,BANGOR WEST,NORTH DOWN,14.1,0.95,0.933,22.4
N20003611,BANGOR WEST,NORTH DOWN,12.0,0.95,0.932,22.4
N20003613,BANGOR WEST,NORTH DOWN,12.1,0.95,0.932,22.4
N20003615,BANGOR WEST,NORTH DOWN,11.1,0.95,0.931,22.4
N20003616,BANGOR WEST,NORTH DOWN,6.4,0.95,0.927,22.3
N20003617,BANGOR WEST,NORTH DOWN,8.4,0.95,0.929,22.3
N20003618,BANGOR WEST,NORTH DOWN,5.4,0.95,0.927,22.3
N20003619,BANGOR WEST,NORTH DOWN,15.8,0.95,0.935,22.4
N20003620,BANGOR WEST,NORTH DOWN,15.2,0.95,0.934,22.4
N20003622,BANGOR CENTRAL,NORTH DOWN,10.0,0.755,0.795,19.4
N20003623,BANGOR CENTRAL,NORTH DOWN,13.0,0.755,0.802,19.5
N20003624,BANGOR CENTRAL,NORTH DOWN,20.5,0.755,0.819,19.9
N20003625,BANGOR CENTRAL,NORTH DOWN,9.4,0.755,0.794,19.4
N20003626,BANGOR CENTRAL,NORTH DOWN,14.7,0.755,0.806,19.6
N20003627,BANGOR CENTRAL,NORTH DOWN,12.1,0.755,0.8,19.5
N20003628,BANGOR CENTRAL,NORTH DOWN,21.6,0.755,0.821,20.0
N20003629,BANGOR CENTRAL,NORTH DOWN,14.2,0.755,0.805,19.6
N20003631,BANGOR CENTRAL,NORTH DOWN,19.2,0.755,0.816,19.8
N20003632,BANGOR CENTRAL,NORTH DOWN,23.1,0.755,0.825,20.0
N20003634,BANGOR CENTRAL,NORTH DOWN,11.4,0.755,0.798,19.5
N20003635,BANGOR CENTRAL,NORTH DOWN,11.7,0.755,0.799,19.5
N20003636,BANGOR CENTRAL,NORTH DOWN,18.4,0.755,0.814,19.8
N20003637,BANGOR CENTRAL,NORTH DOWN,15.8,0.755,0.808,19.7
N20003638,BANGOR CENTRAL,NORTH DOWN,13.9,0.755,0.804,19.6
N20003639,BANGOR CENTRAL,NORTH DOWN,10.1,0.755,0.795,19.4
N20003640,BANGOR CENTRAL,NORTH DOWN,28.5,0.755,0.837,20.3
N20003641,BANGOR CENTRAL,NORTH DOWN,15.6,0.755,0.808,19.7
N20003642,BANGOR CENTRAL,NORTH DOWN,27.6,0.755,0.835,20.3
N20003643,BANGOR CENTRAL,NORTH DOWN,9.3,0.755,0.793,19.4
N20003644,BANGOR CENTRAL,NORTH DOWN,13.1,0.755,0.802,19.5
N20003645,BANGOR CENTRAL,NORTH DOWN,11.5,0.755,0.798,19.5
N20003646,BANGOR CENTRAL,NORTH DOWN,7.4,0.755,0.789,19.3
N20003647,BANGOR CENTRAL,NORTH DOWN,16.6,0.755,0.81,19.7
N20003648,BANGOR CENTRAL,NORTH DOWN,10.8,0.755,0.797,19.4
N20003649,BANGOR CENTRAL,NORTH DOWN,17.4,0.755,0.812,19.8
N20003650,BANGOR CENTRAL,NORTH DOWN,9.9,0.755,0.795,19.4
N20003652,BANGOR CENTRAL,NORTH DOWN,13.9,0.755,0.804,19.6
N20003653,BANGOR CENTRAL,NORTH DOWN,10.5,0.755,0.796,19.4
N20003654,BANGOR CENTRAL,NORTH DOWN,11.1,0.755,0.798,19.5
N20003655,BANGOR CENTRAL,NORTH DOWN,9.2,0.755,0.793,19.4
N20003656,BANGOR CENTRAL,NORTH DOWN,8.4,0.755,0.791,19.3
N20003657,BANGOR CENTRAL,NORTH DOWN,10.4,0.755,0.796,19.4
N20003658,BANGOR CENTRAL,NORTH DOWN,8.1,0.755,0.791,19.3
N20003660,BANGOR CENTRAL,NORTH DOWN,7.1,0.755,0.788,19.3
N20003661,BANGOR CENTRAL,NORTH DOWN,10.7,0.755,0.797,19.4
N20003662,BANGOR CENTRAL,NORTH DOWN,6.4,0.755,0.787,19.2
N20003663,BANGOR CENTRAL,NORTH DOWN,14.2,0.755,0.805,19.6
N20003664,BANGOR CENTRAL,NORTH DOWN,6.2,0.755,0.786,19.2
N20003665,BANGOR CENTRAL,NORTH DOWN,9.5,0.755,0.794,19.4
N20003666,BANGOR CENTRAL,NORTH DOWN,5.0,0.755,0.784,19.2
N20003667,BANGOR CENTRAL,NORTH DOWN,9.6,0.755,0.794,19.4
N20003668,BANGOR CENTRAL,NORTH DOWN,6.2,0.755,0.786,19.2
N20003669,BANGOR CENTRAL,NORTH DOWN,11.5,0.755,0.798,19.5
N20003670,BANGOR CENTRAL,NORTH DOWN,9.1,0.755,0.793,19.4
N20003671,BANGOR CENTRAL,NORTH DOWN,13.3,0.755,0.803,19.6
N20003672,BANGOR CENTRAL,NORTH DOWN,9.2,0.755,0.793,19.4
N20003673,BANGOR CENTRAL,NORTH DOWN,8.1,0.755,0.791,19.3
N20003675,BANGOR CENTRAL,NORTH DOWN,8.7,0.755,0.792,19.3
N20003676,BANGOR CENTRAL,NORTH DOWN,12.1,0.755,0.8,19.5
N20003677,BANGOR CENTRAL,NORTH DOWN,8.4,0.755,0.791,19.3
N20003678,BANGOR CENTRAL,NORTH DOWN,11.9,0.755,0.799,19.5
N20003680,BANGOR EAST AND DONAGHADEE,NORTH DOWN,8.7,0.765,0.799,19.5
N20003682,BANGOR EAST AND DONAGHADEE,NORTH DOWN,7.0,0.765,0.795,19.4
N20003683,BANGOR EAST AND DONAGHADEE,NORTH DOWN,7.4,0.765,0.796,19.4
N20003684,BANGOR EAST AND DONAGHADEE,NORTH DOWN,8.4,0.765,0.798,19.5
N20003686,BANGOR EAST AND DONAGHADEE,NORTH DOWN,12.6,0.765,0.808,19.7
N20003687,BANGOR EAST AND DONAGHADEE,NORTH DOWN,9.0,0.765,0.8,19.5
N20003688,BANGOR EAST AND DONAGHADEE,NORTH DOWN,5.0,0.765,0.791,19.3
N20003689,BANGOR EAST AND DONAGHADEE,NORTH DOWN,9.3,0.765,0.8,19.5
N20003690,BANGOR EAST AND DONAGHADEE,NORTH DOWN,6.7,0.765,0.795,19.4
N20003691,BANGOR EAST AND DONAGHADEE,NORTH DOWN,8.1,0.765,0.798,19.5
N20003692,BANGOR EAST AND DONAGHADEE,NORTH DOWN,5.3,0.765,0.792,19.3
N20003694,BANGOR EAST AND DONAGHADEE,NORTH DOWN,9.9,0.765,0.802,19.5
N20003695,BANGOR EAST AND DONAGHADEE,NORTH DOWN,11.3,0.765,0.805,19.6
N20003696,BANGOR EAST AND DONAGHADEE,NORTH DOWN,10.6,0.765,0.803,19.6
N20003697,BANGOR EAST AND DONAGHADEE,NORTH DOWN,9.2,0.765,0.8,19.5
N20003698,BANGOR EAST AND DONAGHADEE,NORTH DOWN,9.3,0.765,0.8,19.5
N20003699,BANGOR EAST AND DONAGHADEE,NORTH DOWN,12.5,0.765,0.807,19.7
N20003700,BANGOR EAST AND DONAGHADEE,NORTH DOWN,8.9,0.765,0.8,19.5
N20003701,BANGOR EAST AND DONAGHADEE,NORTH DOWN,12.0,0.765,0.806,19.6
N20003703,BANGOR EAST AND DONAGHADEE,NORTH DOWN,11.3,0.765,0.805,19.6
N20003704,BANGOR EAST AND DONAGHADEE,NORTH DOWN,5.6,0.765,0.792,19.3
N20003705,BANGOR EAST AND DONAGHADEE,NORTH DOWN,10.4,0.765,0.803,19.6
N20003706,BANGOR EAST AND DONAGHADEE,NORTH DOWN,9.3,0.765,0.8,19.5
N20003707,BANGOR EAST AND DONAGHADEE,NORTH DOWN,9.1,0.765,0.8,19.5
N20003708,BANGOR EAST AND DONAGHADEE,NORTH DOWN,12.3,0.765,0.807,19.7
N20003709,BANGOR EAST AND DONAGHADEE,NORTH DOWN,11.5,0.765,0.805,19.6
N20003710,BANGOR EAST AND DONAGHADEE,NORTH DOWN,15.3,0.765,0.814,19.8
N20003711,BANGOR EAST AND DONAGHADEE,NORTH DOWN,9.5,0.765,0.801,19.5
N20003712,BANGOR EAST AND DONAGHADEE,NORTH DOWN,10.2,0.765,0.802,19.6
N20003714,BANGOR EAST AND DONAGHADEE,NORTH DOWN,5.5,0.765,0.792,19.3
N20003715,BANGOR EAST AND DONAGHADEE,NORTH DOWN,7.8,0.765,0.797,19.4
N20003716,BANGOR EAST AND DONAGHADEE,NORTH DOWN,9.9,0.765,0.802,19.5
N20003717,BANGOR EAST AND DONAGHADEE,NORTH DOWN,11.4,0.765,0.805,19.6
N20003718,BANGOR EAST AND DONAGHADEE,NORTH DOWN,9.9,0.765,0.802,19.5
N20003719,BANGOR EAST AND DONAGHADEE,NORTH DOWN,12.8,0.765,0.808,19.7
N20003720,BANGOR EAST AND DONAGHADEE,NORTH DOWN,4.6,0.765,0.79,19.3
N20003721,BANGOR EAST AND DONAGHADEE,NORTH DOWN,8.0,0.765,0.798,19.5
N20003723,BANGOR EAST AND DONAGHADEE,NORTH DOWN,3.6,0.765,0.788,19.2
N20003724,BANGOR EAST AND DONAGHADEE,NORTH DOWN,5.1,0.765,0.791,19.3
N20003725,BANGOR EAST AND DONAGHADEE,NORTH DOWN,5.7,0.765,0.792,19.3
N20003726,BANGOR EAST AND DONAGHADEE,NORTH DOWN,4.7,0.765,0.79,19.3
N20003728,BANGOR EAST AND DONAGHADEE,NORTH DOWN,5.7,0.765,0.792,19.3
N20003729,BANGOR EAST AND DONAGHADEE,NORTH DOWN,7.4,0.765,0.796,19.4
N20003730,ARDS PENINSULA,NORTH DOWN,5.0,0.05,0.268,9.0
N20003731,ARDS PENINSULA,STRANGFORD,6.2,0.05,0.245,8.6
N20003732,ARDS PENINSULA,NORTH DOWN,6.1,0.05,0.276,9.1
N20003735,ARDS PENINSULA,NORTH DOWN,2.6,0.05,0.249,8.7
N20003737,ARDS PENINSULA,STRANGFORD,4.2,0.05,0.229,8.4
N20003738,ARDS PENINSULA,STRANGFORD,6.0,0.05,0.244,8.6
N20003739,ARDS PENINSULA,STRANGFORD,9.4,0.05,0.271,9.0
N20003740,ARDS PENINSULA,STRANGFORD,4.2,0.05,0.229,8.4
N20003741,ARDS PENINSULA,STRANGFORD,3.2,0.05,0.221,8.3
N20003742,ARDS PENINSULA,STRANGFORD,4.6,0.05,0.232,8.5
N20003743,ARDS PENINSULA,STRANGFORD,5.9,0.05,0.243,8.6
N20003744,ARDS PENINSULA,STRANGFORD,10.0,0.05,0.276,9.1
N20003745,ARDS PENINSULA,STRANGFORD,1.7,0.05,0.209,8.1
N20003746,ARDS PENINSULA,STRANGFORD,6.6,0.05,0.249,8.7
N20003747,ARDS PENINSULA,STRANGFORD,5.7,0.05,0.241,8.6
N20003749,ARDS PENINSULA,STRANGFORD,5.6,0.05,0.24,8.6
N20003750,ARDS PENINSULA,STRANGFORD,2.9,0.05,0.219,8.3
N20003751,ARDS PENINSULA,STRANGFORD,1.2,0.05,0.205,8.1
N20003752,ARDS PENINSULA,STRANGFORD,6.1,0.05,0.244,8.6
N20003753,ARDS PENINSULA,STRANGFORD,6.2,0.05,0.245,8.6
N20003754,ARDS PENINSULA,STRANGFORD,5.4,0.05,0.239,8.6
N20003755,ARDS PENINSULA,STRANGFORD,10.6,0.05,0.281,9.2
N20003756,ARDS PENINSULA,STRANGFORD,49.8,0.05,0.596,15.2
N20003757,ARDS PENINSULA,STRANGFORD,7.4,0.05,0.255,8.8
N20003758,ARDS PENINSULA,STRANGFORD,5.1,0.05,0.236,8.5
N20003759,ARDS PENINSULA,STRANGFORD,63.5,0.05,0.706,17.5
N20003761,ARDS PENINSULA,STRANGFORD,25.0,0.05,0.397,11.2
N20003762,ARDS PENINSULA,STRANGFORD,4.1,0.05,0.228,8.4
N20003764,ARDS PENINSULA,STRANGFORD,0.9,0.05,0.203,8.0
N20003766,ARDS PENINSULA,STRANGFORD,5.1,0.05,0.236,8.5
N20003767,ARDS PENINSULA,STRANGFORD,17.1,0.05,0.333,10.1
N20003768,ARDS PENINSULA,STRANGFORD,5.1,0.05,0.236,8.5
N20003769,ARDS PENINSULA,STRANGFORD,33.0,0.05,0.461,12.5
N20003770,ARDS PENINSULA,STRANGFORD,20.5,0.05,0.36,10.6
N20003771,ARDS PENINSULA,STRANGFORD,48.6,0.05,0.586,15.0
N20003772,ARDS PENINSULA,STRANGFORD,31.4,0.05,0.448,12.2
N20003773,ARDS PENINSULA,STRANGFORD,64.6,0.05,0.715,17.7
N20003774,ARDS PENINSULA,STRANGFORD,56.7,0.05,0.652,16.3
N20003776,ARDS PENINSULA,STRANGFORD,90.0,0.05,0.92,22.1
N20003777,ARDS PENINSULA,STRANGFORD,88.4,0.05,0.907,21.8
N20003779,ARDS PENINSULA,STRANGFORD,77.5,0.05,0.819,19.9
N20003780,ARDS PENINSULA,STRANGFORD,60.3,0.05,0.681,16.9
