,DUP,Sinn Féin,UUP,SDLP,Alliance,TUV,Green,PBP,Aontú,Independent,Other
N20000001,44.00843839325224,1.9287802119634287,35.17609000004591,3.0482362005797485,15.83845519325192,2.0250286154837506e-10,1.0687548896259599e-10,1.072350058917669e-10,2.0626763636597635e-10,1.3537943639016717e-10,1.4849527143876422e-10
N20000002,29.230245457197046,2.6144254520268624,42.92140048774849,1.0786858669349442,24.155242733201163,1.222527728618354e-09,4.41478631791494e-10,2.1288190837236345e-10,3.1159097904991847e-10,1.8929088179206797e-10,5.137374723927767e-10
N20000003,37.36393964235488,3.440685717118156,40.84292412936657,1.1445851938733254,17.207865314305966,9.683138740832472e-10,4.520399413923124e-10,1.510653610685429e-10,3.6625889408990185e-10,4.3649527518881197e-10,6.069149057792388e-10
N20000004,37.82416850925293,3.4580873148308147,15.956316356309078,6.381625893202402,36.37980192452594,1.2407525956746643e-10,4.1988223383479005e-10,6.356613896910756e-11,3.4177928164195246e-10,7.530845050268416e-10,1.7644902268388676e-10
N20000005,35.44032803170923,0.8543129543743369,44.339438005828605,5.267829705211835,14.098091301233886,1.5613824186044284e-10,1.48413679664931e-10,1.409855168649132e-10,2.702402358776976e-10,7.631132246114514e-10,1.632279998166334e-10
N20000006,33.320679291726336,6.016752410443557,24.883719276905296,1.7956514401015529,33.98319757722727,6.362736363911995e-10,1.30365274983857e-09,3.425288017811412e-10,6.523134584090063e-10,2.545484755785525e-10,4.0666970366825853e-10
N20000007,12.801055985716845,49.59189155637752,17.535848989748224,14.12081565557183,5.950387811120159,2.1072229911133136e-10,2.1615749303015895e-10,2.1135976130561032e-10,4.530072300366778e-10,1.2246142310190993e-10,2.517187072125557e-10
N20000008,26.29641133828333,26.400694832018317,21.462761976776928,13.149333068837116,12.690798782714735,2.481088606698248e-10,2.578402835821955e-10,9.411593427010714e-11,3.4019524546495056e-10,2.1508446211525224e-10,2.142280724399555e-10
N20000009,26.168833775649013,1.8785267227343714,58.46523998489764,1.1467588808110865,12.340640635010761,1.3388305411637756e-10,1.422518604214136e-10,4.9833721457883515e-11,2.010399313763146e-10,1.7625403028881683e-10,1.9387041934713507e-10
N20000010,38.48817699984486,0.9246416691963463,27.699486242386133,1.8650312048478213,31.022663882159048,4.2344907085213744e-10,3.0332655886160825e-10,7.894657978742623e-11,2.5232237739899045e-10,3.593764715780225e-10,1.4836302991550696e-10
N20000011,40.20871506048426,36.07179730317931,14.899049444694581,0.9137980197698212,7.906640167073715,1.6270987437044484e-10,1.3968194653513157e-09,8.960444781265518e-10,4.41563768293199e-10,4.920328750198558e-10,1.4091441815736244e-09
N20000012,31.059003010305542,1.8555305846432926,8.208961561710872,0.22343847909862968,58.653066359367514,8.747634124967508e-10,2.5750095314899346e-09,6.063587285767729e-11,2.037042741617348e-10,2.347023605458271e-10,9.253434041805232e-10
N20000013,37.58326774645754,16.08214932883031,35.682694621524256,2.2556267636182343,8.396261534612817,1.2525509130428371e-09,9.875013975815046e-10,1.6898589902165243e-10,3.3356452192257103e-10,1.152468948843874e-09,1.061765175001392e-09
N20000014,36.99428128274256,13.819063394350103,32.997139540731986,3.566366498389812,12.62314927773388,2.5095982299296047e-10,1.15746772081579e-09,6.620819138280214e-10,7.174503852714818e-10,2.4750439383910207e-09,7.886452550417478e-10
N20000015,30.625718453828675,58.926503462509984,2.3551795821269375,5.593241452832,2.4993570466321535,9.282768979768226e-11,2.013613672238636e-10,8.301638851214355e-10,3.5289897333793454e-10,1.7944410559670006e-10,4.1354853144306523e-10
N20000016,38.77074568357304,17.658966504008315,23.59968754266655,1.726349493925259,18.244250771163372,1.742745642927143e-10,2.246575489071572e-09,3.669157016040764e-10,5.244615483951952e-10,8.465934739365399e-10,5.046271012568745e-10
N20000017,31.47231611480366,24.35369748938034,10.662598763021123,3.3534287114998165,30.157958915090976,3.1642754353867645e-10,3.1804386358832805e-09,4.466711708768953e-10,8.708496895359011e-10,5.364852873574449e-10,8.532102404515539e-10
N20000018,14.595932785818388,24.203129294285326,34.324531849187615,19.697125998832295,7.179280069918792,6.080709136815489e-11,2.1838384253138484e-10,7.55021697764156e-10,5.21957769307148e-10,2.2327528694815447e-10,1.781177718808223e-10
N20000019,40.0440102740147,39.585207444607455,4.2832093588489855,0.10052656633489307,15.987046345132654,3.81710979960039e-10,5.375546621169786e-09,1.5033699828948143e-10,2.386154941741799e-10,2.0792759371231725e-10,4.707158771737229e-09
N20000020,59.21451994914128,14.440619855913406,8.378801078392527,2.294951121104875,15.671107991659792,1.5214128301377954e-10,9.140206214932793e-10,5.647298149093616e-10,5.097170575644686e-10,6.551499105149772e-10,9.923894389582836e-10
N20000021,24.572070042130076,5.071814452924177,39.57200415933554,17.30042007945339,13.483691263708447,4.463666247195542e-11,4.6397201711455285e-10,5.650223400475849e-10,4.771927373341554e-10,7.722529881831273e-10,1.2531195085453817e-10
N20000022,28.96565722667528,26.517729375091182,24.185907029909128,10.633355325252271,9.697351040763222,8.633746951352315e-11,3.33373555207757e-10,8.953258358301049e-10,7.474076162204608e-10,8.37116742860614e-11,1.6276061396930368e-10
N20000023,30.86106875994141,8.070555734661458,9.641412354520849,2.233595287578007,49.19336785977991,1.8848476057264795e-10,1.4175431935774108e-09,3.9292445435645547e-10,5.562874013948647e-10,3.1596333895188214e-10,6.471574497841855e-10
N20000024,24.59644282106317,38.15992428897068,14.62246373012929,15.780591073398147,6.840578083613772,3.256524102326975e-10,2.477596822500188e-10,9.520717103982765e-10,7.755304552517186e-10,2.210546344129512e-10,3.0289717469557364e-10
N20000025,36.228583161132875,3.5834200246891825,49.201643907881184,3.7123224713192267,7.274030433830765,3.315384748117907e-11,7.565574254053615e-11,4.4945931126306457e-10,3.4823681750044116e-10,1.608455715954954e-10,7.942570454161189e-11
N20000026,38.14985548411343,1.6575614610318017,32.65265897024201,1.7296540520126351,25.810270030580334,8.190638906067996e-10,2.9097767814110246e-10,5.467122029932997e-11,2.402529272328981e-10,3.872418288651955e-10,2.2758500482406315e-10
N20000027,37.784719239457196,2.43621229364865,49.73923212972058,0.6085544708029321,9.431281865195256,1.5956974830688376e-11,2.340146508212601e-10,3.7249304625276834e-10,2.9578351917243015e-10,1.5115044046504532e-10,1.0598815482491121e-10
N20000028,25.549288292063967,22.8667158911618,25.105225176134333,8.083429440125501,18.395341195550966,1.993648153297909e-10,1.3689632335780118e-09,3.8685275764416134e-10,8.143003881266861e-10,1.6950418795095452e-09,4.989162457851449e-10
N20000029,22.734852208175216,27.17662128843394,32.22425763888236,6.56020966813386,11.304059193378183,3.724938625380102e-10,5.692054311937572e-10,6.984180943544624e-10,5.382745246201446e-10,2.721320260827163e-10,5.459287146924625e-10
N20000030,42.35042580982165,1.0233377554237528,25.41469528691229,1.6013056537731953,29.610235491078917,7.421757730927305e-10,5.706188367755343e-10,1.652297428888697e-10,4.542299292926548e-10,7.608935259892715e-10,2.9704199647939467e-10
N20000031,25.575186379764443,1.7256192110117252,46.519488082120155,0.7157970580022054,25.463909267518307,2.5945680455472716e-10,2.8362209357107374e-10,1.7958879543599202e-10,2.1199017279092436e-10,9.472453982401674e-11,5.538035795746185e-10
N20000032,18.654561844657692,47.246359712764544,15.053845667436697,4.318444734974998,14.726788036876481,1.694955273671548e-10,7.452227220307633e-10,3.82700178887617e-10,9.535911064505465e-10,6.195861792116741e-10,4.1901390134162733e-10
N20000033,11.299908255380245,25.944732251978564,16.742624425556755,31.274783179966597,14.737951884984978,1.3547071210367897e-10,9.313049158919221e-10,1.2940532782020272e-10,5.85557330626124e-10,2.0608543463159125e-10,1.4504746472192608e-10
N20000034,20.901854048931888,25.023752232492175,32.42102910155837,16.320523554974212,5.332841060206401,1.1639054260257648e-10,1.9429981538532544e-10,2.7402105581053567e-10,6.160192540097441e-10,4.253758677153971e-10,2.1086170114437112e-10
N20000035,16.451846745007124,22.233614060917752,55.0693681368798,3.7708061381197395,2.474364918264856,2.324384493664685e-11,1.7187164386308206e-10,2.3867085020862025e-10,1.6396202317936314e-10,9.785078105322054e-11,1.1510783548458815e-10
N20000036,39.11156955308533,36.203752098795846,14.579495321788208,0.6999660760007606,9.405216943246064,4.586445341659561e-11,2.676212692631478e-09,1.9272008374955347e-09,6.881286623583281e-10,7.864886819667393e-10,9.598817781970764e-10
N20000037,63.335521695716814,22.917533269208523,8.208856563479095,0.4616031237350851,5.076485344292276,8.413394846676802e-11,4.313026887921531e-10,1.3346582440749684e-09,3.595529636511007e-10,1.0633114899132836e-10,1.2522426826480328e-09
N20000038,38.26592080910886,1.129809223250274,40.40454769930916,0.3949287196117819,19.804793547535336,2.594476651242896e-11,3.066715454861915e-10,4.0797554843691934e-10,1.870265571337997e-10,1.7733953498872945e-11,2.392207683790353e-10
N20000039,39.87102032863982,8.21082625902347,23.815636489203555,4.628505937260706,23.474010984197644,1.2686283233384647e-10,5.903275182252205e-10,2.1909041841700425e-10,1.9561189559916453e-10,9.393344080694853e-11,4.4898411852183035e-10
N20000040,37.078858536195085,33.68713807359219,24.410678989796256,2.6328578751188956,2.1904665231198894,3.7034510057341265e-11,5.165372195372599e-10,7.697365187935814e-10,3.322379794519589e-10,1.7745189902111294e-10,3.446879778722054e-10
N20000041,25.53563736096775,3.2159920553993873,55.74335615365751,1.2006539221602597,14.304360506760439,9.66922003559115e-11,2.3716748979319694e-10,1.956923460666336e-10,2.1080928698086527e-10,8.402280631285845e-11,2.3026675514703083e-10
N20000042,24.93872628982684,1.6451105635909204,65.41887654058917,0.3552699315068101,7.642016673850757,1.6621539566888716e-11,1.5935094079335135e-10,1.7153205134956232e-10,1.4604904752943142e-10,1.1967155038367901e-11,1.299863285247812e-10
N20000043,47.25715109411321,3.5585779105685806,36.23183722383979,0.5736539114456376,12.378779859278092,3.819762147636154e-11,2.212910925931883e-10,1.389129808265584e-10,1.9957105027693628e-10,2.5891480019559928e-11,1.308301186816727e-10
N20000044,43.099322135015335,0.690696306819517,25.737401443904513,0.8784781088129674,29.59410200400827,7.020838158639378e-11,2.986030657973742e-10,4.499259259140999e-10,3.09751961770348e-10,7.786911714157902e-11,2.3302755699272213e-10
N20000045,23.61760159661862,3.070616635466681,43.73472725075025,2.271479273692393,27.30557524189733,1.2056588579196314e-10,5.015319285188897e-10,2.5262133496016754e-10,2.7790367319266596e-10,1.6730930425300687e-10,2.548069102699432e-10
N20000046,53.97709278733694,16.803234688973458,13.695615817568527,0.2699934544916267,15.25406324815565,2.778005735331915e-10,6.955282317974797e-10,9.598980271452761e-10,3.1497543979165614e-10,3.9467888458360426e-11,1.1861351010305358e-09
N20000047,50.71619701406568,6.580147321433577,12.73403944445115,0.5926240939434797,29.376992123047323,1.7749108118228628e-10,1.069433224824481e-09,1.5979509296830276e-10,2.55101903794315e-10,3.772395646381187e-10,1.019747547894206e-09
N20000048,20.429600020914755,3.288899153288772,35.125818986104576,3.203472425471341,37.95220940130818,4.290158401429885e-10,8.392708095842487e-09,5.35392562972021e-10,5.024744524832628e-10,2.5017702142235656e-09,5.51023031156386e-10
N20000049,22.35921000011444,49.87611162619729,20.238022398282734,3.9997876529312486,3.5268683198729613,4.7139489517159265e-11,6.899276716124018e-10,8.355480529027274e-10,2.0877201653228819e-10,3.5475091545362324e-10,4.651892174300879e-10
N20000050,74.26100126950924,12.17275685647465,5.757374822092777,0.43009763514493726,7.3787694140328695,2.1046943822060483e-10,2.1486842388649668e-10,6.418577421348863e-10,2.256314393925255e-10,9.246911239905784e-11,1.3602352659114773e-09
N20000051,50.70883344079748,34.19688317983586,4.1789467652042775,1.2629131427504252,9.652423468000388,6.266671807832566e-11,4.3689152951134385e-10,1.2425946651345644e-09,3.7748411985915877e-10,8.859460429986646e-11,1.2033416002674027e-09
N20000052,56.6324552486689,11.774761658163882,13.159917192277026,0.553467793449373,17.879398103578865,2.6001677443448056e-10,7.881145742254819e-10,8.397229681079056e-10,3.958931382044954e-10,2.523045716266652e-10,1.3259064481387976e-09
N20000053,41.33573957613727,38.93421843387663,9.429332384394568,0.5731016637923353,9.727607936906212,5.871228440965034e-11,1.1214528405734973e-09,1.4153629631615525e-09,3.8885841972991197e-10,6.187441254501755e-10,1.2898681608265874e-09
N20000054,49.65899908037514,27.00402799129288,16.234083507331913,0.34980130288094513,6.753088115537902,3.3064751932779277e-10,3.4776919486604344e-10,5.15451476391252e-10,2.1871107664552042e-10,7.919414731282892e-11,1.0894573628780169e-09
N20000055,61.00309254804427,28.1392917517545,5.499132554696302,1.1562073793803553,4.202275755208127,1.8199235502198825e-10,6.14954175245748e-10,7.136372803435039e-09,5.1313513601415e-10,1.0459516202592277e-09,1.4240472174921806e-09
N20000056,52.64027926461079,38.25682376021624,4.692649658350703,0.2794588819421501,4.130788432041541,2.164060711868467e-10,3.759320783753309e-10,6.579929688753605e-10,2.90617340771743e-10,9.354387005680316e-11,1.2040839051912119e-09
N20000057,20.67948999430504,18.802118541412703,20.521822804373027,1.5026512755339532,38.49391737683664,1.2877553609027007e-10,4.3591663174086385e-09,5.223326518164001e-10,5.468367002995173e-10,5.498678724282399e-10,1.431649342508214e-09
N20000058,64.08952013319417,22.01181639423343,5.67687032298288,1.7196756554035606,6.502117489192781,1.0755813097384677e-10,4.165595562066107e-10,2.683401885038416e-09,4.319274098861139e-10,3.522677700966908e-10,1.0014707920718726e-09
N20000059,36.67117997264392,47.68567703687954,5.879243176887244,1.460634777730026,8.303265034146278,4.172467453119088e-11,3.835654611054837e-10,4.443364026283625e-10,1.7676349082308786e-10,4.022571362051216e-11,6.263701854707505e-10
N20000060,41.96194837892956,6.249513426320472,34.19887781757976,0.8243112376998917,16.765349138199177,1.6013402252890606e-10,1.510088467015846e-10,1.6642732434643575e-10,2.856048420165247e-10,1.4515859342474864e-10,3.6278714147313554e-10
N20000061,47.4122341247251,21.010574784328924,22.574024318006707,1.360363282142885,7.642803485700646,2.0754437420247346e-10,7.340944767428514e-10,2.057853773785187e-09,4.875033890504598e-10,5.8231370559539e-10,1.0264008564959184e-09
N20000062,52.46791768061464,33.12581088690231,7.644575520104575,1.0447423845531216,5.716953523802585,1.224664908949969e-10,5.286744869729924e-10,1.7718918795210141e-09,3.048984555079576e-10,2.1692242329177526e-10,1.077919202719196e-09
N20000063,34.76346633016851,26.991358685444595,28.110637956915486,1.253113417886336,8.881423608098574,5.236295197516046e-11,5.079846234905129e-10,1.3673831857679982e-10,1.3205018340175677e-10,4.3719731641617995e-11,6.136358808432519e-10
N20000064,27.537821900018837,8.252360868960073,41.88038073174099,2.1987214658530765,20.13071502969251,1.5750177018998656e-10,1.3843800912659537e-09,2.678481988776704e-10,3.0451432006890635e-10,9.616264548467091e-10,6.586648988199081e-10
N20000065,31.134222167536326,2.137698087885624,19.683482213509205,0.4199546417521195,46.624642881378094,3.44809204186141e-10,3.772526039046797e-09,1.402985268647228e-10,4.410046184417946e-10,2.2570047489036306e-09,9.829824051889848e-10
N20000066,51.574787930676116,35.4241585503921,5.68346327435211,1.1147068922579784,6.202883346039683,4.436701379635279e-11,1.0079120528336291e-09,1.3200177812925936e-09,4.679255941180375e-10,2.086426356081161e-09,1.3553617548547405e-09
N20000067,51.27076200433668,42.265874544272656,1.8335902661631782,0.9315635536697141,3.698209626475678,1.0158002917111629e-10,4.155333504990351e-10,2.7227109845581012e-09,3.7689012238976444e-10,3.4432653388296037e-10,1.1210497951766326e-09
N20000068,56.332276393926605,19.470464272669947,1.2536254662020632,0.23188390355618985,22.71174993404766,7.335973389246692e-10,9.01871600877441e-09,2.70943004167147e-09,5.787164663830491e-10,2.450204046802851e-09,1.410685616628765e-08
N20000069,33.57831138607527,5.129236248302433,48.53789965101046,2.6278417241055996,10.12671098968538,4.356292492204844e-11,1.2529834022347943e-10,1.855221544954088e-10,2.0181058233850605e-10,9.048224270399659e-11,1.741762090339406e-10
N20000070,26.338142471920666,3.2947091871737673,34.27757414193421,0.6841825400740029,35.40539165427542,3.3373079034003906e-10,1.6713776951281992e-09,5.729898003032387e-10,4.5648059914137975e-10,5.739695304943165e-10,1.0133697569856432e-09
N20000071,36.588719945075816,7.60835922588226,12.539455975269115,0.25236339946874753,43.01110145220306,4.642754218000886e-11,7.660820226821497e-10,2.410707311554944e-10,2.1910249654296207e-10,8.445826992856905e-11,7.438682549196531e-10
N20000072,32.3422985413698,1.8954974790512353,25.87526945327774,0.8902149391605373,38.99671958464976,1.6642065122606063e-10,9.251159295313149e-10,3.173913863604334e-10,3.685405135213001e-10,2.6521714781909133e-10,4.482337811205117e-10
N20000073,46.60989322325499,21.855944583650402,22.094120276276747,1.4278057318995645,8.012236182495744,2.432925119562517e-10,5.859134827721979e-10,5.092519747753315e-10,2.712520766669189e-10,2.768790286635131e-10,5.359512190268675e-10
N20000074,58.060335870558255,10.802465992944335,16.3724531381096,0.3062329551649442,14.45851203949888,4.6325198841416345e-10,4.78829497356723e-10,7.192468530438506e-10,3.1383543903749686e-10,9.875328294409899e-11,1.6500746303721291e-09
N20000075,24.214137218704526,4.682485533589921,63.87104619228117,0.7661668655470218,6.466164189426893,2.542683512182712e-11,8.06013083723996e-11,8.322514776350549e-11,1.100723234490066e-10,4.037150885715106e-11,1.1076591245214838e-10
N20000076,34.881372454225065,14.992345643967234,25.577492364036047,0.8240789656531655,23.72471057046219,8.240499352075764e-11,5.793805569757087e-10,1.547668078913911e-10,2.077377941484505e-10,3.63663200379099e-11,5.956665762456564e-10
N20000077,45.89747944211673,23.97400588476683,16.42419073925018,0.6830680221652969,13.021255909584454,2.373567845394347e-10,4.133178687401653e-10,2.5126509110979855e-10,1.7831837181015585e-10,4.5908417204266065e-11,9.90319446095595e-10
N20000078,52.560265200902364,32.13645650538703,9.340181193919527,0.9009678919788693,5.062129206274585,2.231683038918463e-10,1.4293260704176652e-10,1.7828317011912555e-10,1.3393880960717868e-10,4.649461044538344e-11,8.128099837164786e-10
N20000079,74.38087300317474,10.020139820153917,5.51739911227863,0.23341827436769452,9.848169786169734,2.3278844143459142e-10,3.6184180967247516e-10,1.1799113126525918e-09,3.118789886109481e-10,1.3392146807746824e-10,1.6349280676904722e-09
N20000080,29.64054025558192,2.0515917534358454,49.18742871993729,1.5249571315847343,17.59548213755743,1.6756697976226166e-10,4.381183701012348e-10,2.587214521195133e-10,2.951312177058538e-10,4.2948127563025434e-10,3.137475688097004e-10
N20000081,55.54304910537643,16.37592762604202,14.665492780054457,0.7796542944142851,12.635876192632864,1.0332987573590431e-10,3.862190460590323e-10,6.30927823387549e-11,1.617918715582973e-10,1.8662142788137118e-10,5.788985114651109e-10
N20000082,64.34438897892146,17.62835559782854,10.524764677617133,0.6637716840258897,6.8387190582557755,1.9250394797430747e-10,3.46597660501839e-10,9.800098816455157e-10,2.8383714117291063e-10,1.1161978379941121e-10,1.4366309373025126e-09
N20000083,41.19003162820879,7.957893843843207,6.984940729559644,0.10063772762156684,43.76649606803686,8.403166125170973e-11,5.908173416726113e-10,4.823532934670656e-11,1.4588327666339435e-10,1.7975487452954372e-10,1.6811952277012283e-09
N20000084,40.73644230256469,9.310714836149387,27.418271956410955,1.675371360930445,20.85919953452621,4.873634938387245e-10,2.90351891189937e-09,3.279168714096925e-10,4.915300066924899e-10,3.462216561427555e-09,1.7457773869274429e-09
N20000085,19.28625064565934,2.43260773990364,67.19659643971528,1.0394951887303698,10.045049985342974,6.540963078955508e-11,9.394050190556793e-11,1.9464839015746033e-10,1.4659473257207762e-10,2.834856938300847e-11,1.1945929488035808e-10
N20000086,43.04688689130253,0.7112194149400215,22.532752025335604,0.49108869134739536,33.2180529759447,2.0078636901881236e-10,2.610848481852987e-10,8.421135935135873e-11,1.964406411461543e-10,1.4471332719431147e-10,2.4251578083713033e-10
N20000087,35.428263184826136,1.8676432241974164,42.19088766527613,2.825155970150687,17.688049953590916,4.121898738736002e-10,3.2972992023938825e-10,1.6099430472082427e-10,3.039910931869344e-10,4.345605046564429e-10,3.1725279854287925e-10
N20000088,36.08511525321055,1.3678315007269635,42.41580857461114,0.6804993812650355,19.450745288750706,2.0889294211974344e-10,2.482098839065974e-10,4.15328551968731e-10,2.732670442936202e-10,9.876539121733676e-11,1.9113324301628218e-10
N20000089,33.88209003655237,2.3733790103345216,50.749605061126935,1.0116579420130072,11.983267948598588,1.8085388777992224e-10,3.148799231977448e-10,1.318369541282839e-10,2.4521139387698045e-10,2.710681908519374e-10,2.3073970594612252e-10
N20000090,38.07611590003929,0.8720005271079465,43.43354903735584,1.6673709633635645,15.950963570965158,1.3541720421875644e-10,1.6869050318952654e-10,3.5444102623926755e-10,2.4213803595507823e-10,1.584015169505449e-10,1.0909089759269197e-10
N20000091,33.97331172753118,2.1299705722600297,39.83182913682835,0.346245183538065,23.71864337936165,4.5464444978114434e-11,9.523420299061479e-11,6.053195732348382e-11,1.0663604692845637e-10,2.7385397382976104e-11,1.4548203293962533e-10
N20000092,33.897820498442165,1.0255950297409833,50.60034200276199,0.8732719709224925,13.602970497153036,8.861553746358335e-11,6.837128357502272e-11,2.9545860134642453e-10,2.0990098411633235e-10,1.1279770749447419e-10,2.0421371189209494e-10
N20000093,75.13300883099953,10.759683932176872,3.9201336536016824,1.090685213071807,9.09648836638092,4.645104887767718e-10,2.567453144741643e-10,1.2301564926749705e-09,3.1768321192072306e-10,2.0849055692928436e-10,1.2915898572088299e-09
N20000094,37.462749200406556,0.06183466995889165,18.00086958751859,0.10381923272729722,44.3707273085109,2.240495784436233e-11,3.1768761941829967e-10,8.903326295055903e-11,2.2190828255498472e-10,1.2794100430357845e-10,9.879490278457139e-11
N20000095,69.37594721930832,20.764125317972784,4.540244850711328,1.8093332050585336,3.51034940342134,8.302506966872432e-11,1.5344312820484129e-10,1.781607486665973e-09,3.575722744100223e-10,4.16605693282855e-10,7.354284355765542e-10
N20000096,32.83359884014039,7.577019862692451,52.67355208477207,2.074284879930769,4.84154433188419,7.922394575780615e-11,4.764380606056008e-11,1.7869276023013728e-10,1.2512711961082548e-10,2.6323878063026654e-11,1.2312286428550054e-10
N20000097,37.44845176106493,7.587478708309868,37.286797313764154,2.1438304022889074,15.533441806134768,4.532524067011365e-10,2.7444199373891426e-09,5.684712070208746e-10,4.390303250717689e-10,3.5063509198051365e-09,7.25854368448948e-10
N20000098,29.85632893735722,6.641721347875171,48.70174616331966,2.1283033833727547,12.6719001634378,1.703400823042592e-10,1.46796441701595e-09,3.471331154070215e-10,3.015558489943751e-10,1.9277514458862345e-09,4.2264722434727134e-10
N20000099,37.47949457871041,1.9511840583068298,36.61576356663177,1.34971568591991,22.603842107256973,1.8098851108046869e-10,7.051776977909979e-10,1.0012996632663757e-10,2.812868641310429e-10,1.6807964807590533e-09,2.2570839222779656e-10
N20000100,38.38269044745881,1.6137852746648622,33.66998913486658,1.710651858110292,24.622883281973735,1.285827651990443e-09,3.3173133333411455e-10,1.7500583698550619e-10,3.4437984687713806e-10,3.798431065299047e-10,4.089181567780017e-10
N20000101,23.266093274767435,0.9610308450400331,66.45368947858123,2.6921728322685285,6.627013568985738,5.4656576861863355e-11,1.781231563985891e-11,9.106017724025814e-11,9.145194554199064e-11,3.595888999134501e-11,6.610638285060719e-11
N20000102,55.80787726085187,3.5259536423161064,22.35771832402536,0.5992919831804608,17.709158788079748,7.133321147268117e-11,2.2719072009718953e-10,5.948193192167153e-10,2.4145475012451983e-10,7.067661459737943e-11,3.409798741686437e-10
N20000103,53.10172416311829,25.650895879921798,10.815502028411721,1.2231784922223992,9.208699433072416,2.0844792973473543e-10,8.712323427390744e-10,2.959046287880093e-10,2.114772591999595e-10,5.220224746029416e-10,1.1443049120891582e-09
N20000104,62.92903359273132,27.822276951046753,4.351091832225675,1.5938733839084414,3.3037242343834547,2.5562609171627846e-10,3.998704417631076e-10,3.171772916633821e-09,4.705455134254676e-10,5.988049322653681e-10,8.077286023749227e-10
N20000105,63.49038806869047,16.1077565518078,13.589010622979151,2.4544722575571662,4.358372497386888,5.72785917820883e-11,1.7224774507955025e-10,5.792832570561609e-10,1.9271225340366693e-10,1.1864731398427257e-10,4.583390005953987e-10
N20000106,41.672547693093456,1.2157636766136892,25.802193959734815,0.6498979223245615,30.65959674698663,1.0136786721407018e-10,2.2381946988202507e-10,1.4537898245013146e-10,1.9528948463597837e-10,1.6872260375151033e-10,4.1228346805114914e-10
N20000107,60.77473248839878,4.829149623166771,11.757806866238308,0.6831517169176643,21.95515930232996,3.431940911009107e-10,7.094701796712639e-10,4.2764634759983675e-10,3.160203380095102e-10,1.5117308029551899e-10,1.0009970996721137e-09
N20000108,68.620539070298,14.916649752114733,2.0778377211283066,1.4704471468302756,12.914526293560053,1.744731553398834e-10,2.550572901992484e-09,3.951580131752694e-09,5.643618011233865e-10,5.465608779931407e-09,3.362065885989538e-09
N20000109,26.32784487151788,0.3762556947339353,53.02517302139012,1.577756497993998,18.69296991318835,6.185057456748058e-11,1.4314704532130077e-10,1.3283014666262597e-10,2.2094398659604223e-10,3.675835729615576e-10,2.493565840307843e-10
N20000110,25.93439323814173,2.715002118836698,63.48914742352139,1.748892285492022,6.112564932819102,8.924745072004709e-11,1.940303478869347e-10,2.2924814197554547e-10,1.9316043684795272e-10,3.507704334683514e-10,1.3261465353229461e-10
N20000111,43.260091638475906,1.5387425749551706,25.107823562709214,0.49721430298608865,29.596127917767216,2.161642186592854e-10,7.642755895953601e-10,2.377908225456089e-10,2.502127223163282e-10,5.547461124603621e-10,1.0832197115219371e-09
N20000112,71.84859742392693,5.655611083348293,11.60502743736033,0.2844672206485021,10.606296829422067,2.447025001089789e-10,8.361102001002388e-10,4.040646740573452e-10,3.7676386764017973e-10,1.6133624909304709e-09,1.8188878945115192e-09
N20000113,53.06955620327016,1.2643447022641001,21.389536939958827,0.4302567223373031,23.846305429167312,1.2783085532924148e-10,6.691127699753747e-10,7.295121243730933e-10,3.64461817086829e-10,5.327932252297111e-10,5.785709583441125e-10
N20000114,32.26772206132067,1.1003775564613123,36.07522428635187,0.3350114202564551,30.22166467399775,2.2098965947938102e-10,3.2613608822253603e-10,1.623085443192311e-10,2.0540183788113267e-10,2.1227364217795189e-10,4.848463692165903e-10
N20000115,30.7595497218902,1.9116657695170534,45.7368402250424,0.6076683772299607,20.98427590516564,2.3472502716371014e-10,1.3885278706623835e-10,2.432113936210066e-10,1.8165417331156788e-10,2.899424371434933e-11,3.273115800653548e-10
N20000116,33.93527574557436,2.7626851015202014,13.898403457640512,0.15384268336208815,49.24979301003564,1.9757124850223025e-10,7.368793059272458e-10,3.1967083347165955e-11,1.8489149039361714e-10,1.7716803601596272e-10,5.387252114935753e-10
N20000117,35.63778731744126,0.36114579973813293,15.758309544523316,0.35549514663929777,47.88726218854418,4.788273983775572e-10,8.504885575378112e-10,5.517689845499181e-10,3.9659350766761464e-10,3.978135182393794e-10,4.383182309101573e-10
N20000118,51.674837884609424,3.412222354688235,31.09498106643771,1.4503831188816239,12.367575572204998,1.836399715454153e-10,3.143591747244791e-10,1.1088421617751362e-09,4.127333392206789e-10,5.764300909763516e-10,5.819859640696527e-10
N20000119,39.35754788622665,1.7863487632504824,17.47715585470023,0.4440898284466836,40.934857664875345,3.680124675718151e-10,8.212858086349796e-10,2.784473528941174e-10,2.721344498623045e-10,1.6413483807491299e-10,5.965868823534349e-10
N20000120,27.366884251435163,1.8144485699276358,53.432164509089795,1.6398621083728353,15.746640558858937,2.8182881926272727e-10,4.2065039251525743e-10,1.5811693623926032e-10,2.757832462107853e-10,8.304454533975855e-10,3.488119960155385e-10
N20000121,39.83057696750036,1.3867338635800541,19.636066481482466,0.8120666348758443,38.33455605039906,4.2145877435395274e-10,6.076818192760271e-10,1.1433289128648557e-10,3.08132271369295e-10,3.371740037249067e-10,3.734239656229138e-10
N20000122,27.559793800838463,0.5830427972499527,58.87387285479302,0.7164542975034004,12.266836247933679,2.6812107446346355e-10,2.7230537911783955e-10,1.9778536315139966e-10,2.8810008190102365e-10,4.581994776823726e-10,1.9696759776640938e-10
N20000123,25.437987330239004,0.08626828826177825,34.64568025884166,1.4698308140311902,38.36023330711748,2.931511331781242e-10,5.741135886917783e-10,1.0703716723279396e-10,1.8736776153301907e-10,2.8328040145265815e-10,6.394769943502703e-11
N20000124,29.00324610590174,0.5902881953765436,34.394134648751994,1.5763532979823116,34.43597775064916,1.525457684154871e-10,5.313046122427563e-10,1.6271254749471995e-10,1.9358979372346147e-10,1.6358349478711677e-10,1.3452498859841557e-10
N20000125,40.72250243194616,0.44682850917372896,21.86817522498164,0.37240133921799723,36.59009249181084,2.385506027895008e-10,7.241889182548133e-10,1.6499561886115681e-10,3.232401035052045e-10,8.884016149264905e-10,5.302474645719902e-10
N20000126,33.68610886806644,0.2967908951672729,34.668406068945295,6.449819386035842,24.577543421686915,4.36281369596689e-11,0.05824406518428431,1.5413552082966773e-10,1.8695098787683703e-10,3.2409029273939946e-11,0.2630872944968112
N20000127,50.02412085963817,4.538885984720925,24.38901580706695,0.4087342883193741,20.639243057335456,4.876310445156247e-10,5.432433699404088e-10,4.4204971433643314e-10,3.1728763742735526e-10,9.204124519290061e-11,1.0368818281777198e-09
N20000128,31.99257253821837,0.2841840739856752,32.129286716521165,1.0023038014343844,33.842522583720395,9.418402863243622e-11,0.17405236088304923,2.0876605977914895e-10,1.867950330266328e-10,2.380220630726389e-11,0.575077924723397
N20000129,74.64338878246113,8.463601822407906,4.881122613013135,0.9450677213859122,11.066819055730212,9.172432501129884e-11,3.8043698722613906e-10,2.2877234453829656e-09,4.2607318242375925e-10,4.430847114614871e-10,1.3726673259335994e-09
N20000130,36.34567789000499,5.352646840672426,39.90939089499132,1.8605775194305618,16.53170685349149,2.1248138094269884e-10,1.4980350210915823e-10,3.149679416971084e-10,2.3451947524529454e-10,8.249739158863781e-11,4.149477248531149e-10
N20000131,59.55868160272134,24.19685045476602,9.017966406356805,1.1620743143596368,6.064427216107069,2.8403767430908175e-10,3.637877953278481e-10,3.7002117605520227e-09,4.324162959315891e-10,1.8726035436855887e-10,7.214015350226486e-10
N20000132,22.32745142375567,0.14573323611589795,11.73127396612355,3.77422309544597,60.26723563125136,2.4971800434314766e-10,0.8775338818210082,7.804458394549432e-10,4.3879303798652895e-10,1.5164331219561077e-10,0.8765487638659549
N20000133,26.829691171412552,0.22126425047838372,26.618603108761924,0.43025924336196747,44.62987209293225,8.654930543403115e-11,0.3783168282173142,7.727566971404316e-11,1.8608293200286047e-10,6.2656025359244e-11,0.8919933044230367
N20000134,27.473030747286643,0.23799733822691074,23.60428508466036,0.8230485682958696,45.58628352169542,6.619272082517706e-11,0.9140124681878257,1.1392307500197081e-10,3.425711524942442e-10,2.7146604359838273e-10,1.3613422708528233
N20000135,21.682884098485715,0.9045989470911352,26.694147770618432,0.16441043319370735,50.55395874796391,2.525918800387402e-10,1.023632154281263e-09,1.4855932168814072e-10,2.0405850882375485e-10,2.2225049062506262e-10,7.960097925676834e-10
N20000136,21.952060813720237,0.8739865586885772,30.914147670260018,0.11605338842208068,46.143751562171346,5.154357635546128e-10,2.9827843219872953e-09,1.0487206048364662e-10,2.396014769537242e-10,1.4088758717134108e-09,1.486185223041158e-09
N20000137,39.55101403677587,1.104165940400082,28.58346393809522,0.6915728492267235,27.919682469520463,1.0632291474854836e-10,0.7333864713787096,8.352869210970382e-11,1.4121811855958287e-10,5.762353424669201e-11,1.4167142942142543
N20000138,61.604820497378235,2.810069214141142,7.311694091162719,0.17161160431560463,23.391525521157057,6.919904124366884e-10,0.6586065993126768,4.843560949881227e-10,2.685175384853444e-10,3.598580529320595e-11,4.051672471051723
N20000139,36.409522337340086,2.910156870329197,31.430901271798277,0.45368374902097786,28.795735768817067,4.338268431423401e-10,9.026307381716774e-10,2.538456458226052e-10,2.528276821339931e-10,3.236203461112264e-10,5.276556125701511e-10
N20000140,25.661053053672017,0.6271282980400332,3.837659728698887,47.040800485281075,21.660772947061304,4.856755316880653e-11,0.7278522714357406,6.811627918450188e-11,6.322612849351932e-11,9.046382220444944e-13,0.4447332156301227
N20000141,25.176891624788826,0.21240275726585844,28.664069346666103,0.19068562003946174,45.75595065059121,5.968092324482153e-11,1.6173759918192415e-10,1.5896312560607162e-10,1.2632411190259416e-10,4.95628314456776e-12,1.368840965094289e-10
N20000142,79.64277016866617,5.460748886843253,2.543239711650025,0.42755489648300504,11.925686331200971,3.4150189277671095e-10,3.9208135541252706e-10,2.4977265418971736e-09,4.4833495785772227e-10,1.862400487399208e-10,1.2906871315290358e-09
N20000143,22.170033174096705,0.11007808908994716,10.473758380614235,0.8615752331808141,62.94767014166679,1.297761559577456e-10,1.8350677490512002,1.2627722894103358e-10,3.706148239581166e-10,6.145532472585248e-10,1.6018172310590981
N20000144,31.23404554320676,3.4692003903151782,45.64373217083655,0.7538781930152471,18.899143701720078,1.6745965155077565e-10,1.4204245532831903e-10,1.77308077405035e-10,1.535033571896296e-10,1.883345814397099e-11,2.47046487670506e-10
N20000145,74.081707564197,13.162347705321414,3.870684729497617,0.3383345493410432,8.54692544252081,6.634207005195282e-10,1.1011556472931373e-09,3.0508990167440807e-09,4.1178436554751256e-10,4.6546822786793543e-10,3.4294112259085872e-09
N20000146,75.70596012436569,5.289267321685661,0.8037467552164236,0.1489699928744094,11.893359247394923,1.913297654092759e-10,0.6338125575764009,3.6282576793836545e-09,3.565869943653016e-10,6.635582892489934e-11,5.524883996643957
N20000147,74.15240000092777,6.987237006766773,10.369988787186106,0.6759526254605277,7.81442157667155,1.6227619181530407e-10,2.328721462514662e-10,1.2060875915908924e-09,3.0041650704459534e-10,2.382422222705903e-10,8.473532218489563e-10
N20000148,27.152320561286754,2.497401569052565,37.081906797803974,0.6365048831691095,32.631866185436856,3.2183422217154985e-10,1.206367284169474e-09,2.42300461121962e-10,2.7813095412221446e-10,7.005538057211799e-10,5.015620628859467e-10
N20000149,24.616996231857062,0.19998846858489705,14.142414363409813,0.35421760820623593,52.479536187269225,1.5418769032809257e-10,6.275491472974847,2.2762380412867788e-10,3.8258897201259974e-10,8.993783496867478e-10,1.9313556660341433
N20000150,83.45470709232046,2.9799082214183645,0.8362730004096443,0.1866481477913332,8.765983064297151,1.540585839706199e-10,0.25530668892428443,2.2064947392784486e-09,1.7778519466649446e-10,1.398057518347383e-11,3.5211737822864255
N20000151,35.515376227340425,2.0545585540814404,23.403330886280976,0.7398803723296097,38.28685395824943,1.4061952165879166e-10,5.032992327886847e-10,3.052714425724399e-10,2.2194529934202628e-10,8.677933734861488e-11,4.60203338787747e-10
N20000152,14.788500682346973,0.2596864094757155,24.591851087808454,2.312794709081303,52.933717040937346,2.1057385772201098e-10,3.9571732584085666,2.4985489037347757e-10,3.0859219580805157e-10,4.737358814128891e-10,1.156276810698886
N20000153,68.40153377419249,4.508165308967358,3.145282149184666,0.21807761304935133,16.524333747832774,2.898596000618002e-10,0.8650825973347588,1.9610608907210127e-09,2.8919578068863506e-10,6.749770070536116e-11,6.337524806831
N20000154,72.50413365514258,4.544204004325045,2.302688120599281,0.3734429333008944,20.275531279589188,3.409856326866516e-10,1.0894205700624126e-09,3.6412846987797307e-09,5.260388741445201e-10,4.110825749177344e-10,1.0342073640806421e-09
N20000155,81.39987642632582,1.242220778594913,0.893467893187407,0.07724857963690596,12.442891173731375,6.21353424242142e-11,0.30708186738216886,6.026374909575297e-10,1.5354324559919808e-10,2.541347399265659e-11,3.6372132802976695
N20000156,27.144400639947726,2.136355599065283,57.5440475822562,0.6403802045494722,12.534815973483502,6.688641040830114e-11,1.150706848517946e-10,1.9087004359006044e-10,1.3610777861490108e-10,3.1145610807006824e-11,1.5773500438743416e-10
N20000157,40.49709517162145,3.0206200607307703,30.460566358623876,0.697486466072756,25.324231941320562,1.535673823232484e-10,3.4784881267330445e-10,3.2700778461190815e-10,2.639272265314977e-10,1.2313897421611214e-10,4.1510473122248565e-10
N20000158,25.040170971488575,0.15598903085379368,15.989444454151155,0.7960505257447927,49.59831006540371,1.5803933041066332e-10,6.795958404239551,2.960088755676046e-10,4.906899626398598e-10,4.4770160975066596e-09,1.624076542696678
N20000159,82.4906557096428,6.004835494454024,1.7342505767816496,1.0757701996135505,5.754972449901033,2.6592199977885405e-10,0.18828455521268336,2.567969882015071e-09,3.077037067130509e-10,3.586763609040369e-11,2.7512310112168024
N20000160,32.665571752581116,0.35572068629399,48.53498938734981,12.110213451062235,6.153601222289876,4.2203470632227474e-11,0.03772465632024503,3.4381858789237263e-10,2.99192839852445e-10,1.4167863532912078e-10,0.14217884327583732
N20000161,37.794572915332225,3.002765459887996,45.78995660104984,4.353852354456158,8.715840502153394,3.145840441883848e-11,0.1376161487695414,9.339095571714844e-11,9.674611554119759e-11,8.168532168096974e-12,0.20539601812107258
N20000162,21.81220970114091,0.21705538597719776,1.1076492384036338,0.3319025229087429,66.32655395637192,9.825274690853189e-11,6.717802093758409,2.3357086967633157e-10,2.929482071291349e-10,9.520907198336772e-10,3.486827099862329
N20000163,54.62152402680716,3.361848045624559,29.01615230193897,3.3697471319222254,9.199177025690096,3.6349795924965336e-11,0.12308629577948603,3.020852128793785e-10,1.8594700926144112e-10,2.2925385817280007e-11,0.3084651716902071
N20000164,63.72295727193323,4.579903423891244,2.7390239456928978e-09,2.660087422832362e-10,31.697139299630177,5.604439134627547e-10,1.1501185623330833e-10,1.2473208010038514e-10,3.5153394215864847e-10,5.3681553539220656e-11,3.3490539194337293e-10
N20000165,71.25233915220488,14.241053983748161,2.2553889727946998e-09,6.788450508185768e-11,14.506606860030798,7.712434012393201e-10,1.2498106601209485e-10,1.3100276465468963e-10,1.9922607441290306e-10,2.174845507517471e-11,4.44681495760419e-10
N20000166,11.311435198843947,0.21369454362762355,2.6709720106986086,0.31964517172910156,67.56840005182843,6.49435862265269e-11,14.576902068170119,2.6066414206529746e-10,3.8354184661827495e-10,1.0406960565570129e-09,3.3389509533523176
N20000167,14.745548063696672,0.10695923443275455,3.694113459035156,0.07455183133567506,74.56781237802196,3.275995808749391e-11,5.724040980948873,2.8329058176719376e-11,1.3995446792441256e-10,8.027825682714824e-10,1.0869740515250934
N20000168,57.138186038233265,29.91250077080582,5.1514118628777e-10,4.6837217792321366e-11,12.949313187584877,9.999399093856172e-10,3.610989323389826e-10,3.5466485965776134e-11,2.0217497626266127e-10,1.927830914860733e-10,1.0225838754502691e-09
N20000169,58.1870466494896,4.092913762836597,1.883984177591877,0.7443446422623753,27.89203991499736,6.878315804794315e-11,1.24413240510664,2.585427501441005e-09,3.247322208896986e-10,2.800598269741383e-11,5.955538444708589
N20000170,76.28998161954516,16.409168691941446,4.6206059283967594e-10,1.0098013334174401e-10,7.300849686958107,3.1392103649815375e-10,8.552258940597824e-11,5.878486619898863e-11,1.4508496269254845e-10,4.606389859893846e-11,3.4288316075566193e-10
N20000171,51.376912832861244,3.3386235436722886,27.765853155910207,1.2296802367718445,14.847846840385317,8.615416304136623e-11,0.25508224669609886,3.8138633457715496e-10,1.5982050355709511e-10,9.807054414205837e-12,1.1860011430658408
N20000172,47.63044559017047,4.284703673372142,25.653118536425602,4.263795789744766,16.029044583412265,5.737081294092699e-11,1.0693138899846686,1.3838475579909845e-09,5.183210529253205e-10,8.188042130513675e-11,1.0695779348486578
N20000173,62.32374979965226,9.30826185855761,6.301654317738432e-10,2.9375485646190634e-10,28.36798833879265,5.573197828340482e-10,3.27743207564826e-10,1.1558530290302589e-10,3.525900811993257e-10,1.4426780021517427e-10,5.760578219976787e-10
N20000174,55.83471817579969,42.283633621564235,2.9879767359662215e-10,7.985967487132582e-11,1.8816482007831266,4.192853697005368e-10,5.76316653859268e-11,2.0505167092185746e-10,1.505490466371568e-10,1.3671489287743925e-10,5.050625086024669e-10
N20000175,67.4673574102133,16.040021123668875,2.2090612994028e-10,3.997791556660773e-11,16.492621464253684,3.6855503702303617e-10,2.445848381432017e-10,1.0501906657003565e-10,1.729054822645125e-10,1.2321736438908188e-11,6.999043314995424e-10
N20000176,68.08076071947812,23.46918458268243,9.408359491944334e-10,9.333823294945864e-11,8.450054695734705,6.478154296000818e-10,3.352388916922103e-11,4.094469589594829e-11,9.51299173697081e-11,6.9082761690699345e-12,2.4625245907295155e-10
N20000177,46.97407808082432,4.994116505290093,8.263582568997277,0.5382003793421323,31.47768060383147,8.349587151837538e-11,2.576809023309873,8.656706980614813e-10,4.269970686893432e-10,1.1591393374543509e-10,5.175532836912757
N20000178,28.093212272712485,69.91200479982189,5.549429392250483e-11,5.834322482577789e-10,1.9947829246197146,3.228427252560275e-10,2.1581718566881787e-10,1.0907598893951932e-09,2.2446574373645646e-10,6.399152752362876e-11,2.8913978060235623e-10
N20000179,47.01907851731998,47.30813315486782,5.945295960777449e-10,1.4043657937582996e-10,5.672788326077834,2.826400518188044e-10,1.2463175654524992e-10,9.249055666567239e-11,1.1652368563308646e-10,2.3249281037003917e-11,3.5984906949667745e-10
N20000180,76.9452373669084,20.160459005203737,2.185024961526282e-10,4.256570818753723e-11,2.894303626031346,5.6702686289222e-10,5.736959537530863e-11,1.182902199724413e-10,1.6825829798925258e-10,6.96674508403638e-11,6.148303939547946e-10
N20000181,52.416129978910085,45.479983756791746,1.1878892857564428e-10,5.989689215224506e-11,2.1038862610961973,1.74761729773504e-09,6.699851533966616e-11,4.837442582229431e-10,2.182422495373593e-10,2.2289356995045193e-11,4.844020946132769e-10
N20000182,70.76419707557375,27.60612886248627,9.963762956422283e-11,6.81390969654487e-11,1.629674060362929,4.981309979956925e-10,2.915591850592412e-11,2.552977633603275e-10,1.6056400738013137e-10,5.35365998472157e-11,4.125984879596214e-10
N20000183,71.76714215358804,12.535922889182721,8.354945664588403e-11,9.16710645577724e-12,15.696934951760719,1.5022376937474127e-09,3.8316887150213943e-10,2.897936116761327e-10,2.3994913295946584e-10,7.996307634628785e-11,2.880702691801413e-09
N20000184,72.97732270664396,21.774529780513515,3.9508696529281116e-11,4.10289244734634e-11,5.248147509632102,1.1209199645346239e-09,1.0487300845274606e-10,7.359720041892395e-10,2.451827415712982e-10,2.9843725244302096e-11,8.93111610208158e-10
N20000185,59.28419906511502,14.845976014432416,1.418282539171159e-10,4.5309916339490384e-12,25.869824916078393,3.581604613448811e-10,4.9792472031646e-10,1.683773527787727e-11,1.3209797307142312e-10,6.075784880395052e-11,3.1620360448388086e-09
N20000186,43.90262637601266,49.19896487684392,3.765967042955987e-10,1.1110467130547281e-10,6.898408744498412,3.4460238471361705e-10,5.281649588939043e-10,1.9839977360830542e-11,9.673742458163886e-11,2.9517325093248973e-10,8.72785875547551e-10
N20000187,66.61606609815644,30.400283368178105,6.362189080535386e-11,3.826040696946918e-11,2.983650531234661,8.758242842189433e-10,2.0867159059918168e-11,3.149204319931003e-10,1.3579806217213462e-10,1.9777447667626793e-11,9.617280764534857e-10
N20000188,52.19524929765848,1.2438884441716322,2.930174987689451e-10,3.2365021993282346e-11,46.560862253489624,8.84367973904119e-10,1.9596398703075595e-09,5.2508689877075443e-11,2.2468235931558418e-10,3.165465904875295e-10,9.171266688227542e-10
N20000189,73.14321921551964,22.544725760763676,7.704447880778673e-11,4.404823214601158e-11,4.3120550216063425,6.164038567745607e-10,5.2351793927931024e-11,3.068970368480161e-10,1.4388138768341047e-10,1.863240964742031e-11,8.510911678010626e-10
N20000190,73.7655696618372,22.13325947007661,2.6230721048282137e-10,2.573639156249208e-11,4.101170866753172,4.66242015072304e-10,1.9869326447435687e-11,3.7296571996715603e-11,7.874007909433239e-11,8.610441519443822e-12,4.342157305203565e-10
N20000191,64.34622786850026,11.07809359794214,1.5459830320124808e-10,4.645138856286903e-11,24.575678526207636,5.041075150647255e-09,1.0990231494851634e-09,8.727688721265837e-11,1.9473157585195363e-10,4.545223592251959e-11,6.813481290810395e-10
N20000192,82.32026625648481,13.68806334956851,3.203038307265827e-11,3.2457576186500186e-11,3.991670391467718,7.55866787662628e-10,4.343135422642569e-11,3.1348186545557864e-10,1.4397997831895413e-10,4.692391433350653e-11,1.1107843912443647e-09
N20000193,55.8989493456428,38.168320562068686,9.081039120359087e-11,2.1546096070058483e-11,5.932730086166471,1.3277319057235113e-09,3.7124740719187705e-11,6.342641436964231e-11,5.56853114983914e-11,3.6438538588826886e-12,4.522074403322016e-09
N20000194,78.0336907429109,15.199791381358999,1.0241388107593617e-11,1.2896460648895579e-11,6.766517874369864,2.076183953743211e-10,4.756570050714383e-11,1.172231253794522e-10,7.777596164281347e-11,3.262987258879356e-12,8.836494964047497e-10
N20000195,67.95352702267003,28.59302338121519,4.597985955780887e-11,3.1596071414981514e-11,3.453449593670603,6.208069278280218e-10,3.427374174095114e-11,1.522680083229892e-10,9.867504686502593e-11,1.2294911027753895e-11,1.4482832295324012e-09
N20000196,49.71415141045271,48.568127633113164,1.464697745592757e-10,6.477612625093736e-11,1.7177209551793735,3.637253297184956e-10,1.7049440540401884e-11,1.23733857394819e-10,6.74438171349315e-11,5.850632106603676e-12,4.65718600603861e-10
N20000197,47.00917514530064,47.39832886427634,9.027107993683076e-11,3.6163192910995944e-11,5.59249598853094,5.766586646322682e-10,5.1814533630952265e-11,1.433846740435919e-10,8.46425034919308e-11,6.6491292814906164e-12,9.024978879585903e-10
N20000198,54.31629015820643,24.203536225583147,2.560181510451503e-10,5.2194078465664445e-11,21.4801736084528,1.9627263749868987e-09,1.294469166318645e-09,2.0585911254718536e-10,2.790972019698785e-10,3.2082229700671155e-10,3.3864355410264407e-09
N20000199,73.04496954400113,23.593188560590864,7.301157783302636e-11,1.4808182954914973e-11,3.361841892747793,8.111128164927411e-10,2.574855362980187e-11,2.590297269154335e-10,1.3429519675395123e-10,1.5063254307610283e-11,1.3271265279412568e-09
N20000200,80.27449454037952,10.51805041827745,4.1057656072267903e-10,3.792113401593904e-11,9.207455039364412,3.937488576325826e-10,8.374303537341617e-11,9.680319346490446e-11,1.6236453768689535e-10,6.144182128904422e-11,7.320076277335199e-10
N20000201,33.732894536831715,59.06310921249126,3.323883683892912e-10,8.178580365195041e-11,7.203996248918167,3.5754419581340693e-10,1.2835816882504621e-10,8.611988417245651e-11,1.621014455655305e-10,2.0923493522951856e-11,5.896346108783129e-10
N20000202,71.33511162893826,20.404350680674778,1.348066198259034e-10,4.06777389378358e-11,8.260537687610187,7.613618284115858e-10,5.883581940355335e-11,4.1883024287175067e-10,1.6663753427181968e-10,9.936833653342024e-12,1.1856821280819697e-09
N20000203,63.65396911573431,14.695753336036335,2.6522854257799563e-10,3.608643541445652e-11,21.650277546701354,1.9645399814903207e-10,2.3218357709965824e-10,7.786357228992556e-11,2.2116119491175832e-10,1.6694925398417144e-11,4.823132163061204e-10
N20000204,66.73350285130914,20.110740497974714,8.755860020685327e-10,5.606181828900201e-11,13.155756647794004,3.7191861299208103e-10,1.948606083280591e-10,1.316549085317938e-10,2.614105227777591e-10,5.657355204288937e-11,9.74063268523625e-10
N20000205,38.328819046483254,54.37992972800316,3.1274255300355017e-10,1.4503236822364713e-10,7.291251223321941,3.058116906278595e-10,4.475495152105672e-10,3.771183623147067e-11,9.384565160943376e-11,6.41654493808649e-11,7.847813093770542e-10
N20000206,46.572603264827045,9.02572048180577,4.844531924928739e-10,3.6293129262970677e-11,44.401676249547464,6.03935458595487e-10,6.561823987485149e-10,3.874388515190423e-11,2.1863990650982814e-10,3.3377381566634776e-10,1.4477098272008672e-09
N20000207,17.905112087660147,81.02064300997837,1.8625798811381795e-11,1.6473860069081274e-10,1.0742449012719013,2.07669708755347e-10,4.972310538349109e-11,1.5915758177920046e-10,1.0999363267231393e-10,2.731764634491787e-11,3.523516592543459e-10
N20000208,26.148056204726288,71.83406410992173,6.816711277133695e-11,4.211001914617094e-10,2.017879681700654,2.4530154985081694e-10,1.3799583589867044e-10,1.950966686722927e-09,3.40195963947446e-10,4.153356196725921e-11,4.460631810020723e-10
N20000209,36.27900272479604,60.24114447489023,3.5124083013510216e-10,4.2796000646545924e-10,3.4798527980446283,1.8100283257677363e-10,7.823425308813097e-11,4.841584637472178e-10,3.509642816458111e-10,7.734325379874435e-11,3.182068274652849e-10
N20000210,26.41735385586467,73.01316690769166,3.771880749295464e-11,5.904668006306919e-10,0.5694792335448028,7.33740366119375e-11,7.062113207112949e-11,8.905256237249818e-10,2.2991559571244972e-10,5.020686738498726e-10,5.041935838139772e-10
N20000211,26.209644456041104,0.515069318905414,12.512328202249828,0.29891782553247914,60.46404019660246,2.366202592156012e-11,2.4585953351555285e-10,1.0487644314917422e-10,1.4553868529606876e-10,1.0739985853827255e-11,1.3802309773942544e-10
N20000212,76.12129513057526,9.792398039495463,3.0553453147999194,0.4135110548563857,10.617450452757948,1.8037806154590357e-10,4.1744820044404703e-10,4.2775893509117475e-09,5.010196094428731e-10,3.5943461608788075e-10,1.7791553462849832e-09
N20000213,72.76451090509866,11.44776796265446,2.8995670757117122,0.3262356842048367,12.561918364380285,3.3978085872118926e-10,6.264488999878942e-10,4.080082537976358e-09,5.278575260994975e-10,5.164084682059424e-10,1.8594558131305368e-09
N20000214,35.24892406043337,1.985428310369186,27.362209365169722,0.2057498906169806,35.19768836862694,5.646892164894163e-10,2.0336992026512142e-09,1.5732213698306057e-10,2.8828772799565386e-10,5.916701890211101e-10,1.148134705660511e-09
N20000215,17.728330673303567,1.0098840823561894,69.69766702910555,1.3567127072940506,10.207405507516441,3.989437147979095e-11,5.1576092846712386e-11,1.2249002547723985e-10,1.1240887772004836e-10,1.7610480970913267e-11,8.022040738414673e-11
N20000216,30.024722193931115,4.234319365528905,28.59072017617959,0.5905640429627549,36.559674211997496,3.702013712613686e-10,4.336141819607319e-09,5.482252760813105e-10,4.2349085778186117e-10,2.2497322809515957e-09,1.4723386944895789e-09
N20000217,26.79338697453828,1.3270001640374016,21.082885415449237,0.9665598102844066,49.83016763308263,3.372899605976015e-10,6.562899592701374e-10,6.469237399235642e-10,3.54756707786639e-10,1.2935328423957824e-10,4.834189929058477e-10
N20000218,28.259247544203202,6.102516293279292,32.27073962229501,0.49429759122097683,32.87319894019559,3.6721659765271904e-10,4.8036654304303464e-09,4.679091097863343e-10,3.676133459640272e-10,1.5641624071664067e-09,1.235382337879187e-09
N20000219,17.882180457554988,0.8841149164943676,22.420854425079213,3.1574084694495497,55.65544172861176,1.2708375588403865e-10,1.0745617834770969e-09,5.590661638554918e-10,4.09977121973366e-10,3.602055166083833e-10,2.7921879262429923e-10
N20000220,36.55574359460002,6.221314151417736,29.98460223137091,0.46402461909582526,26.774315397508364,2.7323863621419205e-10,2.6399097825494994e-09,3.1577830332015243e-10,3.4024181792955255e-10,1.4734542337781383e-09,9.645328518163536e-10
N20000221,33.0368797595406,2.0065872883736957,26.532645933360737,0.4429848357932725,37.98090218119904,1.490777202863989e-10,6.655223840984808e-10,1.210505725839774e-10,1.9650589382913612e-10,9.810721655830901e-11,5.023847042873057e-10
N20000222,54.17753172447342,35.77850479518788,6.894834954336111e-10,7.68255381404442e-11,10.043963477965182,6.410440046469006e-10,1.0641624478765696e-10,6.648284850071113e-11,1.5742822567690247e-10,2.1215471613894475e-11,6.146342795914146e-10
N20000223,40.89557007655393,2.779204535309701,20.569324952994293,1.2871037549348519,34.46879667765684,3.332968546756749e-10,8.443377798932239e-10,4.5551720904370825e-10,3.2783585626071804e-10,1.8718853729824949e-10,4.0222315853672396e-10
N20000224,26.680243931655777,1.3495580170539934,35.59020547771,0.36858560200813456,36.0114069676025,1.7659783905537443e-10,1.2299297488973662e-09,2.788591807250877e-10,3.768681927072902e-10,9.886897323920633e-10,9.186381374307343e-10
N20000225,60.35093443398295,23.308527542380013,9.980304158278877e-11,2.7126254498320885e-11,16.340538018155478,1.9098325465967674e-09,6.93400966906502e-10,4.418450794838954e-10,3.2362977568665165e-10,2.04693496196044e-10,1.7812305898834283e-09
N20000226,33.11169620581408,3.2319215893681243,33.614026777483126,0.38037501801211693,29.661980407874744,1.066614201142759e-10,3.839557451546237e-10,2.4232014334978856e-10,2.0151769989079917e-10,6.701912308744087e-11,4.4632160890097884e-10
N20000227,65.04483446017777,9.455697594138847,1.277166129983557e-09,1.0385469861950148e-10,25.499467941899535,1.1773768787508773e-09,2.3749909478734123e-10,2.937295283449312e-11,2.3813308912170645e-10,1.0523286281641428e-10,6.152102364115244e-10
N20000228,76.33450515048798,8.82916483926754,1.4499697487264506e-10,2.7857110294255102e-11,14.83633000838369,5.128288431264775e-10,1.374369023401778e-10,9.536270392104507e-11,1.699313899355253e-10,4.544183588515112e-11,7.269140092966668e-10
N20000229,41.836662387599596,56.303185346605765,1.0307002288889141e-10,4.2016893643681926e-11,1.860152264868315,1.9899613534958435e-10,4.0988364115385263e-11,7.109186181753e-11,7.087878526583448e-11,1.778354549463033e-11,3.8148895787029655e-10
N20000230,44.40225540023485,50.07818199425329,7.779942050258687e-10,2.6460030184166437e-10,5.519562603657052,2.0230962969983477e-10,4.9793573936946987e-11,1.173963538532154e-10,1.5991376160210998e-10,1.8301843055502884e-11,2.6450237952661676e-10
N20000231,37.44870245789197,15.63431753562105,6.353789120374629e-10,1.8718633716701914e-10,46.91698000109636,8.615956630771046e-10,2.14827918922877e-09,1.0317161247124892e-10,3.6069846757849727e-10,4.6261346278000517e-10,6.316785428731898e-10
N20000232,62.77608747843478,3.7252018496012065,6.458572785157285e-10,9.740853266741817e-11,33.49871066913648,6.123190060582217e-10,4.70411672532099e-10,1.230874365705202e-10,4.0151606470236596e-10,1.1094400858062653e-10,3.659833923669364e-10
N20000233,54.271108591086225,17.951009945815883,2.6333434229483477e-10,1.5394053279702107e-10,27.777881458304527,8.90903187619033e-10,9.070110504759523e-10,2.344800206528541e-10,5.306850804918926e-10,5.00716972188747e-10,1.3122931575430772e-09
N20000234,56.09713005054573,30.391476292800768,9.881722228348986e-10,1.5421594901430171e-10,13.51139365393729,4.916441783074427e-10,2.3123801658316108e-10,1.16904218059514e-10,2.895980070028786e-10,6.842717612742892e-11,3.760084673557645e-10
N20000235,34.56886082043902,49.16859059516589,1.2657240876115808e-09,1.981208917305337e-10,16.262548580965834,2.9774653602397996e-10,4.89754225314735e-10,6.681174072316465e-11,2.6935988353204774e-10,1.0571773692271536e-10,7.360239733268121e-10
N20000236,58.97903960889559,16.754552975901408,9.01336629853371e-11,6.280751055833752e-11,24.266407412645542,3.3360196553211896e-10,4.6139921356472107e-10,6.862300767933962e-11,1.742217111945399e-10,8.316670178279279e-11,1.2835044620549598e-09
N20000237,66.76024943226197,12.83404978442417,1.170826406028131e-10,4.1212333323392447e-11,20.40570077838592,1.0380160124866202e-09,8.014427190633952e-10,5.323152920109571e-10,4.026625991650883e-10,2.308322136875498e-10,1.7643633742791941e-09
N20000238,30.72307573552798,29.477737441059,6.2889028040939e-10,3.507003070343415e-10,39.799186819237306,8.304817038937306e-10,1.0986827707729326e-09,1.45725074199329e-10,4.521252802727142e-10,9.33978565114957e-11,5.757103338247465e-10
N20000239,30.738280445221733,43.03538666245252,6.444053605651218e-10,2.0686529404855691e-10,26.226332889131477,3.6602529250405825e-10,5.055446429779127e-10,5.509079683070266e-11,3.2445297369367095e-10,2.1179372162135183e-10,8.800886688810622e-10
N20000240,43.73170494102792,35.080113106931336,7.204036237588013e-10,4.3974918166543026e-11,21.188181948128136,8.973036153401606e-10,5.563130971861945e-10,7.786249273253817e-11,2.490645497230975e-10,4.841046800712432e-11,1.3192832669727151e-09
N20000241,67.09726127427557,16.160350179025148,4.799881600170623e-10,1.005029914141478e-11,16.742388543112014,7.797497701771902e-10,6.089472601248072e-10,5.4214313288528257e-11,1.937075940962158e-10,4.124317386656458e-11,1.4193807015883896e-09
N20000242,70.14511391845687,23.068321229545212,5.698665755901172e-10,1.0438183359152131e-10,6.786564850541484,3.6476937058599073e-10,3.787630504656477e-11,2.8157391058990252e-11,9.455090650483063e-11,5.2920477745286005e-12,2.515445181995757e-10
N20000243,37.86834632690781,44.296393613070485,4.770521390067849e-10,2.167128833958202e-10,17.83526005797104,1.7687180940770265e-10,1.4227638561013664e-10,1.3248358566451626e-10,2.9695301346045556e-10,2.460236676469042e-11,5.837165055445759e-10
N20000244,35.65945323037568,51.20481319691126,6.50337814683816e-10,6.700015315060986e-10,13.13573356935639,3.2196128985389907e-10,3.4951394810551453e-10,1.614829138111989e-10,4.4641193571125347e-10,1.934887946595484e-10,5.63464851955698e-10
N20000245,21.054155960990343,75.22188407835455,4.5682142179763537e-10,2.1171806680266986e-10,3.7239599591754047,1.896808312886137e-10,4.0712516598017416e-11,5.354967681508136e-11,1.6163359445540654e-10,1.6200989897713633e-11,3.493907321902763e-10
N20000246,34.24933300185841,60.731754006727044,1.1689926709408022e-09,5.223605811539103e-10,5.018912989107062,1.2531519279245746e-10,7.700096680440291e-11,6.586719343917432e-11,1.9439825096475373e-10,3.777363204313183e-11,1.1577221621759774e-10
N20000247,21.054994445221002,69.7054666876588,4.0872171168876685e-10,2.838238804644786e-10,9.239538865442999,1.0633929908489079e-10,2.0975185039913736e-10,8.831087142144061e-11,2.295195973790741e-10,8.217095973272102e-11,2.685577794932388e-10
N20000248,38.529753632395405,4.269457684618731,34.13235650993759,0.4700805531403128,22.598351615831707,2.5200052963704917e-10,2.1956474368229293e-09,1.423142698132542e-10,2.498408183700098e-10,5.657027409147059e-10,6.707533536899758e-10
N20000249,52.83062118715988,42.30365532663005,5.757516329295966e-10,4.460908212239408e-10,4.865723483804617,2.432308957186933e-10,7.548327944666326e-11,1.503009940968076e-10,4.315768708141363e-10,1.8018157108690298e-10,3.028352803537679e-10
N20000250,30.094946309230096,66.35564856257625,1.3793973343956648e-09,7.622655395390168e-10,3.5494051251068326,1.5770178097508914e-10,6.763564418481628e-11,1.9442377951798976e-10,3.1903345628034895e-10,6.457146001636179e-11,1.4178813121761098e-10
N20000251,9.880402060904629,25.77828492956916,44.01455561607353,16.290195229528,4.036562162561103,2.3887817266552746e-11,9.37383542380871e-11,7.753252254283484e-10,3.136411894165305e-10,5.903204095217222e-11,9.794464025362383e-11
N20000252,11.113440384251176,84.92797925077303,5.467970884400473e-10,3.980042925181928e-10,3.9585803633084913,2.0512608152262246e-10,4.117058506386724e-11,6.428252278781591e-11,1.5977491747714988e-10,1.5448692995240762e-11,2.3671562918784565e-10
N20000253,45.394288027138906,27.550300117694853,2.224684894797846e-09,1.760622365158167e-09,27.055411846792733,8.066716858065122e-10,5.325753264378518e-10,3.5777568594477565e-10,1.0111264027004274e-09,8.055927277647777e-10,8.744695765934036e-10
N20000254,44.352227207441544,24.736881509452957,1.396992426291478e-09,1.0965843437506328e-09,30.910891277086115,6.503077321106032e-10,5.457578870057991e-10,1.059655734338196e-10,6.543914654768956e-10,9.406044169404182e-10,6.287682783786441e-10
N20000255,6.0578191968718285,87.96412887405779,4.93088446343064e-10,5.020773304478246e-09,5.978051922783959,7.1960182279322e-11,1.2774086402740273e-10,1.1773194193450928e-10,2.6350065662207817e-10,1.715299220012312e-11,1.744739765287656e-10
N20000256,45.78239808730358,40.41098329759105,1.6099425399876585e-09,8.675380496419548e-10,13.806618611691704,9.72612409952244e-11,8.332327320776372e-11,1.1548939528113607e-10,4.007104245844852e-10,4.095545157696542e-11,1.9844831298697684e-10
N20000257,37.54444601218142,1.578901434755519,9.075478678520609,2.497969396999785,49.30320446224925,3.4021066380400025e-10,5.098113868961788e-09,1.1374729725176723e-09,7.978108467249029e-10,7.048507482621395e-09,8.713176771355862e-10
N20000258,33.56473058950668,0.9201646590520097,17.86920265611829,1.5099745961464153,46.13592749363198,2.508540007767841e-10,1.839720548798287e-09,2.3592033320193645e-10,4.47823179104403e-10,2.098553118665332e-09,6.717404930762233e-10
N20000259,32.792171907420745,3.697286502626726,35.34744942003641,0.83054417741227,27.332547977196832,5.237875004877779e-10,5.621541642109445e-09,4.825351494147254e-10,5.667631526398758e-10,6.4443383512169225e-09,1.6680710208308529e-09
N20000260,20.477465984720304,0.1543008617285923,12.805381008914507,0.5185928673938338,66.04425927466094,1.1895090527096833e-10,1.2931237401677668e-09,1.0095031261981166e-10,2.5476371148665283e-10,6.161877988042924e-10,1.9787424098247956e-10
N20000261,35.63917147705484,0.7968749112009507,25.818114923878245,4.708573175352687,33.03726550462147,8.649670039584321e-10,2.650879329080525e-09,3.7796069981619956e-10,5.823316478866176e-10,3.2166822008045067e-09,1.990002035150519e-10
N20000262,40.01083550214712,1.594924417697973,28.20070072830737,2.8381473086105258,27.355392041335,3.680984272826419e-10,3.1165158852410915e-10,1.3400105158664463e-10,3.1290078116206234e-10,4.986223885784105e-10,2.767588677663447e-10
N20000263,27.34577102322679,1.2807030648637296,51.25568965227092,1.284766441638221,18.83306981537878,1.0525614820105358e-10,7.293584055307169e-10,2.084925133816615e-10,3.1868489017056536e-10,9.925809299170895e-10,2.671714675834632e-10
N20000264,48.334312114979625,5.660971120210707,13.208857408842926,0.4979987818544532,32.297860572462056,3.262901557199547e-11,9.419519577198345e-10,5.235069029643009e-11,1.4612310856322272e-10,1.6825629377221048e-10,3.0892575204044403e-10
N20000265,23.014002937618734,2.5663768467052077,57.55564723797466,2.791305508045387,14.072667468822106,3.562950600887325e-11,1.9422634242549375e-10,2.7893835362507846e-10,1.8941810912741248e-10,4.645012708135118e-11,8.924549505236087e-11
N20000266,30.197746626740003,2.4989476155560832,42.03135921696129,0.9748174741513703,24.297129065632575,1.58413652660639e-10,1.7803131244726694e-10,7.909436882265018e-11,2.0777127611442036e-10,9.2490553113852e-11,2.42884577998545e-10
N20000267,35.87899480677253,7.778196648970568,36.62836544648986,5.893321254358236,13.821121841847466,5.990608670363368e-11,1.87267450343415e-10,5.632611797826688e-10,4.582299981340657e-10,1.7792487341794586e-10,1.1475511781317421e-10
N20000268,35.48094625107302,5.783905844280544,30.690466223674235,17.420530040736285,10.624151639233597,2.0641497866652958e-10,1.615499629121589e-10,1.0297993061377713e-10,1.860161023231573e-10,1.456388067485318e-10,1.9969806805251492e-10
N20000269,24.0571231269048,12.6489661072724,47.87557750254683,3.099884724766502,12.31844853595554,2.613316471792481e-10,6.499656735814229e-10,8.359514716751971e-10,2.8305058023476334e-10,1.9810250792343773e-10,3.255231747571006e-10
N20000270,31.736621535927235,12.983465158298701,46.02380061710498,1.2685327129857211,7.9875799749596395,2.580399062375734e-11,1.482403265345104e-10,1.1947399151960484e-10,2.355597140724902e-10,3.5117590235160077e-11,1.5952657864878822e-10
N20000271,19.45459393553771,4.458334248869159,57.11103673554483,13.123263840175117,5.852771238221333,1.523515919755285e-11,1.2446486931922124e-10,7.274960965875679e-10,3.968170193751014e-10,3.4262086969666e-10,4.520763391638454e-11
N20000272,37.47451222540473,1.7492638559281757,44.35302864186255,1.1224585083154912,15.300736766346276,2.185933525985805e-11,1.8096268017202719e-10,1.3464079494479674e-09,4.6440699499251045e-10,1.6022609267108146e-11,1.1311262376123414e-10
N20000273,16.646721540635244,20.659776628614388,53.40606294649825,6.615487671399856,2.671951211754372,1.9335917004937325e-11,6.948191445657548e-11,5.510555780588897e-10,3.001395703004735e-10,5.6146049385595505e-11,1.017421582895124e-10
N20000274,35.811153765033595,1.209094244091482,45.24524917624836,1.6221185918594596,16.112384221217674,5.589175144389433e-10,1.8708015017731191e-10,1.0124029575238454e-10,2.81294565662787e-10,2.2109716250637019e-10,1.9981527667159577e-10
N20000275,32.80206076667183,2.4977838796112435,38.68579688820702,1.4491604159579226,24.56519804855799,1.0278432697813801e-11,2.1931361831624686e-10,2.9089195530252667e-10,3.4023478324600977e-10,3.516779228749475e-11,9.809150961600244e-11
N20000276,36.4572448950631,5.380932250780224,50.04034085668421,0.8333520115712487,7.28812998419783,2.3550223616349362e-11,2.2528823655605402e-10,7.460024506405056e-10,4.748165658874477e-10,1.0560095578841583e-10,1.281197290624686e-10
N20000277,11.332042632234227,20.795032923599894,54.30643878613274,10.842420046326025,2.724065610857788,1.100233940101903e-11,6.563946930817594e-11,4.1884573283935847e-10,2.480044834474824e-10,5.254355994937811e-11,5.327624872292648e-11
N20000278,43.22656822948645,2.5012679932115605,25.54700686207361,1.3138636997951414,27.411293213113208,6.21015984650554e-10,4.925885660997009e-10,1.0179159215578742e-10,3.6969321144707475e-10,3.4212301909392545e-10,3.928136820991677e-10
N20000279,5.297513874897816e-06,0.5602579940545691,1.1356982577485626,98.30403843081335,2.0199951907700836e-09,2.035991340055297e-21,1.3915367868389734e-13,1.4187052409726752e-15,2.240737985146977e-16,1.7849506736633544e-08,4.075694487490404e-18
N20000280,34.59383255206963,2.0895446519426404,34.711012104463826,2.847372844204816,25.758237845726445,2.533750554394638e-10,2.3887894276320556e-10,1.611520232493071e-10,3.4986658461315414e-10,2.8341553859048845e-10,3.059396616970719e-10
N20000281,28.517341859318297,5.654721173961933,47.00397096452541,4.854586507080602,13.969379493134229,1.6130703442769975e-10,2.604142703367336e-10,2.913796506895174e-10,4.682002107643636e-10,4.01682788241573e-10,3.965424780813266e-10
N20000282,20.64317749888399,15.812278345825368,22.9772384183306,20.152327234997998,20.41497850037004,1.964376348060339e-10,2.7649595249880575e-10,2.8795141692045113e-10,4.2049437397336785e-10,9.16061999312548e-11,3.190091850032148e-10
N20000283,42.816362214916296,14.68031402875915,24.706162456810464,5.686584175808139,12.11057711787425,9.206671840167386e-11,7.654733900466632e-10,2.76658502664301e-09,1.0440316989214544e-09,6.031275028155251e-10,5.604200674263973e-10
N20000284,26.451787941256534,12.62254082948275,21.734255239807666,23.389472907442745,15.801943074941626,1.3419908414075168e-10,9.91031061139247e-10,3.995990498128856e-09,9.61119592809167e-10,4.986583839762156e-10,4.876752990760481e-10
N20000285,34.85784551051713,5.069668410678348,40.8139291240542,4.99576108381573,14.262795868955951,4.667196942000217e-10,4.1999238127187345e-10,2.208940880577646e-10,3.8373036751379216e-10,2.521363480182435e-10,2.351415823693447e-10
N20000286,9.098543295176565,33.07045941879625,39.01413476238106,11.628009919850431,7.188852601692437,5.4885157670901534e-11,4.31798588251455e-10,8.980908307852627e-10,4.031610992496857e-10,1.3725218150179317e-10,1.780743424849305e-10
N20000287,13.089605658793094,15.483233340944977,51.551570056608675,16.843851348617125,3.0317395929185746,2.6140090366898242e-11,9.654279575774952e-11,1.19987384001587e-09,3.8642012491599183e-10,2.924790550862429e-10,1.160862091111852e-10
N20000288,36.91375594286674,37.648322053819214,13.648296431384926,1.4490105446184656,10.34061502357568,2.639253213813237e-10,6.251385401759425e-10,7.967657220731238e-10,5.234615712034372e-10,1.429536741555593e-10,1.3827174452569215e-09
N20000289,32.42006924950406,50.901219489316695,7.246683034637372,3.076249292673571,6.355778931504806,1.0166672743132688e-10,2.7882520390784836e-10,8.334647415998678e-10,3.2958979308343546e-10,9.980815453054138e-11,7.201472269855858e-10
N20000290,27.873712312981286,11.79804880441989,1.8295833378068025,46.64831460410453,11.850340920572307,1.9039128260507016e-10,5.909264585681047e-09,1.1058270525456082e-08,1.0432971955445023e-09,1.6076627649283343e-09,3.062975605197015e-10
N20000291,18.987498346152154,32.46996536857099,25.378455685933616,7.835625376163636,15.328455220534781,1.3716700971723347e-10,5.703143197257506e-10,1.0408243901088688e-09,3.919548820850469e-10,7.563763170707376e-11,4.289260851249517e-10
N20000292,14.565718743262346,28.79719536939594,30.846940022974184,18.223732045076993,7.566413812101024,6.892966228536123e-11,2.9734933807256853e-10,5.617472971062331e-09,7.671925016976814e-10,2.018164250836614e-10,2.367493036647432e-10
N20000293,27.83132875807587,13.452537876784747,31.988761410426097,5.424397107199906,21.30297484489696,2.57997352347889e-10,5.848344231885235e-10,2.3237321262820099e-10,4.952391656162646e-10,5.336009129705033e-10,5.123849317674992e-10
N20000294,8.88828140349692,38.73219287519058,27.044056355489378,16.816665356285537,8.51880400479314,2.1124702500063e-11,7.12800520290738e-10,2.145282699210486e-09,7.020974491219116e-10,6.988937622780372e-10,4.642565069676285e-10
N20000295,20.951743735761617,31.716840461380237,7.907986556250024,31.22850274502675,3.492585319854062,2.961129400685933e-10,4.448808466804994e-10,6.744591239172372e-10,4.702341178754774,1.3825037005872772e-09,1.745789411084294e-10
N20000296,35.8838056144244,27.425188413162864,9.113082948223502,11.152508667580749,12.244788206982053,1.234795154469492e-09,3.9013795763562294e-10,2.99676792057337e-10,4.180626147018724,2.4298312058465107e-10,4.40127146219993e-10
N20000297,14.962733487476088,69.43313631257517,6.5189751410660035,5.507802291488172,1.5754007943928476,1.0237041129550278e-10,9.170360935748929e-11,1.5923294125986113e-10,2.001951972438719,9.252961086287606e-11,1.1715234206342438e-10
N20000298,6.762368909529356,45.682996648024414,4.970304377776632,37.96087069179841,1.7084437049151884,7.581956469703971e-11,1.3043678387182557e-10,3.516307807712756e-10,2.91501566710219,2.2634365466046166e-10,6.95673129536527e-11
N20000299,22.265742299629984,34.74242273225217,3.5674880012631145,27.428374664969702,8.61610696388177,3.403272315109531e-10,5.381471843549347e-10,2.983903468500378e-10,3.3798653363392837,2.755699428911745e-10,2.1153515286860904e-10
N20000300,12.075886168644114,35.71757619288303,6.36742709395848,35.82137287510009,6.020538632277391,1.6573083031372283e-10,2.613404981197405e-10,1.1296016544413915e-10,3.99719903612515,3.2446188882667033e-10,1.4723711858986754e-10
N20000301,10.399928800946052,42.71094558717479,5.297002636254,33.47378724161857,4.0177549315482235,1.0563957695650336e-10,1.8246614970185418e-10,3.6398057228064575e-10,4.100580801441506,2.2266560773794245e-10,1.4211023008844185e-10
N20000302,13.869911543517011,29.444477064334645,12.675189623801913,39.95468097473816,1.7440025685466214,1.2373766067075915e-10,2.70286321554895e-10,1.8333062058075162e-10,2.311738222489905,1.8636222741424616e-09,1.3076429895665266e-10
N20000303,11.856091746999219,74.90208791425279,2.5638620671274577,5.93419689786729,2.376685925030338,7.402381680198353e-11,1.496804980098502e-10,4.327780660527369e-10,2.3670754476320175,1.3278353935777778e-10,3.016172917222594e-10
N20000304,35.584686371100624,40.935773293914735,3.5103441229860692,4.27096171258159,11.163646356513041,1.6340184512810895e-10,4.42872912796861e-10,6.033043665670909e-10,4.534588140604588,2.1809237983517488e-10,8.716725185291482e-10
N20000305,24.673952838289885,23.863712801600972,24.03118701159873,20.274295178454963,4.551570277107341,1.3325942260615217e-10,1.9929072955646644e-10,3.9867289896599515e-10,2.6052818917950202,2.5546434983620615e-10,1.6639549020731099e-10
N20000306,20.17488056689357,4.966936491771399,15.855025936809513,11.717934627375357,38.08681718627379,4.050583191060397e-10,1.9823442875933055e-09,9.016451604356588e-10,9.19840518316486,3.955069088968038e-09,4.673890593263059e-10
N20000307,25.604463160396158,1.468345922857277,29.34260159150634,10.232962515266117,26.933923986015962,1.5824387072233543e-10,5.947050111149873e-10,4.369318285639023e-10,6.417702820410111,1.9666209006485008e-09,3.915275300639257e-10
N20000308,20.22886815412939,67.18341589219509,3.895416509714858,1.3743902711719342,5.937065605277846,1.5168614129314033e-10,8.690805836768132e-10,5.6753944118657695e-11,1.3808435659449174,5.883717723422691e-11,4.2961154224258276e-10
N20000309,2.648245346690126,76.72764955280213,3.2918874247970242,16.105135684514455,0.408007983169274,1.1891348013657594e-11,1.088933198895216e-10,1.5103601592022063e-10,0.8190740075101834,1.948008652378286e-10,5.017776262830225e-11
N20000310,34.13607565515097,18.442372075079334,11.221979319454967,16.42254989009052,14.782744449844163,4.666585000862183e-10,4.2300841419968414e-10,1.752655542552421e-10,4.994278608216031,7.224277448085695e-10,3.7667796272477786e-10
N20000311,24.533086328012207,14.478476708312963,13.339001915746113,22.63921060897714,20.124654585294348,7.514209352935817e-11,6.237869188599268e-10,5.97501570017985e-10,4.885569851525851,6.677238105853284e-10,1.6722249127230017e-10
N20000312,24.708687817997887,38.50619486231168,1.1361637869640002,22.297430183543533,6.722786180144433,2.1707066932273948e-10,1.1857588350899248e-09,1.3315717851199664e-09,6.628737158985465,6.159930066653872e-09,1.15864662269949e-09
N20000313,15.653063210391723,75.82523561120904,0.9890313215498544,0.6807179855082781,5.633354093982701,5.4322779072309494e-11,4.741697568228045e-10,4.3719776689252354e-11,1.218597774829542,1.9349498312745957e-10,1.7631535968020114e-09
N20000314,44.14447125994842,36.8882630595725,3.2632932432810424,4.896887685852805,5.285792223549012,1.876157337947902e-10,7.60265421175207e-09,6.64464009816861e-10,5.521292476512777,4.1820955975818546e-08,1.007742566929766e-09
N20000315,20.709109453627082,25.210635956742845,3.2464586137278775,26.57176016607276,19.50680853407439,1.7649653465192882e-10,1.1282966875047081e-08,3.603535364269922e-10,4.75522725501992,7.396371197147344e-09,1.5189465370152851e-09
N20000316,9.866381589086663,81.72043356344932,0.7360989318303909,5.940040016330565,0.6137388638410508,6.64758557211643e-11,9.138432932494721e-11,2.536453829361578e-10,1.1233070348122514,1.0353053642722444e-10,1.3471336422242592e-10
N20000317,22.548453468961853,62.36116129203151,2.787226992591467,5.345624345023089,3.3076431924762173,7.934388535148946e-11,2.756615745433078e-10,5.590888129269155e-10,3.6498907074935403,2.663770577744641e-10,2.4184881366324784e-10
N20000318,22.207104313323573,59.34677787879067,3.281862191256729,1.54774447796337,10.096091286046896,2.5496498420225517e-10,7.877271444216564e-10,2.049193629487024e-10,3.5204198504420665,2.3702928160828365e-10,6.920732987785231e-10
N20000319,16.0928606595869,73.68101213372566,1.0217119509322012,1.3993851232856764,6.050615193759757,1.4696259215359968e-10,7.727732329319481e-10,2.9295195118809095e-10,1.754414936029914,6.35084517462713e-11,1.4037105338825517e-09
N20000320,33.61334807910051,59.634573993779895,1.788047418452187,0.9204269819115861,3.201516075285226,1.6825230693184867e-10,1.4456532884101008e-10,8.688722309159065e-11,0.8420874501856359,3.332071042814907e-11,8.519230412435578e-10
N20000321,3.1457564239737295,94.00715235938267,0.5661311892284605,1.416476057654437,0.3569979886899036,2.1633733371618894e-11,5.769684999953823e-11,1.265832464888979e-10,0.5074859807139407,2.1740152813441347e-11,1.2918466391733185e-10
N20000322,5.950848561694567,84.41491364572474,0.26901543003851397,7.100663888923724,0.3528518009478398,3.0664560759197374e-11,1.228766317476659e-10,2.8140378730189302e-09,1.9117066688880378,6.307567296332104e-10,1.84261043089099e-10
N20000323,1.3093501660176574,97.41962116192903,0.3949011270952948,0.40834197284894114,0.2733404393839644,4.546466755034286e-11,6.816768218592291e-11,2.0352291410495863e-11,0.19444513246864636,3.5620846475754197e-12,1.1891108085058833e-10
N20000324,16.673492680573364,77.5338728276884,2.8703977324533563,0.6574417026891354,1.280167679559732,1.068198381260607e-10,3.8559910818794564e-10,9.108703838320237e-11,0.9846273757406552,2.426087604272942e-10,4.692369822996948e-10
N20000325,40.60460205685024,19.743926873186723,12.715632112089331,2.483331627780224,21.141341379306095,5.713477102092758e-10,5.644432937496434e-10,2.39150766891172e-10,3.3111659487398892,1.159517690393436e-10,5.566158937997936e-10
N20000326,24.224031777687536,64.57352231687268,5.650753112328555,0.42338578864811705,3.764067962181187,3.7971525553750244e-10,8.442756059310193e-10,1.7414856158245512e-10,1.364239039855664,2.7338332202347764e-10,7.547370950690386e-10
N20000327,3.712952592079364,81.30710679385238,0.5725346154445083,12.925396673243483,0.30099589831614393,1.3551341365313766e-11,7.063073368158104e-11,1.7248902692128725e-09,1.1810134249828435,1.3528127391963663e-10,1.3689275738534195e-10
N20000328,26.158232034557606,42.30570713507909,10.992334407003364,4.420493113181403,9.932848140919239,9.254168749874637e-11,5.046360103805037e-09,4.0600053447556103e-10,6.1903851538678385,8.982412299113576e-09,8.641649966604502e-10
N20000329,3.661317476272895,79.92867692429674,1.2180961253381632,12.808472940595191,0.7328621065327238,2.7190279314467113e-11,1.0963630880560818e-10,2.0560986510493907e-10,1.6505744262508115,2.7988047562230174e-10,9.11368653857112e-11
N20000330,18.075134812770013,59.65568719468289,1.1530768451184477,10.701614166984506,5.721806438983132,9.435343752934377e-11,1.2286480757790152e-09,7.885211522861204e-10,4.692680533986719,4.668880278754358e-09,6.938883026059135e-10
N20000331,7.932809824084906,29.682182747795977,7.404533634564809,47.66527160672262,3.4439388187614584,4.403690712970966e-11,1.0222486499971031e-10,4.027361465493676e-10,3.871263367164461,2.8740086740304275e-10,6.936115066490736e-11
N20000332,14.869866805059523,7.263213846981274,6.239921521537382,14.5028579850218,52.26587045417883,2.3750176877758027e-10,2.3597788468316496e-09,2.2777159290543223e-10,4.858269383252413,8.768511272909749e-10,2.6689608967416677e-10
N20000333,33.85276241551384,44.669215977437446,2.6950192336957057,3.9642906718322735,10.19618767278774,2.279248207764693e-10,6.900385045118526e-10,3.149780776926702e-09,4.622524023225262,4.777088006337814e-10,9.622933750423608e-10
N20000334,19.09141493179089,14.991106658132944,14.550573452657611,31.765998636791988,15.075892545542155,1.2457765494691555e-10,7.227459917195873e-10,5.609217348801576e-10,4.5250137714897765,1.9340147305139164e-09,2.523741839702831e-10
N20000335,34.43239784419669,12.623885004392823,9.292940896239225,9.34837558158958,25.206299467760335,3.6046194144155804e-11,3.2115055020550924e-10,4.682405141336323e-10,9.096101204405777,3.710717403951018e-10,2.1904639474173e-10
N20000336,31.822464987505,16.714405469619095,14.339083474759276,7.34293355503234,22.964607555009707,1.1163448595455042e-10,7.563824891043157e-10,5.501727269187471e-10,6.8165049556095285,7.159974393934871e-10,3.3086873425870055e-10
N20000337,39.6405608564471,9.626897335138949,15.533532426078986,7.118747389127862,21.668189173187407,6.482371226784018e-11,4.813173363553302e-10,5.754432088797012e-10,6.412072818329915,2.4373212083209285e-10,3.2446332346393766e-10
N20000338,45.16126933366661,14.491188068362264,13.52792757426041,16.768914674553294,6.795086624176222,2.1875999835333703e-09,1.0737110242945986e-10,2.628707237180069e-10,3.2556137222318786,9.691264174040686e-11,9.457630481643973e-11
N20000339,6.372754273672493,55.671045378083086,5.902553959658237,29.549184107930365,0.4820461760320605,2.717264244832689e-11,1.2513356704515875e-10,6.087994639507059e-10,2.0224161023210923,1.4782584647112384e-09,6.332058164481773e-11
N20000340,40.95029697214821,22.704578446347266,17.109647331387947,4.77932195101574,10.835665691606444,1.5797599944973228e-09,2.9079527398606766e-10,2.5551681720006374e-10,3.6204896048856745,1.722167956599384e-10,3.104263562704098e-10
N20000341,13.7328036488547,37.235733393716444,11.743675150834646,25.665089830617926,6.95790750389009,1.0570471988636596e-10,2.2904369131214905e-10,2.7109748499395914e-10,4.664790470881227,4.3702457039084025e-10,1.6209611070650737e-10
N20000342,11.52707058295766,46.90657767603532,4.468022671558791,30.431732142539953,2.165655349934921,1.0487178835699063e-10,3.123810748125609e-10,1.8032518018152267e-09,4.5009415739161485,6.519408034307128e-10,1.8477415296534867e-10
N20000343,14.574102992039913,18.511318254128774,21.76321670077314,40.02166932589238,2.124369405272146,2.0712305441403742e-10,1.4997706448452458e-10,2.1471862929339338e-10,3.005323320665845,5.981336106103795e-10,5.785279806249355e-11
N20000344,10.155347201600733,41.75421028009739,10.79485582940896,34.07603075987948,1.4435154092514328,1.569729793222048e-10,1.1049796146579135e-10,7.964688038948319e-11,1.7760405191341269,2.3194305561642416e-10,4.881991058062886e-11
N20000345,11.295874726075764,27.685422449450552,8.87814452820547,48.06897680645048,1.6426654309445226,1.1583851731796223e-10,6.091168153968406e-11,1.9291729944852666e-10,2.4289160581406586,3.159825721867339e-10,4.6905822040896405e-11
N20000346,24.519444848667128,29.378677202614522,15.305846331017959,19.442645416676534,6.611255620229368,2.7015722913080057e-10,1.59999263823723e-10,2.918138864676207e-10,4.74213057944775,3.798490330571325e-10,2.4493103077108147e-10
N20000347,5.916726017635434,56.26892411413292,11.098096476754453,22.348592953197947,1.3450750552821873,1.405042378121018e-10,1.5662032680147959e-10,3.040211232188553e-10,3.022585381871162,4.081385162635321e-10,1.166044030447703e-10
N20000348,7.27573564542473,60.57166230837833,4.089377810112863,25.36666344639983,0.9178830701468665,3.265377410717739e-11,1.2142587988485565e-10,8.857895911409551e-11,1.7786777188170875,4.0973512733432015e-10,6.791624563400189e-11
N20000349,19.601479961805595,66.6670615915244,2.8215476459103215,3.457788310998727,3.7370563140778206,3.1672729596784247e-10,7.245225091923231e-10,3.6561944062807815e-10,3.7150661725301037,1.0143538234457221e-09,7.317984018995503e-10
N20000350,6.447233578197999,57.712097182595315,0.9452931585108826,31.809574553511453,0.5541616062411189,2.723076775279255e-11,1.0461191912738233e-10,3.064679316763024e-09,2.531639917237247,4.4133324834006794e-10,6.812549366009314e-11
N20000351,6.341138284581367,87.78354152273755,2.0270355915293923,1.0699897348219292,1.1506728182210368,2.0000912030719366e-10,3.8253563499860165e-10,2.7816434688893395e-10,1.6276220467551732,6.719237149698217e-11,4.2564587996661636e-10
N20000352,4.697464516782608,88.07720978711856,1.5013579257614722,4.5422631343705,0.4734137412566863,2.5040927978939475e-11,1.1597725802016241e-10,1.298354574910269e-10,0.7082908942055982,1.0499802467637778e-10,1.287252010134649e-10
N20000353,20.934979024760484,38.70228325574315,14.277929207867313,14.472813740039403,6.146239947719499,3.591523928823238e-10,2.7274855621920445e-10,3.8008661825318704e-10,5.465754821909284,5.811683152228813e-10,3.6772204403391876e-10
N20000354,13.008407136568174,38.884399678411846,9.962791926918724,28.10100271752443,6.560919100607461,2.764566161074792e-10,1.207480676313148e-10,2.807063109281279e-10,3.4824794390348726,1.279559163495929e-10,1.286302508975542e-10
N20000355,2.0557471005393344,52.538692326121314,1.982669962868507,40.529102485283204,1.4812966808944572,6.552880058906641e-11,1.3741850915546274e-10,6.784725257556463e-11,1.4124914438709173,1.0738753147544544e-10,4.408415063915193e-11
N20000356,35.795711460015745,32.33319643417168,7.877392684485045,20.273637132889256,3.7200622851338667,2.080148143891776e-09,1.7686500440083176e-10,3.9241801012117927e-10,3.55498888919588e-10,9.808823249971673e-11,2.013776026014741e-10
N20000357,7.932961351526368e-10,19.28251815107986,74.57776367115588,1.8272815524502735,4.25982632161991,2.6953563380731278e-09,2.685738552303547e-11,1.7913286236056624e-10,2.591096886113675e-10,0.05261029927681558,4.635227285918977e-10
N20000358,60.436001567259936,5.565369563705175,16.755001966819787,7.356189498999524,9.887437397533166,3.3691336571302e-09,3.1171363228164655e-10,4.4109272364608413e-10,5.632018815038385e-10,5.534323266722586e-10,4.438444311636346e-10
N20000359,70.0603276573934,5.526224430417507,16.576759421735375,3.5741855334815393,4.2625029557911756,4.1022786732116753e-10,8.549379094472445e-11,2.4355871084678896e-10,2.2040061107562016e-10,1.0126816223711481e-10,1.2005135118106087e-10
N20000360,35.91893778924427,15.826067322049923,21.77722963369371,17.266511667600383,9.211253585117426,1.022852031260944e-09,2.186229276437527e-10,2.2330577512797702e-10,4.2463433225432284e-10,1.1945474846032222e-10,2.854134115820155e-10
N20000361,4.1329009551261575e-10,25.36764992745093,52.52016532121827,14.92349518238476,6.737886097776174,5.551939425721239e-10,2.443889806268112e-10,1.0163572032969646e-09,8.717445734812427e-10,0.45080346782558206,2.432939972724281e-10
N20000362,7.243351577893357e-10,17.4003511467859,76.35979697832389,2.674027326226134,2.9840207499647007,6.074096654687878e-10,5.890971727056074e-11,5.200213992692031e-10,4.4672783520185444e-10,0.5818037959774871,3.644724622406347e-10
N20000363,59.985224458916186,6.733339608006261,15.291185190577764,9.883132574730295,8.107118165087385,1.657898718875538e-09,1.4337740897138275e-10,1.451925482364509e-10,3.6552708122714787e-10,1.7712030330490873e-10,1.929974547021995e-10
N20000364,16.83687517928253,17.39002760947439,19.916024591785607,43.02045685026858,2.8366157673903993,9.504303381081708e-10,2.1406541990744145e-10,1.24755410503336e-10,2.278391509127368e-10,1.8725788212343937e-10,9.415242383463288e-11
N20000365,55.15183467544029,11.608041072433602,14.259563283247829,5.482637940902374,13.497923023804306,2.175058035701201e-09,5.409308849796377e-10,1.4622179804864295e-10,4.197475596690447e-10,4.3361297690415667e-10,4.5602872349399055e-10
N20000366,34.56091904779318,13.946934153717619,23.03930633564778,24.84291875321188,3.609921705393087,9.810989647718831e-10,3.4852875522730936e-10,2.2568950652695103e-10,3.7336138404702234e-10,2.136841591066988e-09,1.7092690161556945e-10
N20000367,29.494008484971435,24.412135098973543,24.90953686439175,10.524540106416099,8.465112401846971,2.7403472624465e-10,1.1161380736311268e-10,1.1743296757529925e-10,2.19466704259766,1.3506278714995935e-10,1.6440503038492973e-10
N20000368,69.14503694350577,14.92120609798275,9.80778787015014,1.7262349386945222,4.399734147382276,3.1929058316248037e-10,4.2702253614380753e-10,1.2186664450712413e-10,2.941688701034509e-10,6.478444755795944e-10,4.743650470895706e-10
N20000369,45.978889989033526,12.774977784250241,24.047472899208657,6.443225972524755,8.29498881977073,6.497602633020201e-10,9.726166666948012e-11,1.3922744404168832e-10,2.4604445340395342,1.5507570013509257e-10,1.3123472749610572e-10
N20000370,25.104221033625812,36.680687184750376,8.9336966780584,22.957600973534824,6.323794128537158,1.7707224332833838e-10,7.741930927786761e-11,5.457405341071091e-10,4.223212997424555e-10,3.735866433873088e-11,2.3351944446506736e-10
N20000371,25.867954241010487,66.89840311466712,0.6561198147796883,3.549978267127268,3.0275445557719003,3.0573768868328203e-10,4.003996554540466e-10,4.032584709097603e-09,5.492937266495948e-10,2.968596275453173e-10,1.0586705891147674e-09
N20000372,17.892900555589605,46.8860159173561,9.521870636380765,19.528289671936825,6.170923216413977,4.486140438808191e-10,5.161621460325812e-10,4.81561812486889e-10,5.135114439157975e-10,1.513191064875798e-10,2.1157753440130258e-10
N20000373,25.03263053283145,68.5418009592478,2.1838805575352382,2.748009642862127,1.4936783035185637,3.222409314572737e-10,5.361244436093409e-10,1.5018976891552974e-09,4.4845357009389086e-10,4.4157193892182613e-10,7.545416561790236e-10
N20000374,12.405622474658195,79.095252534372,0.9500538286292834,2.053074499045558,5.495996653765565,6.269162339198153e-10,4.492232624318776e-09,1.0278613857925175e-09,4.923552118411991e-10,1.0864314521938035e-09,1.803607294910321e-09
N20000375,8.007776118367946,87.7218688919534,0.23918125052469422,3.9429215134904,0.088252224156189,5.910139091415575e-11,6.519991503461681e-11,1.019048572945282e-09,1.013862181476148e-10,8.122842603035693e-11,1.814171741262414e-10
N20000376,44.884009666593144,51.443245479804176,0.7124916259093734,0.9813248697600749,1.9789283548264525,5.702694088570865e-10,1.5348626355909417e-10,8.993276947016074e-10,2.4738566023897497e-10,3.7209330692089424e-11,1.199107479837058e-09
N20000377,61.35553239028866,20.674943966779548,7.0311724275352345,0.22183978675475516,10.716511424961494,1.2843575064424362e-09,6.892975553005333e-10,2.886578848915828e-11,1.2630640646995838e-10,1.7494519944659498e-11,1.534008730554539e-09
N20000378,5.277673450868062,71.59829787733766,5.281014545444215,16.050242465132772,1.7927716597838512,1.6386791741530193e-10,2.1117172457559918e-10,5.208329027699112e-10,2.0793491263443126e-10,9.994282755515669e-11,2.29702458104002e-10
N20000379,22.552697871224883,72.39441336313874,1.312708751459077,1.1403300496234492,2.599849961969423,2.300034631799441e-10,4.921283090094981e-10,5.48823830428236e-10,2.1075901520740456e-10,1.630719513311847e-11,1.08639223961093e-09
N20000380,34.545704073778474,47.77712364491699,2.3901699958870064,12.463568454743776,2.8234338274324666,1.885430102916027e-10,6.899898638091775e-10,1.1565221539775361e-09,3.8670991705689754e-10,4.2795322340767727e-10,3.915642853198707e-10
N20000381,11.038571956518624,83.47358693479535,2.1990133403272463,2.092860231445386,1.1959675357754285,2.008622433862248e-10,1.7078457078129273e-10,2.3796517253107274e-10,1.7438865571341348e-10,2.803626961901958e-11,3.259174520612423e-10
N20000382,11.089804791253787,84.67648358059296,2.3636876143100807,0.36079756802439966,1.5092264439526946,9.43346657087677e-11,8.91122606893535e-10,1.6291925613282875e-11,7.221771692053773e-11,3.597127920558995e-12,7.885064972580272e-10
N20000383,57.66200294352494,4.59974665204559,15.555538428909808,7.354813337191637,14.827898634520075,1.9400851085012166e-09,3.3291835117583255e-10,2.3032491612899347e-10,4.965662427625991e-10,4.349119927709089e-10,3.731472044849054e-10
N20000384,52.89465615462705,1.9718641646588173,17.88334537375346,4.56224571472526,22.687888589552653,1.0698048392512853e-09,6.182789565069964e-10,1.5096661535705927e-10,2.4792310796780987e-10,2.1739777124634646e-10,3.7839310301853827e-10
N20000385,70.9740192534371,19.887487568525515,2.171845936004245,0.3441853791703592,6.6224618593538205,1.2147380564298427e-09,4.1445517370577946e-10,1.4142724164661086e-10,1.4669032122252473e-10,3.0661645970866674e-11,1.5609798101884819e-09
N20000386,5.93884616570627,91.26687360489235,1.9682547541347275,0.41489443171254275,0.4111310428644503,1.1071348606225548e-10,1.6950253739493347e-10,2.8000930480832365e-11,2.5503611204556476e-11,1.7952149009313221e-12,3.541284514860851e-10
N20000387,44.92823249951813,47.13931112548508,2.820468699639577,1.390340641412116,3.721647026595677,2.784896597671409e-09,6.59928947297573e-10,1.4455295949584768e-09,2.988643088995413e-10,2.88087141755693e-10,1.8721163613694553e-09
N20000388,64.55495223281117,25.3051116559437,4.769740518880281,2.6537568397683207,2.7164387489469264,5.244602823048477e-10,3.6126629327252947e-10,9.744468204585639e-10,3.148008229226855e-10,3.268100357721883e-10,1.1478231643147878e-09
N20000389,72.5913675599116,6.872418533565271,8.22249121379801,0.21338341592105833,12.100339275096836,3.8134267964508693e-10,2.635050454621937e-10,6.646607063879516e-11,1.4375628544730195e-10,6.323066862954347e-12,8.458420339724498e-10
N20000390,46.30979379928041,50.130043845484494,1.3933863017635009,0.508012014227781,1.6587640378227666,1.9160316963194446e-10,1.5191549570129615e-10,1.8652637410058345e-10,8.096221485076632e-11,3.255558737934487e-11,7.774962207877658e-10
N20000391,66.75796301874402,24.369028490459918,1.2817204245355376,0.13318179685537654,7.458106258517913,5.601147790015769e-09,1.1364457244938397e-09,8.469487615651701e-10,3.192268857839271e-10,4.332930401045624e-11,2.940121808643043e-09
N20000392,70.15618303348934,18.809483174076703,4.523564834010436,1.0095340934360126,5.501234860962654,2.339425861042557e-09,2.902763262578629e-10,1.5600705350873284e-10,1.8082817524241817e-10,1.3424664685835823e-10,9.240664392771456e-10
N20000393,43.28207655703365,28.217276619248814,9.244412282201871,0.8272230286369909,18.429011509050056,1.0926716448350534e-10,1.6794451506844662e-09,8.407540266605738e-12,6.972968334464928e-11,3.581122213184974e-11,1.9259498022419844e-09
N20000394,54.248799010313306,21.42213085742676,14.989391171333832,0.13030034994481035,9.209378606822781,1.366006135307543e-09,3.7362359478268366e-10,4.511992112375999e-11,1.0197750468014665e-10,1.4621940421174518e-11,2.2571650783288644e-09
N20000395,5.021450537911758,93.66868887049453,0.7902338314563084,0.09195461591618652,0.42767214386211494,1.6263024299358943e-11,1.0507688977817473e-10,2.914784034676277e-13,5.679756193305529e-12,6.728944056932679e-13,2.3112411244074855e-10
N20000396,74.75319442612184,15.55259316580061,2.561115802592658,0.7216054089246869,6.4114911922824,4.863871566869208e-10,4.929577659889227e-10,8.38533947876838e-10,3.4262360724857855e-10,1.1061280898310872e-10,2.0066967628103533e-09
N20000397,35.527480595961215,0.8575387163881023,8.547280751349017,0.4940834807588598,54.573616449162856,2.066548207060496e-09,1.9003608439387196e-09,1.21196085144106e-10,2.9589659412377054e-10,6.527749420668705e-10,1.3431765896832111e-09
N20000398,51.70499827012185,37.835936539369484,2.7060541025184017,0.17675030216159038,7.576260783748739,2.9696225931596244e-10,4.5507814649614913e-10,1.1745575426435464e-11,6.388680670913142e-11,5.3036487305569905e-12,1.246945162983968e-09
N20000399,67.28907020921683,24.399841943028594,2.0628776356653553,0.2059042385636256,6.042305968593178,1.13578670647412e-09,5.382132040610243e-10,3.499237601615435e-10,2.224667311618085e-10,6.589686125519819e-11,2.6201250328515746e-09
N20000400,39.478676333760845,44.38904552165395,0.8468026134176746,0.009133078349713023,15.276342448262339,2.7521890081335105e-10,9.806551578895719e-10,1.4444276207254771e-12,2.748573546988663e-11,1.165810192970395e-12,3.269525825451804e-09
N20000401,17.777740013667945,48.752374297254086,10.461778831758583,17.338109711145936,3.3112551135409314,1.809585268680777e-10,1.0953170479454322e-10,2.1168114314520404e-10,2.358742031818043,1.8350195936244373e-10,1.2879749185083257e-10
N20000402,66.73145976603256,9.231996180162094,15.817396762394853,1.3216743395993158,6.897472950933207,1.974166088074234e-10,1.4805940695456333e-10,9.71270303014244e-11,1.4787969543149147e-10,1.1186787506182278e-11,2.762943720836497e-10
N20000403,35.984394119615146,59.42160670945432,1.167166944866519,0.055588199302963374,3.3712440247579467,2.0217876002320567e-10,3.837522605438968e-10,7.165051937133906e-12,3.941780349501098e-11,1.4173128444205296e-12,1.3691691996334563e-09
N20000404,50.57711145482523,27.00607872619506,14.04373330908929,1.736558322701336,6.636518181976514,1.6551495014685157e-09,1.2139543560892943e-09,1.456917178259132e-10,2.8657668970734867e-10,6.71085054832341e-10,1.2401075549759796e-09
N20000405,49.248496630902515,18.719069499058264,20.30258875838153,3.4478007525320202,8.282044356489822,4.785710892176971e-10,8.699271197160667e-10,8.122105897021433e-11,2.959993373671575e-10,4.0142045874027933e-10,5.087095987188948e-10
N20000406,34.27048633437945,0.8613360426983164,0.8044517752600563,0.36446059021409244,63.699265244751416,7.0585230385586e-09,4.460947178976257e-09,3.869632722079433e-11,1.7557007359947237e-10,1.0426499092835496e-10,8.586647835400115e-10
N20000407,67.00490943718002,8.665799804403576,15.883356037831875,2.4538924404809848,5.9920422767139065,7.099921891816604e-10,4.527770203949859e-10,3.767517911044092e-10,3.210593642386338e-10,7.967770787964302e-10,7.322857854868626e-10
N20000408,55.49033837053694,10.59415409128082,3.4629905520255377,4.177564273166368,22.915560184486093,6.617980291952062e-10,2.942423768394061e-10,1.2260365165052558e-09,3.359392525011092,2.2652762791413032e-10,1.0845418588613159e-09
N20000409,68.20658856180751,6.904356737520616,4.04784028367412,0.42803018338332,20.413184222673003,3.3148780906927336e-09,3.0495958265953433e-09,1.1290283301058862e-10,3.068021523076939e-10,8.45894289385517e-10,3.311353337548501e-09
N20000410,48.604353293390126,37.05664639464034,6.556554750606108,2.1505631866030948,5.631882372278723,4.1811147866311565e-10,5.840514464654989e-10,2.2635184791717056e-10,1.9214029231480055e-10,1.4481328139230536e-10,9.161482254772774e-10
N20000411,25.31417216542074,59.985711663865416,9.958227786294731,0.3067570568587332,4.435131325768166,3.1215595864049525e-10,6.483979700671617e-10,1.121203181162712e-11,5.926512259539651e-11,1.0958865995994252e-11,7.502175849258737e-10
N20000412,64.07389409081645,13.18561939658858,9.256323273409231,0.6804672416543516,12.803695993938351,1.2482462738482926e-09,9.141317835583148e-10,2.59810268177554e-10,2.2084233583396744e-10,9.259098576431922e-11,8.574181368226447e-10
N20000413,63.97739784681144,12.868298005751564,13.812244753091463,0.7408653420202923,8.601194050345304,6.840018037479326e-10,3.713779914502243e-10,1.6470900995698325e-10,2.0047195654559486e-10,2.6593703513129438e-11,5.327845171635748e-10
N20000414,49.4257988460717,1.0656957639922928,20.06519141073477,8.34459773530535,21.098716242637074,3.934024626004662e-10,1.6897444996460934e-10,7.873659954703891e-11,2.0547356952081654e-10,2.734841553733805e-10,1.387325652788338e-10
N20000415,52.1303117002223,8.773108994881175,28.037357128487873,1.849139913585247,9.210082261930348,2.5133364581738876e-10,1.462397616930685e-10,9.763293993401858e-11,1.3703878722927348e-10,4.304996821649584e-11,2.1776815232298506e-10
N20000416,31.499281650287024,9.018437688111979,25.190510065216454,20.129371469729662,11.329568586219048,1.8671264587293625e-10,1.8803803114985492e-10,3.0473335287841526e-10,2.8328305390782313,5.020211508333683e-10,1.7610329718337798e-10
N20000417,52.243030465757435,3.9218480341386814,24.637216881084143,2.3733804265253884,16.824524190285402,1.030218270670985e-09,1.6063760615333305e-10,1.5611915074069434e-10,2.1685079556167847e-10,1.1109053731080716e-10,5.340505351143019e-10
N20000418,41.54066988966434,12.009485306811692,22.607476173469014,9.437333101670331,11.045860453878523,4.1298557601307997e-10,2.1210456835351016e-10,1.557835860244293e-10,3.359175072916459,5.445545182916668e-10,2.6421380449860934e-10
N20000419,41.946529343992516,15.639155284979022,19.524147071095367,15.680657845020967,7.2095104424901715,8.40257434612662e-09,1.0479373767478088e-09,5.274588455461142e-10,5.490618784732313e-10,1.4253463263491288e-09,4.695748515262306e-10
N20000420,60.86483609958506,1.6281645173820987,17.526274793144395,3.573693463537847,16.407031121356493,2.1463517002012864e-09,5.905026010662954e-10,1.8642314772586942e-10,4.2923004515244346e-10,1.3274230287333805e-09,3.141910740553999e-10
N20000421,14.424190700251192,30.25574663946965,22.829130264241247,31.38661167940745,1.1043207157907382,1.484070578799653e-10,5.707746765069282e-11,1.8486851650362225e-10,2.0200449578949456e-10,1.8935776863674896e-10,5.800307123571871e-11
N20000422,24.500865723457522,28.69547215402994,18.063223985876995,24.010674393340153,4.729763741075006,1.013170150328091e-09,1.5223579331725117e-10,3.722009543052652e-10,4.1106092883113324e-10,9.928777568081359e-11,1.7243822934103918e-10
N20000423,21.889929397101927,34.0945955554083,9.941996808828431,27.9647782415123,6.108699995348359,3.7399792106834826e-10,1.7734183494099293e-10,3.9255027916089295e-10,4.218012184334888e-10,2.1570826160270188e-10,2.192839035355791e-10
N20000424,11.49241113982924,29.767038616912767,11.594626868546102,44.220106584726274,2.92581678787853,3.369064422288264e-10,2.7157406207103993e-10,5.800255632028813e-10,3.944566795188946e-10,3.907327546735644e-10,1.333979308921453e-10
N20000425,40.457966993961264,11.181247978413857,3.670929993080037,36.72945151796145,7.960403515523512,6.455419186973073e-11,3.1055947815398834e-10,1.1767917922641177e-10,2.6728489510237396e-10,2.0674845595500204e-10,9.30398167498796e-11
N20000426,30.830029790217754,30.847349282048896,15.897037892716778,14.860242465041148,7.565340565079519,3.3982287685140284e-10,2.470061202489442e-10,2.542564012271398e-09,1.039772238355744e-09,3.5159795148931985e-10,3.7515093857259934e-10
N20000427,17.71753668529431,22.818621247354322,4.101863348498342,43.13326843688445,12.228710278387942,5.85750798252033e-10,7.307101605996705e-10,1.0774491331287746e-09,5.555664623664438e-10,2.8625470894431127e-10,3.4490950053792454e-10
N20000428,31.46820702982851,19.86537518069556,14.802680150809424,24.58786489794888,9.275872738616853,2.0502474930150154e-10,2.677607683558795e-10,3.9366114817452356e-10,4.5989003474852593e-10,3.449269953764975e-10,4.295103529005533e-10
N20000429,35.25086953504575,40.10048762478468,10.347063011267679,8.11075347640588,6.190826350967451,3.113499101204919e-10,2.841686208141667e-10,1.2194505272445738e-10,2.8462210810445326e-10,1.7221614234479445e-10,3.5427750169368645e-10
N20000430,43.09926074213229,7.058553799060641,33.343719969814686,6.238017476336764,10.260448011184002,6.212889465581078e-10,1.512966625672767e-10,1.6735317533023733e-10,2.382256622947484e-10,4.362172097524233e-11,2.498255275218113e-10
N20000431,16.066229525663385,78.50570007811847,0.2880223879108015,4.521326745785386,0.6187212584153945,1.5148819067493253e-10,1.58983983920071e-10,2.628099658360755e-09,3.030504609325395e-10,4.1545467719456237e-10,4.4950087204529614e-10
N20000432,19.222633329026973,72.5208796544718,0.6179647593146177,7.015864846203959,0.6226574069076968,1.0302169697136037e-10,1.5707767693386204e-10,2.539181907922537e-09,2.6057105463104917e-10,5.534246743160075e-10,4.6167130160718036e-10
N20000433,35.10481085280541,28.160932700770037,14.996898440384737,4.262779331572668,17.474578672833065,2.577943789545236e-10,4.66916386002915e-10,1.0856990526235788e-10,2.8763993306368493e-10,3.4196215807673685e-11,4.789810540980783e-10
N20000434,37.43241237138064,55.67508147073027,2.2250052258812296,2.0501426521839483,2.617358276016111,4.971354271765583e-10,6.53038101573205e-10,1.0461018878673876e-09,3.489208337952874e-10,3.2441359428042665e-10,9.381924406333748e-10
N20000435,32.35147222423808,52.52805727229731,2.935476782090485,6.379171657364259,5.8058220627009245,1.3368810195231987e-10,2.4382323663642136e-10,3.158163366485043e-10,2.512612605799938e-10,6.306860641864398e-11,3.0128993646985763e-10
N20000436,42.561399235291184,11.492079571640096,25.87630396749752,1.250457502367436,18.819759722390234,2.8399906977229527e-10,1.6681239029899378e-10,4.148822130595609e-11,1.378429738197314e-10,4.073811666945465e-12,1.7929261501536387e-10
N20000437,56.069875282352854,34.3291877845993,1.052529853841382,0.8431866009735162,7.705220474674443,5.043938270912757e-10,7.115702987798299e-10,4.059543477993742e-10,2.6701000768996453e-10,3.238600786302833e-10,1.3457118166115453e-09
N20000438,30.83369808034963,33.68438745973681,29.325589118783213,0.37459537188737313,5.781729968276666,1.8839373358844798e-10,2.3842307872767665e-10,5.216183463230404e-11,1.3804928390049873e-10,1.0197607862956627e-11,3.3907655797397646e-10
N20000439,38.19690392920482,51.87122219630933,0.9135000365760031,6.808974470828143,2.20939936253127,1.8141119955140376e-10,2.550920748898419e-10,2.608943918486207e-09,3.795974175327236e-10,3.6176684892087073e-10,7.636301331720019e-10
N20000440,58.13314514582696,23.37714760154298,4.847874607462028,0.3802343890969997,13.261598249428452,5.877725366520355e-10,2.6617492895073525e-09,4.2937163151901675e-10,2.847967194817188e-10,3.998853719902774e-10,2.2790086720012225e-09
N20000441,36.03183991311449,38.59998068136392,8.549660317407243,2.1811055619666715,14.637413522678536,7.12482537821882e-10,1.1626612308101406e-09,1.36576126728452e-10,3.240238663157801e-10,1.8331932459728162e-10,9.500814578973919e-10
N20000442,12.674218602821849,79.25255424290955,1.4494432973729738,6.155833865852331,0.46794998949692623,1.1826096081939046e-10,1.5179989727783306e-10,6.549187731675315e-10,1.752548855858624e-10,2.469280131555592e-10,1.9920187458759667e-10
N20000443,50.06691734033946,4.011022029079235,27.634542126045837,1.320746090548452,16.96677241340314,1.101428126082583e-10,1.4497979267945583e-10,4.457409463870287e-11,1.4057251967900276e-10,3.8009787266099095e-12,1.3980493238284558e-10
N20000444,45.58389854650314,27.8261017183001,17.63775401782527,0.09256113404542442,8.859684582248144,2.593688399061142e-10,2.7536092815471285e-10,8.221879997719576e-12,7.711905541061265e-11,8.989230499159107e-13,4.569447571539634e-10
N20000445,50.95006927542679,29.03508804493274,1.5507746802030538,4.688465627964743,13.775602368498346,4.4892652095954887e-10,7.106667623653448e-10,5.106135280014372e-10,3.7404246194822565e-10,1.2765127622364741e-10,8.024304480547633e-10
N20000446,57.46698130847013,4.472043737410608,14.636241120170968,0.5732181634888615,22.8515156684485,4.759700237449246e-10,4.522552997505551e-10,2.1874986292004139e-10,2.83485948167384e-10,5.5505751330149645e-11,5.249554809269988e-10
N20000447,48.50883563701428,8.531466568585024,20.51379745286286,0.7861033094677295,21.659797031019078,3.155012065608961e-10,2.4521593898439603e-10,4.668959625054151e-11,1.217422841672564e-10,3.687768605450431e-12,3.181775314048267e-10
N20000448,42.28025650690186,24.11953280533631,10.573662324414936,4.56411369459953,18.46243466712032,1.717610935952045e-10,4.400194713475439e-10,2.114769060899289e-10,3.7660476557660145e-10,1.8993372449589027e-10,2.372617194152402e-10
N20000449,28.58429716547541,59.09777767358961,1.4301588409058903,5.134251887604249,5.753514431121564,6.338340318613089e-11,3.660334338550982e-10,1.0176807227324154e-10,2.5538209729855406e-10,1.434227016666005e-10,3.7329594712000143e-10
N20000450,33.57440187334315,3.265349389583854,23.550802349868952,4.392530790469725,35.216915593585554,1.3201947611012643e-09,6.30443730808978e-10,2.2099471730889375e-10,2.355303979812485e-10,8.521550542722997e-11,6.563839653735823e-10
N20000451,44.00380170946862,5.96069652195393,14.408443779289268,1.2179166129350534,34.40914137380304,5.305733271804024e-10,9.234542934266112e-10,9.803637987533116e-11,2.792710072344259e-10,2.380228640514847e-10,4.80718020496271e-10
N20000452,31.864328597831687,40.26764197169311,14.226660258767968,9.638668007938152,4.002701162656281,1.8059562967178978e-10,6.493768923350274e-11,3.723307618406228e-10,2.2206301041020646e-10,2.639172999439862e-11,2.464897013636836e-10
N20000453,39.04674103334596,40.73978902559973,10.174541156037883,7.966558415438743,2.072370368599542,5.012490232190145e-11,9.684493171357314e-11,3.5457153471735214e-10,2.837119839364534e-10,8.251078467687379e-11,1.1039590259349465e-10
N20000454,12.867656340801007,69.01946530379108,9.503282361582666,7.596744116994703,1.0128518755799751,8.020003012796268e-11,1.6232963049584618e-10,3.9016859070342207e-10,1.6352686851959852e-10,1.9575293355848717e-10,2.58587079504759e-10
N20000455,70.90746559028528,1.6532768153834254,8.496738994164128,4.973803543583076,13.968715055161898,3.177232670468555e-10,2.524441504800343e-10,2.791674446380873e-10,2.5504370124961603e-10,1.0956760001986691e-10,2.0825218979001779e-10
N20000456,47.5907014814993,1.099712086418129,10.545898087828466,4.375899878415605,36.38778846205969,6.025637063458847e-10,1.8149640965248633e-09,3.329115567015409e-10,3.2261242660406956e-10,4.431571030354416e-10,2.626006723417166e-10
N20000457,55.32481727372349,1.9304771694819742,7.782280601032465,1.2333491484976196,33.72907580127721,1.5260506780757569e-09,2.1840555356182568e-09,2.6751299528337196e-10,3.2258362400911296e-10,3.0675444820338803e-10,1.3802722513649379e-09
N20000458,51.992586803526805,13.182273599563942,9.046581800526214,2.737718787377891,23.040839002236016,1.9318032482298617e-09,1.480417996723332e-09,8.677260870727575e-10,6.457386408588912e-10,7.547732035214754e-10,1.0886788962434571e-09
N20000459,50.29880831823701,4.627829521574624,4.98018456141008,0.9021228757551085,39.191054719567106,8.392683716915392e-10,9.084397305930255e-10,1.0744142853159719e-10,2.6131452183987775e-10,1.175258012082715e-10,1.2220838783790183e-09
N20000460,42.56161101245504,6.9598464094458,35.302357298319016,3.3281269031224054,11.848058374322905,7.256090451127049e-10,6.294584464657989e-10,2.3178867834778724e-10,2.7953253960579633e-10,1.3507792912240394e-10,3.333807985745228e-10
N20000461,67.67895331679925,1.2705414702444167,18.00661056389444,0.9615789482481417,12.08231569989124,1.5747882029341373e-10,1.2051584563552924e-10,1.796159405249521e-10,2.2083195994345147e-10,6.487176352764549e-11,1.7918236829108426e-10
N20000462,40.8272451292565,0.7580386729802886,24.483113468124802,3.068409593214425,30.863193132362156,1.0860552272057954e-09,7.093782870010202e-10,3.4409958882700404e-10,4.22760209018743e-10,9.747044604714406e-10,5.248300440038455e-10
N20000463,55.390775783346236,2.4139133520683798,13.224674228819424,0.9049053810692884,28.06573124563449,2.7064831861764067e-09,3.0046142701255414e-09,4.0788592224644826e-10,4.264242064469549e-10,1.0408422955250693e-09,1.4759300760655448e-09
N20000464,47.33671598725166,0.5470102147518365,24.804281807275668,4.6816056455802775,22.630386338350103,6.344619712271476e-10,8.430928675859141e-10,2.0967647481894648e-10,4.828547124627507e-10,4.258750682635125e-09,3.6162517032189016e-10
N20000465,38.63885373188477,35.17521546418629,12.565904554483403,8.42900609964898,5.1910201429046845,3.6177687665755156e-10,1.4414265992740642e-09,1.1452054049747724e-09,4.886552700712088e-10,2.8492612762893026e-09,6.055326430284214e-10
N20000466,72.41954319778333,20.792220393415917,2.5409906112480147,0.9682523928745724,3.27899340076222,1.5434042287174305e-09,3.067755456810987e-10,6.022052908595684e-10,2.2736691526490167e-10,1.6011321635688488e-10,1.0760827472800473e-09
N20000467,37.620475001212725,14.375879540047857,16.315761982789347,9.430924804102919,22.25695867073411,2.684987955907602e-10,1.894256959774707e-10,1.1360024244207002e-10,2.3518607714950547e-10,5.452090068029924e-11,2.5180676581635566e-10
N20000468,65.26972902070918,12.832190362891216,5.072844231364921,0.20172367864325574,16.623512702106098,1.0199045193811242e-09,6.077134996704734e-10,1.7200888729564538e-10,2.0383371752716332e-10,1.7065186225724007e-11,2.264782494568279e-09
N20000469,47.89882012182662,1.7831042134250574,17.8479546137126,2.2507269613121763,30.219394085979523,1.4131609144369728e-09,7.220266246040585e-10,2.1632152119168414e-10,3.1447419370629813e-10,5.003450575507151e-10,5.776948253654107e-10
N20000470,41.094146449151395,3.855657878659325,46.080698866493044,3.178683269283722,5.790813535186641,5.282113782574933e-10,1.104298483356513e-10,1.683426624080236e-10,1.8692211049378818e-10,6.132294510490041e-11,1.706456171543114e-10
N20000471,42.18937768531431,1.4314698020867802,44.64885540384029,6.004392045554967,5.725905062087604,4.6347661548411506e-10,5.4435903495515226e-11,2.1335944359257213e-10,2.0213592051804627e-10,9.660488059244398e-11,8.605202959240227e-11
N20000472,59.55367214271119,6.290111431845031,11.668062147699231,2.664200338245504,19.82395393605887,7.196690103128533e-10,9.954555373230487e-10,1.8731965473209222e-10,2.5471159009525444e-10,2.340440353004179e-10,1.0489569804585307e-09
N20000473,40.477479104398505,1.1098896623467625,20.862972424618114,5.414009802230357,32.13564900171479,2.782696936285454e-09,8.960687564414041e-10,2.352156277286144e-10,4.086331158688477e-10,1.1709822451517809e-10,2.517640056466575e-10
N20000474,37.63860282591566,3.7463697109975893,35.10456880004248,6.135340607397078,17.37511805318386,1.0476930485894088e-09,3.1431075726938575e-10,2.12163497900693e-10,2.950756342741959e-10,1.88324711974259e-10,4.0577847538678014e-10
N20000475,44.50260871181226,0.609966562809186,26.096992313022387,6.5588382278932045,22.23159418265716,4.2643876202871855e-10,2.06688591806168e-10,4.918411638242516e-10,3.461981614895245e-10,1.675270708094719e-10,1.670885986424125e-10
N20000476,21.060299487299265,17.828927295278476,13.64609628327416,45.08100933308449,2.383667599709288,4.660211738537786e-10,6.262076639811123e-11,2.779624875163166e-10,3.01795393287318e-10,1.6895825075974387e-10,7.697121561741502e-11
N20000477,30.115131078894887,24.58258670027589,7.192212260515698,31.74933647847912,6.360733478867988,3.452599548102946e-10,2.844861247925506e-10,7.414022842255793e-10,5.811811518391233e-10,8.202336546997663e-10,1.9385066317621745e-10
N20000478,27.48428909552192,26.626437645555995,13.71734212935285,25.307780302496024,6.864150824878883,2.9692497462903e-10,2.9720626423222213e-10,3.399455047626664e-10,4.622899726213654e-10,6.208369146407462e-10,1.7714018044641777e-10
N20000479,21.94340482357483,58.69658569571875,2.5645423798216664,14.762493968911999,2.0329731305167704,2.2919152700949797e-10,2.1398746387970758e-10,3.129810098427269e-10,2.1174341579196047e-10,2.9382637944285277e-10,1.9425541146124853e-10
N20000480,12.370559151207297,11.815708111014674,23.83674213576058,50.5676575328973,1.4093330684475733,5.494240611396705e-11,3.8285943660700176e-11,2.340845212726408e-10,1.9213842736671943e-10,1.170350989265856e-10,3.607441019622284e-11
N20000481,21.4224589608019,28.02606061699403,6.556376903387179,34.46713330452081,9.527970210809183,8.936239873445004e-10,3.5961411658257497e-10,3.5116831759381297e-10,7.456215446987914e-10,7.068346618119006e-10,4.3003218529150344e-10
N20000482,37.62932739361463,6.377153203182839,13.130346483127772,23.084430573192048,19.778742343864902,7.812172290923596e-10,5.529080209747567e-10,2.3565160500835967e-10,4.652736009766128e-10,7.837346214431362e-10,1.990313192444296e-10
N20000483,43.749637382426805,6.532938337164021,20.01189514892754,15.778557931712895,13.92697119510046,2.3408388084119843e-10,4.459775775887478e-10,2.5063855087512e-09,1.0827062088244574e-09,2.52450037079139e-10,1.466564977823418e-10
N20000484,10.679734973905159,20.996869440621396,18.401528113853505,43.281161049950995,6.640706418783859,5.09818314772387e-10,8.299668465996917e-10,7.74197474600184e-10,3.8581351543055095e-10,2.427166739084644e-10,1.4256758207228508e-10
N20000485,12.121902174230717,39.84572736155082,9.402319690401825,37.59285710022447,1.0371936725475206,1.1437210316872563e-10,6.755433265219276e-11,3.474439752195444e-10,2.7868479743334975e-10,1.7269620796508565e-10,6.388921744574193e-11
N20000486,33.99689393591464,18.738596218982163,14.865800319693115,21.080636417437802,11.318073106161556,2.9115535571442327e-10,1.6413216257099138e-10,6.746997324343367e-10,4.914262210827074e-10,2.925884929075611e-11,1.6003906072796743e-10
N20000487,11.92274583131178,12.526532259505366,16.36926569859515,48.52786108872034,10.653595119386615,6.061767223899386e-10,2.6727086153489903e-10,8.443065470413405e-10,4.619294831721514e-10,1.2423594084361376e-10,1.7683457122463745e-10
N20000488,21.188305544906058,8.226844598724126,25.306773133800085,39.41465036129691,5.863426358453081,3.963715730397012e-10,3.817149573772735e-10,3.3087063496685353e-10,4.263552806004959e-10,1.1572971703786758e-09,1.2712732563221128e-10
N20000489,34.599753420422736,35.46546800790746,8.08364233330561,8.869866032037796,12.981270201851611,8.493233556857338e-10,5.968123457715482e-10,7.867841556010746e-10,7.565781479038932e-10,4.8585607526008e-10,9.994484796942347e-10
N20000490,25.247939702974577,67.18219160906432,0.2554472778237418,5.530577262128038,1.783844144169048,2.603395229856597e-10,1.63385213100777e-10,2.260803849360932e-09,3.075981517422843e-10,1.354088913488899e-10,7.127494504938952e-10
N20000491,17.376102107735573,73.41503004188968,0.8817611079516705,7.642709622679145,0.6843971185020661,1.0707916997773504e-10,6.78833608148003e-11,3.0667341419009087e-10,1.6538065331007076e-10,3.0680319733530704e-10,2.880587599298487e-10
N20000492,25.023381401701826,43.52499820878039,9.57830552462477,15.449927340268932,6.423387519815524,8.855372078996779e-10,3.9054891581857864e-10,1.940185342349583e-09,6.546661177637824e-10,3.004935342290213e-10,6.371283005856789e-10
N20000493,9.51843531164118,12.665608201869683,9.100597365150701,37.946355837818174,30.769003263493655,6.697281219147284e-10,1.0089997848727235e-08,2.2239121565360887e-09,1.3641832208530189e-09,4.659029650366533e-09,1.0197429460673312e-09
N20000494,21.506121137713226,67.3726989974263,0.3907538136738491,8.627049512442166,2.1033765338056005,2.5537955245078893e-10,2.800260157119912e-10,2.7581601053029275e-09,4.850120917654811e-10,3.66565158813335e-10,7.937259450283704e-10
N20000495,13.859668361098093,19.96035930618739,10.103766171790445,54.03758821906466,2.038617940373497,6.94798920975828e-11,6.100252077094787e-11,7.945100978294273e-10,3.643288436273511e-10,1.536795109792574e-10,4.2918645849590595e-11
N20000496,25.40195450689462,33.77347252382029,15.653309730987733,17.464365023839374,7.706898210864542,3.4554031606896296e-10,5.97983758849449e-10,1.2522055674025096e-09,6.259343739429194e-10,3.2904594738942845e-10,4.427182851585659e-10
N20000497,26.48158064099227,25.290571567594167,11.673756086725563,27.981390351792427,8.572701351737777,4.9357536111137555e-11,1.4143410777327656e-10,3.1156045408773504e-10,4.658276626321656e-10,8.239869149960505e-11,1.0720636944477251e-10
N20000498,15.441945661774092,80.80213741100341,0.9309880042172359,2.2815100859444857,0.5434188366491844,7.112163469069344e-11,4.5277887605828515e-11,2.137949588304681e-11,5.220653489864648e-11,1.6834123097930117e-11,2.0475591548103458e-10
N20000499,23.233561377990586,37.43953191791351,9.634125033645118,27.309788642044918,2.3829930265191424,1.487211950054784e-10,7.138113580531684e-11,9.828933147748291e-10,4.47265858904401e-10,1.3183960675169255e-10,1.0461337371120306e-10
N20000500,9.241613082791835,71.10907235016603,3.9982099343541853,14.347181686811275,1.303922945114815,2.252692337711922e-11,1.8827867649581095e-10,7.404190896659871e-11,9.466015037027226e-11,2.2356502950793507e-10,1.5877591608636276e-10
N20000501,63.71813032889464,0.6289817154716683,16.698546825424422,2.3298400079115815,16.624501121784302,7.690149452675142e-11,5.7073974030673314e-11,1.506240417278418e-10,1.7549643701072072e-10,1.229619300645957e-11,4.1000254780292964e-11
N20000502,59.032544893255654,2.1847981709798723,16.511230819476424,1.643135358612005,20.62829075631638,4.6081209675460767e-10,2.2431674569758466e-10,1.1228734418823631e-10,1.834241058896748e-10,1.116123533557385e-10,2.6720966727953503e-10
N20000503,13.254654838041487,51.72608148936646,3.9666359976206462,25.54348857951798,5.509139086849725,5.411935464734709e-10,1.667401533798468e-09,1.592990853312299e-09,6.552924357929832e-10,3.209331016156075e-09,9.374694030498752e-10
N20000504,4.808622075999386,91.15225924976883,2.3340306289367105,1.5963912696949987,0.10869677550969511,1.9509039565456056e-11,1.0957473975687324e-11,4.313782617005566e-12,1.4007864233778916e-11,2.107501330833878e-12,3.9489294379497634e-11
N20000505,22.189644949723846,68.8936226757573,1.0891011327647269,4.465486371583678,3.362144867580791,1.6437259317263566e-10,4.0544703454562106e-10,5.974828671587222e-10,2.3725070647872485e-10,2.0772524611652889e-10,9.773738300761383e-10
N20000506,4.890661064070721,92.54815203923425,0.9530049041926324,1.3156199958541697,0.2925619964494274,1.8792269854980335e-11,4.815353400722313e-11,1.0862469005280027e-11,2.1723276242343545e-11,3.871337000016282e-12,9.537723048793955e-11
N20000507,68.04294300811353,7.599629397106867,7.7091135428041815,0.9852194912900089,15.663094557553805,8.06166168546911e-10,5.654725758187289e-10,3.408635864394646e-10,3.6851334162478113e-10,2.2027201400655692e-10,8.303061180723156e-10
N20000508,8.80199998129169,84.29379249082453,3.001722430050686,3.1137173438539145,0.7887677526958286,1.2559982670615106e-10,2.4277729327476223e-10,3.5966834282723763e-10,1.3156421194071008e-10,1.1885350879274492e-10,3.048673533528018e-10
N20000509,13.904862373345015,80.94174241632189,0.31337775918580857,4.131676883752763,0.7083405667768606,6.317154749897491e-11,7.041103027274552e-11,1.615547862731344e-10,7.921509069581357e-11,5.057364147605002e-11,1.9272660592644693e-10
N20000510,57.67546550018153,2.286583509608492,19.756640412013606,2.8301049872764343,17.451205589274537,7.871278142266703e-10,1.6123173147920816e-10,2.0172690159236378e-10,2.2557121591838075e-10,6.81766028594671e-11,2.015737623804526e-10
N20000511,19.410632564731696,67.76751127240637,1.8661557192221492,5.978608333035642,4.977092108044688,2.9298882256086774e-10,3.3097860280557185e-10,6.390943644734904e-10,3.69427331546407e-10,1.322730048881932e-10,7.946928982580661e-10
N20000512,20.016058827645285,72.90144701117124,1.991570169062265,3.2738798060859575,1.8170441848258636,1.131112382946166e-10,1.7652942122056456e-10,5.5915760109723583e-11,1.2562647693294916e-10,2.5725689048349506e-11,7.124922295327905e-10
N20000513,50.623903708868454,3.230865590865674,11.55000956649049,2.6868652679227063,31.90835586204348,1.3131521462937116e-09,4.5799260861802494e-10,2.949973703760695e-10,4.423418931195223e-10,8.385463663545401e-10,4.621660865183927e-10
N20000514,60.421491108665805,7.236367974878019,20.155533005796514,3.207401685412842,8.979206223708518,3.615884502541381e-10,3.016879927090531e-10,2.3622691756342473e-10,2.566852863331658e-10,1.3342562176557657e-10,2.4868255195506154e-10
N20000515,14.169444459515454,80.15899371812516,3.242218466812436,1.415234208837682,1.0141091451066586,2.19386324856505e-10,5.823131660586384e-10,1.6637354704222307e-10,1.0605340122584948e-10,9.089343755684552e-11,4.3757458604853117e-10
N20000516,20.006458386977418,63.769969788352334,0.8420630882985827,12.132705229279326,3.248803503845222,2.0402118006591168e-10,7.724255360212417e-10,8.778007082994371e-10,2.5008619531435124e-10,5.980654588434157e-10,5.447171901613511e-10
N20000517,66.98436345624411,5.153345994170178,6.035907155035634,2.299475221501832,19.52690817028548,5.74538435334305e-10,3.6597138186322244e-10,5.231927644635489e-10,3.1340725497882586e-10,1.3124973837384774e-10,8.543968500708729e-10
N20000518,41.67612859259339,0.35004584476430867,11.3620828096187,1.5055745738525017,45.10616817702333,6.423610169612069e-10,3.3624803689983693e-10,2.111611613730847e-10,2.4877481942592913e-10,1.8479504374776599e-10,5.244434715237257e-10
N20000519,61.608564194406846,28.489182048738392,3.3970966372063796,0.5525182914206936,5.952638822822693,2.254876973898106e-09,4.606475433905063e-10,4.668162731049266e-10,2.2024288317447495e-10,3.821810085160766e-11,1.9642052327117113e-09
N20000520,48.3938776766446,1.8742231923536572,33.96043402767219,4.6855298879494,11.085935213577644,8.13194677131336e-10,1.116820689312393e-10,2.1575832653858838e-10,2.1992794704498722e-10,2.3368507005260373e-10,2.0826352917942657e-10
N20000521,48.320755661582155,3.7341818812565544,16.69566895182762,6.095800982871345,25.153592518964697,1.3103970176494582e-09,6.151103764085432e-10,2.2540941343775343e-10,5.156576873106681e-10,2.9336402638276035e-10,5.377027626897961e-10
N20000522,12.181408475118335,51.32797086433267,8.007516487404738,26.375760763802873,2.107343407302027,2.569484798834294e-10,2.730388765934739e-10,6.178804475773012e-10,3.687539662668679e-10,2.7532785452342566e-10,2.4741166581200314e-10
N20000523,50.46212334133523,19.433341391724106,18.76281600309952,3.012569313337705,8.32914994881882,7.101394765982599e-10,2.3791489223482175e-10,7.346781704910187e-11,1.3630249624446527e-10,3.634408623171586e-11,4.904570657239927e-10
N20000524,43.031691091000575,45.61384310864973,0.2602448186572783,2.062817756144966,9.031403209285044,5.913243101130633e-10,3.754359369093794e-09,5.540656394930074e-09,6.108743350637115e-10,1.557145503323026e-09,4.208055744397478e-09
N20000525,27.911900136107953,66.52986238235685,1.1127697502272553,2.0284339828733464,2.417033745053959,6.632427919759709e-10,8.122858063557464e-10,5.662171626405389e-10,1.6769509256584782e-10,1.0742968950554603e-10,1.0637615374747616e-09
N20000526,54.82306335096511,31.944183777051453,7.046418684925867,1.6384944171780385,4.5478397687791645,4.95801713132724e-10,1.0440005088402075e-10,1.6698968280328243e-11,7.57344333793517e-11,1.1731338411342573e-11,3.9601375405392834e-10
N20000527,40.31346570370531,52.501154618326105,3.568000078388039,0.6651695873975738,2.952210008852762,7.382093685920866e-10,7.659112340946184e-10,4.2209139158932733e-10,2.0427085220269498e-10,1.0752143972630471e-10,1.0922029678559543e-09
N20000528,16.12356803250608,68.96016505822179,1.937683830037414,11.231914721733622,1.746668354205227,4.723589959648956e-10,3.369011061646898e-10,1.2786107967287003e-09,3.395213045147899e-10,3.2050363621578214e-10,5.479918728543547e-10
N20000529,68.33510128718245,9.152736028327451,7.033472196242487,0.6739132314639769,14.804777254726673,5.448842465246888e-10,3.7995950857088066e-10,1.5156081871266256e-10,2.2240496360935488e-10,5.433818937331489e-11,7.038251453428265e-10
N20000530,34.146887105857424,37.34783558523265,12.899523380485414,12.987270835293183,2.618483091753818,1.0000279958127041e-10,9.134035670542989e-11,7.152038165494987e-10,3.6009172263242667e-10,3.328845435859651e-11,7.757297990423203e-11
N20000531,46.9442319621789,1.192148799701161,25.0707153357047,2.1153565561548215,24.67754734492957,4.720254189218571e-10,2.1178714489203962e-10,8.556061245599406e-11,1.5565350175481813e-10,9.447434324705785e-11,3.1134110072860226e-10
N20000532,10.111034242378652,87.62591026924235,0.24939378133783668,1.4483894838677493,0.5652722221981099,6.94915781302422e-11,3.172587228588381e-11,1.943824843603967e-10,5.0725314355727353e-11,1.771476010640058e-11,6.112598276221271e-10
N20000533,48.544480504359896,4.593416576563202,7.411834222598129,0.1708047493163352,39.27946394103096,2.398034243727533e-09,1.8386142586567607e-09,1.2291107205742884e-10,2.530874447316534e-10,9.276285742385156e-11,1.4260735984322679e-09
N20000534,9.638216241543129,74.43431313320997,5.717637055546375,10.062219083510795,0.14761448553776527,8.191842426252945e-11,1.1355100392609119e-10,2.1715407155017478e-10,5.2114787181550744e-11,1.491638063912071e-10,3.808758106404621e-11
N20000535,24.572390991122624,46.63365887403963,7.754067513902345,18.88952101032321,2.1503616097276144,8.953341709440618e-11,6.023534872685129e-11,3.6050502059920423e-10,2.400224579873064e-10,3.6840150310537336e-11,9.743911255029993e-11
N20000536,39.15893474379729,39.86561124315678,6.103289989566556,7.76924762978969,7.102916390900265,5.634756140508694e-10,3.4549018275609357e-10,8.783268644865119e-10,4.1411973239291326e-10,1.1160117190312265e-10,4.764094606372382e-10
N20000537,54.06550620881585,10.786046018367848,9.021464940949253,0.9009739126309245,25.226008913694102,2.040704713713133e-09,1.798951691740271e-09,1.6371668564161497e-10,2.4923456361431484e-10,1.7497378534281032e-10,1.1144462387182899e-09
N20000538,28.884493411035546,34.93278642263233,5.268120196902705,28.574937201410705,2.3396627670389982,1.0377662806933555e-10,5.55273536465316e-11,4.2635303423632365e-10,2.4607616261946795e-10,5.2866358140150205e-11,9.513382579006891e-11
N20000539,69.3440266839448,20.9948147485575,2.3482643074920295,2.2537338727501175,5.0591603828499165,8.460539246611962e-10,4.1904883803861355e-10,8.685844465988878e-10,3.9197730160762763e-10,5.076181452750067e-10,1.3723612822542846e-09
N20000540,59.64280058859439,30.29316478959493,3.5737077214747477,0.6717681973921806,5.818558700029711,1.3905747355900176e-09,3.0349964875600585e-10,8.881612226268974e-11,1.5899590686055427e-10,6.281373346865837e-11,9.093657936183207e-10
N20000541,3.3316121136959844,87.79253799975076,1.7931410110630546,6.920620135518522,0.16208873967914722,2.973693557026652e-11,4.176803382049293e-11,7.037480073258979e-11,3.802914259888496e-11,6.800010155860575e-11,4.461590416493035e-11
N20000542,47.96085162876758,6.745525396367677,28.88988295196222,0.8459074321946967,15.557832588342388,1.1339027422917004e-09,4.67045248974256e-10,2.651918526593459e-11,1.2820161008287576e-10,9.86059946113643e-11,5.111674899456169e-10
N20000543,31.52377662425619,56.377849455240025,0.9385907227223097,3.311353159781078,7.848430034818943,3.585030891610752e-10,5.166651508182385e-10,9.41856467876708e-10,4.301526207849856e-10,1.4590294138138935e-10,7.883600976777724e-10
N20000544,58.08647920994547,13.329333935111896,10.417928599550965,1.1168329032708089,17.049425348403,1.6265296624948292e-09,4.786525822765978e-10,1.2533725116386862e-10,2.444815113716311e-10,1.8612533403239468e-10,1.0567447427280423e-09
N20000545,37.368858733706375,3.8472031001735254,40.13741435056027,3.4396575288900015,15.206866284098863,1.308214098394774e-09,7.014182772363025e-10,1.2427545318641796e-10,1.54134069741309e-10,1.0371373497927636e-10,1.7920632171510763e-10
N20000546,55.56507912719528,34.6443072730741,4.9128140758544845,1.7336549857634018,3.1441445346619044,2.199056905884488e-09,2.387907813312861e-10,1.5804196116461007e-10,1.8304589870903074e-10,1.958777179584586e-10,4.760146841273386e-10
N20000547,61.615731071390755,9.833798797213225,15.070187947325348,3.45667033391278,10.023611845179527,1.615669170204182e-09,1.1489120493656446e-09,4.531588684404778e-10,4.2354733871715505e-10,6.389571084491172e-10,6.981098982913234e-10
N20000548,65.92827676487772,22.312939182516892,6.382623384594057,1.2444355461671301,4.131725119613342,8.828050873560629e-10,2.891593733712882e-10,1.1022457641652344e-10,1.5048121754008368e-10,9.04859169738076e-11,7.077048377182463e-10
N20000549,47.76249706198841,1.1402820892445091,19.203582336783192,0.9272635330515351,30.96637497407825,1.9642912594971336e-09,1.332376366422701e-09,1.7397183524047068e-10,3.359369013522879e-10,4.958375240986253e-10,5.51692495535888e-10
N20000550,51.085988365571076,3.682638650610949,34.40467218043513,4.611756258721885,6.214944543809898,4.132706774562107e-10,4.42567952139381e-11,1.4433298010258213e-10,1.6817226474774513e-10,1.7935226067721863e-11,6.310126975221295e-11
N20000551,41.82119293719179,0.35697965545338345,4.8375902982491885,1.8764459880146842,51.107791108958665,6.450452515176039e-09,3.097963732106568e-09,1.9861676451211664e-10,3.8648946165214986e-10,1.6784080893797599e-09,3.2037342812967063e-10
N20000552,55.95712809809481,1.9675772778141298,12.346583736773539,0.9288691602467758,28.79984172441359,7.6973616376141e-10,6.298262969043498e-10,1.5577429129175254e-10,2.804035258033074e-10,3.1847269119873146e-10,5.029296492217309e-10
N20000553,55.36578646837531,3.7074397184824104,22.46729402400214,3.089730489098123,15.369749298579205,6.835120835955087e-10,1.7497237395147715e-10,1.7455908061991934e-10,1.9899796101782576e-10,2.811250292040207e-11,2.0266074575478244e-10
N20000554,65.76991836664921,1.5254774146768546,9.749840345037391,1.762483351405247,21.192280519878718,1.0983478984196466e-09,3.386941052872467e-10,2.1991867283105227e-10,3.093909885042961e-10,1.5838213931920944e-10,2.2785447193321503e-10
N20000555,54.26635695660388,4.771479883151617,26.60464375714975,3.259509071159135,11.098010328220994,2.018528070523767e-09,3.884661821692355e-10,3.618467317283013e-10,2.9524195072092756e-10,2.5721539768738256e-10,3.933221562763227e-10
N20000556,48.26357263535518,6.725955143406018,10.293099978697139,1.119740968997779,33.597631271343104,6.877324521963133e-10,3.971353965599808e-10,1.7278614561517427e-10,2.2048951453208522e-10,5.362703064554748e-11,6.69000230651217e-10
N20000557,30.815209234446872,0.5328878355953793,42.447701063112895,5.906576266752574,20.297625598651784,3.6713205643169057e-10,1.7432433255647947e-10,1.5501098288240255e-10,1.8659936085413114e-10,3.544208119922519e-10,2.030043104313143e-10
N20000558,55.215508588438134,1.4500327907887274,18.940171087036937,3.6832779674481277,20.71100956493662,4.2332890373751115e-10,1.8234229399133544e-10,2.113493308361741e-10,2.6724572621689576e-10,9.754078617121864e-11,1.6963304780171686e-10
N20000559,42.80374638893284,3.3230307242512303,33.142457814072024,9.711643382205143,11.019121686117092,2.1828452310996206e-09,2.885525992423343e-10,3.2885168578468283e-10,3.7502244578438673e-10,9.635346532993064e-10,2.828721523533152e-10
N20000560,43.614507510299354,0.5665635134766467,34.055474012965654,1.121387668803395,19.285308894287088,1.0701391438977895e-09,3.2049260356624e-11,1.1329776206647574e-11,2.180856475888844e-10,3.0710785867524645e-11,1.3567583988055558
N20000561,53.521913515894106,0.9611079918779066,22.618343161988108,4.026721114783326,18.87191421275647,3.26516509983591e-10,4.463203939175155e-10,2.4252096838225505e-10,3.368256592464151e-10,1.138415307543817e-09,2.0948568971993696e-10
N20000562,33.869364901762005,0.8089097078434606,40.47555542590877,7.435863637083904,17.030551130695894,1.129055021460563e-09,6.04498240819524e-11,9.867455800000566e-12,2.247906092936489e-10,1.2281557014440178e-10,0.37975519515899053
N20000563,41.61767317817698,0.4579982602221007,19.42111757668637,1.0078472858780498,35.90487422673071,6.85485565260164e-10,2.0012280936285316e-10,1.2433687872874895e-11,3.1175680356470645e-10,3.29962503337454e-10,1.5904894707660409
N20000564,59.894097431014096,3.8571361001544706,25.034724800591313,6.590708489702108,4.623333177649529,2.611388174507096e-10,6.802696960295537e-11,1.9989286608273567e-10,1.6757734269990226e-10,9.585062162229937e-11,9.598745541051544e-11
N20000565,46.60048409614924,1.4067898288467,23.91360622918729,0.672050746217401,25.18645874533416,6.153249607832608e-10,1.1330566521651434e-10,8.488254820485582e-11,3.273388153091865e-10,2.7536161195820256e-11,2.2206103530968235
N20000566,78.03499473659048,3.9676574621907608,5.06153890812718,0.717570049546557,8.995246482733625,1.13125540416505e-09,3.0717277054066066e-11,1.331663499973723e-10,2.898444592823552e-10,1.63873659400131e-11,3.2229923592100267
N20000567,51.47638329692421,13.540266519312224,18.933411675754666,12.40765673737286,3.642281769343677,3.4322596983991413e-10,9.263447067409803e-11,3.623843120223647e-10,1.720768301327492e-10,1.4649795638548805e-10,1.7551569782487314e-10
N20000568,42.55213292700793,0.5350552832674198,29.359767230623486,0.9720506602770853,25.922226833318895,1.349841215837222e-10,8.434403889029347e-11,4.390422221493784e-11,2.999809673572527e-10,4.505443541899194e-11,0.6587670648968984
N20000569,54.606823107495586,4.25889392663167,18.332869909945888,12.016569514474892,10.784843537908854,1.307384923811621e-09,4.4266067144040624e-10,2.0237390648311314e-10,3.719149373668985e-10,8.998654209322131e-10,3.1890611873022934e-10
N20000570,69.47274360509711,3.6033100602702017,1.084002535888338,0.13670410747418982,18.204013454338007,1.784546303638435e-09,3.354916737541587e-10,2.4081126338623087e-10,3.2553974456054277e-10,4.9542837248746665e-11,7.499226234196213
N20000571,32.14750449976861,0.22942402686910182,4.6653183493288,0.3542113401910674,60.59735601510662,3.0760218104553597e-10,2.506254866690527e-10,2.4376132459795934e-11,2.425964751241106e-10,6.882460329833035e-11,2.0061857678417914
N20000572,44.429362291496396,1.1707148910045646,41.217002972861465,5.667100962305007,7.515818881617774,1.9781917949569632e-10,6.303725108868824e-11,1.7330865985951691e-10,1.40892628001504e-10,6.531697064302423e-11,7.443041310102882e-11
N20000573,52.78400508293469,1.0784138781914872,26.773934554088036,1.2534116235931605,17.047926481958307,2.651417239610614e-10,9.153107480189823e-11,6.86775993456156e-11,3.2255192558096806e-10,9.556475203785312e-11,1.0623083783908371
N20000574,68.77200280317818,3.3987578243496053,11.628726951745987,0.741125941575795,11.914318187635828,7.934987804356872e-10,6.628780008959499e-11,4.922025538337605e-11,2.1946109444002238e-10,4.3723611837196783e-11,3.545068290342427
N20000575,44.3454450310447,0.702151740558801,23.218530991392136,0.6349179984267111,29.41904142291913,4.943895544349057e-10,3.785985940298723e-11,4.867795284141479e-11,2.0298834697572442e-10,1.2108244117023839e-11,1.6799128148625029
N20000576,34.95401125633856,0.31143770257519804,47.381163850073264,1.0029318453352898,15.804221529401671,3.742841041318962e-10,1.3446426797184227e-11,2.1446554606583042e-11,1.6825235212643308e-10,1.9982246377227333e-11,0.546233815678599
N20000577,42.05073259987959,0.9729430363661468,31.845581782048505,1.6123265214377724,22.319034365831047,5.216254011536861e-10,7.029891680397102e-11,8.703577834354919e-11,3.963240087504286e-10,5.71644764001516e-11,1.1993816933044887
N20000578,24.828628634197692,2.633936400766163,53.8268551458247,4.0037936261871945,13.154968282476684,5.785161238768423e-10,9.540354293094445e-10,2.921771386438502e-10,4.885205011563829e-10,1.579763203132361e-09,1.5518179066545543
N20000579,47.93955521704775,0.7910543675334459,32.83376190937041,3.0149548591853805,14.410119390162343,1.077549254462163e-09,2.455644946395452e-11,1.802175555870131e-11,2.3433709095453986e-10,3.782166892261368e-11,1.0105542553084066
N20000580,52.53232387962174,3.293329592747628,21.85597355035059,6.752734211064027,15.565638763075365,2.1312182734448263e-09,2.060424245476586e-10,9.019121719192555e-11,2.738906070887806e-10,2.091292372593231e-10,2.3019128879209154e-10
N20000581,55.159146522346056,3.667222138629607,29.05258150146974,8.333620350151847,3.7874294867546245,1.104038905161376e-10,2.9261591244607077e-11,2.3911506699186284e-10,1.4119063528588235e-10,4.938677745112233e-11,7.876989542222204e-11
N20000582,55.2521432048516,0.8227968861226068,22.864194469612226,2.244047187026208,17.835041655009807,1.0054118494486772e-09,5.1583441272453306e-11,3.6142624242594186e-11,3.408156009612401e-10,1.3489562960582682e-10,0.9817765958087054
N20000583,45.56467612510212,0.2975245016317438,12.428904508607959,2.2652064374024974,38.63116090101299,4.600529623895881e-09,1.9579589285090133e-10,2.0014621649754574e-11,2.8413538956576213e-10,6.886728688699624e-11,0.8125275210733591
N20000584,56.15787395393582,0.9976315534310587,20.656406169139586,0.8142954011170412,20.630757311700762,2.7941990087917395e-10,2.470804809324182e-11,3.125486025741508e-11,1.7953663665751918e-10,6.958747642820438e-12,0.7430356101538561
N20000585,54.7784539303973,3.277985781717294,8.885281617731705,15.04628309542678,18.011995571276803,1.6226938323877456e-09,3.008485022138442e-10,2.1947455200939554e-10,4.206498237164127e-10,5.470924931105597e-10,3.393618416078687e-10
N20000586,48.44583385771388,1.136334040909437,28.65482697283936,3.4239702411236776,16.906679879152247,2.3364986137474865e-09,4.998029448867341e-11,2.3123990947800632e-11,2.9383093801479994e-10,8.432025373568921e-11,1.4323550054736343
N20000587,56.46812477122845,1.1006579111766157,29.43140711068159,1.6585857624670717,10.591191972540535,4.923992169322413e-10,2.600479577464319e-11,3.332152875482129e-11,2.2346189161833908e-10,3.166205814165471e-11,0.750032471098894
N20000588,49.985429047573895,1.0950092897196178,26.925585328143825,2.4114972989752257,18.179554901178506,8.232135694615285e-10,4.958590124262037e-11,2.634992257673545e-11,3.431126081328588e-10,1.188676810576846e-10,1.402924133047807
N20000589,65.97083498592754,2.4559814862993843,15.050320862070146,1.7852318056582712,13.150607342252032,2.4890451117498325e-09,4.1143778342565215e-11,6.439995482964669e-11,2.8938012931497766e-10,1.2099103704945177e-11,1.5870235148965586
N20000590,39.982659324257476,6.9239792861318845,24.42899396127511,24.479477559503206,3.5122229426265457,7.234542414998343e-10,2.7370663984042917e-11,5.7395724871488197e-11,3.0382752372238854e-10,1.142806975842571e-10,0.6726669249794439
N20000591,36.618280826939056,12.926791478064917,7.12045182854862,11.307536800159102,29.64977774783254,4.891660377641937e-10,1.2327978471334613e-10,1.1323618671096679e-10,2.377161317289174,2.34058572546201e-10,2.068481279710849e-10
N20000592,28.92548781852063,18.8451879134276,20.286514799834805,21.348851850505394,8.423317280313393,5.023928852496649e-10,2.908422686143072e-11,1.5142133936108353e-10,2.1706403365570113,4.197541693495944e-11,1.1628934817362387e-10
N20000593,31.528197057823554,17.865568630762994,18.482252032367015,24.690858874779916,4.774292298400781,4.991498013762408e-10,4.309671889963296e-11,2.8204696204983113e-10,2.658831104501506,3.8483945019599276e-10,1.550945661341907e-10
N20000594,35.24200239596833,2.8963479290219594,25.290905142786386,31.29507928405093,5.275665242634286,1.2621396499370644e-09,2.4727764901448955e-10,6.522593343270213e-10,5.788601367455887e-10,2.6601035591627175e-09,1.3746216454165378e-10
N20000595,45.73299203736892,4.724551081198315,8.458049788602565,22.048982419328414,19.035424668377807,1.6368679920234801e-09,1.1646530615923155e-09,3.8961578438183333e-10,5.259235674644467e-10,1.1374156357417e-09,2.694992267635292e-10
N20000596,33.966148813242455,53.484698829592645,4.85297330930154,4.349960007392896,3.3462190383947497,2.770712007519444e-10,1.9730054587043785e-10,7.254032124423814e-10,3.0952132188523046e-10,1.1180620429279925e-10,4.545902519436694e-10
N20000597,40.61827283390158,18.317900575239175,9.903284152970278,20.538704047897777,10.621838383635998,4.055879006856143e-11,7.041959197786173e-10,1.7583239436575947e-09,1.1195959659245287e-09,2.5353328285211195e-09,1.9717454777204918e-10
N20000598,41.516706963308096,51.08978146811049,1.3756033452909358,1.3551297836142446,4.662778435512893,6.489330695861063e-10,7.050462598701184e-10,5.363567867940068e-10,2.6347731292573004e-10,3.7529753690418416e-10,1.6342408514326814e-09
N20000599,62.68333559651956,3.724627614822578,7.360446617883806,3.8820754687623458,22.349514697956206,1.755327692264815e-09,5.044459844926968e-10,6.296577613484025e-10,4.6155131086321546e-10,2.5286939609920156e-10,4.516409034841798e-10
N20000600,48.91958310764236,26.65337760095701,6.225479131987327,11.629493798729055,6.572066357656232,4.1367598578803705e-10,1.8162848209233782e-10,1.5712742229646861e-09,5.068599424590499e-10,1.120005756022504e-10,2.425753557746169e-10
N20000601,36.66763526897503,45.609953758380215,6.732288763251069,9.376616268194764,1.6135059401145773,1.6260685744357608e-10,1.2939455678049376e-10,2.0704260027925017e-10,1.3182849684064384e-10,1.6332255876839356e-10,2.901324770434653e-10
N20000602,52.05406443173507,9.336781818383038,16.819463144029488,5.862311904703602,15.927378698627507,1.178393193295954e-09,2.0093539003644113e-10,3.585905139335222e-10,3.061333582235896e-10,9.012468570168196e-11,3.871190611523709e-10
N20000603,83.64341694432048,5.222307642010915,2.484430142539064,3.2984731838913666,5.351372084161591,7.666192507679917e-10,2.1806621951950114e-10,3.8780268219938726e-10,2.507537614629502e-10,8.840590748473227e-10,5.692929658825941e-10
N20000604,35.66882495658828,0.19707527085549362,11.573370460524112,1.6943131336892205,50.866416136728866,1.1265691901546097e-09,5.655833278626031e-09,3.1841092860494123e-10,7.484069573253934e-10,3.285163578390178e-08,9.13168735666384e-10
N20000605,38.0109881054851,3.575003394240517,2.427567052587259,5.253910975531214,50.73253046270916,4.1288006882143805e-09,2.943275175329571e-09,1.22116442375405e-10,6.595504108986648e-10,1.0651316284545862e-09,5.278799050659467e-10
N20000606,48.67294377391204,13.082876425979013,7.465953160289791,13.554705893947997,17.22352074217343,1.2598093922273542e-09,5.852474093792247e-10,4.1407063600800833e-10,4.832564164043818e-10,4.889333293389572e-10,4.663996905155317e-10
N20000607,48.539870030202856,6.114822642607294,5.09511352719247,4.345005707674736,35.905188089725705,5.460381931313759e-10,7.703617092669154e-10,4.1343449065252534e-10,2.415556554802214e-10,5.557922087929389e-11,5.699741447122524e-10
N20000608,28.32648607399389,1.078319235012675,25.746967415732453,6.071067969827998,38.777159303373885,5.827537951906849e-10,3.5648268554230386e-10,2.1232261144094484e-10,3.220361408554807e-10,2.3096410129843772e-10,3.545446306431204e-10
N20000609,30.984041904452436,1.2563744865393804,22.517694499151787,7.689193050989432,37.55269605633122,2.8309865327868216e-10,4.598133752421963e-10,3.052760856433035e-10,4.4705929192316416e-10,7.513043524320918e-10,2.892020250045082e-10
N20000610,24.70874023171556,0.5855643953187996,7.3545714931227,0.7743485850510305,66.57677529077979,1.2092363659123236e-09,1.6171789047758125e-09,1.5262977122059723e-10,2.6711101087325103e-10,3.142774573050429e-10,4.51700877804084e-10
N20000611,55.89752628544681,25.691582021900828,1.4599824222519462,1.4282263913632385,15.522682868879055,3.481479556037378e-09,1.671762111188035e-09,1.4228296365593987e-09,5.552766614534074e-10,4.782274801621794e-10,2.548548041482828e-09
N20000612,49.89540241460595,40.67178115190565,1.3639876987776554,1.482197780793979,6.586630949622984,7.743042329401485e-10,5.620729958062769e-10,4.206840131332604e-10,2.1602714421978293e-10,1.8167784261680182e-10,2.139026237595727e-09
N20000613,26.364538823316863,4.95998618721862,49.01543495447631,9.453710168218116,10.206329865356803,4.1569120973132047e-10,2.0363204266211194e-10,2.7363329323529026e-10,1.9899826890299316e-10,1.1564424569947767e-10,2.0570037028442835e-10
N20000614,21.170459930652004,3.3794627366685743,6.495815217518929,12.245823985665062,53.873991366639615,1.4195827214079862e-09,3.910595109044541e-10,1.6127874753163404e-10,2.8344467602505836,3.06035856203951e-10,3.272633591346669e-10
N20000615,66.51611506096815,20.10510132980968,0.44157652620605603,1.932328262391781,11.004878815397248,7.821418767264536e-10,5.269727341628213e-10,1.924365214385846e-09,3.618105758037664e-10,1.2585352630217543e-10,1.5059397616418357e-09
N20000616,63.44971505249368,21.393686338170177,1.3085441070385415,1.4210193043039254,12.42703519323481,1.3498876492922091e-09,7.371422040139657e-10,9.520285492524591e-10,2.8084785822445904e-10,1.3897198315764884e-10,1.299987941423633e-09
N20000617,49.547662218250224,7.124666205746681,2.88179788111849,1.384251578107233,39.06162211525808,1.6162005477091997e-10,4.797917591742047e-10,2.703241036635806e-10,2.1993958107719787e-10,6.763225962267332e-11,3.199819297769997e-10
N20000618,51.607930622745144,34.76573727001557,1.844175092307835,2.451349380872424,9.330807629704827,1.1427299010449587e-09,7.884510908399246e-10,5.118673815319683e-10,2.6923194872956826e-10,2.1942067684150154e-10,1.4224884634346287e-09
N20000619,63.27667707746841,29.774952157656028,1.2960345002284193,1.6081701012148615,4.044166161580013,6.479891813614793e-10,9.594295145244932e-11,1.592637737836922e-10,1.8301906489041387e-10,5.686331817983606e-11,7.091906449672284e-10
N20000620,48.952715998506704,29.80686865983413,7.025773777292471,8.549547173464799,5.665094389154069,4.753365389417057e-10,2.389077088809081e-10,1.6767423122003782e-10,1.7909273819254432e-10,8.723778322847558e-11,5.995843487510049e-10
N20000621,37.20981876600346,9.51660692737695,14.434492091285305,6.080810745518414,32.758271468819785,2.215033470305376e-10,1.4432766859186045e-10,5.857391763987054e-11,1.9628887660484284e-10,6.804720485244696e-11,3.073607901390187e-10
N20000622,40.906755443095584,48.92139060902899,2.2421184903252933,4.945361752250456,2.9843737032257502,3.6546571885306423e-10,3.2563809713781734e-10,5.668163549355127e-10,2.3283590965321996e-10,2.302312049511904e-10,3.52951011621741e-10
N20000623,38.626850119734115,4.230834812174602,23.38034961602512,17.446242457038018,16.31572299338526,1.460499421534995e-10,2.8696478427355755e-10,2.4836543942385143e-10,4.1847486218438893e-10,3.1685309321766947e-10,2.2614707579007992e-10
N20000624,23.386456305064097,64.25268677587658,1.200413331857533,5.526878472380819,5.633565103728774,2.9035358297692284e-10,5.405798757728247e-09,6.109933074007256e-10,1.934870849422436e-10,3.067615023385415e-09,1.5239492497456104e-09
N20000625,51.352991764324194,28.1626523449433,4.540586069433339,7.162021562010085,8.781748257304036,9.571447613495966e-11,3.796625107910434e-10,4.882271192904862e-10,4.0482530226429225e-10,9.921754488813918e-11,5.173993716077768e-10
N20000626,49.64588182784498,2.3065805211394173,3.0462940862035026,2.7182500198734014,42.28299353789503,1.657224439420956e-09,1.6058766884586196e-09,3.8819271816899885e-10,4.851373513808512e-10,1.9205342202045266e-09,9.866863244508721e-10
N20000627,51.769430745190704,8.633530279358462,9.767410023501702,2.2643610057966246,27.5652679431665,9.04118665021511e-10,5.869924560385013e-10,2.440334964063427e-10,4.060195472655808e-10,1.8132062014283806e-10,6.635292982959777e-10
N20000628,23.195683313091042,1.8295451831946574,25.178836934418968,10.890139889947953,38.90579467616986,7.799246878131971e-10,5.768596496983531e-10,4.860853998013528e-10,3.6304731362790194e-10,4.272646183653191e-10,5.443303186407083e-10
N20000629,45.53589248303822,3.531394450275566,9.630477362080116,4.641642324807218,36.66059337390237,3.976888828738418e-09,6.812754041100337e-10,1.30951546166017e-10,3.897277183503492e-10,3.725922983204741e-10,3.450666512689552e-10
N20000630,41.20095572034475,41.371093194035105,3.04616168389508,3.764670878285438,10.617118512210507,1.6914629524635051e-09,2.3871026479686915e-09,2.6229468121553357e-09,5.516916839451605e-10,1.1556314488683854e-09,2.8202955815874167e-09
N20000631,17.784547904569298,66.43328484658304,6.659556609172271,7.562604828881921,1.5600058095366225,1.9830855051328551e-10,2.69038917343977e-10,3.625564118412441e-10,1.1313879177795052e-10,1.2276564713889945e-10,1.9104673007977913e-10
N20000632,47.85281390365112,39.50631347165405,2.978832908795257,4.023070842323094,5.638968869268797,4.300676316411148e-10,3.988939724905962e-10,2.3568805174101547e-09,3.095367602214854e-10,1.3590867523110585e-10,6.763798426398961e-10
N20000633,40.35167047774583,4.985027251563752,20.078945204560256,2.908554159432788,31.67580290434667,7.211288534622984e-10,3.5411210396384177e-10,2.920168344172391e-10,2.4558914698487524e-10,3.9909594020224985e-11,6.979419396080443e-10
N20000634,79.87942389148057,11.862837061293874,0.30158960617034725,0.35616361513568134,7.599985820703742,6.365110377443218e-10,4.416511206471133e-10,6.244893738668408e-10,2.964180383341697e-10,8.004547624566727e-10,2.4162456499231083e-09
N20000635,18.404191411003797,2.912179705241241,32.3257393040063,42.69936245533603,3.6585271237348116,6.190073089957938e-11,7.881298532827308e-11,2.82790316223213e-10,1.566807894033349e-10,7.46228317009302e-11,2.3015763302707626e-11
N20000636,42.96996606691602,5.104874213070946,23.407484793935435,15.483983376869197,13.033691547060894,3.172377738212697e-10,3.850465580794811e-10,2.989159839224869e-10,2.934495084238603e-10,6.457412914620493e-10,2.0712787485870942e-10
N20000637,60.245200573551784,2.8908926565831305,12.835375378123295,9.481544832801575,14.54698655346824,3.6044027035165574e-10,8.617889947078801e-10,4.674568020523773e-10,5.117827129680333e-10,2.864515319983545e-09,4.0598412867769313e-10
N20000638,25.86997165831163,0.8308574750896034,13.522222052527042,2.7141811283013424,57.062767684389115,3.285509238857191e-10,3.759827807923704e-10,8.404315866023504e-11,1.6382193836087941e-10,1.0023177302108586e-10,3.286458596206034e-10
N20000639,44.35056667226488,7.641004777499042,26.466488802308135,11.83123438826916,9.710705358098545,2.0574931524303666e-10,2.6769272972604486e-10,2.1945931633426904e-10,2.4735519052250305e-10,3.956205946494097e-10,2.243590938725388e-10
N20000640,43.63621396387174,2.6088084151981406,24.770341585323724,9.508755320994082,19.475880710245626,7.801776841110736e-10,6.868068758381479e-10,3.9940885890935503e-10,5.658061089685684e-10,1.5331089167045404e-09,4.01382988447992e-10
N20000641,70.99839144962883,4.558054406791669,4.279440730828253,2.7398587273068036,17.42425468101598,3.8766704608950263e-10,1.0458997627616188e-09,4.1222869333310607e-10,4.993998282974795e-10,1.2281397090102745e-09,8.551369450805527e-10
N20000642,23.393542999542845,2.4779490664085517,5.819730183029333,24.312094147957012,43.99668359750778,2.108919827957243e-09,2.2640596271255304e-09,1.6728560348235396e-10,4.4053884268598233e-10,4.63583923363627e-10,1.100939585168674e-10
N20000643,50.601072119865265,0.5879505461035549,12.961694681222513,1.778611846734636,34.070670804572764,2.9936178487447325e-10,2.6939893519413255e-10,1.9899422448938653e-10,3.419686857067927e-10,2.4046303714237803e-10,1.5109485137824098e-10
N20000644,73.42012004203288,3.33405535621402,10.281631731361479,0.7933527642130754,12.170840104573038,4.353276154811404e-10,1.648516752807624e-10,2.851111467704362e-10,2.2583816364181414e-10,8.760738086687941e-11,4.0675054431907734e-10
N20000645,20.255396550734748,16.27357881314479,7.452709595199243,39.50589233756565,13.888913123643928,5.503816406851181e-10,8.242451421215935e-11,3.9182402378069254e-10,2.6235095784694504,8.170807640383636e-11,1.3583695414521428e-10
N20000646,49.612876686311225,23.405481450647393,2.1214761617345106,15.787249878242799,9.072915816403981,7.497516024299147e-10,4.6422575812518505e-10,3.724355525460335e-09,6.99747891813895e-10,4.4510143029140963e-10,5.769159831009281e-10
N20000647,45.02259309917318,19.156389637569816,17.09876708500729,9.750220551580904,8.972029624334011,6.136688254201635e-10,2.6854432648789047e-10,3.827383193975886e-10,4.672125593850535e-10,1.8345585828983318e-10,4.191723539272573e-10
N20000648,29.480940441499826,5.6960884812711186,21.69593118318616,20.802546243212714,19.857116607042713,1.2110149680330643e-09,6.896694056696243e-11,1.588871621690266e-10,2.4673770420901544,8.147080249793643e-11,1.7697274254644027e-10
N20000649,49.27175873189207,9.240791032825046,18.52190261215415,10.958592948700462,12.006954671473176,6.667729177036717e-10,5.177622438845529e-10,2.1334705957398604e-10,4.443734137356425e-10,8.274837473913566e-10,2.8535612665559583e-10
N20000650,39.473922104333056,9.507132236121302,21.540046224357162,14.874785205279997,12.705447040019468,3.5482565635256664e-10,2.1770944988414992e-11,1.6764392351250164e-10,1.8986671891225448,2.423591341394372e-11,1.9800908689353823e-10
N20000651,8.348135793851835,26.50355838544987,7.985618478460313,54.003285609858494,1.611483711226976,9.400804673459339e-11,1.591551466987521e-11,3.541103958664057e-10,1.5479180205732128,5.723169422326983e-11,5.803149542793373e-11
N20000652,13.248647862997409,8.656450498681675,28.746589282897055,48.41790140039236,0.9304109541223129,2.2976755340789152e-10,4.619320282425273e-11,1.1534806722530582e-10,1.5245448663158356e-10,3.3531082906898907e-10,3.011279737386867e-11
N20000653,31.051921471023867,17.85056734093866,14.067410670221639,27.65840733397018,7.069847599750869,4.865084999748248e-10,2.579224222294631e-11,1.4673223569328543e-10,2.3018455832673954,6.567713180680323e-11,1.0267233062041712e-10
N20000654,35.40336150801674,24.921386352018345,10.192197573264975,10.03002765747111,14.96229472989129,2.4658663635650003e-10,2.3829815285499183e-10,6.002717499967432e-10,4.490732177748414,9.396846562101543e-11,4.0999171086617826e-10
N20000655,26.46888162806476,18.531848585648785,23.732537975489926,25.07145635248949,3.9470130663690046,8.054366112160474e-10,3.723222024395038e-11,5.290521875941654e-10,2.2482623902554195,1.7030274255516978e-10,1.4059790466788803e-10
N20000656,43.50869569600193,11.857485543828751,19.062550152406647,15.22262404316049,8.12811145312648,7.627354273504291e-10,3.369370306619228e-11,1.2277130102590386e-10,2.2205331103054897,1.1017261026786941e-10,1.4084530967647046e-10
N20000657,38.330118684319096,6.359643679336623,13.547339824388729,20.20167412424848,18.371093915249993,1.0298744479007207e-09,8.923080854025926e-11,2.114546249718661e-10,3.190129770793508,1.4585744843330895e-10,1.8716259573041494e-10
N20000658,39.08310753189962,14.483146312315979,19.001521547305657,12.850185709626475,12.360569384147638,6.603178240028531e-10,2.705785563893072e-11,2.155505076052569e-10,2.2214695135678246,2.764430695084602e-11,2.062407799917966e-10
N20000659,33.16114946899535,38.43220604121368,1.6190682055501757,0.6618615054653508,24.007623257078052,2.8392437103101566e-10,2.2284765730859423e-10,2.1302829984724845e-10,2.1180915196649215,6.440129015903064e-11,1.2482569733198281e-09
N20000660,43.340667563901874,35.313012535198844,1.4419416759250392,2.593859060264765,14.560909040212211,9.91378930002205e-10,3.307615712026704e-10,5.422914568165132e-10,2.7496101202654377,2.347350538858335e-10,2.1326557253140716e-09
N20000661,28.88671925846249,23.64405915813979,11.527610331147855,11.300001052512568,22.172665305210696,2.547150442445439e-10,7.068455060060515e-11,3.5410227011164217e-10,2.4689448936183225,1.4831746383119466e-11,2.139466080887799e-10
N20000662,38.39316044057683,35.744218428644196,4.172633905399551,3.7838985254639814,14.848224302703594,5.917431620204159e-10,8.580279518307272e-11,6.40755601603529e-10,3.0578643951281164,4.217044847675592e-11,7.232811946820097e-10
N20000663,41.55243392897287,41.53637641842102,2.1080805832001284,0.9542434481779367,12.023020519256718,1.472424077241947e-09,1.2403060495609025e-10,2.9269608613203623e-10,1.8258450991175346,1.9906817634345163e-11,9.447285835554102e-10
N20000664,50.319334032638594,9.10488911258865,17.199290764656546,4.793133656167141,15.65033824090265,1.2907586322225645e-09,7.56070299014615e-10,3.0056542795377637e-10,2.9330141898153386,6.142324580232895e-10,2.694408401382442e-10
N20000665,43.40602222321326,5.198929757653217,26.25392438146371,7.43899537591947,15.372535695460288,1.4413527586319788e-09,1.8075706292405641e-10,1.3543958350046689e-10,2.329592564169029,1.4740143918872597e-10,2.160777768718801e-10
N20000666,34.633440978696704,6.317026264026804,31.735541488165453,1.782243908968137,23.02706777197878,5.027042943525958e-10,6.080000426469858e-10,2.3077753577859025e-10,2.5046795859352873,4.596351248804755e-10,4.277047307927696e-10
N20000667,31.867667449995096,1.3524330448114585,8.185667104750525,1.5737764362800628,54.496511910224086,6.117953182862446e-10,1.035995698225831e-09,1.6554822497950835e-10,2.523944050863369,7.386723817680899e-10,5.233993495840122e-10
N20000668,61.881215727697025,8.23153384112852,8.029982462581199,0.8662909064935326,18.921038933339695,4.932865471775064e-10,9.483716714849944e-10,1.1353123325318453e-10,2.0699381259753524,4.6542599913855894e-10,7.640939411104024e-10
N20000669,44.277374765336205,5.164462678712443,10.887404268579026,1.4312906232031066,35.2641942747705,6.668045623669315e-10,8.758411730697167e-10,3.6859663835747126e-10,2.975273386223817,3.2698785705884663e-10,9.366624042852649e-10
N20000670,48.53500426017491,5.99039788435268,30.776937760644756,1.9436682365325622,11.08466472275938,2.1246943014515703e-10,7.172529118399492e-11,1.5198557598308174e-10,1.6693271348895755,6.936743887178539e-11,1.4060807146720694e-10
N20000671,38.33071414290592,5.129436574886432,37.013481876849326,5.356280108423402,12.59923152718286,1.1708006998994345e-10,1.2990193359161757e-10,2.1232212140811277e-10,1.57085576896846,1.3668690327448063e-10,1.8759300754312051e-10
N20000672,27.830782152361255,0.8342652944799904,3.3258003942782595,3.7321981766560146,61.84028783367861,1.52456315960896e-09,1.2610962767754908e-09,1.0897110571392644e-10,2.436666144969834,4.808144075782386e-10,2.0059884060679153e-10
N20000673,49.9775690539412,2.246251083323204,23.281203832825817,2.6663860738073155,20.17065437121025,2.8642255866600697e-10,2.0771730459855655e-10,1.3243339819990116e-10,1.6579355837900018,1.4199541517312143e-10,3.336280207174079e-10
N20000674,53.40218004278513,3.526030674505999,3.5346563605088406,3.164422037321585,34.491938308468626,3.649272620392021e-10,7.926412105640545e-10,3.6857332384211714e-11,1.8807725721923214,2.3404960367366514e-09,6.825758989315782e-10
N20000675,64.26574022394641,7.68962645063334,9.197587066561121,1.749120530647129,15.266175032843773,2.823819266370874e-10,2.0510130036569533e-10,2.0462702280937642e-10,1.831750694276231,1.1286467676192725e-10,2.870289294159068e-10
N20000676,48.03816836383912,6.491396305907092,22.560078402794637,8.823333675653009,11.627756214015077,4.128575295319339e-10,1.9316751862359344e-10,2.143795487234989e-10,2.459267036507341,3.339137926207126e-10,1.2939897462549695e-10
N20000677,32.414766651656876,4.8894823905808,42.07002379828123,12.64248728795091,5.719278188931621,1.5717140416855224e-10,2.2995240795898082e-10,3.9882627687713033e-10,2.263961680418676,1.2920730122581839e-09,1.0185741968387604e-10
N20000678,52.41259320122863,5.962770494111202,12.176990757986243,1.8108839183498635,25.363644435788867,3.889945212102269e-10,2.0674586042853596e-10,2.624747070793748e-10,2.273117191239973,7.68142498056888e-11,3.602108376526336e-10
N20000679,37.296123263908655,4.219229039740764,35.77561431121472,3.2053032795691974,17.307359587467527,3.7868372765974914e-10,2.0462667487415804e-10,2.508481867678325e-10,2.196370516877511,1.4975493899706264e-10,2.3770203048866627e-10
N20000680,53.41199773913807,16.594055237514322,16.515410240417186,1.3463704751093273,11.030125192272958,1.3617532524231258e-10,9.363450520894925e-11,7.256901371345971e-11,1.1020411149993306,5.360740248739663e-11,1.9279980455117147e-10
N20000681,41.68809656450207,5.395745740488364,22.970502629079814,7.292714533334187,19.411763067735375,1.3136462063850867e-09,3.272169613438918e-10,2.2796147694067962e-10,3.241177462441275,3.2059550176850654e-10,2.2948996275821207e-10
N20000682,54.23204329364886,32.281548893208026,4.944734620946673,1.0602813041188521,5.881382136467577,7.092501156918711e-10,1.8337914392846158e-10,2.9006309308940295e-10,1.600009749501784,6.462167124462254e-11,8.609043506918734e-10
N20000683,68.69603520081846,12.741687900334252,5.668047011491732,2.4685992954583744,9.101980314958315,2.565099310518219e-10,9.561029071931937e-11,1.3540540237234992e-10,1.3236502761942113,6.094778306955064e-11,1.9618214315762016e-10
N20000684,65.59160325226105,11.584142108174769,4.309020812340957,0.7498479014849738,15.851469261836652,3.650796269246348e-10,4.181759519849464e-10,1.5728022744762895e-10,1.9139166620846404,1.80963159080753e-10,6.954651308345263e-10
N20000685,48.52736170553394,7.482846576012014,14.101195227723023,10.131210033540984,16.255959096219385,8.119576139519409e-10,3.1602907812992235e-10,2.74365130668895e-10,3.5014273587164455,6.600848160266496e-10,1.9177894800687578e-10
N20000686,50.94121992827453,8.727633189831876,27.075675235839004,2.0443524179562633,9.284451826723048,2.4634181877603356e-10,1.4541250941372368e-10,3.1785538606062953e-10,1.9266674003341453,8.230628613615915e-11,2.4923662171673886e-10
N20000687,35.56353128657263,6.376285920029902,50.44382250497167,2.961607866038503,3.28344860054906,7.930775734755986e-11,1.285379669647369e-10,1.7410195709170448e-10,1.3713038209835586,3.784677470705131e-10,9.424957073196594e-11
N20000688,52.10698262460382,6.363835886865115,9.296199642808338,3.8988459239572717,24.90665735552269,1.0526782843190104e-09,5.276394018100906e-10,2.2662772105980492e-10,3.427478563878615,2.327663502489891e-10,3.244348299847773e-10
N20000689,53.8540653755058,6.8868534700271935,15.581197307665013,8.159176870086686,12.172043132841372,1.783701945844194e-09,1.491796533828526e-10,2.3519793001134014e-10,3.3466638412146343,3.02730920904799e-10,1.885008247645369e-10
N20000690,60.00175810874718,4.980870889058627,17.67148524729585,6.254038801672499,9.408070234547118,1.3669883160870958e-10,4.7009771694783536e-11,1.949614715410522e-10,1.6837767181402075,5.3646206582886465e-11,1.0620428985818611e-10
N20000691,46.260235352844,1.3037051440882417,15.55063419954795,4.417295316726858,29.574506390071765,6.866897391121515e-10,5.89980863873047e-10,9.852120031440108e-11,2.893623593301165,1.8392058705486851e-09,2.0561077849585479e-10
N20000692,41.063838312986604,11.443621568086341,18.85008148266765,16.205658597365442,9.057791852039431,4.758838245015916e-10,1.4794201981328544e-10,3.4088923898688586e-10,3.3790081854023906,3.4883437473997404e-10,1.3860021414004553e-10
N20000693,44.81782480111215,19.855096008749033,18.484812416893604,5.310177716097344,9.224193865723773,1.8563976830647965e-09,3.4620357292928693e-10,1.3676944858783701e-10,2.3078951884552246,3.220723661928042e-10,3.074192629416172e-10
N20000694,50.8196234516418,4.484536884532726,12.154426810395103,6.2008844142534585,23.48202761167265,1.4807259996122827e-09,2.733695247839334e-10,1.183982197849072e-10,2.858500825357479,1.2933572751847767e-10,1.4496330363033278e-10
N20000695,53.489576618871936,7.037575860773406,19.193067176803467,5.6495307954223675,11.585178060789323,5.808190178249676e-10,1.4917592021720054e-10,2.472474403601674e-10,3.0450714859116803,2.902924453850441e-10,1.602749939422877e-10
N20000696,31.358696568240273,49.43015121765792,4.8253301869463385,10.482681379112707,2.006096683320217,1.9565788869667503e-10,2.554772867378815e-10,6.660048577555161e-10,1.8970439630478224,2.884610117621191e-10,2.691038798821322e-10
N20000697,69.42293838218333,10.296899899398657,4.149989035177491,1.1921541694392432,13.133175957199104,6.514645662520601e-10,1.953050548827421e-10,2.1221956360623822e-10,1.804842555105748,4.349966246824476e-11,3.939295418254162e-10
N20000698,44.419626061024374,26.984852242380143,11.224534978801616,8.505897232611046,6.138152965483018,2.0764405007549537e-10,2.1015029471118928e-10,1.8450080521840613e-10,2.7269365179737606,7.151217069580017e-10,4.0863287729649275e-10
N20000699,36.97183935751827,19.76952633419118,12.800466917063973,22.699747464807906,4.2950691413103375,6.617738494223303e-10,9.104641635580643e-11,2.3277136953833015e-10,3.4633507837173365,2.961267100068613e-10,1.0928435135837682e-10
N20000700,58.5162779214244,4.6950380759385855,8.418816836443648,3.637111636392032,22.189129195915296,3.4915810284713016e-10,1.8419785927910949e-10,2.643884661243992e-10,2.5436263327561237,1.6368565327332366e-10,1.6849193631038428e-10
N20000701,10.032097379553687,45.01773963330415,8.570421497500368,31.507618494372863,1.8312188397828828,1.1313691819778717e-10,8.999229211135327e-11,2.236848907478028e-10,3.040904154824282,1.4451268016259974e-10,9.043473050692953e-11
N20000702,16.042570963012125,41.90710361453608,3.143322842625623,31.472672129949803,1.967765857073258,1.7646893615802522e-10,1.203092553553434e-10,1.2656032535035206e-09,5.466564590433726,6.884365866875167e-10,1.1858541625693612e-10
N20000703,50.00783961890376,5.321694794141842,23.95973826521146,4.32096479567369,13.248812861845332,1.3091253204344949e-09,1.6136860820139576e-10,1.738461619975654e-10,3.140949662196317,1.8630348536575474e-10,1.9695398280880825e-10
N20000704,66.91465812294845,16.928122959060087,3.2165262450518926,4.6192836321993,6.235753851600703,2.943866785765832e-10,1.0495481659487771e-10,1.5012849162389047e-10,2.08565518760236,4.1559107704910845e-10,5.721442156058274e-10
N20000705,41.23782398253619,37.348476989353,1.9702406907064034,3.6030126329447985,9.837783260474533,1.2144858206218006e-09,1.8183591518197116e-09,1.0985296277508212e-09,6.002662438011047,6.389905576390181e-10,1.2036533217311083e-09
N20000706,9.173050579169594,51.273483049993516,5.83909152564359,26.83051243775826,2.1550169076343257,1.6132808973672467e-10,1.650989902166952e-10,3.994269889851478e-10,4.728845498664618,3.023474337915916e-10,1.0789383429278206e-10
N20000707,12.869957074697544,49.49310015947682,2.460288431576502,26.973974588180717,3.9094054624055006,1.0133500256090476e-10,1.2294946465213092e-10,5.734313621405623e-10,4.29327428237133,2.9463628998678294e-10,1.9923202172229028e-10
N20000708,38.40346954683271,28.06340761053287,12.520605943052127,14.165848927697272,4.292984180652036,4.1579352616376997e-10,1.1959696540382185e-10,2.416091628566272e-10,2.5536837901004845,2.1804032445295724e-10,1.374704045732202e-10
N20000709,12.551982150117624,37.15823293941297,13.149387535002754,33.98460094076107,1.491861099074388,1.2167943353088332e-10,4.729199001976468e-11,7.52617832123613e-11,1.663935335237705,1.0834057173966203e-10,4.092611459159673e-11
N20000710,10.13034134282887,61.67352198471928,5.419077468276342,19.510184529456165,1.314766559803116,1.3322908698013108e-10,9.542586778141361e-11,2.0008887775581826e-10,1.9521081141588479,2.0079101329948764e-10,1.278242472354315e-10
N20000711,74.25844358173754,16.92720526855051,2.5755609714532485e-09,2.3185956505794055e-10,8.81435114571424,7.712730727490581e-10,1.2579946620529792e-11,4.230587283507466e-11,1.1086289112481503e-10,5.017333674839186e-12,2.482667582517987e-10
N20000712,40.563085350795305,57.880465171751474,5.981118081881226e-10,5.325349274261718e-10,1.5564494748661095,8.399537136131783e-11,6.457581510029394e-11,6.551186671425104e-10,4.2329267615849206e-10,9.388845743610466e-11,1.3560158294216505e-10
N20000713,59.187003479558,39.043604125127395,4.9120678929898406e-11,1.0783587951100598e-10,1.7693923932391793,2.9080672889489447e-10,3.951881287191405e-11,8.228334023880092e-10,2.964844542658515e-10,5.661591930073279e-11,4.1221368542751614e-10
N20000714,55.15988971455235,42.77399780084908,1.1680993325807742e-10,9.421223499986127e-11,2.06611248241213,1.0390063179026549e-09,2.2243281034527733e-11,3.6884452092566284e-10,1.526178201587325e-10,1.114337012304506e-11,3.815811485142019e-10
N20000715,19.475211993116602,77.05497143658539,4.721307275129159e-11,1.98988261447216e-10,3.4698165685402667,2.1531311480825987e-10,1.2612123209231257e-10,4.5703147573640346e-10,2.501516991292367e-10,4.142461126306824e-11,4.2149002295989997e-10
N20000716,63.091745064478374,18.04013025616913,2.884032038836478e-10,4.218846784814305e-11,18.86812467705743,5.807454318244079e-10,1.446179179200698e-10,8.115768845993168e-11,1.6203538479033446e-10,1.712149655389853e-11,9.787860464818857e-10
N20000717,66.26283874417886,31.098745033040693,1.3452213025800629e-10,1.0779461891935938e-10,2.6384162208598583,9.20019749252281e-10,2.5211125891843123e-11,1.942545790446688e-10,1.3459690501203056e-10,1.2124602393596037e-11,3.9204524869435247e-10
N20000718,85.38870370087018,11.896332699677938,1.896236504939618e-10,7.720148273778988e-11,2.714963597891198,2.8525891257358373e-10,3.6488760930400794e-11,3.8413067643149153e-10,2.0962561323812772e-10,5.5654448477820543e-11,3.227192086537617e-10
N20000719,17.19498212024739,82.09250096824145,3.226353590421915e-12,1.297274626671023e-10,0.7125169083215126,2.035550568397686e-10,2.97689497514012e-11,2.113305575403859e-09,2.1591219534556606e-10,4.000287707729558e-11,4.5415580247830127e-10
N20000720,65.89117480627702,23.652753516273066,1.488882888326176e-09,1.3720046433903715e-10,10.45607167307652,1.9073686613141208e-09,8.83467201578716e-11,7.011342800116761e-11,1.5766259137005507e-10,1.5064056623144045e-11,5.087620414703167e-10
N20000721,55.29274975921167,37.90029139285153,8.714958504907271e-10,1.0352533112008556e-10,6.806958844896438,6.889249047919757e-10,1.0876053878032978e-10,1.260516965772027e-10,2.2655017575435583e-10,1.0696827237494906e-10,8.080838655955473e-10
N20000722,64.7985681972645,19.22424683450283,2.7885271771338006e-10,2.6865937508301915e-11,15.977184965863175,9.559263598690051e-10,1.0210207638421469e-10,5.3329560609452564e-11,1.4089378536384927e-10,1.2286448218139507e-11,7.992032550355166e-10
N20000723,68.98476187155207,15.89678988301706,1.2900603920185657e-10,3.97048896365217e-11,15.11844824383148,5.525450648306569e-10,9.329472569787301e-11,4.3086769436396534e-11,1.1402703982666848e-10,6.456033217203147e-12,6.212663643607175e-10
N20000724,31.644169564554815,64.9675500225308,2.636503388909053e-10,2.968192148830714e-10,3.38828041156574,1.4320307194666755e-10,4.627566497666111e-11,1.727492550682351e-10,2.773426370588769e-10,1.6473317015710523e-11,1.3213220837154768e-10
N20000725,19.78858092427319,79.12732277671344,7.005982466136544e-12,2.3157707659999554e-10,1.084096297067705,3.6466261880149615e-10,1.1760889262345386e-10,6.708129793798425e-10,1.8760394844340493e-10,2.646952103603e-11,3.399133933522646e-10
N20000726,57.57080125843763,25.446255594173156,2.636366229053801e-10,5.43288293111846e-11,16.982943145806644,2.1056401654633133e-10,1.2046345173892514e-10,3.904857584883021e-11,1.6300663027467938e-10,3.15530382278812e-11,6.999699271203822e-10
N20000727,73.29225807837675,15.80660586674609,2.4565007362283077e-10,4.7672787159449534e-11,10.901136053098528,5.205743267038229e-10,6.036576353491058e-11,4.288907267574308e-11,1.343614257268535e-10,4.1145768507873885e-11,6.859861454811236e-10
N20000728,66.85267176181492,18.328962451816047,1.8601564574505224e-10,3.541042056762974e-11,14.818365781707662,1.4483661136388451e-09,4.2622826236656424e-10,4.198538638114675e-10,3.3057454507122517e-10,1.2866450728303072e-10,1.6862648648190232e-09
N20000729,48.90683175179401,49.594762413725896,9.496506977009721e-11,8.519356734618411e-11,1.4984058332651948,3.3115974990586896e-10,9.505060577820942e-12,8.939936763014118e-11,7.573105789270895e-11,4.763749723404071e-12,5.241822513536642e-10
N20000730,56.727323487656754,35.98083890070464,3.5781691008238834e-11,2.4684276928398095e-11,7.2918376073226305,1.0348647384981863e-09,1.5464053818544211e-10,3.162930346154575e-10,1.9557843682675657e-10,2.5795065109499338e-11,2.5283189763206392e-09
N20000731,47.623491597814144,46.579492192887514,1.43552953224969e-09,9.550863282701656e-10,5.79701620614159,1.7048731680298708e-10,7.467733081986736e-11,1.2393241752187324e-10,2.5115612220755333e-10,9.217573597488447e-12,1.3663738941704e-10
N20000732,31.659438897055956,60.746017235316295,3.25102398587994e-10,2.55067574594255e-10,7.594543863973035,4.709818479931078e-10,4.621957977789236e-10,5.434351349113227e-10,6.317988430158485e-10,2.5865396465316065e-10,7.074656836483339e-10
N20000733,5.228148674572895,93.83973515446068,1.4280377563588525e-10,3.433607960242304e-10,0.9321161699491795,4.764758300225055e-11,4.4942386394097e-11,2.3099941253480789e-10,1.0975958463976988e-10,1.2783400400316471e-11,8.493982227687103e-11
N20000734,43.857973610414845,37.16639738987635,1.395234248142207e-09,3.960264827077988e-09,18.97562898761732,1.3514881897276144e-09,6.882300643551077e-10,9.616137125875133e-10,1.6510178084220253e-09,1.099367918456537e-09,9.842590491700595e-10
N20000735,3.9283625251000904,95.38689765118252,1.1271463672899618e-10,1.378645044721457e-09,0.6847398217211702,3.894738477000917e-11,5.7315441533833875e-11,1.1698052526728605e-10,1.292226682419819e-10,6.957508877134427e-11,9.282861230973146e-11
N20000736,58.20366402277213,21.816715523041736,4.4768561672620455e-11,7.399837581445387e-11,19.979620450317594,7.181354065914255e-10,8.518479082594619e-10,4.95566797281611e-11,1.2180924947867522e-10,3.7167708772942407e-11,1.971277087559303e-09
N20000737,56.93251776729479,39.741836636026704,1.7443321887765843e-10,1.1890101359509318e-10,3.3256455951092128,3.188304191694985e-10,7.89921551074009e-11,1.6862299605300041e-10,1.2627075327750111e-10,2.8204842794464217e-11,5.550194841211585e-10
N20000738,26.694897873041214,63.335292529412676,6.3369652359516e-11,6.252768540045976e-10,9.96980959473348,2.3165975347889524e-10,4.399736501326118e-10,1.8959989513060127e-10,3.7042372578221864e-10,3.716413163749321e-11,8.551699441329232e-10
N20000739,70.6755532500289,22.819008400534187,4.970396550060012e-11,5.321449075764794e-11,6.505438344338961,1.5411236876544769e-09,2.7394741168806543e-10,5.468928562625732e-10,2.3733120636171304e-10,1.4623730444023868e-10,2.2494920468486876e-09
N20000740,18.00053397456939,77.18909148953273,5.800014166940807e-11,3.347657580292037e-10,4.810374533992797,2.4874367217886707e-10,9.407075441213134e-11,3.343578545521709e-10,2.676067929704613e-10,2.884984222646998e-11,5.387088571749033e-10
N20000741,24.199668062146014,70.67529060606753,1.4516195150423e-10,3.669594302366951e-10,5.125041329325261,3.330212213001926e-10,1.4800728388295086e-10,2.0989759942772952e-10,3.031214985576538e-10,6.066067569817486e-11,8.943684462334384e-10
N20000742,63.77488895008948,24.337110487783132,5.891673556225537e-11,1.639109874994337e-11,11.888000559398716,4.6008518937786256e-10,1.1106403746824182e-10,5.981435549865001e-11,1.437713332056861e-10,1.9228780353588222e-11,1.85941342670483e-09
N20000743,12.789621608074903,86.4010852560677,2.8020291389653794e-11,2.2631853864499015e-10,0.8092931348383575,6.019883303223308e-11,5.076499693706704e-11,2.735278808989594e-10,1.432489766753726e-10,4.872122754893372e-11,1.8827146724084334e-10
N20000744,43.46713756129032,55.13020282908164,7.524919332438216e-11,7.147661350203645e-11,1.4026596073646498,2.578665259918427e-10,8.226985612877177e-11,7.930308061686001e-10,1.8918567332861551e-10,3.697451596717159e-11,7.573429672485971e-10
N20000745,11.087654706704665,86.66327834439778,5.16350731440219e-12,4.002603051446465e-11,2.249066947436865,9.297904948176811e-11,2.008098917740102e-10,1.44241316400336e-10,8.219729886444913e-11,6.585299305370834e-12,8.886998874161977e-10
N20000746,9.349762292599198,90.41788969841869,2.1307857936508362e-11,2.7897566450168146e-10,0.23234800801657998,6.026402739300232e-11,2.375292356684569e-11,3.560738336582643e-10,9.587928491564608e-11,1.7750477537208756e-11,1.1151584007658235e-10
N20000747,8.819211638509149,88.21986347673814,2.7406783738926037e-11,1.334635342275878e-10,2.9609248834564936,8.108217778171249e-11,1.0820532589286254e-10,5.619500003878787e-11,1.249016403036913e-10,5.281621919307819e-12,7.597017999040176e-10
N20000748,20.831808422368688,78.79411770322244,6.2438065453354375e-12,3.925345532231975e-10,0.37407387088191724,8.121361208307904e-11,3.390676113815696e-11,2.4387056587639517e-09,2.272118765712694e-10,5.796456844458784e-11,2.891563032546241e-10
N20000749,50.21569645274484,45.72814059731394,1.1126424201690819e-11,6.072348997922834e-10,4.056162944446401,4.781153919229076e-10,4.962194079120369e-10,2.7475839004891054e-09,5.098906859754695e-10,9.513133658234667e-11,5.49528019186508e-10
N20000750,12.823848575433756,85.97125355590546,9.344372546990511e-11,6.138793583728652e-10,1.204897867325223,4.535108696527708e-11,6.998555926519976e-11,1.2121268206576016e-10,1.207622085017954e-10,4.363606058093511e-11,2.2730083689749166e-10
N20000751,24.184811898367826,74.96402710320747,1.6084337206375114e-11,2.7880995998769193e-10,0.851160993327189,1.6108328697467113e-10,5.397134029445293e-11,3.7223683955369645e-09,3.5317102627930047e-10,6.312936360947725e-11,4.4890663790066676e-10
N20000752,11.758491797813033,87.8279002551365,4.351941996889581e-12,1.0860916234854594e-10,0.4136079461060021,9.345309646107316e-11,2.004358448010439e-11,3.0620109802651066e-10,1.059961710673121e-10,1.8993020159547167e-11,2.8680327882203904e-10
N20000753,19.735808411535373,79.60861819934067,1.0783608134888434e-11,2.1052331903284054e-10,0.6555733874606222,1.2122726736442978e-10,4.222050337116774e-11,7.542089440900159e-10,1.8004763975770734e-10,3.7925661419510814e-11,3.064060154518172e-10
N20000754,21.143705966529353,77.68919000326221,1.0972662636049563e-11,1.3696571945510382e-10,1.1671040293406796,1.0017737834236834e-10,5.252829470281962e-11,5.346261235596824e-11,6.151454549539383e-11,9.852814926987654e-13,4.5116218992670875e-10
N20000755,19.39146900068835,79.39812032816958,5.380970291919425e-12,1.7074867839420637e-10,1.2104106681184728,1.8894855630875473e-10,1.0198005153451782e-10,1.5376604637704921e-09,3.3025951555591884e-10,1.718426034801858e-10,5.167670095293932e-10
N20000756,12.459474628021178,87.1979991792735,7.445036265324412e-12,1.5915632446266964e-10,0.34252619162191567,4.258273776654988e-11,2.394958232390018e-11,4.636664014614251e-10,1.2509812438081438e-10,3.1091644339851754e-11,2.3039412657570239e-10
N20000757,1.1070954772844441,98.87137643326245,5.809805834796297e-12,3.699338386056223e-10,0.02152808901495311,7.252113136896675e-12,1.137375286213884e-11,2.1162257103488193e-11,1.0021335576514488e-11,2.338794954954143e-12,1.0250708577634917e-11
N20000758,28.631707985982235,68.65381967077944,1.4801441758128772e-11,4.385238862663168e-10,2.714472339505899,2.7855676950324744e-10,2.3201150834264982e-10,1.4048675060595713e-09,4.879941661740794e-10,3.3458505691710364e-10,5.410735860460106e-10
N20000759,8.994161568671203,90.77433104668809,2.5828093284215203e-12,3.097983933405814e-11,0.23150738435441665,3.883771877548941e-11,2.6869357871584263e-11,5.807925199314778e-12,1.1583448045999291e-11,2.0778071599462216e-13,1.6942173305490433e-10
N20000760,6.496535858718716,92.69017075104024,1.2627982292866273e-11,2.2727025557036847e-11,0.8132933897335717,5.4693218925399816e-11,3.545018484475997e-11,2.200739373048467e-11,6.555083716994535e-11,1.5836822021307857e-11,2.785629398001015e-10
N20000761,21.235466679707933,77.65389303938656,6.399001717615647e-12,1.8473944104766577e-10,1.1106402758452076,3.4781114789171495e-10,7.001701623186334e-11,3.0828839328969304e-09,4.305050528831434e-10,6.832972891745016e-11,8.696379912713353e-10
N20000762,12.22433968055358,86.28188059763389,1.9298387164357893e-11,1.5473641971213787e-10,1.4937797204592647,1.2635581639170926e-10,5.2197383822729224e-11,2.79699525859171e-10,2.0907230718468376e-10,4.6310401041068514e-11,4.6559538926176024e-10
N20000763,52.47680826181996,46.18847764999402,8.599892038206418e-12,2.556900563162478e-10,1.3347140749236663,7.110879669464917e-10,8.930468368748327e-11,1.0619134648524612e-08,6.171791041457339e-10,1.3212069890796367e-10,8.29234331291581e-10
N20000764,11.883424062998404,87.49217617110585,3.1270621604295268e-12,2.633450029495547e-11,0.6243997650397723,5.7469072712208515e-11,4.9748388297604304e-11,1.8745758040104628e-11,1.710979076750607e-11,7.620824735284832e-13,6.82675407053748e-10
N20000765,17.12086461446972,82.01635340608102,5.224540764433562e-12,3.72064219247355e-10,0.862781977039748,7.301102815938411e-11,6.236317089610983e-11,1.249810232856177e-09,1.8377098373303196e-10,3.816236085241981e-11,4.251104900662162e-10
N20000766,7.06765687935723,92.55021146459156,4.546440534449739e-12,3.975738108055407e-11,0.3821316547743014,2.6219431366116616e-11,1.4091469098329597e-10,5.298493521079572e-10,9.961919516891596e-11,3.95529574759585e-11,3.964586807612638e-10
N20000767,29.354959789346598,67.98775548697668,7.52957833820211e-12,4.5024994765824055e-11,2.657284718371009,5.474894216779013e-10,1.1457113011825116e-10,2.440528930538185e-09,3.8490304963718517e-10,7.201189457378723e-11,1.6936615901226318e-09
N20000768,16.323424128725954,82.7850275791102,8.431998634816058e-12,1.62578011581947e-10,0.8915482885846886,3.131094557657698e-10,6.719292333087494e-11,2.0671255817995685e-09,3.0762653232937995e-10,4.633557149605277e-11,6.067431971869329e-10
N20000769,21.39511814168131,77.8232001597399,1.4037012562302885e-11,1.6780206289314405e-10,0.7816816971295845,1.2557454800467572e-10,8.837821011579114e-11,5.824443479303719e-10,1.6333604995724958e-10,2.2432520607360565e-11,2.8519826585018304e-10
N20000770,44.60721487152367,50.61856477674098,6.388196073445309e-12,1.0108534601464602e-09,4.774220338329287,6.283172386610006e-10,1.01780922476345e-09,8.918520502960777e-09,8.441881547289634e-10,2.3407723236581265e-10,7.459084936653263e-10
N20000771,7.344967050788428,92.1277395305685,6.413520257077273e-12,1.2322077021108006e-10,0.527293417639216,1.0514591355037763e-10,3.6236897513082797e-11,2.408784288238921e-10,7.494461835172794e-11,8.160929082447685e-12,4.0885182648523645e-10
N20000772,4.949984997016147,94.85015235078468,1.1472480859935847e-11,2.900569960355265e-11,0.1998626519385263,1.1871074262756304e-11,1.687932070333919e-11,9.087706237782636e-12,1.0235582740469619e-11,2.1780539827982907e-13,1.7188302694883312e-10
N20000773,25.614530394756212,73.25836319549896,8.976911278640605e-12,8.066919372575402e-11,1.1271064037752347,2.8927221247172304e-10,1.0316733943125139e-10,4.183242888012326e-09,2.3512150644168347e-10,4.225085404934673e-11,1.0269026349272895e-09
N20000774,37.53224202129422,61.29504569672412,4.6418462189420086e-12,7.666527887447573e-11,1.1727122808529091,4.642001236794013e-11,6.470412256519466e-11,2.825781174454904e-10,1.168641556097533e-10,2.115645876827573e-11,5.157206552398204e-10
N20000775,10.352213153607527,89.17647926555055,5.5045900645083e-12,3.9100882159298007e-10,0.4713075793294959,3.2191758708934105e-11,4.3814815630233984e-11,6.701531243364548e-10,1.0072686470239894e-10,2.799551252241139e-11,2.4103003218191326e-10
N20000776,61.86915096641652,36.48556454761572,6.927928795097325e-12,1.0983833839265918e-11,1.645284483711361,4.625055539467729e-10,1.2061864930799693e-10,2.5263701791555255e-10,1.1082162678116054e-10,6.462376150876556e-11,1.2273083312036133e-09
N20000777,22.291786833284675,74.9887944614772,2.0190779282160003e-11,9.465259189490915e-11,2.719418702770298,1.5508619693350603e-10,7.057741718978401e-11,6.375570481838056e-10,2.6493125062570425e-10,5.369690790158448e-11,1.171152207271125e-09
N20000778,6.959903431799052,92.88252794982293,2.61469147589367e-11,8.273628866640612e-11,0.1575686180362026,1.2244469159007156e-11,2.1787780630308745e-12,1.904410343111608e-11,1.6082044980817415e-11,8.687563114229471e-13,1.8250303933451452e-10
N20000779,8.928753736159154,90.90425935212242,1.9995954549973932e-11,6.070682868316922e-11,0.1669869113396552,3.291663203170256e-11,5.535253261289771e-12,2.7890709408819192e-11,2.0820998390428163e-11,1.2157375095468008e-12,2.0966738206488556e-10
N20000780,5.909249778061438,93.9038589416142,7.869312202818633e-13,1.33029507186158e-11,0.18689128008056394,1.0944027959290592e-12,8.102843053324158e-13,1.1154828242986504e-12,1.823233052083186e-12,1.2714054610298782e-14,2.2485602517938046e-10
N20000781,20.629838061312082,76.98313844617766,9.642745920014366e-12,7.33216695820475e-11,2.387023488135973,4.1744877157604293e-10,1.9799424940050283e-10,1.2966596318207384e-09,3.670190845102079e-10,1.1127662915901771e-10,1.900935630785607e-09
N20000782,26.42082043859443,71.7418747110437,7.239602629464403e-12,1.3237396569272642e-10,1.8373048486047479,2.7320987447287796e-10,9.450280543382775e-11,3.811265831568973e-10,1.6375157464464185e-10,4.63679401668231e-11,6.585473192262592e-10
N20000783,7.668935563070849,91.80117243953848,1.5973065351666004e-11,1.4406358341775676e-10,0.5298919961318802,5.698994191684199e-11,9.17143733437508e-11,3.999517411491151e-10,1.0644137288195287e-10,2.2919534935248612e-11,4.207424121786345e-10
N20000784,14.294693560501642,85.01324758442166,4.8304751879199e-12,1.2106871115067112e-10,0.6920588494013901,3.215925802398197e-10,1.5442351623075367e-10,3.962633437650666e-09,3.425126767047992e-10,9.217476874943938e-11,6.760856528921427e-10
N20000785,23.80760999147822,74.89940127398238,5.9027479037704e-12,1.6196881720523227e-10,1.2929887309169243,1.482582527680307e-10,9.907734667707135e-11,1.7588765278986032e-09,2.2925238966256207e-10,5.65209627177129e-11,1.1626229104255387e-09
N20000786,51.529267836144655,37.841598400520844,4.937210030647486e-12,2.3804203255372037e-11,10.629133757547967,1.6889530798007473e-10,2.452497195529142e-09,1.0536711320045426e-10,1.5106384722803803e-10,5.4938533685797745e-11,2.8250326395056954e-09
N20000787,17.34212279262715,75.73038208394868,3.5237487697113986e-10,2.839766355818573e-10,6.927495121033697,3.0295227109623073e-10,1.5264280748952476e-10,2.7639055912729455e-10,3.5700991300325675e-10,4.300781239185735e-11,6.221292023648694e-10
N20000788,20.012959207011594,75.84257916160988,1.4839959036571576e-10,2.946960026718511e-10,4.144461629927181,1.7961987801996182e-10,8.22469389661824e-11,1.607780921145031e-10,2.2283934966357293e-10,2.881281500573779e-11,3.33940740592712e-10
N20000789,21.07513668531768,75.7133537055021,2.2765802950141953e-10,1.7934251073015392e-09,3.2115096065718483,4.8286690333548e-11,1.0716206308106575e-10,5.556949035839509e-11,1.2753858056600592e-10,8.79940662521979e-11,1.6074067251325728e-10
N20000790,66.48412193050078,29.449431244772928,2.5846703651993947e-11,3.1607026347661456e-11,4.066446821333349,8.317202980853342e-10,1.8058950035327609e-10,8.126511490418266e-10,2.7142795033933516e-10,8.339442691215652e-11,1.1557070940806945e-09
N20000791,51.2600577895109,22.488372623184116,4.1214874665684997e-10,4.3011636152188874e-10,26.251569582553604,1.8601443362161238e-10,9.392102499888477e-10,2.1033994840671557e-10,6.696252729772669e-10,1.1055373421295633e-09,7.983869332352531e-10
N20000792,26.99173520879503,70.2804882157387,7.613383256908673e-11,2.615897670741606e-10,2.727776574268179,8.450321419540363e-11,5.833974348859737e-11,1.6967799883998997e-10,1.6851460592803922e-10,4.1094426530072904e-11,3.3825246759078734e-10
N20000793,18.527653246738982,79.83329086649226,3.801056268919989e-10,3.355986187134443e-10,1.639055885493633,6.003199142002402e-11,5.5884201189894697e-11,5.356907798782124e-11,1.2385492073964388e-10,6.642776888131479e-11,1.9964448204563094e-10
N20000794,13.614548439874321,84.45098709468844,1.3513880663940074e-11,9.014634671823528e-11,1.9344644641725681,1.0322602684311362e-10,1.0464865214490699e-10,2.9397150220397687e-10,1.6101578741902567e-10,3.0513044486905876e-11,4.676382112201397e-10
N20000795,62.635131676054264,29.006783988827234,8.901992576240112e-11,4.515964360298788e-11,8.358084332832947,8.110448425028089e-10,2.7122611466705894e-10,6.23339682760201e-11,1.4370876612021872e-10,2.735753763640808e-11,8.356906606829105e-10
N20000796,52.80119090893168,16.50062571845419,1.7537393997336685e-09,7.152550176624107e-10,30.69818336079785,1.3650988824066883e-09,1.295291512047825e-09,7.70492866617893e-10,2.071722231243201e-09,2.6034752089153505e-09,1.2412158325343881e-09
N20000797,68.68823894558133,11.939391537132284,2.070611530246954e-10,1.4204919087906989e-10,19.3723695085919,3.6714559806686125e-09,1.44238628092965e-09,4.452266116719225e-10,7.684044248020863e-10,5.800766633028298e-10,1.437832529660191e-09
N20000798,70.79825569509288,21.594525447185507,9.903173373720242e-11,6.5548228836126245e-12,7.607218854747898,7.895400205480849e-10,1.2819821686579204e-10,1.3720652562199057e-10,1.1682900996158326e-10,1.2312074887137193e-11,1.6840538232238062e-09
N20000799,49.04446426009687,16.010180016046625,1.3390114332631823e-09,3.90713389278458e-09,34.94535571200477,1.335416197850847e-09,5.191268720493909e-10,3.371796623061412e-10,1.6669820318119196e-09,2.0249000921965824e-09,7.219742907917245e-10
N20000800,69.40241381005946,17.651532687800565,2.53183267356193e-10,9.477307729919176e-11,12.946053498265004,1.274503458580457e-09,1.4405012700679494e-10,6.64999828881229e-10,3.2205753969538213e-10,4.4796235774581627e-11,1.0765929383065919e-09
N20000801,75.37179162523996,10.963273823551695,1.622714249222524e-10,8.747698390824943e-11,13.664934549007684,4.821156362268034e-10,1.2016286541517634e-10,1.139957782120067e-10,2.028941098513906e-10,5.2108844328788125e-11,9.79641935957819e-10
N20000802,57.7516716770367,10.024624492113617,2.4002387804145448e-09,1.4701289552340052e-09,32.2237038170399,6.651492041830846e-10,8.927001481210033e-10,6.419109271802324e-10,2.247095656385985e-09,4.211369770701429e-09,1.2812117172242414e-09
N20000803,42.49353254811082,20.153290205663616,1.0291108216645226e-09,1.4849252729964702e-09,37.35317723826595,5.986751443656189e-10,1.0446542872953942e-09,3.660673584963054e-10,1.2892004282713304e-09,1.4924186739482828e-09,6.545660280411118e-10
N20000804,27.979055996927148,16.720369301512314,5.021034528790071e-10,8.152239300557617e-10,55.30057469264166,2.116535270897415e-09,2.328398175343659e-09,4.0239793911969227e-10,1.09488598407271e-09,5.787431534926469e-10,1.0806074957313124e-09
N20000805,73.45251981639585,10.466425168081773,1.527652100100747e-09,2.440119228213681e-10,16.08105501235056,5.217271093221543e-10,1.2496875061429958e-10,1.0218254642303632e-10,2.8943643074294127e-10,6.764170041508781e-11,2.9420896380157794e-10
N20000806,65.61685741871143,14.537755910466643,1.2996710754756407e-09,1.8427837414647886e-10,19.845386668053468,7.307255398443705e-10,2.8293101052571154e-11,5.98979322816642e-11,1.43147815658275e-10,3.7819772989113145e-12,3.186579386983837e-10
N20000807,41.6058762059696,37.20995962153745,2.9841320602108138e-09,4.132169998634913e-09,21.1841641545833,1.0652239605364355e-09,1.8495098767989476e-09,1.3140460962601792e-09,2.0772325349037895e-09,3.659945706129561e-09,8.273930726967964e-10
N20000808,28.308405285632794,61.024631717658515,1.4204698935621095e-09,1.7374053654565778e-08,10.666962971290914,1.237413759287706e-09,5.800343925443981e-10,6.212396675406276e-10,1.992910153154136e-09,1.7914151330089504e-09,4.002161745667253e-10
N20000809,49.03063382635768,45.51786569235291,4.661067795764757e-09,1.3119152128865614e-09,5.451500472700676,2.379950210738622e-10,2.5922278691338664e-10,2.541072314179159e-10,5.053071118467587e-10,1.0841983063875333e-09,2.7492931746420294e-10
N20000810,39.6182278641216,14.677303355235772,1.728948466657026e-09,3.087215403261977e-10,45.70446877484529,4.0712844069992833e-10,5.404610368902027e-10,2.131481363322884e-10,1.0460811673938176e-09,4.4504750982774336e-10,1.1078269332771641e-09
N20000811,73.3678767855843,21.52726692882494,2.881303758690571e-10,4.392924986332284e-11,5.104856283540153,6.824446252393489e-10,3.2981417512166036e-11,7.560337918603779e-11,1.354183655805347e-10,2.369898775366046e-11,7.68396963740829e-10
N20000812,20.43847102573531,40.18659856547747,7.947086713886455e-10,1.776688802069438e-08,39.37493037354663,6.42234003049801e-10,4.014132082560169e-09,6.202361705442125e-10,2.7223236978441015e-09,7.913299205351533e-09,7.667603099106058e-10
N20000813,30.336942728846168,68.74435676577406,1.7869012667246143e-10,1.0048333660801819e-10,0.9187005046105782,8.388245213014178e-11,4.60416109946456e-12,8.803650589248421e-12,1.5146675775197746e-11,8.778149628753603e-13,3.767131185115895e-10
N20000814,12.930334648005479,85.44566826686193,1.855973296276126e-10,2.2531220705109708e-10,1.6239970840020792,4.783077228924546e-11,7.394933294869999e-11,1.5474428931714926e-10,1.4088011918864648e-10,3.497635386000585e-11,2.672235060422807e-10
N20000815,23.192447697284546,15.857176390020026,9.398451634558778e-10,4.151583157462038e-09,60.95037590048323,8.595805873870937e-10,2.457541172732774e-09,1.2487019415488176e-10,1.0181479715944075e-09,1.9739567411800133e-09,6.8667172295177e-10
N20000816,42.73584999638491,18.28133356648349,1.7423994356289678e-09,3.3660532471207396e-09,38.9828164177538,2.1783578879049085e-09,4.6867429362819656e-09,7.348453654376709e-10,1.650446502360925e-09,4.501806003045287e-09,5.171287448094767e-10
N20000817,48.45861663372599,21.1741700405073,1.760973050102099e-10,1.0710821182671585e-09,30.36721330633498,1.1462270127568974e-09,7.799291121762967e-09,5.493891439686898e-10,9.350164460380334e-10,5.942234795660638e-09,1.8123882955352412e-09
N20000818,0.5168735017641523,99.44110836793494,1.8442264838922746e-10,9.213048817461827e-10,0.042018128654916324,1.257094902548612e-12,8.785840960821037e-11,4.031851530369497e-11,2.3451117417153483e-11,3.7516559176308394e-10,1.2208801015840494e-11
N20000819,48.93988594143435,10.438281045774517,7.129266379775287e-10,1.9596744312766667e-10,40.62183300937961,3.843206019528124e-10,4.01475737363677e-10,1.7139507269053068e-10,4.68648407434854e-10,2.0017708658464656e-10,8.766288889223891e-10
N20000820,72.74023759087052,19.525490576501742,2.730290519671376e-10,7.434743194744322e-11,7.734271830040823,5.378269351418965e-10,9.406273887686316e-11,4.241471293624277e-10,1.9274942688601662e-10,2.3289923381220928e-11,9.67462966547978e-10
N20000821,29.24442589128784,41.130956337825815,5.3008327824155345e-11,7.277681769207886e-12,29.624617767934414,8.306199031602736e-11,6.555043418016144e-10,1.1173643530632148e-11,9.483871045012789e-11,4.072996192307375e-12,2.0429959684245333e-09
N20000822,26.704907051817212,7.69900069576949,3.5572690702040507e-10,2.8272986111738013e-09,65.59609223272706,3.2554548968793928e-09,5.767523687305689e-09,7.804558537234876e-10,2.5243921246576747e-09,3.051213566017097e-09,1.1241938636447067e-09
N20000823,35.83125104904748,50.02917084262305,1.2153750888952031e-09,2.363817530243304e-10,14.139578104389555,7.485414638966917e-10,2.3057176456349218e-10,1.1363696432938141e-10,3.7001655849289224e-10,1.1672777221912772e-10,9.086674835161808e-10
N20000824,0.2873353287300969,99.70836863435856,4.111391470473623e-11,1.0038317040586654e-09,0.004296035226934768,7.93053645993763e-13,5.008217482756467e-11,5.087147477647256e-11,1.1942379464706612e-11,5.211772935950209e-10,4.6024085169424255e-12
N20000825,83.10254072213877,8.941414752238568,1.9173918284910305e-10,5.340748830693766e-10,7.956044524132475,3.542281365691843e-11,1.708294790198824e-10,4.053219594634993e-11,1.3491474925754687e-10,6.714556807797559e-12,3.7594611026100673e-10
N20000826,45.759442778230735,43.25002224043173,3.451279782266195e-10,1.5105527668761015e-10,10.99053497781454,2.3716858263858663e-10,3.204272501348805e-10,7.861544384124864e-11,2.3541954280230673e-10,1.2644821383292368e-10,2.0287257510658542e-09
N20000827,39.08301145862443,36.46516804286848,8.0492839185339e-10,4.480717556644582e-10,24.45182049506171,2.9979493636771617e-10,2.850066090233161e-10,1.2649266320540354e-10,6.166620265983624e-10,2.900211562328941e-10,5.744034928080026e-10
N20000828,75.18206305739396,18.02927360857611,5.269503040809288e-10,5.5635669945283466e-11,6.788663331157058,6.185445720196172e-10,1.5734986785804834e-10,1.2902119981877593e-10,2.483484054990458e-10,1.584935492036294e-10,9.785210825442466e-10
N20000829,62.42268463147633,28.183100666208304,5.3698630288671865e-11,1.1657520139482528e-11,9.3942147012284,9.746639915299646e-11,7.911614151683773e-11,2.8398378282726768e-12,2.8756375433676773e-11,2.3399211077235754e-12,8.110729213953971e-10
N20000830,24.5826454192978,63.870080839662435,1.061777858549474e-10,2.0571167823499726e-10,11.547273738282211,2.0220741015157967e-10,2.7497201469818724e-10,1.2552138221611702e-10,3.575980090326725e-10,9.990896066129122e-11,1.3854693755637292e-09
N20000831,23.094347865205066,68.30332377129116,1.7188253326273036e-10,4.0686457906058686e-10,8.6023283601829,2.2891811400722122e-10,4.485859262389045e-10,2.772004202044363e-10,4.907753735822592e-10,4.496132536823559e-10,8.470269509766371e-10
N20000832,64.98261798909607,27.18302770494488,2.4066188670387743e-11,1.7699249225764496e-11,7.8343542960149515,1.9862321839141974e-09,1.7518727720032244e-09,4.96370614425602e-10,3.509630622996429e-10,3.8625976226816577e-10,4.93062071939643e-09
N20000833,12.513471083319343,87.05199484839228,9.393721231103881e-11,4.323826367180595e-10,0.43453406756758645,2.6619605708438295e-11,8.767622896431036e-12,1.5423286033055456e-11,3.471975915069596e-11,3.169746157987426e-12,1.0576475801888209e-10
N20000834,63.46993652771064,34.23321998565501,3.367372450573861e-11,5.271765182613288e-11,2.2968434847620496,3.633158787151421e-10,8.986023639724114e-11,4.0614208947054507e-10,1.612557285775289e-10,2.788012111303028e-11,7.374724596885954e-10
N20000835,58.171363879255,34.51790878342262,1.3387766335779626e-10,2.4933855335210284e-11,7.310727334990314,7.654334987867987e-10,9.372063864034832e-11,5.0523150361754445e-11,1.1781519988828006e-10,8.366478920574252e-12,1.1373756791525434e-09
N20000836,4.151827577818704,95.26341339359838,5.278621475138864e-12,9.166330800416807e-11,0.5847590277130492,4.923048093354409e-11,2.4686472757377307e-10,9.004517371092132e-11,5.4786340016368017e-11,7.91874359287087e-12,3.2406475602354533e-10
N20000837,60.92223659325731,25.236283078185114,6.227089879042068e-10,3.3960276999974974e-11,13.841480325228023,1.2298424483273657e-09,1.8298904654773903e-10,2.875989880596694e-11,1.387510198984073e-10,2.333204025401086e-11,1.0692063413280305e-09
N20000838,24.449480085065137,61.18358338989771,8.518858707482933e-11,2.1036847581358983e-10,14.366936522447107,2.2325037489178254e-10,3.2485919440109584e-10,9.109606789665621e-11,3.490639705159658e-10,3.413084705594857e-11,1.272079089462473e-09
N20000839,34.423982482355875,45.49648893395122,8.560742197975148e-11,1.6261966109402253e-10,20.079528580179755,4.3943261559988463e-10,6.526041912247568e-10,4.294759502195254e-11,3.3458574031448655e-10,3.9998511181622575e-10,1.395393378809962e-09
N20000840,19.99176703191057,77.9397789666592,4.288709339292395e-11,2.7105273707708474e-10,2.0684539999970877,2.7778742426375563e-10,8.22938922181908e-11,2.5110938658420925e-10,1.62868756294805e-10,8.375996242131643e-12,3.367698129000394e-10
N20000841,29.17675463629251,68.30567456351017,2.300867558816216e-10,5.074166406454535e-10,2.51757079818734,1.2406018377785887e-10,9.728431290653923e-11,3.399020729547689e-10,2.743022818905271e-10,1.123181029501756e-10,3.246081153657157e-10
N20000842,68.42486306406845,10.838796272931365,9.67908590720139e-11,4.6372731772872e-12,20.736340660457103,4.2474817616970974e-10,2.4529612662782793e-10,7.723394436838242e-11,1.0210564859633958e-10,2.1832796859935197e-12,1.5900985827473675e-09
N20000843,21.196812136137606,76.6822827382055,6.498396497047827e-11,5.443810907219267e-10,2.1209051242130643,1.0470185191588577e-10,2.264275329296656e-10,3.373267297549373e-11,8.343793881137421e-11,1.4315646128168604e-11,3.7187377677586025e-10
N20000844,82.41094337168718,8.903486933674161,5.114461741558612e-11,4.123877834005121e-11,8.685569690632834,1.6315523418640605e-09,1.9777488015623343e-10,5.300540155442847e-10,1.9544620048456435e-10,2.6053847186926618e-11,1.3325723299244467e-09
N20000845,19.27290009491124,79.6580695595149,1.377953774120059e-10,1.774937702299462e-11,1.0690303450054826,5.75174077631136e-11,5.855526681446878e-11,8.304657554184274e-12,3.101702160106509e-11,1.1573040876835742e-11,2.4587056434866773e-10
N20000846,24.63424685636451,72.89425177586772,2.8227500622988765e-11,9.760104073952343e-11,2.471501366042051,3.9160715926154673e-10,1.326683244049353e-10,2.524797206550797e-10,1.9230474507141042e-10,1.9114397227232073e-11,6.117306819957435e-10
N20000847,62.642835631083315,27.370308430509745,1.3493433280114602e-11,3.551267392063418e-12,9.986855935580945,5.3066880316986e-10,3.9110833084598864e-10,4.292625834127909e-11,9.158747128487586e-11,1.06451267490087e-11,1.7420155553440717e-09
N20000848,26.435933714253363,72.12502783313451,1.3486583764360662e-11,2.64205515858718e-10,1.4390384503012132,1.7007002193327296e-10,2.5648727905581303e-10,8.020203071441534e-10,2.642553095255685e-10,1.20913059548149e-10,4.195101853512681e-10
N20000849,6.397676799511647,93.17076370538965,1.1613737590201884e-11,2.1902262316317847e-11,0.4315594942923655,4.296290344083395e-10,6.600605268382709e-11,2.1350001683217798e-11,3.6185449370497366e-11,4.92807431377264e-13,2.191762635307652e-10
N20000850,82.0600398103317,13.493376846249792,3.146798224997529e-11,3.0293409458109e-11,4.446583338474934,1.1307844305867931e-10,4.06997527362844e-10,1.302974134945502e-10,1.9033640609317333e-10,7.310408293739201e-10,3.310062613356888e-09
N20000851,63.66949846182656,34.37552097350435,8.269655929399057e-12,2.122583098328004e-11,1.9549805600614503,1.1142430037342244e-09,6.847039043806912e-11,1.3707792382294088e-09,2.3208799382251055e-10,1.6278397294595392e-11,1.7762834158782113e-09
N20000852,79.2639333093342,17.17484976680876,1.2147079763503092e-11,1.6281012365013062e-11,3.56121692114615,5.522974225262632e-10,1.306714613208664e-10,4.852068029885786e-10,2.2508718662061576e-10,7.61015305806099e-11,1.2131290405095255e-09
N20000853,41.853544343269114,56.19794432451116,6.798966367563228e-12,5.980328054576967e-12,1.948511330289004,3.028667575756996e-10,1.1653481087499422e-10,1.1077556700496233e-10,7.383340988965996e-11,1.1263231244109612e-11,1.3026595075264744e-09
N20000854,35.05003757025281,8.791312937108431,2.983403919584849e-10,2.6147112845574044e-10,56.15864948968293,1.2465470005068235e-11,1.5942079466524114e-09,1.90179928516854e-12,5.2207959735343096e-11,1.206223919227111e-12,7.340216672315713e-10
N20000855,5.758594439608687,93.94637560174738,9.243044059318986e-12,4.3883483897204706e-07,0.29502951960448365,7.906702714568023e-11,1.2604632655387792e-11,7.549260061674419e-12,3.955537264652409e-12,1.8400124408102415e-14,9.217072414555877e-11
N20000856,68.91827929068704,4.431172908211936e-10,0.7640011404564202,1.3186240201738225e-10,30.317719563983175,1.3883326700075979e-09,1.793526795404153e-10,2.8224388093976694e-10,2.0301852200173144e-10,6.565870141138693e-11,2.179794815508211e-09
N20000857,8.796740376943012,4.3791561058979e-12,1.2462507240780232,1.1832366070801074e-11,89.95700889808641,3.489317473293201e-12,5.133816157902916e-10,5.466665733933296e-13,1.7353644541640777e-11,3.1451264829722125e-13,3.412562280332657e-10
N20000858,29.628097267072658,3.7207822973608224e-11,0.19947431466843576,1.3853063497151812e-11,70.17242841650112,2.3098419601755164e-10,2.704537496472874e-10,7.566101856998322e-12,5.133487420171462e-11,3.549914015078511e-11,1.110892767769401e-09
N20000859,53.81898420727739,4.112511254378533e-11,8.732072896747365,2.8959631936326657e-10,37.44894289509498,9.063791606573617e-11,8.047105785771348e-11,1.945134757300427e-11,7.896359980752716e-11,1.6098367031716184e-11,2.6392885461167283e-10
N20000860,62.57154820958688,5.065606786088666e-10,8.883194898882019,6.785692674240285e-10,28.545256887406218,1.5165630283171658e-09,1.6918889623514123e-10,1.8169095746667708e-10,2.3109159472128834e-10,1.2661926638813227e-10,7.145935582533769e-10
N20000861,53.992498750966064,1.2989867711002974e-09,27.332226731204045,1.4485439344343808e-09,18.67527451278466,6.578946742089448e-10,4.181966759586838e-10,2.0116923370730726e-10,2.459779675827879e-10,2.89357889602811e-10,4.851020821401928e-10
N20000862,69.69662890663808,4.957393464619568e-10,9.258817971809421,1.057538594247488e-09,21.044553119003155,3.0216626173782084e-10,7.702123972848298e-11,5.827263495647829e-11,1.4364847405644794e-10,5.795506724165879e-11,3.569999487254834e-10
N20000863,34.87372298076842,2.9582805414086854e-11,1.803624421104505,9.427588085205494e-11,63.322652594758644,9.877481495459697e-10,4.3438858974501006e-10,8.811928901230052e-11,1.9881594355548242e-10,2.8042853525325486e-10,1.2550916727470195e-09
N20000864,79.59036970372925,6.577022026699619e-10,4.124025501658562,7.20017240124852e-10,16.285604790940173,4.629104826110657e-10,1.3732051702074389e-10,2.9331023504070696e-10,2.075646000769986e-10,3.053012850173154e-11,1.1626602100796808e-09
N20000865,65.53128288776756,1.1764451269715238e-10,0.994241690764944,1.8379755114747756e-10,33.47447541845738,8.967308393023364e-10,3.019019328104278e-10,3.7097700506227423e-10,2.9451726147069386e-10,9.728624069925785e-11,7.472460606906507e-10
N20000866,66.33752000115616,4.3014746398129594e-10,6.830972690004724,3.538044772449868e-10,26.831507306809886,1.9179126845401615e-10,1.8405248654975703e-10,1.0046121088134436e-10,1.6042429430752154e-10,1.7739871917840947e-11,5.908120197239092e-10
N20000867,50.51263287363336,2.8436959701809226e-10,0.7932863398660485,3.44554350652587e-11,48.69408078327163,7.095281063763911e-10,4.820208435557821e-10,1.1902389601760723e-10,1.695213404767511e-10,1.996664184757772e-11,1.4100679292067625e-09
N20000868,79.63717402954339,8.194991642138509e-10,5.599871452276785,1.795753841432023e-09,14.762954513513158,3.2027458504443033e-10,3.360586163734457e-10,2.8480861326909004e-10,2.9431052527793315e-10,3.103585182802491e-10,5.055954022338017e-10
N20000869,31.007705769654393,3.5306273402698786e-11,0.6447926271479172,3.258834813948833e-11,68.34750160152052,5.445394648542638e-10,3.4209241038941237e-10,1.0796235572607835e-10,1.3805027966041404e-10,3.380959350537822e-11,4.4280698308189234e-10
N20000870,91.99756884050548,1.1870675890014742e-09,1.362903089565341,9.85278033491631e-10,6.63952806400269,1.2751016744432346e-09,1.1394514275749524e-10,8.749426121977051e-10,2.0512844987763638e-10,6.109329408876388e-11,1.2239375014253555e-09
N20000871,65.05509513155565,2.3937331429021695e-10,7.485643606650461,5.027188379247318e-10,27.45926125971303,4.194502506968783e-10,1.2376912482162236e-10,1.156768361250253e-10,1.7486464837194099e-10,2.0762375717423157e-11,4.84246642625748e-10
N20000872,53.79715367734249,2.675385384339282e-10,1.8609550480098447,9.752018548621868e-11,44.341891272445096,3.6110500946454945e-10,2.370709445767228e-10,4.6122719823334065e-11,1.344410645953213e-10,9.467921258709534e-12,1.049313831533603e-09
N20000873,84.02986956859597,6.351113247038636e-10,2.189240031746627,2.891843317807178e-10,13.780890395740045,1.1634243215061986e-09,3.967042258914385e-11,2.0429674937876356e-10,1.6540597324877477e-10,1.4393663997822683e-11,1.4058822024842852e-09
N20000874,90.04434212959343,2.7904422472229676e-10,0.10107895258198527,5.601894967424171e-10,9.854578899951179,7.198819541945992e-10,1.83825270346604e-10,1.3902547648608483e-08,4.4384426519228306e-10,1.5072691306371175e-10,1.6333330008929052e-09
N20000875,82.84317282240092,5.173409125533593e-10,4.313965748642616,2.6318899862033433e-10,12.842861427211133,3.090342648958633e-10,7.104322979944767e-11,3.434373576893171e-11,1.1020082120150356e-10,1.76352792020901e-11,4.2254489193664027e-10
N20000876,56.28095402889509,2.714858767860569e-10,12.194250133214355,8.902553983515196e-10,31.524795835469295,2.730595260769943e-10,1.936774292136673e-10,8.769501897406014e-11,1.3737094474453073e-10,2.3529643107091134e-11,5.441767517046662e-10
N20000877,90.79982777755258,6.179733330906015e-10,0.37523404589753356,1.6499960137819718e-10,8.824938170059038,9.542928090123084e-10,1.7506982104151918e-10,1.644734433417721e-09,3.2204999486425844e-10,1.791550266017522e-10,2.4325646942471648e-09
N20000878,59.66065319139023,1.5174103610545063e-10,2.3164069320776886,5.0257392243882406e-11,38.022939874929534,7.242236429663382e-10,1.9707856382591625e-10,2.523386304635167e-11,1.5112388659070208e-10,4.367433378365088e-12,2.9852292802185556e-10
N20000879,46.30825355462473,1.502567183999747e-10,6.115790685412175,8.081629151829974e-11,47.57595575805,4.4361149173073223e-10,3.306597889585111e-10,3.0129095562013306e-11,1.1446702725297457e-10,1.039683920009672e-11,7.52755980017725e-10
N20000880,74.5666545407926,2.757302519861935e-10,0.6883860479818414,2.3222221078275295e-10,24.744959404694875,1.2651560981034546e-09,3.4842178487078737e-10,1.2656827117602083e-09,3.5057618002773034e-10,4.22841689749528e-11,2.7506117884376177e-09
N20000881,49.98029342584383,6.559510591134285e-11,0.9988079273528825,1.0567782051746466e-10,49.02089864362608,5.570590449929104e-10,3.9576302577770696e-10,2.836121171126557e-10,2.2759628316636207e-10,4.823524963100215e-11,1.4936552595720333e-09
N20000882,28.379417073850068,2.222481770927821e-11,3.351498409096973,8.186189385264054e-11,68.2690845154661,6.132116455560649e-11,7.078864015217642e-10,2.4871745237261927e-11,5.93101560882582e-11,2.0112866480192387e-13,6.29180801361611e-10
N20000883,25.840986269096323,2.9592241958168294e-11,0.9641881737181683,1.9225998293405918e-11,73.19482555548431,2.8125809962839695e-10,2.974492420633108e-10,4.934649251328248e-11,8.607147456510027e-11,7.191718645900003e-12,9.31049738302402e-10
N20000884,91.09051920207926,1.3457267492151728e-09,0.6626272468330424,3.7332793946191717e-10,8.246853545461116,1.2396233586086168e-09,1.2178414674631328e-10,2.9706029632762026e-10,1.603671641138624e-10,2.1702980407922524e-11,2.0669854997403645e-09
N20000885,65.87586755224949,3.1238414347452206e-10,1.357103259233429,4.5766730225499434e-10,32.76702918587814,2.660535995762305e-10,3.3230841426145834e-10,3.1511401564335896e-10,2.0002264844577123e-10,1.931090346455594e-11,7.360832267005125e-10
N20000886,85.78489258318805,6.746288518043801e-09,0.6333207235137336,1.416255507459618e-09,13.5817866584534,4.217840893334614e-09,5.047684552788762e-10,1.2989426830375027e-08,2.199475515605497e-09,5.346312737948199e-10,6.2361441780507625e-09
N20000887,85.76220935462504,3.366860366858061e-08,4.685912703933695,2.5851668888179858e-08,9.551877856253828,1.2089413245297972e-09,2.622368059374784e-10,1.769043139788565e-08,2.4283183477565832e-09,3.0348714184528814e-10,3.773756334021997e-09
N20000888,44.592570139821675,3.321373399881058e-10,4.010600224019949,4.7506122251168185e-09,51.39682962673283,2.3608006694579366e-10,2.527091098867891e-09,4.544591750340166e-10,3.870348244096712e-10,3.669994284761479e-10,3.7114194742213745e-10
N20000889,26.46793190286381,1.459315980554307e-11,9.217946165075082,3.323806072500332e-10,64.31412193072634,1.7143143529661705e-10,1.6773185659848964e-10,5.337267842743838e-11,2.2220977695355334e-10,1.0780207278718825e-10,2.6524734054314564e-10
N20000890,32.41112246330992,5.056919431066883e-11,6.657458294620423,4.6133774900919545e-10,60.93141924049985,3.952547012813095e-10,9.126308339166607e-11,2.999340927685118e-11,1.8690873194778874e-10,5.747811150435689e-11,2.969961273061555e-10
N20000891,54.43766893046976,2.7953088113342025e-10,3.404690881532963,2.1111726185866523e-10,42.157640185670175,2.3508843846101966e-10,1.3227167264220892e-10,4.3854930375754534e-11,7.928089591298065e-11,1.9292981474589484e-12,1.344017679407911e-09
N20000892,89.90294442448149,1.736194857216625e-09,0.8921398918842206,2.763079229738804e-10,9.204915678125497,1.008982888680848e-09,8.933949761349613e-11,3.509649058524325e-10,1.4959499595198117e-10,1.485285871265828e-11,1.882547801274579e-09
N20000893,84.27720848890644,3.07914664013843e-09,0.5003178300404513,1.1599220754409237e-10,15.222473674691326,9.199004663181249e-10,1.3945245398042193e-10,6.11189813295929e-11,1.3378651495820533e-10,7.698938123182977e-12,1.9046875406772973e-09
N20000894,88.17415332191088,3.3321230035489506e-09,1.5513816919255574,4.476357154722586e-09,10.274464972494627,1.076681439203958e-09,9.858662467717867e-11,2.6873638676526974e-09,6.866033079148995e-10,7.663943223677654e-11,1.234599553722016e-09
N20000895,56.97565049481591,9.856378962639032e-10,11.339318207651633,2.8069653343044485e-09,31.685031292056703,1.9322787489252218e-10,2.577448689224504e-10,9.383907672160935e-11,1.9805515623780076e-10,1.179591085244935e-10,8.22322040068437e-10
N20000896,90.28819589176445,2.170367762628432e-08,3.0152923159487917,2.7847451591240934e-08,6.696511717738672,6.708214654359088e-10,4.972558540078402e-10,1.7909458062782346e-08,2.1323857668758574e-09,1.7481492887227944e-09,2.0388826751194816e-09
N20000897,20.26815226068216,1.11752327917952e-11,0.6548502447081183,1.3492512004184667e-10,79.07699749332862,1.698050177848529e-10,5.045316932126156e-10,6.5125959111512545e-12,7.954621980515818e-11,1.89208271666988e-10,1.8538137711468089e-10
N20000898,59.30852141252387,2.2368855533035433e-10,1.13287190924977,2.2453027026984964e-11,39.55860667675394,2.2993160108458463e-10,2.082828273867508e-10,6.85555735367529e-12,5.922963453770552e-11,1.1135234674970951e-11,7.108430369159186e-10
N20000899,73.65643720123224,4.727079543065745e-10,0.9510574440958206,3.208977200444085e-11,25.39250535284942,2.0148008263435832e-10,8.368073228628032e-11,7.819642884216181e-12,5.2379295015417947e-11,2.0491154967294324e-12,9.702981896952843e-10
N20000900,75.11878024462546,2.683134355199735e-10,0.8148488757952902,1.1094357860055575e-10,24.066370875471275,1.1896294238804623e-09,1.4338804819447008e-10,5.366027031589655e-10,2.1814326427811307e-10,1.5905041882903308e-11,1.625051967110417e-09
N20000901,33.98158079591999,3.063188188554825e-10,2.38703351648305,9.839341909682738e-11,63.63138568612575,1.1048757939240323e-10,4.942189567835864e-10,3.0086868918911925e-12,4.567718480378782e-11,4.938292168176442e-13,4.1260637131177413e-10
N20000902,39.06624876151419,5.379209150995945e-11,3.0525351663962983,5.908207274701812e-10,57.88121606661115,6.23813390539625e-10,6.595873791481605e-10,1.241827161888059e-10,4.534142389685417e-10,2.325976182088696e-09,6.467592097326051e-10
N20000903,92.13200536341908,9.391659178928124e-10,0.2946221886848886,1.4903138529501871e-10,7.5733724403414975,2.457997480704454e-09,5.963947622443618e-11,1.6445049551500831e-09,2.712496385399434e-10,2.966613517642469e-11,2.0032610179735042e-09
N20000904,81.53319749196834,5.648513597681165e-09,2.977082421984213,1.7091215203411127e-09,15.489720069205196,9.170315000391463e-10,3.564598256568363e-10,3.253007270586062e-09,7.235053453497304e-10,9.148848139413046e-11,4.1431257719963544e-09
N20000905,61.46441090780738,1.2015579990651131e-09,3.46787649048931,4.879560250049566e-10,35.06771259765119,2.7609893733694386e-10,2.967960983294016e-10,6.012799506660123e-11,1.1613861329939251e-10,3.5906643373880867e-12,1.6098456905414956e-09
N20000906,75.19355656882027,7.95301518251582e-10,6.978087916373441,1.76607823360652e-10,17.828355512663293,4.4196727497274475e-10,5.275489912973001e-11,4.611654606371268e-11,6.328052023048442e-11,1.3507730413101787e-12,5.656410893493248e-10
N20000907,63.32174118794526,5.539265161348804e-10,3.127400063645009,2.3372546696418094e-10,33.550858746253176,2.7342189292669546e-10,8.336837696596534e-11,2.5130105609881862e-11,6.63570515301943e-11,1.3190202040846309e-12,9.19315557865356e-10
N20000908,44.62869277001874,4.105589547630728e-10,0.9827058005302478,9.834206755325121e-11,54.38860142663145,1.4034482842744447e-10,3.783763732022469e-10,1.8275138726906472e-11,7.854337800080101e-11,4.4827002279188e-12,1.690641585159351e-09
N20000909,37.33295970258255,1.635311113621477e-11,4.384427100726251,3.945474397532734e-10,58.28261319530898,3.419927292210895e-10,1.068775942416485e-10,4.143498913932368e-11,1.734478145771419e-10,8.421237197119361e-11,2.2335797913706064e-10
N20000910,74.05390185118259,5.451836420549341e-10,0.3027755675217737,1.4502960620948536e-10,25.643322577485428,6.389936889745168e-10,1.7654135152937326e-10,9.530450209604953e-11,1.668160525099612e-10,1.0797839236187723e-11,2.0315303595259774e-09
N20000911,80.10022690455968,4.665292256754807e-10,0.8581999428014065,2.157916200031946e-10,19.041573147242428,2.6873407374011726e-09,2.394543951641116e-10,3.608541379632309e-10,1.682042481100271e-10,3.519258039878502e-11,1.223146212744015e-09
N20000912,68.7427152826281,1.4814713371480042e-10,0.36783993077324306,3.7899534959716235,26.73309090698658,1.9421206793277764e-10,8.854544912813519e-11,1.4209376465103987e-11,0.36640038083769666,1.8011644864383536e-12,2.355842942724558e-09
N20000913,81.99382428040536,2.6610708159668434e-10,2.311219246439763,9.592143226230903,5.394804012691918,3.675158424932982e-10,2.7980028687980355e-11,1.1626256731392251e-10,0.7080092322982171,2.9468309568339316e-12,1.1530356184105217e-09
N20000914,67.14601231160019,1.405944040794411e-09,0.896485953017419,2.927200683550286e-11,31.957501729452982,1.631076647863428e-09,4.4209536732162294e-10,1.3531647715612855e-11,7.022762205248766e-11,3.67028900126616e-12,2.3335867562907005e-09
N20000915,84.89759038540119,8.722277915606324e-10,0.9762875401471057,5.253394692543732e-10,14.126122071888492,1.6451746767380776e-10,7.570735272604544e-11,7.162372892128912e-11,1.340164709024022e-10,1.8390901920468634e-11,7.013876736042986e-10
N20000916,54.80712504452637,1.6072787166524658e-10,0.8301252426215467,1.3514226236661194e-10,44.36274971124776,2.5067389880239925e-10,3.496039711523854e-10,2.309009155258806e-11,9.875262995915559e-11,1.8311281458278437e-11,5.680257020286122e-10
N20000917,69.34948641673516,5.326233442009548e-10,2.408122373503413,3.080520169033818e-10,28.242391207973515,1.490915832389682e-10,1.4752306640302664e-10,1.7113948042163206e-11,9.383914832726798e-11,1.2600656578813174e-11,5.270645733007171e-10
N20000918,86.27847965224494,7.970013290098354e-10,0.9047503590098056,8.123301017442078,3.7690813420290534,1.2912527622498483e-09,6.213060781105415e-11,5.971177371812918e-10,0.9243876227977121,6.939608589457987e-12,3.7219738262255964e-09
N20000919,81.52915680659564,3.054453439868197e-10,0.9957776609825479,3.7687832151273287e-10,17.475065529163242,4.5525935559502804e-10,1.0939931687662253e-10,4.469747524385958e-10,2.374735579319078e-10,1.584419108415367e-11,1.3112934508955607e-09
N20000920,58.72577748897832,2.1428121030673604e-10,2.075171992315695,2.279443411491102e-10,39.19905051643603,3.305754177080523e-10,3.881012052817663e-10,3.13150673929375e-11,8.035824582738527e-11,1.7140389643143043e-11,9.802410196356688e-10
N20000921,87.35711456813655,2.0986789747296605e-09,0.6284131754318412,6.010979584215622e-10,12.014472250253402,4.148761879071816e-10,9.715066426078785e-11,4.058391562086138e-10,2.559083750396127e-10,9.763200012258613e-11,2.207027075295593e-09
N20000922,71.2558893289972,3.511370453165841e-10,0.37574855251195904,20.604257828025208,5.838915923127319,1.9761539956675614e-09,2.488958488172003e-10,4.613995878233489e-09,1.9251883576607283,5.950090545456735e-11,2.427903624834217e-09
N20000923,40.22546610110895,7.713003680442599e-11,2.1681858808271977,5.17273654533718e-10,57.606348015547624,6.257553877395135e-10,3.403061305501265e-10,2.0213659413261008e-10,2.4153217148891305e-10,1.2541326598478664e-10,3.866882189505736e-10
N20000924,12.248168585656547,8.926004525333518e-10,0.45700517014868014,86.87474499229829,0.26882196905709543,3.0051288681796074e-11,4.7320897442209656e-11,2.078839049931154e-10,0.15125928156016738,1.5756866797309838e-12,9.97937849082344e-11
N20000925,38.972629215672974,1.7823042898992587e-10,1.937639698702756,3.327604922744854e-11,59.089731083638966,4.804161019443485e-11,3.0219364424693143e-10,1.1624801908689599e-11,8.506199043430968e-11,4.738268383149865e-12,1.322153843459401e-09
N20000926,50.844649320653666,2.797828680158594e-10,1.6785608683574111,9.965009918440735e-11,47.47678980926082,6.361270848263879e-10,1.610195912469471e-10,5.453068819009744e-12,6.072997435552293e-11,3.5473326448571353e-12,4.817933846853626e-10
N20000927,83.3654713469432,4.049932033363952e-10,0.4975510481119511,6.143350216022779e-10,16.13697760138208,8.907049191575829e-10,1.5252379619002727e-10,4.400625314763415e-10,2.0086601465098405e-10,1.1852634830027856e-11,8.474397833898389e-10
N20000928,57.17040539660393,1.8089362314313663e-09,2.870760200873398,35.13404347734126,4.487411719806723,2.5813745263233564e-10,4.8533543072255754e-11,2.1437680608072243e-11,0.3373792025396406,1.4166826813350309e-12,6.965857950565094e-10
N20000929,41.776010446950544,4.627551483511577e-10,4.327999490988011,1.1697309231006194e-10,53.895990060247975,2.0545108156041807e-10,1.6913609554742358e-10,2.6336375867697367e-11,1.0007092942025168e-10,5.877705238377264e-12,7.268504876323472e-10
N20000930,48.0753775284536,3.345705671170251e-10,1.3980623602160318,11.445303900011165,37.85850755294554,6.332089928517916e-10,8.261436033346826e-10,2.1004513853631275e-10,1.2227486540414927,2.711996734044824e-11,2.3010713102565133e-09
N20000931,81.02755771208618,3.2612782268512076e-10,0.2797393789335773,6.119448456751554,11.870510675519249,7.343909268516862e-10,9.96235777314175e-11,1.9056264497987765e-10,0.7027437733941092,1.8656626331345776e-12,1.9627458279908034e-09
N20000932,81.79207574255199,1.6914373910150758e-09,1.4926520751178052,2.4821083942138864e-10,16.71527217913468,1.7390596507107215e-10,5.1736570169603146e-11,5.537077977355603e-12,5.1500472817245596e-11,3.067074722197855e-12,9.701485318857365e-10
N20000933,71.66485873371009,6.747374489581314e-10,4.373640282006392,9.733879908641445e-11,23.961500980628387,4.450720438195815e-10,3.3568356671662495e-10,7.80450500054845e-11,1.7869934514839842e-10,6.048640579013134e-12,1.8395096002271796e-09
N20000934,46.623366179861605,3.034558924940383e-10,4.488317004915393,44.944075509392846,3.427626357121212,1.8971760325658903e-10,8.229675116255238e-11,1.218730564972262e-10,0.5166149475971198,6.088382226855852e-12,4.0840258013035867e-10
N20000935,41.393881474425015,9.449279821176022e-11,6.478388762018818,3.232781607293182e-10,52.127729760655036,1.4524066456538406e-09,1.4224640576038328e-10,7.359625022802334e-11,1.8571081063940706e-10,4.6392340710363376e-11,5.829946512305597e-10
N20000936,86.08933691214115,1.9727490471962113e-09,0.6293730917665812,9.298330971072748e-10,13.281289983972155,8.897499507844114e-10,1.1925915998190385e-09,2.367912767060091e-09,4.389828711601217e-10,6.521559177553817e-10,3.6761509837693506e-09
N20000937,44.82246975050721,2.2530342146145593e-10,6.356255816895029,1.3875041401529962e-09,48.82127442848055,5.909930859376677e-10,9.809552346988536e-10,1.761489449703473e-10,2.5539661854898376e-10,1.7570557744921409e-10,3.252044495214958e-10
N20000938,83.06442909165881,2.9425470845371854e-10,3.182940498291184,2.2644551050099704,10.843434298321982,8.545175441798338e-11,1.054879076321895e-10,1.664751979884733e-11,0.6447410040862009,2.5141924698292317e-11,2.1048662942544887e-09
N20000939,67.27689239974347,7.579115977226799e-10,2.5368311891332382,20.5296097636029,8.605906393999797,5.063300897730131e-10,8.218782674090932e-11,2.068757764529174e-10,1.050760250468901,3.349775792507622e-12,1.4950165338746616e-09
N20000940,57.248869286108715,2.8415921113040334e-10,0.4009006845235333,1.3515843355371446,40.461002962635916,1.0531359904642161e-10,2.457745185653059e-10,2.4050242096367004e-11,0.5376427275389423,4.731450798529298e-12,2.991698376466536e-09
N20000941,75.1345881347859,2.3152875947099213e-10,2.3946860020708978,8.70419709719028,12.809799449009077,1.1520412733155518e-09,4.550967860088487e-11,1.5830997981944949e-10,0.9567293139835614,2.4145141254485334e-12,1.3704899642009758e-09
N20000942,13.027694911007131,6.95611332067175e-10,0.760333143178748,85.14080038471057,0.7081922168498799,2.5760940587307764e-11,5.4295837928927554e-11,4.863069676060596e-10,0.362979342835407,4.6313465723233175e-12,1.516565405041921e-10
N20000943,71.58062814754386,3.195031905522841e-10,2.6216915887875536,9.254694335135966,15.923203826590202,3.8753045296023766e-10,1.234007296733694e-10,4.68399143635398e-11,0.6197820998091726,1.2447372986339628e-12,1.2547207225832475e-09
N20000944,28.622869676918512,7.205979809868839e-11,0.49130099795702126,51.36160331517722,18.413632095428692,8.003947026773069e-11,1.986765030677462e-10,4.4138209423768467e-10,1.1105939128972109,3.9384319056140685e-12,8.252512072290146e-10
N20000945,27.578242269984532,1.6753798867653883e-11,6.695634202612085,1.4833447530535375e-10,65.72612352644501,2.0489313019804838e-10,1.608693984887192e-10,1.3913846234572245e-11,9.405399441883121e-11,1.2568549912826632e-10,1.9387806259989037e-10
N20000946,23.116118449759973,4.590803398147514e-11,36.22416926603769,2.203080216852296e-10,38.300641265384364,6.577917592238171e-10,1.0513511206167679e-10,1.7286246472333485e-09,1.2572777782679351e-09,3.028238519823485e-11,2.359071014772626
N20000947,57.3817412465832,1.2777082798768623e-10,1.076324487186052,2.1523822115474582e-10,41.54193425692826,4.443402777605301e-09,8.506014393424458e-10,1.5402908809247543e-09,4.63240780589884e-10,2.3532351702612955e-10,1.4266125938838802e-09
N20000948,84.00109388475123,4.917445071010826e-10,1.5092808489759602,9.886968745180334e-10,14.489625258876401,8.270220956289519e-10,2.3412967455027637e-10,3.322416773921521e-09,4.2529270421116194e-10,2.3450298198346863e-10,8.72605706396067e-10
N20000949,78.76749807586255,5.943775055742464e-10,2.7817318611744657,5.199250762119248e-10,18.4507700584662,8.506802164642031e-10,1.1722015140679858e-10,9.851895905470652e-10,2.5955700520027777e-10,5.0958481491318613e-11,1.1188621418874287e-09
N20000950,22.23593997449262,4.7034836723834436e-11,11.779245699923042,9.543184445125907e-11,65.98481432372239,5.22690520064054e-10,3.2955630756014853e-10,3.19196604130754e-11,1.3035868038041611e-10,4.1759772989099244e-11,6.631917596644881e-10
N20000951,36.44486678118881,2.628419123335865e-11,1.801247414842165,2.490201318069844e-10,61.75388580113002,1.2318750172341535e-09,3.041715076011106e-10,1.173366863705936e-10,1.911300772440842e-10,1.1121643099514749e-10,6.079650069266761e-10
N20000952,27.199318722908078,7.91423635717672e-12,5.530524298016779,6.35998680873626e-10,67.2701569750807,3.0415677677722683e-10,6.701865188293296e-10,4.357724076235212e-11,2.7892985595491427e-10,1.7350989397148284e-09,3.185589592613143e-10
N20000953,19.68152235826298,5.2579754186213405e-12,5.1956260558110525,1.2981791870748238e-10,75.12285158235596,1.0388541207848707e-09,6.424470029496446e-10,4.252456603219966e-11,2.5219562416020113e-10,9.060436432777901e-10,5.528490588067097e-10
N20000954,34.10657587784936,8.786610466206317e-12,8.725236532532907,2.9580139621497794e-10,57.16818758579162,1.2588740739376557e-09,2.5269562542818334e-10,4.294615769348935e-11,3.071377889401033e-10,1.2829319204341215e-09,3.769455235036512e-10
N20000955,20.672624755934116,2.5491977721614413e-12,3.9453971693277787,2.2779115526130397e-10,75.38197807162211,3.680915893073605e-10,2.0771705961814217e-10,1.750983029437872e-11,2.1918704570249993e-10,1.9391566720705414e-09,1.339979361316559e-10
N20000956,26.651115663509728,1.0064940357425669e-11,3.1055157236132245,4.111323320245602e-10,70.24336860687656,7.996763294211152e-10,8.915361548852267e-10,3.984212837936994e-11,2.6604057370779196e-10,2.7849820200109725e-09,7.972219806147813e-10
N20000957,55.994286979853555,1.1893225986020106e-10,3.773961857363056,1.6267836756916638e-10,40.23175116062178,1.0448576054001706e-09,7.23008960715533e-11,1.2928145846062596e-10,1.4139725499662903e-10,5.777811643043643e-12,4.863599017360003e-10
N20000958,27.586008368576607,3.198616324299433e-11,9.480110154553815,2.077282094347617e-10,62.93388147511065,6.67686250633167e-10,2.079813248549067e-10,2.9529200373420785e-11,1.4351284829333804e-10,1.0689138289095192e-10,3.635964541142714e-10
N20000959,23.643755539110572,3.915920129522245e-12,8.885637036500563,4.238090040973448e-10,67.4706074224448,3.9894210714201117e-10,1.9450476945192437e-10,1.4661999754682527e-11,1.6817510333897487e-10,5.262241292098196e-10,2.1382107116943737e-10
N20000960,26.968113800810695,6.8522012890746e-12,2.9374292121556587,7.632367612850881e-10,70.0944569820951,1.438173344594887e-09,6.100589559789533e-10,7.347291918934224e-11,3.577274450917881e-10,1.4507383638678641e-09,2.382856169372937e-10
N20000961,39.30865257452577,1.3682855494032253e-11,7.546205329482994,4.436667552108123e-10,53.145142092262496,3.5541917148154497e-10,1.8189096008400163e-10,2.727032361957773e-11,2.6923890584102216e-10,2.2106819900722208e-09,2.268772038529677e-10
N20000962,23.126524475561375,1.1133492829986963e-11,4.946793565634814,1.620629041307798e-10,71.92668195590805,1.221993814615023e-09,6.032575350012876e-10,5.1857240660040154e-11,2.2751265689206146e-10,3.1921953200457356e-10,2.987061932635712e-10
N20000963,22.999529348903028,2.027759943420973e-11,6.539240483094727,5.430499974609436e-10,70.46123016578983,2.5401465679194803e-10,1.909733594636249e-10,7.59645905570935e-11,3.75248656385654e-10,2.0242636410481794e-10,5.504687853027432e-10
N20000964,40.89827709239104,1.8384966704130953e-11,5.3133909878801315,5.723105357150247e-10,53.788331913754995,1.011940229194476e-09,7.127341111365227e-10,6.994251240199363e-11,2.6627072464492567e-10,2.7746935589502795e-09,5.475412972827007e-10
N20000965,19.026591696293913,2.6056332084647374e-12,4.446705708904348,2.085338256498067e-10,76.52670259128786,5.312542020407516e-10,6.549200988347695e-10,1.4577803855923004e-11,2.423045700873334e-10,1.584878099892817e-09,2.747899816911334e-10
N20000966,28.087409559501076,3.584574493789592e-11,1.6490830637518301,3.785012455776625e-11,70.26350737546626,1.0405042908213588e-10,4.5481504684374933e-10,2.0327007215991085e-11,1.1163792599582778e-10,4.4227074121388454e-11,4.720897089709434e-10
N20000967,39.65454627435977,8.764414308797553e-11,3.5489454084523966,3.714446972175534e-09,56.79650830912833,1.7300074899732015e-09,1.1523292557318631e-09,2.5984419598240037e-11,2.1902551917999186e-10,3.2754763820518387e-10,8.02520257262315e-10
N20000968,42.59628902763771,1.1389668834502152e-10,2.1512314144912796,3.7810795056782565e-10,55.25247955465586,5.260056092073908e-10,4.540032469103575e-10,9.940983099651216e-11,3.1780091907937496e-10,3.228144850358327e-10,1.003112956095045e-09
N20000969,12.14846813729193,2.7209140782909642e-12,1.4905916258909337,6.014199264516877e-11,86.36094023516875,1.9870924004374897e-10,6.80106818877191e-10,8.636717640673859e-12,1.0911832711830571e-10,4.3361485116210693e-10,1.553426411560294e-10
N20000970,20.7194318799706,1.4055112729579047e-11,1.0538123823233343,1.989301239487429e-10,78.22675573620198,2.8612000891632695e-10,5.337042180746838e-10,4.787094432556915e-11,1.3210545655642973e-10,9.189638542034402e-11,1.993931046950496e-10
N20000971,24.883521950078332,4.387954798912248e-12,4.676927341852393,6.270732480690577e-10,70.43955070212422,2.892375280479833e-10,3.31527339438865e-10,4.573942006984447e-11,3.725786244214227e-10,3.906336207312258e-09,3.681759015631926e-10
N20000972,16.821309183148813,9.02166154173809e-12,1.3700759431848264,1.7323620139472814e-10,81.80861487263986,4.495180880074009e-10,2.529854261888723e-10,7.244363880205377e-12,5.590061239111046e-11,2.228042742071418e-12,7.635123697775781e-11
N20000973,9.815820945049603,1.4523442156797585e-12,0.9143163891464243,1.2859237439276958e-10,89.26986266433518,4.0596970382234774e-11,3.053579765637907e-10,6.914937312573161e-12,1.0795535791217751e-10,7.24732389291743e-10,1.531735973878287e-10
N20000974,1.5135328843877769,3.3522219268503794e-14,0.08741142312339391,7.231323360308522e-12,98.39905569126215,7.45126121744406e-11,7.623226143403183e-10,9.894575926203572e-13,2.8207907758668925e-11,3.297886482019636e-10,2.360426577772984e-11
N20000975,16.922829405673884,4.87055967858044e-12,1.4184015746003458,9.242817408553524e-11,81.65876901823654,1.896217323467692e-10,2.566413936706234e-10,2.237706083610651e-11,1.6371820706302807e-10,4.682347860242252e-10,2.913310825559796e-10
N20000976,44.853376405443775,3.1244060033450454e-10,6.887949865573726,1.0677483937007366e-09,48.258673726638456,1.4311480032437313e-10,2.7011113617590316e-10,5.878810277474725e-11,1.230242217317467e-10,1.4053057724851026e-11,3.547613807467378e-10
N20000977,42.53768264472471,1.0786276991095828e-10,7.731287579241962,7.63299091580418e-10,49.731029772720376,9.114941791476541e-10,4.4597792418684424e-10,1.7185274081651165e-10,2.463680421283177e-10,1.601003210972675e-10,5.060020242318662e-10
N20000978,15.45595451294661,1.2928136549514805e-11,6.277202863830937,1.5151601861433714e-10,78.2668426223284,1.6591899983647164e-10,1.4010464738930717e-10,1.6234412656851797e-11,9.302034389284336e-11,6.800504165169714e-12,3.0751903352239024e-10
N20000979,21.169627779240578,3.8877377911748465e-12,5.778084731502935,1.272958957956316e-10,73.0522874883806,1.259540684671315e-10,9.084361924270924e-11,3.2104185230777836e-11,1.5661764346401316e-10,1.5207253197600454e-10,1.8712008336344644e-10
N20000980,86.44081204532117,2.7930754997204885e-09,5.961392830897312,2.566078284834052e-09,7.597795116259929,7.524286387855855e-10,7.095661201830242e-11,2.6274629916384986e-10,2.1144711158160118e-10,9.578571413070437e-11,7.690702675002535e-10
N20000981,21.381067978641184,1.1217549331669208e-11,2.0539763338830572,2.6518705780761222e-11,76.56495568631067,3.010379799475724e-10,1.6912474418716596e-10,4.8534523024138564e-11,1.3952136062381574e-10,6.674421886284671e-11,4.023927966259741e-10
N20000982,11.788265403179707,1.6572499088593525e-12,0.9242314413279433,8.823006601121091e-11,87.28750315425215,2.978409036427466e-10,2.474303081177081e-10,1.355950907170639e-11,1.302993633648177e-10,3.59694397186214e-10,1.0147798248933352e-10
N20000983,8.926062696006523,2.1738989112601076e-12,0.6162061297222788,4.9365366222061004e-11,90.45773116990975,7.283175623601776e-10,1.8819459492205825e-09,4.904519661567868e-11,2.0740324691953337e-10,1.0348430602165002e-09,4.083533283208346e-10
N20000984,31.375117026786413,1.0907819041331185e-11,4.659005341572853,2.791033600628608e-10,63.96587763034507,1.4844660314858162e-10,1.1249483509088082e-10,1.6007902645925403e-11,1.793825422687831e-10,3.933089320340117e-10,1.5600735026306998e-10
N20000985,52.81568662327447,6.765616456311455e-11,11.53482117387537,2.587287902816905e-09,35.64949219828416,4.3851351373579734e-10,1.3884427216773302e-10,1.477073614769665e-10,4.661260843702594e-10,4.077031222956058e-10,3.1213867534579687e-10
N20000986,36.89575735589575,4.231904255833315e-11,4.278085933743543,2.6492359936686315e-10,58.826156708724056,5.788306339669462e-10,1.840753861411817e-10,5.0686755378645017e-11,1.497435448358045e-10,9.339256317883505e-11,2.726732344137122e-10
N20000987,41.88779193622759,7.037295669277178e-11,11.32798429310473,1.433608966597165e-10,46.78422376895284,8.292528306994248e-10,1.5212836357726512e-10,4.3808714099064594e-11,1.2454745304159335e-10,2.667224237532793e-11,3.246925852400519e-10
N20000988,35.156072815937655,2.2292952489450578e-11,2.2663388301400267,2.901636913809198e-10,62.577588346965506,1.4631004498552825e-09,1.9642115654883906e-09,1.376558460691505e-10,2.986258804107879e-10,1.663406111386686e-09,1.1173539088358545e-09
N20000989,82.25078964755198,9.308079390311659e-10,3.0610625638619067,3.381463905102235e-10,14.688147781898826,2.885820805818371e-09,9.784350291360963e-11,8.549300870902816e-10,2.8260711648516726e-10,3.472241794614273e-11,1.2624003373068645e-09
N20000990,52.81217578800314,1.0317991052961291e-10,18.324346921010523,7.56989346017766e-10,28.86347728903365,5.834485155808432e-10,5.630512377962926e-11,4.434848859879317e-11,1.5274568927791366e-10,4.723453894620412e-11,2.0842320501486386e-10
N20000991,50.96435772546734,1.0047273521305204e-10,17.96999281232153,7.31843883806869e-10,31.065649459557992,1.1260371049232562e-09,1.1102857694756228e-10,8.723954178242926e-11,2.051658370597971e-10,4.66845198447621e-11,2.4468585757288186e-10
N20000992,36.61232446173618,1.0200558671292993e-11,8.533197261861767,2.3223209923446454e-10,54.854478273300614,3.830638165604108e-10,2.6661678386379185e-10,3.810634466908985e-11,2.3791299861466566e-10,1.5039515384652747e-09,4.293684756472883e-10
N20000993,12.12438419621519,4.329873517787989e-12,1.3294258110995947,9.978817343210615e-11,86.54618999188419,1.0122247505386303e-10,2.0634162909467445e-10,9.807435275316067e-12,8.423621506098504e-11,1.309701842609074e-10,1.643199599414639e-10
N20000994,42.33157264377025,7.043849046462637e-11,12.579003240671558,1.5589407285502797e-10,45.089424113526,7.597165452495614e-10,1.5710420066545184e-10,2.930831104598877e-11,1.5215968528705588e-10,7.464247539233896e-11,6.329318497568517e-10
N20000995,21.771740263227844,5.8333624248739574e-12,5.423776093407255,3.6248347131245886e-10,72.80448364201183,5.19738197655015e-10,1.3807650270114593e-10,1.3153820426991418e-11,1.3209772429247896e-10,8.967789891906644e-11,9.199563527397777e-11
N20000996,67.98138032377538,4.2687001804707474e-10,1.224009294956286,9.896179205383432e-11,30.794610378302163,7.856084220397634e-10,7.251919413675994e-11,1.3276289294290678e-10,1.222474045695582e-10,7.558226964616146e-12,1.3196496691523593e-09
N20000997,37.4046915272614,3.4201275504883796e-11,4.673046335681148,5.341612486809231e-10,57.92226213410948,7.419802522373683e-10,2.798380470233939e-10,1.5620104293316903e-10,3.303959915944944e-10,4.092957788769545e-10,4.619060798133475e-10
N20000998,5.171517734615551,6.739199143803802e-13,0.471359527889806,7.2578433314753936e-12,94.35712273616964,1.7294370224264705e-10,8.548765035473085e-10,3.0172362016876855e-12,4.3839298146829486e-11,1.680604700144524e-10,7.433508754398385e-11
N20000999,89.31894467882584,4.43954565626321e-10,2.0608826059249528,3.394875063100104e-10,8.62017271066791,1.085002652512871e-09,4.3629373229826054e-11,1.3251262510247113e-09,3.0010605250770933e-10,7.766805512891536e-11,9.663211473600888e-10
N20001000,84.98367191726062,7.128403988053612e-10,0.6892513751807786,2.8261021265329227e-10,14.32707670175431,3.3940004592282285e-09,5.941151870913902e-11,3.042382109277456e-10,1.4638085252359738e-10,7.632277085516373e-12,8.97155512854894e-10
N20001001,13.224204998800143,4.0814261537149575e-12,1.561020769280144,1.2209175895334112e-10,85.21477423024751,6.920292830878423e-10,2.535392492483545e-10,1.1632985531337165e-11,1.4183455661842745e-10,2.722428008168487e-10,1.7475184507089278e-10
N20001002,43.823010708141794,6.876899746521675e-11,6.678148148068631,1.3236901858293588e-10,49.49884113860531,3.3056249931920115e-09,4.186320383022773e-10,6.764094082765111e-11,1.80196148977822e-10,6.086089484570303e-11,9.501760668019415e-10
N20001003,51.18819280521617,9.848665392004863e-11,2.5178725724828412,1.0510067810479584e-10,46.293934620278904,8.943782534278275e-10,1.5808691565731256e-10,2.7630246180141877e-11,1.2398227767227234e-10,2.8043411950842717e-11,5.863833340461435e-10
N20001004,88.30052738555882,2.541160997230792e-09,5.5747540362483825,1.4113087222904745e-09,6.124718570742135,1.7516134071042719e-09,5.551476752475663e-11,5.326487258054013e-10,2.8625231775776453e-10,8.621627422219078e-11,7.859427842691864e-10
N20001005,26.066104996007084,9.938035238397674e-12,5.887965132845686,6.859650094318524e-10,68.04592986667453,8.461967930555625e-10,3.675537355385042e-10,6.444208263594427e-11,3.280970851506225e-10,1.9119342384754485e-09,2.585745760438101e-10
N20001006,40.96632382975507,3.0603721403973794e-11,5.6787261407803635,3.7238556335252235e-10,53.35495002755367,4.0263200078707905e-10,2.420307768722356e-10,8.287813555641601e-11,2.383309464759336e-10,2.820664505939834e-10,2.5997336069303803e-10
N20001007,52.71010428421828,2.175989266147428e-10,3.725219374619225,3.455032434897956e-10,43.56467633775789,1.4648981814648574e-09,2.4746908710579616e-10,1.1783056150366599e-10,2.7552669844849394e-10,1.2941009206075592e-10,6.063903027289046e-10
N20001008,39.29702918790105,1.744961592382572e-11,15.758016225235059,8.618570303139832e-10,44.94495458413232,3.50970368012399e-10,1.1965055265041765e-10,4.9834367421149604e-11,2.816296002473665e-10,7.008064539841601e-10,3.4935934042851743e-10
N20001009,74.27077587440426,2.590983544116754e-10,3.6276151359465993,8.760858982926937e-11,22.10160898629599,1.7198814205145903e-09,8.799743698070462e-11,1.2285908540164632e-10,1.6853187648364703e-10,1.7421021037858584e-11,8.897547547682007e-10
N20001010,35.76824938000077,1.6285147720569403e-11,17.95138422976535,8.862708863691955e-10,46.28036638786523,5.659893522124031e-10,8.597830607081288e-11,6.421566109345695e-11,3.2958876806045693e-10,2.053239922533148e-10,2.1500537555900275e-10
N20001011,60.05110347426271,3.119198647272534e-10,2.5972045996834434,1.1900277342373464e-10,37.351691922766435,1.318159011086056e-09,1.8370450067515467e-10,2.2103593249870918e-10,2.0354351334575628e-10,6.219759699905277e-11,8.678394057183843e-10
N20001012,87.49243515407245,1.4593063580357227e-09,2.622487169307333,3.913076016445738e-09,9.88507766976421,4.5135989144508304e-10,5.337779099510601e-11,4.098748829414423e-10,1.4630711500757442e-10,2.363496460282703e-11,3.990503039758073e-10
N20001013,30.387553595997797,2.169036641814137e-11,3.158063434986788,1.994610507656844e-10,66.45438296656435,1.2439030839422389e-09,3.2005083599633335e-10,4.5472128842255494e-11,1.6624148760032105e-10,9.512499449320316e-11,3.5912767083975116e-10
N20001014,60.740289528621716,3.122361346642072e-10,2.457264985752183,2.7763161447242473e-10,36.80244548348205,3.50214690575274e-10,1.2364519541398816e-10,1.0776244724872082e-10,1.3946630732289657e-10,1.975535508153033e-11,8.133440774359846e-10
N20001015,42.11437943843144,7.599672874169059e-11,8.153247381639016,2.2737700033362055e-10,49.7323731780309,6.533383923975595e-10,1.71810940285345e-10,1.2482710495784388e-10,1.9309672482651363e-10,3.2811731841104e-11,4.1937393775771296e-10
N20001016,56.98052547583489,8.795276369032445e-11,5.879906171743586,5.042657325656072e-10,37.13956835042411,6.887072636585765e-10,8.216094629326971e-11,8.991180563513744e-11,1.9386761719008e-10,4.579235297851748e-11,3.0476640673308983e-10
N20001017,59.403520227442264,1.8465170392325905e-10,10.829489754967527,2.696661261849565e-10,29.766990016016237,3.9747552584408527e-10,7.784937263157104e-11,3.668027058013784e-11,1.1495357245022494e-10,1.840604768705492e-11,4.74287309201758e-10
N20001018,66.82034906154341,1.3311503729789855e-10,1.2379379126422179,6.636180142865769e-11,31.94171302375096,3.742453704863581e-10,1.7520550780410243e-10,1.1439385473289996e-10,1.1075410975739422e-10,5.726817537030886e-12,1.0836050729837014e-09
N20001019,42.96674433799367,2.0969480967797233e-10,7.324349202104467,1.2448796321424864e-10,49.70890645832383,4.5476152863024105e-10,7.224497469605666e-11,1.9205928546008535e-11,1.134646415856892e-10,4.438987445400013e-12,5.797396040352414e-10
N20001020,33.56104580088648,1.3802979948649642e-11,5.14369023693811,1.5957266163021027e-10,61.295263960913026,2.7732493490128896e-10,1.483698102460925e-10,4.303484704760694e-11,2.0541721836616314e-10,1.329221586469896e-10,2.8192634900169154e-10
N20001021,35.33828332327539,3.7886487816171206e-11,2.8352782345778116,21.269246031309322,39.55090180230837,2.5633653910786194e-10,4.4396938739897124e-10,6.864306404836058e-11,1.0062906068050723,6.126190240678738e-12,9.110750673340075e-10
N20001022,36.48833397041826,3.961871543038696e-11,9.144992105601865,3.298025462735307e-10,54.366673922830266,2.6982961710464364e-10,7.21812694072364e-11,2.1042533474431202e-11,1.3146938625372732e-10,3.4248459750862674e-11,2.514145285397854e-10
N20001023,40.68781433692882,3.357131831110086e-11,3.57915257386503,1.3446711899707886e-10,55.7330330882124,3.0643157884783207e-10,7.908560507393719e-11,4.436558535756339e-11,1.1274829959600379e-10,1.1387874647257261e-11,2.71676366456741e-10
N20001024,8.919957146106958,2.535526841112143e-11,1.837916212504757,77.7617275063965,10.670107066166205,1.1801652104737413e-11,9.053562376192973e-11,1.0092479205643997e-10,0.8102920684001829,1.0113300311943394e-11,1.866795348271492e-10
N20001025,56.31935900470813,9.043362172081432e-11,12.336139383001555,1.5333614083461684e-10,31.344501609411186,1.569013661571346e-09,1.003219687219277e-10,7.58775363873314e-11,2.560933163369727e-10,1.0743061056035546e-10,5.266039070383053e-10
N20001026,57.94090251216998,2.1666512303655706e-10,1.2925217763378873,29.426857716508124,9.939305211545932,5.740444860392104e-10,1.4255848184635664e-10,6.98119792764409e-10,1.400412780464229,3.0899167028642016e-11,1.3115577180606913e-09
N20001027,61.10392545052276,2.0355070850109933e-10,1.99201047848879,13.14956750551497,22.35516458310609,9.258389138502498e-10,1.26635351915635e-10,2.599573715645893e-10,1.399331979673385,9.10380240102935e-12,1.1689150166457614e-09
N20001028,50.560404738265206,5.52031302087443e-10,15.446064445654399,2.3839469906468497e-09,33.99353081123472,4.96191730515923e-10,2.4531987809133964e-10,1.750460094634553e-10,3.286341416735138e-10,1.539877657248828e-10,5.105052198157539e-10
N20001029,70.98606249607396,2.7315877224068775e-10,10.256213688984008,7.7492560224746025,9.941836494134598,6.462522694333738e-10,1.386537682898838e-10,1.8712343072467885e-10,1.0666312957095738,1.1208789023588205e-11,1.366877896878185e-09
N20001030,19.657232831673753,2.3820938550957402e-11,2.1469515700536177,51.15000255315483,25.186350943684342,5.284829638670314e-10,2.2963080874482358e-10,1.2242970810747335e-10,1.8594621000327147,1.0562007648063287e-10,3.907676734625836e-10
N20001031,42.23468984231789,9.754271605243659e-11,14.740976425537552,5.373924148828956e-10,43.02433373026992,3.019484188600551e-10,2.367329481451368e-10,9.989403128712565e-11,2.1310354452039584e-10,1.1443736084403868e-10,2.7356745740431336e-10
N20001032,39.39145018857316,5.88772271861113e-10,7.978509842831586,32.84274362687362,18.614516748211837,2.7946986692975693e-10,1.4017019114880721e-10,7.58968604712484e-11,1.172779591319918,7.690718929187003e-12,1.097877737785215e-09
N20001033,50.47092813435681,5.207609301686199e-11,7.505499230159407,5.3664946528617e-10,42.023572633402104,5.425154742776138e-10,1.2352323716760737e-10,6.990451912002792e-11,2.266849859268663e-10,1.7003355915027145e-10,3.602834598937517e-10
N20001034,29.879036626698902,2.0379083262052707e-11,7.525480419393362,3.516262716129594e-10,62.59548295280768,2.821980902741659e-10,7.479771915776748e-11,1.374510928633185e-11,1.2050508964476556e-10,6.771713214854876e-11,1.690826391442334e-10
N20001035,12.209479008468895,5.946712847301514e-12,3.5746723192311305,62.75292568185632,19.087474858504198,1.1832882610081822e-10,1.3991765892653844e-10,7.641465592227812e-11,2.3754481304171886,8.187773240348285e-10,3.628998252033101e-10
N20001036,32.589319541737424,1.1613821188881933e-11,5.480177623974515,33.11837275253794,27.723477078320393,5.352819221021137e-10,6.614416097160983e-11,6.118915613650587e-11,1.0886530024901457,3.348869408074799e-11,2.3184742615952158e-10
N20001037,21.366853573409323,2.4736606743838885e-11,7.766668384973362,51.89662519805622,17.940908076498825,1.720461019879336e-10,2.2419396290344707e-11,4.29648754788288e-11,1.0289447664883469,2.664854424488808e-11,2.850987594721796e-10
N20001038,22.064968523076093,5.968009582357876e-11,1.5727568004069201,1.3540986892114484e-10,76.36227467308207,5.151182045725483e-10,1.379852360384968e-09,1.1989981297630521e-10,2.0457734358476402e-10,1.0136924034137102e-10,9.190040477383063e-10
N20001039,28.419522788389074,2.8759683894402964e-11,3.740268607103097,1.7453565500556437e-10,67.84020860327915,3.2611952891651254e-10,1.7556921666822693e-10,4.9260256003350655e-11,1.2130385929094762e-10,3.42209600948884e-11,3.1890177555492006e-10
N20001040,88.57871231834487,3.492204786248603e-10,2.2694705653948106,3.1346564945285757e-10,9.151817114303713,4.355560080770877e-10,2.323102788649932e-11,2.2541302582429743e-10,1.4008905067913422e-10,2.478337525181985e-11,4.448565598527917e-10
N20001041,87.20157481121855,1.4790949255983238e-09,4.272029174251705,1.8360594981300838e-09,8.526396008985023,6.046838873495664e-10,1.0965440069918865e-10,2.880115729365254e-10,2.795751405415493e-10,2.375633102654673e-10,7.100748262268737e-10
N20001042,9.63062355365888,1.2476978117367604e-11,0.4618049328795201,65.8750827508311,21.462744988705452,5.370661044730196e-10,8.095530281159374e-10,2.8295251397703755e-10,2.569743769485095,1.8408098930383642e-09,9.571123096611436e-10
N20001043,29.6785758969197,7.808964440304401e-11,2.861215551160478,8.987914133505064e-11,67.46020855072224,2.1144754813333103e-10,1.3044160898372084e-10,2.697182477798903e-11,1.1892077560231886e-10,2.9825501060531975e-11,5.120059165632741e-10
N20001044,78.81768942625797,3.7811617006276717e-10,2.8325138886795704,4.82350130177867e-10,18.34979668271802,1.1836914841527065e-10,3.5220189632792866e-11,5.737734598921361e-11,6.164101236029852e-11,8.430332741153646e-12,1.2029146047651772e-09
N20001045,52.389139970909646,1.4309759292781123e-10,9.015931363092836,8.094414803602173e-10,38.59492866315744,9.576482523428327e-10,1.0584399574742164e-10,1.09213714388628e-10,1.8237685572015827e-10,2.6208193774708287e-11,5.062300408619652e-10
N20001046,42.563412446868945,8.696582119137412e-11,4.411190372655159,1.2930576303046318e-10,53.025397178725775,8.575980914026516e-10,1.2005014719644813e-10,3.0961442811206463e-11,1.0827089081608861e-10,1.454561017090426e-11,4.0240815186359593e-10
N20001047,37.90750690314784,5.395570411681837e-11,13.319367330014295,3.849916118706558e-10,48.77312576499292,7.088702371982452e-10,1.0034809002963038e-10,4.676613954658798e-11,1.5535441693831616e-10,5.767200385838827e-11,3.3700225228490267e-10
N20001048,51.34993241227613,5.774571392776083e-11,17.15678800024812,1.7422923706890432e-10,31.493279586081684,5.360855940008331e-10,8.705737570857801e-11,3.5930768018194706e-11,1.7227164066997246e-10,5.0640014421968755e-11,2.8011258283278603e-10
N20001049,79.2920981862217,5.784665696202359e-11,2.9131667753287775,10.973304867668087,5.398640877251278,5.15989381236522e-10,2.9365925907809175e-11,4.0625654439014746e-10,1.422789291280348,1.1951463740038296e-10,1.1208419111524188e-09
N20001050,17.276759150669545,2.2416354949978803e-11,12.646961341156135,63.992728430908116,5.070001023411435,2.4040159671731364e-10,8.83355347375507e-11,1.4834045920661205e-10,1.0135500527149655,4.2924553275779916e-10,2.1104912137603898e-10
N20001051,49.30713317609063,4.140215930970663e-10,12.639352947807014,1.4574916711057904e-09,38.053513872030805,1.114179158782689e-09,1.4648054343175843e-10,1.4535824874007552e-10,2.6778073443297823e-10,1.077150756438072e-10,4.1851826857808843e-10
N20001052,37.46752990227988,8.670563166643195e-11,9.956589591773295,29.022590895540578,22.48933186235972,1.1658040418864409e-09,4.884551406635807e-11,9.18529738471059e-11,1.0639577459826473,1.22762407538005e-11,6.583922770107368e-10
N20001053,49.429445804188546,2.75779338761105e-10,1.911570000377023,30.673780310135673,15.44042211887808,1.0649899702954405e-09,3.556402620100087e-10,9.898990377230434e-10,2.5447817617771222,7.436459576799822e-11,1.882886773784485e-09
N20001054,34.69093739467073,3.276601728421388e-11,5.465901777830338,3.192796693572781e-10,59.84316082606661,2.0314021983600943e-10,2.4609093122680447e-10,1.7221910555182683e-11,1.6907453977169963e-10,1.332346998576636e-10,3.114949192475508e-10
N20001055,59.98778805512314,3.5902447015371237e-09,33.029178971438306,3.283677091412858e-09,6.983032964550258,5.887421332673355e-10,1.1945294506128816e-10,4.5005232236917427e-10,2.655596328447666e-10,1.4161294948198158e-10,4.489589347827978e-10
N20001056,52.636386561495094,2.364125782047131e-10,15.271266918789495,3.5699193533768207e-10,32.092346516646536,1.5381537512008541e-09,8.522662718281159e-11,6.037442941544364e-11,2.2952858372445253e-10,5.993057919777623e-11,5.022492973096801e-10
N20001057,20.02405753186418,7.451060888389684e-11,1.120466128347196,21.752180636096703,54.61575991802632,7.816163814100759e-10,7.109124608970594e-10,4.972061836482115e-11,2.487535781098216,4.399160263680861e-10,2.510703583713295e-09
N20001058,79.6098778265934,1.0068879175428303e-09,4.797597424471941,6.027130769608803e-10,15.592524744113302,1.454608158370269e-09,1.2495136814932694e-10,3.7729946140758725e-10,2.568495838853183e-10,7.546856809720857e-11,9.225800275254226e-10
N20001059,15.771209479693516,5.58243249599972e-12,0.26311227764433187,0.7832570761484059,82.6411112589497,1.2014250926023713e-10,4.3286881134438635e-10,3.7244977520975484e-11,0.5413099053168342,7.778591167351744e-12,1.6435860050147461e-09
N20001060,52.56649145224355,1.1995199300999456e-10,9.009721176664007,5.655300705609126e-10,38.42378736830202,7.650437980697036e-10,2.374054176053854e-10,2.7581874725590814e-10,2.9528040995617556e-10,1.1270768166338491e-10,4.1869178870045267e-10
N20001061,36.144069807176415,1.769440193080393e-10,0.2954257939491877,27.589489662869603,34.4533207433599,1.673624254547659e-10,7.989935126593208e-10,4.696235536973258e-10,1.517693986018433,8.21377813446913e-12,5.0053345560599706e-09
N20001062,0.3695147907199093,2.5281037083256995e-11,0.7936251549821879,97.58343955702185,0.8062588328957432,5.6717248470914605e-12,1.3901846613594143e-10,1.306200067087158e-10,0.4471616637898368,2.4721110147807353e-10,4.267367855060614e-11
N20001063,20.27601538826059,4.8732292287952216e-11,1.619339501166512,14.712179089073304,59.68780010525907,3.014777197094386e-10,1.0301785199854194e-09,3.152330954609017e-10,3.7046659127611994,3.8776136602405574e-10,1.3959267681889441e-09
N20001064,29.869090276121963,6.0368716596074e-11,0.3867905933567836,22.554114283968122,45.656306240219266,3.539092218367757e-10,2.324098494463154e-09,2.0443438173868906e-09,1.5336985996080317,5.2387906841915576e-12,1.937869134704352e-09
N20001065,70.74468810433225,4.6111112910528303e-10,2.2694934034661336,18.912672768902866,6.789031735267419,9.237927077179396e-10,4.436131003099552e-11,4.776996628493534e-10,1.2841139846025884,2.3928622006703247e-11,1.497850682428183e-09
N20001066,15.486838092067497,9.646985669239423e-12,3.3549917040209305,39.604732171337524,40.483410375339034,2.2088247169961402e-11,9.349961280515408e-10,2.864069034525316e-11,1.0700276556527002,1.3694698137996134e-10,4.4998252378552863e-10
N20001067,22.497972944297864,1.813375804352628e-11,6.735149654236515,7.635329318849476e-10,70.7668773994939,6.536407385935972e-10,1.2012502620569794e-10,2.165067424670396e-11,1.2733392090000598e-10,4.7742825070442446e-11,2.1956110018341404e-10
N20001068,9.597890303648883,1.9535274369656473e-11,1.8482972631951071,71.22375066529939,15.75095109589907,1.1480188769373161e-10,5.910180213608306e-11,8.774164754246892e-11,1.5791106713040535,1.3049299087705807e-10,2.418268905289033e-10
N20001069,26.465746579149187,7.576497027905028e-11,7.917352400763974,42.91938733607291,20.374873282869714,2.229146852499569e-10,1.0546304093830826e-10,2.640902353001239e-10,2.322640399676679,7.106261777155798e-11,7.282243635586613e-10
N20001070,8.032542872961889,7.98649002005222e-12,0.8623646618834281,74.56540718258628,15.403230978310113,8.016418962861612e-11,3.2060285266390894e-10,9.198269569410898e-11,1.1364543034904462,8.877090213407335e-11,1.7833399183836454e-10
N20001071,11.841167803836743,4.040026966415741e-11,5.402323501537556,75.96111409351238,6.02502137744679,5.290956434618858e-11,1.365769898304913e-11,7.66512556489463e-11,0.7703732232702898,2.4945780797850005e-11,1.8769798560131735e-10
N20001072,11.58500925084173,5.183523236656333e-11,1.2958638371685876,73.13591406746421,12.320963778793132,1.3228920688276137e-10,1.8155769422085044e-10,1.841850758933061e-10,1.6622490641893564,2.967382367184132e-10,6.963721692164673e-10
N20001073,20.023485583857166,6.27647989666774e-11,5.044893997657671,41.94658657474608,27.591341146771285,2.7876813223671675e-10,2.9805270495330397e-10,6.041448159026504e-10,5.393692694076196,5.331512174745249e-10,1.1147078429620511e-09
N20001074,16.690316380024534,3.194224417953972e-12,0.7077471376207466,2.1256468308529644,79.62135711220405,2.1487699079506397e-10,3.9250848314615894e-10,8.468603225201562e-12,0.8549325379171373,3.699283543647645e-10,3.9158131698663236e-10
N20001075,24.863986537541898,4.709318238718496e-11,3.2954978893543063,28.349096811767318,39.56851218412126,3.516516267036185e-10,2.6997983975308244e-10,3.7341533141227195e-10,3.922906574950046,3.5672617422761585e-10,8.663035955779745e-10
N20001076,7.877945772745097,3.8050151856992044e-11,1.5577057157839798,61.24277702304729,27.6325005283236,1.189006402984549e-10,2.9090340759387877e-10,1.4972422402137185e-10,1.6890709589427195,7.175149561981694e-11,4.879875754953991e-10
N20001077,29.3200596103755,3.26847551662746e-11,9.844180361915376,19.75464936067171,38.223566155435215,3.0918148354504747e-10,2.0606202712889265e-10,1.6244960402577575e-10,2.857544508985706,2.7258274638721345e-10,1.6335329536463023e-09
N20001078,23.970795041547866,3.0792293381053845e-11,6.178442700603239,19.614142972354664,46.6060370559502,1.1451100588792514e-09,6.668436195141411e-10,2.524356334016693e-10,3.630582224847454,7.069954520501364e-10,1.89439459600472e-09
N20001079,48.81641729804134,1.9436630828418605e-10,3.1903812180591142,14.312806032253429,33.07652466402195,1.7405464788575796e-10,6.680439788611697e-10,3.493880862243187e-11,0.6038707847215972,1.7061878172357374e-12,1.829465212580929e-09
N20001080,0.00453910776669032,6.742303764626162e-13,0.00019012716186822748,99.99458516069848,0.0006517372237467593,4.122019433686995e-13,6.946043555232541e-14,2.2101185638330584e-14,3.386714758252394e-05,8.574044048794624e-18,4.71030050229381e-13
N20001081,27.743582185584476,1.3132766955773704e-10,1.6280893986415608,66.06749263168484,4.028299717450103,2.7381058886996902e-11,4.352251433932565e-11,1.9465149494167168e-10,0.5325360655411225,3.2996600731345697e-12,6.977094867654887e-10
N20001082,45.28258236262423,2.4056059752084345e-09,0.37021450636334835,48.429101925062206,2.1669673899219064,4.3193217158654366e-10,4.577459165245223e-11,6.5355120933503105e-09,3.751133803276386,8.489989834031489e-11,3.2482137073604068e-09
N20001083,7.3031506772156005,1.8223995848364099e-09,0.31103359308825995,91.75421160990513,0.17272093702796312,9.384578662079601e-11,8.833590942891971e-12,4.479462239916218e-10,0.4588831801869011,1.2324994444936944e-11,1.9078748879899825e-10
N20001084,0.6793787803022585,4.9710545379725196e-11,0.008645956790858967,99.28387052252222,0.02109046710989992,6.00990962658899e-11,1.118077166637153e-12,1.767894544610268e-11,0.007014273076167772,6.083386376624311e-15,6.998756436752485e-11
N20001085,37.82215918574556,7.03336468191467e-11,8.219812012077863,34.08608005603622,19.491380900782787,3.819598875584509e-11,5.187283958196609e-10,5.821760744972711e-11,0.38056784366904084,4.317746325898914e-14,1.0030073467121047e-09
N20001086,10.570088308122257,1.7782935216294304e-09,0.11232784926103116,88.08439160116268,0.2725609392059031,1.3637739484961526e-10,9.697383403533928e-11,3.0301980003029945e-09,0.9606312961200425,1.886711581323344e-10,8.975722591203792e-10
N20001087,0.15265367520391088,8.570098458436814e-12,0.009692774652181723,99.80231810742588,0.03301927322034922,2.1051288661171798e-11,1.7879389908599377e-12,2.677888924743806e-12,0.0023161694384343954,3.1576300081543386e-16,2.5131966870392255e-11
N20001088,67.76836839540246,7.657373041675869e-11,5.0121557227406575,12.167466410842692,14.752225634156757,1.4836513812926325e-10,1.0061309971240895e-10,3.772051130033888e-11,0.2997838347698277,5.029370439031967e-14,1.7242871823434334e-09
N20001089,80.7234027350185,4.42920802176827e-10,0.94092478065124,13.235895400776112,4.230943223971669,1.1777767672639966e-09,2.918444163210408e-11,3.9151937786331135e-10,0.8688338548054217,1.2762247963339864e-11,2.722893175641362e-09
N20001090,10.06879015133243,2.337315295337826e-10,0.16796705891972355,88.39339905969442,1.3259748637977282,1.65554419246749e-10,2.6770730334004474e-11,2.394411545781533e-11,0.04386886524312645,6.869276944529777e-15,5.625836221165523e-10
N20001091,72.01152882056842,2.378419068094501e-10,1.56912647947716,10.449496127001867,14.834101936004659,1.0909938091100074e-09,1.469858099292369e-10,6.268279366516007e-10,1.1357466315290654,2.1094200981120166e-12,3.314071255182232e-09
N20001092,62.87504386241917,2.0837661172642815e-10,0.32107234274186575,29.00256154897349,6.273074331039373,2.191930404417146e-09,1.7497650931965422e-10,1.445165395928223e-09,1.5282479095359318,1.2151670762780087e-11,1.2575695535514467e-09
N20001093,91.72194920591987,2.8971358148502427e-10,0.18099276415065685,4.985082375589148,1.9783748968634318,1.419045472475299e-09,2.2650995866867804e-11,7.440207142774775e-10,1.133600752740672,4.60537472195518e-11,2.2147340048832764e-09
N20001094,18.3094383707291,3.3592612683143808e-09,0.3386524154077644,79.65609701866995,1.0156950507,5.682781293943212e-10,3.0502784321851875e-11,5.852015559884932e-10,0.6801171389149151,1.8318857470913504e-12,1.0331806690211956e-09
N20001095,56.84085431039332,3.9894828478548137e-10,0.6823131547393886,39.69610800583811,2.3474524401891643,1.7575851229388478e-10,1.2994177926645198e-11,3.220513544698069e-10,0.4332720862051581,4.434793208055098e-12,1.7206617136143408e-09
N20001096,68.66663880740056,5.81955625739552e-10,1.2387861800195394,25.867039269851084,3.8981253262845157,2.352132320425299e-10,1.4193208645833015e-11,5.874606291421608e-11,0.32941041459431936,1.4982457498545553e-12,9.583822155693902e-10
N20001097,78.15666985982305,5.774918455425655e-10,1.6729560216673558,9.357794984707914,10.023266213371528,5.082080374792324e-10,7.666732744645991e-11,2.6695085647077787e-10,0.7893129133521035,3.40755522677878e-12,5.645315672438185e-09
N20001098,50.01037217651596,1.0374011866223804e-10,0.8349748036554607,1.9549937910354986,46.9591886989694,1.2932251151103444e-10,8.410480620120196e-11,4.959551992627712e-12,0.240470527457653,1.989400466355014e-13,2.0436889310233535e-09
N20001099,35.73464154318455,3.4663975376413555e-10,3.514331400505366,55.44344770884341,5.1473841762154215,6.860917640290132e-11,3.3794607435827503e-11,1.0320032768808804e-11,0.16019516988598106,1.2399842460118113e-13,9.057848691646135e-10
N20001100,76.13771600354414,9.704528106996966e-10,1.120062519546761,16.15019698504184,6.153569057571624,6.796107305612625e-10,8.128918296486329e-11,3.013275227594611e-11,0.43845543044804425,1.3557574824080135e-12,2.0847462021836277e-09
N20001101,58.48245766352187,6.638155143269297e-10,1.2219450962988696,34.73233913017195,3.71379823678964,1.0665119448772118e-09,3.9251387264375906e-11,1.7626597389992933e-09,1.84945986768052,3.782008802102e-12,2.0011186462264717e-09
N20001102,54.62293792750113,1.566491338805076e-09,0.8680319727516077,14.05329119214077,30.0216809376994,2.050076123052372e-10,2.522314861628425e-10,7.454031278688927e-12,0.4340579649786058,1.2585513653866248e-12,2.8960337682853026e-09
N20001103,0.061403589748531995,8.717942248435095e-12,0.0025447815610790993,99.91601018428226,0.019024599630680844,8.836749837747911e-13,1.491220864024495e-12,8.809778239776583e-14,0.0010168447620900218,1.87102013494244e-15,4.163399619786131e-12
N20001104,84.93705023062924,7.52251326032987e-10,0.9844283949291165,4.2087822390474825,9.136936099718017,5.177639577367544e-10,8.463025870707997e-11,1.208880719151213e-10,0.7328030303736806,5.476820565210442e-12,3.82145731049788e-09
N20001105,0.05621789501048559,1.941096787751669e-11,0.014305007501055688,99.92636540475233,0.002428365107084832,4.50891693047165e-13,5.934214643423531e-14,1.2056092408322682e-13,0.0006833276084784796,4.648853730480567e-16,5.189576654711361e-13
N20001106,25.757796380628022,2.595063251728346e-10,0.586814498987535,11.113066522745523,62.35215742118406,7.640989855988334e-11,5.767833644790072e-10,3.956921240826829e-12,0.1901651742604962,3.670097481594558e-13,1.2773416213799296e-09
N20001107,0.060599012502734216,2.9625322870473365e-11,0.0016167726564388324,99.93199654743817,0.0047925103451210115,1.1572570942000123e-12,1.637303353054596e-13,3.041206535638891e-13,0.0009951570254093873,1.874424629857655e-15,8.643969830636271e-13
N20001108,9.121369289779198,6.277094486760113e-10,1.4589546954441617,88.47755638383424,0.845783337519713,6.54775102547407e-11,5.5098551031645707e-11,3.583998985818753e-11,0.09633629236367669,1.6581420173573308e-13,2.7470364308401633e-10
N20001109,21.398531655153192,6.668285833397602e-10,0.04883115053979913,75.79940853213988,0.7436814250731574,3.799918345538669e-10,3.346427114468012e-11,1.1678913235093886e-08,2.009547223422312,1.813003515164877e-11,8.943252879888878e-10
N20001110,1.9670231976526988,7.644118733240845e-10,0.046254110119539615,97.63368010289288,0.3349290202600838,1.2607342008661585e-12,6.905458864512324e-12,4.6790017243528385e-12,0.018113568200398535,9.660390284069187e-14,9.70496211152932e-11
N20001111,77.35805603453068,3.466532980932313e-10,0.8581201464581837,1.9459017338966753,19.46033208356213,1.1456071820611112e-10,1.0128762774486267e-10,2.209888730614898e-11,0.3775899978041566,1.6033790226273988e-12,3.1619649251529126e-09
N20001112,0.0035740518633882944,2.970156618629618e-11,0.0029214028227833623,99.99320525506698,0.00012812066657596523,9.609368444893908e-14,1.840476418631523e-13,1.4015047574393204e-13,0.00017116955002071475,4.999688615649683e-15,1.086008628158897e-13
N20001113,0.004349495865397745,1.1515521638139879e-11,0.00040839502823417626,99.99497872395047,0.00010952748015595511,1.2717918341063448e-13,5.871730840043903e-15,2.6386213544705714e-13,0.0001538576638011102,3.019541770835293e-16,4.883477256801366e-14
N20001114,0.023232015759295566,1.2356069301500888e-11,0.0005410421312461915,99.9730102212066,0.002514775849498223,1.5863956572573268e-12,1.3104211858217443e-13,3.120326828441811e-13,0.000701945038674392,3.1233519915385077e-16,3.0436022809996527e-13
N20001115,0.09844651344415854,2.914949116040857e-11,0.015064774563311373,99.88099384725842,0.0036479579121709246,1.1599663420223534e-12,1.8514061522443419e-13,6.166069499058029e-13,0.001846906789848175,1.1357593297395055e-14,9.649473491682385e-13
N20001116,62.0438652124373,5.576979800811301e-10,2.438931939793848,32.68635595801234,2.023648949751964,3.694885712528014e-10,3.716229926906128e-11,3.206787289547426e-10,0.8071979368478801,3.1912571642873386e-11,1.839713121814963e-09
N20001117,71.17540058774503,7.23276928613194e-11,0.3462501646002577,5.690234451686763,21.937909490361065,1.2773904197699622e-09,3.2228760218457427e-10,1.685052969637928e-10,0.8502053019390995,3.6332615342458225e-12,1.823626917091154e-09
N20001118,12.305258743869748,1.4076150659287962e-09,0.6517460201991776,85.17166929547841,1.5445453700109597,8.720875172047284e-11,2.2290213566650054e-11,6.524648125911236e-11,0.3267805684815035,9.298415083278521e-13,3.7691904663338006e-10
N20001119,0.017094475442113843,3.482600306366601e-11,0.003245707949279425,99.97897396961282,0.00045775999503545097,3.9646723174380773e-13,1.0649804244184414e-14,2.0650559792351715e-14,0.00022808696529608534,2.7215430589207123e-16,1.8650226539971156e-13
N20001120,0.0003146442313782233,6.188576163152176e-12,3.9937280808843586e-05,99.99963506050008,2.968164877980932e-06,2.134093696096791e-14,1.6426924060188671e-16,6.5862718975490235e-15,7.389816628507841e-06,9.168492753704232e-18,1.6584583584268964e-15
N20001121,9.062771435989971,1.7953719062323556e-11,1.0306052382845265,70.58550015171167,17.618056169042184,8.492547767727228e-11,2.337561428216074e-10,4.994412125618768e-11,1.703067003511419,4.812135848513309e-10,5.924537083930474e-10
N20001122,3.036081803647086,1.633548449638282e-10,0.08542174538608424,96.17392306794615,0.6527921744241713,1.1212709360966796e-10,1.5480456250852795e-11,9.163927894610868e-12,0.0517812081589762,7.961726903905063e-14,1.373381100486612e-10
N20001123,0.07533593630986234,2.2554473270661024e-11,0.008730435277057198,99.9000177631579,0.012161531678702911,4.308232503988249e-12,1.6082760431924666e-12,1.2913920099857675e-12,0.0037543335427879677,2.1689763291051287e-14,3.896622732053392e-12
N20001124,0.4942484337990679,4.1929569181625974e-11,0.11826415189353504,99.31397832579432,0.060787870711095544,4.4938790128345e-12,3.0976390412192015e-12,1.243819132044577e-12,0.012721217742154034,1.8040678900212654e-13,8.867104596913959e-12
N20001125,17.210651048347643,9.736428906909108e-11,0.42399045895917503,48.510204996067614,33.59045339027531,9.081382593255187e-11,4.5018478217679163e-10,1.1357899120334124e-11,0.26470010483611206,3.5064615439258954e-13,8.640632406230782e-10
N20001126,5.575391041310853,2.5033418827603954e-10,0.2268024447136346,93.37053424278287,0.7772975825595857,1.8618476297222022e-11,1.4759691828616354e-11,5.299572498872628e-12,0.0499746882693026,8.077565053492225e-14,7.466359307132249e-11
N20001127,0.03661721235328166,5.955812083901753e-11,0.0036259014694121298,99.9576989627319,0.001508481035810821,5.63939115307049e-13,4.5402846012144e-14,3.9736096211905816e-14,0.000549442349060766,7.919000543543136e-16,3.284717047870048e-13
N20001128,67.63554646412078,4.1612904672672337e-10,0.9710177565739799,14.718097413383202,16.47491122652719,2.527037923172316e-10,1.8214765738773564e-10,6.274054302497588e-12,0.2004271376377691,8.991898618544228e-14,8.997270338437015e-10
N20001129,38.76831127576652,7.631324379215141e-09,2.3373509700680297,56.618480673502944,1.894773900978828,4.1486818113267433e-10,8.984288843309523e-11,7.521745928494872e-11,0.3810831707090931,9.362213794291008e-13,7.623802903698332e-10
N20001130,0.0015027471053724619,1.0158767648886366e-11,6.207100251247267e-05,99.99823527630903,4.201419724323612e-05,4.630641058293397e-13,4.802733899017641e-15,4.562860585568276e-13,0.00015789137473766845,3.862597028063286e-16,2.04159164254326e-14
N20001131,0.0025669560080966588,3.158774480402373e-11,0.0004717232713178927,99.99681211379074,5.080350029950093e-05,1.3764665642544997e-13,2.663063162990259e-15,3.2175619891338495e-14,9.840339776500492e-05,7.85510382160516e-17,2.7014644678913843e-14
N20001132,2.1936020232917874,3.497415660972825e-10,0.05327649343846395,97.16836622824313,0.5463108285841632,2.736269895013869e-11,1.3393485352514197e-11,6.238372833912795e-12,0.03844442589284079,7.254935810977645e-14,1.528115814622054e-10
N20001133,0.09139271290485586,1.4393119411862984e-11,0.00609680653574414,99.89358073182663,0.007343630663520752,9.106941779542112e-13,2.5087695197355504e-13,3.8978746891336787e-13,0.0015861180522339854,5.246197029836606e-15,1.0607189902170207e-12
N20001134,0.02361385654603791,1.779134658682335e-11,0.0032727466726459233,99.96467853765097,0.006471632853765379,7.482188612138566e-13,4.847924764973014e-13,7.521496137981177e-14,0.0019632262568304334,6.336199207825563e-14,5.906462867265738e-13
N20001135,0.4669334075028876,3.4797904770708447e-11,0.07539869327746257,99.37808354080097,0.06675159125469901,3.756537584634858e-12,3.90504961097174e-12,1.0886922113149032e-12,0.012832767111420895,1.904838186241572e-13,8.82679737978623e-12
N20001136,0.0004407630025562133,1.513316714445137e-12,0.00019317198708499234,99.99934635938222,9.97742522807474e-06,3.3300957059240036e-15,7.968042357421731e-16,2.002745672388661e-15,9.728201421742979e-06,1.905896364862946e-16,1.9719007371619082e-15
N20001137,0.6349767636630296,2.412097956309067e-11,0.03686296182880382,99.05619185923803,0.25271011246521763,1.3310340046652002e-11,1.0638455286914185e-11,3.904761670829885e-12,0.019258302737741134,6.481649480817965e-14,1.5136362049562797e-11
N20001138,8.401201787395983,3.852905837028087e-10,1.2636106681270216,85.49103860383805,3.8734622541009243,2.4742094157440265e-11,4.682611254278288e-10,3.7144409231028726e-10,0.9706866846890464,7.78862288932545e-12,5.914509291384826e-10
N20001139,0.2658237070215273,9.858157513448997e-12,0.01724119404735621,99.57106785538346,0.13629279996662347,4.272183477860853e-12,4.169050260845534e-12,9.32289321417628e-13,0.009574443553072349,4.5149690083860106e-14,8.67987412154821e-12
N20001140,2.152303409751232,6.769460414137374e-11,0.10206765134320578,97.3874051076445,0.33288991131497736,2.248567526193454e-11,3.852101343934162e-12,2.357632625766082e-12,0.02533391982150792,1.004174348418763e-13,2.807128343058415e-11
N20001141,29.946106305414776,1.4435006452588347e-10,0.6591281896787533,47.967510461938275,19.938879432865566,2.341509220640179e-10,1.0979533027572657e-09,2.703963312283451e-10,1.4883756064414855,2.623737084819867e-11,1.8880812440687183e-09
N20001142,0.0018037091676035165,4.286491185514874e-12,0.00043569229981164876,99.99751628792724,0.00014827948449043393,5.020008056046413e-14,4.228933781390409e-14,4.779011025095757e-14,9.603111640969867e-05,3.4121756776658294e-15,1.9173678478957463e-14
N20001143,0.4577502387131024,4.908507471606871e-11,0.02986645569024169,99.4747095920655,0.0317220703538686,5.885273630903469e-12,5.199631808864607e-13,4.287610661681936e-13,0.005951643113927131,1.5396228154281588e-14,7.429919369736693e-12
N20001144,0.8069665535320868,1.52748497626132e-11,0.059562668769534796,98.96383877581229,0.15958748361992445,7.091006057986379e-13,1.280434673352465e-12,5.93012123817415e-13,0.010044518241522247,4.463913125000469e-14,6.747421612032035e-12
N20001145,8.492121099941535,5.263926971818662e-12,2.70743858047527,79.83394465884659,8.79154124301022,7.783679339777359e-12,6.546862976663387e-11,7.485344543733784e-12,0.1749544175959072,1.355474481699837e-12,4.311511381800898e-11
N20001146,18.771030953090726,6.519859669530486e-11,0.9665154946233458,9.842796293932246,69.15321844855896,6.299574487473066e-11,2.1091339738130171e-10,7.892876639710574e-11,1.2664388080055975,6.0610258686758824e-12,1.3650236852067644e-09
N20001147,56.592614067980904,2.106015002857632e-09,3.044860230861437,21.194697281529905,16.60326839623795,7.995929658137988e-10,1.3925369719177508e-09,1.6263370695624078e-09,2.564560004744584,1.2049126779331676e-11,1.2708679556243077e-08
N20001148,5.650980834271643,8.863463267171715e-12,0.13363306599774646,87.0374276443334,6.916501538424023,9.094233737407193e-11,1.7244683589827133e-10,6.623467654935705e-11,0.26145691645813124,8.269757735979699e-12,1.6829136366067943e-10
N20001149,4.172226585751264,2.3101632952852606e-10,0.24329454483549523,94.93525255326288,0.6036298356203886,1.1725967325221549e-11,9.051240642204224e-12,3.2354350691014564e-12,0.045596480206696724,3.0498776646855486e-13,6.793416357168721e-11
N20001150,34.35871741494382,1.4500544774860684e-10,0.9653690775699467,39.74843295355141,24.479264431779967,1.2547677743798392e-10,1.075927623137032e-10,3.7709014065480655e-11,0.4482161211857726,6.406480781747017e-13,5.526430061245379e-10
N20001151,0.010808767786990471,2.2313086974133328e-13,0.0003090631320353212,99.98289879533024,0.005580157172333772,2.1023641729186346e-12,5.189351689614287e-13,7.690143301147537e-14,0.0004032165754342717,3.825266378155977e-15,4.261814250332699e-14
N20001152,0.36905380128458976,7.836851243701188e-11,0.05639335229860519,99.39724034750273,0.16333122255057028,8.607350501753476e-13,9.310798565678974e-12,9.483722473972263e-13,0.013981276263318222,3.306461886700003e-13,1.0363834959040904e-11
N20001153,0.0023574223654470273,1.7412143993178774e-12,0.0002738718781059966,99.99703453324261,0.00022385938448764734,1.3971142906355054e-13,9.405735970062376e-15,3.4553452727432545e-14,0.00011031312738893203,1.123760040863115e-15,2.803343960018539e-14
N20001154,36.81558410037189,8.823881179378561e-10,0.7348270931156671,56.48323645008999,4.457932662146873,1.2295126803214828e-10,3.166004998421703e-10,1.398356505093757e-09,1.50841969039493,9.900684674433297e-12,1.1504453096632958e-09
N20001155,20.13855902635462,1.2811405209664339e-10,0.9198341333115423,16.42534357732624,60.131316705511026,3.719078083022456e-11,2.2471161227494744e-09,1.1534873200959454e-10,2.3849465499816733,3.367941539530715e-10,4.6503357548432465e-09
N20001156,0.0324851685241303,2.146839866151372e-11,0.24533278309718398,99.7084348307355,0.0015722717867615943,9.945622881060725e-14,3.4529307196421814e-11,7.01591329733742e-12,0.012174945294237599,4.98003078291418e-10,1.071968090898582e-12
N20001157,0.00701000933866446,7.273665989518839e-12,0.0008381456107271214,99.99166946694803,0.00036696565873307874,1.3507349033763238e-13,1.2354503817107183e-14,1.8704095739283853e-14,0.00011541243635973932,5.069568553125459e-16,5.1387132116624e-14
N20001158,23.578510753211507,2.551949423942127e-10,1.7222325437291977,62.66189807700783,9.746987348211892,1.6219066287118199e-10,3.1842503957647395e-10,2.0443776898085108e-09,2.290371273548439,4.7896757499568964e-11,1.4630622976756674e-09
N20001159,25.136644222745037,2.042877991763176e-10,0.7054899068547281,44.99976261593968,28.37118307269057,5.7257940111320175e-11,2.470596161689981e-10,6.065902466016947e-11,0.7869201803500158,5.243729538836333e-12,8.454626557168381e-10
N20001160,24.974898987306133,2.837492381048323e-10,1.4045387550735935,56.303202810720045,16.256028969652885,9.618486762892347e-11,2.67047564882409e-10,2.6351038821093307e-10,1.0613304753400419,7.1195780931235344e-12,9.89692634070124e-10
N20001161,3.3587590447143225,9.004955100318e-11,0.4226580359975344,94.61212421452014,1.4154955886555913,9.472268342878438e-12,1.0114663164035452e-10,2.3612924422772616e-11,0.19096311572525826,2.2902360005474622e-11,1.3996045230381165e-10
N20001162,4.151200563362044e-05,7.5811730945014e-14,2.947598319678413e-06,99.99995162135457,3.1138019229613677e-06,7.0521578388206744e-15,3.6544844520942535e-16,7.685496335029972e-16,8.052394551217473e-07,2.2178542389860942e-18,2.1293849492889174e-15
N20001163,28.59045093310823,1.670889000165522e-10,5.306671059391235,40.13013647131872,24.426157425864687,1.0142867228585581e-10,2.952496585074579e-10,6.56350480562059e-11,1.5465841082212255,2.3683514491026782e-11,1.4428208211080803e-09
N20001164,23.939781128888246,8.345578520930812e-11,5.530709724917697,52.422355305588475,16.288035051127267,1.0290878734399258e-10,3.1165714539469563e-10,2.1825825780772605e-10,1.8191187877238162,2.0393990256079307e-10,8.34275966771289e-10
N20001165,13.734428819998376,2.3669065215116015e-10,0.3242854378885221,73.3822420192251,10.812082588104378,8.533149309274041e-11,2.4312056929216856e-10,3.3980394449119345e-10,1.7469611323816088,5.255728710347823e-11,1.4445300307572496e-09
N20001166,12.828747789593606,3.0542091750378363e-11,1.1724514798101362,37.101411277420524,46.563002627685435,6.503261471812216e-11,3.09707018784106e-10,9.274828684452573e-11,2.3343868237499867,4.1687158191639215e-11,1.200577822788838e-09
N20001167,14.010961719392773,2.359838314390177e-11,1.459263573658842,45.80994351878018,36.360862671458236,2.3646130257218256e-10,3.6228235208496823e-10,8.136745227315562e-11,2.3589685148478803,3.7969527318978165e-10,7.786781962395655e-10
N20001168,9.720346678478071,2.7931583213402462e-11,1.8364664147610257,74.79375495115592,13.00678060420817,5.424580936689177e-11,2.2106000922385147e-10,2.2994863991842693e-11,0.64265135070687,9.069317385851873e-12,3.5464166162812583e-10
N20001169,10.251743724985515,4.557923521746608e-12,0.6986192604827468,60.52904861112063,26.340539938374214,6.929336536590586e-10,4.253569874253624e-10,8.021100877897615e-11,2.1800484630713393,4.2226262810173964e-10,3.40231917133359e-10
N20001170,10.884028480014972,2.1133198578770258e-11,4.009655623106546,71.64534026341579,11.498239194032754,9.841265723471007e-11,3.764960508429633e-10,2.365407235498585e-10,1.9627364381197154,1.4993926578999774e-10,4.276963129967057e-10
N20001171,17.52255049594829,3.9913809080817804e-11,1.417813292951215,47.52040008679432,30.21153185926225,4.363114635296629e-10,3.698276874936728e-09,3.3673364100469685e-10,3.3277042559956276,2.7547664509790234e-09,1.7822808252103459e-09
N20001172,0.8569973822148769,3.023312362362121e-12,0.08253253588564899,98.64562406232002,0.362058835225958,2.7821084503868455e-11,3.5049828957400997e-12,5.992584083410776e-12,0.052787184300267145,3.816817404792874e-12,9.058354350819825e-12
N20001173,29.049554079939917,1.5921973699398647e-11,3.45223512582459,26.95877329634136,37.04242966608981,2.9699542661803455e-10,2.3915237951656804e-10,3.419590784331167e-10,3.497007830057263,9.228600523359777e-11,7.607412145862561e-10
N20001174,3.5110871422100143,1.4836724896060643e-11,1.6179172862435174,92.19802918686547,1.9279762574119175,2.1045202173501e-11,5.1390631142897724e-11,6.166004954787201e-11,0.7449901267374172,3.1846145223991794e-10,6.427862471908513e-11
N20001175,12.513126442130185,4.963217397155287e-12,2.5664776110600704,37.35387507517306,45.07976252897482,1.7032591285958874e-10,5.503101443567724e-10,9.134768204959534e-11,2.4867583408644056,1.1613019490637731e-10,8.644115696449557e-10
N20001176,0.8207395731997673,4.741230394990286e-12,0.3370684044925152,97.94369771154484,0.595364199347318,2.9066345394878456e-11,2.3737683324510987e-11,3.753492556289505e-11,0.3031301110907668,2.046872158741594e-10,2.502601327844353e-11
N20001177,10.572371847282989,1.6636740672561106e-12,0.8560602714241553,21.674304911395932,64.15399604729467,5.470434550910751e-10,1.196746471700432e-09,9.27448239673467e-11,2.7432669194793045,6.555158755011461e-10,6.292418979378031e-10
N20001178,8.585795126865282,2.4378510832678822e-12,1.2958238075623483,58.93497522352864,29.132289657410855,3.636791147534801e-10,4.5360250221186673e-10,1.2020322501536504e-10,2.051116182779361,4.653617408664141e-10,4.4822338009246803e-10
N20001179,29.54848434343419,1.6535492470733075e-10,3.8841793006393255,53.01524610965531,12.675219899104928,3.0218192138633605e-10,2.2117292874062198e-10,9.970203593787185e-11,0.876870345416488,3.2936270741316226e-12,9.580605522185893e-10
N20001180,2.590927657339413,4.244194585697013e-12,0.560326551608729,89.94842048826773,6.115646882986623,4.038935336596786e-11,3.906193845638948e-10,2.69893864216784e-11,0.784678417259099,2.008926272661141e-09,6.722514812706169e-11
N20001181,4.007185965736023,1.0153480791648466e-11,0.5815278589045001,89.6679315145578,5.2158117446652215,4.904472721707713e-11,1.5417499846889395e-10,9.258416349152048e-11,0.5275429156832702,4.5384650322058466e-11,1.0185283510093144e-10
N20001182,4.753128777177428,7.304797505660969e-12,1.29972665640441,81.54648643909445,10.047742822063993,1.281842282086435e-10,1.992474895695247e-10,1.6582837562477803e-10,2.352915303522802,9.739708046117149e-10,2.6236540502326585e-10
N20001183,0.903066362275915,2.978125224261772e-12,0.28456883479197137,97.07074903203878,1.46539891939124,2.487346570431322e-11,7.811904220555998e-11,2.4489462270263274e-11,0.27621685120686595,1.5020932217150972e-10,1.4545242329956436e-11
N20001184,11.184646501022852,1.289517488090443e-10,2.919818270319361,77.1472778442358,7.398795164484639,1.2167161624893598e-10,1.6741836242956976e-10,1.729761530286902e-10,1.3494622188176102,3.751405291942824e-11,4.911973809232483e-10
N20001185,6.287789853432542,2.5776360750136284e-12,0.5623782772349766,75.04795187942925,16.56818594806172,2.583499469070396e-10,2.411446435438437e-10,1.479311158975299e-10,1.5336940408337496,2.0057989557728345e-10,1.5717572325436937e-10
N20001186,13.783158961737838,4.105711587491785e-11,3.253675984357466,72.8404263570337,8.402902130801625,1.3906361311466935e-10,1.794766692237613e-10,2.8060141111647464e-10,1.7198365649319365,8.916693336526292e-11,4.080613476166226e-10
N20001187,15.478365327533684,3.771060305621722e-12,0.790931761029145,29.105530141648195,51.11456728201408,2.407796883225282e-09,4.2784191044369975e-09,1.377510013361809e-10,3.510605477714562,2.436311208418068e-09,7.962683829507631e-10
N20001188,20.43373354897807,5.804123456243958e-11,2.9202865015002186,63.275955514443794,10.288300218792692,9.82873747420266e-10,3.4201861213341443e-10,4.4986846714969337e-10,3.08172421306045,4.2916571656174447e-10,9.627978191838542e-10
N20001189,7.6414934891488056,8.651599461645371e-12,1.91906686474718,83.15834015232501,4.758470383225247,3.5350782290680104e-10,9.60891463024923e-11,3.2060113013083146e-10,2.52262910773633,1.6806499204634683e-09,3.5795799052871204e-10
N20001190,9.633036823559815,2.4474427677070117e-10,4.170133842336578,72.98407007203632,10.28648355130144,6.971955182611616e-10,2.545607133642054e-10,5.319178067376636e-10,2.926275707409444,1.332977819797039e-10,1.4947150617074814e-09
N20001191,6.1427805725022635,1.5905258453620911e-12,0.8478297707111297,74.4818432040708,17.03747484048114,1.3626705938633204e-10,1.3701861210836806e-10,1.5554810948675948e-10,1.4900716115429582,1.5654428192632273e-10,1.0473689551376651e-10
N20001192,4.086888663179087,1.3055810999587006e-10,2.1144997180792777,91.56000269371009,1.397884545711167,1.563748596851461e-10,3.970031809301007e-11,1.8854378537322866e-10,0.8407243786037787,5.902021490044947e-11,1.4241233606746698e-10
N20001193,4.859236454164841,1.4224511817727258e-11,2.6273673355264147,90.55453999101843,1.1717644532935574,3.795260417780009e-11,2.7873313068989473e-11,4.972648088973361e-11,0.7870917650830441,6.543089538862189e-10,1.2962323061983978e-10
N20001194,30.413776817379993,3.078695063676574e-11,2.41975582200056,57.102977962888126,8.153108239228422,1.9006385703338344e-10,1.513483454860713e-10,5.920051882062819e-10,1.9103811569076188,9.223900930800973e-11,5.388343975842294e-10
N20001195,11.339059067467938,4.2518516395662086e-11,1.8313429145426257,66.5519990133793,17.853262840090085,3.621682660360585e-10,3.015839440286684e-10,3.8567265736348844e-10,2.424336162814386,1.7751124034974042e-10,4.3621514433893256e-10
N20001196,6.099227905654648,6.707642175520941e-12,0.7670280829206793,68.95159578705702,21.673332239463374,2.0346763308821175e-10,2.560325121493312e-10,8.627661404147813e-11,2.508815982499303,1.4739805323702676e-09,3.7851323912986703e-10
N20001197,14.00654176215913,1.4590267051155383e-10,4.1323608521212645,60.95455301176453,15.389553354622917,3.4787428807927425e-10,2.8529163692034735e-10,1.1612342234386216e-09,5.516991015306504,3.8412095805608286e-10,1.701232168082712e-09
N20001198,5.176646314490445,4.184665759542536e-12,0.6214048766878396,87.60418814803327,5.367536318312232,2.600389727947378e-10,7.811675946432139e-11,1.3082851534825354e-10,1.2302243414522214,4.5890980122437414e-10,9.19315355961862e-11
N20001199,10.678130703691876,8.357599989209623e-12,1.5607508836058872,73.96638457681883,11.09839036533259,1.316752528581064e-10,3.680749564318993e-10,1.256493930535834e-10,2.696343462145507,7.388084401824811e-09,3.8345822862278927e-10
N20001200,29.61522748438505,3.376944393395126e-11,3.369509278817462,43.15957333609778,22.377277816852587,2.116057920801397e-10,3.575509707208523e-10,4.4332470060275515e-11,1.4784120812618642,5.958683997770949e-10,1.3421330908656326e-09
N20001201,14.970866959650515,1.9640490312195626e-11,5.4260026290733245,63.62863719739508,14.757942970822736,2.9825560310726986e-10,1.7751665898682859e-10,1.4850964867532032e-10,1.216550242116147,7.8768070102873e-11,2.1951376296082778e-10
N20001202,9.231083292816612,5.2113629263424606e-11,2.108718541301247,82.69089723333227,4.992794574974282,1.0585610779673114e-10,2.8970779399593834e-11,1.8417523163935643e-10,0.9765063569536827,1.9045061060244175e-11,2.3175052855936028e-10
N20001203,73.44793171660251,3.476006428400176e-10,4.143337619165311,8.62485762574135,12.520314097426196,7.108366081384807e-10,7.385118004787889e-11,2.5726319232628737e-10,1.263558937746582,4.0772583674723545e-12,1.9244137497491814e-09
N20001204,4.454529553669573,3.48165256117897e-11,2.471277650072773,89.63280862860547,2.635620509506012,1.1044806754363096e-10,2.259813951978238e-11,1.2362363939628692e-10,0.805763657724528,3.959345364049434e-11,9.05681422342021e-11
N20001205,49.66442167538149,1.6446097527711323e-10,2.9956781991043813,19.473904635657682,26.006487511904936,1.2686519731115152e-09,3.803890078892248e-10,2.829467908724657e-10,1.859507973574131,4.833523459604825e-11,2.2325787142633327e-09
N20001206,74.25411466969763,3.446732122679657e-10,2.310817553624112,8.254218634846993,14.233272944167663,3.850380115640947e-10,1.2969430280563712e-10,2.5876656528239463e-10,0.9475761915756278,5.783880383479502e-11,4.911979034056841e-09
N20001207,89.23034236394129,3.371575086271984e-10,0.37641075836346743,2.190252679869034,7.02082619645648,7.358008421705372e-10,7.507966773049202e-11,5.570473155623911e-10,1.182167995412068,1.0764847545815234e-10,4.1449162726643855e-09
N20001208,82.75361209788794,2.978887639759822e-10,1.295480778443182,9.601889329063026,5.087771336192894,1.771478975306158e-09,3.61885653191248e-11,6.019469512852958e-10,1.2612464537912433,2.7813764370278076e-11,1.886391977339455e-09
N20001209,16.52304463879887,2.481068643681309e-10,2.9291030175174613,73.15409694743578,6.446843967330578,2.506512951170006e-10,1.952722774937429e-10,1.0285716774156398e-10,0.9469114270888898,1.8851364197945392e-10,8.430178853570716e-10
N20001210,73.8217487683905,3.6374320582840756e-10,7.451001164151869,5.387409520009729,12.254733509904872,1.0977222523988092e-09,5.0554199215919456e-11,3.8805278622149184e-10,1.0851070334359623,3.3896410786602026e-12,2.203576676909371e-09
N20001211,44.89841660221135,3.920809281622959e-11,0.7323739053062351,0.916349658188745,52.45315610846441,1.6680444853171218e-09,1.819047536787306e-10,9.698468829038778e-11,0.9997037210257983,3.6408872391859155e-11,2.7809077284628115e-09
N20001212,3.789052289666548,3.784264450147845e-11,3.149269794382934,83.89047059875172,7.393713835216739,2.5014621452858217e-10,1.2102595266765323e-10,2.2545754379436677e-10,1.777493480836883,1.754552243303404e-10,3.352438246983067e-10
N20001213,73.03473291985995,1.6009752135410602e-10,5.465963834760524,6.807390551116797,13.538870075767443,5.128423456422956e-10,6.537284449553134e-11,1.0515360649354267e-10,1.1530426163003362,2.0405925872149066e-11,1.33106640583396e-09
N20001214,47.88103897373148,5.623477057242434e-11,1.3231112832646639,27.801933956179663,19.85046279489714,4.6509972895260583e-10,3.9923735547720113e-10,1.97144104355919e-09,3.143452987108635,2.341258399968873e-10,1.69228683033827e-09
N20001215,47.505401031251786,1.2793358801934984e-11,3.281601085756468,2.268253045976068,45.75566620761203,3.947576272994633e-10,1.073249795526691e-10,1.2637715106364139e-10,1.1890786272964808,9.761680043775181e-12,1.456162483432554e-09
N20001216,34.412840459514435,1.5053570438636767e-10,7.5356625761415374,47.87661407144705,8.623970732508473,3.9606434377979366e-10,9.021067871785857e-11,3.3880733293561037e-10,1.55091215861553,4.378699431530812e-11,7.535576788052138e-10
N20001217,43.52881926411769,2.383009932712036e-11,3.448176698348503,20.236108807364094,30.83615246145424,1.1511933243915235e-09,2.0003221177733396e-10,3.7184902577431107e-10,1.9507427658304595,4.847780816050771e-11,1.0896329767586418e-09
N20001218,14.988140011661377,1.7475480670650743e-11,4.072518549535279,70.7256029412839,8.055932605565786,3.324751444218691e-10,5.442516411156884e-11,1.4147706307286422e-10,2.1578058908119697,2.673713260129453e-10,3.2847377674495794e-10
N20001219,33.95384419925331,2.610908358246614e-11,2.8990388900446353,33.681195809031635,27.55869352849801,6.268292109674239e-10,2.1965663900079515e-10,4.960072658535559e-10,1.9072275712297244,1.0165215141009874e-10,4.7243020569838e-10
N20001220,60.15224010558353,7.048719153036406e-11,5.135421115326085,1.8332407870446839,31.603038593434903,8.465191917691332e-10,2.774343314904781e-10,5.7009188485458597e-11,1.2760593952105148,1.254267093445878e-10,2.023407584059969e-09
N20001221,16.90696461123081,3.987895530901818e-12,0.9680380640721138,11.825389121360462,69.27983425813503,3.770681360047231e-10,1.0073324161988268e-09,7.108659399068351e-11,1.0197739433895296,4.929426202235323e-11,3.03288791512588e-10
N20001222,74.60955258004184,6.451145617949052e-10,3.9980739437782415,11.582743613981394,8.68614173003579,6.768808568251403e-10,1.0590979118199469e-10,2.724832453342448e-10,1.1234881277838962,2.5909888457710292e-11,2.6525461486259537e-09
N20001223,71.38680187924624,2.5984631017866164e-10,2.7680134058940706,10.445341519144986,14.619611900741624,5.601188749271183e-10,5.1253422175754337e-11,1.230259911873103e-10,0.7802312926949694,9.044457478772914e-12,1.2748214110904154e-09
N20001224,78.23506968980124,2.1002418059357987e-10,3.0917243706992066,7.872649800155209,9.849012488446155,8.368618219954368e-10,4.5497795900615444e-11,3.121513520497732e-10,0.9515436473848622,1.7912301358572307e-11,2.09088321164112e-09
N20001225,76.15762760207868,1.7169280507257327e-10,2.3170504343855995,5.18586735225726,15.281370780343387,1.6452070664384646e-09,5.262136161049173e-11,1.2114119564834678e-10,1.0580838271432145,1.7328435755127454e-11,1.7838691176380213e-09
N20001226,3.1049632723135563,5.091873884435291e-13,0.15902176051064454,2.0341437160922973,93.8901192057765,4.22310774682425e-10,1.1308630545221898e-08,1.1146014555437863e-11,0.8117520291893024,4.127729584209799e-09,2.4737302866620037e-10
N20001227,69.12228682598605,2.834344198968721e-10,3.256910303833184,18.711588519116564,8.520170804092004,3.855685891480663e-10,7.0699983896527495e-12,1.447637811375808e-10,0.38904354465590746,8.166915938680775e-13,1.4946350523205063e-09
N20001228,46.91466977873045,9.789666818464546e-10,5.2835875151842755,39.89361473014866,5.465009384730489,8.494335651041381e-10,5.958985887356826e-10,2.7119551153421997e-09,2.4431185812111718,1.5112888843926544e-09,3.347398121936651e-09
N20001229,74.7471749383125,2.604489323765136e-10,1.262646933227674,5.364841359023421,17.754270244228387,6.267348799629564e-10,6.855640143840967e-11,1.2385208927102493e-10,0.8710665215511766,1.406358913664729e-11,2.5631779222650737e-09
N20001230,4.884357739814039,1.288836738195967e-11,1.5000577877361247,80.5525233925991,11.068866648732625,2.754389646079772e-10,4.829753227165508e-10,1.33319241876942e-10,1.9941944294621312,5.106005093932795e-10,2.4076071476260747e-10
N20001231,16.488057347062814,0.11614501221667992,3.498624550576953,0.4190907854401884,77.55612160917113,2.4942889494537147e-10,6.969452939333942e-10,1.6909471659492253e-11,3.0900927891718335e-10,1.3177002220162633e-10,1.9219606941281644
N20001232,60.357504582811096,6.442014209311412e-11,3.806268737471451,30.37045155758965,4.642252225231485,2.9289547406237206e-10,8.837666386518779e-12,1.3102576677172372e-10,0.8235228961017438,1.0465643748506249e-11,2.86929710226375e-10
N20001233,14.241987108219101,3.890977045389313e-11,5.509917103322834,67.12986043827244,12.033076017445389,6.823644465204313e-10,1.1365196456278501e-10,1.0239202029416562e-10,1.0851593315090071,5.502698063760926e-11,2.3887147600913065e-10
N20001234,15.9229674689031,0.043870502004296166,1.7033422014243662,0.07884573582444643,81.30319657359776,7.301241982789166e-11,6.734080714433166e-10,6.981978670003219e-12,2.0439840699493195e-10,2.5176515457159357e-10,0.9477775170364756
N20001235,11.605697546125272,21.121725206424422,3.9714710226450815e-11,1.2092956030865614,5.5325107062354935,5.18119287862818e-10,3.321307876553429e-10,53.94470484793895,6.586066087170236,7.710657656389088e-10,1.3580277113663413e-09
N20001236,5.083394352002173,75.01236479019104,1.7793128007878877e-09,6.57240567714841,3.2104970745996457,3.4851953475453984e-10,7.661153275195325e-11,4.3045547080961875,5.816783395052157,5.115701986563559e-10,1.9436857437215167e-10
N20001237,3.018990783961346,84.62634117470175,8.454110817288959e-10,4.266050917853537,1.7982706327191313,4.156553600591711e-10,1.2895662369435643e-10,2.7091221614522154,3.5812243269958217,6.415466705072206e-10,2.8463160708197405e-10
N20001238,14.343586776590293,40.70927762810958,1.4404459182947104e-09,5.658945597917964,24.10112590409687,3.860849724110239e-09,6.558547444721657e-10,3.423286972835137,11.763777110260328,3.190196651748801e-09,1.0424959025272796e-09
N20001239,4.3072355617661735,14.62901041361928,9.381186392543567e-12,6.919129235120643,0.29041325069770496,3.7274560906056593e-10,2.7065303814595246e-11,70.07408136903808,3.7801301691174003,1.8738990494817458e-10,4.411877403590697e-11
N20001240,5.596498793567594,29.477684509100367,3.018617901809415e-11,1.63798355561327,2.470490867259686,5.783631562938917e-10,7.360232096612128e-11,55.98329645899264,4.8340458143323035,1.8463644882835972e-10,2.673463094672045e-10
N20001241,6.316904681982459,62.28881599000405,1.763366503304646e-10,11.22035594638831,1.7923656706125173,2.0155608224108355e-10,1.836204423460525e-11,15.443566660277785,2.9379910501746562,5.906603490252833e-11,1.0492563198791482e-10
N20001242,7.726367383850027,50.74079620822387,5.5222725880137116e-11,8.31257507044609,0.9665534954146259,2.2113589386406646e-10,4.546282373996299e-11,29.388489740404957,2.8652181009445945,2.2163239900034797e-10,1.723718098996307e-10
N20001243,11.425805453583337,53.64051894008996,6.751372687665249e-11,4.122933470151458,1.1386494354360484,3.2288079399258676e-10,2.095158116540871e-11,25.926910859065977,3.7451818409089865,1.4038765130411974e-10,2.1248998634838796e-10
N20001244,7.195475832057043,62.70626497193542,1.4318377044991906e-09,5.1275252702908825,10.781662884313697,8.45781366743815e-10,3.0525618546688525e-10,5.6840419672705655,8.505029070322218,6.714961019578539e-10,5.558176935546912e-10
N20001245,9.305077298935178,35.389437686724634,1.470005191316045e-09,15.76504799432302,23.036204397664285,1.8570682758206322e-09,2.5837567807313584e-10,3.953670497746109,12.550562119317663,8.194940787671048e-10,8.841679734972007e-10
N20001246,8.824384446237634,50.565551067800996,3.954623295241761e-09,19.306579442462958,8.409603457388476,7.028573654578084e-10,2.8999147923994465e-10,3.530987830080585,9.362893746963913,3.71055919405932e-09,4.0743049752413817e-10
N20001247,9.356381828820078,54.068913527298434,9.558017876392433e-10,8.767537585997605,13.91032895332615,1.2656668849043681e-09,4.921899549656364e-10,6.540215275142776,7.35662282555799,6.480380278975915e-10,4.952643839617541e-10
N20001248,10.146669797146172,22.960838928114335,2.719164627460858e-11,14.118498766865653,1.2202191896709986,1.6152684180194265e-10,4.1861301878406033e-11,47.6311218521712,3.922651465508964,1.5333752971907144e-10,1.3876616096728434e-10
N20001249,50.981370772124414,30.917854272911715,3.2713805668818566e-10,0.3669211069620359,14.452228500202374,6.24592649231639e-10,1.1032744917871696e-10,1.160932804775086,2.120692540794876,6.218908872517647e-11,1.1052309849474844e-09
N20001250,11.032601326735756,44.71119000269867,1.8312624394244877e-09,29.227714304893322,5.624661057867816,2.436461240344011e-10,2.538645664849618e-11,4.326064338754145,5.077768966529564,2.1208890001218352e-10,2.083484687289562e-10
N20001251,9.09490680836871,49.59903834556904,1.7441762372659146e-09,9.964386774263698,13.690457151808896,1.0901578368474629e-09,1.8124836917028883e-10,7.86671545591906,9.784495460026859,4.932320586056616e-10,5.349194299752483e-10
N20001252,8.79027839427954,72.33768406858853,1.1382933270339816e-10,4.417256997308587,1.4778669790845116,1.4569121951152976e-10,3.244019157400296e-11,10.261960410931849,2.714953149179847,1.536510023891936e-10,1.8156014829231314e-10
N20001253,7.6448469329367095,56.4597410334009,1.936892955891671e-09,16.34841568517909,2.9220547273730144,3.4894039413753583e-10,4.1066664782086506e-11,11.297072571152258,5.327869047305829,2.131801296742884e-10,1.1211795760337377e-10
N20001254,20.33358140244596,43.58135953048445,2.2339324320500318e-10,5.512081351550964,10.521046409941897,8.932962979618646e-10,1.814990464536074e-10,13.919751092196572,6.132180210591555,6.634376924674537e-10,8.269931948801478e-10
N20001255,13.592590557234665,39.32961209137872,4.71938560258933e-11,3.626670487642239,1.1849992238874933,4.27546248868612e-10,2.914749547363241e-11,37.872650264695764,4.393477374292635,1.20332550073733e-10,2.442567248010561e-10
N20001256,10.253008398674085,76.13362971709469,1.2502703643405212e-10,1.9430100501275285,1.8321167150975304,4.296660915510739e-10,5.058036344458754e-11,6.343006854210727,3.495228263489794,2.5442243848450663e-10,4.459500473007777e-10
N20001257,3.8459485412087027,69.32286955720348,3.396541841103576e-11,5.894845605735489,0.2618372699755426,1.1072810232018636e-10,1.1309561290558727e-11,18.61154199098762,2.0629570344774137,1.8548065479790255e-10,7.026949404062024e-11
N20001258,4.953297679866778,45.22526039484889,6.33451653725915e-09,33.490725711383014,8.795324839346069,5.424272050705331e-10,4.252234450060415e-11,2.844816921862253,4.690574445458189,9.912432253676758e-11,2.1624717430734533e-10
N20001259,12.377077800143775,36.49326541132301,3.23717406261072e-10,9.921671225580681,5.4026109104013935,6.654336492109647e-10,2.0552971650502786e-10,25.59793816426404,10.207436484885477,1.8722705654191805e-09,3.3467516421896153e-10
N20001260,14.666375837080267,36.369711537613796,3.528004438252603e-09,34.4666000644458,4.451062413116344,2.561956312029122e-10,6.547364118261627e-11,3.266937691140533,6.7793124519982,6.602658443328926e-10,9.513308646926117e-11
N20001261,4.320505497383158,52.80238481377321,3.710588561476203e-11,5.15159618009045,0.43992958243435276,1.2583943568713321e-10,1.3113163101978179e-11,34.85948343822145,2.4261004876942467,8.575508314408304e-11,1.4131914007679336e-10
N20001262,2.2145334036355586,48.647399600226535,1.2119608930208786e-11,3.8555059368284827,0.3682003463556839,2.0777049483508992e-10,5.360177193664393e-11,42.68392216971225,2.2304385426855915,1.9441639277243482e-10,8.800980282886587e-11
N20001263,5.606574829066025,37.83608733276951,1.2880408009329401e-11,3.101195276871608,0.3849639921554942,1.9968234840361351e-10,1.526871241426736e-11,49.86769705282896,3.203481515743576,2.140008895746044e-10,1.2299257404895028e-10
N20001264,3.6947791107487262,15.77551170322228,1.1474355509713033e-09,54.94001808258285,10.995064693236072,5.543521877773815e-10,1.9830331766157985e-10,6.844943660931915,7.749682746289391,8.673443738051487e-10,2.2132202070482224e-10
N20001265,12.15799649177423,26.19105317647729,2.3702216603515026e-09,25.023311274349542,20.524904665232814,1.2117555207532903e-09,1.7263001933183172e-10,6.500196033320135,9.602538354289191,5.050925914612506e-10,2.9709468370934196e-10
N20001266,7.552043440572391,51.40554156899074,2.4859472719416703e-11,5.3678379273198376,0.46802131863947005,3.6093223891091427e-10,1.2715446079180554e-11,31.811552714671077,3.3950030290753745,1.866269740203811e-10,1.459724478715919e-10
N20001267,14.222995960017041,52.43073951630498,1.808048050067344e-09,15.9853961233179,2.5074218167774864,3.2135276710990525e-10,2.1563987089389294e-11,8.047011821797001,6.8064347593313865,2.413758298623264e-10,6.187564399614113e-11
N20001268,1.5587296842743474,15.979855642808738,2.9760585339849385e-12,7.209060114852643,0.15895697127324632,6.899640524275686e-11,2.923295632058751e-11,73.07370525009974,2.0196923363504986,2.0634983938346608e-10,3.3258390691146856e-11
N20001269,4.74065059927341,82.76499969747424,3.1473241413683415e-11,4.513304310951023,0.2708376427391336,8.868427436928365e-11,2.570760686074215e-11,6.514583660443186,1.195624088535365,2.888144473544982e-10,1.4895933153822743e-10
N20001270,4.027747481565416,85.60399009275773,1.0270997944477254e-10,4.21900681111767,0.3848421250828551,1.0821010629158471e-10,1.229956053201178e-11,4.616312484623398,1.1481010044651447,4.5490457043245986e-11,1.1909329185631145e-10
N20001271,13.40205547772278,28.290196443080163,8.520112835077513e-09,24.72498079554955,20.626078382786734,3.94787591150352e-10,2.8967314262162965e-10,1.8575506646655717,11.099138221242216,5.344916504911513e-09,4.034978384735012e-10
N20001272,4.335630266438552,30.343217140703665,1.40077177280653e-11,6.813062328384044,0.7323647362306815,1.9766495661347352e-10,2.3599267417507402e-11,55.48061160871113,2.2951139191380356,8.166097322971584e-11,7.695244945318801e-11
N20001273,18.87574625684467,37.370867431744756,2.7124611376388813e-09,16.938513884953426,10.242907209521283,1.5224577792896245e-10,2.363754629055736e-10,5.272290126853035,11.299675086006316,9.128680377670696e-10,6.255780147338419e-11
N20001274,3.9996399755824337,65.947708545061,1.0980001462160359e-10,11.210330723716682,1.3094351053608062,6.110197849635539e-11,4.791446192932925e-11,14.173660026675442,3.359225622781239,4.3415566876683234e-10,1.6944182105438552e-10
N20001275,15.380540388193491,24.604472061060807,1.7319099450465185e-09,25.48084460041256,23.15382574860538,6.79936427500795e-10,4.054189093487956e-10,2.7262087544928564,8.654108442868193,1.2439766467677302e-09,3.054717389169419e-10
N20001276,6.790985339489309,60.485329918060835,7.991742484777435e-11,6.3290503377277725,0.425281969409819,1.3434737263690264e-10,3.6291315402574575e-11,22.921737223130407,3.047615211197767,5.968599970304654e-10,1.3668859135933443e-10
N20001277,5.688452853269987,64.74000152754567,1.4423031537273026e-10,8.158743169144067,1.535438130721498,2.1585278123842316e-10,3.024801673517009e-11,16.481315954761488,3.396048363935822,1.1746130832730713e-10,1.1367386798057006e-10
N20001278,11.79992436419826,51.08862702287963,2.843891581441795e-09,23.072504820423163,2.346205959699528,1.6486635144713175e-10,2.2242556547985514e-11,6.997534346715124,4.695203482869203,1.354570987645172e-10,4.863504716994273e-11
N20001279,17.110238042191053,47.70773228950838,5.617075000762757e-09,13.895165581137206,4.483864098084607,2.739427785707634e-10,4.479794559253779e-11,8.055339021538426,8.747660961219262,2.9361362389550693e-10,9.162621007139952e-11
N20001280,15.937716414538816,67.53239461639433,6.480273001057272e-10,3.5342659585283447,8.805877368737349,2.2763293760727816e-10,1.8817638569715825e-10,1.7857463496603665,2.4039992907838283,7.940575243720766e-11,2.13712703987501e-10
N20001281,29.893699732442137,19.982793003513564,2.422785432940612e-09,10.28759636037229,32.86179570219103,3.156786893424001e-10,1.4782414937661075e-10,1.2641293952180965,5.709985802889941,2.4904577309805853e-10,2.3760967538291935e-10
N20001282,5.877003280627304,44.89343759649515,1.8322735418219002e-09,44.10336627065629,1.7709435973619414,9.797206211883072e-11,9.286463122688732e-12,1.8165466133176957,1.5387026395564307,2.769684116547092e-11,1.795249313255937e-11
N20001283,5.2258739226033395,85.12210491386864,4.5278975288308174e-11,1.0665097077965109,1.2843266519376013,6.29009811956131e-10,7.401728892964467e-11,5.009922477223118,2.291262325409214,1.2559014318777617e-10,2.8769222213675283e-10
N20001284,17.702009008246197,41.42007251263144,6.221202915569194e-09,24.918254956357433,3.198668536532311,2.7460879627511065e-10,2.915072109653541e-11,6.22707897304283,6.533916006423126,2.025140402450652e-10,3.916851639922395e-11
N20001285,26.5942476923042,28.58612433403,5.065419870622769e-10,5.2862111894025725,28.2174986997515,1.3724891976471969e-09,2.7515440248422845e-10,5.282099956940735,6.0338181248743386,1.727693915906694e-10,3.6970939872697656e-10
N20001286,3.2488578473999885,34.6766607957465,1.6731681790614626e-11,19.025139318446463,0.09931961633493577,5.914095922929648e-11,1.8915449131966796e-11,40.64432021303995,2.305702208200517,7.145067985551937e-10,2.233285960211548e-11
N20001287,4.004058000057399,72.13456644428821,2.339445155944089e-10,9.808004371418626,0.4283990426584373,7.490671423382679e-11,4.817348596730332e-11,10.80797474765703,2.8169973914517987,2.0282340179196063e-09,8.325831167278475e-11
N20001288,7.132086270233164,67.15456852076454,9.156194404874304e-11,4.572691527909186,1.576350983890162,2.7832824262667267e-10,2.252594235103222e-11,15.927441637784808,3.6368610586296763,1.438246791115251e-10,2.5222475721362716e-10
N20001289,34.916830072119225,14.372051749145829,5.747479061170138e-10,8.243673171913079,22.91318361802618,1.0856959310739447e-09,3.3057462340909615e-10,11.27143911082845,8.282822274897706,6.247801615141121e-10,4.537216491640875e-10
N20001290,6.332018856396823,56.05980598504584,2.7555289878397816e-09,32.4442385793044,2.2159542739802016,1.9784704952105755e-10,1.1612842773295817e-11,0.9390327746926467,2.0089495275323785,4.356412727344739e-11,3.917486538706085e-11
N20001291,17.865028715100962,50.96914522455166,8.521380650241969e-10,17.37255790086879,1.7506156172350584,2.756527475205962e-10,1.499219932065939e-11,7.914337366754158,4.128315174154318,1.3818823970957408e-10,5.40748345122832e-11
N20001292,51.99179396711182,3.930591885127858,18.936959281330452,1.3216099008077404,21.094347413191635,2.777388645129541e-10,2.5404593160058263e-10,1.9746175193460655e-10,4.748776385464321e-10,2.973418321576775e-11,2.7246975511966234
N20001293,13.394796351271355,64.69026426702617,8.63635882401246e-11,2.7925740335563005,2.7064561708710193,8.755352109064809e-10,5.6409563645685336e-11,12.010793245826349,4.405115929955712,1.3658526423738155e-10,3.3822082780491016e-10
N20001294,36.37588845034599,0.5623614717451121,20.97019560997598,0.4409609306645095,37.651760745776,1.8180814414852694e-09,4.150773878921427e-10,5.799478740612755e-11,4.3143812633761695e-10,6.578039619631242e-11,3.9988327887040196
N20001295,4.372516250773885,90.13331383312276,1.0638093581979804e-10,1.425042760193729,0.6100410067224491,1.8722420483864828e-10,1.7592823117105958e-11,2.213603048578494,1.2454831000801996,6.506104068012663e-11,1.522197732395876e-10
N20001296,24.748954560026803,0.517382176779282,3.783299580127366,0.7601286576085207,67.65796144031489,1.4653558099193715e-10,9.204781251837574e-10,1.2141513928457e-11,2.0056692273025454e-10,1.9910005162623089e-10,2.5322735836643053
N20001297,7.826064660228771,63.510272675971265,2.0137735107832617e-11,3.4607729847010487,1.9376055568744384,3.4882748263505944e-10,6.050148660147028e-11,19.842501627868465,3.4227824932292967,2.28416850659679e-10,4.688325730303962e-10
N20001298,7.509165549486983,71.49088123100893,7.075957133710874e-11,2.747819990574579,0.44033098175988983,5.022255403714221e-10,2.2016116877417096e-11,14.233863712953301,3.577938532844017,5.56339466509978e-10,2.2096664350484512e-10
N20001299,4.501163213682245,61.548360709843365,1.4216314162756943e-11,2.6669587318654804,0.2907435889654911,1.6978636368256216e-10,1.3554483343248816e-11,28.477387653314807,2.5153861018453196,1.5681335954396501e-10,1.289148111185341e-10
N20001300,4.03498899050246,44.50556595744412,8.61164571347358e-12,6.317594997478189,0.19265403642379345,2.2248686017232635e-10,1.2400978624297594e-11,43.26981489281687,1.679381124960827,4.595925792754988e-11,8.427208610977787e-11
N20001301,6.234095101412589,54.90802405922997,2.6914312815237693e-11,4.32455344282612,0.6143743591439434,2.575686590044471e-10,2.1018120472926352e-11,30.398976747227323,3.5199762893564337,2.4363958186809284e-10,2.5447343027132054e-10
N20001302,7.446308808632243,73.11343525909938,4.9267368410753427e-11,2.0925849777763523,1.1534729473959202,6.977157066871752e-10,1.5867389854752333e-11,13.410081036906446,2.784116968942324,5.964464740304944e-11,4.2483986517844356e-10
N20001303,7.172281004551887,85.52287248442248,1.408107760289477e-10,1.898929897710893,2.3330474594429087,8.775755209273168e-10,4.4247082808120754e-11,1.4863060728443513,1.586563079742986,1.2196796500974787e-11,2.0965947573313172e-10
N20001304,4.738957852082977,25.47984625531643,1.069814358489229e-11,2.0672244073976858,0.6851172747234082,2.8607202452556203e-10,4.740161517781611e-11,64.23925664881199,2.7895975609576955,9.048201564555747e-11,2.751584061663255e-10
N20001305,9.42391822671197,34.51100250469653,1.951371972413889e-11,6.463977317581408,1.0941547722158895,3.7476561476350477e-10,3.3512687172441e-11,45.3161400426659,3.1908071353400023,1.5334449549534514e-10,2.071594202003369e-10
N20001306,5.171550815369285,65.32938736084584,1.2620054729856354e-11,3.0140699965879274,0.7811578262825248,9.334082883069597e-11,6.27185225609245e-11,23.604833060790963,2.0990009392644473,5.710958052525671e-10,1.1923827756987706e-10
N20001307,0.6279840997664147,96.65455575380865,1.180416217503942e-11,2.0983188198266403,0.05148119927241884,8.74269562091158e-12,2.0349625338293993e-11,0.4174235156664724,0.15023661159631782,7.144364202509646e-12,1.503854388108308e-11
N20001308,3.070535696468848,71.39474331235391,5.281563181524566e-10,7.9880693674299605,0.7182643648267724,2.200908294815017e-10,5.1545828666957383e-11,12.591518713757205,4.236868543331402,8.873398135018547e-10,1.447623005061286e-10
N20001309,3.2727270436967153,59.22379205205757,9.766828782591703e-10,29.519461935727996,1.3353702983838307,1.658291790383223e-10,5.906709564906476e-11,3.4646863505571677,3.1839623176154643,6.896761778007431e-10,7.001178759958288e-11
N20001310,6.23165336231921,73.55850968864404,6.199716966177981e-11,2.8862706328176144,0.5844952495141553,4.028849998257813e-10,2.3341012567567104e-11,14.17663563186995,2.562435434031048,1.24350817069118e-10,1.9140202723117087e-10
N20001311,3.8630784481542806,91.35703131089129,9.450368375382874e-11,1.0156818082646653,1.4845051166016925,4.874006209036377e-10,3.1630218667057977e-11,1.0504989795185662,1.2292043357076083,9.359773905661448e-12,2.3899983587175706e-10
N20001312,1.8584129707255486,95.05119387334967,1.0146296800376663e-10,1.4065958558602785,0.1462557111786258,6.644428978163885e-11,3.092084294202041e-11,0.952696422803254,0.5848451657708233,6.539911804468715e-11,4.755912872723009e-11
N20001313,7.781927810035258,62.167893948947906,3.392202063090487e-11,3.861513432071731,0.8346417113475638,2.4074787132775247e-10,1.9873087635665586e-11,22.512792290952234,2.8412308059526312,1.263025201498198e-10,2.718191568129219e-10
N20001314,6.9464076925746605,66.65389036375723,5.414055436457567e-11,2.6706822491627316,0.4848721375748471,4.532071606729857e-10,2.5763948641881616e-11,20.28503980062122,2.9591077551881293,3.971053419508129e-10,1.909516261278251e-10
N20001315,2.077153471209158,94.88253779953413,7.929056330935725e-11,1.3662847503118185,0.2378755453356772,8.923258917378289e-11,1.804350910305604e-11,0.8109076087171396,0.6252408246288629,1.7137187135494326e-11,5.949259054188848e-11
N20001316,3.298961610908835,56.8148564477182,3.0250322789520776e-11,1.7123346411348481,0.8230644184241899,5.738128638609829e-10,1.4721250721506743e-10,34.22888940284866,3.1218934775713705,2.1751179766384975e-10,4.2511690815077727e-10
N20001317,6.86458911127577,68.63902026285601,5.491278564154649e-11,2.5440371377165962,0.7164366283053707,3.792669750580965e-10,1.6474869628785923e-11,18.304212623969413,2.931704234970642,1.2855373478799017e-10,3.2697637377254036e-10
N20001318,5.36730533278285,81.37695770983365,7.477096053373816e-10,3.594481455681601,3.724218154443013,2.350993051665222e-10,1.083938847314809e-10,2.6960459367744027,3.240991408755687,3.552841982126554e-10,2.823008452163612e-10
N20001319,2.7325969707889834,91.60561480363974,1.0012631021961353e-10,0.8159234547046782,0.7362163376040437,6.325043041538823e-11,4.1580345783833536e-11,2.87757653154003,1.2320719012443353,6.414306798342754e-11,2.090645650953791e-10
N20001320,8.900668568087543,73.36578325493873,3.1425225727405297e-11,2.6810677083625887,0.611396671897507,3.106959514783191e-10,2.6829325159244877e-11,12.102104685245891,2.338979110538227,1.9785042344469226e-10,3.6273495280265353e-10
N20001321,5.1934298157133965,85.82063320407426,1.0621770041325379e-10,2.0083764004819855,1.269987222962579,2.657654223304569e-10,5.165929308143822e-11,3.4384493492374957,2.2691240066947125,1.0041439334923435e-10,3.1152709872038175e-10
N20001322,6.222489023575582,85.38898082058692,1.0724854552607635e-10,1.8747404787383632,0.5668463373630235,7.743571974579285e-10,2.9988992288196354e-11,4.047380300801465,1.8995630378125,5.811386325265319e-11,1.5243810902138216e-10
N20001323,3.6157070585461373,84.76596382651707,2.059524042053818e-11,1.1991041171083068,1.3254829807950999,2.1174549089984924e-10,2.7214109174287578e-11,6.981730368098665,2.1120116482320994,2.6522171114322285e-11,4.165585213060991e-10
N20001324,2.756604520822282,64.34082919905218,2.0799905381236247e-11,1.397462616119179,0.1629332924069784,1.1178302689098068e-10,4.4518985711933073e-11,29.213915975144143,2.1282543958573013,3.000998285000755e-10,1.2072589431697703e-10
N20001325,2.5523578974277146,89.72240367695753,1.680325688533911e-11,2.0622379503369976,0.12669200419918666,1.5715584284187464e-10,6.283982139039684e-12,4.595241367148444,0.94106710360622,4.59247959090897e-11,9.774602450759441e-11
N20001326,7.4714238346578155,64.9422358833867,9.714698315823265e-11,5.216125054745086,1.156386771506223,2.483399571805307e-10,3.235712421380171e-11,17.068001733440553,4.145826721328208,3.4768800298893287e-10,2.098627573170166e-10
N20001327,6.057432812263687,52.48533679376373,1.2639542954204935e-09,10.87157186702368,6.6878609682141015,8.178728082714048e-10,1.6742114723139855e-10,11.818792635066231,12.079004918739724,2.0910328752411145e-09,5.8858321357228e-10
N20001328,10.45757796402893,45.885947936399745,1.8818752225300084e-11,1.2573547877852869,1.494241894381895,8.255068840037848e-10,6.907283802471575e-11,36.7459787193264,4.158898696356,1.8251772636240375e-10,6.258116996826183e-10
N20001329,7.799010306836822,37.74137432184972,1.8788771602949572e-10,15.762101782986104,4.3686767987640645,7.213342801580127e-10,3.97866796916766e-10,24.933847107628154,9.394989678184954,2.236420241867292e-09,2.0667093332312966e-10
N20001330,13.51009525524511,48.22631375047449,6.670559788673858e-10,6.9354678536013985,10.003198150021904,1.9401646888354944e-09,2.222605110205304e-10,10.00121179042273,11.323713196314174,5.753997729132964e-10,5.153106618030289e-10
N20001331,12.361316723305722,56.8182840709548,1.1964980454420571e-09,8.147567237251096,12.704916385357512,9.272836372075838e-10,8.765976262049738e-11,2.851503618353687,7.1164119616261665,5.579690310952567e-10,3.8160596959302773e-10
N20001332,6.58071944531142,32.46073436544708,1.6834342055050095e-11,12.239173825535042,0.4120119726069295,1.7560046318262546e-10,2.0981778214327076e-11,45.88464168513926,2.4227187056141726,6.833913005232567e-11,6.434608782327898e-11
N20001333,1.5951229280243233,85.3737913441665,4.308379925284562e-10,8.14510513939696,1.8601217991811267,1.0310672660776757e-10,3.444423646765728e-11,1.2476079616116944,1.7782508268166752,9.545876549331047e-11,1.3884963065898985e-10
N20001334,2.410181060047037,81.3321581828797,4.688834371744361e-10,5.264700184025954,1.9200616764835157,2.25604344537702e-10,1.5780012826627196e-10,5.3596345060478106,3.713264388976252,4.973407683011146e-10,1.9009223060688982e-10
N20001335,13.996868913033436,32.34496029082923,2.503680637684921e-09,28.247856933370475,8.68061767798236,1.3861884315192065e-09,1.4633552751561793e-10,10.793349909408319,5.9363462710242825,1.108490725871289e-10,2.0485604057968039e-10
N20001336,7.85309223485999,50.16077497976211,3.0538179778668946e-11,1.5841336303195481,4.491902243784296,3.9118800091467973e-10,4.970393435353955e-10,29.397547713618362,6.512549193581544,1.6265745211695078e-09,1.5288150587203371e-09
N20001337,6.925897347294809,69.49408690027128,8.473140673923898e-10,7.549155488854531,3.1825267034213094,5.546717200357064e-10,1.0318993155842088e-10,7.38042681559155,5.467906742315627,4.4503901450313696e-10,3.0067151646990655e-10
N20001338,1.8924393815913356,51.27965731655657,3.1631371257839216e-11,4.7302535329788915,0.12819123319309755,2.1416849142423117e-10,5.087873147074888e-11,39.28019881142345,2.6892597230806174,7.750771904447855e-10,1.0428151838537033e-10
N20001339,10.685435301274403,39.022949808788596,1.3062193531019236e-09,10.6043876669173,25.086385872214294,1.7097437528247454e-09,3.062124308299789e-10,5.580190917910414,9.020650428370626,4.651923293067705e-10,7.370094024310893e-10
N20001340,9.817721694276514,55.55104276684729,4.5399725425286706e-10,9.798237191525903,5.790747268606684,8.170389604640612e-10,4.3341893002966655e-10,9.892179130787184,9.1500719443893,1.5410003932464714e-09,3.216736269468972e-10
N20001341,8.358892041405548,63.155238317413406,5.99333347845929e-10,16.675221437389098,3.041710144679624,1.950444076388878e-10,2.550823068731743e-11,4.807459126472147,3.9614789314589087,2.8804083061825407e-10,7.333542256879381e-11
N20001342,6.993904565193067,77.5598973407566,4.447715723032429e-10,7.139014489052248,2.922724974778164,2.537588839139639e-10,3.418351258086483e-11,2.287259439700986,3.0971991894265813,1.2268509829445708e-10,2.3694870695332706e-10
N20001343,2.864120451603993,77.19217230046101,4.334046727574486e-10,10.460817076208244,0.8904263920626744,1.2862582103444068e-10,5.300168226575094e-11,6.043506315453678,2.5489574633007748,1.9196215852544487e-10,1.0260485966103025e-10
N20001344,2.6069320531417,81.23387734969624,1.2547920633775197e-10,6.3582102990960285,0.6368105887274259,7.554095823240151e-11,1.855652464017797e-11,7.447279556416659,1.716890152505393,9.465827422807503e-11,1.0233555804206853e-10
N20001345,12.393423796013556,38.994620738505944,5.681458577752369e-10,4.960291381794065,13.558988319990833,2.0927111687445573e-09,7.959018686729796e-10,18.018931621636554,12.073744137357641,7.231249601846237e-10,5.215254936700577e-10
N20001346,11.62872165115645,65.6244725233194,2.1378546700772754e-10,3.6306377515988015,2.3213931780120833,3.8053061087526525e-10,3.4988629407444035e-11,12.414060851669548,4.380714043039093,2.8360325982124806e-10,2.9172159087342565e-10
N20001347,4.544933463430095,46.45946766684577,6.705691418713379e-12,0.5409362880107342,17.468836784023072,9.251888361947851e-10,3.4381161780254356e-08,19.852776591422447,11.13304912040831,4.337962228219927e-08,7.166887659938397e-09
N20001348,5.706193350070645,65.20526729647851,2.41950204360044e-11,2.816896964603709,2.9567725646048473,1.023199470535165e-09,3.523597804515068e-10,18.938640401682843,4.376229420144263,3.803784390680481e-10,6.350508613933307e-10
N20001349,3.355625455294547,74.03424025970698,5.019088097378771e-10,16.498922506023334,1.2608471570850366,1.3725726799850541e-10,7.149439100069508e-11,2.7158690942202863,2.1344955265593963,3.344312765115778e-10,6.533705568925785e-11
N20001350,2.0243518648126826,51.843758293066145,1.3227397583062547e-09,37.96838355344867,1.1205340965778052,1.748365352324527e-10,1.830844640927254e-10,4.388928564106421,2.654043624813241,1.4515741578489328e-09,4.2809041445542427e-11
N20001351,11.297945930062692,49.68755453515602,4.694940909384873e-10,13.698795866723238,2.4107938757983347,4.689040129718074e-10,2.722257647202063e-11,17.266954446718564,5.637955344278204,1.5221575692146852e-10,1.4511351344062353e-10
N20001352,13.450893021339105,53.043402474695675,1.4031061877835774e-10,4.32065472504914,7.3285433303052105,1.5037034638918064e-09,1.780564015055634e-10,14.142984440283271,7.713522005440172,3.9602664474457895e-10,6.693218259121985e-10
N20001353,4.0711081763539525,66.17388537172701,3.217601374277034e-10,5.5233026639464144,1.1158856143627107,1.772525248635137e-10,4.377874083345114e-11,19.44681642897914,3.669001743377153,4.2554676637579813e-10,2.8528228302688495e-10
N20001354,9.556465904581597,65.15851770215431,4.644174643233972e-10,2.0417708932153533,6.9180434027153,1.4871022763137118e-09,1.3788732869312895e-10,10.050493037596627,6.274709056569412,2.1846282046113922e-10,8.595342968933313e-10
N20001355,3.8261890647015657,85.44295628700132,3.759102568848254e-10,6.230256207593286,0.9236168848412261,1.2117295456203088e-10,2.243662636470036e-11,1.805965049222884,1.7710165058727454,1.1159931026203096e-10,1.3585937916949938e-10
N20001356,9.149443684297827,68.08173302543324,1.4350407583722106e-10,3.544021974096829,2.274565868469048,4.637414244143064e-10,5.702002480333136e-11,12.793018006067875,4.157217440560369,1.5055412750232902e-10,2.599840175132436e-10
N20001357,3.5019942784067304,81.78455398485039,7.448481870851871e-10,2.8223138844502373,1.4336255669592544,5.246475395528893e-10,1.3975552823449774e-10,6.8177554340421835,3.6397568490444057,5.764757230654752e-10,2.6107041444546096e-10
N20001358,4.757158970889494,73.53693267942141,1.537373374264921e-10,7.798828164439027,0.6072007855231802,1.2956440378911764e-10,2.888339996252648e-11,10.886888970867611,2.4129904280781167,3.5927506627589964e-10,1.0968414647856166e-10
N20001359,9.064872114883293,47.89089796918684,9.640955195314008e-11,3.3732178018599694,1.492974229972286,5.41637599829873e-10,3.353633031051523e-11,33.281291560762476,4.896746322013843,3.8476849230918464e-10,2.649137225759189e-10
N20001360,10.359971011810687,66.01147076186629,1.1803231626562208e-09,15.281863189677363,1.9826915664913927,1.8206754084763258e-10,6.6538191954167485e-12,3.700938785060557,2.6630646836158545,2.521401706456918e-11,8.362297933997998e-11
N20001361,4.7297103665715445,60.48670579301191,8.572551498498905e-10,6.754478158703829,2.7043503463988667,6.93402952169818e-10,1.6846339771312378e-10,17.43018644854975,7.894568884081757,6.709885206341923e-10,2.922258521184309e-10
N20001362,16.281005500792745,42.94101963443334,1.026126914568687e-09,8.29634374781944,18.21123273096452,1.827334017517234e-09,6.025406715902009e-10,5.7400947600917736,8.530303621289166,6.898643622761423e-10,4.631293834371789e-10
N20001363,8.716107673359485,82.08907755025659,3.4086131524148924e-10,2.6645065502482628,1.0944771108954068,3.6087590523722894e-10,2.4609911988932776e-11,2.717783229979552,2.718047884124112,1.5643949215235242e-10,2.5381992946557154e-10
N20001364,6.746219165926042,61.6840253485729,4.1438362934001457e-10,7.506588829383394,3.5517785591310727,4.194666059407605e-10,1.2767491590522579e-10,14.434347032564357,6.077041062308474,8.327397300030816e-10,3.1949035463407704e-10
N20001365,4.477129447927285,84.19035136384154,5.530474449951363e-11,7.222204651892891,0.7449734087442911,1.557119165487968e-10,4.713948422134634e-11,2.2277190747867355,1.137622052447048,2.265906109301201e-11,7.938272417950787e-11
N20001366,12.133463576666957,41.883343199527914,3.837958367402149e-10,4.017932615716277,11.570634933733821,9.245567400746938e-10,4.5977072329786297e-10,16.45731394984509,13.937311717669104,3.705217473580703e-09,1.3674840168330634e-09
N20001367,8.133550274709737,67.91267089820539,1.2268877323631507e-09,7.758118215887852,3.8726566000338387,9.641697745171099e-10,1.2118338790799141e-10,5.399209470801168,6.923794536948083,8.140514970581202e-10,2.8764152787278056e-10
N20001368,7.2426138910511275,65.1312411952215,1.4060039862061248e-09,6.0160144152325925,5.14353031441142,6.469722745053864e-10,1.231683263023278e-10,9.817912618241428,6.648687563087012,2.3383533088204075e-10,3.449312509464703e-10
N20001369,47.085541623578585,24.2565455891987,2.0595123402553817e-10,1.944971909743754,2.2462321130323737,8.400355378754277e-10,5.88183717250088e-11,19.812732110453595,4.653976649776112,2.7663345599596075e-09,3.4574812622333234e-10
N20001370,29.14269333129566,56.76319723564104,4.130426958256886e-10,1.9071830321653147,1.1985714583814688,1.0409971051154623e-09,2.616956045395145e-11,8.952286995667626,2.036067944877069,2.0351804768376815e-10,2.881120062563677e-10
N20001371,56.46571943281044,30.400932669661078,8.976563614201057e-10,3.528497455121572e-10,13.133347893892383,6.881308031579985e-10,3.09455255571301e-10,1.5627035436027224e-10,3.696143097007192e-10,2.7465127028318363e-10,5.874821996710556e-10
N20001372,26.456234978742483,52.1515156114154,2.9258221716652373e-10,1.0265710673913686,2.3127020925804955,3.9108187238854675e-09,8.101173919460923e-11,14.172370036966592,3.880606207207128,7.917390880113348e-10,6.203914866975102e-10
N20001373,21.887588051483178,73.95809762533507,2.0334500033903252e-10,2.9035096072433293e-10,4.154314320441678,3.061003215873889e-10,2.2539782532343914e-10,6.462552528472096e-10,2.534969090590384e-10,8.10599434780019e-11,7.340584516670769e-10
N20001374,10.316531348964075,68.13795693876588,1.1564733433604945e-09,8.549483880607186,5.6133236247630425,5.020483182879416e-10,1.0314423091776311e-10,3.2840878798358237,4.098616324684638,4.856064007266469e-10,1.3208043291160418e-10
N20001375,80.54953752367507,11.90878214818879,1.3116625055121643e-10,1.3298233843298732e-11,7.541680324732387,1.2300241343431938e-09,1.5281022209903024e-10,2.544816030137071e-10,1.841773827572638e-10,3.8757242045690343e-11,1.3990580231946288e-09
N20001376,18.12940538607528,53.13646329748726,9.616046773814678e-11,4.811193363376261,1.158517364069701,3.447309618275847e-10,3.435117092221163e-10,19.20431942761519,3.560101143836029,1.6383372077307018e-08,3.7252987913139184e-10
N20001377,78.85119939670744,13.629142111264814,5.629780576504097e-12,1.0754024060028574e-11,7.519658480775238,1.5948429119878912e-09,6.667956709993489e-10,4.3346519480514856e-10,2.0358632521221301e-10,7.346311636520792e-10,7.602807490113782e-09
N20001378,9.029590019474151,83.09535437537316,6.080250432851773e-10,2.592524526361445,0.7057821999461861,2.5243387992893825e-10,1.6353846832230786e-10,2.9125233776462442,1.6642254972635189,2.7318972084522403e-09,1.7941183633027063e-10
N20001379,27.972964107031196,63.99574749102255,9.882315361970783e-10,0.7290143116810229,5.413362337897835,1.1778904489672998e-09,6.960149615940645e-11,0.608928161085499,1.279983588360202,9.004622825095954e-11,5.959355062147737e-10
N20001380,60.82871828586529,6.137643231813514,5.2615744350623335e-09,1.0398083768359563,29.309211022430997,3.7062336327589784e-09,3.397780917618973e-11,0.5045297824461751,2.1800892912359258,4.6306354567588183e-11,3.2404300747080973e-10
N20001381,79.92944560298963,17.07710225508438,3.5802221114033036e-11,6.542682990705156e-11,2.9934521387815893,5.465026641768493e-10,5.5376203872217514e-11,1.2201768211884887e-09,1.9776142432270998e-10,3.321028083068574e-11,9.901557034154849e-10
N20001382,68.89708567915406,26.233659768694118,1.4305299364877937e-10,3.8190306243525276e-11,4.869254548907927,1.923094020458776e-09,4.592139237107822e-11,5.840609898824434e-11,7.926417868888771e-11,4.907740229693824e-12,9.51067159445302e-10
N20001383,71.09084307263267,25.30532016897256,2.5460115940441323e-11,4.750779055559343e-11,3.6038367554406294,3.613148698171127e-10,1.334414499896753e-10,1.29406588310439e-09,2.1036805770494157e-10,5.067883853984088e-11,8.313130527297391e-10
N20001384,1.1857596198486828,98.80588422587765,1.298125499864181e-11,4.629223192913389e-10,0.008356153452393338,1.1602267321799648e-12,1.3290387488235206e-11,6.233426690995347e-11,8.293114298974425e-12,2.514113852047288e-10,8.885709026797564e-12
N20001385,55.631934467378976,33.42446893427935,2.6242924355848924e-11,4.4793837118432825e-11,10.943596594316517,4.693139382993779e-10,4.155043138410188e-10,3.294704062011197e-10,2.2135611442088523e-10,5.2664803315259556e-11,2.4658105406888054e-09
N20001386,36.87294310754188,36.99638371360793,8.129639241071564e-09,8.219673152834053,12.66218410486939,2.2225437238220923e-09,8.507717524265158e-11,1.899489851173564,3.349326058916396,3.748044304194689e-10,2.447108346540904e-10
N20001387,62.635580716895745,35.8006487131213,2.282467997439624e-11,1.034190638114265e-10,1.563770564867351,7.950485559132908e-10,1.1567446633719354e-10,2.7053594839883113e-09,2.483908669532874e-10,1.164561783057446e-10,1.008416897034805e-09
N20001388,60.87917517395588,9.196789555886165,6.816682420874661e-09,3.387632669544853,22.4455942958995,1.6627315143131726e-09,1.4720791175103085e-11,1.2312390704451803,2.8595692255913034,3.887093271869087e-11,1.4413093199533084e-10
N20001389,48.00586484094157,22.981997523134726,6.778828427809939e-11,0.612961334954399,2.0300750714229343,1.05115462667946e-09,4.85464917750638e-11,21.8555673402388,4.513533886859511,5.457098207614354e-10,7.348624571498946e-10
N20001390,64.43925273367667,32.50601092244371,2.883877573436789e-10,1.0020432411503702e-10,3.0547363419958473,6.139411176906897e-10,2.5975455946633484e-11,2.4369794190868945e-10,1.6369424711592986e-10,1.771485774995241e-11,4.3014968093966656e-10
N20001391,55.91997728172375,14.18760571975012,7.960933730816618e-09,1.764501647918222,22.423290054762905,2.614926213037756e-09,8.382639697522655e-11,1.6988036403037552,4.005821644065944,3.953978930522897e-10,4.2019425509034364e-10
N20001392,49.286474534508976,10.531311208144725,8.076601420762742e-09,2.239234679992358,34.43481100439925,3.10083118456655e-09,4.6198834574783456e-11,0.8835395432899582,2.624629017878239,7.21197018636563e-11,4.907315005072192e-10
N20001393,76.51501669835487,19.43225271679584,2.4284535744123688e-11,5.032190792398616e-11,4.052730580143552,9.270878125172252e-10,1.597485944924563e-10,7.84516454122813e-10,1.7990146682097438e-10,5.608011480170969e-11,2.5238162757617636e-09
N20001394,56.425258371898245,34.375128256957424,5.6891942897363714e-11,3.814449313124483e-11,9.199613369551264,1.4074193191309643e-10,1.0875835973585645e-10,1.1296925995158494e-11,4.350903888383888e-11,8.777245091944364e-13,1.192837392441586e-09
N20001395,88.8661627090588,8.0855100579158,2.5577448356313433e-11,3.564380999588587e-11,3.0483272293715244,4.691839009415055e-10,3.8182904837301245e-11,7.727198532820445e-10,2.393623109402029e-10,2.1092315678933097e-10,1.8622846432285642e-09
N20001396,49.53326735507742,35.361711848554535,7.826478125104951e-11,0.6593193611174134,3.5275647954848117,2.3313147215373886e-09,9.473961012567109e-11,7.471082213817821,3.4470544199728947,1.3493196656199798e-09,2.1214702685592014e-09
N20001397,34.705101571691905,64.51240005612023,1.2590107715011029e-11,7.32731239457844e-11,0.7824983707810946,2.4618386742467113e-10,9.232348544236402e-11,7.647999214432442e-11,5.679337381460621e-11,5.118545033665291e-11,7.979526034429589e-10
N20001398,63.09011902542257,17.56410505885841,1.8164914595125934e-10,0.7140430102076617,12.54349864473391,1.6626468523555282e-09,5.865715657269164e-11,3.39744738471827,2.690786872807775,5.562295355292669e-11,1.2928371144892372e-09
N20001399,75.95646250133903,22.09376153720956,2.705798844633941e-11,4.4541441547399017e-11,1.949775957103304,9.256259451222084e-10,6.316039659651404e-11,1.4071307105157138e-09,2.602052760914837e-10,1.567013668685503e-10,1.4636952261914362e-09
N20001400,47.15992080148899,45.57432248169213,2.1111667488088814e-11,9.266236819246068e-11,7.265756713694145,1.2740646115980446e-09,8.616058964437718e-10,5.69208433763542e-11,1.203549723620063e-10,4.97852336923995e-11,6.482478414730743e-10
N20001401,51.57450527361337,33.048423702337914,8.376422523152256e-10,0.9459585220632348,11.739328178202289,1.3222052015206316e-09,7.614183633342982e-11,0.8400184511739165,1.851765869284789,1.124346731370535e-10,9.760565844390808e-10
N20001402,54.8074151897349,23.547342872578223,6.27510705793806e-09,1.71217012416672,17.869274681523194,4.3536674473593323e-10,3.260242560170875e-11,0.37326618120835503,1.6905309438133465,3.0588677573611213e-11,2.0160407772339855e-10
N20001403,38.88932581868402,26.050263409133855,1.6135907454174575e-10,0.4614201254173639,13.530082714775421,5.317578555130421e-09,8.864393165152653e-11,16.419236347580625,4.649671576954679,1.3319111171754155e-10,1.753269038395021e-09
N20001404,54.67351732441577,39.544255181005234,3.901979790954176e-11,4.7968650691331835e-11,5.782227492686961,3.1712790805850315e-10,1.2547103058934778e-10,9.193341230534177e-11,1.045738568055349e-10,1.0073860292308695e-11,1.155883234809527e-09
N20001405,54.192809909284456,9.407744956201606,1.606608502971999e-10,0.6659824928763249,8.737430069301338,2.0885588349655834e-09,7.634946193924122e-11,20.949795047593405,6.046237520021859,1.4224140477082443e-09,9.73022737074933e-10
N20001406,39.07701977565577,32.96888834006582,1.0594076532749944e-10,1.9387163135919383,1.2783462103617196,4.563254447381796e-10,1.0675566854237211e-10,21.48258947125348,3.254439884463162,3.080414500368004e-09,8.586702762125194e-10
N20001407,40.94146425080944,22.023120043780075,5.6794845507342166e-11,0.7107062664372351,3.4032599965865162,1.3688374433561782e-09,5.1325917135445126e-11,28.265419388438577,4.6560300515593385,1.8423239114933204e-10,7.276199527788697e-10
N20001408,39.39329048274973,31.944277368555063,3.3628811807742586e-10,1.2151689124009095,1.7854913326298578,2.1837466279523753e-09,4.313713073678456e-11,23.00779941309193,2.653972487418281,1.0560454561732643e-10,4.854515532292703e-10
N20001409,52.3974784019852,29.405315762635976,2.004832663097938e-10,1.2493279523092886,7.373230198159958,1.208819048807387e-09,7.805432773135566e-11,6.9290448309624235,2.64560285073627,2.2237923570211893e-10,1.5011448510787586e-09
N20001410,58.21439219153797,19.411713473873668,1.2149440060104398e-10,0.5097415803861218,5.033527568984074,6.315615788445669e-09,9.417113473886999e-11,12.5371417470664,4.29348342934406,7.306257463287539e-10,1.5457960052395878e-09
N20001411,58.34843807476292,20.539638683657735,4.2689467569337185e-10,1.1650677368964226,10.359263715705476,2.4677088563460693e-09,4.046049499085931e-11,5.70347325868497,3.8841185266725136,1.2266898765365796e-10,5.622028120165158e-10
N20001412,38.96551268077405,18.150207292762445,2.3472285295188255e-10,1.3954411356811558,1.6798288169412403,1.1557225575101326e-09,7.06617350466504e-11,35.321222129903724,4.487787937315244,4.217624649730115e-09,9.434072571616564e-10
N20001413,41.297977776741696,56.24307282942771,8.050864320091859e-11,1.455936928173912e-10,2.458949389734076,1.0117298856070308e-09,1.271330888078071e-10,1.8115014297976544e-09,2.703518221907149e-10,3.411491084780169e-11,6.155699950114181e-10
N20001414,10.736832689893443,39.02045519603782,5.0265470844279205e-11,2.469782227639334,3.2178123361443443,9.764687400613446e-10,1.0067707395797778e-10,39.91158959672936,4.643527951391089,2.449437963775202e-10,7.92260149511308e-10
N20001415,44.73171398921547,16.898629005770964,8.395754273106616e-11,0.5069695471211424,4.669874483022581,1.437230600389202e-09,4.883420372816329e-11,28.58153579526691,4.611277176066945,4.5267054033529717e-10,1.5133008132524279e-09
N20001416,47.66325157180305,19.572518647298665,1.6506795345158768e-10,0.7671962798475278,5.027834075611965,3.980562557947103e-09,1.1894025542594045e-10,22.607419886981706,4.361779532032044,7.281735501529577e-10,1.4322995175596344e-09
N20001417,48.08311294131227,23.181531267808143,4.866002347961595e-10,0.8955020088025308,4.564978407954732,5.168949548660242e-09,3.9613326288958454e-11,19.439987961717225,3.834887405894289,7.709533879608271e-11,7.385591850162362e-10
N20001418,28.077294085780885,47.54533667733338,3.5762382546119236e-10,0.05900837150917408,23.386331045324592,1.007862752003078e-09,2.689246505294659e-10,0.124296357664483,0.8077334588434633,4.826317536328989e-12,1.9047663878391185e-09
N20001419,3.6697814139859903,63.020423860570574,5.3298521548559433e-11,1.4308552083815484,0.8676521981617091,4.833943822568834e-10,6.198196548828272e-11,28.259801338847872,2.7514859790022363,9.857344459641733e-11,3.528231334648043e-10
N20001420,6.969961149208283,71.40162680608624,8.287922503666073e-12,0.3522899837595076,3.567155512963883,1.1052030395528997e-09,2.775860564331727e-10,13.97558198229235,3.733384563692753,1.0311132187134227e-10,5.027835404372693e-10
N20001421,13.733279666647533,73.38480098485478,2.0154721203279633e-11,3.122956774984992,0.7107849204474894,2.3217726645564598e-10,3.738672008078235e-11,7.459928222589451,1.588249429779976,6.939844909019456e-11,3.366772499431383e-10
N20001422,13.57056366202257,64.19531361487374,9.639705826814077e-10,8.109622211550894,2.0996867401217654,1.7828039297950827e-10,1.2915850004572782e-10,6.572418235563229,5.452395533489655,9.699442096301014e-10,1.3678407080945028e-10
N20001423,5.05771707211954,80.22708273327393,2.1819816049020822e-11,7.518428519703531,0.5960689581262162,6.268079815166331e-11,2.236659230652473e-11,5.500597423745868,1.1001052926533543,4.268643203336847e-11,2.2799643113692926e-10
N20001424,47.20421845808334,32.04681393209786,6.959030082348498e-10,1.3226773261451104,2.847600390237639,1.7747809527957409e-09,3.714202149840826e-11,12.58869569528979,3.989994194862518,3.3603377206381927e-10,4.3989027310028843e-10
N20001425,13.865352580468615,57.52583876247627,7.110173643638798e-10,3.2301134737776667,24.08418417133484,9.148259059482308e-11,1.8888953524028982e-10,0.07083738040684764,1.22367362989184,7.822076321638832e-12,6.447017280720144e-10
N20001426,12.865765252954409,41.30236491988832,2.556850662445564e-11,2.037562380685643,0.9826131893071898,7.136975643031989e-10,4.23600640884151e-11,38.6788614281756,4.132832827506316,2.804823209549397e-10,4.204039982796315e-10
N20001427,6.383421784771344,43.46980612144384,7.810966554168002e-11,3.977078873263471,2.320996246576885,5.469389393713449e-10,1.6038163243969e-10,39.365391746702265,4.483305225941237,2.0927311452079534e-10,3.06239828690201e-10
N20001428,10.737991908760636,80.7704549826,4.0403245090032125e-11,0.8996839259876006,2.061308762226837,6.692464107151269e-10,6.603144084338368e-11,3.4237190209713155,2.1068413980468166,4.547060061975361e-11,5.856227579491217e-10
N20001429,8.376483498112473,37.655150066039866,1.3610717825252685e-11,2.4492689401827836,0.47155182989411226,5.799423468373754e-10,1.3911201155120276e-11,47.71193191692672,3.335613747878968,1.3694821477285787e-10,2.206432180814507e-10
N20001430,4.580187946367088,77.52865818093993,6.352772207953189e-11,9.65848758523552,3.483818409530233,7.927025773353507e-11,9.991146523938345e-11,3.279662703430407,1.469185174029054,3.065337893895146e-11,1.9440019892443975e-10
N20001431,11.569302096432882,47.43150750852961,1.4349025992130799e-11,1.6429560737870348,3.087077339478906,8.241703962577019e-10,1.1388665736251277e-10,30.657778311400747,5.6113786683089035,3.7281176317476196e-10,7.367083068339953e-10
N20001432,6.017147875491765,61.2509483093205,5.1619390452259425e-11,5.01401971748303,0.5370010120689118,1.243466743039892e-10,2.453757516341845e-11,24.224748591136148,2.9561344938558687,3.0091754973111535e-10,1.4236660949185979e-10
N20001433,11.843011307092297,18.374140375150624,9.933396457883084e-12,0.8545446480410406,1.5590121950724936,5.659163591516127e-10,9.917465437516508e-11,62.13116883212293,5.238122640754288,5.462691442824109e-10,5.450455609563615e-10
N20001434,12.626148425173344,50.969027372639445,6.590129404423003e-11,2.2811222442171513,7.242527967160857,6.231638486145257e-10,1.113720212358257e-10,21.951093021106466,4.930080967782103,9.173675089544433e-11,1.028460903081904e-09
N20001435,15.530376782313823,33.02161466193102,3.57303879965386e-12,1.3728435781521262,1.4719475079619821,1.24487231854154e-09,1.2121124500968078e-10,43.30020561944855,5.303011848365068,1.4536822654878645e-10,3.1242025006475063e-10
N20001436,5.3304221554952385,42.117849259190784,7.447627494083879e-11,4.668206062165572,1.6886904001332956,1.558947766572224e-10,1.9158974305596773e-11,43.496496312438296,2.698335810028813,8.594253413490011e-11,2.1252945719459905e-10
N20001437,4.0149040676835925,64.67188267713568,4.00615071723554e-11,0.7400186087571347,0.3290666929866059,3.6341048613838424e-10,3.505776447076289e-11,27.769817745667957,2.474310206930847,1.5452370010758964e-10,2.4512951092321644e-10
N20001438,11.607955016946601,51.729864279304515,4.590600820130628e-12,1.7213471435644199,1.6914591548988822,2.980474500044372e-10,6.891498181723777e-11,29.60323479598222,3.646139608217321,3.6021644415013283e-10,3.542894154433391e-10
N20001439,4.0619781789847655,92.14781371899136,8.654963568388644e-11,1.4476049536867033,0.47188939233061383,1.409849270912288e-10,2.9248673079495106e-11,1.1022805386797945,0.7684332168887009,1.8030941053345338e-11,1.6326176399826496e-10
N20001440,4.5158071704424705,75.97540358822178,5.1917541591634344e-11,1.2816826724048633,0.3947768077796992,3.25671856491832e-10,3.570096609073035e-11,15.44990365821538,2.3824261019306916,3.3640999970802735e-10,2.5539381159475004e-10
N20001441,10.485853794227493,79.90213055095235,1.3019942984806866e-10,1.0232876093358605,1.8518131638305317,1.162290647956256e-09,8.167203760955723e-11,3.984469450266284,2.7524454294695024,3.361932632041437e-11,5.101955437782767e-10
N20001442,7.134872397381131,47.39779671840549,3.1010369370675157e-10,8.829204673098902,2.7301517895546206,3.8731848786625624e-10,4.445731340902033e-11,29.45179869901305,4.456175721276661,1.1003361802260717e-10,4.182415260015908e-10
N20001443,1.936014025234473,89.80715761447219,2.3110069072835514e-11,0.7573115076189656,0.41767742243340744,2.505809278506968e-10,6.183061567440925e-11,6.005857092843657,1.0759823368619654,2.4492299754731588e-11,1.7533528529054807e-10
N20001444,15.346526383709927,52.56268795657204,3.608875012627256e-11,1.8862759093863986,1.450681683086453,8.76928785785897e-10,4.2226951822719844e-11,24.057213926565716,4.696614138860731,3.3042954492506504e-10,5.33045839643676e-10
N20001445,5.756108490583612,89.52406116676961,7.239325863396284e-11,0.6240006340235985,1.0782804334159053,2.402568255963818e-10,9.507481803425959e-11,1.5015431712945437,1.5160061030404675,3.8213397697363636e-11,4.263209895572771e-10
N20001446,58.267559416684364,5.635965744315923,7.509186557241196,9.11801844649875,13.727566515418129,9.907774207842002e-10,7.446395862329848e-11,3.596700283634449e-10,5.741703317969665,1.601339515256642e-10,2.869212576667698e-10
N20001447,46.28471719666189,18.90186469015038,5.067208068619735,21.253900146763954,5.474453705060354,1.083626829117547e-11,2.59764048684291e-11,3.8330744839277474e-10,3.01785619212941,2.1181486851254256e-11,1.729722726205146e-10
N20001448,40.84181908647617,33.19044214199553,5.391441142384503,16.887851093977865,1.8888744998169387,4.491937195452351e-11,1.2670764740142327e-11,4.683059350117326e-10,1.7995720347274997,1.0847701251502201e-11,8.473589360694713e-11
N20001449,54.376742111352215,15.393300364099618,0.651399259743143,4.895228570759266,19.025849618576583,6.588813886230284e-10,3.724318005664643e-10,1.7194521422613674e-09,5.657480071877242,8.29873719053923e-11,7.581617325486707e-10
N20001450,43.858928195726094,7.31054625949465,11.311544692015891,21.82025558211653,11.055311706629903,1.916284972697227e-10,4.367352209844366e-11,4.72966602706697e-10,4.643413562768075,1.6562077004433573e-10,3.7495325078962044e-10
N20001451,64.54059619641878,18.195528916332016,0.4943384139949575,0.6953994288117156,11.14849314542378,3.7673176556562993e-10,2.045432175151565e-10,8.618098534236979e-10,4.925643895902349,4.247387373191411e-10,1.2485819345811834e-09
N20001452,50.64179411000551,14.72484425913959,16.201039328021878,8.915942226609806,5.449829715484601,5.393342750926485e-11,2.8296385970371246e-11,6.133851148313646e-10,4.0665503598313615,3.860412288473349e-11,1.7302956854555674e-10
N20001453,35.38489400662023,12.736849204214629,6.775298532924621,36.96216085052817,4.355070935569936,7.832176822501031e-11,2.595542816305118e-11,6.581353446738119e-10,3.785726469211432,5.82897671324555e-11,1.1028490745829905e-10
N20001454,4.311536660717298,55.01236022888348,1.381464308968193,37.912215899293415,0.19927916325572867,1.0714647391709481e-11,8.493127748689249e-12,6.692936249853021e-10,1.1831437381047476,4.1826446921571875e-11,4.679893341127604e-11
N20001455,26.946187682630633,22.480957024322894,8.4379738260065,21.569391608096208,14.017767863484899,1.249564553372614e-10,1.2187152914739894e-10,7.306960472913582e-10,6.5477219938965465,7.006558493543537e-11,5.147507749511242e-10
N20001456,20.084953086649747,18.318026033562372,5.510278724339333,50.662929908134366,1.7329507178639372,1.6910168062630287e-11,1.5166776174890352e-11,7.646241698962133e-10,3.6908615284873667,9.63219110286133e-11,6.984057010881361e-11
N20001457,35.09586055311321,9.320564334884944,10.797350330642864,19.77021709560964,20.352042225044055,5.094634734291981e-10,7.81843880188626e-11,8.492629722849841e-11,4.6639654595349915,7.463303858341699e-11,4.230657858298841e-10
N20001458,41.87503484494168,6.687095501238516,13.200397283755692,16.97952419249514,17.042449226931968,6.030610479635056e-10,3.267360214139452e-11,1.760447979368085e-10,4.215498949519987,3.3099024938309174e-11,2.7215851769412376e-10
N20001459,43.19221467244025,11.67441110283798,21.80553033705196,8.093260011120805,11.21638794082224,2.373023562838302e-10,6.332777218517737e-11,4.710890448167423e-10,4.0181959345077605,8.01027383230402e-11,3.671785621480405e-10
N20001460,36.421056327019855,9.032936208964061,11.791740120554948,21.507306578724602,14.738961576814969,3.856561307427372e-10,8.551097251735068e-11,3.29192100824006e-10,6.507999186633522,1.8866657442347915e-10,2.99017111191107e-10
N20001461,54.60095221807385,3.2550808764799,18.20436319165271,6.421049324461809,14.70080301899176,3.962908211641895e-10,3.814315695224516e-11,5.4907661119646307e-11,2.817751369642048,3.705974552693285e-11,1.7150682141487766e-10
N20001462,25.42452699947037,21.734828899930054,5.316150532871647,40.59593410302854,4.152920346608762,1.3062606713969145e-10,1.3563018665842981e-11,8.536493479903891e-11,2.7756391177269903,3.0668304195469066e-11,1.0340802833243195e-10
N20001463,39.20505958259237,33.75707599563117,3.011455529532113,6.974808035094752,11.273573849198199,1.5288812634017538e-10,4.487935857630959e-11,3.44017257244773e-10,5.778027006997865,7.931868430142519e-11,3.324333841331336e-10
N20001464,55.94383874531774,2.4201814613396664,22.600595635620483,10.070360666744971,6.324958151552769,4.007217348359136e-10,1.1520434770412517e-11,9.241209666482664e-11,2.6400653387900332,3.698765659315654e-11,9.269049748609697e-11
N20001465,11.991143454086643,20.796565252572687,7.083678664255647,56.53062676604451,1.49498629666327,7.011936875751292e-11,1.0770221096547373e-11,6.605577795509556e-11,2.1029995661210417,5.728659122509376e-11,5.196998626837103e-11
N20001466,23.19984451414358,22.66659207824405,6.96168783098399,36.31816994644158,4.544727049414381,4.169149384128759e-10,4.531251542564415e-11,3.2705658261696854e-10,6.30897857969595,9.584490172229001e-11,1.9133768078665922e-10
N20001467,58.92601598509436,19.64265271231366,3.035165860121173,15.520154155622363,0.8338548547428135,9.900670286720284e-11,8.438427649885386e-12,5.114183092754678e-10,2.0421564312099014,1.0695098829529173e-10,1.6991511531529266e-10
N20001468,10.97156184691182,32.982659893727615,2.3412897539012585,49.96234826684761,1.0708900552917309,4.2584018744440776e-11,1.0859037496833461e-11,2.426025753140172e-10,2.6712501829406916,3.2021930169765126e-11,5.121485351524477e-11
N20001469,13.971515334390066,38.608789696507515,3.9254045042938377,36.861459842795206,2.0748893001533597,1.6625833855217378e-10,2.3469089756906826e-11,4.985020979123226e-10,4.557941321019307,4.27245822557425e-11,1.0975946481503063e-10
N20001470,20.405686261615188,48.566079236518114,0.5351942205175206,24.24256113129363,1.298281577653402,3.7906407281052134e-11,4.8850587835087084e-11,2.097090202029421e-09,4.952197569780262,2.1450838452996652e-10,2.2351474723496217e-10
N20001471,9.290149133639748,53.21403684713588,1.1772490985139967,28.50545862701838,1.9881504899694165,3.1718192153934213e-10,2.6783802047805466e-10,1.0515236660001997e-09,5.82495580146413,3.7044802055097634e-10,2.514602931111015e-10
N20001472,24.816421521981084,40.45464567722964,1.3677902448858468,26.651530655092753,2.1800596137169643,1.9705628024708447e-10,2.998930103928457e-11,4.1069562818921195e-10,4.529552286264088,7.335506494374456e-11,1.1851794618732297e-10
N20001473,14.368178561351383,38.51549001568992,2.5394238070035815,36.61535920905302,1.6679184450910798,5.26397601739236e-11,3.600619158369999e-11,9.357138803143497e-10,6.293629960434728,1.867172842743105e-10,1.652012394315626e-10
N20001474,8.67704592530994,73.64621986802129,0.5413823542754824,13.005170611212622,0.8628477898996721,5.5556971625055976e-11,1.415583230050498e-10,5.116141278230845e-10,3.2673334497882776,3.7235806966350125e-10,4.116291320914071e-10
N20001475,11.848495175536025,23.594847402077114,2.249934405371613,51.17387452609917,4.359728331321309,7.656050838600134e-11,1.2669712012251223e-10,5.199863961900693e-10,6.77312015854461,2.1940898128191558e-10,1.075040304337763e-10
N20001476,24.66435576073073,26.970666320384453,2.9576737207060324,30.216229713268984,5.8564850002383135,3.4007735513163864e-11,9.542160509313946e-11,8.714572144971346e-10,9.334589483277853,2.4592459428237094e-10,1.468244405925311e-10
N20001477,20.92196644732,15.058209574122944,5.414947596349548,50.01297988747855,3.7776481575416425,1.1269060403462674e-10,1.6231659132819912e-11,2.1052972824859553e-10,4.814248336720764,5.455133541711366e-11,7.25406783187766e-11
N20001478,20.90889240714712,40.144440477323585,5.962193115614956,23.290850079521626,4.302369086359661,2.090338880998759e-10,4.366038919775123e-11,1.35060732639623e-10,5.391254833398085,7.826536501132694e-11,1.6896262078345537e-10
N20001479,34.683395133909535,24.812328759479684,5.462532430923931,26.424647588798354,2.647314828113012,1.1407581390905667e-10,2.620697213000751e-11,7.269970573562696e-10,5.969781257663859,1.0151034783573033e-10,1.428265913781791e-10
N20001480,28.73259371655029,20.5814065984568,2.720485244679709,13.293162595995842,25.064925545044225,2.6645271364435917e-09,2.7117006758373735e-10,1.9390796238820553e-10,9.607426295577676,1.8932717244632332e-10,3.765222958977487e-10
N20001481,32.307601305654536,61.765208703311956,0.28608356375561594,5.491759400764191,0.10096970713238095,4.326035030558952e-12,1.4931241548875449e-13,3.6614764010536726e-13,0.04837731920730233,9.035603389347311e-13,1.6827222929371557e-10
N20001482,36.91558965981197,7.857068485772242,12.372930625628758,22.656225920787673,16.23909878776227,4.971908049281956e-10,7.804888712029357e-11,1.3044961417064826e-10,3.9590865192536793,7.094423953400413e-11,2.0680240954515283e-10
N20001483,29.547907006901188,43.568784195714414,4.329019254613698,17.09727826892319,2.778522755101967,2.5643297424360364e-10,3.7836207502324055e-11,4.6407464424801646e-10,2.6784885176334274,9.977624572043461e-11,2.5399000227389946e-10
N20001484,62.53185690886012,2.3853531742924545,2.1501198266490738,4.468055676178852,23.299780039349024,9.322404243816647e-10,4.5442692100336577e-10,6.156179532772849e-10,5.164834370467958,6.957045728203463e-10,1.5045379282222794e-09
N20001485,32.89219990366537,6.484295393456945,27.544841617910333,18.000324796111485,11.451814119957914,5.927971549805251e-10,7.077738969668102e-11,1.7997316132295665e-10,3.6265241677134927,1.1647092553611064e-10,2.2443081515922612e-10
N20001486,18.319363852621947,56.11793329369781,2.3724455337969323,21.412089968455412,0.48741910999321797,3.512626249037033e-11,3.545625429538353e-11,2.767023226465302e-10,1.2907482405861208,3.228373107069542e-10,1.7843239229868854e-10
N20001487,28.4429422656821,0.3905748895460738,3.5091932825117222,1.7260066857534249,60.118909565066446,1.7312315188546927e-09,1.1227520197007717e-09,3.27760736843125e-10,5.8123733067828995,8.188585109291667e-10,6.567256393333975e-10
N20001488,30.677175022569152,59.0887058053391,0.41289983133687275,7.763183804337579,1.1589472792684583,4.035102408728586e-11,3.696016410559472e-11,1.0318681884922242e-10,0.8990882563554005,1.7365192821609795e-10,4.3927611064497516e-10
N20001489,41.465103034514584,5.196185387406554,25.213007548887013,4.572515483685969,19.416384864684456,3.3872373734673615e-10,1.386506749230356e-10,2.3467262518044365e-10,4.136803679334069,2.2827852501178133e-10,5.47018050283831e-10
N20001490,54.13229795462796,26.443174314069612,1.5807289646323057,4.1391238799803745,9.77907130244438,2.673190180857376e-10,2.663274673721068e-10,6.366533617150137e-10,3.9256035809328793,1.86069340537708e-10,1.956122081007728e-09
N20001491,32.64373090733465,1.6849230044121108,22.873487228275902,28.302467912487867,11.110649969506614,1.1368788439906092e-10,2.0776376179967405e-11,2.656083677840803e-10,3.384740977489283,3.7857946470797616e-11,5.562968713107378e-11
N20001492,61.55494910801177,5.388451992429976,11.134556728650045,5.284640366098676,10.53265882473041,1.0716334697389858e-10,4.520283282622938e-11,1.6482252002522133e-09,6.10474297815064,1.902472081757399e-11,1.0883562386782839e-10
N20001493,25.021994785122665,58.36875616892926,4.027973894392047,6.328316222802935,1.9815213874320337,3.2522211853828534e-10,1.3672531106548633e-10,7.840086418377098e-10,4.271437539237529,1.509026223209099e-10,6.866778420220188e-10
N20001494,41.55452601858561,6.707424626914811,7.499538461044219,14.146242994593324,18.407067939550465,1.7915630401637323e-10,1.0022444500788014e-09,7.857497563544321e-10,11.685199945933778,1.0803780747773831e-08,6.068555404028769e-10
N20001495,54.18333632610296,35.0448705346353,0.28313837011490056,4.979507207379871,2.4004417177888957,1.477523744878014e-10,2.0670059710305168e-11,3.363410114130204e-09,3.108705838842657,6.575799688785944e-11,1.5378365831072241e-09
N20001496,47.357519270995134,44.58714029345512,0.38811034719893256,4.264260371574326,1.661775575991059,1.2896283665370843e-10,1.7623819453565186e-11,3.863379168111181e-10,1.741194139591579,5.017035645950371e-11,6.107608539818614e-10
N20001497,34.05156127494183,5.359426159081169,32.27170042604531,15.576272462197297,9.061005770581298,2.1577315607104166e-10,2.183128928601643e-11,3.889804309216983e-10,3.6800339063006637,4.6558902721278196e-11,1.7929046208128562e-10
N20001498,57.01898252876144,27.948359274909567,0.9864492642872887,2.757896988731182,6.955431396887239,1.4856922668838437e-10,1.2343988221482916e-10,1.1129074744418041e-09,4.332880544014403,2.2752742609698777e-10,7.964392497567585e-10
N20001499,50.42048279506219,31.48154788586447,2.587826953260118,4.8535593260507905,4.393006147306376,4.4931886199223503e-10,1.0010297008651466e-10,7.635000119995427e-09,6.263576883157026,8.641974471997005e-11,1.0281720336491721e-09
N20001500,42.3256192489563,43.52478561805771,1.3569714785893454,10.182717997091096,1.0706949815522346,1.6797226288037257e-11,1.2905583142144032e-11,7.035521143078943e-10,1.5392106746609189,3.9919655568325055e-11,3.1921327744406444e-10
N20001501,44.556056956106254,16.870218619946016,9.667727040880356,22.718917428103982,2.815337821421682,5.952920409498982e-11,2.0125547165648237e-11,7.543632018978885e-10,3.371742132556873,6.280331823447781e-11,8.801929942490111e-11
N20001502,79.4351369284021,7.61476032375578,0.9049121864522381,2.6037306146246935,3.7944286819632285,2.795913098129975e-10,6.408141590080786e-11,5.1563515084010626e-09,5.647031257533139,2.878771929967551e-10,1.4809140112794764e-09
N20001503,43.57179828038215,8.371422198455642,15.636624838509725,13.409298614728169,14.33569118643637,1.5502869486240045e-10,2.988812357904096e-11,5.673366840114386e-10,4.675164880193444,9.625299575265904e-11,4.459898811070619e-10
N20001504,69.55866685864194,18.524664042448563,0.2525435606635686,6.059939768957864,2.3009739275699093,1.214871464003197e-10,2.1063646186956978e-11,2.0393607503154086e-09,3.3032118389778637,1.21303612422177e-10,4.3707199987128205e-10
N20001505,45.52952267967728,7.576998249530921,15.133766918983799,5.581933357726912,19.424943138379877,5.160661393981459e-10,1.4742505774609268e-10,6.626715736778404e-10,6.752835653409396,2.811281164797163e-10,6.845334145760121e-10
N20001506,60.277388792637055,5.6679647897913545,1.657189201550642,9.877889043779446,18.115691750683354,3.359123480751179e-10,7.253742133432605e-11,2.8166363690309758e-09,4.403876417790061,3.6147004458315576e-11,5.068584690446691e-10
N20001507,57.660651546491096,31.5666768359546,0.7379135363563258,2.6957810233826875,3.4403251996550845,2.96936559808444e-10,9.335795729658305e-11,1.2916181935739781e-09,3.898651855244278,1.5583145961424074e-10,1.078186609936618e-09
N20001508,45.59502171957633,10.946803943007483,15.23390405071819,13.85985275803621,11.679246835763514,9.64324285242954e-11,3.024561437480798e-11,2.2744944729508577e-10,2.685170692330502,2.298641574604499e-11,1.9063696967278022e-10
N20001509,27.782088549920363,49.38668902785896,1.3759134771436206,16.58568094671271,1.523914563143249,8.957481520157002e-11,2.0938064122106048e-11,1.0568653093774501e-09,3.3457134336205794,1.1108997702022231e-10,3.22051805918168e-10
N20001510,45.17018310066584,5.971046017986444,6.402001580211793,5.1512835940216055,31.32233068531411,2.937581365479061e-10,1.9935741259608765e-10,7.777140986134765e-10,5.983155019453916,1.6339739666511008e-10,9.120508017612119e-10
N20001511,49.39049910250961,7.837005651414241,19.962231775257987,10.052225545877548,9.243011640792778,1.2681719425176122e-09,3.8407230325793443e-11,1.3430666642247275e-10,3.515026282415755,4.38846379062222e-11,2.4730330856386347e-10
N20001512,21.701921601137673,34.59835028289408,2.025031558011274,34.17022160850553,3.551372372006338,7.858860843027959e-11,2.1776774468379067e-11,3.4155733396134314e-10,3.95310257679521,5.672649612870183e-11,1.5125016893079588e-10
N20001513,33.21225659221938,12.703005502201158,8.82268752796108,35.79268887644144,5.21168223069265,1.8483696437648002e-10,1.9494018058677063e-11,3.3204655999218246e-10,4.257679269836808,3.1326052089655766e-11,7.97990780942815e-11
N20001514,30.72307681020235,0.958329683064389,15.558664686062723,2.2174469752638077,42.56585288943018,7.302654253387551e-10,1.4924237635698914e-09,4.554450425098336e-10,7.976628948095511,3.834126307159563e-09,1.3687642994598304e-09
N20001515,46.06206313039205,2.249122926812756,2.9986846271590033,0.8719092191902367,40.47960047359062,9.088395038906095e-10,5.477454950826386e-10,1.0239587375282123e-09,7.338619617796296,8.881591772897955e-10,1.6903125612276795e-09
N20001516,50.610881340842205,8.350160372355944,23.341432331287333,7.824591356591087,6.243053170544265,3.0291094393043175e-10,4.3425500832127837e-11,5.876166082374428e-10,3.6298814270731694,1.0765195790278595e-10,2.643830103050858e-10
N20001517,44.82141562439924,3.180206057471414,8.848444516167858,3.9318581935039334,35.99119752481993,7.496507328409445e-10,5.477062017209544e-11,1.1356442941704094e-10,3.226878082031659,6.680031546137419e-11,6.211683142905527e-10
N20001518,35.929196552396284,0.6759994282913049,11.572263767165289,3.850348863181005,42.41868748356671,2.909974881922202e-10,1.875032798277694e-10,4.378650041334953e-10,5.553503903858678,2.2427407612173285e-10,4.000785660824514e-10
N20001519,66.49884517308739,14.170547833323727,4.179312292811453,7.958023885610502,2.930805759927969,3.190355977485032e-10,3.7815301421377294e-11,1.5523206755619241e-09,4.2624650526781025,2.163720495700935e-10,4.3532614243379894e-10
N20001520,43.87604618812369,0.8405496581349805,20.35309555682409,5.928309695924664,24.99042648372658,9.25493071425236e-10,1.363584762855629e-10,1.091125836673768e-10,4.011572415594503,2.8266304268168897e-10,2.1784706563860241e-10
N20001521,46.22401792872172,4.434831110487617,13.677998261300786,3.3932280503950882,24.982473560273174,1.733115774033151e-09,2.344246025269917e-10,4.925273713411057e-10,7.287451085299922,2.3369020105306193e-10,8.279376323890006e-10
N20001522,55.537500087492354,1.9598512894512816,5.628426678385414,0.6604861675914135,32.16926177077986,1.004947013600581e-09,1.8702055781685383e-10,1.3467346753351488e-10,4.0444740042159895,1.8413263450936828e-10,5.729209728794876e-10
N20001523,81.52237599051394,7.246092037726659,3.0845949005338253,1.491445661717859,3.924789306345353,6.351224015299134e-10,1.926933656492461e-11,6.172823243764414e-10,2.7307021012694848,3.2043577719325796e-11,5.891671668238772e-10
N20001524,71.37345472230308,2.9374480205929028,6.9023680314188995,2.609420828721415,12.226872738999134,1.4590278750321085e-10,4.4247207798467124e-11,6.252832824065278e-10,3.9504356567796237,4.723379918319142e-11,3.2229101500480484e-10
N20001525,25.160721550402478,3.972251146825998,24.97490055445465,37.5005607813958,5.201362824839215,1.3673291454677555e-10,4.096646847605772e-11,1.591604889260042e-10,3.1902031414686247,1.9227384773201398e-10,8.410576342830326e-11
N20001526,49.14613746987362,3.172187008784799,18.87671038268951,7.36291533695753,18.19093050286133,5.133145215029115e-10,4.086127341015178e-11,1.7363914919380733e-10,3.251119297695964,5.935210910750572e-11,3.5007125035453643e-10
N20001527,55.843179266087205,2.2248036478144106,17.86505097610636,3.548914910685017,16.978238922992773,9.99103471276133e-10,7.240005239860945e-11,1.1291621932654964e-10,3.5398122747404788,8.28230402832997e-11,3.065100003051494e-10
N20001528,53.291065786465595,3.3843711611553986,14.305750183068461,10.272339063460574,13.253007683851353,1.1825655659544283e-09,9.956373667743547e-11,5.783883688330905e-10,5.493466119684644,1.4130285377567937e-10,3.121678002446882e-10
N20001529,55.81532605312023,1.712276404178954,17.424523431022394,7.009290898208179,14.057653110218068,1.1048642430203064e-09,3.232155016497321e-11,1.1609355278860513e-10,3.980930101634933,1.1283020993856315e-10,2.511354277447374e-10
N20001530,47.2193727301291,4.179520458680876,11.048332207514068,14.018515019928182,18.69387689227069,6.258912650749553e-10,1.643007176226969e-10,1.2469964842593846e-10,4.84038269008939,2.8995260809078025e-10,1.8284457103705668e-10
N20001531,32.638763274477476,17.29639387793948,6.115930999769477,30.48350183488487,7.765955718416739,3.805035678263412e-10,1.677229631080855e-10,5.02073342417407e-10,5.699454292996162,1.7412384951890305e-10,2.913604564369193e-10
N20001532,17.252403727869574,35.35181152424896,5.390195216241167,37.53689355987927,1.4809224766949285,7.317539195624537e-11,2.1781148457875952e-11,1.408333297693564e-10,2.9877734946135317,1.3152380046622352e-10,8.525381632199789e-11
N20001533,50.30900955974331,6.054806588088981,16.664434930935297,12.758182628280382,11.419665935113885,1.7138510057343654e-09,4.848951991989354e-11,5.966062728721203e-11,2.7939003557142033,7.907872110461237e-11,2.2283507138812256e-10
N20001534,41.66648421206898,15.558322773691566,9.390160123713768,17.500514530313517,10.273792612394772,4.854294752985608e-10,8.238387593703151e-11,1.9660991614872907e-10,5.610725746708256,9.490880313278065e-11,2.4981938616620557e-10
N20001535,67.47465869054602,16.94693020477192,3.456720193922734,5.497899496774885,3.0617928291704817,1.5932423886322361e-10,3.275226534677009e-11,9.8461678090301e-10,3.5619985827771523,2.280739928951282e-10,6.320358008176647e-10
N20001536,74.58315090857374,8.548928064548436,3.6208990821644944,4.322946317191265,5.353241225401365,4.4689275347984274e-10,3.69038995177561e-11,6.076420273263452e-10,3.570834400332229,1.508515661467855e-10,5.46168849354335e-10
N20001537,52.82981934750841,34.30687519750049,1.8760271871438698,2.357688935648734,3.6356184575895143,1.7456780932233995e-09,2.415342571275004e-10,8.456037089979485e-10,4.993970869962867,5.932363640972173e-10,1.220055916203781e-09
N20001538,14.059497062197094,36.714374956968086,8.647339342227617,34.403766150272666,1.415889453208286,1.2827770662719057e-10,1.0957832502335592e-11,2.1754813968341172e-10,4.759133034677245,2.1954761590364184e-11,7.025795843679471e-11
N20001539,41.84964428487622,9.498762233553517,15.732931762188878,9.834609315043354,18.58144225340066,6.393020946144021e-10,6.958391037514408e-11,1.072885638912694e-10,4.502610149741279,9.059938478691044e-11,2.893303793442398e-10
N20001540,9.896773517798515,75.89611552891307,1.6064922304630698,9.414266413833488,1.1266080177024678,4.095256443073212e-11,2.2081501065328182e-11,1.5168714486157628e-10,2.059744290994598,5.3573612622420275e-12,7.471934185764643e-11
N20001541,39.74696116911199,30.845513045574513,1.9907406630297018,17.669339028143902,4.821161938699707,2.8835681850513215e-10,3.120520089808987e-11,2.6015892654364463e-10,4.926284154500465,5.947550679599273e-11,3.005358324627985e-10
N20001542,25.336301969043866,29.713859070310157,11.953510089121938,24.376813813610482,3.75895548212058,4.867199603575603e-10,3.4744602419962145e-11,1.3288890695008494e-10,4.860559574919175,7.822173008212522e-11,1.4123458964619088e-10
N20001543,46.258913732825256,34.27699640695837,2.4112386775215997,3.467857968429638,8.348403457280549,4.1778372006641946e-10,8.152401098076623e-11,6.355395443441567e-10,5.236589755238795,7.979383231571519e-11,5.311454875149282e-10
N20001544,29.177344644902075,32.1753019306601,13.660380094016105,19.509698093816972,1.7995402872875648,2.505380141698498e-10,3.463464581800782e-11,2.5843590151057994e-10,3.6777349485862594,1.0987977790189829e-10,7.743863717718284e-11
N20001545,21.7742751057022,24.011968722788684,7.1635801427317025,38.0060902802482,5.727413547656579,1.21581091283657e-10,3.508354232306969e-11,8.144685453771622e-11,3.3166722004601086,1.171012266100126e-10,5.73161993671415e-11
N20001546,14.329384017273739,41.066822402262225,3.535922057592903,28.670731872831638,2.206789155391464,2.2197413283173827e-10,8.96545730522802e-11,6.898243794722523e-10,10.190350493351508,1.703293090457021e-10,1.2474315674105176e-10
N20001547,77.86882759808805,11.201151494358944,1.9916375529124342,1.3847098812659941,4.8227909736197585,4.05045881880511e-10,3.011452744855452e-11,8.912084062195621e-10,2.7308824976122956,1.893215146632332e-11,7.972194917886816e-10
N20001548,2.5712705556708273,3.716053099971358,0.2754042769238969,92.65691756423385,0.5967900898810394,6.785968199386345e-11,1.0891487760955954e-11,7.119107976263439e-11,0.18356441311142108,9.892776324828237e-13,5.666647262304571e-11
N20001549,62.43856427786423,1.8582410284693855,3.730277966363759,2.566666871038696,26.75483654091518,4.0057920414905873e-10,9.34045300951102e-11,2.8710195711661203e-10,2.6514133141154574,2.2785335655636764e-11,4.2942686849383775e-10
N20001550,78.78481025971627,13.015548774135608,0.32174686044934137,1.5900796408351208,2.05740501993825,4.3938347469833417e-10,3.755979093410384e-11,4.457178451898116e-09,4.23040943903963,6.729885246706524e-11,8.843495284165936e-10
N20001551,65.31699379210131,9.193152668446555,5.787577589262747,5.408959126115854,8.520692451715224,3.108041205168433e-10,9.66506636567913e-11,1.7955985976254205e-09,5.772624369212871,2.4067637270608467e-10,7.017136108245385e-10
N20001552,31.41592931474183,16.164652941809056,33.15064603482908,13.995172492532514,3.593072552266109,9.693148937903616e-11,1.1708144897972173e-11,3.3936847016502e-10,1.68052666323109,1.0812618348616828e-11,1.3147371478737738e-10
N20001553,76.70989373199282,15.315045446360317,0.6045269047136357,2.4753377397444787,1.3978455309697009,4.1103687136240594e-10,1.7090432641595288e-11,2.692572066888742e-09,3.497350642437333,4.475558726379672e-11,6.162635025552877e-10
N20001554,42.13990567055234,45.0687379272035,2.4835895237345667,6.090240472587075,1.2235987425899868,3.380958099857033e-10,3.4995433441803546e-11,2.741253431170029e-09,2.9939276594563182,8.394167152315226e-11,6.779131102247438e-10
N20001555,29.95461054678123,1.276200198149349,2.4193879712378266,0.6272873276788948,63.62031510288858,1.3858512816091415e-10,2.348923363633209e-10,2.438260903489623e-11,2.102198851845645,1.2680554515139624e-10,8.938240417099254e-10
N20001556,45.39335451858663,11.6576634386852,21.37615356812698,0.7357018465502003,19.041910192032326,3.490292779673554e-11,8.906128149702598e-11,1.4148172629096465e-10,1.7952164355576266,6.542423223888341e-12,1.890642902939228e-10
N20001557,60.32827358746117,5.105689592122464,14.30154739599525,2.3175217633885272,14.904707890951297,1.8738559710230254e-10,2.5302208970961425e-11,2.3647578623650425e-10,3.042259769308893,1.365819357915272e-11,3.0957448198976104e-10
N20001558,31.487092508616392,0.5458953565712349,12.289130153706429,4.148622095621273,45.41997667153716,3.2105111977473687e-10,2.8944278184599613e-10,3.113984673906827e-10,6.109283211981028,6.432044379902545e-10,4.013896954960623e-10
N20001559,68.1707606436763,20.628154455021527,0.5515523701373805,1.5485708487328247,2.4133466583456125,4.506202306764482e-10,6.868954306931247e-11,1.4323463843539306e-08,6.687615008109581,1.3831612150215987e-10,9.956928035451271e-10
N20001560,40.724848499102464,0.9857056521498977,15.625859902803684,2.636495756581339,34.549816429743885,5.807000334661941e-10,2.409297668878529e-10,2.6465955527392135e-10,5.477273757455641,4.019169707619126e-10,6.74892672144057e-10
N20001561,38.75199356438458,49.79762191092746,3.247190067570265,1.9604881007983823,4.604500780715702,8.890119560243266e-11,5.045084434160476e-11,1.74764671606777e-10,1.6382055745380406,1.993376441197192e-11,7.315169884726781e-10
N20001562,60.99066735040949,16.28349203190548,4.947298946951709,0.6331193197917541,14.54920995194506,2.2851653043579628e-10,2.609662493387375e-10,1.2472998814069452e-10,2.596212397253199,5.626218148893206e-11,1.072827745602625e-09
N20001563,70.70682729596201,15.67006458944668,0.7595449674107498,1.2983241521881934,5.248786968822277,9.639015264283346e-10,7.525390118098838e-11,1.1603828811566762e-08,6.316452011835297,6.605215429056858e-11,1.6257542166529018e-09
N20001564,76.91674063162341,12.353361567634133,2.5075413517872316,1.955074645104247,3.8887364614617503,1.978410836595571e-10,1.590696821191097e-11,5.588457100446546e-10,2.378545340938908,2.804858387198845e-11,6.496533923471361e-10
N20001565,61.611212490986745,23.93138263458623,3.366504154794412,1.2281534068975484,7.404014332969032,2.0553071067391242e-10,8.934862445119473e-11,1.7491543398804284e-10,2.4587329783976073,1.3421962306792282e-10,7.644181768506776e-10
N20001566,59.187923669171624,3.6003820181494937,0.35761044941386766,0.7458709446652352,31.59993130151044,8.628814108957699e-10,7.33404604343058e-10,1.6004431785872436e-09,4.508281611056844,1.8255697354559555e-10,2.6532081296191676e-09
N20001567,61.94731941300533,22.033708717301355,2.644074156900817,3.1751327132715863,6.540548014930919,4.438882546243685e-10,2.3178386839478346e-10,5.965516199925925e-10,3.6592169813835644,1.2155903800871318e-10,1.8126715109038431e-09
N20001568,53.53502146494159,13.556641846586393,7.350802401757772,2.745622915168686,18.950947880533242,1.647318332356577e-10,1.861714087986987e-10,2.7482209002719676e-10,3.8609634892085563,1.078217429809444e-10,1.0702263346953358e-09
N20001569,43.50942153018072,0.5339648390373989,18.949914124953104,3.9618793931885623,29.611168480314547,1.3815853484582758e-10,3.739917913515464e-11,2.1104183213069273e-10,3.433651631696756,4.921514899804667e-11,1.9308462324911837e-10
N20001570,39.87689883103794,36.717599562463874,4.96467833336543,1.911284729491687,14.477310909163975,1.260654452676572e-10,2.5430778312499556e-10,7.46412609239047e-11,2.0522276326994144,3.8435808299250476e-11,1.2842350985075366e-09
N20001571,76.28264036206454,10.615672810130004,0.3372047308514579,0.45051686769401483,8.089739795613864,3.895004960907777e-10,1.5169037818222635e-09,7.100155842155609e-10,4.2242254223130455,4.800910129707004e-09,3.915745014094472e-09
N20001572,72.03550518576705,5.677956331333375,0.5107637368723944,1.7434656341651964,16.400612433998067,4.0071889083235205e-10,3.151695041936281e-10,7.057389159792083e-10,3.6316966741374292,1.5838352639811513e-10,2.1464829141995837e-09
N20001573,38.08546018339281,31.791663198104537,14.01075355336986,5.414073869031228,7.991829098484928,1.7348372280890824e-10,6.595226835698964e-11,3.0218976344111543e-10,2.7062200966848806,5.675365289804803e-11,3.333546663991824e-10
N20001574,47.63654579351876,45.03027867007628,0.9665259171869145,1.06235572224283,2.443518653580196,3.482372845382029e-10,8.108102312500168e-11,1.8169144664255507e-09,2.8607752402872997,2.1550408146112274e-11,8.399499001256846e-10
N20001575,54.21307018133302,34.84897807674005,1.9696489500354983,2.5169444057974157,3.2702057960061675,2.2818794638254832e-10,3.6131034941048374e-11,6.50784028978999e-10,3.181152588423316,3.7080006906162124e-11,7.123496255091019e-10
N20001576,46.37702467418067,44.61649712415032,2.0030244358953073,2.6263798965084044,2.6100465127697423,1.6506556774871595e-10,8.275395465356776e-11,9.426941287058134e-11,1.7670273556578964,3.3579622467046786e-11,4.6199997042490234e-10
N20001577,12.369249827057336,11.323266898217286,16.45067342647267,47.165034731868545,7.793863798914505,6.384404291465973e-11,3.8576400995707875e-09,7.247816480507079e-10,4.897911295783953,1.6775184390925586e-08,2.642576816189219e-10
N20001578,72.26560749750297,11.866425935876743,0.855865349372051,5.081707689417371,6.879346651655062,1.2771784423215276e-10,7.352781388939879e-11,3.6904456744831594e-09,3.0510468712827716,3.3943550439366536e-11,9.673902708307498e-10
N20001579,55.51275833149351,26.302427269944356,6.203447305850574,4.594188854371273,2.699329474346355,2.3200472551651205e-10,6.912254044186045e-11,1.7819779953619936e-09,4.687848760924607,2.5124389862212985e-10,7.349684784171539e-10
N20001580,51.54460732197192,10.74818585163968,11.906299709973418,14.294865514761367,6.986193033481257,2.3171525973614707e-10,2.306504981522228e-11,1.565187496063429e-09,4.519848566136477,3.058854085490539e-11,1.853362075878551e-10
N20001581,59.110919510884095,20.473323016342285,4.1313673692681805,3.3369554025735675,8.036306971802794,2.6639718327137853e-10,1.1784098113841213e-10,1.3688487277106637e-09,4.9111277262328406,1.744420356458683e-10,9.68729154824227e-10
N20001582,58.50045343332445,1.418067585534262,2.669616879396918,1.514530705565082,26.896768422923472,4.5675184820098693e-10,1.1955908907058217e-09,5.106002820373122e-10,9.000562965122446,3.6385582428384177e-09,2.33184967084014e-09
N20001583,25.06714352529932,1.328046171176093,33.634017655351684,2.8458349225073984,34.356189156646415,3.263188344396071e-10,5.85145124734787e-11,2.6812406988728313e-10,2.7687685678503806,4.173444052647037e-11,4.740180707183615e-10
N20001584,37.292151474108266,0.6152666027427693,17.489420876672284,1.2309914140473088,38.825112007486204,7.531082609628164e-10,3.9604818579533e-10,1.211301708562922e-10,4.54705762202166,6.402731493785988e-10,1.0109624804226106e-09
N20001585,31.298209808385185,8.74558079043704,40.09567310948014,10.960858448738477,7.021638744221876,1.282678442683383e-10,1.551447854447304e-11,1.6176253441123434e-10,1.878039098277962,1.1273871955594884e-11,1.4249968475145574e-10
N20001586,26.331877639637018,1.5068213870730096,3.71713284783495,1.7836634029208362,62.51315732161339,1.4191154215811934e-09,9.357194625267475e-10,3.003301228754563e-10,4.147347397677563,3.1229344480949156e-11,5.568053903330403e-10
N20001587,65.60502597061377,2.9319670504826925,12.79103700153219,3.869522642093169,11.388936632422137,1.049200609301554e-10,3.4662106030899565e-11,4.3583424843523065e-10,3.4135107020762017,4.2831461645680545e-11,1.6158115462136138e-10
N20001588,55.074766200328185,3.464139177730467,9.095438980858876,2.2420653236213495,25.835892315625557,2.473676635021447e-10,1.0783542882205312e-10,2.466061832614804e-10,4.287698000350253,1.368944853251547e-10,7.466082377649803e-10
N20001589,50.47953352521487,2.35519719371799,5.670766882174565,0.8206404546493912,38.28032845929644,3.4239223212381714e-10,1.2498187898422915e-10,9.606168577719733e-11,2.3935334835844637,6.664025404058427e-11,7.322128149492647e-10
N20001590,30.00298703691293,2.7234276960787756,16.312507055647686,2.481578875790022,43.132395559051034,2.816642259879086e-10,6.295849379327971e-10,3.2931493869224323e-10,5.347103773370702,8.586300486050672e-10,1.0496532454376758e-09
N20001591,37.83749418402491,2.3816175224703073,7.4345357279830955,2.0877633156464612,45.41888775130709,2.8826857837871614e-10,3.825265670159562e-10,4.2905783685813354e-10,4.839701496492175,1.7669539297173701e-10,7.994201117114565e-10
N20001592,53.22755755081212,4.014324891239148,19.381411427778673,5.455235372166757,15.359886032895439,1.1634267333343265e-10,2.493209553235138e-11,3.6475021582006865e-10,2.5615847244100247,1.1890810069188572e-11,1.799147950215912e-10
N20001593,25.919602292961454,2.247594829845162,36.16337178458305,10.024492960577835,23.29682447136224,1.7748444272648986e-10,2.8844491316056838e-11,1.6800783640679912e-10,2.34811366002321,2.8679032115532082e-11,2.440462831322023e-10
N20001594,29.522314741672517,1.1243722285030955,18.042167308322536,2.5288939148177247,43.677261319138466,4.827229284734095e-10,5.260988366887449e-10,2.673255766180016e-10,5.104990484487301,7.035391857633175e-10,1.0786654731209269e-09
N20001595,75.96997145373092,8.376212335729543,3.405773535453873,2.8556671965154505,6.074091058384791,5.520181653119827e-10,2.5297898603791477e-11,9.541944302792989e-10,3.3182844179103355,2.1363843182767643e-11,7.222052451014175e-10
N20001596,27.365296777862408,0.2655845031885466,16.072430591766746,5.1605143752917115,45.73358302103301,3.07357295561231e-10,1.8815022235876674e-10,2.344948279564837e-10,5.402590729116132,5.93153392575582e-10,4.182984473243687e-10
N20001597,56.15485961562272,1.7257822399186167,16.64757789146931,10.012673661454881,14.940343800859043,4.821160372958725e-10,8.228142642389454e-11,1.1121725594448776e-10,3.710760953371923e-10,0.5187627891527155,4.760167164152868e-10
N20001598,43.79188838413769,2.630517244833918,3.6239974608711827,0.9089141908793359,42.81450225446235,4.585846492746175e-09,1.3864660109967533e-09,4.210339583632707e-10,6.230180456008813,2.76574137101215e-10,2.136786632704558e-09
N20001599,44.73472889199017,13.027042555387624,8.775228341935058,8.9888597087901,21.533698249679993,2.883871882416586e-10,2.2631847177797456e-10,1.1399740395475826e-10,2.940442250270779,6.04346153752412e-11,1.2571282281414614e-09
N20001600,88.930169417091,7.410015588098243,0.33905409273587156,1.848585859627112,0.9978340232742744,1.9900624281055077e-10,9.689387107849514e-12,9.82166757591897e-09,4.0529854274066154e-10,0.4743410070097095,1.7281202166559627e-09
N20001601,69.1917141467872,8.549501779375083,8.424951581661242,1.2526628943885887,12.389293660315495,1.6056455681115078e-09,1.3331945938178319e-10,3.243536809928779e-10,3.6248711122489965e-10,0.19187593244608278,2.6005080853247153e-09
N20001602,20.146732036794006,0.12110040164467105,1.0602466438130105,0.4095941837037184,73.99570262074607,1.656402502006642e-09,1.276381862220612e-09,1.2572438498719263e-10,4.266624107972982,1.747570467787018e-09,5.194847236155148e-10
N20001603,46.824479203129734,14.091559282911106,3.024679481688474,5.054655282104115,24.42561825749925,1.1773557271885655e-09,8.218427230083678e-10,1.2930018831432606e-09,6.579008487197011,4.7422478946992e-10,1.7038818131386677e-09
N20001604,47.770563892208415,8.33157180239291,2.5568511164746393,1.7157803736271742,37.69372150218185,1.259987038491763e-10,5.980612819984576e-10,2.691235513454196e-11,1.9315113106225228,5.764080173669567e-10,1.1650991879690331e-09
N20001605,75.80907370281045,11.353509923446028,3.8807062515509863,0.46748949976371307,8.36371563179435,4.882629024015189e-10,5.375291944870113e-11,1.9463149717065916e-09,3.9955807003089535e-10,0.12550498499866924,2.747929931239969e-09
N20001606,22.440300747386356,0.1139237005794731,21.673513959127526,3.8621930231669337,3.280598197421252,8.805141131755526e-12,8.36015024100893e-11,9.034723519903381e-11,2.475109182034375e-10,48.62947037152453,3.636679607075252e-10
N20001607,47.83680737369589,2.770490440620008,3.207972134731419,2.1865910769090857,36.87361581907401,6.867006306322627e-10,5.762120824918661e-10,1.6024134862334357e-09,7.124523150431483,3.256909640915028e-10,1.3470834051140775e-09
N20001608,52.91014691800686,21.040802376489427,4.781761620114553,2.0299097309632566,15.481791029319975,5.809714321384891e-10,1.7531150372264153e-10,9.792130393482529e-10,3.7555883220860586,4.4951753493231535e-11,1.2394320672402749e-09
N20001609,31.740729696499663,2.593618337572213,9.176711744205722,8.639711087022476,40.21132217533723,2.3359439137603447e-10,1.2272705341630857e-10,4.157481172759815e-10,7.63790695764755,5.348381057578546e-10,4.0825573529182334e-10
N20001610,35.27361594295082,0.8012440138378433,4.508103566619937,2.456981853911795,50.504735709680425,2.4392113564414184e-10,1.1696360931272858e-09,2.43515178261657e-10,6.455318907105724,3.5611370976748233e-09,6.752468179489511e-10
N20001611,32.85343165856621,1.5516660319183113,18.834431348705213,6.5317135054091455,34.05980547167863,3.827575710036183e-10,9.649561866369913e-10,2.541128086299732e-10,6.168951977785548,3.656449912507802e-09,6.786550405402377e-10
N20001612,68.70914884253865,18.14685367573185,0.7589950858874981,5.849278436332033,2.9379046759809966,1.5969152872362297e-10,3.139738604988176e-11,2.2011023985700145e-09,3.5978192804601252,1.0219323429899129e-10,5.744534161256989e-10
N20001613,24.9316909490383,0.2333518507108886,25.39666708737095,1.691659487228079,43.5479988567264,3.9679904905347534e-10,1.5271261955522855e-10,1.7992329198853664e-10,4.1986317675115385,2.590997442158058e-10,4.2530750211003495e-10
N20001614,53.131291846555264,8.018721847554431,7.951208464114311,12.933510509154292,11.61009429773141,2.7095292882663846e-10,1.84158699560289e-10,7.641593631823435e-10,6.3551730315563075,1.2399046345313636e-09,8.748024983266367e-10
N20001615,49.22540759982659,6.9470105814303125,11.750324016740574,5.1226110055054335,22.51984253762074,1.108772896366535e-10,8.884090142597296e-11,1.4013417135892085e-10,4.4348042580681515,1.2893931005904764e-10,3.3940123858538423e-10
N20001616,24.23364217408639,1.9780217020579114,5.491012242331184,7.9979952148076965,51.30469324661897,3.5187847689760336e-10,9.307022964102291e-10,6.947062203253238e-10,8.99463541662005,5.472861971209148e-10,9.53215638605042e-10
N20001617,55.32888164365459,2.3273727118082337,20.672001628593666,5.95651329056711,10.756051735947828,1.153978557837812e-09,7.082989975512007e-11,2.2293695163261505e-10,4.959178987431816,2.774115900609169e-10,2.715973072604077e-10
N20001618,34.70019079300331,0.9951875564444339,11.151408000287368,1.6443156602563187,48.57869162855237,2.1663744447263406e-10,1.1240260501085644e-10,6.036413830241833e-11,2.9302063606775883,9.506241380122033e-11,2.9416591232068887e-10
N20001619,59.90625895142981,2.060063251550619,22.131871573797326,2.8991994061767645,12.760316465570675,3.31446858906278e-10,6.703747115175372e-11,2.288315730489786e-10,3.182216266504723e-10,0.2422903500447009,4.845616655779627e-10
N20001620,51.21178822294748,6.307771755679416,12.23023788975799,6.909706014958039,17.776933465471803,3.0473898368017404e-10,2.2375465325719017e-10,3.272538223400871e-10,5.56356264935947,3.253511651733714e-10,6.446936998586157e-10
N20001621,17.135069793800422,15.002030457881945,16.74359583331912,36.806751879525564,8.394594020030938,1.6038232736262696e-10,2.4475937778387145e-09,6.091068411942723e-10,5.9179580060902675,5.578494863670104e-09,5.561634445425289e-10
N20001622,47.49180938296254,38.11054530427596,2.8849027070291005,2.334693807944937,6.9180509465046836,1.1322942592062874e-10,1.2102176966113317e-10,3.2322114063146126e-10,2.259997849300619,9.11537606593563e-11,1.333529728910491e-09
N20001623,28.239825498958176,0.4998918119957575,8.332084131360643,2.623247815095497,55.25897097095969,2.245198253550178e-10,2.2012717096532254e-10,5.334454246204147e-10,5.045979770315292,9.285842058280574e-11,2.439964911131696e-10
N20001624,23.48427779679702,1.062588254364161,17.214580797516486,12.508777382020902,37.70808330464593,1.0657851482082352e-09,5.454085622809675e-10,6.84311433321922e-10,8.021692461228008,7.214713815460102e-10,4.1049371169645565e-10
N20001625,45.293324335529455,10.145427824186411,8.483693234020498,10.422653290782256,19.74928967776533,1.474023752023905e-10,1.5357919327295665e-10,3.6332726754807724e-10,5.905611635392776,1.9132593532415534e-10,1.4676389660702211e-09
N20001626,43.07086927912981,12.286344835431171,4.405542413535064,6.499073185402117,26.55974156213047,3.3552071384816064e-10,1.066704844357034e-09,8.574989437523133e-10,7.178428718549748,7.36935677272543e-10,2.8249659756580023e-09
N20001627,58.16127923633066,3.6736858412922873,7.489410315656155,2.692547246804469,22.309063167041167,2.1636314962412578e-09,2.0501186840020933e-10,2.8462263303553496e-10,5.6740141894064235,1.8071146320673902e-10,6.348606146135944e-10
N20001628,15.656441268994511,0.9976564765912372,1.8450412784901924,7.742564787026692,60.12854830847613,8.107619876182409e-10,7.2278921718906275e-09,4.0205211488786433e-10,13.629747865265902,6.038828332560314e-09,6.758148849428295e-10
N20001629,44.381835651416665,5.318561291134838,2.6439499044661563,4.115398593159772,38.42064032261522,2.365206459830744e-09,3.2650836436185476e-09,4.832721639365938e-10,5.1196142289871025,6.197731917612316e-10,1.4869080768966379e-09
N20001630,9.723443432956719,4.6416664593904855,0.3490700315813001,80.75179008449223,3.1342318851804065,4.501948156279962e-11,2.746342010332659e-11,2.9718894971189574e-10,1.3997981059325462,1.6819048472224092e-11,7.982068541912529e-11
N20001631,18.273365922065516,3.527048616927547,19.539875744162938,25.62177308412028,25.47271128983986,2.070034722400321e-10,1.5006564369067787e-09,2.840098747764751e-10,7.565225336742403,3.792227787728916e-09,3.5756360806781e-10
N20001632,32.05809388391041,0.8932581639176775,6.793865857374253,7.824520230999495,40.57606361435454,5.857718572415168e-10,2.3432854306610838e-09,4.582717749655384e-10,11.854198231875664,1.2898456321270581e-08,1.2821872250636675e-09
N20001633,0.6429274377585261,8.577065766179624,0.05125075779614328,90.62592588193648,0.03816767314389129,8.770121505113205e-12,1.2216374162549322e-12,2.2194749616481824e-11,0.06466248314912476,3.517141962737386e-13,3.648041480898326e-12
N20001634,34.95420812244827,2.2147860154507457,4.470272993084447,3.540984771946344,51.21160442933065,4.902570159333711e-10,1.9237984267181938e-10,8.720304295261638e-11,3.608143666281599,1.4897083655616765e-10,5.391332235610845e-10
N20001635,33.529901740862975,4.323369879618537,15.78718352179801,18.054995279442394,17.589021172059407,2.1553679235162313e-10,4.1742684380007204e-10,1.8711514851676095e-09,10.71552840134624,1.7192941629299716e-09,6.490084861598423e-10
N20001636,50.4086751164895,3.5707067535527415,31.225311508927245,9.748422758285061,4.664689145172173,1.4136984944834028e-10,2.998550836996953e-11,1.789798662430362e-10,2.604799803860817e-10,0.38219471672414634,2.38313335522431e-10
N20001637,11.443803485964498,0.22031529156578217,2.1971307040469905,10.821797840441219,67.30840857421339,1.2603597219618104e-10,9.601467448262403e-10,1.667867947167305e-10,8.008544099655825,2.4171302833538355e-09,4.421950896178155e-10
N20001638,14.127867499944127,5.229802676257677,3.725820539247665,64.96388374751957,8.38614304031244,5.6144870539819315e-11,1.7210513955367363e-10,4.192081342491125e-10,3.5664824957307593,2.0307287167232642e-10,1.3723486741778533e-10
N20001639,63.67549131478335,6.340756064619763,16.397564322921202,2.2606768699515043,11.30844349275946,4.1232462298476733e-10,1.5964432069114125e-11,9.980012623973375e-11,1.7406683423902428e-10,0.01706793367745897,5.850976271316693e-10
N20001640,63.09269990094798,10.444991241019062,5.280698004424998,4.993812355507873,11.08506654298768,2.6013793400832077e-09,6.555108422392999e-10,5.757969741567704e-10,5.102731949404354,4.4897161811779573e-10,1.4263802365642295e-09
N20001641,33.744126391198996,5.349814322197374,21.395137411233826,30.774431654235425,5.951765034848415,4.3397652178240753e-10,3.2844481380735534e-11,1.5966696207455794e-10,2.7847251854876225,6.545874934939593e-11,1.063962451039026e-10
N20001642,62.18250993653089,26.145255739436575,4.010222026839835,5.257746720863188,2.0145154435523853,3.516806293646473e-10,6.456630061210736e-11,2.8264553890200442e-09,4.032935020335758e-10,0.38975012838703127,7.440965062421647e-10
N20001643,34.75539528991929,7.630453746214434,22.18324942127264,27.181499286588767,7.825666523958988,4.407394144203654e-10,1.0651559215736391e-10,3.057218598522069e-10,2.9714217321470295e-10,0.42373573067484527,2.2088893734420634e-10
N20001644,36.69629577680257,13.595782881407633,24.4130684927502,20.465300014980485,2.295718836165433,1.856784961162053e-10,2.334751327325554e-11,4.424710629925709e-10,2.533833997030951,1.017905048101091e-10,1.0943217622780513e-10
N20001645,71.6218919542866,1.8741255778447554,13.584487837987608,3.564038309636027,8.876395461527622,4.12392324561009e-10,3.9064235813799e-11,2.0837834755457747e-10,4.121125555513438e-10,0.47906085679586435,8.495800085055459e-10
N20001646,61.517824081056695,10.991048410585663,10.532980951080871,10.20243855808918,5.650839781101861,3.0590943146243803e-10,1.337666523083805e-10,3.3594693294976643e-09,7.341972820346546e-10,1.1048682130989333,4.5346015544987073e-10
N20001647,68.62721730730314,2.3744892549639443,11.881056542840948,4.293948239785155,10.179834321856596,8.764573214752338e-10,2.872980465959971e-11,8.812243755914737e-11,2.6434543319129746,7.18488686936389e-11,2.7208654559920385e-10
N20001648,34.334254893549385,5.063410524825232,46.25283053441801,1.2312363856901436,13.079427170316912,4.425141441474166e-10,3.8715280903548905e-11,1.7300321786361e-10,2.4081884473348093e-10,0.038840489692280385,6.129897429790869e-10
N20001649,71.97812663117195,5.102714952878886,7.0487567848701635,1.4721784074543365,14.360629104663635,4.252595740594375e-10,3.2655629904944144e-11,7.861736857642924e-11,1.9076347339040286e-10,0.03759411781836466,4.153639680351152e-10
N20001650,59.967730844308555,5.659687034497864,19.660687562277676,4.030022035874425,10.525732153376172,3.452266595133581e-10,4.522843765032505e-11,4.987456492531198e-10,3.4130711617611585e-10,0.15614036778622725,6.485806188792333e-10
N20001651,15.835239652594716,19.333794219618873,10.207594660084215,7.422746909160348,16.54875399201787,7.463409140543289e-11,6.047152175044049e-09,5.997062691991926e-10,1.1896930069371512e-09,30.651870557254707,1.358093360731584e-09
N20001652,54.90612722395066,9.898364589162448,7.1862511452285105,11.607827155391995,15.851809755973925,3.788363029802472e-10,1.6884818529255943e-10,2.01567943712348e-10,4.894275538704221e-10,0.5496201282757801,7.780053153237544e-10
N20001653,14.417394048934252,2.538622858344787,11.45135014828844,10.864661821147239,55.68180442573804,4.1720446649094074e-10,4.09566928063225e-09,4.737572704738671e-10,1.4317129124861424e-09,5.046166689704061,1.4248430432114761e-09
N20001654,54.2354523932976,33.332957807203705,1.0759541688221628,4.907762732088209,6.177310217382296,1.8742177179076358e-10,1.2593525826460747e-10,1.3163358769346844e-08,1.0265182449761212e-09,0.2705626644087822,2.2940197622458566e-09
N20001655,27.769794375487226,8.291182626319785,17.45945301653408,11.297088354452267,33.02528956186862,1.4362478396785004e-10,5.679578868480855e-10,2.4446871617409905e-09,1.805511018024088e-09,2.157192058172168,2.2040737688108748e-09
N20001656,22.21720234554988,26.766369866736717,18.585037636381294,27.26804156142999,4.467662414833106,5.572811641361229e-11,1.0809199509145313e-10,1.3782659056617415e-09,7.737604006617118e-10,0.6956861724237343,3.2942127714784547e-10
N20001657,30.553768845528754,15.903256355047047,5.646800201132081,21.558004943138876,17.628245382488522,5.65846731144058e-10,3.575360428710145e-09,1.0300501365098824e-09,1.0145661985206325e-09,8.709924264433438,2.04545215450791e-09
N20001658,57.4231391966476,3.773830218651577,17.515009423532423,4.739155777585512,16.130980361958148,4.048410444747806e-10,8.922655637656457e-11,1.3261506587001375e-10,4.025150755328216e-10,0.41788501990631033,6.892334970632811e-10
N20001659,22.653345598465133,10.610586692726969,16.717331840001584,7.82685032953377,23.327336541809093,1.2249955482510124e-10,4.299568572091285e-09,2.4385741007495673e-09,1.8624592662567756e-09,18.86454898496379,3.776563073141422e-09
N20001660,37.85790140367688,18.97459529671048,6.468842378362688,20.275475550250956,15.471503699806282,1.377768600453609e-10,3.073612969220512e-10,2.3485723218624475e-09,1.3869351763037823e-09,0.9516816662398566,7.722013003153486e-10
N20001661,16.376362927921345,60.724792776721415,9.244234031587437,10.732158863879553,2.1012726745887726,2.4091112931213234e-11,2.427763830016178e-10,7.560024317474845e-10,3.412905473195072e-10,0.8211787231467205,7.905938154543089e-10
N20001662,39.48400711240089,46.42117173126072,1.2704625284412026,7.054308897770784,4.642123713855851,1.1633480424021486e-10,5.854219910577529e-10,7.68211825494981e-09,8.154268358775331e-10,1.1279260050788102,1.992441180915284e-09
N20001663,29.136059970413868,55.26659720610325,1.4500657476263343,9.27744094875039,4.716731695596451,1.1643784380402505e-10,7.168957435329725e-11,2.37440781052541e-09,4.3574307832999866e-10,0.15310442723106754,1.2803345376298771e-09
N20001664,45.9603774115264,12.576616388820092,18.424180357251934,16.488677067518786,6.027791382794179,6.829730528162328e-11,3.966988544602202e-11,2.7097333160065895e-10,4.134798312925763e-10,0.5223573907385818,5.576062743067221e-10
N20001665,20.93218321396078,30.722837956554113,13.909320041899385,30.23484852904945,3.6261804394401578,1.1429424675552783e-10,6.959651619852027e-11,2.8669051551131563e-10,4.988720476360508e-10,0.5746298178543985,2.722632325897337e-10
N20001666,38.04124365874479,17.647014321807337,25.808995654416073,10.522630490900314,7.794494668327825,3.563496906937195e-10,7.123314374832068e-11,3.5692158824833384e-10,4.0518512510693716e-10,0.18562120391909537,6.948881540037899e-10
N20001667,19.09799069370378,24.04171654911742,9.13107367046591,24.61939218883,20.661579456812103,4.938116926222912e-10,1.3250329103211012e-09,2.455599270022125e-10,9.518968455498866e-10,2.4482474372228906,8.315926704632334e-10
N20001668,24.138901665297634,13.17325602377046,13.58279182831899,42.46986048221126,6.112481806980494,1.3527115597048507e-10,8.276943919408464e-11,2.1943811462308794e-10,5.511511055145715e-10,0.5227081921667112,2.6582229391583164e-10
N20001669,71.6382780252214,8.544995966861741,9.40172553003404,1.494365243576908,8.627654687339529,3.797072253225425e-10,9.948065884806511e-11,5.990959454363732e-10,3.9794634848512545e-10,0.2929805445060546,9.840913205940602e-10
N20001670,53.413206336714204,7.234161021058213,12.488297132761138,10.947031358366395,15.674126505547422,1.2142428981467837e-10,3.76892714546481e-11,1.0984887192928582e-10,3.364610641830321e-10,0.24317764464807834,2.9914443269742274e-10
N20001671,66.58707487028971,23.858778389871674,2.889992310758544,4.116792285453986,2.4196948022830145,6.548496541194368e-10,2.7415886501803924e-11,5.303626453274699e-10,3.067499000696948e-10,0.12766733928751203,5.361821646199577e-10
N20001672,71.42417359201782,5.024738784693313,11.963454857058291,3.057501214446334,8.479273576819793,4.5156037370963004e-10,2.3394316488675358e-11,2.848579998057377e-10,2.304974228450975e-10,0.05085797359780552,3.7632071231205414e-10
N20001673,30.37869842016856,26.64383333920287,6.672299035423072,14.43755597428524,15.798731380240161,3.746343443932449e-10,2.904433742649549,6.714021555680191e-10,9.839643930246141e-10,5.486215313050586e-10,3.1644481054519344
N20001674,49.84227296276632,2.5867409824959378,11.564167437811598,5.318739035585255,30.66085491492258,4.0891271682390015e-10,6.148073418462045e-11,5.600224544886373e-11,2.0904638128926032e-10,0.027224665489030415,1.938407514381675e-10
N20001675,25.188369530144826,52.08107135051012,8.03608367414162,8.985772762781098,3.628657276621995,3.6404058931162547e-10,0.8432127394540763,4.3475621747400064e-10,7.651629089842336e-10,3.844051509762238e-10,1.236832664397897
N20001676,31.837234814637178,20.883823309400682,14.906559106875642,26.54931788386301,5.740431527667287,5.668105962850132e-11,2.409470752185613e-11,1.2722734699998352e-10,2.7412598283819714e-10,0.08263335690997715,1.6410735019219518e-10
N20001677,24.76754449156905,24.755574570034327,9.042950574124347,7.1656960036749835,22.531999755142454,7.140284606403015e-10,7.184232682691037,5.562578973625459e-10,8.668776921161743e-10,8.73004387267259e-10,4.552001919753629
N20001678,11.442239711006238,46.77070095442028,9.194244149547352,31.42620713439681,0.877302050297731,4.0562829217605685e-11,1.8802989572032823e-11,1.518069010013018e-10,2.1641430430333293e-10,0.2893059998386634,6.53416747770713e-11
N20001679,30.32635363656796,35.505929197975874,6.639204958829652,5.0723345062097644,17.559147865092275,1.7276090110819244e-10,1.678542104603261,3.839669735274126e-10,6.056172529195583e-10,3.092800993867326e-10,3.218487729249585
N20001680,32.9282432517366,16.324304198342823,19.706516321244592,11.466905339302862,13.736865567233163,5.061842111991444e-10,2.849503887669489,1.5269533624742946e-09,1.2936958309186248e-09,8.132068774937511e-10,2.987661430330449
N20001681,24.938255483126344,35.1138317296723,8.564783816537133,28.963373391280566,2.367759438367539,1.4244670764153983e-10,1.9885202997916024e-11,9.39290108882058e-10,4.763485277036688e-10,0.05199613933086069,1.0729812999592418e-10
N20001682,14.944741019008422,25.025377817880713,2.2349765463315805,49.692683190541004,5.207016385380584,5.174345793399757e-11,2.376443200931087,6.590021569422796e-10,6.099410044007085e-10,1.0229489199051104e-09,0.5187618375829807
N20001683,18.798168775221505,25.922586783905142,12.53325881019021,39.40504078590105,3.2667437912910877,1.2428203535918175e-10,2.2434190563972403e-11,3.155694806870547e-10,3.30805913282138e-10,0.07420105258932799,1.0859094078353924e-10
N20001684,21.670481872502688,26.160317936332028,11.925971466795374,33.122103599301234,5.759686417644776,1.4588329833850864e-10,0.6685447870633066,3.5165317156938514e-10,6.790289659953375e-10,5.304785760491494e-10,0.6928939186535605
N20001685,56.903208245650006,2.9446270886004124,12.286611203967492,2.0166998856433844,25.569542129146765,5.178886014833709e-10,1.2017037899099865e-10,7.158508194229518e-11,2.814918449699684e-10,0.2793114452888792,7.119160168750789e-10
N20001686,33.12312777222189,0.758331722310927,17.035009538742983,2.646590907066586,45.73211740149101,5.306924648034497e-10,2.4625820240384635e-10,8.214372248850749e-10,5.558825554646689e-10,0.7048226551081515,9.041652873587035e-10
N20001687,67.45217441412434,6.939395099693811,12.54009085381124,2.0418156288759244,10.956247558355745,1.7431406736487898e-10,6.087600642936135e-11,5.599312657654817e-10,3.2979739243705906e-10,0.07027644343645238,5.775691734280443e-10
N20001688,49.66159296273257,8.13062392782291,32.11089689255676,3.968688459232167,6.076730611266559,1.0433227677873732e-10,2.5308881428630225e-11,3.330769519586457e-10,2.2505954594274282e-10,0.051467145335456696,3.658175537351298e-10
N20001689,46.11883146832113,2.520125938839149,13.953808008872457,0.880138901759448,36.16605528953344,6.840678673450365e-10,3.114161970544729e-10,7.704378828604991e-10,4.818077954802653e-10,0.36104038858584026,1.840815700672484e-09
N20001690,67.49099296286131,10.599692380901995,11.21771112894165,2.3321766460345628,8.030260617724664,1.7879256006720808e-10,6.980456835288765e-11,8.455604556635563e-10,3.774386976762867e-10,0.3291662607092094,1.3549884349415256e-09
N20001691,55.90421848492835,3.933384365319382,12.9832045485321,1.6905571554489813,24.22221505799536,6.835927018473528e-10,5.558668226226738e-10,5.357942721962575e-10,6.471723713143795e-10,1.2664203835095451,1.843857706358152e-09
N20001692,43.75677899817911,2.7457729010488228,27.49933059695443,5.998838231366163,19.826311576371992,1.530941592477221e-10,6.717031204472272e-11,5.743095120261837e-10,3.85265333723167e-10,0.1729676944258554,4.737888364894542e-10
N20001693,77.03874997286896,15.97844331366431,1.447431409323675,0.9504350190419139,4.4576302353663495,5.146416604246053e-10,6.162678651991925e-11,8.025609470553157e-09,5.001537934600525e-10,0.12731003830500673,2.3277587162027276e-09
N20001694,72.49603283467938,13.255330049973782,4.387764942845679,2.566423529571684,7.208471024207132,1.0526632175700203e-10,3.9309505402078895e-11,3.1652003122523273e-10,2.0735578463519596e-10,0.08597761721714409,8.36751879265861e-10
N20001695,68.03520964360733,20.489731069884932,5.87646283805153,1.5444311925387115,3.9184458185958477,3.2167458434567066e-10,6.313330477731897e-11,1.3446805265511228e-09,2.7597349671975775e-10,0.1357194337655928,1.5505944265312715e-09
N20001696,48.835994905452594,2.104721251616477,25.80324472504846,1.9295232322092997,21.160964867802313,2.4777637379094477e-10,2.284264773055312e-10,1.071369029452855e-09,3.912255896232739e-10,0.16555101545111384,4.809436935293038e-10
N20001697,40.78526952612403,10.443485514538857,36.204764208052744,2.7892929319427555,9.742257560605157,1.5291565926697196e-10,7.03679981837565e-11,2.795567528441848e-10,2.334526594179886e-10,0.03493025755641023,4.4375419343668687e-10
N20001698,66.28394995109123,22.345322012498073,2.126374413599036,0.6312679310076872,8.590783705493772,1.6732510118057933e-10,4.3762491646587326e-11,7.474171354752006e-11,1.1412896127171013e-10,0.022301984679865577,1.230377477410846e-09
N20001699,56.265707272738254,2.4524545308410364,11.159655485267855,4.1688110442601625,22.22067634429666,3.41728665328811e-10,6.801484182192682e-10,9.605946476495379e-10,6.778356880525334e-10,3.732695318427999,1.507728520861405e-09
N20001700,63.10353731386302,11.959229034695829,0.7750947524525295,0.47381625334443017,23.10147469451707,8.284814732958415e-10,1.0361955158734032e-09,1.5755404345415239e-09,5.317228640563951e-10,0.5868479389573811,8.197799345555024e-09
N20001701,88.36886804420855,8.293973776929983,0.4613351098030274,0.8256911830237039,1.9645900054621004,3.59925021303378e-10,1.5591069110345446e-11,1.4620142303367903e-09,2.379132439549559e-10,0.08554187699836446,1.4988222015536057e-09
N20001702,70.72925453860528,8.72841426848998,9.473120562258288,4.738547279404544,6.171985145515717,2.3127867711299293e-10,3.4243829614407435e-11,6.739375787664371e-10,3.720670616668357e-10,0.1586782040104618,4.0420237478780707e-10
N20001703,64.27677797282165,23.57949137505121,2.4999870575601117,5.463322414135222,4.12799513197448,3.8032517521124105e-11,2.4088154806951722e-11,1.6399371159687642e-10,1.3694825080309507e-10,0.05242604756189481,5.323667884726606e-10
N20001704,74.53576723140053,7.018146330517086,3.413851127889616,0.2172868988602241,14.685542206167895,5.175705215097601e-10,1.0380954771569859e-10,3.5070028051004845e-10,2.755554331283701e-10,0.12940620035727127,3.559746379106457e-09
N20001705,55.021889372033186,4.032237671324198,21.818159573417898,3.7591654165754997,15.309652802438336,6.430198472715345e-10,4.425744116954575e-11,1.7445403990633638e-10,2.6986828970660023e-10,0.05889516239718476,6.821098134379932e-10
N20001706,50.7116216684947,24.895751890458026,13.80775219240738,4.661220840358211,5.306497745964101,6.767880531647717e-10,1.9639244815968665e-10,1.205302119200049e-09,4.272397874686891e-10,0.6171556587194545,1.0924041159351365e-09
N20001707,74.18573614053491,9.082192313470824,7.287904922587317,4.248415189697774,5.111915817398982,2.0722644927865647e-10,2.1323112583646624e-11,3.861166604770973e-10,2.1444977342907395e-10,0.08383561484569493,6.353816077775674e-10
N20001708,65.11040053458728,1.1581572091210235,17.817798714256536,4.327259543906412,11.510724719883312,1.2015196017316673e-10,3.1105069927958695e-11,1.5132465648017953e-10,2.100504338849137e-10,0.07565927759086118,1.419330035089953e-10
N20001709,64.28225596312434,3.8787389241689922,15.747055026909369,1.6875064545418175,14.344592661427058,6.55428683016014e-11,5.994763656914688e-11,2.4848344416242757e-10,2.3451170173944717e-10,0.05985096901972302,2.0023253771301333e-10
N20001710,53.825552341313276,2.0368887222985346,28.645736030399227,3.8372021205553457,11.604838817500848,1.0428633599022239e-10,1.7805305967850497e-11,5.343376252087599e-10,2.691860229308251e-10,0.04978196674481955,2.6234784841979543e-10
N20001711,57.9434123016008,1.2428395515050121,8.016080693407451,1.7180283241791154,30.8347617500569,2.3041862856028177e-10,1.417376973874225e-10,3.811418239913168e-10,4.4005596192334896e-10,0.24487737747341842,5.839348359311752e-10
N20001712,50.67964086053043,5.012891164696295,18.17600804033572,2.809011971822928,23.302391082069693,4.2519310992824126e-10,5.5516941297602043e-11,1.041594390978791e-10,2.5739437179599197e-10,0.02005687895256312,7.501075927359487e-10
N20001713,72.8771549614669,4.617094271849114,9.792418051700666,3.74976130791483,8.927125188220723,8.597389647118313e-11,1.9140562258725096e-11,7.391186838893833e-10,2.924497914691731e-10,0.03644621746897079,2.4211881419023147e-10
N20001714,53.8502232770673,10.71084170280308,18.38122924473732,5.959061636420257,10.980394295729022,7.493969667501585e-10,3.17781027678072e-11,6.525755372785307e-11,2.393280601321008e-10,0.11824984182009624,3.3718693301052965e-10
N20001715,29.998177304678382,19.61119741330694,30.400962825463395,15.152513995314902,4.578265043823515,3.0878046932219525e-10,5.966942474211831e-11,1.262565767199128e-10,3.5212909837125995e-10,0.25888341636332207,2.0269693069058707e-10
N20001716,41.457651550669674,11.02224133105541,24.088309906071533,12.695031762398745,10.636931169111909,3.984725480794444e-10,4.664097383914768e-11,1.752028551096835e-10,3.8857353943111825e-10,0.0998342794263434,2.5749994646111664e-10
N20001717,59.18243934420112,2.024419202657374,20.207543516946043,9.951812726027217,8.403866679125919,5.148557695585667e-10,3.3542534363929966e-11,3.883024528682472e-10,4.0674102169967405e-10,0.2299185294930674,2.0583681567483854e-10
N20001718,52.928891158013045,26.90406935766131,3.0646022432308655,6.044436432614519,10.548464642262354,4.549121482787584e-10,1.7692125111305762e-10,2.2997698365684263e-09,1.0416539367488977e-09,0.5095361604120034,1.8326262963362698e-09
N20001719,29.253453009532283,32.67697160576375,10.170604002579495,20.398022377474597,7.468902594350707,1.6968330320975778e-10,3.2966083295333895e-11,5.729256943904999e-10,5.721209002196474e-10,0.03204640875781052,1.9367663082401683e-10
N20001720,62.1561485511128,4.14792193433837,18.215999260310006,3.83504659026685,11.476558661365887,2.480074427253312e-10,3.397587214807585e-11,1.7610228221682002e-10,3.1431314421535304e-10,0.16832500143916637,3.9450943872348216e-10
N20001721,60.412391547164,6.154226250249067,9.905109733146242,1.713716138361503,21.76034053232047,4.006118437807061e-10,7.473843445900074e-11,7.728171817024783e-10,4.379185293387762e-10,0.054215796290932206,7.817157454695022e-10
N20001722,51.269177322657036,8.117900179490604,16.71740108300011,10.474375725911313,13.337427184240095,4.1265515688737896e-10,2.512025068540069e-11,1.5320761459599435e-10,4.3536229066195563e-10,0.08371850343753746,2.3696993757464823e-10
N20001723,52.66503858971646,21.795451679372366,13.482829607065403,8.492302314554621,3.354567828857065,1.7068038293842542e-10,3.8067979309697236e-11,6.412674445579118e-10,3.2965373852187106e-10,0.20980997889487904,3.595359055859069e-10
N20001724,12.563546837870984,28.36946714056332,11.799676700975878,45.91751430690121,1.2420991590248582,2.90443257615131e-11,2.029002364996564e-11,3.2495501593874753e-10,3.174807468575984e-10,0.10769585386742962,1.0454695820368068e-10
N20001725,30.394402137197616,11.704730786510106,16.933810745950908,32.174143137506114,8.59230123918599,1.609029334737627e-10,4.884127165339365e-11,1.9821144624305043e-10,5.122930679406091e-10,0.20061195257198625,1.5703965232494753e-10
N20001726,50.0694783330349,5.9241747843199555,19.88619727569932,11.963051503105804,11.796614924322279,4.769111599609226e-10,9.917762313668608e-11,4.1915399336102853e-10,5.704026682606353e-10,0.36048317762935983,3.2272332110655156e-10
N20001727,41.105453402881224,11.680315066636968,28.09945596889682,9.836286046710645,9.18598709636744,3.438944429021943e-10,4.022316711897987e-11,1.8191524572001127e-10,3.958143094226504e-10,0.09250241714142872,4.0363607268457496e-10
N20001728,17.77544885142443,67.63908078368807,1.095424711956894,11.173488253376762,2.241566832443926,8.071645133832901e-11,4.2229354563666035e-11,2.3036141914147087e-09,3.1322315280934343e-10,0.07499056377405194,5.960904975838803e-10
N20001729,16.318906918802366,68.11915718056018,11.178308274112293,2.841887353960425,1.522393304289834,8.448353142360157e-11,3.8469331073531535e-11,1.4063408239509357e-10,1.728724967634836e-10,0.019346967579595486,2.588520802332023e-10
N20001730,55.64954972978278,7.237454463306856,22.73387408338944,7.5823549665980305,6.698748025443714,8.028245617294605e-10,3.379315994834021e-11,2.0366735130049374e-10,3.053443817334834e-10,0.09801872995615801,1.773941100033782e-10
N20001731,28.276458196605414,19.608250374114125,25.62666517086899,22.505089860380938,3.849706997432456,3.619012506997968e-10,4.890384330395146e-11,5.152168487963866e-10,4.906650669576767e-10,0.1338293989713486,2.100335764833089e-10
N20001732,13.965933852506506,20.574179908679554,0.6515189634848497,59.88763111979986,0.6739820593402736,5.960166936800929e-11,1.0189234370090348e-11,0.5015486351496168,3.745205460774396,2.466369979345504e-11,1.704686209963088e-10
N20001733,1.1147623536420705,5.278547165715567,2.577787619095052,89.46779691048467,0.4260317289326988,2.8999323072471992e-11,6.488258961742309e-12,0.16170949105130597,0.973364730980671,1.034144653920599e-11,5.2139823038328604e-11
N20001734,13.57184314286071,42.15036474283407,0.3003876291801416,32.323271693156926,1.066160532852473,1.936175168527849e-10,1.3484199519891917e-10,4.192702082117852,6.395270175683924,1.7483252009477439e-10,8.10598503947645e-10
N20001735,8.12491535748804,24.898662021057138,1.2217535857865396,57.20100434530529,2.981031735102607,9.096866246670662e-11,1.4448797223023032e-10,0.4520498754564713,5.120583078565913,1.4764458634884243e-10,8.548837766500169e-10
N20001736,5.5546437391156545,44.875261302451676,0.5696207299602597,44.97716475148365,0.5774177127893495,1.0863481195713123e-10,3.136805914390663e-11,0.7661877964066159,2.6797039672703598,3.0386596142133705e-11,3.5204392389049873e-10
N20001737,4.451330290112505,37.990251844636944,0.8225286974169301,52.97353081877038,1.321460403603657,9.668451539054641e-11,7.768297178272895e-11,0.3461821841174653,2.0947157607117015,2.0132149433435024e-11,4.3592882382487646e-10
N20001738,2.594119767435087,35.64666377494413,0.34622557670102605,55.32113788968764,0.46713399952212525,1.0191794248806654e-10,7.166275940601417e-11,1.3235264201209846,4.301192570794351,2.3550903794093333e-10,3.8556368371976464e-10
N20001739,10.673093136264178,44.60673116733634,1.3806126636636977,36.733146429986206,1.0006966972092088,2.613376924615281e-10,4.101430565643006e-11,1.341997808477668,4.26372209615839,3.1782555427041155e-11,5.701641821598305e-10
N20001740,2.90679305866378,8.994210737338928,0.7057378838182973,80.40665265381384,2.7331679973894465,1.302658337399427e-10,3.594817075919816e-10,0.3399710343976302,3.9134666333338086,3.2070354383390375e-10,4.3381714369517894e-10
N20001741,1.2417905716389133,36.465614152665275,0.05549002082465118,60.90523149316679,0.032055404955829765,6.896045884759339e-12,1.54695364474825e-11,0.7314259368291885,0.5683924196108311,1.371901814144509e-10,1.489745164109708e-10
N20001742,5.869412515225457,59.44965987549401,0.12487809259194287,14.537554781475185,1.3044511366676317,2.6464750161263817e-10,1.872217496531482e-10,11.417221947976001,7.296821648952627,1.0224538615474364e-10,1.0630284617089892e-09
N20001743,2.075152698429355,37.963738635657066,0.15737498612836534,59.5790977615754,0.13962239851026384,2.272495562810988e-12,3.426586481909387e-12,0.00400178395130354,0.08101173562751461,8.778201946057632e-14,1.149607325764602e-10
N20001744,1.2158425947557983,34.51849476823445,0.07913007084523359,58.84620301727038,0.03229751866567643,3.0764376985276804e-11,1.0085366364606035e-11,4.234754068311798,1.0732779617510466,2.76349906309165e-11,9.712686175614936e-11
N20001745,4.570930707042743,56.90445087718331,0.08625962958606401,34.24027594957588,0.3636309862717322,7.188956596566356e-11,2.74727289936481e-11,1.8967970672324734,1.937654782048073,3.7236524302418565e-11,9.23119349116797e-10
N20001746,4.648128994390255,44.56777174733351,0.22209617876320517,40.769263491848065,0.7052450482809656,1.0814646057012436e-10,1.3391456790018818e-10,1.9963250675311957,7.091169469678671,3.5600864507393677e-10,1.576060996937714e-09
N20001747,4.458520888320612,31.09722948321418,0.0506483378156226,51.570122485043,0.24113356151028612,1.1840319972608605e-10,1.0566859951631706e-10,8.189865574092256,4.392479668934866,4.4862079509140296e-10,3.964921015192847e-10
N20001748,4.286282815802922,51.50247585027351,0.4017692211216341,38.37029777015439,0.5412407430065744,9.446794849971789e-11,8.456981686896213e-11,1.262815688352609,3.63511791058727,1.093242828395776e-10,4.127520948379645e-10
N20001749,1.608060750981654,10.302580162659803,0.029786902128712916,69.0312536614744,0.04154588611911805,3.8299556657409174e-11,1.0475073184482948e-11,16.9475338996859,2.0392387367282,1.1038881478317678e-10,6.303908891164194e-11
N20001750,11.503252880386999,65.50418629432635,0.11112522745604551,9.589791540509129,1.989769344458682,1.8801804963799176e-10,1.4060788908780998e-09,2.7757385325811663,8.52613616548664,1.4902907182360522e-09,1.171061625225314e-08
N20001751,2.3668457888454095,51.23467012453443,0.1248388959346911,44.20867508990817,0.0721812065527917,2.7810130694624748e-11,6.467750244010876e-12,0.8318808241779898,1.1609080697708762,4.649362194014801e-11,1.9487563177630657e-10
N20001752,5.405190346139125,37.66578256007266,0.04918448997114203,44.470617866260476,0.09951362784815082,1.855157639673477e-10,1.4253826536921896e-11,8.969565507531083,3.3401456015892173,7.76847337338822e-11,3.10676485563198e-10
N20001753,4.0086655645078055,43.89677711264054,0.5044214848762051,45.64848759299798,0.5600289605794065,1.3134111121214136e-10,6.458794982059179e-11,1.8042885845553864,3.5773306990598317,5.4190630522648704e-11,5.327405744401375e-10
N20001754,49.360810392185186,26.15930610913921,0.436263936983094,11.334218380645376,2.7766184167076684,4.871997624975825e-10,5.075830734468858e-11,4.755903177337747,5.1768795827490965,8.399522233855085e-11,3.630668959593265e-09
N20001755,3.1580699943861266,36.20624822164514,0.11841937337955942,46.999455026862876,0.11046718238483348,6.448307947628233e-11,1.8131193221246092e-11,10.278250016283474,3.1290901845455568,8.34255152885188e-11,3.4637205470948007e-10
N20001756,1.3856920006166047,24.531886611720708,0.03518999242087305,73.83294950600893,0.14806148671316555,9.835150701286421e-13,1.5124044865856097e-12,0.0032362369297736678,0.06298416549377514,2.1929840269109603e-13,9.347099524782616e-11
N20001757,1.9312186790696688,9.83360947092268,0.012912363424725964,61.3676250096455,0.07110766253053814,3.4256943314188315e-11,2.7504114116781852e-11,24.07530522917246,2.708221585035549,6.724901256844181e-11,6.988121845997782e-11
N20001758,4.631754488129464,45.33060493339063,0.031117505368050538,43.32077107613203,0.29667529544301435,9.455583066446632e-11,4.6624354732912334e-11,3.7932136770304172,2.5958630239082323,4.27927752421773e-11,4.141711541402946e-10
N20001759,2.338089768233525,38.69596003399477,0.052493130044720795,52.232324209752676,0.059923711915492776,3.6251731706106104e-11,1.2552526686437767e-11,4.6405089892634654,1.980700156479957,8.516630101825233e-11,1.814173709668723e-10
N20001760,2.7173665907207054,42.86922095637023,0.06661774417920595,49.90119200663014,0.18732381729430636,3.748285758834853e-11,1.1629366480146915e-11,2.341054889525758,1.9172239949837515,2.4704878996072044e-11,2.2209697529382156e-10
N20001761,0.9407940087885395,33.17364539461575,0.2352396036416687,65.11123268630134,0.08984270527159681,6.4167005130971204e-12,7.42530897944821e-12,0.08015917448321806,0.3690864268127085,4.422643714603949e-12,6.691919545285191e-11
N20001762,5.219609531311545,43.37307668555342,0.2280741603201836,44.230072037706606,0.4486752203655917,1.1644815907652767e-10,3.9692775405443385e-11,2.7243129666618056,3.7761793971077644,1.5428692827287378e-10,6.626485186181503e-10
N20001763,0.18090825736032207,9.611575132741928,0.007459632923535677,80.16017976282676,0.0017290556069293292,1.9372251690018584e-12,5.9371343120271974e-12,9.614111998298549,0.4240361601758248,5.4001019396904116e-11,4.279300287252921e-12
N20001764,5.013546842278494,36.35750964288243,0.5041815832552086,52.56596552720543,1.8942389532150015,6.46385607368813e-11,5.2819151865696545e-11,0.5072661020867065,3.157291348094758,2.366299333083504e-11,8.408549328665356e-10
N20001765,5.9553089240185555,49.13311888588205,0.5129703168863541,36.27536946293383,0.9055885849115631,1.6801392955201548e-10,3.6889154813034995e-11,3.2395626102624018,3.978081214094894,1.620216235438971e-11,7.892544132184864e-10
N20001766,1.8776968786827812,23.269764907108666,0.0388848856945669,72.74743491179552,0.15566979011571622,1.4620268238941363e-11,9.19146140726666e-12,1.0768012011330363,0.8337474252568055,1.35657962537041e-11,1.755131322539129e-10
N20001767,1.7080202159571252,9.189968161986009,1.2596139555243813,85.13466649199913,0.4127168756952182,4.525421725604531e-11,2.3183241275828866e-11,0.19870740492001238,2.0963068936274345,1.22624450097126e-10,9.965216137755549e-11
N20001768,2.994798060414452,35.80046808246555,0.8689196583139849,57.19330982710542,0.2118716446858136,6.048857994623755e-11,2.8859667071700616e-11,0.678549712496013,2.252083014099892,8.535933130980256e-11,2.4414148827797723e-10
N20001769,4.532705865462537,14.883939475260371,3.6617329635366067,65.7794575170323,3.8308781321440715,1.9856009241792666e-10,1.6685001847843428e-10,0.44228344648587065,6.869002598682745,2.60213074616471e-10,7.69868685985223e-10
N20001770,6.082865079289151,29.490149983634677,0.1280277820725049,43.54572205474947,0.5573170779337178,7.093476144517245e-11,8.94786067017289e-11,12.131104984024361,8.064813036867845,4.031907745916579e-10,8.646664129448277e-10
N20001771,2.941539863004571,1.632099916982032,0.8019234873754298,77.5352753298634,5.51313962668425,2.2252170615851095e-10,1.3386659426135768e-09,0.43009944644467396,11.145922322707118,4.450612061419855e-09,9.267283932076767e-10
N20001772,2.5039599379031308,1.4550787301277168,1.8574811461518501,77.64009641705039,4.239264692290838,1.8563545289465462e-10,2.099583506267643e-09,0.7328136772726057,11.571305387324362,9.18792612541784e-09,4.0595678913764734e-10
N20001773,5.495036680006392,23.526967245015324,0.09218777776423882,59.309469814811976,0.6373913207553913,9.258367800166728e-11,3.658131275061579e-11,6.635331599530801,4.303615561598102,5.183884281422743e-11,3.367601919412498e-10
N20001774,8.755872416035155,20.11793786783411,0.07114167759190945,61.989821918933075,0.5930142006520218,6.992392244851066e-11,2.847638418903141e-11,4.581693624704031,3.8905182938096554,4.169632684605263e-11,2.999428464920817e-10
N20001775,2.94758177061318,32.53973519054588,0.23038631517114105,57.49640492468806,0.36772180670370314,6.795902239877962e-11,5.564900582048126e-11,3.0742838152499745,3.3438861764226973,7.060835976444776e-11,4.111459388601853e-10
N20001776,9.838782447169251,30.704868473834058,3.0258331609929794,28.401304021328038,11.340285891782342,3.8050283632899567e-10,8.658383950464349e-10,2.2440648535046788,14.444861146313817,1.288855354644455e-09,2.5396311616218527e-09
N20001777,6.518904144959918,11.440562715427813,2.0379839815821943,66.75060446827162,2.430017485534445,2.54680055523425e-10,2.1280038171864778e-10,1.471479356708509,9.35044784519166,1.0372224482551407e-09,8.191359185166417e-10
N20001778,7.223016850194916,12.724920202842164,4.045592854073661,67.02238403945454,2.137366655875048,2.54356971703746e-10,4.149605230206292e-11,1.1664515387512688,5.680267857939566,8.215475958298373e-11,4.908457578338352e-10
N20001779,2.841504915929884,30.603682160404393,0.08865572940906583,60.53651386857574,0.16012518278870638,2.6817156644471085e-11,1.4280800013620183e-11,4.226926541609964,1.5425916010815865,1.4081964330533433e-11,1.4547289939190601e-10
N20001780,1.2220989717040642,21.918315026410912,0.742895752863502,74.48204792091839,0.20450488268362732,1.5480272534115397e-11,8.573421924254177e-12,0.4154635721234389,1.0146738731804579,1.029439651412253e-11,8.127553416194613e-11
N20001781,4.819577199342709,10.886292644135152,1.8380620167793225,64.42376382396463,3.1220744847338726,1.8368859411052205e-10,1.277550782715791e-09,2.262576974538432,12.6476528480955,5.985421008446868e-09,9.63689052346535e-10
N20001782,4.399186663941553,7.034215805629556,0.02645927949833316,76.74938376426827,0.2492031598871432,2.7566286164409333e-11,2.0872241253454143e-11,8.59443719748047,2.9471141290471894,5.069012547108197e-11,1.483545767890509e-10
N20001783,1.4822218150958433,7.56257910835942,0.8326105549857713,86.7047156541803,1.044942568820627,4.936053022623327e-11,3.051676433611211e-11,0.352112876179188,2.0208174221439594,3.424251166565397e-11,1.2075930251597922e-10
N20001784,0.4045226770111433,11.323397513240861,0.2329060698212562,87.65055548655441,0.06727952575029925,4.662491952736336e-12,1.2763804251128745e-11,0.0370801191325134,0.28425860842800516,1.747640298977321e-11,2.661180437207796e-11
N20001785,2.985523005389661,6.068950702760806,1.7776843583418294,85.57556704121774,0.6521599879700067,5.407847673863067e-11,1.769682123766826e-11,0.39782695915702393,2.5422879449607674,4.6382390231585054e-11,8.401725420481622e-11
N20001786,2.496598389522551,7.291547517932945,0.009090846333673274,49.83043687047221,0.20907811933439935,8.831574332067461e-11,9.4999815390375e-11,37.13320293327512,3.0300453228141233,5.586923178453331e-11,7.579802956014835e-11
N20001787,9.163052387613863,52.68286488493901,0.23588579372764118,30.006750506194695,0.8653208238219858,1.204947470760069e-10,7.04633810308544e-11,2.893359693175423,4.1527659090420315,1.892731441788777e-10,1.1051222087225508e-09
N20001788,1.4467252569144013,6.1598055055240595,1.5058631358188694,87.9450985870872,1.3297488140933214,4.562211660108582e-11,1.0680580167013672e-11,0.21880892723408554,1.3939497731562616,5.308106580400507e-12,1.1018188081195113e-10
N20001789,7.349468392176359,47.079660195944875,0.4492067237163445,42.84953379903408,1.2177239745446944,4.3849238220275795e-11,6.913501808177284e-11,0.09652136654227116,0.957885547051047,5.602383123158531e-12,8.717687730315566e-10
N20001790,0.02505224835549675,0.37992310929896744,0.002784048931435983,99.58111051609337,0.002765129132762419,1.5716968241634414e-12,4.2760768206930433e-13,0.0013347311704083183,0.007030217014202231,6.670820754706543e-14,1.2854357083876142e-12
N20001791,5.4264821378824095,43.114440638121486,0.9769759361142343,46.955159738925026,0.4990163100564464,4.3096564191146136e-11,3.618629024416001e-11,0.728532080930288,2.299393157561172,5.690699793050583e-11,2.727541363029305e-10
N20001792,2.801643346208009,7.204657292288793,2.2298386066008047,78.95837712279615,2.6061994450526966,1.7463372576001933e-10,1.0988539110573929e-10,0.8345395066877549,5.364744679572845,1.0510085805525783e-10,4.0332293259318354e-10
N20001793,0.8060890514531531,16.930059140110192,0.07180923609050266,81.97303633288848,0.07705820420724083,6.911448012676703e-12,1.6834150473851286e-11,0.00954368940567254,0.13240434577808524,4.967640867246689e-12,3.7942382393824333e-11
N20001794,0.26017705977572847,5.144062675179578,0.03844099116761161,94.44424098395781,0.01054757008753605,2.563277047282857e-12,1.0214270111423754e-12,0.032961302980620534,0.0695694168413935,7.337268735403702e-13,5.368175295109925e-12
N20001795,0.6888374396013508,17.349234533382607,0.09708218722703219,80.31456808261433,0.16081362931357382,2.925912820203821e-11,3.225133747804806e-11,0.3348406573747343,1.0546234702729556,4.3503582075424117e-11,1.0840469874450315e-10
N20001796,5.942782616205937,30.40424077704211,1.0013461582940422,58.051434369938214,0.708778163749335,1.0518691288708894e-10,5.900444758141556e-11,0.7094310656618507,3.181986848477093,8.594326119853018e-11,3.8129729916718074e-10
N20001797,0.37720740543747144,4.855421968963478,0.030886225230425817,94.43130457393517,0.16205390596966981,2.4674501151601717e-12,7.77591122431448e-12,0.006809079885949243,0.13631684051005608,1.5715432982495302e-12,5.5946735014657104e-11
N20001798,0.4548795249476227,18.631847501666478,0.08851991978861137,79.72477211687618,0.05276423832468134,6.337534461862703e-12,1.3962847014838917e-11,0.47316657764643055,0.5740501206180846,2.1913633961631288e-11,8.972438236359151e-11
N20001799,2.5063353733331946,24.202009262659644,0.31744783364436757,72.13557485088081,0.1671327020407896,1.4272010560348083e-11,5.928099033317157e-12,0.08586078703017484,0.5856391902972473,6.897620934473279e-12,8.666676122523325e-11
N20001800,0.9020857868015958,4.927206585778843,0.09542509433610208,93.11783520562842,0.41327536784965707,1.3095792636181054e-11,1.1170282779374088e-10,0.027929411083722128,0.5162425482609674,6.659611590623045e-11,6.930477249615538e-11
N20001801,2.571960598630267,32.34891859052109,0.6086602773648613,59.52556691438925,3.6859094467159235,1.1202410712629246e-11,4.2491921426800165e-10,0.028949823639747633,1.230034347397535,2.1767425784086108e-11,8.83444275771663e-10
N20001802,3.131849669992195,41.674571110554446,0.015678841767664074,53.957435022821564,0.285872144258704,9.770423500396835e-12,2.8028798303387906e-11,0.3049629413059934,0.629630268455288,1.643866576599407e-11,7.899082344614566e-10
N20001803,4.3394433072818845,9.22602810940699,5.223909636819903,73.52013397121344,1.3739491971733175,1.3973724244581253e-10,6.970824228834683e-11,0.6046095528211276,5.711926224727216,1.2004506876040882e-10,2.266298727462687e-10
N20001804,0.8297936890457966,2.6004066125587313,1.3100468207268388,93.30127547002279,0.64968902917069,1.5758789735482912e-11,7.440155567374673e-12,0.08327688920099138,1.2255114891851941,1.615279713096704e-11,4.96087179697573e-11
N20001805,3.263622898027327,5.270727466649508,3.680997312166809,78.42500382675472,1.3002745650765488,6.720182149595388e-11,2.2270319901058063e-10,1.269279584867096,6.79009434482656,8.166161020486617e-10,5.249052980492288e-10
N20001806,2.202202403948265,2.461957947763794,2.234691830409467,90.83288390885723,0.5153852054742858,4.1299408918988384e-11,7.709768153389284e-12,0.19761016350484212,1.5552685399386372,2.4633273534945592e-11,2.983702895798842e-11
N20001807,1.0535890071132363,1.7968549200643447,2.783613793444718,91.62456056987828,0.47299785978205067,4.07184727008448e-11,4.2132333695335975e-11,0.15444368398566413,2.113940165468983,1.4877175698864224e-10,3.108713062149261e-11
N20001808,9.340699693705224,40.846626318838034,0.03950010746169112,4.400287474306692,21.72244843687754,3.694674326830384e-10,4.094156919438621e-08,1.8115848914159798,21.838852725015744,2.8231635866755416e-07,2.8751704449837553e-08
N20001809,2.4321269790577533,20.214381885654053,0.030140083718968255,69.73448853983328,0.07810370119092193,2.5470687456935323e-11,1.95550386877042e-11,5.293829476436186,2.2169293339148495,6.287287049784046e-11,8.608603037169361e-11
N20001810,2.9231755968037896,10.418848330610846,2.2064920383097006,81.79910560720562,0.4552189609669859,5.500438869928695e-11,6.294548144202152e-12,0.33279373233357523,1.8643657336216055,1.6829133872352524e-11,6.97498007462647e-11
N20001811,2.4172029536536686,7.202395770972609,0.021769835583674735,79.37621737050284,0.06417564122287338,1.47824155611271e-11,1.2867527867674683e-11,8.99801084435353,1.920227583598553,3.948620485744625e-11,4.51102605629029e-11
N20001812,8.929240243924848,19.158382078768756,4.795756858788534,57.320472452664404,2.0970383111335984,2.9412899102266055e-10,6.36806605879749e-11,0.7926792889087259,6.906430764981838,1.0806819813461985e-10,3.634146982291218e-10
N20001813,6.341032440004575,6.80276486422667,0.01721995498770331,67.28639144073021,0.2125550303424309,4.58584484217703e-11,2.996971220365468e-11,14.97813677770693,4.36189949172496,7.290988880591111e-11,1.2779046294697635e-10
N20001814,0.8265937963799035,4.547778752928329,2.0602692910706577,91.56426975989642,0.1958422017317785,3.4706038144601165e-11,3.2317506260569848e-12,0.08226894037036843,0.7229772575436496,1.1430243201504492e-11,2.9537196055620884e-11
N20001815,2.5010845626199605,12.572570194176036,0.008172969286876513,47.998406393488416,0.06096834605390884,3.460556692196554e-11,2.6768867319866465e-11,33.33691950985697,3.5218780242805163,9.158170369705199e-11,8.436637262311719e-11
N20001816,2.8343293576140636,16.999245367422798,2.39076664316715,75.21226206276225,0.26843489678857035,3.441019992408013e-11,4.991589216586827e-12,0.41977202637709865,1.8751896457354607,1.9219839529151806e-11,7.398923330670828e-11
N20001817,0.19890995142555218,6.491178623594834,0.023734573363838544,92.52580673012781,0.00279322213979265,1.9873640212358028e-12,8.800799725013359e-13,0.6084063704701689,0.14917052886335858,7.97004106538273e-12,3.783548031525974e-12
N20001818,4.853838489830965,15.864902407487847,0.009764723639218388,50.72424406428676,0.09803575573360274,4.846849131085847e-11,3.8585410064064414e-11,22.99017604934489,5.459038509335826,9.049023740532721e-11,1.6334014101553856e-10
N20001819,7.431725449078155,37.03666852741445,0.2856011458752478,49.485237968685404,0.4597111943133966,1.773151279948738e-10,2.951987421561638e-11,1.9395268967421366,3.361528817165137,5.698659543852073e-11,4.622487536571186e-10
N20001820,1.128523658132631,3.4090537048283474,1.1690778320961432,91.81211922684317,0.782344031164964,3.602342555653504e-11,1.0270576489098358e-11,0.28377321335453004,1.4151083334621704,8.075267310919557e-12,6.366679680051043e-11
N20001821,0.6593452268048814,10.664770496806776,0.13183387147495687,86.08135357223634,0.02005113638481808,6.355471845538253e-12,3.919648095678574e-12,1.8186304897692624,0.6240152064751606,1.6893029020870565e-11,2.0654368358409174e-11
N20001822,4.293627259969289,37.96668427913559,0.2416162939654861,52.983913722177064,0.22643960728086177,3.4919453789896366e-11,1.1554843306129634e-11,2.379668429711319,1.908050407510194,1.3737582388816453e-11,1.8997936265471424e-10
N20001823,2.5357933285726717,9.462840955982012,0.009742720278190231,43.665215867876704,0.05889265532826803,3.047131636831104e-11,3.15022895089296e-11,40.225899553164254,4.041614918540136,1.3536268275793856e-10,6.043636156846818e-11
N20001824,1.0566897267418174,0.4786491054833011,1.439289807412197,87.36867792136334,3.132472917130587,7.860456954456862e-11,1.3361689136172093e-10,0.5503764310751226,5.973844090095071,2.975686922060498e-10,1.8875919653961156e-10
N20001825,3.303108787138335,44.43923616867297,0.09316770866534435,45.21036469885848,0.12218294135380976,5.6348982956205555e-11,1.7906480559511597e-11,4.308083764883093,2.523855929928133,1.0670599799115862e-10,3.188979374877005e-10
N20001826,5.581285241057919,16.576982061463816,0.08781645742428722,63.809891001229026,0.3660965199085997,1.7984254253077277e-10,3.62215678780075e-11,9.189175798255889,4.388752920136824,1.5750555176776905e-11,2.918437758439918e-10
N20001827,6.438859877861535,41.71713618793629,0.14709319385179304,41.57740015915118,0.6859202871909021,8.732942642981812e-11,8.414492482927448e-11,3.992082371263496,5.441507921623599,1.500732987280001e-10,7.996753143940459e-10
N20001828,6.429437225958434,17.114585868254206,0.044891679480588455,43.91911021608724,0.35831396387058456,7.229319551595722e-11,5.539528906456043e-11,26.858845627976162,5.274815417793164,8.947534995075294e-11,3.6245461915188885e-10
N20001829,2.075449673669344,8.549653740521997,0.33360854544891444,83.61273203311632,0.12283668228371514,2.917932643687646e-11,1.3798134913986121e-11,2.9402749357178313,2.365444389076117,6.593386205444828e-11,5.6830513402667675e-11
N20001830,2.8864647282914166,29.55928575489899,0.09012170962008387,62.58978938861864,0.06881947840880268,4.856951961013057e-11,9.157439453167125e-12,2.9903538872105195,1.815165052751742,4.171402095172218e-11,1.0037564242440567e-10
N20001831,10.369591530570522,55.7495163678584,0.16518044728705608,24.885878479446575,0.6571422757193486,2.5913886696296764e-10,4.734270158960379e-11,3.9431060993961156,4.229584798692629,4.4587396085608166e-11,6.782633498071107e-10
N20001832,5.490227235196117,33.398421105267765,0.11342745114512802,46.195701288042336,0.12925084491541972,4.149027149988479e-11,3.6510026142037956e-11,10.44341011632575,4.229561958255238,4.703993285882629e-10,3.0385293640561135e-10
N20001833,4.418138297518276,20.324510347830763,0.25949826786716196,63.48581078433312,0.529288138179321,4.913283061894899e-11,5.586407342135563e-11,6.29374111607376,4.689013047805825,3.276407333350088e-11,2.5400309808209604e-10
N20001834,0.7562935033655537,1.9294718214671207,1.4657423731597539,90.42018032417897,1.1428566217527942,3.977006109578063e-11,1.0174519145063763e-10,0.40610459409937394,3.8793507614064104,2.6244710486093216e-10,1.660617625420649e-10
N20001835,9.628689504601981,38.26632754533843,0.24405835867251915,41.820559945220054,0.40023445147593245,7.48725145327207e-11,2.366152605560042e-11,5.684669878148756,3.955460315852491,4.7646288441792345e-11,5.436839947743692e-10
N20001836,1.1232521024589301,36.63899552118787,0.1313604758238035,60.59134791232521,0.018562082664659314,1.1520847425914978e-11,4.748531228220566e-12,0.7304204334834131,0.7660614719452599,4.69153904628641e-11,4.7675065494373765e-11
N20001837,4.0014656728532705,30.595242113370126,0.13525598043242837,60.59543326143915,0.09727737482707821,5.484022910312854e-11,1.1525123594022322e-11,2.607578016378287,1.9677475804840547,4.3949099367062894e-11,1.0528588564816636e-10
N20001838,12.770529700431979,41.9336224625353,0.10096616983534114,32.925612876452554,0.4897463586148708,1.6745672967056567e-10,4.4575424726804834e-11,5.225685485034989,6.553836945213313,4.605940636044299e-10,1.2090282200530837e-09
N20001839,2.0579547786620824,13.183838633900645,3.0422866507911817,78.43943457361611,0.34181594494661083,3.318011271973613e-11,1.4270661131550142e-11,0.4761736940465743,2.458495723875096,3.3100214467521314e-11,8.116220405680301e-11
N20001840,3.7988664136364823,7.330572284682679,2.6340358012561293,71.93214660506273,2.009593223486465,4.3987833677423573e-10,3.514030625004398e-10,0.7882294850485719,11.506556183053593,2.446533791472786e-09,5.355413523474025e-10
N20001841,6.579676518910647,50.30107700886879,0.15494218522930325,31.64574910239915,0.45805820423876087,9.892431412921637e-11,5.8174936601100755e-11,6.821568351928095,4.038928627509321,1.322074213798859e-10,6.266356744430533e-10
N20001842,5.083327469220061,27.984469446811744,0.19984116609818203,49.17618454734243,0.6288851642333425,7.316610823782357e-11,9.448696148909746e-11,11.90191913656219,5.025373068881812,2.399334147233992e-10,4.4265668048508295e-10
N20001843,4.11022736428845,45.6624076746397,0.14219746305336053,43.26495003474041,0.2903304132473448,5.300090819837821e-11,6.822277446631549e-11,3.0661094794164736,3.4637775699325273,2.740728629509292e-10,2.8642938208071926e-10
N20001844,4.826113147330769,13.656279013979377,2.418708573262302,62.78854566637252,4.122584676085889,2.963954326934133e-10,3.7371277463502015e-10,0.6155466036910531,11.572222317120879,5.570152819260348e-10,9.301017702708742e-10
N20001845,1.6194806545045157,28.77757759948596,0.25737530096871775,66.84409934550273,0.05332039625175186,1.3090328540825799e-11,1.2493766916182965e-11,1.2470979738000239,1.2010487292339567,1.5193349171720043e-10,7.483324341354477e-11
N20001846,1.202233895567363,7.781456508048717,0.9131777398936838,88.73905097745899,0.25737387650320154,3.723302479938305e-11,1.688785610620598e-11,0.16268883246959304,0.9440181699030362,3.533972497548011e-11,6.593430342513357e-11
N20001847,2.7955104814236247,37.89302676525057,0.6545995438986221,54.17828382712043,0.6355812181537506,4.117983863132724e-11,1.4704961654787337e-10,0.5762196977069425,3.2667784652241014,7.767138500155868e-10,2.570065724873281e-10
N20001848,11.65316023933431,41.151990129644965,1.1526659120422713,39.52023885285233,1.136743281843602,1.4828382852387007e-10,4.466827133661582e-11,0.8665066398977376,4.518694943435723,8.662331455381793e-11,6.694746106446151e-10
N20001849,8.129994118705065,12.974601774697586,2.443383307846025,54.259992509238785,5.324378558697263,6.200479220250849e-10,9.865328028847268e-10,0.9264303528211923,15.941219372951979,2.226392511540974e-09,1.209124046730824e-09
N20001850,10.98498839729298,0.6564911283145682,3.7308120164180107,31.73155933142409,39.693083951529566,4.052559962838246e-10,2.163738469947437e-09,0.19423468533343916,13.008830483649502,2.575085272655518e-09,8.937498619852027e-10
N20001851,5.974611499211931,3.3508323323826374,4.4439021486090216,74.90649823238378,6.4342412552911785,1.2002954961470667e-10,1.3909443948820225e-10,0.24401632836110826,4.6458982032156495,5.529704144176934e-11,2.3029262736843872e-10
N20001852,19.720790967787043,4.305522790813084,2.850669979231455,55.44095094913882,8.861799349661627,5.511480187733079e-10,3.815205616427882e-10,0.5708482592734604,8.249417700840645,1.3760652422977097e-09,9.451381361557045e-10
N20001853,47.92640317477904,21.692066291705896,0.77769206691995,17.495248389178315,3.725558709716488,5.909599420154838e-10,1.1659783373167072e-10,2.9431650882367495,5.4398662758090595,6.57647026923756e-11,2.8811710791010413e-09
N20001854,7.0318131617236945,3.62278199728375,1.6307405213542816,72.3883120210489,7.877241690642219,3.6731208723353156e-10,2.19449387633651e-09,0.22230863385079863,7.226801964857206,6.11973163332808e-09,5.576014410512125e-10
N20001855,27.64498791724335,3.5335888289917703,6.769801036934924,18.04989817568836,25.265745691662456,5.598327663572899e-10,1.1069597092844888e-09,0.8282762263557066,17.907702118423984,7.890368366539842e-10,2.243607485287005e-09
N20001856,31.258136409282656,26.97357507739274,0.861036305372002,23.981262770022326,0.9799552660682374,3.156681744318771e-10,1.1596903668229745e-10,9.410124585542711,6.535909584224268,4.966196632665408e-10,1.1667998682384897e-09
N20001857,43.01228064171179,24.157272188782756,0.5106675898715869,23.456940272192575,2.307024790666293,8.136829596760169e-10,8.586819789537223e-11,1.7699758491249922,4.785838665117264,1.3318231996002734e-10,1.5000126893998423e-09
N20001858,14.198463139227366,19.90936048359876,3.0995054010437006,51.75730253415461,3.4058546066088207,1.0089889850143e-10,1.1118287483483829e-10,0.49929802529907286,7.130215809450107,1.2364062049158087e-10,2.818328189387268e-10
N20001859,21.50595841247791,30.33835302764642,4.291633415993825,37.442046480909575,2.5235268353716265,1.1605716344139154e-10,4.028459471573786e-11,0.570225129800103,3.328256697130416,2.450531039394075e-11,4.892899542558834e-10
N20001860,8.09711617186754,5.765265724583143,2.78400444475949,62.82924068068038,3.1667347437248314,1.4703487711264416e-10,2.0193578516972047e-09,1.6091666873908161,15.748471532404245,1.1732488937929378e-08,6.906722214224944e-10
N20001861,5.408940006384495,11.07095997973213,0.9261563122947198,79.21068246694573,1.3300344911206345,1.9722877729362625e-11,3.549588596312472e-11,0.30750409039266874,1.7457226530034293,1.1932191197321445e-11,5.905012154395127e-11
N20001862,24.601762897418133,13.527273211502076,9.695250596232457,36.89707883109924,8.163147552970944,1.6998473934442163e-09,1.1128789056677674e-10,0.8183686189794084,6.297118288669526,1.0747659621791074e-10,1.2095853044495947e-09
N20001863,11.93314833641972,13.28272141552233,1.1066450653463626,69.15314739406104,0.7329495914144591,8.395416394440084e-11,2.4489289001135264e-11,0.8996381453852226,2.891750051554956,5.7910624602729394e-11,1.295579036108798e-10
N20001864,38.79576448237522,15.578528802914676,0.1929067892772842,6.977008401831783,15.507069045171463,1.6289659554416374e-09,8.406435300071421e-10,13.741961413384118,9.206761054558571,1.9349493290330692e-10,7.823792995349565e-09
N20001865,35.47405823057932,20.91737637183469,7.036733021155031,14.796525227643487,16.037816279727622,2.17629367586988e-10,4.335982836414595e-10,0.4033130129219472,5.33417785400577,1.096423144084722e-10,1.3712889922087174e-09
N20001866,42.79119930424538,26.973768918056802,1.350546628826708,22.87350478984376,3.8288329613617735,1.9085227595422097e-10,5.6110848112259355e-11,0.1154584598282497,2.0666889362148915,1.9148677155608362e-11,1.3563224100116315e-09
N20001867,18.865234588443137,18.943812284228255,3.2439963640666836,48.027941601195316,5.067247659235065,2.06157809339004e-10,1.0980780472669446e-10,0.7764401423140512,5.075327359582609,6.19952620995514e-11,5.569150423110806e-10
N20001868,36.950314976187485,29.217481693973387,2.1797435707634927,24.866745849753073,1.799995396060535,5.147282347758848e-10,7.417798913176773e-11,1.0453791160298866,3.9403393954787194,1.8423219596175184e-10,9.802645905038676e-10
N20001869,56.67247458027443,11.549507804580497,1.442599779349181,14.08563795928287,7.101198017056669,8.992993275119918e-10,1.5063501036937333e-10,2.0803726832795717,7.068209173632058,1.4304427338684343e-10,1.3517323651696538e-09
N20001870,18.92597431304341,59.51450934103109,0.34061572548238606,17.748915082387903,0.9099276654204104,1.1356205312737326e-10,8.741662425873389e-11,0.6137613217530167,1.9462965492328743,5.3178017885019365e-11,1.3947570448987393e-09
N20001871,27.632333743670927,12.370201927227056,10.547206576016034,31.49082817749579,11.123433101250516,4.833658691627561e-10,4.1533447534022206e-10,0.2355544735215871,6.60044199893735,1.5357358088773757e-10,8.284643099950293e-10
N20001872,6.048869259255387,4.709457480793143,4.545296038964823,77.63355600013722,3.468138754683,5.714115202628903e-11,1.42127794503699e-10,0.41001072452881937,3.1846717412639793,4.2727887148942276e-11,1.3162203720973104e-10
N20001873,38.75198392271603,7.9463077729439,4.632398761482475,6.1312942693412085,24.56528873523324,2.463545178570989e-09,4.2741085401501274e-09,1.0096601224166204,16.963066399470804,3.7581823624038776e-09,5.899859780348852e-09
N20001874,12.190477083780387,47.444324943993706,1.087866208535524,33.74079785678903,0.8986445611331958,1.315730342996972e-10,9.069131711464885e-11,0.8802468542371887,3.7576424905053383,7.367007420689283e-11,7.29699292292938e-10
N20001875,25.608904280586586,24.006649664429542,6.91956756946428,28.64731971287005,7.319108482292787,6.249080990551213e-10,7.067681620949136e-10,0.3914715460645671,7.106978740687646,8.981008376633795e-10,1.374777993014415e-09
N20001876,46.45929766707728,24.43166431777805,3.8789336826876424,10.66714894630797,8.229198454313815,1.4414021005735714e-09,1.5308295449504835e-10,0.925443589545428,5.408313338691208,6.746015456865401e-11,1.9366492001617205e-09
N20001877,10.43312084944826,32.974662935748086,0.696522359438003,51.06282286861229,3.0152101894128553,5.737592972183529e-11,1.886958046958672e-10,0.11118756884361959,1.7064732273655212,3.549665141763953e-11,8.497991367273394e-10
N20001878,32.12154701550922,18.168464017406045,8.64805070172508,21.949100506949748,9.904160743585418,5.908967302737605e-10,4.718197541786731e-10,0.8162018082231225,8.392475203537145,1.1072845660048379e-10,1.8907886659948125e-09
N20001879,25.2147355990885,21.363206847149176,12.413151437886933,24.748264103847664,9.252925626520618,5.979231555094011e-10,4.4845881605958193e-10,0.49235627818327715,6.515360104354492,2.4175598935441006e-10,1.6811971419011361e-09
N20001880,36.713089057769096,39.2112094647225,0.34943062425041566,16.151338428056807,1.309715121405066,1.015491876704463e-09,8.848551670477506e-11,2.5761413351515006,3.6890759658269197,5.4061564615961403e-11,1.6596594176028746e-09
N20001881,0.5508718501668011,23.588602690794072,0.17306489884764353,74.79742045170951,0.039195385433644904,7.725716834116421e-12,1.920573058886773e-11,0.24668628703480994,0.6041584357820742,1.8256574973816654e-10,2.1935800045956012e-11
N20001882,9.646362899572262,26.680629302504865,0.9664431549517418,59.157446499506314,0.5986552356169578,3.298523004738745e-11,1.4183248347379044e-11,0.3889056587297403,2.5615572489056775,2.2041501844673947e-11,1.4323646078850047e-10
N20001883,8.037366219003545,30.36743872777003,0.3194951279170103,59.45539823256279,0.6595259006679821,8.963278399632605e-12,2.1343313438868003e-11,0.08301464846839887,1.077761143194066,2.64231549669688e-11,3.594398149116677e-10
N20001884,2.9706603614013503,2.442563319442536,0.6190213676362588,91.75649468528145,1.3581168167810627,3.05713589151036e-11,5.167565558591033e-11,0.14875456725552408,0.7043888820448837,2.230147927206331e-12,7.245428857682278e-11
N20001885,23.861668852570926,39.155645063444815,0.7226156677131789,19.333279435149482,4.640854674365462,5.965565120951635e-10,2.2676331282890784e-10,4.406000301594379,7.879936002075951,1.876533869603456e-10,2.074824833641409e-09
N20001886,16.670767795234514,30.316366197442584,0.31463232813156994,29.4222860364047,14.80711192792593,5.279506273274744e-10,5.72562041503119e-09,0.6785625177430749,7.790273181344682,3.1299509079004593e-09,6.389413526852843e-09
N20001887,4.0432325146206,33.97789150772421,0.096437146753291,59.37704508433013,0.10172344355508434,1.8818382316474203e-11,5.620441147796738e-12,1.1772294920473227,1.2264408107990894,2.583697724571012e-11,1.2002573813688855e-10
N20001888,14.501291789434315,10.808613265295538,3.4715952830588863,60.996006800912504,4.283016948916859,1.827948517051187e-10,1.9211212801217174e-10,0.36447455193336314,5.575001359235691,3.662167213681696e-10,4.717169560942499e-10
N20001889,4.611006235933825,3.1655806969993123,3.482284719181197,84.58229752321128,0.3808902398474103,1.716518692671208e-11,1.1387467616662263e-11,0.3852950333296364,3.392645551307736,1.2067835590670212e-10,4.036210471388158e-11
N20001890,6.049662268619368,64.9329942305101,0.288396778406613,23.08632878918952,0.2621017376432263,1.472346845548315e-10,2.968736852040456e-11,1.899596419711847,3.4809197752184247,8.936417342431937e-11,4.3462297362800945e-10
N20001891,6.983591764361714,15.79601388771725,4.8622799534079,64.91622325101102,2.2708379265893712,1.7339610177318317e-10,9.975997432457664e-11,0.6827157796599229,4.488337436532517,1.0175552057825771e-10,3.454043008534978e-10
N20001892,8.011100829267313,44.77496424066549,0.09670195600419898,30.334928533670464,0.595656189099734,2.694130472401195e-10,1.54770092390051e-10,10.267510774263332,5.91913747579621,1.5984534116799492e-10,6.492334187174762e-10
N20001893,33.0360831751455,19.26167685895985,2.550031565061202,36.98552139250037,4.333942605207279,3.0778670040069824e-10,6.53793562212304e-11,0.35016494811148297,3.4825794542507484,3.9200439037465536e-11,3.512195894571773e-10
N20001894,6.941552304461861,5.757654640246605,4.776908079348644,79.10926701681056,1.749560513105028,1.0256776416867387e-10,1.291164601800242e-10,0.09434421824165928,1.5707132273349749,1.1248719684260879e-10,1.0647758738606428e-10
N20001895,7.106456952328171,6.574941524201527,5.002550915843583,71.5153016932266,4.698202585771056,1.3388469186350217e-10,1.0724292057682886e-10,0.3438126189210538,4.758733708966356,1.6049252121001388e-10,3.40022203739026e-10
N20001896,6.7691295430655165,12.832558973685417,4.405197475062991,68.57310266783297,2.41167778152929,2.4684021301864593e-10,5.6423330702428335e-11,0.6032924253262574,4.405041132720624,6.951351200202093e-11,4.0414370438448123e-10
N20001897,21.18923277670174,12.596933213457303,15.490080666770595,40.172821919557585,3.717632456207671,6.079142688101929e-10,1.3694867645415528e-10,0.7040035456404016,6.129295420239705,2.2626701987578552e-10,4.5386891682470866e-10
N20001898,44.93845613512365,6.132647585307151,13.413680583913369,12.426019211616014,18.775295254679627,5.537829553380323e-10,7.829317528936956e-11,0.17429076802069063,4.139610460052126,1.8740130318093315e-11,6.365671506538759e-10
N20001899,24.913118033697145,8.382400424110786,28.483260258078474,25.267170005961653,9.1541986118541,1.5205261430816031e-09,1.1609514073009303e-10,0.19961243417125168,3.6002402295273557,8.640308275241636e-11,8.762050892189639e-10
N20001900,15.37856580867228,3.8119696531486067,10.544843993197391,52.69215636251341,6.471818389879515,2.1523989445651922e-10,1.175425299569579e-10,1.0502867854040514,10.0503590065873,2.96431220660189e-11,2.3500791464049104e-10
N20001901,2.6753556887924965,11.72950017768787,4.511436933112291,79.16699638062575,0.1712400383048068,1.1549320400837094e-11,4.857839617836421e-12,0.2600087128082594,1.4854620686206492,1.2597373959962581e-11,1.8885295414429068e-11
N20001902,19.026665676035055,9.98140366049598,4.393737207979595,61.12030404914201,2.6346632282180917,7.295641877142975e-11,1.6134281039295425e-11,0.1285767920070018,2.7146493859143987,1.4401078597126525e-11,1.0437629262738479e-10
N20001903,18.77673124570909,50.69279045015741,0.32690709526227324,19.4782009540057,0.9258608667155362,5.023442193479953e-10,7.770913749866911e-11,3.9823073699311804,5.817202015665215,3.1845084068408254e-10,1.6550892848923267e-09
N20001904,4.512540375847802,9.144995318115786,2.106017532796403,77.10344656701619,2.5559553481597415,9.465899543517947e-11,7.336257624951582e-11,0.19992394921622259,4.37712090846877,1.0004205823951009e-10,1.1101299950227965e-10
N20001905,55.811293415317905,19.99441758238866,1.1310032143376578,17.56959892402118,1.1710257289860622,3.691286982168507e-10,1.3954747781279882e-11,1.155156715402332,3.167504418267522,4.440457493797736e-11,8.511847547488009e-10
N20001906,8.265619195296669,42.33535431034017,0.12715793740538658,36.98402161633658,0.4890518175241919,7.827324237305962e-11,1.6067850026313783e-10,5.154572957098132,6.644222164036143,1.0040081281215573e-09,7.197684725655682e-10
N20001907,24.8083841381211,6.062100796201024,6.829777198688748,52.39287482200804,3.3844018356405923,1.076293564758537e-10,6.694026697707734e-11,0.7943858256008395,5.728075383174488,9.96791208972101e-11,2.9092835903046975e-10
N20001908,16.03066310478744,12.160665228700418,1.9047487798625486,66.28472308838171,1.1537966854038328,5.277319095395098e-10,7.825599911753627e-11,0.04988906832618156,2.415514043030173,5.940994492791074e-10,3.076018000039693e-10
N20001909,10.384502136457304,59.24851259527225,0.0705725604929624,23.37633055247069,0.6112590904072859,1.7709537190589024e-10,3.888665074942567e-11,2.790789311860197,3.518033752202355,3.9875046656166926e-11,5.810935122908459e-10
N20001910,3.8824658682215323,30.168905700123318,0.7668551177050807,63.15827603776061,0.3475349163385141,4.682650702551208e-11,3.190625312427974e-11,0.25258129981266025,1.4233810597766408,8.81716248436214e-11,9.472685971250055e-11
N20001911,1.9891644382206153,38.7582953516132,0.6562023891663546,58.084456664315695,0.07518801279467342,6.9422049944249865e-12,7.625626848341094e-12,0.042132708223951536,0.39456043563045545,5.065772747094529e-12,1.543696373320517e-11
N20001912,10.08742131894414,17.270371053582164,1.2115692124754118,66.077174018254,0.8542698242352061,6.882859636652595e-11,1.482467286641499e-11,1.1779701506869882,3.321224421579637,2.6967640231299076e-11,1.3183444949856755e-10
N20001913,5.932635522742078,4.110530045183152,2.2777491695549155,81.65996831509122,1.3721436604263768,4.818850412812783e-11,5.0244948385290266e-11,0.637423095050232,4.009550191579037,1.7388365112879848e-10,1.0066803459234153e-10
N20001914,9.72506171089283,32.7862633558271,0.6483313681602874,47.76971273198111,1.1449199115641482,2.5184302933096814e-10,3.066961200521094e-10,2.3353104967501572,5.590400422554576,1.0212221964972218e-09,6.900353784514257e-10
N20001915,22.134032309984473,4.530465255297787,4.556733296040689,60.526625374667965,3.7416579252266944,1.4062956012849875e-10,4.048715622546828e-11,0.44508426146651486,4.0654015769285605,4.4473823909415386e-11,1.6171916589081054e-10
N20001916,8.11661750844397,7.755909453797726,3.298732428623762,76.00706144364226,1.48264688838231,8.913070709803241e-11,5.5973497032478714e-11,0.2725039999743562,3.0665282764687025,3.014352076968989e-10,2.2037129994215757e-10
N20001917,6.106514155085523,1.5810386324719545,8.484490253465909,73.43565950545866,4.821373562309024,1.1272274216482739e-10,9.304824887992953e-11,0.48085632035930853,5.090067570014864,3.987560489132512e-10,2.302215644792859e-10
N20001918,8.292993490060466,8.55336083963413,5.060425372259734,75.09728298131965,0.9537911417451908,1.3555899580829007e-10,1.6881193873041116e-11,0.18265221124382378,1.85949396342298,6.702324390332862e-11,9.455368991072235e-11
N20001919,5.397143321314388,6.878777382524698,4.882050595944168,80.02079196413679,0.719397147505074,2.9013000491868568e-11,2.0734059938753945e-11,0.19788954230426642,1.903950046093034,7.241014835435769e-11,5.5440944254981804e-11
N20001920,5.3407198290911335,1.3445433297448577,5.292954497285807,81.00288005075944,3.414757777687647,5.204583396710949e-11,5.3904352491715455e-11,0.1392305370682112,3.464913977809938,3.5589119535884863e-10,9.11282361941475e-11
N20001921,6.701402148920171,11.44156880274966,1.7360902543561256,77.73955658003474,0.783039502648984,3.05718931812887e-11,1.9870040168075315e-11,0.14051824036801303,1.457824470678738,6.701454904279083e-11,1.260868248677196e-10
N20001922,29.911599997339177,9.580338926876843,6.523036375625861,37.55325192058664,7.795774813789778,2.651222163639219e-09,1.7840643565378768e-10,0.2689146086994367,8.3670833531375,3.5069252337440004e-10,7.644373885027851e-10
N20001923,21.345618521957597,17.886197203864878,13.278065700180889,42.68604069759653,2.437695937150431,1.0702573128764312e-10,2.124834391995185e-11,2.158322699301377e-10,2.3663819387816463,4.376353326260523e-11,8.014557745751431e-11
N20001924,18.920038707064272,50.957640863743556,2.504765105510759,24.57037302290786,0.9764733109290349,4.2952433718647853e-11,1.033782585062388e-11,6.041141088590695e-10,2.070708989067207,1.289259312863848e-11,1.0701936191227345e-10
N20001925,3.636700873461866,12.099626801868881,5.285821520160011,70.09850999801237,2.685683670690564,9.308477862064571e-11,1.1811700357108212e-10,0.33531785312962775,5.85833928187325,1.365260205403329e-10,4.5568435145878545e-10
N20001926,6.665804438424326,4.904491739020581,2.371923713396434,39.6728777097456,18.358240730120944,5.8033810563775e-10,2.9215209731950187e-09,2.011890236857222,26.01477142252648,4.988940786004029e-09,1.417633702930723e-09
N20001927,34.896406156599944,11.910571346599417,9.559907286280154,30.721836584636954,8.504025223561918,2.3694332166048217e-10,3.291704719164115e-11,1.5906812314813733e-10,4.407253401682054,5.041892129524645e-11,1.6021822435743935e-10
N20001928,12.324556950161718,2.7029205439183026,4.341578102213278,57.111855153156846,13.732517552962504,2.4542018083074193e-10,2.6516931766574573e-10,0.4673631374885472,9.319208558740838,2.6141505794791677e-10,5.859580470454277e-10
N20001929,6.177789620188318,1.7249626421466095,1.7963184547226945,85.30670349022787,3.041281606832159,3.570614261561618e-10,7.172247614067922e-11,0.04921242323595441,1.9037317620580079,8.340578102170059e-11,7.618539115986332e-11
N20001930,18.374583914219762,30.370353861380327,2.721108847869127,44.06048583564396,1.4502512060945687,2.2529912791036237e-10,6.507533921967675e-11,0.3092465955601219,2.713969738254263,1.4074817743630927e-10,5.467405518111491e-10
N20001931,59.46070853612522,12.443253681573081,2.641372209427455,8.76664322679094,8.277149485076553,1.1583339661681745e-09,2.3999373141244474e-10,1.346585448077235,7.0642874096180055,2.0134145036549983e-10,1.711854383974282e-09
N20001932,28.535616487850685,8.711414739478402,33.62302149950111,16.960779967543697,8.012894737739883,1.4393840233856519e-09,7.308749058784243e-11,0.26833001629991826,3.8879425491570294,4.197216590813553e-11,8.748407362905579e-10
N20001933,48.99620842377235,21.986053042397156,3.230785696600354,17.431793594275298,2.275291725995526,8.973985198525522e-10,3.985342769726017e-11,1.0325208059466768,5.047346709176003,6.587224123968466e-11,8.335142581345479e-10
N20001934,59.17421103073032,6.107141378019108,9.488958991618004,15.07473227521394,5.051506487546514,2.541102148044191e-10,2.758615459728299e-11,0.6245867746166458,4.478863061731593,1.1634165702405092e-11,2.3056393677835765e-10
N20001935,15.4910520095384,18.257324918116765,3.468248122909529,52.78840136717064,3.097132143246599,4.220637678232187e-10,1.8190333258008328e-10,0.2739211478869429,6.623920288916224,1.0306755756245628e-09,5.802498756177044e-10
N20001936,40.655419809642915,16.22684779391466,11.26068420817814,16.854632565251656,10.244721972891009,4.192381084533467e-10,5.109298808521069e-11,2.8626014016591227e-10,4.757693648989755,4.9543572661344566e-11,3.2574319538820684e-10
N20001937,22.753766905084426,3.703796866486659,7.737679549797251,54.36356837427498,7.650423500520665,7.9435373560057e-11,3.862101643075629e-11,2.1098821941662011e-10,3.790764803312822,1.0053529338881419e-10,9.36278755081601e-11
N20001938,3.2535966864214387,7.420898127387851,2.3306196396857595,85.52110889678494,0.2556369611013305,5.7263134326868695e-11,2.4705517945921222e-12,0.1140915583668418,1.1040481301454947,1.1363389056576722e-11,3.524569908133586e-11
N20001939,46.287146615081994,18.849129469472775,9.409988869391363,8.443980274186453,15.555440117769178,1.0707784529994647e-10,0.2646387186605292,1.254846475000863e-10,1.189675934935542,9.167244623952814e-12,2.604323766649552e-10
N20001940,44.284152184082345,12.26073527895414,12.58538194515555,13.935245501868042,9.687232414310017,3.414538675390737e-09,2.7981899396750043e-10,0.15257169913412727,7.0946809703987785,3.416815486436562e-10,2.0609532275675907e-09
N20001941,39.959560924987535,6.503686340705217,29.49650290381275,7.249976740659491,15.259614369443689,1.2858306127935036e-09,0.21355035814918708,8.596222041677955e-11,1.3171083606313476,1.8709249012988676e-11,2.202891345493029e-10
N20001942,13.850989789924096,12.254181318387083,20.330224281202337,47.85935976337208,2.1237540488385482,5.408613492985453e-11,1.3509889706342927e-11,3.758807010162904e-10,3.5814907977151687,5.779720462820173e-11,5.94148575276976e-11
N20001943,60.54111201151695,18.07483123704353,0.8135949797943074,11.470867131255371,4.8757111879496335,3.9715045948848495e-10,5.7723564623766145e-11,1.2805830962985743e-09,4.223883449607745,2.8400413734917114e-10,8.130054081279012e-10
N20001944,32.77001166422288,12.465458601312799,4.115222769864814,28.034004316484527,11.4073876217575,4.731881541585655e-10,1.7904107213188504e-10,3.622718674535167e-09,11.20791502117057,3.266820155364995e-10,5.852848348136504e-10
N20001945,26.37370087149969,18.998639588060346,25.10573317919936,22.93644056928214,4.172252229629814,3.7192909785458016e-10,0.25643228786756667,6.048760244644872e-10,2.156801273149625,1.7423402214503166e-10,1.6041584019515856e-10
N20001946,48.8436090882743,15.32560748824807,8.211532744860921,18.861154632444922,3.9653233550012406,9.88371206353313e-11,1.9359040283648862e-11,5.057293213468213e-10,4.792772690324261,8.07805973317005e-11,1.4157694178526406e-10
N20001947,55.74879625063407,10.804198212669835,11.008626066360302,12.280165406619135,8.386520232375085,5.588341573733276e-10,0.21573136129620893,2.6951060039940397e-10,1.5559624690164409,4.974782214533443e-11,1.508386368775003e-10
N20001948,50.10321279881793,10.613656697078845,21.99810345639467,7.830356817259072,5.590973826516947,8.077229793903945e-10,3.713432008675604e-11,1.629594964587889e-10,3.8636964025379825,5.38485448420211e-11,3.3288943094500207e-10
N20001949,28.20736258291975,24.954060451302706,6.179256519741658,29.78379438174174,6.488632593397953,2.633962215095461e-10,4.5201353096491286e-11,1.1430659091843364e-10,4.386893470172401,1.3459726252384965e-10,1.6627436066605888e-10
N20001950,38.650671875016904,15.949650922544304,19.944552698964667,16.94573427835313,6.669986853067378,3.5318716968279284e-10,0.28427295544815084,4.576616905028131e-10,1.5551304154846246,8.817057050538891e-11,2.2183915914789596e-10
N20001951,29.008806222634732,18.701265194952736,17.208915664857457,16.29800385796985,14.7548403004148,1.0175713431347517e-09,1.1052827605448814,4.455405330549898e-10,2.9228859965854253,1.7932925056861355e-10,3.97686058635908e-10
N20001952,45.827527524916015,32.41637800219889,2.058788118492938,16.294967162150144,1.694087967614387,3.1284320636170393e-10,0.1448769129395838,1.4978093583744878e-09,1.56337430960047,7.209893089522968e-11,2.0482099963699771e-10
N20001953,18.86635545246956,18.167878298384547,7.561688266167716,48.35398543484843,2.3108422334705327,4.7450881501463783e-11,2.05262768496221e-11,5.034249207916607e-10,4.7392503139362345,6.795324864344704e-11,8.362901891588726e-11
N20001954,26.919889099485495,15.755569742344678,13.298187981653175,33.369319397809925,5.635815772211686,3.723976699042677e-10,4.457442069211407e-11,3.3663593035226784e-10,5.021218005558315,3.197095719751031e-11,1.5115346537977505e-10
N20001955,50.867417114643345,9.858485846652313,15.362034025081229,1.6914415315380749,20.18386994608838,4.48763992041129e-10,0.3312174910379787,2.449592329087438e-10,1.7055340438319855,4.231720025508775e-11,3.906762179474499e-10
N20001956,3.865920861852538,21.201921032594313,3.481874807855037,69.26567007422712,0.7193067287253759,8.96763854759707e-11,8.10518264622261e-12,1.0283951661372842e-10,1.4653064944995897,1.977033927946241e-11,2.563096611681377e-11
N20001957,33.441794690476904,44.49708704052719,1.7876750691740946,8.130503018196219,8.478657233432951,3.945876889214052e-10,1.103273033526939,2.814979334415297e-09,2.5610099101822374,2.8170035442039046e-10,9.921983671771063e-10
N20001958,41.535291753890135,32.94505296978488,5.258974430055451,5.850574589356066,10.139642721735992,3.182768606545767e-10,1.5673902042339432,1.89842048083726e-09,2.7030733274007543,1.8962563570162244e-10,1.1364355614394414e-09
N20001959,36.21569487685395,25.71535528002002,9.281303123671021,20.016042351314848,6.5672490498205365,4.0261927022289277e-10,0.3086636492472867,2.3222712065395279e-10,1.8956916681880018,6.310958090140382e-11,1.863920032342081e-10
N20001960,15.932430805852269,36.23250272564598,14.493300139407605,24.5943766978784,5.758075932832587,1.0432878795461564e-10,0.44437656159772404,3.74363089052614e-10,2.5449371357501462,2.9249324778910457e-10,2.6410555004833233e-10
N20001961,30.95607304010466,13.864840635841402,13.590126342394171,21.9056979993693,16.151466101197883,2.5367065231032637e-10,0.5986601050456871,5.696299117983204e-10,2.9331357746722455,1.700847314450678e-10,3.8125014198435806e-10
N20001962,14.411280806614677,7.075889313927504,8.564648391527921,40.987397763971714,19.635370011280994,5.690917249181772e-10,4.134639537426342,1.1068910483101714e-09,5.1907741724052014,9.589216069313446e-10,2.107446512918405e-10
N20001963,6.964198685130898,58.93145300158885,5.192521293291403,24.203798736805204,2.6303234342831243,1.3535417037864748e-10,0.6383500277266455,8.619184084810053e-10,1.4393548197841883,6.522172764439578e-11,3.2718606130038294e-10
N20001964,7.469610187696304,28.138330540060437,6.305921752160097,55.8228896480003,1.0562877165331321,1.549300446582165e-11,0.06529641114929152,5.115236680990903e-10,1.1416637437865684,4.757980674392864e-11,3.928104638730109e-11
N20001965,6.73908740168504,87.85379696588943,1.754047607975924,1.2764027237265634,1.956182851319023,1.905935787565048e-11,0.2127240021829165,1.6099758640030987e-11,0.20775844680421254,1.7305184746146808e-12,3.799928110199904e-10
N20001966,12.673259117102223,19.308533118128263,4.5975806369738965,34.994362071507254,16.158709268272027,4.335968700365536e-10,6.056420662447599,2.6686643026650575e-09,6.211135120504387,1.3467888149742005e-09,6.152809507660955e-10
N20001967,22.708269387527334,38.64616861363241,5.464020711438859,23.496898350337236,4.1416485158772804,1.0976891083693234e-10,0.33210047494474504,4.74105219945055e-09,5.210893941081923,1.1093898144837611e-10,1.984352276685847e-10
N20001968,14.897957165157857,42.53370394514278,2.6049047756242096,34.0637451748667,3.6723364596147436,3.536562245109301e-10,0.16793441396970626,6.196831640621924e-10,2.0594180645064903,3.8940233619378214e-11,1.052300153239818e-10
N20001969,10.899381360312049,74.39303927740056,0.979382965459809,12.094389422975922,0.995450319723541,2.35034824543199e-11,0.20423659695175084,2.920154693082963e-10,0.43412005646102636,1.9801402400037666e-11,3.8001782400368466e-10
N20001970,7.62241262609134,19.298915085422216,9.418352842527614,50.504335686507616,10.559996076327483,9.268304584647204e-11,0.4109068427000985,8.166822653966844e-10,2.1850808392965817,3.206172144379617e-11,1.8561985920104674e-10
N20001971,24.734621657553095,25.575828803984795,4.872003046098147,29.561395822810997,11.537772882173778,4.079975723428817e-10,0.6195798674760928,3.63982906051733e-10,3.098797918651748,1.8979446007631236e-10,2.895598141904186e-10
N20001972,16.850066449365457,69.37939548971269,0.6551537155730998,5.766243282117577,4.8935559784784335,1.001169439742924e-10,0.995970416815487,8.215011360901253e-10,1.4596146657407345,6.118920988365765e-11,1.213719814220451e-09
N20001973,14.379062095540746,65.66952068745938,0.18156763989562108,15.870938192069808,0.948340905158306,1.448642038910411e-10,0.6848490842810372,8.316649127970545e-09,2.2657213865905175,2.424426511956778e-10,3.0062818712896505e-10
N20001974,14.140651403222135,38.416522751551376,6.426210630077736,32.001146587376105,5.083984629588556,2.2544646204111888e-10,0.9239209833463256,1.2126598744051572e-09,3.007563012521005,5.483643200973656e-10,3.302909308832728e-10
N20001975,3.9180608906705174,86.22542064494803,0.3067913736741672,6.188083606144539,1.3677373605777827,5.428246795521657e-11,0.8358057372920799,2.408509453075379e-09,1.1581003832572867,1.2480230200199771e-10,8.479874724638872e-10
N20001976,16.45239537774846,61.63661715182578,1.7867630352060258,9.879795717355295,6.950659507465391,2.1721190487746177e-10,0.9032806054207396,1.648248277313638e-09,2.3904886021021183,8.100292848083055e-11,9.29725510455303e-10
N20001977,13.450136488135433,74.939826436093,1.4954620484407604,5.384456859091516,2.5131910997120883,7.415869951766254e-11,0.6000012204113759,1.6762820976926564e-09,1.6169258455143654,9.382704444239314e-11,7.572074180172687e-10
N20001978,4.717173679940738,79.2175086282857,0.6078209504490941,13.074816538698297,0.500369776350487,6.686767181054966e-11,0.38413391566249455,4.21197679268991e-09,1.4981765059491903,2.0580920085396678e-10,1.7934805638567957e-10
N20001979,8.044066328128151,74.17254991644936,0.4986826622608311,7.893891793089771,3.134681222076954,4.820532307605039e-10,2.404904641867025,6.711436793990524e-09,3.8512234277956368,3.7474924103783477e-10,7.640633142905262e-10
N20001980,8.625563917794988,50.949487901463975,4.079574103430779,18.97016246411146,5.4156784463626675,3.819585796015523e-10,8.093137087735618,1.3404172190110996e-09,3.8663960744392685,1.6884089667588943e-09,1.2504611904903336e-09
N20001981,5.484779542583914,45.74748019804002,1.084247808012071,42.700787634509005,2.3136104053065214,1.7631905101250011e-10,0.4560776638021488,2.064095785620039e-10,2.213016747075673,1.6895155171639886e-10,1.1896559435200144e-10
N20001982,10.761322249798942,70.80054870812126,0.576762969039684,14.818453582647015,0.9103873825704717,1.8308882315054603e-10,0.2696343355256621,4.3651619563288516e-09,1.8628907671732582,6.75215057656745e-11,5.079363469317093e-10
N20001983,10.410854764323382,70.90386837385427,0.36124555243535195,12.839788902254815,1.8406724591020551,7.971214920150128e-11,0.50141105522412,1.0036240098600933e-08,3.1421588818919592,2.514106821900581e-10,5.46672290633462e-10
N20001984,8.40242049882823,74.10727546090584,0.3801172011207047,9.293082846672144,2.0884836146008574,6.659676326969811e-11,1.6889377330242161,1.994908107796016e-08,4.0396826232941505,6.136919441322796e-10,9.244869545338322e-10
N20001985,16.61127636329813,75.33615515939097,0.8696552923388716,2.5145287597205734,2.646172600347428,1.6204638680974602e-10,0.42573430123132816,7.910604231469997e-10,1.5964775222257026,1.7492635702156665e-11,4.76381051160772e-10
N20001986,16.176578449429716,27.201225164181615,13.577463922923302,18.20587779904564,19.942689301033518,2.7384241022686394e-10,0.8343091140892276,1.2565952191740686e-09,4.0618562469918364,7.108630207776256e-11,7.036324501727613e-10
N20001987,14.751651323441203,30.927575214021168,8.428531635041459,20.108260727244577,19.655686642398678,4.04403458623218e-10,2.5647566640784087,1.313507342904111e-09,3.563537790634203,2.40948759271958e-10,1.1814267811093142e-09
N20001988,11.6135484897068,34.155255646582575,10.063611174268395,40.08379375662717,2.3000735876438925,1.1090431225860374e-10,0.23443305195015,2.868750913533874e-10,1.549284292602327,1.267770817190759e-10,9.41211358058159e-11
N20001989,17.323776048213475,32.44050455728141,7.044770551261324,33.918414562572586,6.144732873583799,5.328829803891404e-10,0.43174720150535373,3.983174260418872e-10,2.6960542044185805,6.235350190496785e-11,1.699182462603718e-10
N20001990,29.47327934948452,42.390443285827764,7.225827046507161,7.6271062862435235,10.22494714828074,6.111690306214978e-10,0.7539842097678058,1.8234496833675959e-10,2.304412672586719,1.4884657208787248e-10,3.5941892909821093e-10
N20001991,8.284719447340077,41.667310500877285,5.694466794688083,42.268424302275854,1.0378055186018902,1.4320118611550696e-10,0.1348363594018255,1.7936229002418048e-10,0.9124370763140556,1.1246777577889134e-10,6.591283868469833e-11
N20001992,27.355006240929384,30.021194210197223,1.8785347504578533,29.36102030712467,7.01425261228802,5.072701300225886e-10,1.0712901258493863,1.285183664409643e-09,3.298701750901608,2.3438303931804477e-10,2.2503069964239272e-10
N20001993,17.979419967385223,64.7454050588705,2.6531434696458924,11.527164363084905,1.7469249706760261,1.410630264580398e-10,0.1672505183530202,3.0967878033422026e-10,1.1806916510738428,4.995343816720278e-11,4.0989105748994864e-10
N20001994,6.231619335703551,53.2977671894177,8.658999994041553,24.937194342281135,4.904787930892356,1.1306436332863935e-10,0.32680611355208306,3.0232195776180843e-10,1.6428250934072401,8.240872689644736e-11,2.0657755382512957e-10
N20001995,6.7760230731811575,43.380101976617176,5.8315035107502995,41.444870932474245,1.425735258864452,1.2027587908143262e-11,0.17788144706707326,3.0545817359578635e-10,0.9638838005129349,1.555099797467095e-10,5.969155125108112e-11
N20001996,3.667035299111902,52.0815575895491,1.7980885885095128,41.07860031685508,0.4221823725016412,7.648405459263976e-12,0.10004555055597758,7.109286176429366e-10,0.8524902821013607,6.776172817179157e-11,2.9084211219860997e-11
N20001997,11.402013271546991,31.765240583342706,18.34139437823413,33.99650961530118,2.338817942907971,3.711893159541574e-11,0.15435601289126827,6.974045219067282e-10,2.0016681948705033,7.104247140484462e-11,9.967231180267182e-11
N20001998,9.66077278074379,54.35719976326645,3.050709677020571,29.58624477224013,1.7551995276571288,5.5693428483002403e-11,0.22745224106297604,4.3449521704582257e-10,1.3624212373691456,7.501520446324637e-11,7.45992889294434e-11
N20001999,7.481195460699505,52.6722550508547,2.1498134818760617,31.651806159267892,1.7821243433052334,2.119456676687963e-10,0.963821085443268,4.961734355514818e-09,3.2989844129410426,1.903100745871634e-10,2.4830411566856763e-10
N20002000,31.601487735708634,51.048912453532694,1.9027484727608204,4.023705686237033,8.965103775135931,2.1116543825468428e-10,0.6873231042127733,5.027972464633982e-10,1.7707187706024932,1.5663389403956642e-10,9.39035081073013e-10
N20002001,21.583854063051685,45.754733203702145,4.862225119325912,13.94986390936567,7.442892826363486,2.63143135149291e-10,2.8571532122616294,3.084889699154732e-09,3.5492776612084693,5.354930977587076e-10,8.374753396988776e-10
N20002002,18.03144011361489,72.47752288547112,2.0122804077955534,2.8344401888315116,3.24536738201553,1.6733397285403885e-10,0.4038734841519515,4.0855386869230053e-10,0.9950755368755221,5.248644694961439e-11,6.155534707195373e-10
N20002003,20.80451800436503,69.25759359210547,0.14344230342150263,5.781964339660866,1.439670871698081,1.9590027725755107e-10,0.3288833008668843,4.9798921638782354e-09,2.243927581633242,2.3333548313624337e-10,8.39787947000613e-10
N20002004,20.365306551501302,47.2027146267695,4.348448104458949,23.309683232914402,2.8140551396938096,8.583468039935123e-11,0.2602708907564248,1.2921731607418455e-09,1.6995214523292625,5.7402683390576657e-11,1.4094897346260514e-10
N20002005,18.74422087879308,44.61237937546277,12.810890385243784,14.311004027152968,6.818419767986386,2.45841523743663e-10,0.4451024646362187,2.9631739560994147e-10,2.2579830997815047,1.0812438860200323e-10,2.929959936551525e-10
N20002006,26.892776632986166,28.413100306894172,12.846559056136469,19.943703283170585,8.982262730088161,1.7915555092430258e-10,0.5508189141948987,3.6440168376586665e-10,2.3707790754298035,2.344785176206141e-10,3.2171107739547344e-10
N20002007,61.52429426266826,12.66852114324026,3.734528449372669,2.735616138189429,14.883479770945945,8.831266234042526e-10,1.3856974961320334,1.001380650636959e-09,3.0678627361841175,3.2462200246026745e-10,1.0581599981294001e-09
N20002008,35.687175914761916,21.52225223023201,17.94141191644526,13.920075220291176,8.836810955875524,7.028880367807648e-10,0.43891207228305495,1.2283596812613924e-10,1.6533616889769343,8.981438875554535e-11,2.1859437720041736e-10
N20002009,35.58220015637162,54.20710039852147,1.2069962447695775,3.4205411871135882,3.6308384245502143,2.2212465277633602e-10,0.398220881347128,5.591708269817368e-10,1.5541027058609758,7.98951918601785e-11,6.042523509141085e-10
N20002010,56.21848014035986,29.351333017812753,0.9743672292549352,2.6292364463120252,7.89525957730281,3.4455784637297104e-10,0.5872569182644962,1.9374571146538226e-09,2.344066666885481,2.076436466526882e-10,1.3179751402660257e-09
N20002011,30.8323260395375,40.055230270611325,4.697232851765747,19.66182971747506,2.8271005606826978,7.152161953059232e-11,0.2897408552194293,5.357174865106295e-10,1.6365397035367064,2.5076539863563717e-10,3.1354911079205856e-10
N20002012,31.302634781845356,46.37267543968555,0.8994676053159454,9.91929213275372,6.0666916654080305,2.3848436718962643e-10,1.2081876904447775,3.019980209412393e-09,4.231050677868417,8.901764341133789e-10,2.5295505112981824e-09
N20002013,33.66606827098495,44.08473638999599,3.467247406510775,10.52277242920758,4.950513793739417,1.3290989969261622e-10,0.5595449142328999,1.0840879636784184e-09,2.7491167933975116,2.9593938905656064e-10,4.1793989777844354e-10
N20002014,10.199350262907029,53.37303793320317,3.8479472604961265,21.906435945412635,4.888521965112636,8.627936932506173e-11,1.6699310206933258,1.841695016283517e-09,4.114775609178394,5.834775014715274e-10,4.852271740301069e-10
N20002015,41.91083272250164,26.430756853472758,11.307625682973056,6.585157310822819,11.683529780367216,8.167916300087602e-10,0.36779369333705075,1.175849075931933e-10,1.7143039549848562,3.7353566143348606e-11,5.688535132537565e-10
N20002016,53.641247075988616,25.569210904302352,0.7407112168829346,2.7907719995913314,8.100222321844832,3.3723856406986956e-10,2.5925817454191424,2.8041010972015047e-09,6.5652547268819434,3.5244764184836162e-09,2.4230226263032286e-09
N20002017,26.634245648214787,19.562957847254367,4.632799911438404,4.658813516785608,37.261545976626174,1.1476594301797725e-09,3.818191258756091,2.1543457481164023e-10,3.431445838345332,2.1936008319926572e-10,9.967808968298882e-10
N20002018,8.344000515484142,57.07035356659765,4.580785581837913,26.010370846401948,1.122654881024624,4.1025479705359844e-11,0.45094879271905963,1.225736809650681e-09,2.420885813939081,6.312827688066641e-10,9.753194828774204e-11
N20002019,10.262051823884182,49.43451643886296,7.22665511839952,28.484451217563066,2.179863644228433,1.9092267517037405e-10,0.5500338439753157,2.4101381602531784e-10,1.8624279122617173,1.9724977331286314e-10,1.9560842083108884e-10
N20002020,32.66786203604352,52.76837426670687,0.9894409331194178,7.616123832230806,3.272373560443853,2.5606541200389125e-10,0.8136070607053965,1.3274393808803241e-09,1.872218307608405,3.7923467197560805e-10,1.1789838769275047e-09
N20002021,39.93508441112831,40.719923144979994,1.5170462482260154,2.3273988964294094,12.710735421930949,3.917604077023852e-10,0.9789138577099618,3.7483938299919286e-10,1.8108980159259873,1.6002900341258126e-10,2.7427582368702238e-09
N20002022,60.85514535348368,11.300306352569226,5.883061510484996,1.5706852876114574,17.147192341609724,2.1147923651537815e-09,1.3324647690215297,4.946296093940859e-10,1.9111443816065297,5.973296190523206e-11,9.437305348767987e-10
N20002023,8.552070957507613,57.22716517859335,4.497275611830156,24.638863734355066,2.366748864079523,1.0313925529562676e-10,0.610369129865386,3.2531397677893345e-10,2.107506522955125,2.0133668537201188e-10,1.8397565627888717e-10
N20002024,53.8317034858516,7.081676161636887,18.97298805222037,3.3532360371218637,15.358922053091487,1.7650357411057502e-09,0.22281251259132404,7.74460877983791e-11,1.178661695352177,1.5281812880918246e-11,2.765293369301625e-10
N20002025,28.810517568827184,35.75085701247943,12.345142785000984,17.48986756253078,3.357198597960239,1.0594439195878053e-09,0.326783466762276,4.4447986858956833e-10,1.919633004731823,7.013876117995798e-11,1.3322589887009811e-10
N20002026,18.769687036361592,61.54114118492613,4.0752089995103855,9.743837820771798,2.846764479219692,3.5777156890343816e-10,0.6852439683113778,2.1209465646432676e-10,2.3381165093854617,6.460456272600103e-10,2.976466051115299e-10
N20002027,43.78907209044867,42.00803386698012,3.39103777150613,5.046863236798808,4.400633340027472,3.621616644017107e-10,0.16194099852270752,3.3416777655174457e-10,1.202418694587712,3.80270091259586e-11,3.940269647342037e-10
N20002028,44.373822959317295,25.739538191502824,12.200347470296656,11.931053299064901,4.48627486838341,1.401642670866754e-09,0.12058013836335475,1.0967807945833925e-10,1.148383071331378,1.5642883661772702e-11,2.1320752174990648e-10
N20002029,5.37019838203749e-10,24.057983509603574,66.05569263147048,7.352668179890992,1.9614510580344562,8.746335618960569e-10,4.149640400976555e-11,3.401997215462262e-10,4.588067913460201e-10,0.5722046184747122,2.736365088066961e-10
N20002030,8.128430111430468e-10,11.703896168340327,70.38870918799041,2.9673532926295674,13.384339323262164,8.040435646743531e-10,2.1142752332248837e-10,1.8871903048400332e-10,7.097575954968682e-10,1.5557020239398973,1.110827109710908e-09
N20002031,6.96467866869486e-11,46.21294071117724,33.993232333353305,18.735940830815984,0.5000775675074787,6.805930024331202e-11,4.2820494181004794e-11,2.1261155558546528e-10,2.2181883566556945e-10,0.55780855643437,9.666811122159057e-11
N20002032,1.0616005072916462e-09,19.712457742770482,66.89643848321141,3.5172387882936933,8.345818631650696,1.7175421501940215e-09,8.208022524611203e-11,4.036697110680842e-10,7.96036179164895e-10,1.5280463492714387,7.413566526742873e-10
N20002033,1.0734295980971036e-09,2.738349919710161,29.693167787521308,2.8884726024812792,59.047995238808845,6.437605298132675e-09,1.955307240784481e-09,1.1432043354320724e-10,9.54162135865457e-10,5.632014440475153,4.684208668800112e-10
N20002034,7.230773740879575e-10,63.24910199222361,26.264253441083607,4.289115158884251,4.914508445086581,1.2811230496345226e-09,1.1556055354404084e-10,1.6532368444321017e-09,1.0028051593800096e-09,1.2830209561988493,1.7473100535901837e-09
N20002035,4.0075618754954904e-10,54.00785569345861,39.00729754561577,2.366926189673504,4.126245904374038,2.7943725782939087e-10,1.3004945821022254e-10,9.975653275745278e-10,4.636074603299398e-10,0.49167466349727357,1.1094136591778821e-09
N20002036,1.1123926200722114e-09,36.05269740574594,49.302624193134406,2.438677548556977,9.357437969881442,3.983466904572034e-10,2.556931728101012e-10,2.5711923838222266e-09,1.4164130126801002e-09,2.8485628750003755,1.9268171029734484e-09
N20002037,1.4290881554804605e-10,63.871585381246106,24.035743828290514,11.192213216216725,0.6502763967733088,1.9986610833102386e-10,1.656138603821514e-11,5.320967103802546e-10,3.4593086540217934e-10,0.2501811760184369,2.1754083419360926e-10
N20002038,5.4672735268632693e-11,59.47072925782733,32.58358034443,6.7428733610524745,0.9689370639608986,1.558929824465361e-10,4.801289248935972e-11,2.9828534769135626e-10,5.415083418058476e-10,0.23387997126819537,3.6272799054317103e-10
N20002039,5.628907728088975e-10,11.71183402043499,72.43196505965844,7.04804198993762,8.115037755184053,8.347077726843785e-10,7.232179054469122e-11,1.4646550812009637e-10,5.138436765012673e-10,0.6931211722504317,4.0424387817951414e-10
N20002040,1.82552043645054e-10,69.4301781280482,23.23401553712855,4.080897333594113,2.9115467649527322,9.892097131165038e-11,9.415076675292214e-11,1.748711165385711e-10,4.018267377367501e-10,0.34336223461811305,7.059760207579566e-10
N20002041,3.048115880168455e-10,47.93025952943186,43.10953786321502,6.680703618091624,1.8482053887540835,5.566756829417677e-10,5.351313627036867e-11,7.291177063463213e-10,5.658227728531971e-10,0.4312935978806799,4.167939446605922e-10
N20002042,6.202654044827468e-10,89.96034635570832,3.709824957435168,1.1941647703476639,3.344301959983642,3.0890149942673514e-10,2.0230679756745195e-10,6.421544208106321e-09,1.266459364162111e-09,1.791361942322011,5.383715779911737e-09
N20002043,3.780174842843108e-10,70.38311096642731,13.494967401028957,3.217892050161474,9.880239920984007,9.174259930881837e-10,1.8983884063200884e-09,4.817900169435132e-10,8.783852160654014e-10,3.0237896515147846,5.329449528469034e-09
N20002044,2.383875409198599e-10,38.41776847842385,49.506627549539076,7.683208591791107,2.826973349324796,5.901155816454818e-10,8.314767458363317e-11,1.4369607639426195e-09,1.1454886680435605e-09,1.5654220265972691,8.297940957119309e-10
N20002045,2.373742170128476e-10,88.0805422553638,5.3041646657627535,2.4747249479368847,2.2154985536257197,1.2534587969934212e-10,1.972936632945304e-10,3.0536777649410353e-09,7.22195645916943e-10,1.9250695698340308,3.140940769818352e-09
N20002046,5.036122903228783e-10,18.26627160902955,64.79727103342944,7.243869350896759,4.32802844837224,2.682254416143973e-10,1.3015920535424955e-10,5.958209866108339e-10,1.1353276610709522e-09,5.364559554479304,1.1595617119414939e-09
N20002047,4.6173828871909757e-10,50.604945399024146,38.22306975765456,3.3508934486889332,6.05321096021526,3.484669780353701e-10,1.473338227149685e-10,1.1933600048614816e-09,1.0860969038059803e-09,1.7678804299786517,1.2014568973661578e-09
N20002048,1.1884892372587385e-10,65.21150727150969,23.763199463998355,9.255590539916124,1.3911160091672148,1.9999896851424173e-10,3.9517783810669806e-11,3.881226521914954e-10,5.637316521945699e-10,0.3785867137890428,3.093755642125099e-10
N20002049,5.1231516566413924e-11,78.57170956921425,14.73741932811394,3.862401839790723,0.30799564784359745,1.2489168001933473e-10,1.1270682498809762e-10,1.3217176200819488e-09,4.6504089053533337e-10,2.520473612285939,6.759667494377673e-10
N20002050,2.4908092523976923e-10,49.9418547408267,40.84514133684357,5.305933069822133,2.907110064914078,6.398617279632475e-10,1.2134051025818433e-10,7.347065772399855e-10,8.624421639467236e-10,0.9999607841164984,8.695951657504705e-10
N20002051,5.671463096211824e-11,50.199501427832224,34.25463540578401,14.752320225112383,0.37775038824534124,1.0361788371486371e-10,2.5805838810831146e-11,2.0385663931171463e-10,2.1747227133204862e-10,0.41579255228377154,1.3481610059391377e-10
N20002052,1.4489985741782684e-10,34.954632057347695,45.79064853500172,16.93380678715248,1.0236979577457648,2.684267741527215e-10,3.648152775209741e-11,3.2980582711870184e-10,5.37866074309195e-10,1.2972146610923587,3.424985702524308e-10
N20002053,4.507323168883981e-11,79.48774646801002,13.51281022475877,6.347004781998312,0.0964524476424295,4.228591087424038e-11,1.7117194865628808e-11,2.394979181171669e-10,1.5765349581542674e-10,0.5559860769879601,1.0088960344209682e-10
N20002054,8.320035953255959e-11,88.38824161954118,6.041724655538309,5.047685534089495,0.21165851330852797,4.516961376611244e-11,2.6221958911834936e-11,4.3360564956751345e-10,1.5302107411360565e-10,0.31068967653002294,2.512506048955768e-10
N20002055,5.441399392496214e-11,49.05150954062426,40.72845122013782,9.203425749176219,0.25294618116356604,9.992950946445228e-11,2.8725436606152676e-11,2.7213062273153184e-10,3.1950476658130837e-10,0.7636673079853892,1.3803851566538569e-10
N20002056,5.61658843140121e-11,50.103095090851134,35.69651318280277,11.29567325143551,1.5929156749517146,1.8226447772027113e-10,9.531891211480231e-11,1.1273990016875114e-10,5.783431282842601e-10,1.311802798442222,4.91837157982029e-10
N20002057,2.2177027155868956e-10,14.514670667272874,68.78844587423602,8.796261708854022,2.429107091130176,1.38393493959422e-10,1.276482927084904e-10,2.121300548618351e-10,5.416615549939454e-10,5.471514656832084,4.3322669656632943e-10
N20002058,7.544455391248797e-11,29.595419028878517,51.24962678187267,15.447720503161733,1.0333014059757855,8.623717617522607e-11,9.497766628348766e-11,3.557987692224443e-10,5.428951095747459e-10,2.673932278612919,3.430366760797815e-10
N20002059,3.115168712516627e-11,71.46945475732717,21.61949662167667,3.5306292783912436,1.9836173157842591,7.925974953960094e-11,6.77337578871215e-10,1.5723086740886168e-10,5.664826616261746e-10,1.3968020237843672,1.5248296881373223e-09
N20002060,2.9320690081971123e-10,67.47009261836583,22.326618084307547,6.163190420687501,2.6027217702837437,3.7402452573627146e-10,1.1622891918512686e-10,7.921083182546476e-10,6.58899062869709e-10,1.4373771030344304,1.0864590154986816e-09
N20002061,6.649050333476502e-10,5.236716239721745,52.64511661332571,4.03203713552563,28.401045158510424,8.833680873791905e-10,1.3552359601380945e-09,1.8315198798325594e-10,1.0377922503678812e-09,9.68508484692252,1.8695141528822804e-09
N20002062,1.3235303740063387e-10,48.528816515168955,30.602857758236834,17.213965851184273,1.6103693158974821,7.960487497183474e-11,1.2048782121904096e-10,3.7002434162962256e-10,6.526960071143906e-10,2.0439905578296442,3.2764881213285737e-10
N20002063,1.622700011383235e-10,33.448568650525594,35.50268596158858,21.000976851880047,6.067710885546801,3.6903304137918296e-10,2.6883490212827564e-10,5.959875969680146e-10,1.3095066863104145e-09,3.9800576463557906,1.397550961059846e-09
N20002064,4.3160086288867744e-10,27.65531926622125,55.140195351330746,10.172375385667873,5.656540762927724,6.368837100334372e-10,6.370874440481576e-11,8.482312538039594e-10,9.723472312651576e-10,1.375569230197991,7.016330904112281e-10
N20002065,4.444181162150043e-10,16.93435512968831,62.454850393689334,3.335893137210123,15.832779454524342,6.678709071288294e-10,1.8910138893050886e-10,2.3005443445640746e-10,6.599590032673361e-10,1.4421218818302326,8.662688820419493e-10
N20002066,5.4361123790548314e-11,45.395741065322284,12.36803363464092,37.34172364037451,2.226766531756543,1.5871105796061244e-10,3.6107145881059443e-10,1.0332623670204235e-09,7.78408548320448e-10,2.6677351250901893,4.2973277904315324e-10
N20002067,2.8106054924213384e-10,58.38891936411794,26.350476140295775,6.622989368958991,7.749298355799526,5.825089518002812e-10,1.3454289210545968e-10,3.3554922985977875e-10,7.470451895424425e-10,0.8883167678351369,9.119047773519465e-10
N20002068,1.3258489777127801e-10,41.75342196969456,31.811629738649206,23.686316955703788,1.1255309370341058,1.4667754667111257e-10,9.352770777126605e-11,6.191236740084243e-10,4.512587650376708e-10,1.6231003971848037,2.9035016273023216e-10
N20002069,3.5428932888966744e-10,23.379485991704282,62.36713326332806,11.318679024720087,2.662388478130056,1.3979400771175922e-10,2.2438278510755452e-11,4.713395001879981e-10,5.029478366903469e-10,0.2723132404360299,1.9068322932154005e-10
N20002070,5.70451296029018e-11,19.80348673530777,58.6768204912476,12.206633704522307,0.3597265460874993,2.6460770426366263e-11,8.858375284766999e-11,3.496427069941126e-10,2.7387261946221483e-10,8.953332521946672,9.255167489077492e-11
N20002071,1.9363013359400977e-10,43.774936945092044,42.891301007730476,9.912297423801885,2.9650890209252974,4.796214918716367e-10,1.1183222526340764e-10,2.58900039837636e-10,4.4084673681599187e-10,0.45637560046491255,5.005519967250918e-10
N20002072,1.1094972238785686e-10,36.427101900848065,51.172365258098985,8.342395146958093,2.7568285507463,2.2542115011012885e-10,1.7933082112829397e-10,2.4224373497867117e-10,5.109859470383526e-10,1.3013091416815226,3.9811181929857103e-10
N20002073,3.8955028947795914e-10,26.18090059634127,55.04188342886444,9.358385881487715,7.991026524297025,2.5929581708102913e-09,3.469363025657532e-10,1.2191325562869094e-09,1.3073986214883263e-09,1.4278035624093899,7.441767855446489e-10
N20002074,9.378170080152006e-11,55.31590258716642,37.81871523094846,5.999135199332387,0.5611208033272813,1.8077363460441304e-10,2.957437953329571e-11,2.146762882857362e-10,3.8608867417737307e-10,0.30512617807659626,2.4395384796603934e-10
N20002075,1.69931112797749e-10,34.680336954169334,55.55165928483393,7.074563363839125,1.1220811383604625,9.281900114704971e-11,6.195284725059552e-11,1.517756242421355e-10,4.708927304550082e-10,1.5713592573293724,5.204008367245452e-10
N20002076,1.1457399870179499e-10,69.94463463080083,26.38899636165662,2.594301746066962,0.9412322434414111,8.879441854594263e-10,5.941701318576641e-11,2.3244774946496527e-10,4.145723584289658e-10,0.1308350158889075,4.3632686796088005e-10
N20002077,6.96649083038918e-11,46.367355566319986,51.52542079756285,1.2113452250964793,0.8227293502561458,7.761410770678109e-11,5.960351773438526e-11,8.670597624901786e-11,1.8500986694465089e-10,0.07314905993858287,3.473541939525372e-10
N20002078,9.958074007948116e-11,28.61987085841643,65.42258645196047,4.675430094984969,1.0600319132247369,2.853575412068557e-10,3.089960966402435e-11,6.101111232227444e-11,2.466606575739244e-10,0.222080680411789,2.780905931424617e-10
N20002079,1.220628103873915e-10,33.832702606213125,55.543232535735456,8.683383108063085,1.7522693281307333,2.2952206915418186e-10,5.193017465580074e-11,1.9420217485802782e-10,5.065140156587451e-10,0.18841242047018902,2.8320027891695885e-10
N20002080,5.2335404699530346e-11,64.68838736040955,27.325390586978536,6.7510948717460035,0.40872662805912635,1.066762436485908e-10,5.742534351944943e-11,1.5518632792593878e-10,2.3640882175349415e-10,0.8264005521045124,9.425220588749088e-11
N20002081,3.6764256459757067e-10,15.492431186409911,70.68913848250595,4.453412204679554,8.353202288985582,8.150335783430476e-10,1.892806143044568e-10,5.230008556323613e-10,6.632332540696783e-10,1.011815833855397,1.0054163427277756e-09
N20002082,5.454761798759723e-10,5.944511718592869,76.66986217332203,4.570459809468119,9.460449355949752,5.824658193434805e-10,1.76918214152956e-10,3.8844554343414777e-10,5.930722242129058e-10,3.3547169397897147,5.911207784307993e-10
N20002083,2.723123920403177e-10,21.6261292618228,58.44304400319048,7.364020175364649,9.626089564822037,4.880709406101819e-10,3.1091308796306064e-10,3.7477510207841476e-10,6.017425735375861e-10,2.9407169915728972,1.1793191329914504e-09
N20002084,3.6735417479143485e-10,31.154398334748645,51.608718323964865,12.256134942522493,4.359570409154123,1.3347106682444212e-09,1.1603193135493896e-10,6.066340512462076e-10,4.022485742831797e-10,0.6211779861277928,6.550939765544456e-10
N20002085,1.5061450954009685e-10,10.651499390506078,53.84021037849409,1.7648613443164616,32.21467728453432,4.328735957684332e-09,3.6179592050184696e-09,1.1932143065110422e-09,9.438411956300438e-10,1.528751588766006,3.1486796613977496e-09
N20002086,5.230776959264327e-10,84.445296521439,8.001015972161778,2.7740241381441386,4.677158434345124,4.0282222563195446e-10,1.0757455914247164e-10,6.209276192727207e-10,3.607020094489091e-10,0.10250492947971844,2.4151217794964525e-09
N20002087,3.5380949740901786e-10,22.550788343665435,62.748369592386666,12.053736917298217,2.171597538810251,4.5287904912544894e-11,4.0007809280665194e-11,3.6795695082924215e-10,3.454754047494902e-10,0.47550760652849244,1.5840121325742203e-10
N20002088,3.674293565535939e-10,33.930523967705675,55.68250373126359,4.441283644712362,5.503035290926494,1.6627240742276758e-10,1.2432601308954e-10,8.801517832015874e-10,6.463530223598458e-10,0.44265336256832166,6.390464406814287e-10
N20002089,7.949235445449209e-10,83.95261344502258,7.164004769552037,1.9876571260196825,5.6589944899332885,4.4362474879520625e-10,1.9792814854612914e-10,1.1845977974245442e-08,1.094055137718453e-09,1.236730150595917,4.499993668701419e-09
N20002090,4.450981750050135e-10,25.277628833146355,41.78899310593024,9.674580635450805,22.135877687108447,4.2298364027141006e-10,3.0690679225726846e-10,9.106750276251208e-10,9.539139837579217e-10,1.1229197341732138,1.151344367215276e-09
N20002091,5.947273913953471e-10,79.18834503395128,8.955125508705502,1.4364090317789073,9.668521129840652,7.630440451890652e-10,3.2285936988803484e-10,2.166023477805429e-09,7.814996274375944e-10,0.7515992884255229,2.6699772173708332e-09
N20002092,4.363719306246813e-10,52.33968829179189,43.25338855636599,1.0157719084034387,3.241670816501522,2.070263243412737e-10,1.1088542356184181e-10,6.932842446620585e-10,3.76735304907409e-10,0.14948042393193156,1.1809237923190124e-09
N20002093,4.3270124010376573e-10,55.08284217052359,35.39920676965519,2.508859506417347,6.554695013425069,3.5301143196901754e-10,1.53280808851066e-10,9.037788470941533e-10,6.195480534872555e-10,0.4543965360987761,1.4176985384599711e-09
N20002094,1.828699596131881e-10,25.138172142215847,54.03630863959739,12.908288972102385,7.6941070553044835,1.6977124696902276e-10,1.0746910700669084e-10,3.2525326377198654e-10,3.7978848824091066e-10,0.22312318933863104,2.761151714569491e-10
N20002095,5.72850869248109e-10,89.11359250380985,5.139212006515298,1.3269994772430518,4.078755596799429,4.790147402364338e-10,1.3318897925610452e-10,1.9693448108454984e-09,6.165351297622215e-10,0.34144040953787913,2.323544437201744e-09
N20002096,4.918684813299438e-10,79.2897193443013,8.063804603381088,4.5599693615369175,6.200395346111603,3.318483083197903e-10,3.2650811757799417e-10,4.290198738990744e-09,7.99370155614489e-10,1.8861113354620773,2.9672243357428996e-09
N20002097,4.4122610337567965e-10,15.648855093190756,60.88466875136033,6.486259841463199,13.993336108435942,1.389882331914263e-09,3.94326669562302e-10,2.0853502572591622e-09,1.3088813894564413e-09,2.9868801977028703,2.2272384334196384e-09
N20002098,1.1414077992008213e-09,60.708067459847584,12.768347054867146,2.3383028579913376,18.632050645906396,1.7278586754829048e-09,5.927831935958959e-09,1.4691976053896865e-09,1.2575484525159401e-09,5.553231955696087,1.4167615742146506e-08
N20002099,5.822548755374313e-12,14.587553570419143,50.50824233964122,26.16205068566383,0.054370579532021776,3.7958558364223145e-12,4.6840775339335755e-11,1.8885116750257897e-10,7.467677184862513e-11,8.687782824390986,3.2819544969018853e-11
N20002100,2.8308463028465815e-10,13.966522986218022,67.07793563779856,16.048385707905418,2.1826664678950456,3.3806023115404295e-10,4.240127368009984e-11,1.473089090762204e-10,3.6438598026940177e-10,0.7244891988850245,1.226792861984391e-10
N20002101,1.847808464698279e-11,90.8797637599092,5.793141441724698,3.0561021530688666,0.1929757291405056,8.322346646296902e-12,2.1643132425500196e-11,2.3458080984761872e-11,3.987421465390668e-11,0.07801691593345793,1.1150140145375858e-10
N20002102,4.4617345460501945e-10,34.95780807857726,36.36766255755491,0.8789591566877081,26.681685117658727,1.0937772904775302e-09,2.367277126753132e-09,3.0917971993801114e-10,6.292783612691919e-10,1.1138850781487473,6.526964004584721e-09
N20002103,3.750932099066529e-10,84.85281823287244,9.411181065219287,1.025757193508279,3.6919991144216624,3.5998904886004293e-10,2.9204028806382393e-10,2.020341746552709e-09,5.982344942585446e-10,1.0182443885354957,1.7971428106582782e-09
N20002104,2.421287982432329e-10,35.30314459905261,57.937891902436334,1.8027793017522549,4.791970410365649,2.625395619132553e-10,1.2416811118398652e-10,4.250075465094285e-10,4.043068678472421e-10,0.16421378377022877,1.1647842838194804e-09
N20002105,7.217490113431353e-10,44.96579722093536,31.286037547867856,0.975431738549775,21.36342375184468,5.644359382195822e-10,1.9166799813276637e-09,6.393784238801895e-10,7.299079625075882e-10,1.4093097305205173,5.709654290278355e-09
N20002106,1.2839366889238254e-09,57.57660543068064,20.767042413645417,9.692641157662413,6.474225001755299,3.5990784237160157e-10,3.918792685155801e-10,8.67638937158354e-09,1.5324759652377129e-09,5.489485981656714,2.354935886302854e-09
N20002107,3.407497098736887e-10,88.42835334370103,4.766162681469092,1.604691353348377,4.673999728478657,1.0502609343480322e-10,4.0436789634369333e-10,1.4396566647995515e-10,2.1586213598054669e-10,0.5267928892374679,2.5553998176576562e-09
N20002108,4.883298670976276e-10,67.48653139023713,21.802800974096947,0.8551727302806532,9.349404196115987,1.2395497555522092e-09,5.327274574250505e-10,9.178701894148771e-10,6.513598457539938e-10,0.5060907029207639,2.518706462571025e-09
N20002109,5.387425234096797e-10,11.207114698354122,70.46886624576312,13.012707966446731,4.663568733352619,4.402957840426142e-10,3.104326954008762e-11,3.7618785028667e-10,5.627380520470575e-10,0.6477423538106714,3.237164335299848e-10
N20002110,1.484195297927098e-09,34.693335209396174,18.785699398127857,0.45348819420443326,39.055220185963144,1.6188272800238525e-09,1.8110085204740543e-09,6.054155322243822e-10,1.335925224306066e-09,7.012256999780004,5.67301028540761e-09
N20002111,1.7092023898437586e-10,5.340890324387419,51.67505906345232,1.2383780836429719,10.654891001955184,4.6048990454518443e-10,1.715428031715003e-09,3.177056561655301e-10,8.434007143970889e-10,31.090781522109324,9.44838459898501e-10
N20002112,2.8653596016117544e-10,7.570581495484517,60.70126850848884,4.332729470420982,14.266498071841822,1.3095997218789584e-09,1.3639681141286394e-09,1.0263431854352046e-09,1.4968020270972053e-09,13.128922445663735,2.616851011881106e-09
N20002113,2.117116964333689e-10,6.1046488117700015,59.09947596070697,6.709186115539256,22.318353755502372,1.067300262258536e-09,9.189162978258786e-10,8.45139758538237e-10,1.45869404237872e-09,5.7683353503598465,1.619805237061007e-09
N20002114,1.0706085098492096e-10,21.384238282039668,57.62317652987373,11.660943231393093,1.9056423391619348,1.2596319023403268e-10,3.4677742499643524e-10,7.579723980734329e-10,5.38509964687133e-10,7.425999615359391,2.95902768146111e-10
N20002115,2.208205334323601e-10,18.45192598702863,49.31449289614055,9.69395108755626,20.154241326487778,6.039016126959825e-10,8.717483416073452e-10,9.26086151419137e-10,1.3419507392034574e-09,2.3853886973596157,1.4626597265767778e-09
N20002116,4.2023094134555615e-10,81.47874482997378,11.007919092667299,4.592576681209133,2.2512123723293804,1.6007480293102253e-10,7.025674395756702e-11,1.4236528358976622e-09,4.4191529440799846e-10,0.6695470202838079,1.0204590374004595e-09
N20002117,6.607415526368541e-10,12.49186743715599,75.63421885025116,3.6420853435525395,7.7920963113223785,5.08542735790312e-10,6.95594568735036e-11,3.860083593030823e-10,3.829021149225398e-10,0.4397320549377629,7.724246929149715e-10
N20002118,9.146420334889297e-10,7.878419408509845,51.066319941386816,4.977389306259792,35.867673469812864,7.73336695968367e-10,1.1485132140378711e-10,4.636862945609701e-10,6.302867554840756e-10,0.21019787027690842,8.56970978521476e-10
N20002119,1.8278632450546764e-09,28.780487691789553,38.927363128941714,5.231928841674336,24.648329902076828,2.1417000701710848e-09,2.8029912598895453e-10,3.2436014005244427e-09,1.3934641193914403e-09,2.411890424448074,2.182554966864324e-09
N20002120,4.80632042795513e-10,21.537508385596897,56.85069001237877,4.935690703807878,16.320304905477766,7.129361050143631e-10,2.2978375301367634e-10,2.071582156763262e-10,5.491321646525722e-10,0.35580598984727807,7.117665391836027e-10
N20002121,1.1049144674305017e-10,33.038703584400565,59.97503398627675,5.901441972484502,0.49173970202111034,1.1466104888640795e-10,2.957329846239667e-11,8.335493656175599e-11,1.7577419967215712e-10,0.593080754167524,1.35704871256786e-10
N20002122,1.289839482653348e-10,32.82261822817096,49.449328584449184,16.635341836580647,0.3220346161205111,6.545466379626784e-11,1.349320148235503e-11,8.087981983570604e-11,1.1505115466308024e-10,0.770676734219776,5.5068322820913735e-11
N20002123,1.2130270637299234e-10,39.82866481540335,53.795933329278675,5.130238720268332,0.34052121618718983,1.3985313701063765e-10,3.142975386622583e-11,2.66569363329872e-10,1.4765108968569093e-10,0.9046419180068423,1.4879837385332345e-10
N20002124,2.1390373907486375e-10,84.15767249148807,8.082002625606952,3.723289067200504,3.047071278880153,3.271318964024891e-10,2.1614404948833338e-10,1.234538373918325e-09,6.015594804331355e-10,0.9899645328272052,1.4038461343049792e-09
N20002125,1.7670799759384855e-10,34.151164987234885,46.14708228208788,7.880882281732174,6.434533953070379,3.692780981836672e-10,4.255351594877819e-10,3.754348861237093e-10,1.0615346950563482e-09,5.386336492011174,1.455025063610112e-09
N20002126,8.121698340787003e-10,55.82267156965154,33.531840117097936,1.9575273202682084,8.038781120719836,1.5768664995446535e-09,2.508824490648527e-10,5.39045716794924e-10,5.740891872480653e-10,0.6491798639316515,4.577778078471572e-09
N20002127,1.0241199196740462e-09,10.604308604469068,75.6923858837525,2.6778722388021485,8.855139643311862,5.700471250362041e-10,1.750279529162349e-10,1.2999971762131133e-09,8.934831175479271e-10,2.170293625069996,6.317778911005434e-10
N20002128,4.7907221269404865e-11,46.25216231589166,37.22374008900931,14.44732551438136,0.636426293206228,8.385140629957994e-11,6.862752475159823e-11,5.969210056057217e-10,4.782479837570289e-10,1.440345785862718,3.731486078950003e-10
N20002129,4.233184411123251e-11,28.725823760660223,46.06176084845732,24.240757844702692,0.11629447707739633,2.2298894153922833e-11,1.3027743031186627e-11,2.2978091309763485e-10,1.1237657442193078e-10,0.8553630686546622,2.7908856363111612e-11
N20002130,5.003854734455654e-10,12.134565260942178,77.04098668946229,5.120531078105805,5.284758693257899,1.077741491344305e-09,5.636125533180009e-11,3.504523650714909e-10,4.4820734968759966e-10,0.41915827546904344,3.296195551122258e-10
N20002131,1.0422998739067086e-10,36.1052639112876,13.352819525704987,8.183746197884245,2.0453836995293657,1.1021282587547016e-10,5.41907585970338e-10,2.670177322968612e-09,1.1059463437181923e-09,40.31278665699423,4.067105956927501e-09
N20002132,3.4911377303050376e-10,34.39388013732447,31.25323884215908,28.8974844212967,3.6139713898448314,1.042346647487012e-10,3.654115637885627e-11,7.453779915749192e-10,8.105209817486491e-10,1.8414252069288712,4.00260045290198e-10
N20002133,1.2279101215441256e-10,70.55641491940585,16.32310284024583,12.515165912790097,0.2831309022745701,3.327258255479871e-11,1.382979294370655e-11,6.072943007961279e-10,1.7454043505625022e-10,0.32218542427146285,6.044696262296348e-11
N20002134,2.666084308783574e-10,88.47249702011415,5.805503650154678,1.2798180660036462,1.7084510543616678,3.7740117734154697e-10,2.143900334580901e-10,1.7890966683422556e-09,5.754623904216163e-10,2.73373020405901,2.0838670984800776e-09
N20002135,4.3071941259767437e-10,29.446128750336293,38.41420672458345,2.038235080872812,29.262618497076954,6.937912115241711e-10,9.15360561234964e-10,7.973744633400722e-10,1.0676663434249324e-09,0.8388109414107874,1.8148104617185554e-09
N20002136,1.2714876878915606e-09,14.369196945773485,2.0568107181424984,8.921378981134525,25.432788567797697,1.916062818912275e-09,3.053249910354624e-09,3.5207591890768193e-09,1.6929234013140796e-09,49.21982476323293,1.2464384649910078e-08
N20002137,8.949304613236754e-11,57.570018000550405,29.635227079197264,6.33688022432332,3.451506615959011,1.8875565650004668e-10,3.892088627839453e-10,7.336443647431774e-10,7.788401629334635e-10,3.0063680767085597,1.081509547510548e-09
N20002138,2.638304911571477e-10,94.93740342782256,1.8268320612786513,0.5546754705246969,1.807408445200135,5.096413800708443e-10,1.9268739101843169e-10,1.7963746464172642e-09,4.332615331305873e-10,0.8736805895466826,2.431479607210155e-09
N20002139,2.34565281212629e-10,16.297505507964914,74.68061247437045,7.2095281873846995,1.4828769009445382,6.347483073088878e-10,2.328602364213194e-11,1.4615236209178886e-10,2.2972786021831845e-10,0.32947692793164995,1.352801461644208e-10
N20002140,1.1875143092131913e-09,16.134526967171777,65.70002401236374,1.6565385752133288,16.129695115156935,1.5652979981815782e-09,1.6954346617336828e-10,5.861372833672338e-10,5.10479580781259e-10,0.3792153250883939,9.868473147413953e-10
N20002141,1.2740339098029964e-09,9.772686112464097,70.4446412415177,4.084162763004871,14.435521582069422,4.5483113312231873e-10,1.030346936469299e-10,3.103203930574551e-10,5.172763336643653e-10,1.2629882970159605,1.2684511297573554e-09
N20002142,2.7805239156841326e-10,31.035575718236082,56.83926124524198,10.46493726841107,1.3031273882931989,2.566033686491996e-10,1.876966542301181e-11,4.182256619136647e-10,3.630256911565153e-10,0.35709837829136665,1.916364303087003e-10
N20002143,3.046689846527691e-10,2.2856569096856107,85.24243158060307,0.9100370760308315,11.15352548212057,4.873713627379702e-10,1.3570401130746373e-10,4.0653834271784296e-10,2.926808382589933e-10,0.4083489491698173,7.631393914444196e-10
N20002144,2.9579366761231336e-10,32.07346454239502,42.92915558528186,21.574792619545963,3.066082633910128,2.961918140738763e-10,4.339599789283666e-11,1.7641939864396708e-10,4.163495894698909e-10,0.35650461751819296,1.2067592416825693e-10
N20002145,5.932216944837416e-10,13.623371146564601,40.31404300302662,13.464850073885277,25.16953455361633,5.880236674775498e-10,5.367543872363862e-10,2.222633594449751e-10,7.865334070303662e-10,7.428201219636089,5.442929921864619e-10
N20002146,7.131057884343237e-10,66.99341925061213,13.41935089980256,8.75781449791325,2.2205845772251287,3.3500060384808217e-10,2.0811459949593083e-10,2.3324749031901546e-09,9.659432183498946e-10,8.608830768565248,1.3270521141821067e-09
N20002147,7.793748198180599e-10,18.11561750298713,72.54657033061366,1.8686420621735675,7.144417764272318,2.6464808004603777e-09,6.295697940485753e-11,1.2973376894424635e-10,5.508990039208203e-10,0.3247523350128816,7.710024902453899e-10
N20002148,4.2625100179162974e-10,10.514298937941101,72.8892133781734,9.986238014232839,5.7488289863042965,8.1622957455506e-10,6.749575851958896e-11,3.2331510805692943e-10,5.024605221483259e-10,0.8614206807947805,4.1782155120039105e-10
N20002149,2.1280125746526115e-10,93.33453428179466,3.8073550381358485,0.6978473041583146,1.8128185626236062,2.764134590991122e-10,1.4441570192411514e-10,2.5156762482987246e-09,3.7681608199327724e-10,0.3474448085034987,1.2579437840175385e-09
N20002150,37.850216110164524,12.364778395806624,15.164678744149967,7.4487363433313245,21.200501879263058,3.911916281195555e-09,2.9072953093924236,4.789917412115352e-10,3.0637932130218823,8.909482588077306e-11,3.9018801711907757e-10
N20002151,27.596097815195954,9.692846188919898,19.526079214154628,17.28085811889269,21.87207465572181,8.516274784633249e-10,1.2462500974647235,1.1763132599019278e-10,2.785793908280122,1.7431442034310225e-10,2.2660406799082987e-10
N20002152,19.95136858837636,47.83934328181893,10.48833277266387,17.204373770897817,2.735193800391058,1.6831903220545993e-10,0.34889480810798695,2.9724263340845446e-10,1.4324929769258865,1.8893966286008554e-10,1.6359769019714897e-10
N20002153,39.99289531187419,5.406207234191035,18.22128793026218,5.206035054482295,28.813461899902588,1.0293504742826178e-09,0.5724131221081779,9.5486326363118e-11,1.7876994456654483,4.668640230129683e-11,3.425767612810573e-10
N20002154,20.667069058871864,59.53166328622239,1.297203176892325,3.163592961642583,12.81200933451434,2.9643098275100027e-10,0.8460447165812581,1.399604659052355e-10,1.6824174642197998,4.25523585476171e-11,5.764897454058254e-10
N20002155,24.37301661415905,32.90322405879992,4.802581591550591,30.62997869711344,5.259196621370342,7.815474888090204e-10,0.39995135703113466,1.969340849325218e-10,1.6320510588785377,4.286022773935751e-11,7.562378184666026e-11
N20002156,21.614450637951208,3.8342337405536173,8.204029297248814,31.91904313167184,29.57977169431975,2.1962821422541133e-09,1.4893002012146739,2.2292787901584343e-10,3.359171294334283,1.2858480690571969e-10,1.5803864321558633e-10
N20002157,6.507435575463429,32.51155405170907,5.1112469792273485,52.6787572261474,1.9630838335717808,4.50631820939229e-11,0.15563626354498303,6.761747895352117e-11,1.0722860701397334,5.830326883058072e-11,2.5279119772660083e-11
N20002158,37.26527560427863,12.197359560936514,9.561391980342878,17.938501963878487,19.23173623203229,6.937001854849405e-10,0.8339946066101618,2.6048191883278724e-10,2.971740050420885,2.1071486660626455e-10,3.352462828897422e-10
N20002159,17.55409440254696,25.803276130948166,3.0486499252780237,23.463343908985422,22.05048759818359,2.6646987853519274e-10,4.66955323751501,4.241506652077623e-10,3.410594795159739,4.689084455453908e-10,2.235851263343305e-10
N20002160,7.994223478834731,38.00037329599727,4.875272214971272,43.530554538042715,3.7941123365003993,2.7729411017298186e-10,0.3109076158410334,2.7309002572488287e-10,1.4945565191538426,2.9929653529563297e-11,7.843417563514245e-11
N20002161,30.32330398071687,31.318793158994534,4.716198588906748,20.472969060349975,9.525762685530543,2.3200509374596356e-10,1.119283969893076,1.7931313051590992e-10,2.5236885543995577,5.713670576374416e-10,2.2600778235882666e-10
N20002162,19.205610344684413,34.829855220779876,6.162798103981341,25.34605459409479,11.102077134433545,2.4107943808240865e-10,0.4878677261429108,2.8334049291325566e-10,2.865736875049149,9.681501717893313e-11,2.127187608237638e-10
N20002163,20.47599033708579,48.293576978296144,4.633473873977264,10.561284240859994,10.762105662007409,8.46368202650155e-10,1.0834503504106152,7.567042999635228e-10,4.190118555154939,1.272190061260674e-10,4.775550057199003e-10
N20002164,32.351994607828196,22.626695354430122,9.946822379097185,17.990721801523605,13.515165204222152,5.676939969443487e-10,0.9716487405186668,2.69162887364394e-10,2.5969519112731936,1.0720276466509126e-10,1.6281591568999156e-10
N20002165,40.62192440989353,20.189919089868194,12.67104840461673,13.973316799456367,10.059132725045057,8.018215820220825e-10,0.3888009680070627,1.2114590023341988e-10,2.095857601948181,8.830664669805237e-11,1.5359329790786093e-10
N20002166,18.911765304050824,56.56485620604259,3.0288382920680026,11.72850756428817,5.546725448185929,1.4339018410297927e-10,0.7872079510232135,6.897468814365276e-10,3.4320992331753626,8.618512118704152e-11,2.4656326241584144e-10
N20002167,28.523394139853675,60.14113512122676,0.4219629448674873,2.6942020875608064,6.060276951089243,3.194803938430539e-10,0.7308455225397793,3.2435384692955185e-10,1.4281832314394944,2.8997627895597125e-11,7.499034356342525e-10
N20002168,25.80792936069289,31.1670598796714,17.036933592410755,14.511426569865508,9.005811314974341,7.341940464354225e-10,0.5436569060080714,1.8325079106922091e-10,1.9271823752470472,2.3950226924894935e-11,1.8858224796469145e-10
N20002169,28.05665622844434,51.4732396966375,3.914768609167727,6.951770110232055,6.125066329617199,2.7925337033867686e-10,0.8903470483859225,4.3981295321076696e-10,2.588151976112733,1.4821649768255772e-10,5.352542205054289e-10
N20002170,22.85110409308526,69.7339443485467,0.10830553812343037,0.8295561033581833,4.913761075220504,1.2460738317771995e-10,0.5928159514418863,2.2149753009582597e-10,0.9705128884137973,9.120774799451319e-11,1.3729317106863423e-09
N20002171,32.90315734481874,44.85090425422555,1.7246676064197175,4.27947734846872,12.087646111867176,1.1890336567114787e-10,1.1740649036076019,4.6200512486241116e-10,2.980082428969874,2.1627987418030275e-10,8.254361457954181e-10
N20002172,16.68456779614525,66.65523493487903,0.5702514660372974,0.35967321947957476,7.42021947617363,1.1765464828653818e-09,6.170477112365782,4.0839217989196883e-10,2.139575990648,2.0743052022800954e-10,2.4790699112064988e-09
N20002173,20.168492163728573,22.039867637851177,8.534183924152453,39.28331966695707,6.774847902711703,2.1804546179433753e-10,0.4774978262410202,1.5600680305741014e-10,2.721790877701996,1.5202636625977263e-10,1.299363273171617e-10
N20002174,27.109757871063362,29.806295587979875,10.532661429955576,17.31340459168703,11.3170740002711,6.964123882134652e-10,0.6985943975334757,1.8647461479673793e-10,3.222212120253291,1.2895091879600857e-10,2.4445997651573e-10
N20002175,21.813934701598438,31.935681511398506,7.983403166997409,27.095540772372896,7.58926916028511,3.967460026686199e-10,0.5921769702507667,3.3241084443547713e-10,2.989993716026191,1.5336321778088367e-10,1.8816777980426972e-10
N20002176,31.63999705223303,24.435252273290317,9.984537350684894,22.20951693489054,8.230909161990917,5.817363122486491e-10,0.7406734276517085,1.2101177294720138e-10,2.759113798233992,1.761429025225415e-10,1.4571836926332382e-10
N20002177,25.488155053063455,37.36621224604685,9.578119193694512,18.755458252584535,5.975902854367816,4.694108837577873e-10,0.3578907537554343,2.1404363446822404e-10,2.4782616454656843,7.425072550919672e-11,2.6401518515669943e-10
N20002178,6.389983630395521,67.64841383864672,4.705136260943508,19.12820549530696,0.7991557267264018,1.67752399033624e-10,0.2116355246985266,1.420135535346395e-10,1.1174695228601463,4.435380167754832e-11,6.809626685561146e-11
N20002179,7.846712671301409,40.944686548279705,9.933785200948355,36.70929997206624,1.9331691808346856,1.0878236890492508e-10,0.31911724208980813,3.0721750699134954e-10,2.3132291839096717,7.161997137672082e-11,8.251015457787504e-11
N20002180,31.376019977131126,28.859354112707557,11.354166501534518,11.835355343832225,13.396227505146458,2.1014321889808406e-09,0.5551290681708889,1.91302247769178e-10,2.623747488903903,3.317341610817128e-11,2.47424857165615e-10
N20002181,43.380999463758734,22.339198050376332,6.744441162653844,4.217622175568401,20.37544585078504,3.5388992042806665e-10,0.6144967361753325,2.6540744683322157e-10,2.3277965596341232,3.168005756935163e-11,3.972169676871146e-10
N20002182,17.498755465295975,38.93990371158192,14.85229946184342,13.724786593329641,12.142580893562837,9.582104877870015e-11,0.9038498162152615,3.4349907084270767e-10,1.9378240575166996,4.4872883209519e-11,1.7004725578775788e-10
N20002183,20.479957110212915,70.88975004808185,0.3476524396778524,3.4277508897850417,2.446755527361762,1.0847650418239689e-10,0.5782342301542569,2.3766910211903633e-09,1.8298997511743447,5.3165890310819824e-11,1.0136493195752514e-09
N20002184,22.35431456903902,72.03198356458594,0.4835985849692976,1.2217596904132881,2.590456692196106,1.825298772035619e-10,0.3678773579135766,3.3919488271317223e-10,0.9500095399405248,1.0975613502567979e-11,4.095530402834903e-10
N20002185,17.321035486542097,59.54221652884301,0.9214034548001176,0.9307479676781549,18.0685087305677,2.5391872135266423e-10,1.6681227265200007,2.3220072365758315e-10,1.5479651033476554,3.049885914686997e-11,1.1846501012495809e-09
N20002186,30.54782355337611,11.265788097111148,3.9206951066423428,5.111003995764245,40.97326009747223,2.7137781513902376e-10,4.8542701613185235,3.776317522235007e-10,3.327158986770412,4.1771583454296615e-10,4.782709178350682e-10
N20002187,8.502001545758684,17.162875468395583,9.899501778465874,25.950896345560448,26.126951712957613,2.9333448934856394e-10,4.843045870041175,2.386266786514642e-09,7.514727274408786,6.264188296582386e-10,1.1058378337434615e-09
N20002188,26.190930914869888,60.291003709269795,0.39541159217049315,0.9571722067944569,8.350300928566659,1.7814939756874742e-10,1.5276117344579387,7.58200964542622e-10,2.287568910329444,6.859589014669427e-11,2.536377256457372e-09
N20002189,24.11520806307882,8.584262104832778,5.193210039993282,2.1381115368711696,43.3441419577697,3.7431307733464596e-10,14.197081764311587,2.2688142390275392e-10,2.4279845306006407,8.365202119868512e-10,1.1042812665331069e-09
N20002190,22.156473052347835,47.89857766393795,2.2733852064356985,10.85150530104409,12.190855886844993,8.323777390919198e-11,1.4047985738225415,1.1684226128651225e-09,3.2244043137882206,1.006523347452484e-10,4.2635658755629555e-10
N20002191,6.410937227346725,87.89243255614531,0.15199618734037057,1.348490585467083,2.2575176889001125,1.5334476038711225e-10,0.7342401336142128,6.330674380978196e-10,1.2043856196201594,1.8757596116667673e-11,7.608487116347534e-10
N20002192,23.02643347838252,24.53895620172687,0.6369243029684628,1.5330493735548136,22.524949040864524,1.3711154368875616e-09,25.41593269803008,6.736699848510386e-10,2.3237549009694263,2.809456644303963e-10,1.1775499666604696e-09
N20002193,11.061429329360701,64.94868990021222,5.183321195571647,6.860305988357079,6.227327536498805,3.0027174681594595e-10,3.6357901486901496,3.0591088759969957e-10,2.083135900043079,2.3970527443376565e-10,4.20442161602624e-10
N20002194,13.807596458400306,65.75338938217014,1.209495189360741,12.787917322046754,2.685923280741464,7.233268318309511e-11,1.4550161411735227,3.557204453825508e-09,2.3006622211101826,7.981247900001571e-10,5.692407382576423e-10
N20002195,12.598059029728482,82.23685430116818,1.5824831228306149,1.189447596515978,1.2794217704251245,9.444335623222202e-11,0.9038441564369232,1.4045352949323976e-11,0.2098900219552408,1.4580028478934117e-11,8.163911094434364e-10
N20002196,12.646075682653274,21.51641263598393,7.831427699578857,9.836841386053012,38.422528696213654,2.8337687187974346e-10,5.4177431904496345,7.525772933002144e-10,4.328970706228417,5.156838817680143e-10,1.2875825749773805e-09
N20002197,52.593295607799774,35.0666487056369,2.533761068450779,2.5945233005826194,5.188483779079769,5.235047710853944e-10,0.536931337684015,5.063684776899551e-10,1.4863561988115472,7.786372406124286e-11,8.468576962702512e-10
N20002198,10.53441177856554,80.70928459077773,1.1242838212015327,1.7759433439135397,4.929910696551485,6.908518358778031e-11,0.7107840250503751,7.046882452042133e-12,0.21538174362549894,3.4629388898624496e-12,2.347082417045895e-10
N20002199,1.7177896221623845,96.90470380988965,0.4489412909322686,0.28699631745398846,0.390396041759776,1.9845887840625372e-11,0.18698956188571023,2.9114679991510348e-12,0.06418335576483353,5.74649782591825e-13,1.280560052929176e-10
N20002200,42.808365108815124,47.79560183429907,2.4248436988321522,1.6197600587804457,4.079169091292644,6.160605399446206e-10,0.3577017198216997,3.252452439478033e-10,0.9145584866379239,1.513035961403712e-11,5.64507788827701e-10
N20002201,20.69431824810468,6.9465876059398575,29.862807769913996,1.919446004822942,37.946853889775575,1.3835090808118115e-09,1.286146463177214,1.1371997647336867e-10,1.3438400160185355,1.477168127643841e-11,7.352162100405415e-10
N20002202,22.630180176010178,51.78708962820075,1.3895697455283444,7.223751941731045,12.625621207983585,1.2236136109581947e-10,1.855550298378804,5.298053547091163e-10,2.4882370003500442,1.5236217389946884e-10,1.0127356600228005e-09
N20002203,13.097999057866302,69.58669749173735,0.980864082553398,2.392372361722565,9.516618467763001,1.0400855372459919e-10,2.4520846209127978,4.262568362753105e-10,1.9733639151819575,4.02165651389733e-10,1.3302045810093398e-09
N20002204,8.597469856733289,76.8777852696076,0.904285452456606,10.33989632583521,1.1762463302401507,2.518692054719493e-11,1.0213793313185315,6.088713056016512e-10,1.082937432513573,3.0827567404942856e-10,3.5269659336262877e-10
N20002205,10.736659256152453,80.12575987633997,0.5837683997509607,3.730940851781883,2.891474221273664,1.716390194353521e-11,1.1519229775804,3.76744622017381e-10,0.7794744161362056,1.6745554081426253e-10,4.231298000639718e-10
N20002206,56.28280517045551,18.83549209092968,9.959681992451307,0.7015447723443549,11.858309585095398,2.3076851179447236e-10,1.3145878682525913,5.0862437842160915e-11,1.0475785185155506,4.866030577244565e-11,1.6253177651956162e-09
N20002207,54.198959182122884,18.75831611736659,3.6373460858259037,6.03054029229032,15.026644615050053,4.275119705911564e-10,0.47143393797276933,4.659554631966207e-10,1.8767597677946755,2.2641585729462173e-11,6.607034538183434e-10
N20002208,17.91086708237367,68.44941414285856,1.6538082451649796,0.8408475890773253,9.276971256516168,4.0310941637747714e-10,0.9418201053743582,1.5884112523860553e-10,0.9262715767416824,1.0498158720922867e-11,1.3207809139898947e-09
N20002209,27.774025016086906,12.481804681670772,21.468199919924658,4.624722714968145,26.563177926883224,6.989795667886293e-10,3.843363836452178,3.811845394701873e-10,3.2447059016192354,3.9558546715405844e-10,9.191155647157953e-10
N20002210,20.40170550502552,29.538456652943957,7.606571879492173,6.754197736560386,23.906463270333003,7.012625854069741e-10,6.773226798080664,9.693477205630405e-10,5.0193781535584,1.1721283392263702e-09,1.163156815038579e-09
N20002211,17.311924232602177,20.050003720338317,5.221085798289304,15.399165285060503,31.39963834143969,8.337347839445338e-10,4.991405540460586,1.011694577074024e-09,5.626777078323906,4.113983291150591e-10,1.2286837482372977e-09
N20002212,10.82792541286493,86.96669413430585,0.07980746835983048,0.36960156838033575,1.1332609473086952,4.0087528027510814e-11,0.3148859779324117,5.2276718682191204e-11,0.3078244901117174,7.566319354522223e-11,5.682003491353054e-10
N20002213,30.425152663009193,41.44635543208225,6.808969353697955,8.727788494381459,10.447607473471916,2.3795082671561363e-10,0.7684370333380988,1.2042788130583e-10,1.3756895493996435,3.0118525875161996e-11,2.309959370521517e-10
N20002214,10.217982415289297,43.571278200635646,6.3780736684606,19.303626113281442,15.684464541688985,8.247274126361005e-11,2.067888096883281,1.1403974179147418e-09,2.7766869621336685,5.633035991419327e-11,3.478783625642825e-10
N20002215,13.749036003932726,50.90853013759956,3.754599294111634,21.69919696044937,7.940341328473329,8.920245994800693e-11,0.5145869187925657,2.8301067102980525e-10,1.4337093561119212,1.793499387225674e-11,1.387474055546061e-10
N20002216,22.423184803779645,35.76743498699973,8.968607821659322,10.387999573846491,19.218249440101808,2.2375769993469774e-10,0.8181552321396205,6.316785550457526e-10,2.416368140080507,3.0208742814770444e-11,5.072376393781961e-10
N20002217,11.409963811624158,0.23025114152597886,3.136219338786482,0.3699605839309368,78.27780951755406,1.056304420216184e-09,5.334171030631075,1.5695464533748894e-10,1.2416245739553424,5.588963433169581e-11,7.228252194290583e-10
N20002218,15.19252298085399,35.211159788021405,9.040631554985982,20.817669700319154,15.898761856820625,2.5194333487257513e-10,1.2683490960567156,5.443083383518594e-10,2.5709050217130267,9.362727559162928e-11,3.392228553165573e-10
N20002219,11.262735263195891,52.77989480188483,5.619531059404778,24.684313474611248,3.86810416529541,6.569281507233219e-11,0.35026682832964906,1.8429142247084046e-10,1.4351544068651105,8.16933805744736e-11,8.13798695662618e-11
N20002220,23.30420247076032,18.85566135596263,18.494478925584186,15.715253123041112,18.21885838249027,1.24782662415798e-10,1.6162691065390482,2.0519619515969198e-10,3.7952766342092734,8.34193694633596e-10,2.489896614188735e-10
N20002221,11.9947428864018,40.679363190381004,6.403647739384481,33.881940705814614,4.394606278326425,2.0081150537180278e-10,0.4749122787584743,1.6025953529004788e-10,2.170786920312872,1.158558865640859e-10,1.4339490508036744e-10
N20002222,26.154896567439838,39.464983263309264,3.9581025394869727,10.069410137617005,12.896392354611836,3.7498531401230337e-10,3.1764930794195774,8.894667079432867e-10,4.27972205508497,6.76520530680236e-10,1.0895644429069106e-09
N20002223,1.4458194857866207,60.024513106968854,0.862312443850812,36.56016546396029,0.28464142699314426,1.6311292632803837e-11,0.12242532115837551,1.1971867487650857e-10,0.7001227510427397,6.632772701011848e-11,3.681666015175065e-11
N20002224,5.495337358045078,57.47667099134335,4.09859957306842,27.846019842359805,2.310710656159757,2.0528394506183794e-10,0.4080775770321106,3.6938916230403005e-10,2.3645840012648214,4.594922904709248e-11,1.0604555230942463e-10
N20002225,10.772277580771485,40.78983651562873,3.951877297251679,35.844867551239254,4.5622199717807135,1.819824289782139e-10,0.5261067461878934,6.027391352091324e-10,3.552814336026618,1.0749817926912447e-10,2.21384244396026e-10
N20002226,23.348731261110444,21.313968368231375,19.56185065018751,25.98496414054,7.407486655663383,3.669012512805971e-10,0.3338813343160831,2.656291832775562e-10,2.0491175889753555,7.701132484214152e-11,2.6633267564927746e-10
N20002227,29.549429247104598,15.047373584546472,13.404528329385126,7.774514935671957,27.26564067765313,1.3021566416869307e-09,2.6073278014011927,5.874664679746735e-10,4.351185421185404,3.2923565261033024e-10,8.332557039359607e-10
N20002228,5.419535807376265,44.32941707798769,3.0640470861132125,38.92683655698587,4.902307258534626,9.247560178627994e-11,0.7716333242672674,2.8550409613246836e-10,2.586222888078192,6.782351923929494e-11,2.1106005943111719e-10
N20002229,9.586613049890422,50.8930381486313,0.5698990733736813,7.2342473898833415,28.013355084031094,3.151729996445925e-11,1.4242595045077195,9.060633114067745e-11,2.2785877490880395,1.3580028936986662e-10,3.364756638574866e-10
N20002230,25.663163520879195,16.24650628895549,11.204354017042073,14.702438206703944,25.374532850710168,6.10877356396363e-10,1.9358103528918473,5.575386987070807e-10,4.873194760991849,2.4128815024498146e-10,4.1572445108417545e-10
N20002231,10.766834104380345,62.91083128755255,3.0728120597830206,15.115892645573833,4.447097526220385,1.3590157103819188e-10,0.6186897411526755,2.417037500456339e-10,3.067842634632963,1.1525359130185426e-10,2.1137241641939537e-10
N20002232,22.825591327470747,32.42272369291102,14.19661644915657,16.002304075348135,10.500121923872454,3.3991795121294784e-10,1.4122255812753404,2.224296402116623e-10,2.6404169485417204,6.217495218157848e-10,2.3990353327707956e-10
N20002233,16.87515944907167,53.519234232491605,2.7887395794895693,17.775256900012085,6.490412304587719,5.456075639658456e-11,0.5016043536970741,6.026774817642875e-10,2.049593179833383,3.31605741072796e-11,1.2648838468227896e-10
N20002234,6.951153576209311,31.166023174031455,4.101642773535719,49.760300867828064,6.195676736315966,8.234242859371725e-11,0.599982747321951,1.3079758376118655e-10,1.225220124388934,7.882511192439412e-11,7.662055088539378e-11
N20002235,1.5672141042788517,47.15528196886504,1.504817298581735,48.28557746627787,0.3691929334003052,1.907588789786028e-11,0.12524574710565797,3.1491021546898895e-10,0.9926704810641399,6.054412802198213e-11,3.187670345289112e-11
N20002236,19.23631507413314,50.746980999667024,4.214001993578689,10.047609626222833,12.010601955096666,1.1231353581561165e-10,1.7054322987073571,3.4478561409465957e-10,2.0390580519163244,5.3936412520929366e-11,1.669412717911946e-10
N20002237,8.387467501111875,51.08291787086038,3.7679388107677987,29.74871408234612,3.100716845985012,8.367651211322827e-11,0.6369175494715622,4.970345903315112e-10,3.2753273386029855,1.2256176854977332e-10,1.509997059439636e-10
N20002238,13.101061738574376,36.09108687085174,6.83405281561153,37.21957402339961,3.9401602852428845,3.1407874298869705e-11,0.5417690203425606,6.776318768650501e-10,2.272295244886924,2.2441215356224443e-10,1.5689749607664076e-10
N20002239,4.787723314340593,50.300947860910114,3.6094902110701312,36.40683908051933,2.9020201029116293,1.3460947290411244e-10,0.2296414394630996,2.01541424644476e-10,1.7633379903177422,2.292146493893488e-11,1.0828315359579227e-10
N20002240,3.530713511579222,38.17318015711444,2.8703112468760654,51.583847734184154,1.4505485265256917,8.483933617304027e-11,0.6530764373359038,1.861279202554028e-10,1.738322385943938,1.2053627310232342e-10,4.9063961763531335e-11
N20002241,11.917924836814487,57.97514819637435,1.4614497360069372,22.326061191139242,3.3784068762549837,1.7369229279071694e-10,0.4549236697402682,4.699076785188152e-10,2.4860854926258953,5.805930178284066e-11,3.421578239032931e-10
N20002242,34.609788002868804,25.655034570684386,7.1617258890506434,20.5026065772103,8.850542660328692,2.506114018836598e-10,0.5260611513373388,3.2918023025350086e-10,2.6942411473739236,2.7579695169140747e-10,2.903217784051849e-10
N20002243,17.00643054461171,36.56095853003431,4.9750588672751945,26.23563020092956,9.7199656415301,7.629009884026773e-10,0.9976145962223029,5.137529087863493e-10,4.50434161774131,9.388094884984157e-11,2.849728938805909e-10
N20002244,19.147593166943885,42.54991739194694,7.05854847426396,26.788233851520836,2.9500382213293275,4.519109690387565e-10,0.19797987687725707,1.4133976395699e-10,1.3076890163033141,3.512281321651305e-11,1.8610714021041316e-10
N20002245,36.05389227368603,21.271115549519642,8.691095959312802,10.351562060762772,20.977859394986393,6.240312494011856e-10,0.5934409830663399,8.109171582595666e-11,2.061033777534951,8.061925713179217e-11,3.4534433998629534e-10
N20002246,34.135092233627404,14.924990093983382,27.23299656492482,9.965839927716473,11.584582060542859,6.710195294906244e-10,0.32245905246780593,1.6496567835360226e-10,1.834040065670749,3.4212874423812994e-11,1.9629007174475708e-10
N20002247,25.507172773695874,59.597978557630114,1.471484492037833,6.018441325713315,5.036562698815732,3.869582951176087e-10,0.5712118351785457,5.289154488043884e-10,1.7971483156480748,5.301677654925203e-11,3.1162112157602446e-10
N20002248,4.7296818353926,54.540847990803485,2.760957307250423,33.08906342412854,1.8862663897581202,9.869792280802949e-11,0.3908437496155997,3.73547963890856e-10,2.6023393023457366,1.0276943963520044e-10,1.3049067323626925e-10
N20002249,29.275394328670334,18.916836777887344,11.661392169162326,28.072468872241696,8.368748888558452,5.560370225734174e-10,0.6392748416694012,2.957950473796989e-10,3.0658841205279512,2.6072073731624744e-10,1.6993849169406417e-10
N20002250,37.73151345317453,23.874968796667343,14.55215264580271,9.519971133562631,10.547467069235712,8.573551673560247e-10,0.5385742326791749,2.519048330527072e-10,3.23535266745004,6.931422187286685e-11,2.4928653378905266e-10
N20002251,9.057185060888889,64.92883799617294,2.4191238910473754,18.31862493326988,3.3876878503543444,3.6710414486844516e-10,0.25057946290806316,1.3601289575328997e-10,1.637960804689538,2.2078476956868104e-11,1.437386257419663e-10
N20002252,61.383071869695904,4.548677127443447,4.664676038922673,0.13013008919517247,21.957879277760213,4.814201563343825e-10,1.3585301933845795e-10,4.0602361239797643e-11,1.6231647923269726e-10,1.1839795417768933e-11,7.315565596150556
N20002253,43.603942072103855,5.572379864381075,23.580852211217266,0.481910887470924,21.47163206515012,2.3955567894157312e-09,2.342356086092181e-10,6.782890724638449e-11,2.762604638583947e-10,2.0610508767594692e-11,5.289282896682269
N20002254,37.79574382610392,0.8584877893054276,12.137469208369012,0.21617034437815116,42.626336657380634,4.666309038964551e-10,5.134288684386842e-10,3.126762417046438e-11,3.2389575881784715e-10,1.7122685307627758e-10,6.365792172956421
N20002255,72.69733174896514,1.5976432700394543,3.0078816516585083,0.33279892550191403,15.466083787936883,6.698480258335038e-10,1.3274356551261384e-10,1.5721098293701115e-10,4.0967114176504575e-10,9.132678451449793e-11,6.898260614437292
N20002256,40.72040680320925,0.6491178079695229,19.429686671763488,0.26502914091480545,36.39168994250931,9.362237021793414e-10,1.2235995741045744e-10,3.906572720078206e-11,2.4033583340093794e-10,1.851844072447831e-11,2.5440696322771297
N20002257,43.2357905153547,0.307048925928062,26.86896963858673,1.7065738768642955,26.27890334299325,2.9355211772719106e-10,1.5942520255169048e-10,1.1528764361921475e-10,4.696154135288555e-10,1.8267954773729122e-10,1.6027136990523894
N20002258,54.02489574742059,3.154926437462355,25.082909192292714,3.1939674189071927,13.036782023323584,8.162282208448754e-10,7.850840059953478e-11,1.046214820662949e-10,3.259860955680376e-10,9.847971075810283e-11,1.5065191791697476
N20002259,30.45112370201968,0.32327004499097967,43.766899908642635,1.0786089877639464,23.806373587875783,6.866958145500769e-10,4.307874700044699e-11,7.584269535795325e-12,1.1796706476437157e-10,1.3050994921587584e-11,0.5737237678386107
N20002260,26.527331966587397,0.12439499111029975,7.120448053235755,0.7810991122835408,64.26026072258082,7.486269894673834e-10,2.184536547574979e-10,1.971258222707916e-11,2.347218227416951e-10,2.8533069993193618e-11,1.1864651529521417
N20002261,51.63098997875022,0.42057313457877793,21.266949196464516,1.232970475638261,24.7935703006091,3.7847511251758267e-10,3.7414536406862036e-11,1.5651163392689822e-11,2.3601373288692555e-10,6.408841922500789e-11,0.6549469132274814
N20002262,27.798329915366715,0.20565837025628395,28.58426885172601,1.3587470926532463,39.823809511633385,4.472761537245213e-10,1.2182480469371508e-10,5.4427466133325615e-11,3.1619886723634153e-10,1.505351403005015e-10,2.2291862572740984
N20002263,16.068073380342586,0.02610157279667688,1.350477810942249,0.011450751996370537,80.3234167297413,5.4172945156683737e-11,4.209897557249321e-10,5.4348477619084664e-12,1.155623434285777e-10,1.4450954148746678e-10,2.220479753440147
N20002264,26.62908095904792,0.44276411271003047,25.51140201666202,1.0361428296835298,43.2290246144708,7.339020742897537e-10,5.670091372670757e-10,4.860453241763792e-11,3.988356694298103e-10,6.574795912686157e-10,3.1515854650198585
N20002265,66.88975608204795,3.360960342602217,6.676748490185388,0.5766472357880668,15.77673875800805,9.613753992198444e-10,3.001937999801221e-10,1.195344659587914e-10,3.563430168082761e-10,1.0606693818584531e-10,6.719149089524821
N20002266,29.46582254965293,0.14179375924752996,11.49433175251486,0.545379668302016,56.549273860547565,3.3562566794690877e-10,3.3432198280855913e-10,4.4400666691690716e-11,4.4631202922571436e-10,3.9344677517366215e-10,1.803398408180998
N20002267,55.78272120386053,3.942710846951897,11.537564414792541,1.1533345960544847,20.442712463296793,1.5604711196050021e-09,8.965808217932609e-10,1.216725140130496e-10,5.939179807203625e-10,7.001928406852124e-10,7.140956471170931
N20002268,46.203801751133845,0.4461643270393203,22.300039935501044,0.9962490647026991,28.115448636155755,2.007424426908953e-09,2.357670743418868e-10,2.1331419021972367e-11,4.090324992246875e-10,3.194775247787001e-10,1.9382962824743093
N20002269,52.85038989303407,1.85781556165194,23.201027255037502,1.0040662835731946,18.369393616811784,6.813478316951848e-10,1.9124398961666583e-10,1.6729169095817167e-10,4.158435277935125e-10,1.494773939981756e-10,2.7173073882863124
N20002270,48.32735114324663,0.7220481729463,17.441994123829442,0.5562975201569282,29.312715770521102,2.0989217565046545e-10,9.326383450001417e-11,1.3401777353711272e-10,4.188051903637072e-10,3.259886799551569e-11,3.639593268411032
N20002271,34.51135757868579,0.12767562254767098,13.376874800473074,1.0617006154635784,50.09953179817105,1.1249344054864887e-10,1.155127122438347e-10,7.012340203935997e-11,4.3661648527978727e-10,1.337244955729486e-10,0.8228595837903606
N20002272,24.190718695120765,0.07752606479836356,6.284207259093878,0.5039306949687549,67.98462507722309,2.285678812636732e-10,4.447166271079449e-10,4.646320106633959e-11,3.555385423208258e-10,1.2037114030540956e-10,0.9589922075994844
N20002273,34.73025781878085,0.3419140357139078,10.714482705686684,1.8243896807608975,47.606566004800456,6.032750215002838e-10,2.7597741690971723e-10,1.5327650967872297e-10,5.253558720003359e-10,4.608484773730819e-10,4.782389752238482
N20002274,25.081546426359836,0.09194314821015433,13.787294363086191,0.8210123597209247,58.35039650519819,5.5601310288817e-10,3.8834649723454876e-10,7.148870141571718e-11,5.163609375801867e-10,5.505334944959713e-10,1.8678071953419524
N20002275,23.44759626002032,0.0925197071556676,63.916216147994255,2.425208644847047,9.656512161941109,6.055146658170057e-11,1.9710977269400235e-11,3.901887215940545e-11,2.664050726803716e-10,2.535228316008347e-10,0.4619470774023935
N20002276,48.13976599536897,1.374097169737118,27.74461563211424,8.3241292125868,13.477020759847392,7.31460661282482e-10,6.257580991245232e-11,2.7418253351690514e-11,3.2044220783113523e-10,1.6406638093126745e-10,0.9403712290395216
N20002277,39.31497329180929,0.5203079127501221,36.63465753999225,0.8757140029460783,21.000499492095827,9.628795506192178e-10,9.306186641053481e-11,3.325065520743852e-11,3.206816740213556e-10,5.865805566245909e-11,1.6538477589378862
N20002278,32.32542501146739,0.10182502420945494,9.801274553245175,0.546309615623699,53.8823046394169,1.0345080719569229e-09,3.910176814638704e-10,1.306975857285688e-10,6.356113192347706e-10,5.648265564989774e-10,3.3428611532807344
N20002279,3.353564233727319,0.006510436181356255,0.4412786011999602,0.048334614974661946,95.09607164173255,6.75885038375422e-10,3.062903847339203e-08,7.100728208883234e-12,1.7214574934822966e-10,9.769447432691025e-09,1.054240430930528
N20002280,13.076023132478676,0.03789932062906765,9.473386990184764,1.3843115775168862,74.99179180910312,4.189046615571513e-10,3.276661641759027e-10,1.432821851176733e-11,2.691921468736145e-10,4.902008898658054e-10,1.036587168567185
N20002281,30.674630494970778,0.09025893348257247,21.022417563594054,1.7584219187553485,45.22702161311766,5.415719430297374e-10,3.1622689575727483e-10,3.794729048229873e-11,5.526545591737868e-10,1.6513466224135467e-09,1.2272494729798336
N20002282,49.0325846415098,1.0444839285352976,19.533330254107824,0.3896177764554352,24.41299389069194,7.23743948562254e-10,7.15517206568637e-10,1.3401432521535512e-10,6.392067390407217e-10,1.0053810510507645e-09,5.586989505481846
N20002283,7.200560465568579,0.005124924642453298,0.4834988808635894,0.11309143604991033,89.77423451781286,5.657067145748158e-11,4.871101182451721e-09,1.574544749043191e-11,2.6852754258455943e-10,2.1632370931785125e-08,2.4234897482182935
N20002284,46.4746233078285,0.3004953945497378,24.009183875829525,1.5801160495614581,26.6160931524058,1.5543250492913118e-09,6.400379011870272e-11,1.3374802850872717e-11,3.0385403656133254e-10,7.100816779838612e-11,1.0194882178183906
N20002285,14.178725369235309,0.023170790719760644,4.471996931296423,1.3794761851742765,79.43938282338421,3.2619842955593595e-09,1.1139943714096314e-09,1.6302750786662904e-11,2.3567283284679173e-10,2.5780852402399745e-10,0.5072478953042547
N20002286,36.553736438141655,0.23927435975922834,3.719363396597355,1.813532448152828,57.14301725300094,1.993909035080181e-09,2.939786363953833e-10,1.0842765677377126e-11,2.1968542597025317e-10,1.6221158102789553e-10,0.5310761016673586
N20002287,35.11561312389141,10.076743139544716,32.36973827428212,4.288214432038314,18.14969102748487,4.893113923108841e-10,5.963423388130838e-10,5.070857964079854e-10,6.177039413247123e-10,2.1808436377477454e-10,3.300450686274394e-10
N20002288,21.69244034680649,23.55916372742825,31.835894661405252,10.953751965959231,11.958749294408177,7.829846452841176e-11,6.398728289367668e-10,1.521698971008757e-09,9.565732237842076e-10,5.781338232682082e-10,2.1801139527595253e-10
N20002289,23.894905139516524,17.48864345212252,34.96240535438932,10.380252733692997,13.273793317791375,4.803570375188195e-10,6.017807484530302e-10,3.395242825308985e-10,5.32747867639248e-10,1.8776916879694016e-10,3.450962306106723e-10
N20002290,3.661514808225838,23.143062461846796,17.166093356467115,52.217317325379696,3.812012046516434,1.0572206814358453e-11,2.499984357769846e-10,6.535405004119864e-10,3.4428246743693906e-10,2.3763668262673676e-10,6.809252393623191e-11
N20002291,30.650177353626656,45.26550846215523,11.678795384722235,5.2194759906058295,7.186042807075434,3.6826038722234526e-11,2.2418442440044637e-10,7.008053795217464e-10,3.4998313892111256e-10,1.1220258739980981e-10,3.905950858242242e-10
N20002292,12.698400947888,16.08908789184994,32.44226871815607,35.647176962457536,3.1230654749613316,1.1236901775264748e-11,1.9048716363758823e-10,3.5972538620668613e-09,6.235474970895413e-10,2.1281197325501542e-10,5.1814112009372075e-11
N20002293,17.66051911691124,9.51593926103093,35.17160351701904,23.83811952955088,13.813818572652362,1.2640116217845947e-10,5.852100408374633e-10,5.741897460176342e-10,6.412777677397778e-10,6.928119769953102e-10,2.1567264887166925e-10
N20002294,31.33502875036508,10.451148312005273,26.5503694355886,11.929367018743235,19.73408648058709,4.1651697413177675e-10,7.192333636850162e-10,2.364318953694339e-10,4.286344665236666e-10,6.678066333927761e-10,2.421053438284904e-10
N20002295,29.588577321815702,19.42869607602351,13.786991613124371,7.61336029833591,29.58237468775365,2.429518872669268e-10,7.596752180029748e-10,3.075303120472033e-10,6.870741885401256e-10,3.981170075678167e-10,5.514899192311461e-10
N20002296,31.115811988331004,4.536333172019932,52.55815824598,2.182706933173984,9.606989659325553,4.89546514849933e-11,1.3515113276854827e-10,4.1282130006719134e-10,2.89338964739422e-10,1.462626258217398e-10,1.3700395301078632e-10
N20002297,41.53389169806098,1.9811455293174696,14.08459645703966,0.941233364393192,38.077022040892594,5.460458237855648e-10,2.379897552469219e-10,1.3748195076420851e-11,3.2351785209631584e-10,2.0994046417930565e-10,3.3821109089648664
N20002298,21.037875988209645,5.235369723155292,52.1427726898706,4.920175494199074,16.66380610369834,7.673015590278132e-11,2.1177590541364107e-10,6.364659503776386e-11,1.811986277154861e-10,1.696237253586586e-10,1.6406504443507117e-10
N20002299,33.62402797537342,0.7106207854325718,18.77741196092682,8.843046197622728,37.25412331638726,5.624716813881177e-10,1.0345554990951121e-10,4.436857299713876e-11,4.227018842731913e-10,1.578202276128339e-10,0.7907697629663887
N20002300,59.08823780469049,0.8160342400045413,21.11405380418626,0.8920005120826106,17.423626414648993,1.4764041378147552e-10,3.07567692910437e-11,3.222328994315149e-11,2.6541139758304385e-10,6.126716546699891e-11,0.6660472238497991
N20002301,44.16172735774017,0.5934837055543603,25.467164772710515,2.2880936091304553,25.844748998215294,7.185556036459094e-10,1.3095296383207497e-10,2.7211852871103465e-11,3.5785504185733467e-10,3.0646521288500186e-10,1.6447815551081622
N20002302,45.943143699704024,0.9259058825547956,17.203738807397748,0.9165246039454742,32.07899671531187,1.8447351997589349e-09,2.378747241079653e-10,3.6369165143649066e-11,4.80771024826089e-10,2.2580343921085704e-10,2.9316902882605445
N20002303,38.70124089167856,1.3450939006285023,41.961625462700255,6.643763780901037,10.894864199458636,1.985363733019699e-10,1.7036897998044648e-11,1.8304393160477143e-11,2.0622718416535071e-10,3.32760676799973e-11,0.45341176415962003
N20002304,47.491469234199435,0.6486065607801855,15.801477311424769,4.0200390604239375,30.768602191407226,4.054831106078517e-10,8.554540658223487e-11,5.25385037160224e-11,3.94681239509516e-10,1.8002625903907262e-10,1.2698056406461742
N20002305,40.824110554435826,0.5408461682541597,31.85300479604542,1.115324010589502,24.98747009540622,1.2118526175696417e-10,5.505243069723824e-11,1.0642141378258263e-10,5.97663497470193e-10,5.806830552098293e-11,0.6792443743304806
N20002306,37.940050986342186,0.28533312218316487,22.532475667752518,2.0373336109243754,36.906199426132744,1.1847877739441765e-10,1.0331796808792208e-10,1.9821334216443142e-11,2.439223497543789e-10,1.5001619637833323e-11,0.2986071861644674
N20002307,14.891805516211152,0.20203601103517504,17.25012084049112,6.133818336665127,58.874755007008375,2.5269178661597485e-10,1.3757520197500722e-10,9.602859886001848e-11,6.869689117708491e-10,1.6240752849904321e-10,2.647464287253389
N20002308,54.08943033592137,0.768878195017106,26.062861106665657,2.737634216498499,15.840901467337295,7.159131488720339e-11,5.4520504409519676e-11,3.0010349045419967e-10,5.048427550720702e-10,1.5667130099669173e-11,0.500294677613363
N20002309,45.97093778390056,0.4824616434011107,26.901124400994895,0.7161001128117775,25.193256289633997,1.4217382220327548e-10,5.571389131359506e-11,1.0061820009564518e-10,3.9431808266498374e-10,6.548827645363197e-12,0.7361197685582551
N20002310,23.14669191989858,0.4165886286655849,33.15188751534379,11.568125656177717,30.92886690976322,2.899437537441618e-10,5.5317624629666136e-11,1.3635106010695338e-10,5.091040841681159e-10,9.234968569179294e-11,0.7878393690680441
N20002311,39.66914873654666,0.5489009751812286,11.849052856453426,4.473923981742142,41.28341654615173,1.271412869218421e-09,1.8805494594402485e-10,4.741335413016378e-11,5.260634233078327e-10,1.971612547197593e-10,2.1755569016947236
N20002312,62.14962876514119,0.8253273788531788,12.19426651072977,0.4677983609790156,23.462242228135754,1.3744068281090822e-10,6.533297700188484e-11,1.2702050750250667e-10,4.189229329948368e-10,3.434487829452515e-11,0.9007367553780298
N20002313,29.20630300190436,0.899275731059034,60.1277483317181,1.3212054156965312,7.97431366090081,2.6517822263871395e-10,1.8754645018986266e-11,3.8110314623103535e-11,1.1832297909937798e-10,1.2570085026567583e-11,0.47115385826823253
N20002314,52.9052968005016,1.7350707229998579,20.773325671040595,0.27739249000464344,23.125588613309016,4.1956701091187346e-10,2.966402657439934e-11,5.292731132790243e-11,1.9300778503743137e-10,9.888885278033848e-12,1.1833257014392375
N20002315,49.310785079233085,0.8594456924010169,19.703433318842393,0.2094326376307065,28.17109555764119,4.757101683676121e-10,4.408148538197551e-11,4.4082025093934996e-11,1.4255155453428771e-10,2.169428342325482e-12,1.7458077135430043
N20002316,59.780921564071065,0.48047389014863634,17.213193457462335,0.4998598515663286,20.719563433153,3.479638235381643e-10,6.551040950454409e-11,5.807511901032245e-11,1.9334238086573178e-10,2.2327860300120598e-11,1.3059878029114351
N20002317,33.97332538129631,0.899933276600635,24.64037028860368,0.9524713982331153,37.09052197735574,6.384101615065024e-10,6.451111258620587e-11,1.3077351041205783e-11,1.9264306536389572e-10,4.674474082915179e-11,2.4433776769551256
N20002318,40.4443436931132,52.032172613623295,0.3749774075192163,6.094145933930103,0.05380089856121102,2.803344769619196e-12,4.5391767169753117e-14,5.778293880959963e-15,8.088434481999428e-13,5.1293178532974525e-14,1.0005594532492592
N20002319,54.92911917172627,1.025659160087166,14.983774726388258,1.3377681541658692,26.448836784752416,5.375716653347981e-10,8.266882978213565e-11,5.123945977952156e-11,3.390315217478187e-10,3.6236781501402985e-11,1.2748420018332778
N20002320,45.468899151807825,0.24439030141962303,33.88332219209903,0.5878438390692572,19.33136558732709,2.1569183749063476e-10,1.6499824853729287e-11,4.509482880256242e-11,1.908898494148167e-10,5.752306707483033e-12,0.4841789278032175
N20002321,44.72504129139765,0.17323530277689794,35.775936579675516,0.3271375410751897,18.681789787840223,4.325790551968932e-10,4.408716864679968e-11,1.9209508095334783e-11,1.4916527326317735e-10,6.695895796480596e-12,0.31685949658278334
N20002322,34.6736283715032,0.28591632366584835,33.440231462397904,0.9247259315595054,29.29228354625753,5.040513134561097e-10,7.322624346494685e-11,8.377156552251123e-11,3.017399029179501e-10,9.514353392581669e-11,1.383214363558067
N20002323,35.84250165033244,0.5899437657424754,41.07792948613025,0.49662287778082626,20.975424860435528,3.1136537709255365e-10,6.722706907211331e-11,3.2888885485392335e-11,2.480968274793539e-10,2.0816819411792543e-11,1.017577358898086
N20002324,38.00956535390291,1.0483845582141038,29.757987172511474,1.485063707277698,27.761257542167773,2.2624924048647324e-09,1.1407516860898771e-10,2.573307380067693e-11,2.8488549776619265e-10,3.770674261054759e-11,1.9377416632011684
N20002325,31.78529813998226,1.9292309962850713,48.338814167033156,0.7507189246614507,15.503455663325532,8.216815399855529e-10,4.8945292801574965e-11,3.900931330271949e-11,1.8772246630384387e-10,2.9653993997647e-11,1.6924821075855028
N20002326,35.54309223732859,0.40938052940252023,14.890947646917544,0.999615733409584,44.095985118119664,1.094498491984092e-09,2.7661292511221107e-10,5.5982152643459525e-11,3.9431930320886606e-10,2.31739397907469e-10,4.060978732768965
N20002327,32.40592014505646,0.2141037287337962,23.033269460593335,0.8481251017979037,40.780532426737196,1.2245592992350268e-09,1.642547800987448e-10,4.606264212061794e-11,3.210116308763169e-10,2.401853014224316e-10,2.718049135085235
N20002328,30.565663796335258,0.7425563774905409,39.64741463620357,0.3367490806230386,26.029822299360973,7.729829327511233e-10,8.296694357039186e-11,4.482439001018724e-11,2.2138003152093642e-10,2.4419208619260442e-11,2.677793808840048
N20002329,79.20459473409261,1.6274694769362132,4.61458106884764,1.4108859282112611,10.456444241741082,3.6843788338755937e-10,4.374094730175737e-11,3.249336625553751e-10,3.266282889925129e-10,3.7557584707102905e-11,2.686024549069901
N20002330,32.89232106572514,0.567605218221872,11.41446594939243,0.5390604882136715,49.44492346330328,1.3989537426010692e-09,7.690550024123239e-10,6.021946996587345e-11,5.217965367224242e-10,7.419439106179475e-10,5.14162381165164
N20002331,86.00208128378053,3.1200957794300366,0.30708361431539105,4.332178816272581,3.7514490861930234,5.353620062498441e-10,2.7686129020451634e-10,2.2191278279647725e-08,1.4045547481938744e-09,2.0723428065685925e-10,2.4871113953931543
N20002332,64.37336018669842,5.398089733570653,14.833332571972793,0.5987114256901409,10.624666937335121,6.555400569956621e-10,1.0588104945343033e-10,1.7232289373945238e-10,2.8454145036618213e-10,3.161939583365137e-11,4.171839143482971
N20002333,26.530428811782397,0.9875676426036484,51.314320795519144,3.3347276330003313,15.958172830875036,7.014629695485498e-10,1.2508765255831615e-10,5.208198089993848e-11,2.4218279676253606e-10,8.82352470491363e-11,1.8747822850104006
N20002334,79.34363428447895,2.50089353935676,2.128122923078704,0.7532311226749444,10.23944968375568,1.2889665987327482e-09,1.0249082940933165e-10,2.7212708774218677e-09,4.811923897277835e-10,1.3113989214315127e-11,5.034668442047924
N20002335,74.34174812148966,6.697106615050474,0.8703489365379563,9.594649694076685,4.133790391339379,1.0825382047387586e-09,2.193826207876124e-10,2.2149964662328233e-08,9.288269966229656e-10,1.5947241535571222e-10,4.362356216965662
N20002336,21.135914339601975,1.127904192597248,56.99222564100367,4.834625220033384,15.317931138004278,2.0188328645097934e-10,1.7779523701149295e-11,3.274277988094278e-11,1.7008497843008955e-10,1.1344094771210904e-11,0.591399468325614
N20002337,25.52835287514452,0.9338714123626227,59.37780260976119,2.2195566256201884,10.463031584202904,8.292483719497507e-10,2.745899624549841e-10,1.178104555976391e-10,3.6138683089818794e-10,8.146355051933105e-10,1.477384890510905
N20002338,15.560985334408684,0.029072501520119413,3.3317774459992733,0.20863743295390186,79.74887427849838,1.3629891399412091e-09,3.0975252026501335e-09,5.1675326177587586e-11,3.281465450686316e-10,8.821373837698608e-10,1.1206530008971658
N20002339,24.603944441767066,0.49062564782830903,10.812506227227246,0.26256183632111085,61.18079227446572,5.875901674372449e-10,3.85761715551863e-10,1.1762280775101602e-11,1.9461560928240987e-10,9.753253190014491e-11,2.649569571113279
N20002340,57.006774121504066,2.055953821169583,0.8963344742140268,0.07056599976790545,18.70374358864425,3.375633345650548e-09,5.835320786251752e-10,1.978546019695946e-09,4.932988828920322e-10,7.0732288574525e-11,21.26662798819844
N20002341,37.54738697701315,3.5791061942662052,51.167647356573596,3.9074267784006316,3.1450712209936253,1.9509901136069692e-10,1.7565392783445344e-11,6.565091779240774e-11,1.181097553697443e-10,2.381212218771898e-11,0.6533614723325655
N20002342,44.76189298377156,0.20195001682712213,19.34424629692035,0.2019560169810088,34.82775766434926,7.249334794146864e-11,5.8116298490728896e-11,6.09627544298504e-11,1.9840836049113228e-10,3.07715334704987e-12,0.6621970207576144
N20002343,39.988966782232836,0.2467235365119017,22.611576614510597,0.05580982314561487,31.16249480085519,7.399759752257212e-10,3.718418009855474e-10,5.966528334200467e-11,3.6216317003948947e-10,2.2257949585749117e-10,5.934428440987614
N20002344,37.098702580784504,0.4673112156490209,44.98827377654585,0.7920082732797842,16.188002395546146,3.1396934388255037e-10,1.3424007720354416e-11,3.574257830018221e-11,1.4494803585828137e-10,2.502745210082268e-12,0.4657017576840877
N20002345,59.9864959626812,8.886335267547485,11.93539142379537,0.9888860060898157,12.007850243402785,6.566981487977348e-10,1.9769708512159053e-10,3.88774650135458e-10,3.501698025456891e-10,5.336832676681801e-11,6.195041094836646
N20002346,48.90543056284723,7.117391778702675,24.47692178742054,1.5489383997912112,14.383072015994333,1.0130681332316688e-09,1.0432653146979261e-10,5.240259852040265e-11,3.086267552213239e-10,3.817041729162858e-11,3.5682454537274193
N20002347,70.705708545833,3.5718828955955426,2.5314727078064823,0.21376030203731025,14.468176306230053,1.3996569723829653e-09,3.606306973219568e-10,1.126541542957611e-09,4.755949544528156e-10,9.733144158253007e-11,8.508999239037841
N20002348,55.07540465073518,1.4145948856441084,13.778939249432403,0.37835033713161986,26.71286212718541,6.911449209452825e-10,7.384456340097959e-11,8.784301089202179e-11,2.672170631924955e-10,1.4288209600225911e-11,2.6398487487369366
N20002349,47.60063549156086,0.21532532177876507,41.974037219508965,0.3983286004936251,9.56929199905153,7.31448267759712e-11,1.1622389704095004e-11,3.308221800549889e-11,1.5940206252531015e-10,3.0204850954808605e-12,0.2423813673259829
N20002350,3.9019129215264146,10.436328349842213,68.35368610078822,16.71238286430071,0.36159556453365593,2.4421274825001163e-11,8.384797095153366e-10,1.2777657228712288e-10,1.38019442513319e-10,1.593401069178694e-08,0.23409418194607576
N20002351,48.731202904308105,0.163739866481732,6.892893452580773,0.1588255310399022,42.89410501711931,8.043321141712556e-11,9.612719146726753e-11,4.523090469782072e-11,2.1831291042124633e-10,7.402713665967855e-12,1.1592332280226783
N20002352,43.23824122822779,5.048604756683229,10.401931883447043,0.8590446056686433,33.287000187630944,1.90892856367943e-09,4.6904012041177165e-09,7.860163787296551e-11,5.468457528404335e-10,4.165282941369378e-09,7.1651773269522785
N20002353,52.943763615842144,2.1817492988404066,27.138026845525822,1.8044072148364343,15.222695601290548,2.5343768902534394e-10,4.2411019569810686e-11,5.951616712252366e-11,2.2273350549169034e-10,8.46670487928375e-12,0.7093574230780779
N20002354,59.22140910366115,6.720538940416241,7.888340674111473,0.2445161375371617,14.674021283259167,8.838841015613836e-10,2.783010391832539e-10,1.5861009785561325e-10,3.502090296160981e-10,1.36579517176106e-10,11.251173859207226
N20002355,63.96287489082756,10.281884054761361,7.019725516282967,1.9166025881662405,12.142192124229942,3.6147302204147266e-10,7.591175909819385e-11,1.5792002494595377e-10,3.05073691313735e-10,3.7660946808976014e-11,4.676720824793887
N20002356,47.45404036926419,25.003076376001488,11.595498712448377,0.8405600156985839,10.07472596489649,5.375738077955391e-10,2.0493323880621702e-10,1.1487950832069416e-10,2.512538895362304e-10,1.2426752402843254e-11,5.032098560569811
N20002357,48.597512950843665,1.940776631833473,23.97131275638181,0.3733102241356741,20.834226830819976,5.32597685336806e-10,1.4968129112443042e-10,2.637803794034922e-11,2.2196845042253224e-10,1.767729737953958e-11,4.282860605037097
N20002358,44.21415171405442,0.9162868043703423,36.927888147908035,0.5892458637456403,16.893466916449228,1.0920124197834445e-10,4.642657917051554e-11,2.6916239188633523e-11,1.59348116777831e-10,4.012927172816848e-12,0.45896055312644257
N20002359,66.1855374298635,7.055940364914055,3.2041785740685023,0.24789669899780314,17.2601626332274,3.855736974519873e-10,9.312427958044032e-11,7.679357006717639e-11,1.5725454458312517e-10,3.9154553111232484e-12,6.0462842982120595
N20002360,56.388278483151936,1.0293657953130677,19.516892866979752,0.15077659331294177,20.888982283338546,8.421633502682988e-10,3.008314566992925e-10,3.4109380702035026e-11,3.498333100969941e-10,1.1105187751581528e-10,2.0257039762657665
N20002361,77.17163884738983,1.877343619488395,3.8641661206276607,2.5831724067069657,10.620071905332058,7.717139015212613e-11,6.084849122410307e-11,1.331408843393192e-10,4.790998978329939e-10,6.990299773390556e-10,3.883607099005789
N20002362,66.37274103758367,3.2847841808972316,4.857923238096314,0.500316509741051,19.977048360488496,5.632937815163345e-10,2.4995097584299403e-10,4.6374860026017026e-11,2.3978224543490525e-10,7.619869823709796e-11,5.0071866720176486
N20002363,50.61025758445459,12.259819776746808,14.556732265718553,0.7995917259400482,15.196312607404106,1.1093050372374343e-09,1.9952627836286794e-10,2.243026683315774e-10,3.6723827157571244e-10,2.546986143695627e-11,6.577286037810065
N20002364,72.00378648352242,6.003998273720776,5.355140967811769,5.337825191943891,9.401475413428205,7.421385098342593e-10,7.408988771599466e-11,1.1558001286617118e-10,2.376179119161745e-10,1.0152007455644322e-11,1.8977736683933586
N20002365,74.11311963991936,6.196439904761662,2.2646956351380565,0.8513495536178561,11.111786368216132,1.335454548373699e-09,1.311032625388493e-10,1.664247186936753e-09,4.333525455277491e-10,1.3711540830470319e-11,5.462608894769066
N20002366,47.627924229569466,7.277065297008679,26.928414366148377,1.026893543638264,12.009879308768816,8.412233242827699e-10,4.040793498133446e-10,2.165942075438686e-10,4.006870237357656e-10,1.7240268380903467e-10,5.129823252831393
N20002367,69.07461672993648,5.392482447200768,6.397053300243963,0.8561767783914379,16.766948190783516,4.555061707533154e-10,8.2123581284609e-11,1.8681067978534992e-11,1.5826856654984481e-10,3.262379236114467e-11,1.5127225526966275
N20002368,78.42138230580758,3.984960300367783,1.6179086652885335,0.3195165089153491,9.561801255172334,6.340170779552698e-10,8.075668734413258e-11,4.269739224708247e-10,2.9224418322466314e-10,1.9715842630715386e-11,6.094430962994712
N20002369,65.67346556415647,1.924204612064367,9.463902681038268,0.5815482063371726,17.909642946458852,1.5709702325307264e-09,7.709864247835487e-11,4.42821185929148e-11,2.1310419229637986e-10,3.18954047899305e-11,4.447235988007528
N20002370,71.95114526793483,1.3686970625201273,0.591186887927556,0.18350893667924056,18.804030416172335,1.4390753842770514e-09,4.068512416098573e-10,1.7789973724745995e-09,6.992393281395017e-10,1.754612912411341e-10,7.101431424266287
N20002371,75.73089423144275,3.750886993698028,0.9542771451104038,0.16774826713193816,10.931556035657607,3.00077506238487e-09,2.719186089327863e-10,6.500955395846864e-10,4.33992032791846e-10,3.1794873528160446e-11,8.46463732257071
N20002372,34.87415789777209,0.9580873897338584,8.388191461477764,0.30355786612997754,43.219932705992406,1.372501880981969e-09,1.2139810365920197e-09,5.864148712424851e-11,3.326714726678568e-10,3.769960042188191e-10,12.2560726755391
N20002373,58.4981642216387,12.713135146397455,7.0937061120770615,2.830524954809341,12.119398150808824,5.335304343833406e-10,3.8499962832147525e-10,5.270359911016546e-10,4.1870376811599995e-10,6.787850350345181e-11,6.745071412336456
N20002374,70.24254993752812,4.799281652869205,2.7418167656236454,0.1924026422312908,13.28677026830009,6.220284712973859e-10,8.873697598455259e-11,2.4317465457631996e-10,2.2546611664664408e-10,1.5652816903713417e-11,8.73717873225258
N20002375,82.9166662280932,2.007386907043969,1.8527833865972405,0.4852880219799781,9.581334925547221,5.980450352401247e-10,9.277539447670856e-11,1.689725197074264e-10,3.41670845320184e-10,1.0368402078797095e-10,3.156540529433239
N20002376,57.20622912172703,4.779791969905682,3.1854990750876637,0.8625039559317699,26.36559579886949,1.809273427955331e-10,5.922669003905676e-11,1.9584491165037386e-11,7.797872012366014e-11,4.8754238661061234e-12,7.600380078135785
N20002377,30.99606134170144,3.9528389067663925,49.032508629817535,3.343461871382643,11.166699925633313,1.8886130324820256e-10,6.539918992807114e-11,1.5200892795238056e-10,5.308513660174209e-10,3.044654088391446e-11,1.5084293237311235
N20002378,41.802465147697475,3.2355486107654756,14.575887893225994,9.87590190557031,24.332927989077962,9.764611393922202e-10,6.561959137695456e-10,4.797090420408109e-10,1.0948330878608162e-09,1.2637238836769719e-09,6.177268449191834
N20002379,56.55720369853011,6.591822541008169,7.803824855054195,0.39109552925317886,14.650671436467864,9.904994787151215e-10,1.9163366813350903e-10,1.304129756228396e-10,1.886340900216954e-10,1.641992324448289e-11,14.005381938168892
N20002380,63.269695875566036,3.1605661047758957,6.741683089802127,0.24574216084727601,20.31108399281277,8.479715247423215e-10,9.842349997680806e-11,8.733562079941185e-11,1.8913961332611237e-10,1.7723974492645248e-11,6.271228774955305
N20002381,60.14630205367381,4.697314633123619,15.064266713694588,2.713422433991806,14.317504062644531,4.0335802087831135e-10,4.661906089883213e-11,1.9769324100977908e-10,5.158659034511587e-10,6.226985893243304e-11,3.061190101645844
N20002382,68.18221946000996,1.6589062683175122,2.370453300067494,0.26950855647279176,19.0180536869463,5.804681074225067e-10,2.327628317950579e-10,1.8579146282944245e-10,2.405142237108802e-10,2.5049402397847292e-11,8.500858726921331
N20002383,26.499370587351873,2.080754806266044,0.9330667785991607,0.18631127591035446,57.207540668868475,1.82538766149648e-10,5.165585238917852e-10,4.6111135228132993e-11,1.1410595493008643e-10,1.0416745258797387e-11,13.09295588213436
N20002384,72.5792190903945,7.00186350233622,7.393263519534054,0.6245333886947959,8.882672582265814,4.917774191205082e-10,4.4747780667944013e-11,1.039333887697701e-10,2.1836006247571982e-10,1.6060980896475398e-11,3.518447915899726
N20002385,23.574715276109266,0.6360207054851846,21.22481633316587,2.1847285630617743,50.0255742923038,4.3427024040218046e-10,3.4418628307856803e-10,3.752325579896792e-10,1.0627478764680855e-09,1.2264490972898953e-10,2.3541448275350354
N20002386,63.645700219904796,0.7727795414421994,13.838873211022406,0.3565018993099105,19.791102102998146,3.005489459475058e-10,3.634180486970439e-11,8.817179090821458e-11,2.114506145717849e-10,9.171175584423566e-12,1.5950430246768592
N20002387,53.55737336348181,0.726585109865931,4.698966648199974,0.886460567072205,35.89776688083399,4.691625587463771e-10,4.103165970479888e-10,3.5870712822016486e-10,7.276931643061221e-10,2.0370684731134435e-10,4.232847428376489
N20002388,84.69635557019723,4.219621998709566,0.8604878910158169,0.6819257078272151,5.9799588873584035,7.900047378219607e-10,7.69643030942776e-11,2.689239261139585e-10,3.0882761940184895e-10,4.160197482422013e-11,3.561649943405455
N20002389,44.76991415664898,1.4968584718581361,15.228045063017454,0.8524168275098014,36.376348198351444,1.0414292890570889e-10,1.3845320211344792e-10,6.355457989354135e-11,5.457319463453202e-10,4.7851419738530845e-11,1.2764172817144723
N20002390,33.53202209118772,1.3417446382935163,36.07271308088096,1.0718271151412277,25.407342023376273,6.204974651002645e-10,1.4766296279202006e-10,8.759036930784085e-11,4.3532130120020076e-10,8.636773875340544e-11,2.574351049742852
N20002391,29.05542291205873,0.825721376691963,27.00269500152797,0.6162343809291049,38.27304584796396,3.8853058497352807e-10,2.1417803498189101e-10,1.1194165821025216e-10,6.099138950049872e-10,2.2702749840487977e-10,4.226880479276674
N20002392,37.12788195468148,0.11860335854457422,23.69264266619934,0.8689944896074,37.55883434264916,1.2012671406032763e-10,1.8286686075853525e-10,1.9511015715947928e-10,6.615759366869993e-10,3.951016661443506e-11,0.633043187118863
N20002393,30.775147534803953,0.9586925819588652,28.744523573879547,2.346917484978205,34.413591621633316,2.5956978201355284e-10,3.7829680207553553e-10,5.855267462906755e-11,5.158958332550807e-10,9.708341735105072e-10,2.761127200562965
N20002394,63.143068166524294,6.174456166002336,9.403110157413558,0.2814009475544329,16.55817996245084,4.4686169704209826e-10,1.1630390658067076e-10,5.4091542609016414e-11,2.006269067031468e-10,4.2558907518108547e-11,4.439784599194087
N20002395,53.684221454684725,0.30170387252960235,22.724585613806827,1.445004765858738,21.4791774699507,7.562425696004167e-11,3.384185915328705e-11,2.276327128219366e-10,4.039571613317139e-10,5.623546916928703e-12,0.3653068224227227
N20002396,18.89272957979332,1.795729961596542,58.000456026635405,3.9439288402449515,15.199097214107105,2.8831681556025736e-10,2.755644318870577e-10,1.1551138427377845e-10,4.217904027945219e-10,5.572888676986008e-10,2.1680583759642125
N20002397,23.923914084732935,0.394524122556037,6.163171721568786,1.0405847680050628,64.52476832185893,2.968408742073218e-10,5.087047148830144e-10,5.1351524598572096e-11,3.8460805409842845e-10,3.2464020426625374e-10,3.953036979712117
N20002398,4.715862021235716,8.525504473596364,12.20425669328925,74.31818179766631,0.19778325445855308,8.809394727129669e-12,5.5006846283288106e-11,2.153754713934802e-10,8.187924761128561e-11,2.0004881373536308e-10,0.03841175919266101
N20002399,22.619309489718688,0.24499761678492674,18.138956593243662,7.893697573423193,50.13168495639045,4.939223633728155e-10,7.843711681775464e-10,1.989022558717002e-10,6.003233398529431e-10,5.234908624740736e-10,0.9713537678380882
N20002400,3.0052563953276086,11.655463702919109,11.021095647885163,73.99676621424622,0.17953592666338003,1.9752396849822342e-11,4.958424376625874e-10,3.2885002819925995e-10,9.892935230105215e-11,1.45895370416592e-08,0.14188209742560137
N20002401,19.615365342396956,2.0650276018066327,54.02816587575162,16.719719069903075,6.910384561854491,1.232097686088959e-10,9.40477435642468e-10,1.2952449216567385e-10,5.400488355442646e-10,1.7346159777950263e-08,0.6613375292078252
N20002402,0.002936544788748152,7.285067940661927,6.199089701416188,86.51284245731915,1.2059864675202378e-05,9.424330171641368e-16,2.482994239653749e-12,4.4352958683997715e-12,3.781873782349607e-13,1.9269496061568068e-09,5.1294015061352156e-05
N20002403,16.960422576258587,0.2981586338204643,3.7005665249734467,0.3409754964479818,76.42496451613225,2.484161544095642e-10,2.916786530243255e-10,7.504760475475534e-11,2.935082507415492e-10,3.5978247319880505e-11,2.2749122514226343
N20002404,0.004241704171331801,0.5517473592345291,11.333241488172709,88.1107023832167,2.3731100040701987e-05,7.944658406533216e-17,2.8841656499583737e-12,3.6037374175750545e-14,6.440629558914121e-14,3.2725380903832306e-09,4.333082914925179e-05
N20002405,0.044655623327476426,4.843064528167312,11.075522869130912,84.03532430520553,0.0009406676820856736,4.044468583032022e-14,1.3460103048611302e-10,4.211311745480735e-12,3.157292562412657e-12,4.194441480240006e-08,0.0004919644002740514
N20002406,9.922725630280626,0.05109044727414271,2.8231694411103936,0.20883801821833686,85.30901482749633,3.3189352128467e-10,2.7277343421573366e-09,1.5071538130169786e-11,3.503617640022932e-10,1.863568601153562e-09,1.6851616303315358
N20002407,46.31981239676586,4.0213012424948635,22.313223226781137,0.213230269015464,19.70986268977555,7.079897892880851e-10,2.2750133765848246e-10,9.600779793961557e-11,2.7326355388838264e-10,1.7638421997057486e-11,7.422570173844732
N20002408,31.043712305316156,0.502098369900148,18.690500395476565,1.1574618097048601,46.09928020922846,8.768656031072507e-10,2.5803179586419314e-10,1.0642106086087139e-10,4.422499230969434e-10,1.636785953648053e-10,2.5069469085265657
N20002409,66.75190055296339,4.220072465717395,2.1145962182428955,0.79120634272813,21.07722876001004,5.714785435733649e-10,1.872676153585504e-10,2.4867989719785023e-10,3.1590570422404756e-10,1.1933052099882684e-11,5.044995659002863
N20002410,5.179268430218592,3.7341849418576443,68.8908417254579,20.450069869573618,1.4598209182237283,3.744235705543523e-11,1.919431202186893e-09,1.3091879457509475e-10,2.3863255218750345e-10,4.5639524939855606e-08,0.2858140667025687
N20002411,44.7818090725354,2.089460643438017,27.51686564727192,2.0876408397032904,21.001484865415886,2.1415690585763676e-10,5.838909561098929e-11,2.056988783596278e-11,1.8024074757947764e-10,1.8900559615415015e-11,2.522738931143223
N20002412,49.645051725109305,0.9136234234205934,11.17785783527254,1.6838911148942493,33.020803932293,5.28002283861448e-10,2.07842001592182e-10,1.5920013370239796e-10,6.189012081054489e-10,9.42262852346158e-11,3.558771967402125
N20002413,6.685401505245283,0.005615246519155607,0.706357251800308,0.028573349510086183,91.33004546301247,3.26040540864032e-10,3.732150948264729e-09,1.8319205755638093e-12,1.2364884689863095e-10,7.54239702470358e-10,1.244007178974775
N20002414,52.46090463305254,6.2008389248138815,19.123839934711615,1.2758669711858035,16.549940584055218,2.8578140019759944e-10,2.0605686414509773e-10,2.3313812072208725e-10,3.3943229413205295e-10,3.136625072662263e-11,4.388608951085185
N20002415,62.104330036742006,4.545716207532006,8.499897041023948,0.5463849556829744,20.653629287849505,2.5344992361513944e-09,5.539446428198876e-11,9.100051709225189e-11,1.9160305700359375e-10,3.238662740642584e-12,3.65004246829381
N20002416,21.953192361681936,0.18280895950334056,10.763542894776375,0.09407342932595783,61.32756667330482,1.3930434074156562e-09,4.615176683738653e-09,1.74079962116995e-11,3.3835885476287247e-10,2.646251467470897e-09,5.678815672397318
N20002417,34.482551153386545,0.16105838069819792,6.256493237289844,0.6462435095279806,51.742193708489516,5.0192843648153315e-09,2.6191454718084227e-09,2.4542576635956037e-10,7.435305230718821e-10,3.949069419470071e-09,6.711459998031459
N20002418,37.520674407525355,9.591580553474357,13.567236148227474,0.8154589866623241,29.79250740650868,5.784960750040848e-10,4.233196806031217e-10,3.355830995105108e-11,3.373152957871195e-10,2.469134472154146e-11,8.712542496204431
N20002419,25.60302464861075,14.879521624676343,52.44273249576972,1.533803856856139,3.905535725251731,2.292423251649581e-10,2.679380280960163e-10,2.7389192290410095e-11,1.837906976286142e-10,9.515995910325942e-11,1.635381648031812
N20002420,61.01346976981369,1.69613084481171,2.467565445882092,0.11876933644188678,25.764981367756217,7.015417446321138e-10,2.1030769624317371e-10,1.8462967359934247e-10,3.387493089071679e-10,7.983613710375465e-11,8.939083233779339
N20002421,52.63888102135965,6.667872744864149,3.249420914034961,1.065148596019003,23.348270202050152,6.170795508618974e-10,1.1255283984870902e-09,7.209456002277885e-10,4.2106402885946445e-10,3.989734883045248e-11,13.03040651874755
N20002422,47.06224595474531,4.392701969220521,4.9833580461845965,0.6976645776998464,30.806962112397873,1.3348189694254547e-09,7.175717767046196e-10,1.288324657778939e-10,3.3957802290434047e-10,2.7214299047796298e-11,12.057067337203845
N20002423,74.63507422961895,4.242694129778147,2.7513875479043723,0.26560466077958644,11.406544393583198,1.8251452471711732e-09,2.120017424746608e-10,1.5502809137452791e-10,3.550303425279406e-10,6.610828829348593e-11,6.698695035722428
N20002424,12.366362667030751,0.022605500668962875,1.72865263406447,0.528147114311943,84.04460402816024,2.129115568150516e-10,7.785187953091817e-10,3.182762152649682e-11,4.859202525376937e-10,1.0069721790771595e-09,1.309628053247488
N20002425,20.033655987973614,0.02634363677004269,7.43532322502624,1.2689108620019327,70.0111749522856,3.5040313162056623e-10,4.3588305699626755e-10,3.256162087361003e-11,4.6265581858495844e-10,6.573566434574158e-10,1.224591334003709
N20002426,18.078490933305527,0.06727331913142527,4.657470425488848,0.5365935991685946,75.62311359817147,1.0199688149344095e-09,3.5450344776385373e-10,1.5451483084720225e-11,3.176127132903319e-10,4.959592276057921e-10,1.0370581225306426
N20002427,35.3961985432202,0.17727158627246756,12.934921216540504,2.5689799661003834,46.413197767197886,8.69505778196288e-10,5.034786006094092e-10,8.593362197706901e-11,6.468457011371977e-10,1.7644326828409913e-09,2.509430916798359
N20002428,41.33343501844869,3.3292830921030836,23.504551632943038,0.18582048309689386,25.19526960453444,1.874404419302866e-09,1.1301899754897211e-10,5.584596861576676e-11,2.682396418502525e-10,7.388242381352693e-12,6.451640166554958
N20002429,77.22593713667735,2.5445398442633422,3.443806907618003,0.288263995559449,10.238680880813867,5.427496926028058e-10,7.444952135035354e-11,1.731819968227914e-10,3.322692581530449e-10,5.309205580525782e-11,6.258771233892259
N20002430,48.815933293721216,0.29422642788694464,10.762899710642134,0.664291643422674,37.9700261538691,8.166105891762828e-10,1.524404476352638e-10,3.953849272157261e-11,5.363172180078533e-10,3.188141040733584e-10,1.492622768594195
N20002431,81.93479403739903,3.7994188407909837,2.9759118274404037,0.29140609578480786,5.939132229043344,2.19776684161205e-09,7.912216573845497e-11,2.3091262303771923e-10,3.271191518838235e-10,3.184309482045595e-11,5.0593369666746675
N20002432,63.81082192024535,7.100211682606368,1.358087469287302,0.3413906760096825,14.185417596615608,7.19004789093056e-10,4.492462897895241e-10,5.538550916613507e-10,3.7407305250882827e-10,1.0893272124414764e-10,13.204070653030586
N20002433,42.78023758309572,0.26172156865938595,13.506299574157971,4.064233598191638,38.56590207904782,7.116757515602053e-10,6.894947261796994e-10,4.678791148237078e-11,7.208469351350601e-10,4.338664113117425e-09,0.8216055903400004
N20002434,57.75741008148335,1.305387302660213,11.808520369308956,0.5308901696901265,26.26021175625054,9.641280176888211e-10,6.597544862321613e-11,3.799963496894676e-11,2.166190615280318e-10,1.4352946208578078e-11,2.3375803193077545
N20002435,41.18986976786435,0.23533244888946978,16.349950108988324,0.5999094376061541,40.44045277032358,3.254489879336644e-10,1.841630231112171e-10,3.5767596812509464e-11,3.443955925420204e-10,2.141308121806254e-10,1.1844854652242105
N20002436,36.481392318460706,0.039955986177556184,12.86093418824752,0.41287435105364817,49.280490644089795,5.77873734344574e-10,1.4921296510825974e-10,4.1534669220235466e-11,2.9017073567485345e-10,1.2078667642805252e-10,0.9243525107911882
N20002437,35.75485614428678,0.11443744325050141,21.63824502509057,1.6620227007470734,40.15109565499106,1.9593839300581536e-10,8.63908004842548e-11,4.3593647489718446e-11,3.339866694016689e-10,6.951178184056455e-11,0.6793430309045922
N20002438,22.20768293282678,0.15322359455767212,4.152542059936412,0.3831598581191973,71.22963981227184,3.654424082813937e-10,1.9605750057255715e-10,3.5865633903063883e-12,2.501918893654399e-10,3.297805836394837e-10,1.8737517411430233
N20002439,49.8816713536519,1.0019755521490585,20.425415582901042,4.333350003158925,23.32051009333523,1.6152616761513992e-09,1.3258134552950723e-10,2.818391201413449e-11,4.950556736818872e-10,2.504679718025647e-10,1.0370774122822985
N20002440,49.53617401456921,0.448103304619524,18.537995177855297,0.4710682812034954,28.8669110292027,1.620423454655667e-09,1.1033165250599749e-10,2.1460372378166844e-11,2.2702940719500074e-10,4.1349675966811955e-11,2.1397481905291724
N20002441,37.357993371027156,0.07322750290240498,26.382296483012187,0.4794902969831554,34.56070238769375,6.499896581288118e-10,1.3487764180189267e-10,5.888111429527001e-11,4.0651550559550717e-10,2.6495265223686617e-10,1.1462899568661338
N20002442,33.334642125582,0.27952080876975516,9.829244089341959,0.5140525272029487,54.50761249565501,4.473612489646117e-10,1.3507159527951953e-10,1.0380989097507045e-11,2.9327429143019915e-10,3.194812270132218e-10,1.5349279522427546
N20002443,12.173908122984766,0.007583084578856105,5.613369541178429,0.48044045291471243,80.94851732499471,7.289583756472964e-10,7.941359100629235e-10,1.7160167962579595e-11,2.3861647727268583e-10,2.8263914202506404e-10,0.7761814712870005
N20002444,35.710475721968066,0.43623962700674,18.30715051613936,1.5082425129076469,43.05202524829862,6.005179353406636e-10,2.1521356395982132e-10,1.432104019157903e-11,2.924590695285978e-10,3.675337546011522e-10,0.9858663721895091
N20002445,38.23967607973572,0.3143622460643402,18.4095878238757,3.0787006189091657,38.29529599175287,9.468670406551855e-10,1.911593789465319e-10,4.1940306194338215e-11,4.494662290779111e-10,2.463095869245148e-10,1.6623772377864572
N20002446,40.509233737824765,0.23272242349931757,15.174588622915739,0.9154392635205286,41.48583268974115,6.872082303880556e-10,2.228217441236276e-10,1.752783742692292e-11,3.4729660175867773e-10,8.302534872419035e-10,1.6821832603933877
N20002447,24.374785782741988,0.07866347420644154,24.64726130595248,1.0678091356940342,47.41455521603319,3.7874236836341586e-10,3.8438304255434874e-10,3.608080616821239e-11,5.295791747287944e-10,2.1729174718980156e-09,2.41692508187017
N20002448,32.94169581298031,0.9365893263236823,11.594105227452536,1.2956828087925594,50.60408743164842,5.896539101379161e-10,2.7561387041265096e-10,6.418384832357945e-11,3.557733564166788e-10,7.814115115842896e-11,2.6278393914391125
N20002449,27.832492038281508,0.19189545518777934,31.775965877222294,1.701038415969558,36.938841644571504,9.650406524420481e-10,8.7706105652594e-11,2.2600604726201293e-11,2.619940837026622e-10,1.1765581302277915e-10,1.5597665673123564
N20002450,34.344718048592036,0.15079837138684896,23.93861927885042,2.4119713531848372,38.23297622979987,5.067889304445764e-10,1.0202428779909699e-10,2.9194924608396934e-11,3.548265984430687e-10,1.6494245784538072e-10,0.9209167170282025
N20002451,48.75494182610194,1.4543991848410713,26.07744737096024,1.8163051535876704,19.864107603501065,5.82573751244317e-09,1.2446312374522824e-10,3.707311274157605e-11,3.5889373132298606e-10,6.843167242840574e-11,2.0327988545934184
N20002452,39.442850925069536,0.3861896202960156,33.69362290240232,5.258231295053527,20.436030757574258,8.724216604444296e-10,4.097468205699821e-11,3.138567438926715e-11,3.1351380518609773e-10,9.974034124035045e-11,0.7830744982462998
N20002453,42.24407524023939,0.7391995453875391,5.653459083992924,0.810088416330698,49.14150229340088,1.6783933996334342e-09,1.5967452812106999e-10,1.7240395612873734e-11,3.222832047287105e-10,9.884357320573107e-11,1.4116754183721063
N20002454,61.16515277430741,3.483830629268314,17.866667653348962,5.158001707608952,11.51091412022575,3.3591734331010126e-10,8.870912064084092e-11,8.679167553316398e-11,3.7244563620130917e-10,7.10064929626654e-11,0.8154331142857274
N20002455,39.211998771284016,11.71140861245992,18.48449151387202,9.433035704436842,18.257976063104383,2.8587627930529507e-10,5.859038869364799e-11,5.8525629528334e-10,2.9010893334349146,7.70759081605657e-11,4.010974541307913e-10
N20002456,26.262101389257523,8.118284252027781e-11,3.8424524150305097,52.57850198631539,15.477265905950482,3.7567020373974674e-10,5.552051791647461e-11,3.2870733951628653e-10,1.8396783019935075,2.604025509821237e-11,5.854690605883433e-10
N20002457,41.27549403733322,4.6421411402319906e-11,8.02276426001293,17.33329977794524,31.139855473632387,4.1953647227477933e-10,2.2949109855997163e-10,1.4727898493369481e-10,2.2285864490305696,1.682103224087135e-10,1.034713869932942e-09
N20002458,4.933256905409416,9.647145533399007e-12,3.2748452123504252,84.79369344325667,6.102305420511275,2.1726558972610322e-10,1.7279296432977163e-11,1.9812217329353307e-10,0.8958990178199516,2.142027597305739e-11,1.885402397221215e-10
N20002459,38.46952405594731,6.564144622011023e-11,3.84328812331839,6.033430704786838,48.96535870028868,7.784536626646387e-10,7.240651541072885e-10,1.4994845894757058e-10,2.6883984113237873,4.893497433352638e-10,2.1275521772413414e-09
N20002460,45.31889749062893,4.4561968772927194e-10,19.74812653739652,12.99379845787208,20.03079127155031,1.037968001389043e-09,3.017190463813874e-10,3.3129842261282887e-10,1.9083862382536152,1.029100426290384e-11,2.171642936238169e-09
N20002461,32.4226825389174,3.582059947363336e-11,3.262704190769996,32.196913585501164,29.847705444535645,2.681779656403054e-10,2.89950290881746e-10,4.2082546142345544e-10,2.269994237974758,1.9896921016426743e-10,1.0872959398301472e-09
N20002462,64.60501205073203,1.9373099988548948e-10,2.7344075343687795,20.88764389283304,10.28533537966596,5.924416403236403e-10,7.884130711074168e-11,4.478481542610639e-10,1.4876011396240176,3.1408447519410384e-11,1.431903320823199e-09
N20002463,13.843857502502047,7.975167551960544e-11,5.946481799728737,72.54064612091786,5.9358725216648285,2.10010331799321e-10,5.93737721139915e-11,4.6160571459572567e-10,1.7331420540081621,8.91680092427708e-11,2.784510370585756e-10
N20002464,46.66826408569728,2.944403459369274e-11,12.757316345019138,5.5184729719714465,31.972363572735425,7.91943235245599e-10,4.3593689917443755e-10,2.833960994565019e-10,3.083583021078043,2.8768015829590167e-10,1.6702718906728459e-09
N20002465,25.355518325120457,5.5958270989936705e-11,7.957152573941974,45.29552015465865,19.9619818047593,3.8003172785168915e-10,8.135112187673571e-11,1.6898283471716718e-10,1.429827140187448,3.8087042671824164e-11,6.07756733403757e-10
N20002466,38.97085275356692,7.673154030286366e-11,6.361281545498181,13.63455671939803,39.569068192108666,2.2109157810485245e-09,7.785657493835798e-10,9.168756995317068e-11,1.4642407856692197,3.224778013643052e-11,5.688449600995897e-10
N20002467,30.78127488391057,5.7660090015024105e-11,12.17316261327601,32.28043145634788,23.03282744560994,6.457076634240043e-10,1.319209509402711e-10,1.0874455119916375e-10,1.7323035992194473,5.4762027003685627e-11,6.373574803156193e-10
N20002468,14.443790702629775,4.1288619412763324e-11,6.580745020591773,70.74358336895929,6.491590391179182,1.3866496068162695e-10,1.0158625303702383e-10,2.7362575214902583e-10,1.7402905155620776,2.0331507651069555e-10,3.194213778623793e-10
N20002469,10.84555893304311,1.7902316340464034e-11,6.697558048815597,55.50763651825004,26.47549816788831,1.8603439019216452e-10,2.1344321774179213e-11,3.206596407162747e-11,0.47374833154699164,2.119102866566283e-12,1.9648170146987625e-10
N20002470,14.532773943164045,6.982003433608318e-11,6.719860564999716,67.81751400504768,9.654079756130253,1.2392450679001914e-10,4.758432286393404e-11,1.3373789444579313e-10,1.2757717299704363,5.6083047164224984e-11,2.56702789764249e-10
N20002471,22.56107540077501,5.630548870035191e-11,13.581204929905265,47.691870186889226,14.792173424709246,3.065616860650723e-10,4.4545903031613574e-11,2.534249971230419e-10,1.3736760566316988,1.4081546463535212e-11,4.14627786499867e-10
N20002472,26.075079913665633,9.871008747905822e-12,5.195262739071019,18.636725454482544,46.19537434213665,1.4642597144433219e-09,8.129384807990402e-10,1.922460221542749e-10,3.897557545107045,1.4899330377103789e-09,1.5678612898614882e-09
N20002473,30.663021535491385,5.642047663113524e-11,11.725655718994757,34.428746298285056,19.927155917846427,6.756838918701694e-10,2.6741330343692167e-10,2.1326238105031752e-10,3.2554205264665375,2.8239050459446997e-10,1.4206655495722379e-09
N20002474,9.825631943252763,2.253515410224375e-11,7.454047323480532,58.00407818398013,23.88268335654281,1.3735352901452685e-10,2.8607557631143897e-11,3.570613938802375e-11,0.8335591921264679,2.4832907885855278e-11,3.6825482952800646e-10
N20002475,17.70430065969699,1.7323956596071206e-11,4.810407961504132,52.59988982120534,21.882963789906817,8.596225441419635e-10,4.129455308357502e-10,2.8726095552298444e-10,3.002437764453475,9.701691698982287e-10,6.859359537134961e-10
N20002476,9.026944400030017,3.3957496484107706e-11,3.068114777565795,74.59783444622697,12.165603066363065,9.67065455966333e-11,2.2759472716989892e-11,1.0336006587081487e-10,1.1415033093213667,1.5780457993131052e-11,2.2023367495927884e-10
N20002477,25.452447398129348,1.3129351351299533e-11,12.011442594225484,36.61593473675007,23.15014476517327,3.7897486670505504e-10,1.757777298611537e-10,2.5572961137642934e-10,2.7700305035349757,2.8774000130589876e-10,1.075502303914748e-09
N20002478,2.025267264340208,8.626420599642747e-12,0.3774942799944324,94.50893762815046,2.7870649395888014,7.841375962746953e-11,1.7646735582248873e-11,3.353990746136478e-11,0.3012358876927893,1.4376535525511693e-11,8.071494460601421e-11
N20002479,15.084031724601097,3.204906686423718e-11,17.74138138850229,54.47395343110295,11.276803309672077,1.5123130953367982e-10,5.901756792495927e-11,1.5690679306302137e-10,1.4238301452952562,4.631013826404845e-11,3.808209344660915e-10
N20002480,25.843268952794475,2.485915978627298e-11,8.467299558802432,61.996530302743636,2.762241931335649,2.7624904828583703e-11,6.535987754375871e-12,1.1696664135454983e-10,0.9306592541096811,1.0078546836089496e-11,2.8060812383896986e-11
N20002481,33.594347065816656,1.3481174015263663e-10,1.254901789971236,52.51590262647158,11.614649413740814,4.177788797434597e-10,5.0532599160180967e-11,2.517941827826542e-10,1.0201991023922847,1.655381853139638e-11,7.359759878143146e-10
N20002482,28.457089429082373,5.3683000818007285e-11,7.0867642688399695,52.11891385926172,10.227253216714978,9.447112610582675e-11,4.2679347676467186e-11,2.2677207928874918e-10,2.109979225444239,1.3487653127345824e-11,2.2562726617092564e-10
N20002483,6.721014220126224,1.0698889460535114e-11,3.736919998295997,80.02958878069613,8.815071207727911,1.8065563960823877e-10,2.7418130581594777e-11,7.922915173554529e-11,0.6974057927218199,1.919068770070646e-11,1.147250860807022e-10
N20002484,37.46627253448279,1.4032754580828134e-10,0.7815859976432632,53.55733444216752,7.5853888594535634,5.178721032909486e-10,9.11228358036669e-11,3.328475526546156e-11,0.6094181644860283,7.38707726548617e-11,9.10349711275478e-10
N20002485,10.184639540590677,4.087383493186744e-11,1.4501143441672277,70.79128509307174,16.115668317057803,2.6340239120439936e-10,1.1121819815696415e-10,2.1472486093337116e-10,1.4582927041191758,4.755741808010698e-11,3.155888260807983e-10
N20002486,17.9846452820683,2.8196268524688787e-11,3.502240348957194,57.93746284034077,16.99045296073777,1.9079985768527088e-09,3.2472324695004295e-10,1.1851634156414272e-09,3.5851985628620473,4.82888993917864e-10,1.1049504706005859e-09
N20002487,4.857736536492506,1.5602001408757573e-11,5.0345424714931974,84.77034091634131,4.762054325851526,1.026121008581917e-10,8.51747478634217e-12,1.0973687048548725e-10,0.5753257494199814,5.2671356040359766e-12,1.5976310315693026e-10
N20002488,24.25529702577418,1.2414128574369894e-11,2.4659089211098237,56.44607400251529,15.555528771882987,6.311496093731808e-10,6.793346227661893e-11,1.338000305743539e-10,1.2771912777581396,2.2116311385522504e-11,9.216597749027239e-11
N20002489,20.807287016070614,1.7537217691300706e-10,14.444764834431838,29.661924293076186,32.19649329428407,1.3503524728898808e-09,2.6265983482070926e-10,3.3409088781899073e-10,2.889530558023208,1.0422791984003345e-10,1.887389346444455e-09
N20002490,43.66658201382679,1.3260425429718878e-10,7.757368184003985,28.629570980753684,16.24641564124339,7.94203205381637e-10,1.1178773581121066e-09,3.4107050922770374e-10,3.7000631698376725,4.8978567579142566e-09,3.0508588910729093e-09
N20002491,23.21404065194931,5.883183960648777e-11,10.178195523448748,58.466576949288154,6.741332026143168,3.3971239751024017e-10,6.441870314251839e-11,1.6860800311654165e-10,1.3998548480784339,1.2503418181843993e-10,3.355551977389385e-10
N20002492,65.3534787638487,2.1981539355202931e-10,9.395938081557826,11.39518257198697,13.061388413952555,1.1008957390707609e-09,1.5185862552380874e-11,1.617201316194342e-10,0.7940121662442151,1.6459231516729279e-12,9.104657491537879e-10
N20002493,68.08020449867487,8.32286262347299e-11,0.41549861910342545,26.067973401857657,3.9865280039367774,4.982017671652766e-10,6.010907090946619e-11,1.9143404286648146e-09,1.4497954729891205,9.558596555623921e-11,7.866858562005002e-10
N20002494,8.301469847192294,8.994633560429044e-11,2.2206462502561286,86.0136317531322,2.959693448703559,2.1246426609433232e-11,1.5746762491719133e-11,8.281872156210713e-11,0.5045587004277321,4.452523730082645e-12,7.386471608368788e-11
N20002495,11.645688527157674,4.052043655386844e-11,5.376089469828464,71.71185890263546,9.93472790271029,2.4037547999049335e-10,3.0220700933518173e-11,1.6711827036023406e-10,1.3316351969581393,1.8738385898378768e-11,2.130104267742834e-10
N20002496,24.32936480695509,1.3784251087861044e-10,9.824612521426236,61.838210594844135,3.1692781615323606,1.580425830131158e-10,7.83561093114551e-12,1.7383552834902402e-10,0.8385339146125149,7.293804648531081e-12,1.4483312524126087e-10
N20002497,19.64177123421805,2.6571663130245406e-10,7.482529856454849,68.82683288970942,3.2890470158570646,1.6593325894865345e-10,7.451244534664623e-12,1.5125239917946577e-10,0.7598190029669905,4.7392563750396845e-12,1.9854202177741233e-10
N20002498,18.765477261180337,0.12111737806311348,5.905122689345973,10.13605116278686,61.38694834297886,1.6630220804834847e-10,1.8148060998464004,1.515629510666897e-10,3.4599037747475004e-10,3.643473140241569e-11,1.8704770650981652
N20002499,33.25371840501698,0.7473264037761639,17.170760063642582,19.290553781785427,25.964924695016055,1.0867765972784016e-10,1.129987979689877,3.8528068626257285e-10,6.016713224760799e-10,5.04309219056266e-10,2.4427286694729693
N20002500,31.179198506497976,4.668139429082559e-11,10.350465207545929,4.6425612009535386e-10,58.47033628424684,7.131881892980642e-10,9.188181854385675e-11,2.6465970018586057e-11,1.0738997291331369e-10,4.0940418561271215e-11,2.1845100282361784e-10
N20002501,35.39322444309712,4.413922589843146e-11,28.164507211864848,1.4443565015291566e-09,36.44226834131576,1.4996276774053246e-09,8.091934280966854e-11,8.907499932290427e-11,1.9585511247160026e-10,9.509740909094225e-11,2.731888449280476e-10
N20002502,30.884909846246384,9.420863177521922e-11,10.909338414225084,1.6024444137536105e-10,58.20575173581193,2.6154795805961192e-09,8.944257139612514e-11,3.265153272979743e-11,1.2275548128539773e-10,2.3491467521934114e-11,5.783192820298125e-10
N20002503,29.02562112916564,6.581109017793605e-11,8.523265287062545,1.5846998699311398e-10,62.451113582472196,4.973870593255198e-10,6.460474685005914e-11,2.0644906745609396e-11,1.2531496846947647e-10,2.2033540304411902e-11,3.4534854542683784e-10
N20002504,33.09259212770416,1.6820483535428697e-10,6.526407029057162,2.5621455875875995e-10,60.38100084101191,5.400695548982422e-10,1.8563090820035133e-10,3.709902183843975e-11,1.7152128063876648e-10,3.1317881875594214e-11,8.367017748221469e-10
N20002505,62.19815123096929,1.9310993758828928e-11,18.593062748361245,3.2994120237077736e-10,19.208786019862437,1.6268153014179276e-10,1.6593142357097634e-11,3.2732358084320275e-11,1.6213248984192652e-10,2.273192201574987e-11,6.090246763327702e-11
N20002506,51.4030343823652,2.9417241235465663e-10,20.87392821773608,3.723436182983195e-10,27.723037397387646,1.2471696590001894e-09,4.566089035180791e-11,2.6209295047606237e-11,1.1335302232436731e-10,2.3624350671818434e-11,3.8853894560817507e-10
N20002507,11.274658597947061,9.956666426510651e-12,0.2526403889945444,1.207757969537921e-11,88.47270100649664,7.828342060891786e-10,4.04488330507947e-09,9.017795900200843e-11,1.1344611808073433e-10,2.715654171319688e-10,1.2368068353969733e-09
N20002508,26.209500296658213,2.3233270445140297e-11,2.1265779603688686,9.009909532239928e-11,71.66392174157508,2.505987743880103e-10,3.458492058392353e-10,4.5794045253496174e-11,8.443095293081208e-11,1.477114950408095e-11,5.430761645442233e-10
N20002509,50.44675460347284,1.7522933429000185e-11,19.012827173906775,3.804137133868232e-10,30.540418221762984,1.7309619047557926e-10,2.3974823297546926e-11,5.6138390472875233e-11,1.271711200261854e-10,8.486892744449971e-12,7.058596417523211e-11
N20002510,66.89377254279259,4.900419089291111e-10,4.663207188623737,1.7903902501193615e-10,28.44302026445085,1.6227969524607466e-09,1.295127447317752e-10,3.2638652728793616e-10,1.9186480858149218e-10,1.8444009140021548e-11,1.1747344036489698e-09
N20002511,73.11945515419949,3.053181322505697e-10,6.411454200264817,1.7634828378747655e-10,20.469090641327448,2.0984733441877976e-09,1.0593747409670495e-10,2.9570260335637206e-10,2.2981541261457933e-10,4.200307551871823e-11,9.54642258970367e-10
N20002512,32.43860519681367,3.113016856603758e-11,0.5690242570965881,7.156362923310574e-11,66.99237054377379,6.981248687021461e-10,5.143800667561938e-10,6.636424444860486e-11,1.3805821764709363e-10,5.93096397135849e-11,7.370134953814992e-10
N20002513,50.9016640240183,1.5912334073503283e-10,10.307316572172583,1.2085848855850552e-10,38.79101940090607,1.2137955448428363e-09,1.87972111973651e-10,3.1114849016931926e-11,1.0120012575203382e-10,3.579391583136942e-11,1.053183322459263e-09
N20002514,73.6032551362638,5.53805002834069e-10,4.760170288683228,3.2963914185333824e-10,21.63657457102358,1.6142253250337575e-09,8.885733265375868e-11,1.6543656756963812e-10,2.1086961803753592e-10,4.8349522563775876e-11,1.018203788220642e-09
N20002515,42.07248103839492,3.369274414698074e-11,6.923519969579636,2.213802167101164e-10,51.003998991120525,2.902367597578121e-10,3.8566290475600805e-11,1.5145626896793744e-11,9.771685207739933e-11,3.4225319505957785e-11,1.739539964753136e-10
N20002516,33.319493516299616,3.9488429069790716e-11,5.608997165388384,2.697561625524003e-10,61.07150931657663,6.679969639857294e-10,3.037521095743281e-10,3.3110925337107655e-11,1.2408229026937735e-10,1.6716852351598803e-11,2.804722084647553e-10
N20002517,71.03929171622069,3.624617244943251e-11,1.3607362927164315,2.53011927116915e-10,27.599971989114707,8.598036404019122e-10,1.281500046108557e-10,5.95284416027572e-11,1.8564657874654059e-10,7.865195957669401e-11,3.471337823823838e-10
N20002518,31.49968281545433,2.3597165334307888e-11,29.676311543020272,5.711899276491273e-10,38.82400564051558,1.823664256837804e-10,2.981862820409094e-11,1.913085215698879e-11,8.043024471814018e-11,7.827553103511159e-12,9.543320275090085e-11
N20002519,36.430114512009304,4.323532363691674e-11,25.120324436471886,4.65923477134852e-10,38.449561050227885,3.748065897494988e-10,4.4552668201973426e-11,3.259454604148008e-11,1.0788511548199302e-10,2.463750036704698e-11,1.9728364656865233e-10
N20002520,56.06880534404113,1.7464844251567233e-10,2.6274130794330772,2.1269748807634282e-10,41.30378157055446,1.1857401375205485e-09,1.2460798529660882e-09,1.2223650534751613e-10,3.5149641720936476e-10,1.357048595789719e-09,1.3213965688783346e-09
N20002521,80.05025118058529,1.213130201315162e-09,6.903731293093454,1.099657019681811e-09,13.04601752188465,5.137452739948576e-10,1.4600232354415383e-10,3.5115094989489576e-10,2.2619706669413927e-10,9.144073924636179e-11,7.952750849756072e-10
N20002522,80.19894145915413,5.849450667531423e-10,6.056178792439154,5.492166671608128e-10,13.744879745539814,7.673107322990493e-10,7.571262066687668e-11,1.1153624290568346e-10,1.5790777039529237e-10,1.0042345010359543e-10,5.198292323367055e-10
N20002523,89.7878825196146,1.3362998443536252e-09,4.039264498490091,5.661808316809507e-10,6.172852977423658,1.2227763024009565e-09,3.548582927865967e-11,3.8854227776648404e-10,1.7668503778007416e-10,3.33644521924829e-11,7.123109059953826e-10
N20002524,46.84665233398232,8.340156943996763e-11,8.550775833006933,3.1854173860218974e-10,44.60257183148348,2.27034935620552e-10,1.1268849575618559e-10,6.274366076280687e-11,1.638417514118887e-10,5.487858031201538e-11,5.041305067782008e-10
N20002525,58.86942052546904,1.79580048081375e-10,7.586117195768878,6.089262102701874e-10,33.54446227401867,1.9287538872945645e-09,3.971216055396333e-10,1.8976600766834266e-10,3.1724393274022656e-10,2.378839871710323e-10,8.841243444560279e-10
N20002526,40.29326862942556,8.160461892761455e-12,7.062591545282943,4.182684800177476e-11,52.6441398248287,1.3308713250669709e-10,3.9869623835186024e-11,3.3293117962224916e-11,9.835513902192888e-11,1.8023722662970854e-12,1.0641033144581334e-10
N20002527,81.53289201169707,3.7638947486030353e-10,3.1899572245969066,4.1278516966617826e-10,15.277150760937353,5.738676184607244e-10,4.518130791396684e-11,2.477334091845725e-10,2.1092463969971304e-10,6.369589206682347e-11,8.380922555879276e-10
N20002528,48.89450465881705,3.341367311502923e-11,31.32363079356096,3.207073221389406e-10,19.78186454697854,4.465790073630538e-11,2.029622081295521e-11,4.681095040663715e-11,1.1574874356058966e-10,5.319487696248965e-12,5.651133229284101e-11
N20002529,76.53081462270279,5.339652994656113e-10,4.972216441460237,9.651937057542714e-10,18.49696893082619,1.557789150192232e-09,1.1811318144737266e-10,4.711324260362656e-10,2.9179034047690865e-10,1.0643984113833638e-10,9.663603035494077e-10
N20002530,71.19157327545702,3.6711492830001483e-10,4.361783117958255,4.1046726937162157e-10,24.44664360287459,1.6732108327668822e-09,6.932672637056356e-11,1.6910228608938506e-10,1.713569248547431e-10,1.7714192747715936e-11,8.3184162622179e-10
N20002531,29.377979236020586,3.456342300034166e-11,6.485541757971862,6.949447616977409e-10,64.1364790038493,3.699788947363879e-10,2.0525456517476034e-10,4.680449339435501e-11,1.4061587547097193e-10,2.6173018150536683e-10,4.043505880401015e-10
N20002532,41.18855355776676,4.7590907478103474e-11,17.788144417986167,3.772315825679782e-10,41.02330202216369,5.249805294288308e-10,1.859523945987321e-10,6.715266347848189e-11,2.0290183170175787e-10,1.9720372036484544e-10,4.803657593038494e-10
N20002533,72.54080763524088,1.3111769116493128e-09,1.809951009304571,5.59260543373466e-10,25.64924134876024,1.914986227143622e-09,8.056165684644748e-11,7.007988414326693e-10,3.729305370787385e-10,4.687603830819043e-11,1.7077087603004044e-09
N20002534,52.8226468947064,1.7821427787359615e-10,7.729216141859112,3.470097299445742e-10,39.44813696063653,1.0234919921837505e-09,1.3437469054798669e-10,4.710646670127684e-11,2.0318447224874938e-10,1.0105496274899781e-10,7.6352422398565e-10
N20002535,44.51677315502713,3.92319177619646e-11,31.705869154208983,4.6247584408177926e-10,23.777357688736156,7.906164327890579e-10,6.233848167330881e-11,5.273788335708433e-11,2.0726541018218337e-10,1.5171695006970264e-10,2.6134649266994226e-10
N20002536,38.55117592168012,3.8385248677079675e-11,16.965342059410407,2.912203929953911e-10,44.48348201681944,5.573619237778411e-10,2.3015246195321633e-10,9.517009910726452e-11,2.398592677590053e-10,2.2256049530402714e-10,4.153199583985569e-10
N20002537,12.549342772435429,6.4797413592837986e-12,1.660843985378094,8.203871695273472e-11,85.78981324021372,7.654240246578992e-10,4.475987718980143e-10,1.2537083785449799e-11,9.707658167768478e-11,2.3522755482879e-10,3.2638206935087186e-10
N20002538,46.51869509723904,1.308338568046173e-11,16.330544038105824,2.1173152470136089e-10,37.150760863762,3.7671602184934943e-10,2.8431461198292692e-11,7.85932851620912e-11,1.2264742685367966e-10,3.3292018386649262e-12,5.861258208133908e-11
N20002539,50.3853132306312,8.674067375991149e-12,10.64372653524341,1.3963355218477343e-10,38.97096023353892,1.6067746241700083e-10,3.360734008950254e-11,3.6553029032704146e-11,1.1531694168543176e-10,1.1990171518609595e-11,8.000653289828863e-11
N20002540,41.85907809662187,9.744910295002543e-11,10.538524226738662,1.4886127362684668e-09,47.60239767113366,2.2921666163327425e-09,2.7403799159274625e-10,1.8453648537703737e-11,2.717404716585142e-10,6.5345856208698e-10,4.0988476939029984e-10
N20002541,24.949571156042254,3.2191238832049783e-11,2.6173744736601505,4.063378899763768e-10,72.433054367384,1.6410479918744252e-09,2.0882905339153383e-10,6.182793898312105e-12,1.4796107397217774e-10,1.9878237232099246e-10,2.7227052189062905e-10
N20002542,21.409015202449446,0.013681845645059932,6.768897561435868,0.9048781520896471,66.76873437989124,1.1638327636100563e-10,1.9536640705516188,9.160292304890218e-11,1.9825901576467756e-10,1.2033130170597635e-10,2.1811287874105565
N20002543,45.0160132899644,2.8084246212848276,16.86410417864105,14.615587223052442,13.227907587946977,3.316036699486205e-10,4.641471790688822,3.035574439837611e-10,4.1415910869711517e-10,7.380529818882701e-10,2.826491306634103
N20002544,68.63342910436806,1.7385207047803453,9.590696079429211,1.0832045755427953,13.637404048532142,6.88741288034399e-10,0.3797552688610134,1.5659919833689512e-10,1.9591933757409662e-10,1.5729779403814103e-11,4.936990217429438
N20002545,31.112640320981033,0.37747124057517245,33.56029087281216,3.8143778247047644,28.089150099524414,2.0555707903635517e-10,0.4387841279282597,3.188263302709991e-10,2.919572463886411e-10,3.806894445789641e-11,2.60728551261979
N20002546,28.481012638655084,0.03127811106829261,8.440095550134506,1.0783866451825594,59.651516003701765,2.538785227963503e-10,0.7911271318322213,1.6560478939703108e-10,1.9319244200964894e-10,2.1215589711773128e-11,1.5265839187916672
N20002547,49.9940853916125,0.7052274700926213,11.468738349624825,10.05273629460635,21.799638494075197,5.846895747594381e-10,1.9662618458866448,2.7378399862425284e-10,4.961177322669328e-10,6.976114536756875e-10,4.01331215204968
N20002548,48.617915111829504,6.08042900071077,30.41325222263224,5.438411496474686,9.283957121253119,3.7708588837155856e-10,6.943760231871047e-11,2.0275897647273916e-10,3.5656810809045624e-10,0.16603504575726657,3.3657490996494234e-10
N20002549,56.15196909757722,2.682041628523125,27.86335628342995,6.128474883980683,6.874762765051652,3.101425555925978e-10,3.2097976629714e-11,8.067434029872964e-11,2.2865742805334398e-10,0.29939534051734945,2.6845138627406313e-10
N20002550,54.98708123349337,4.17869635804169,21.470240879790467,2.9623270301821285,16.30494873410764,5.629960459834628e-10,3.711827352285514e-11,1.6723742023997747e-10,3.698442457999237e-10,0.09670576287958954,3.679398083616791e-10
N20002551,46.333485177376694,2.5552480287185015,31.498938586572816,6.730577765453906,12.553579165588891,6.813770483962352e-10,8.229584447421557e-11,1.2646233310423442e-10,3.3160929633881826e-10,0.32817127469479873,3.726510671644179e-10
N20002552,49.83960679040208,11.715603614680063,21.763808825572035,7.165271984802063,9.376273859488169,3.7474335892432416e-10,6.560383743641759e-11,3.467370267998622e-10,5.550043586548471e-10,0.1394349233055686,4.079221485794027e-10
N20002553,51.530918846471465,7.277573587667835,15.910478069772886,6.879421788286557,18.022754075409146,9.98733537320203e-10,3.1017130780642085e-10,4.323197395984862e-10,6.929811269068126e-10,0.37885362959194263,3.65983839297198e-10
N20002554,58.26093570608294,31.12437153249148,4.9267596120479675,1.0639432861180984,4.527646891725888,9.317458672842643e-10,1.637710704758717e-10,2.537598517258139e-09,3.57902348291983e-10,0.09634296634252221,1.2000939969313107e-09
N20002555,44.05810162794958,4.677918348381918,42.62643951539397,3.284701780323647,5.189420212651933,3.0199750125002327e-10,5.7246030005914224e-11,2.1540132280665578e-10,2.0982787621015534e-10,0.16341851424647316,2.6799997492764847e-10
N20002556,69.33780444217483,17.974861868629937,6.8083787922865024,0.5103996011908103,5.347727286684678,3.837755970731193e-10,3.0497324553154104e-11,3.6041096116214904e-10,1.8671766446253626e-10,0.020828006916165185,1.1556870960576395e-09
N20002557,40.209355834910646,1.4743677745771124,46.34226536965453,1.5165931362497533,10.376270234091331,6.285373509857477e-10,2.4608268816995823e-11,1.9686534116710618e-10,2.1833045853169407e-10,0.0811476490625586,3.857321764503879e-10
N20002558,76.4280036038234,1.4751765832383672,1.2866988832118558,0.7701118732222171,19.839264271533196,4.288865179294753e-10,1.8029231304565527e-10,5.257002931841887e-10,2.6573276943472556e-10,0.2007447819531386,1.6172080235836724e-09
N20002559,56.94771938009288,1.6228451435338864,6.815412192247229,1.1442196425691882,33.41291098857394,1.183499096088805e-09,1.4137491851884587e-10,1.3220031764835527e-10,2.2494782712956712e-10,0.05689265054135146,7.595040478948038e-10
N20002560,69.910805515188,14.014986127294968,2.6723290755541114,2.357360736282708,10.971322484011157,1.8500770778513472e-09,1.1574064883893952e-10,1.9109947237117196e-09,6.270107091924717e-10,0.07319605609677918,1.0684472127058825e-09
N20002561,34.39554775514008,40.9556101597079,15.197528604103386,3.7585006247271693,5.666303551802381,6.790266685371482e-11,4.707239492232041e-11,1.7663237696144804e-10,2.98822385575547e-10,0.026509303542602253,3.860430562538616e-10
N20002562,42.04485059517512,35.53108173279324,5.821689080948133,8.516167797555783,7.985964145049554,2.1419382734192395e-10,5.990275142730403e-11,3.346336606301477e-10,3.3138263292765e-10,0.10024664709346047,4.4460010803561036e-10
N20002563,58.3663617113504,1.9381085770457787,19.883317907175208,1.8755107973866123,17.703214796932684,5.076543776398358e-10,6.406541483806798e-11,1.3872208710250038e-10,4.068716600465489e-10,0.23348620855530514,4.367153118691011e-10
N20002564,44.7791215270237,3.0660157732832047,29.76750790036638,2.4193660519333218,19.84420081766228,1.929806907855246e-09,1.3769416625354684e-10,9.19322371775388e-11,3.1153399059562954e-10,0.12378792661849992,6.416319401710615e-10
N20002565,25.86818497699097,0.37018209312831085,34.285100540046265,2.4732940210475176,36.96576549278996,2.2719107302757255e-10,2.3249051014303053e-11,1.766114117342012e-10,1.5640012053097276e-10,0.037472875011056374,4.0246460235995843e-10
N20002566,54.20186215190661,2.696913187672409,21.110704049252867,0.7354871897673444,21.106806950114414,2.7701075796505037e-10,1.0753788397958318e-10,2.0327925561429605e-10,2.971193731140945e-10,0.14822646988388613,5.175179678750755e-10
N20002567,39.25460400133572,12.618185869541218,35.864883838013256,7.390155034424538,4.786009670535098,2.323009172195849e-10,5.064701924531829e-11,1.1746676773799143e-09,2.665140733466903e-10,0.08616158418106712,2.4498206992783675e-10
N20002568,59.06633240859913,2.6122974794704383,23.274124651088627,1.7833325118343613,13.25141400590477,4.1536108420842525e-10,1.163872454119182e-11,3.7706897359278577e-10,2.0631829489197698e-10,0.012498941673244472,4.1904929588166093e-10
N20002569,24.088730256983254,0.24768234020249155,49.87331669343703,3.3486487243174294,22.159029666867173,2.193910936171333e-10,3.619830504415608e-11,3.283034230507355e-10,3.197411691864554e-10,0.2825923169908419,2.981242542152122e-10
N20002570,36.457845130259884,0.378051309649006,17.39220142388072,2.479260302342546,42.392758132060706,5.438244584749924e-10,2.9443845790088783e-10,3.38502145852269e-10,5.864037314254766e-10,0.8998836995902891,4.536934456279078e-10
N20002571,54.77942320886871,3.0090240133665005,27.0387045017775,0.9107062707421202,14.011614223117322,4.550414577339831e-10,6.668641848624205e-11,2.565452259424836e-10,2.787966794466931e-10,0.25052778064686787,4.239042752673995e-10
N20002572,40.56217966764598,3.049009107313715,29.587075447554113,0.6164304000247149,26.16567117503549,4.695819947011169e-10,2.8346603598748296e-11,2.7877189443591247e-11,1.1549040774658957e-10,0.01963420122394165,5.607466674804244e-10
N20002573,34.98796481759876,0.4856939040287155,29.16612551560462,2.1397033668279715,32.8041843174637,1.7988967808825125e-10,8.297114339590995e-11,2.385236808253471e-10,3.676305707458403e-10,0.41632807683316964,7.740427365959854e-10
N20002574,42.106610418386275,1.291565928675468,38.37260087465801,2.5658574301471164,15.644514578780397,1.4971705230585079e-10,1.7357318465619413e-11,2.2837010145063495e-10,1.8007621812351142e-10,0.018850768579125765,1.980769799491415e-10
N20002575,74.03540846023049,6.613090692476155,0.5189190111430925,0.1395701350889566,17.450443847048078,1.0355376200644652e-09,6.833377414695915e-10,5.0120391746661236e-09,5.846743869035036e-10,1.2425678350546054,1.164303771755107e-08
N20002576,68.9106046779427,10.094035731358547,12.083761968108995,2.757124054312514,6.09768298388934,1.5738541852014403e-10,3.475090307729404e-11,5.837994759530667e-10,2.2860193284801145e-10,0.056790583046770704,3.3661924175806387e-10
N20002577,44.04757961906377,14.152804092929728,18.153837567285656,10.866202143972362,12.609300205693872,1.0422233442125409e-09,7.6109947023438e-11,3.83231465124905e-10,7.206102132539474e-10,0.17027636798094173,8.51501788465923e-10
N20002578,36.95054637915033,4.0532517298227715,49.79479814695451,6.031042480661253,3.106976807412891,6.211453507547222e-11,1.1885792135554466e-11,2.497553803524001e-10,1.4625347357664988e-10,0.06338445541253349,1.1570350594202019e-10
N20002579,62.07415577014783,1.3468192524762859,10.597450091924863,1.564285869229904,24.349069428908688,6.190331111374492e-10,1.3613921968151654e-10,6.836226837099624e-10,3.403996543428807e-10,0.06821958518232486,3.508896994774558e-10
N20002580,46.79129236945738,4.912336779635904,33.27272151733227,8.84270124661004,5.929972992408883,3.467158271080765e-10,2.9424728098156925e-11,1.9823811007245372e-10,3.438197937284864e-10,0.2509750934209192,2.1640146451356363e-10
N20002581,51.31358270066115,2.0185888099071905,19.695122825548122,4.647354516184651,22.071629533982097,8.59306695624373e-10,1.0022599188938249e-10,1.1404786125098151e-10,4.763641674282102e-10,0.2537216118099312,3.5690929628710914e-10
N20002582,42.79380536221972,2.0867094983086067,36.29157092285901,2.9797131446023974,15.739684639654453,5.968663659285462e-10,8.579298869459898e-11,2.440609629706293e-10,3.350456830116443e-10,0.10851643059683043,4.972136133853427e-10
N20002583,28.297555266388446,4.874107499895072,21.152536236051944,25.03219124567585,20.528548713045588,2.8817657057926807e-10,1.130386572267949e-10,2.8607991830683223e-10,6.225231248966917e-10,0.11506103739583201,2.374617583962028e-10
N20002584,34.44965967966458,4.506445654043942,39.55371539227966,12.542765661775718,8.76760413766,2.0147505626615568e-10,5.571979292059771e-11,4.484375804858127e-10,3.9429874824887073e-10,0.17980947328276226,1.9342385801131822e-10
N20002585,30.301904018397803,10.817200936980232,14.985054513592978,34.68425391164077,8.798599938137988,2.8925426145434783e-10,6.057286888106929e-11,6.614631702731267e-10,9.463674656340717e-10,0.41298667906103026,2.3152307514182476e-10
N20002586,69.05159551469728,1.5106691316448697,11.753819140644344,3.2544477322939755,14.367652987930807,1.312725095511018e-09,9.170785027645767e-11,2.5044822103083887e-10,3.9278824622697167e-10,0.06181549057084089,1.702092364164352e-10
N20002587,59.04217952149005,29.547107110422278,2.3917692919422526,1.1334133478996222,7.726587805008315,2.970798899943421e-10,2.2478559850542117e-10,9.76058581769528e-10,4.0191257298322304e-10,0.15894292037058397,9.670666865033723e-10
N20002588,37.23617171932981,56.18553513291869,1.9201451740592241,3.2640500129020062,1.3766248051674326,6.826136235657483e-11,2.537318744384626e-11,2.310287071117637e-10,1.532128679133524e-10,0.017473154826623115,3.183485058453178e-10
N20002589,61.29989337363756,26.773647759361058,1.0734518605886303,1.890076600002947,8.73094395264758,2.0030062318109654e-10,1.3861010355224257e-10,9.79031455136185e-10,5.401480224477152e-10,0.23198645040242702,1.5016836644442533e-09
N20002590,28.444932392465283,6.443573737315958,47.99922196407845,3.213821597142889,13.854255368504928,1.0717101418029285e-10,4.078591483258224e-11,7.962856188181613e-11,2.534054046224115e-10,0.04419493972530962,2.8617631403581885e-10
N20002591,27.871331636727138,3.16971568660097,19.51986893942742,2.74533268403417,46.31443210897545,4.817397220193327e-10,4.5354605832469743e-10,1.8589105156033298e-10,4.908473100023094e-10,0.37931894113570747,1.4871222614291572e-09
N20002592,29.58677970970644,16.573249783230075,34.53018274927837,1.6555631205324404,17.497737210370225,2.5955682645571096e-10,3.9448374179193344e-10,3.269149425864126e-10,3.880024514848475e-10,0.15648742467612684,8.37379164519849e-10
N20002593,35.87579166175551,12.747649674667924,21.442225408410458,0.9340610592277315,28.947917037465494,1.0412864900782567e-10,1.7047140769730553e-10,1.7068827839567637e-10,3.4191585216888506e-10,0.05235515650812852,1.1775527271437665e-09
N20002594,45.54358589928085,46.50103088050434,1.6576636461002336,3.4623731301486265,2.5260891452618517,1.671655505976435e-10,1.507991681586626e-10,8.437371572730106e-10,3.1758821436990375e-10,0.3092572963306795,8.94132223797176e-10
N20002595,42.38790885285699,1.5130726610378968,15.999781541143834,1.2124510602494127,38.361276890494054,5.758101668879472e-10,5.209434290638565e-10,4.306196237420494e-10,5.228125098890824e-10,0.5255089908940246,1.273592452461655e-09
N20002596,33.447862921645935,49.58983028991584,10.456490496874506,0.9089346079965316,5.570587729893021,3.765892236096141e-10,1.5907049863560606e-10,3.909314612408998e-10,2.5302315828564356e-10,0.02629395126762677,1.2269236595683382e-09
N20002597,35.427646703957514,11.174083618060918,26.014779379654378,1.1027617323636367,26.199198288426363,5.021908094028555e-10,2.6709859153083117e-10,2.711659698015916e-10,3.408998356943599e-10,0.08153027471895395,1.4368729988746203e-09
N20002598,34.048915228084006,4.882887845585866,22.574344240577528,1.737153791217225,36.700853138853105,2.3187288037441147e-10,2.0170988664647737e-10,7.544418588439647e-11,3.5806972957763235e-10,0.055845754320385035,4.947780389898633e-10
N20002599,49.447312117800344,3.0658005601698455,17.889538719843728,1.1489110714953152,27.932541211788433,3.061041898342616e-10,2.9436772896254843e-10,1.873482712753197e-10,4.1999304135877186e-10,0.5158963168039821,8.905451123193618e-10
N20002600,35.490167180973515,0.6063057485221933,21.25013330623153,0.8985354414709742,41.243545894642324,4.544742283353083e-10,3.058900500483221e-10,3.368045195749108e-10,4.217698510920057e-10,0.5113124254625587,1.1779698766200752e-09
N20002601,69.51841572013228,17.365315579885777,6.172689146393228,0.5561732072425716,6.349263777401905,2.5837276917955966e-10,6.473008784355205e-11,1.6432942452453585e-10,2.670074730887288e-10,0.03814256653160925,1.6581970240855148e-09
N20002602,35.304962469416594,19.34431560788866,35.29714815607916,4.115970761298753,5.609199412462361,8.125668399036651e-11,1.5515783557845447e-10,2.657553675454683e-10,3.8936508974952993e-10,0.32840359147504633,4.878878786915804e-10
N20002603,52.27357277789717,3.6010687248003834,8.780802724127156,1.1983907608147617,32.14136933968617,4.549370083794346e-10,6.62681110314828e-10,7.748918058660914e-10,6.456328987401157e-10,2.0047956682221075,1.9140963704535287e-09
N20002604,41.92719552754445,28.779895412270378,3.0904471700626552,3.0576431889393483,22.965550415687126,3.212196718747351e-10,6.114179013301658e-10,3.203291121166719e-10,4.811674014379056e-10,0.17926828132805536,2.4338455922523506e-09
N20002605,37.97956916438093,38.794234319275404,17.119883722739935,1.1448482496048016,4.920204799741967,2.5441107847814484e-10,1.5073321200972803e-10,1.0462313345235047e-10,2.1907238145115017e-10,0.04125974285686226,6.71265211805691e-10
N20002606,38.69040172684915,23.263922293485535,21.76131286479134,0.3027062425359365,15.402274154988435,8.379379822248698e-10,2.8571429511737424e-09,3.945739190136749e-10,3.5663470776291597e-10,0.5793827081248676,4.7784458136833785e-09
N20002607,32.469053681717654,1.295073499373419,32.85996713104654,1.066817275866247,30.96504375362372,6.598221687229011e-10,6.483785610340312e-10,2.933539215497857e-10,4.911848682316536e-10,1.34404465525132,1.0283653139811537e-09
N20002608,24.2006537018174,57.08567209059691,5.380469643792268,10.392712062090666,2.3586363935283847,7.609177413465922e-11,5.435585439727701e-10,2.0340566922338155e-10,1.350663351519314e-10,0.581856106787237,4.290316692901161e-10
N20002609,31.03647845683777,1.00914017996269,32.14740855136968,1.7920288264011222,33.90618250027483,4.831861574771115e-10,1.3289717906232796e-10,3.2185170933805853e-10,3.0538554359697716e-10,0.10876148328983717,6.207651359897423e-10
N20002610,38.52728128900104,7.606775042732929,8.757405949935466,0.22609279081562705,44.853555483004456,6.553552721914819e-10,3.2561151997346474e-10,8.067390199900603e-11,2.4468666432559504e-10,0.02888944065204514,2.552127546541706e-09
N20002611,29.13367386098163,60.375771251174996,7.413857387101077,0.8355095806616556,2.235789445241255,7.843477963896571e-11,3.777842565806974e-11,1.907916924964245e-11,8.207599183608439e-11,0.0053984741228061805,4.991990873269005e-10
N20002612,41.30217300249233,23.646570505474532,9.479874129244092,0.9526977274210316,24.577613191126606,4.5360701615088315e-10,3.69918428468613e-10,1.4463017848928721e-10,2.759965357439913e-10,0.041071441663074595,1.3341773281319798e-09
N20002613,46.936795318866665,27.835544467330887,22.098722447260634,1.5396938676354694,1.5744265067450618,9.677584093415859e-11,1.590115124167544e-11,4.3075506484109985e-11,1.147752211315031e-10,0.014817391483223563,4.075297451510516e-10
N20002614,48.81693040111327,3.7994960840658094,1.6029014115429958,0.35506986072663005,44.515392848191674,4.644288932341112e-09,1.1944650004684138e-08,4.82391845276496e-10,5.834620719429223e-10,0.9102093732387299,3.4661062323921394e-09
N20002615,55.74918748178755,36.305936086050785,4.078806158928823,0.10573877546740426,3.739628194903237,3.295856631159811e-10,8.452044886974143e-11,3.100489339135507e-11,1.4647211843646542e-10,0.020703300462532413,1.808087396792434e-09
N20002616,21.29713971507356,61.256283436625246,7.185911406121721,9.437760237347913,0.801135377637654,5.732955507252116e-11,3.74303597690419e-11,2.925291544460613e-10,8.441304328816791e-11,0.021769826528626295,1.9358662057781245e-10
N20002617,38.29394029618571,47.972441442258585,12.656839963341318,0.18512573407349087,0.8904202791752096,1.2285425427716194e-10,1.0837964780350053e-11,9.510297999419486e-12,5.069664983923397e-11,0.0012322842820214504,4.897826162077762e-10
N20002618,47.45537342472706,1.8193837041348866,21.814265368359244,3.250651261235782,22.78304156153932,4.701386629991441e-09,9.281103696592729e-10,1.08231707517524e-09,1.031452578102647e-09,2.877284670854207,1.4062414942484767e-09
N20002619,89.2342633554054,5.34265416784477,0.6257955811506507,0.22142043380340015,4.514634374655727,2.729954579952169e-10,2.8977673153184528e-11,8.672286813838188e-10,2.144465100893154e-10,0.06123208405445552,1.701943925983431e-09
N20002620,44.17130276023899,51.10520680181374,2.72952533772664,0.5101101888174453,1.4810238356372445,1.7464066662672788e-10,1.709671552822518e-11,4.618360126504668e-11,5.799100048163116e-11,0.002831074454711907,1.0153155791033181e-09
N20002621,16.839080971164048,0.07672225283261444,4.264745634972118,1.3353703731416449,76.37873419288816,5.256135709621363e-10,1.278985557796899e-09,1.7996063647067145e-10,3.064507597056735e-10,1.1053465725480895,1.6229744034448546e-10
N20002622,85.23976068700975,5.697301440249058,1.6718573139951172,1.0524284246569164,6.300187205607739,6.221294339113349e-10,6.860332774821515e-11,1.5246826933378098e-09,2.8867451467466206e-10,0.03846492512580831,8.515308000255325e-10
N20002623,38.61117145245891,0.2376155622335765,16.13930008947285,1.6527273704982175,41.83518594704557,7.528726788778115e-10,3.1563296740506387e-10,4.3337073593903264e-10,5.006120694170137e-10,1.5239995753178008,9.705925266586123e-10
N20002624,48.43686124720516,0.3691151317786967,8.867798123463745,0.9960620312149779,40.10981910463745,5.84109389684562e-10,3.491040274397795e-10,2.1028460676965217e-10,4.755618932952608e-10,1.2203443588615368,1.2193806816085297e-09
N20002625,54.53707830581268,38.4824479968064,4.026563614550639,1.002488171788799,1.9060271849366508,1.5710130430103766e-10,2.6648709829923703e-11,2.1657414194120225e-10,1.5527846188421734e-10,0.04539472443862997,1.110600008111564e-09
N20002626,70.9214160254838,12.832258465281408,6.41771229869373,1.894763857604408,7.6126284610071995,1.181866072195754e-09,1.4011964590071415e-10,5.3528275584836666e-09,5.372008824684659e-10,0.321220882833219,1.884225973130184e-09
N20002627,75.46349912247172,9.46434115386877,0.954900015286417,0.14702995073983322,13.93694949641026,1.1101926745604018e-09,1.668027029371668e-10,5.914152252761546e-10,2.3269139683500347e-10,0.03328025580854653,3.313381464801868e-09
N20002628,46.937406015215736,29.534343532503044,15.877982746856736,0.7924941906607733,6.85365713202726,8.584092886301974e-11,3.0818319780185873e-11,1.9514812289579707e-11,9.557836525033253e-11,0.004116382040869321,4.6384173690125944e-10
N20002629,61.23886022866043,27.938150590022676,5.083639808461949,1.8244107703185668,3.903504255388466,1.700635854427716e-10,1.8746191898202306e-11,4.5543648122054916e-10,1.4166489185423965e-10,0.011434345442014082,9.199823614136621e-10
N20002630,44.76920605683432,3.333588644354794,33.31363750471118,1.6007060446343937,16.949033808329265,1.1987052471454665e-10,7.778490408878601e-11,1.828436038310332e-10,2.3436446658425347e-10,0.033827940331303784,1.898788975847574e-10
N20002631,61.06717995476352,6.679978818926557,8.323457818381572,0.6398739534003048,22.7382030618586,3.9116553763849136e-10,3.1336994089995975e-10,1.491116615209116e-09,5.405236904979784e-10,0.5513063833560725,6.577195343788352e-09
N20002632,27.570263217909364,4.222874043922045,63.28383485016855,0.6511687013043246,4.259172501695689,1.143047749736966e-10,2.0065428331729736e-11,1.2949781672199317e-10,9.717516645902799e-11,0.012686684400996375,2.3799477612684876e-10
N20002633,39.818522907642446,1.4329050144015152,28.055830535458583,1.1101813239918146,29.158117977397218,3.6768972982860765e-10,3.124576982188142e-10,3.724078000842762e-10,4.4389106757474715e-10,0.42444223871656317,8.954150380466217e-10
N20002634,40.9152121812665,0.6346310842268575,24.4102543360425,0.9044813604865809,33.06007681968449,1.2271676788347909e-10,2.568231868941436e-10,2.5942446782486445e-10,3.144119890507309e-10,0.07534421688876863,4.509211841291579e-10
N20002635,48.30122335206394,3.224183888674715,31.15049335476036,4.612462487776205,12.57148053297229,2.032410953091817e-10,5.7066273356923914e-11,5.771813178920494e-10,3.787203840100637e-10,0.14015638228494556,2.513274192403159e-10
N20002636,55.10262384342292,13.317288488592109,2.6976672056957236,0.8581918840845646,27.41785889284836,3.102530201287254e-10,4.434382090278065e-10,1.7615025821617671e-09,5.73079862817114e-10,0.6063696810717261,1.1963108297101954e-09
N20002637,32.6800685782156,0.5994339159835427,53.302019111419064,0.9376592521566158,12.453968248681619,1.5174234451246506e-10,1.3649763663491715e-11,1.571069791966912e-10,1.556725539516766e-10,0.0268508929048817,1.6052815213366598e-10
N20002638,62.944406468571636,17.470458207838806,13.157997528324938,1.168291288789289,5.2412278348006005,6.974206723482673e-11,2.7297830122041436e-11,1.2398944642773394e-10,1.7887507928878888e-10,0.017618670974483133,3.0034132475705755e-10
N20002639,34.418073891924315,9.349608422239427,39.407503927942415,11.65834057424925,5.050556140372169,2.7020911672976854e-10,2.926841107780816e-11,1.3597056883520976e-10,2.8058768107136884e-10,0.11591704234818023,2.081989854969216e-10
N20002640,14.181532499127758,60.77401380865584,2.640171373083242,11.78354822193637,10.053169816966312,1.7974765563057773e-11,3.0994473459417135e-10,3.731229448480273e-10,4.807141323257138e-10,0.5675642786790941,3.6963877943801227e-10
N20002641,18.9720479200871,6.0197352914188835,13.277738805039208,41.761615304010455,17.219111641448972,1.996234247251845e-10,1.1002452960432475e-09,3.042722966038698e-10,8.163582793996077e-10,2.7497510354480266,1.268557756591617e-10
N20002642,26.584829150167895,18.82296986574,10.966233609393592,31.55674251685022,10.580381968684426,7.792431977103311e-11,1.4688092865763607e-10,3.3211159944148036e-10,7.099502544060701e-10,1.488842887644003,2.5301137802722577e-10
N20002643,51.863314246769384,9.733917869611867,23.21473825656784,5.267730029463589,9.734819846921335,3.9421872992421933e-10,6.422038438552751e-11,3.6292677173093353e-10,5.594999196218837e-10,0.1854797488856773,3.9945251553250836e-10
N20002644,63.418434705607005,4.040573908876442,18.70454894978852,0.5077974823192413,13.290639867920273,1.3067016450944704e-10,2.7755962715754054e-11,3.073737141258925e-11,1.399693543002948e-10,0.03800508479476198,3.646378815062796e-10
N20002645,31.8666214069119,2.224027711022484,52.96476320834282,9.114320213209432,3.731095619347528,2.005824702252865e-10,1.3786615999340346e-11,7.01305664185937e-11,1.5990674434257266e-10,0.09917184063087285,9.055698950265158e-11
N20002646,37.81060602909887,3.8797806886355675,30.592953029112895,13.857688525070813,13.806662374272818,3.832328383702363e-10,2.4895308541522514e-11,2.1655959504266422e-10,4.351714022083986e-10,0.052309352522860134,2.263079301332371e-10
N20002647,48.53019654759069,1.752617487178355,36.183486999060996,6.7515710912551405,6.4278190051096775,2.909051150740952e-10,3.237670638107153e-11,1.0997600685512684e-10,3.044348962009925e-10,0.35430886888110646,1.8633253450599175e-10
N20002648,48.15076950762631,0.7590713617209528,24.78425742486371,4.712813259021357,21.36203012927232,4.987439470992614e-10,7.198369293059354e-11,8.790689626074889e-11,3.1494230076317416e-10,0.23105831625732112,2.6446531645825586e-10
N20002649,44.87685626608518,12.96256304164076,24.532729934406053,8.344378724733282,9.147618311734186,1.3609769010203259e-09,1.1450458257963296e-10,6.969202940126663e-10,4.915523217097871e-10,0.13585371828338308,4.5321706214739866e-10
N20002650,58.0038393093437,4.151023669936887,15.599510274775055,7.1846736614091204,15.009467934354593,8.753253285546062e-10,1.6725913540726505e-11,8.18061844270661e-11,2.721081327742922e-10,0.05148514862633332,3.08337635663395e-10
N20002651,55.804900310767245,2.2910570965287307,26.48987738227742,4.475473906931649,10.705998926293141,1.3992239421913574e-09,1.2116709639881454e-10,2.056130735659238e-10,3.442405354661562e-10,0.23269237483016345,3.014172254403228e-10
N20002652,57.58848277089594,1.8110227642053174,17.52988712709954,0.9478178697776259,21.83106744531711,7.45345670445562e-10,2.1680245815140675e-10,8.308722389566218e-10,5.108630529428605e-10,0.29172201911966766,1.2809113650201566e-09
N20002653,45.746055864603946,2.5251071800208726,9.782118399763705,1.077437825056284,40.759075989379454,9.017696231272407e-10,1.3871350514865206e-10,8.888540602965201e-11,2.795545358175155e-10,0.11020473873692349,1.029888363188629e-09
N20002654,29.566586821886787,0.6973662580625161,49.06684948884749,2.1002007914174987,18.28741544819456,3.9127982956504975e-10,7.787465491472597e-11,2.416246730309968e-10,3.2016090635084685e-10,0.28158119004488014,5.153303952473051e-10
N20002655,41.832340540269215,7.961716666442243,39.88450479390913,2.6854116868267175,7.572904920569458,1.6350598257276496e-10,5.536629876946639e-11,1.1262848161366907e-10,2.1978007673696497e-10,0.06312139105060223,3.813482779480229e-10
N20002656,66.72129473195297,4.764026402907994,7.701566537230978,1.0363464584831585,19.128796265451385,4.002131415752398e-10,2.89946000511588e-10,8.697338225933398e-10,4.3755687609787456e-10,0.6479696000081927,1.9678912813538654e-09
N20002657,76.02577704255694,8.766980695334228,6.233580162413591,0.22238244768280177,8.71995737838746,2.12753197854784e-09,1.0478245884259375e-10,4.5823708584407454e-10,2.797582693166925e-10,0.031322269228967824,1.4256994577200094e-09
N20002658,40.28362432228232,8.03772726642484,30.897920067909574,13.34967066147155,7.106970039822224,3.1878830199591523e-10,5.541704417277809e-11,1.2389498687863357e-10,2.693694048913766e-10,0.32408764114631045,1.757058763148956e-10
N20002659,80.46151073737997,0.764457490896738,5.177846551733856,2.851950472361874,10.712272962667358,9.665482034348069e-11,2.6880398230222306e-11,2.4054884723208766e-09,3.0995109063299774e-10,0.03196178189076944,2.3044249716362232e-10
N20002660,32.26066920059251,0.3879604381887,21.201769969778223,0.851292713222198,44.06148760548178,6.876669646342784e-10,5.804903035098505e-10,1.0980272814126001e-10,3.779406890208259e-10,1.236820070263715,7.16980297272235e-10
N20002661,73.5815071208774,5.7713279484195175,4.644652370616349,0.571602744897964,15.408770872734129,1.7083647037589874e-09,1.2525273685552368e-10,4.534769313126667e-10,2.8440231028265586e-10,0.022138938807143165,1.076006426464833e-09
N20002662,57.11912864520278,3.692952686462848,27.117148398045206,5.090024153781405,6.923366732672936,1.201055109838472e-09,2.3952793102814616e-11,8.058633503256331e-11,2.6902673545132596e-10,0.057379382031339354,2.288711233321046e-10
N20002663,45.136406364340004,1.248908768903448,36.936353827141545,6.86944852164301,9.650079480189653,1.6280999280849158e-10,1.9659588419300723e-11,5.529427934589371e-11,2.1541464928488545e-10,0.1588030372045414,1.2462815446817598e-10
N20002664,45.20123141653822,1.716746787826238,22.399181889357823,8.571254614429376,21.973562775601295,2.9457377106438943e-10,6.673111294975748e-11,2.919660260434466e-10,4.2517197965926556e-10,0.13802251492641374,2.421932702348815e-10
N20002665,69.01805417536984,9.489830314646616,2.683775195740638,1.45776570383857,15.430564045248266,1.242191991274692e-09,1.3009671562508635e-09,1.0177281987332916e-08,8.900232403576676e-10,1.9200105457758525,5.769749082764342e-09
N20002666,59.71838253345872,29.36484109683003,6.120051972330306,0.3990938906024198,4.364046168623288,3.0459179879737595e-10,4.5379687722514654e-11,8.593544642698439e-11,1.6408045277340084e-10,0.03358433618811886,1.3671327415628097e-09
N20002667,55.369689105204365,10.9119876659698,17.408063945316698,1.030865398050775,15.24536699064669,4.727227110744342e-10,8.242478102373043e-11,1.513085559961373e-10,2.42574185204771e-10,0.03402689274263375,1.11999417415895e-09
N20002668,35.768408301616915,3.3558306131907973,40.11759166900964,4.540090176401704,16.152626235215276,7.873315074239242e-10,5.6001771802280933e-11,7.538444493869457e-11,2.5290820129818424e-10,0.06545300301757902,3.764447324132358e-10
N20002669,66.13071265777182,15.335688086484728,9.902235919962653,0.8327921512124845,7.7356216052826765,3.0144139360969877e-10,9.81698640568732e-11,8.989889583123508e-10,2.6809078363574904e-10,0.06294957621101233,1.5079439593858274e-09
N20002670,28.78557795668077,9.070565771272245,46.671641047264686,0.17883522314443628,15.134281461623111,1.8116972799025024e-09,1.2787888495932616e-09,2.3547498283721866e-10,2.820561209027643e-10,0.15909853331792032,3.088809704043299e-09
N20002671,77.61693841296112,15.239794366207612,0.9302679187768759,0.6034799232954599,5.458487730364618,3.9946085980368185e-10,1.2387867319798456e-10,4.665579578152487e-09,4.816426515974714e-10,0.15103163999815986,2.725590765172964e-09
N20002672,55.85690108810601,3.2894914131865858,11.971186227898443,0.6350856541031347,27.880812935542405,1.4893968577559094e-09,2.597697041915452e-10,2.0856843652294194e-10,3.6716380979472667e-10,0.3665226769217123,1.916805626159721e-09
N20002673,80.04901283453745,14.457910200827314,1.841593120359103,1.7370578245044128,1.902408088200785,4.114627907210969e-10,9.44780223100362e-12,1.0745067564664677e-09,1.660952072769458e-10,0.01201792912631883,7.83096945035252e-10
N20002674,31.595013078262767,7.528449891181344,51.12596307211773,3.9361952374129454,5.731074238424731,5.999105236070539e-10,6.968990373090335e-11,9.061304617629718e-11,1.8817045334914454e-10,0.08330448143267977,2.194111688063758e-10
N20002675,51.2168249798212,1.8816650229803396,37.6847455176515,1.5285308177854529,7.675980492122407,2.528783434893517e-10,1.1140098029653371e-11,5.994449595427166e-11,1.2183467331385177e-10,0.012253169034243113,1.5905868459855046e-10
N20002676,45.214857718536045,3.005878159676975,30.748675958676376,6.484003134418957,14.457546945269431,1.8547927952960833e-10,3.5876435345339576e-11,1.2112035721625278e-10,2.2194097037939504e-10,0.08903808261111117,2.4669153628103886e-10
N20002677,70.96651907400364,2.1410138767037856,8.56150105773404,2.8823441733262944,15.135465021296717,8.181338937497165e-10,1.4258698182181992e-10,2.9417574677198277e-10,3.16871508444055e-10,0.31315679471953206,6.442211684698751e-10
N20002678,49.64116136302107,0.6852212326449538,14.489582611780353,2.4702177439489303,32.45495900057212,3.001348619244554e-10,1.3249540755354386e-10,1.3402110384537286e-10,3.164513447591072e-10,0.2588580468053146,3.4417629578328724e-10
N20002679,47.24765573785023,2.0437827030361375,32.664215154771135,6.423358784601742,11.524132764513896,7.701029621744172e-10,3.451951837523209e-11,2.3440083329403727e-10,2.823725610097021e-10,0.09685485373149147,1.7397241137350477e-10
N20002680,80.46995586994011,4.361132784669471,5.35540153736452,0.6214465353970691,9.163499521623706,4.921689021477594e-10,3.514659853602555e-11,1.5581484960697638e-09,2.8166137010118543e-10,0.028563747428623214,1.209388771202936e-09
N20002681,59.59279402669642,2.1617630246868322,22.82824026381608,1.686875334393925,13.705533991730478,1.3949077596582272e-10,2.1243840471013116e-11,1.4224733774102991e-10,1.8775974861442342e-10,0.02479335789555018,2.899998716830917e-10
N20002682,52.855834094468776,4.487115845781207,29.510062497255923,3.130483400014176,9.997035183457319,1.9631520853739704e-10,1.7984487259611037e-11,2.366075171730088e-10,2.1480847286625552e-10,0.019468978046795305,3.1007684815311586e-10
N20002683,54.52463786173766,2.8780941014213557,28.08064706578789,1.3372601634994883,13.172332807144413,1.2081367565935174e-10,1.7053196440364768e-11,1.756947191848735e-10,1.3945603081446473e-10,0.007027999562365448,3.9381038021792533e-10
N20002684,50.369175787341256,1.1230104215368135,27.997648959251357,2.201545732649441,18.179145692849534,6.266961760347056e-10,3.4386698728796375e-11,6.813737410922547e-11,2.7326782943229724e-10,0.1294734048620974,5.070060921056309e-10
N20002685,34.379620008001524,16.892745060240724,22.587060215630427,19.167298875756522,5.225832954297936,2.466335628448765e-10,0.563775576074616,2.0254358965686428e-10,5.208170083537727e-10,9.608261774699285e-10,1.1836673080674407
N20002686,48.50485694141438,34.13802352011567,3.45358844140896,2.6985557018801614,8.158489139788703,3.9766078760503637e-10,0.29685065630007773,6.0549691339255e-10,3.504754274844014e-10,4.278081859699962e-11,2.7496355976956277
N20002687,39.49835925744687,35.46518624443291,4.968906931118566,7.575825761381207,9.470218260227492,8.457204723207859e-11,0.6566163204322963,1.4565867118809964e-09,6.638495847703784e-10,2.1905419726784894e-10,2.3648872225365984
N20002688,41.66726334219612,37.485269493552806,2.209429396863404,6.435433767875639,7.584524656878759,1.518239042674257e-10,1.006898271153229,1.3400276567930852e-09,5.765292951768064e-10,2.2623887777255177e-10,3.611181069185423
N20002689,42.866575381489845,8.141326069836701,3.402765165598365,0.7190409748714535,29.18726015856043,3.74388384839049e-10,3.819771948100919,4.6508069809947476e-10,8.523570881832135e-10,1.6669317404754018e-09,11.863260298183537
N20002690,36.29182545082833,27.464204008987476,19.190697915180767,10.375785183142408,5.799235425578022,4.0778811262688445e-10,0.2665549669460278,1.5773971384630686e-10,3.138068553475374e-10,1.0624305129435488e-10,0.6116970483513997
N20002691,38.07320650847182,0.8799754590876664,6.550052896910201,3.387064790919984,47.77021363968108,6.181665580531783e-10,1.99620327831199,2.240120252138045e-10,5.072823019076943e-10,3.0994999530124246e-10,1.3432834249578407
N20002692,26.920137296554852,2.1723032500928707,28.31312452280344,2.9923243329597153,33.646941315451265,1.6093282212514686e-10,3.7566800234199125,3.1318639396813835e-10,6.473323190601197e-10,3.1961383049350108e-09,2.198489254400372
N20002693,11.039864263769871,0.03474727362877013,2.529043792863919,0.9024750739260673,65.91282151463086,4.411830676033677e-10,18.004557354014395,3.423124611845479e-10,5.06128969091476e-10,1.3518604950326732e-08,1.5764907123578908
N20002694,58.241196259774,2.05480525358898,21.65662237017401,3.047407243144156,13.628299522586843,2.799982595302902e-10,0.24215294760521094,1.1305858333983742e-10,3.6992892401618287e-10,1.7306160242823784e-10,1.1295164021907764
N20002695,22.72219505647424,0.21819230793820032,4.707399858286683,0.45201084882442255,66.8076906774226,3.447608673610133e-10,2.737647237156455,1.7827568830214247e-10,3.1187012741287697e-10,4.528225370683102e-10,2.3548640126096574
N20002696,45.598669126284605,6.361475436488235,16.815490494436425,4.1647118476078635,19.81017234044656,1.7814840742575745e-10,3.9118734581687993,1.3506351296418744e-09,7.556967247618287e-10,2.07213773685125e-09,3.3376072922108944
N20002697,33.80941477205251,1.0787932369937656,17.203225235352093,1.992570358238497,40.75010185211495,3.4471372960563623e-10,2.951859772597478,9.155864926305223e-10,6.01707296245999e-10,1.3218516713086708e-09,2.214034769466851
N20002698,66.45554831337905,22.787509184160445,1.439966298713217,2.088457340557901,3.770097283781188,1.2876440621788586e-10,0.6899506000513713,2.1629277386508096e-09,4.2841609301072336e-10,5.566367296482602e-10,2.7684709760800663
N20002699,40.3745954255071,2.523783750293505,17.302772150346037,0.9400487659320118,35.306785112247795,4.5452190927978597e-10,0.6066003138596546,4.0387440287860883e-10,2.4259632249025646e-10,1.7251559457607676e-11,2.9454144806956473
N20002700,43.09040557621449,2.2836427908522325,38.889148684635735,2.085029627007745,13.007744655679094,1.0534158401871873e-10,0.05818558564625443,1.0655371950223922e-10,1.3970038716164088e-10,1.0297297925989002e-11,0.5858430796025488
N20002701,35.468824492652416,3.757213959856439,10.120259465597435,0.4873537051974572,44.942459677896366,9.07849393291504e-11,2.0024787952096803,2.3465212241970574e-10,2.654600321857492e-10,1.7853147945843211e-10,3.221409902820773
N20002702,64.86649601416477,8.400977892572891,11.370003434650707,2.396710691645228,10.624808995237906,2.5317525102666885e-10,0.36467342328653674,5.440391554073197e-10,2.811156763850155e-10,6.22030103977701e-11,1.976329547301445
N20002703,55.252542365114074,15.098393887345498,8.669830269582622,0.49369923075451283,13.439456712605155,3.5096312115630165e-10,1.0457986010700515,7.292077285713271e-10,2.7591238820795604e-10,9.75728145494716e-11,6.0002789320744165
N20002704,77.78798123533002,3.085863828451762,2.5418999690978064,0.1973070389949879,10.933215773702651,3.332455586766911e-10,0.46146383797810414,1.421746170581544e-09,3.324953997852234e-10,1.3934602389502255e-10,4.992268314217842
N20002705,43.16713380598748,0.8464688967517814,5.223991600950682,1.0198211263831898,48.22799423342147,4.631471093579867e-10,0.9691673493024587,3.032747912235083e-10,1.9229871625403785e-10,1.6264586750593047e-11,0.5454229862279508
N20002706,37.483207772676586,11.159121979065297,39.30854017689577,5.444279351078287,5.846213859615284,1.2746080209061487e-10,0.14408651445383375,4.3955305780655636e-10,1.552340510748089e-10,2.2265905378607826e-11,0.6145503454704238
N20002707,37.73498640964608,15.227913974238133,34.874265777465105,4.07162364592801,6.9696539199777146,1.0998083776816136e-10,0.12806105941507293,2.7842774579661394e-10,1.4963487499364424e-10,1.9367587042783956e-11,0.9934952127724548
N20002708,73.50052736130789,5.626920034207479,3.2749259307930885,0.2859883853183251,8.81771869840595,2.1565613894668333e-10,0.6966855769086301,5.215793521375137e-10,3.477189350289469e-10,6.651193859352865e-10,7.797234011308538
N20002709,79.51772074490609,7.111124784244402,2.7759630209175348,0.3216322993022052,5.6778701509420815,4.825564457625526e-10,0.41226627418518996,1.5025428573577438e-09,3.6745393453814454e-10,1.2171428946797017e-10,4.183422723028248
N20002710,72.69035855559952,14.430869996549179,3.1554084280378154,0.8602390966774329,4.520973313226316,3.174053035102219e-10,0.4553880863201221,2.9610259870898907e-09,4.5207896251621924e-10,1.6316423148071953e-10,3.886762519695946
N20002711,63.26485316765563,6.381703929332597,4.04834519078438,0.3377134951042446,17.426568715493048,4.773911228756525e-10,0.699167477998684,1.0583032814638682e-09,3.6622543944881486e-10,1.1197158745196866e-10,7.841648021617524
N20002712,61.98735319566047,8.918876703828557,1.3190192737283661,0.25478596694439315,17.815579706146004,1.4302853000560258e-09,0.8868306571744491,1.5708915858622122e-09,3.313164128875695e-10,2.628448669589414e-11,8.817554493158976
N20002713,30.901395925997804,1.6792615769078478,13.661496799356264,1.1456810230344483,45.651356291315125,6.378445621422304e-10,4.651995220081565,2.2560054768640943e-10,3.2226005181226555e-10,2.7566858198715235e-10,2.308813161845573
N20002714,62.97465849376279,8.965770625243941,5.844334958364448,0.345409925939831,12.056799503973098,6.788716437482976e-11,1.2739141857905496,3.3103269657578005e-10,2.8158200321028107e-10,1.7387463710611256e-10,8.539112306070981
N20002715,43.713981906097246,4.387950061747226,5.393544538708806,0.9073416762638644,32.8083319103145,3.829494848946491e-10,6.706598230886852,1.0260473658834785e-09,6.288453268629372e-10,2.5365592414505163e-09,6.082251671407111
N20002716,62.672284742106676,8.247601947616303,16.160233349256085,2.4815722205021684,9.427633727632333,5.4195205007767176e-11,0.37542615861034456,9.106096102937613e-10,3.124357184055248e-10,5.0594862212082956e-11,0.6352478529482503
N20002717,56.067639121207144,22.023925791533685,7.459306455937607,0.8447476183875684,8.47170967765144,9.075304438855887e-11,0.7622609625619768,1.0902676972513482e-09,2.5289625157401947e-10,7.042484214851628e-11,4.370410371216232
N20002718,46.60569703933789,17.25853321021457,8.116727466111378,1.2302026672046964,18.303860801947966,1.6627522868141847e-10,2.7052627608668707,3.036042096541119e-10,3.5044415963740306e-10,6.978573649487558e-10,5.779716052798459
N20002719,70.83118228206075,19.46406698874777,0.7670134932472672,0.3149808985175982,1.8503625106866757,7.234580671324228e-10,0.5972120996853804,2.975628934443702e-09,3.84080147426567e-10,1.6974390810130784e-10,6.175181722801656
N20002720,41.862308098575866,40.36280545919685,4.159862262597628,3.286198294390648,4.510275668004038,1.763327175669141e-10,2.0350008655154803,3.9075736031117044e-10,2.365903640308901e-10,6.306480009890373e-10,3.7835493502851403
N20002721,52.17423248129758,33.495341847081676,3.599407693130309,1.0903682183514483,2.77022324752545,1.582334667972786e-10,0.9727074390028253,2.735467775496528e-10,1.6257554845148977e-10,2.0601822590331362e-10,5.89771907281034
N20002722,8.587512286898706,0.030698791017047533,0.3229910741411432,0.06884269753527823,72.290693150141,4.0985457111155184e-10,18.225877004027154,2.6846064030970672e-11,9.655477731826174e-11,4.279049114090175e-10,0.473384995278523
N20002723,69.86240499651544,16.203569812816067,1.606589562207741,0.27637790376790405,6.367383724569326,1.4374134456686738e-10,0.6378444329996448,6.014225803106195e-10,2.4487962805321786e-10,9.895861796699383e-11,5.045829566034872
N20002724,54.76874086451604,22.27363556355397,3.457592777597936,0.47690232383935394,11.63095105409643,1.2673187542709324e-10,0.7009384481297136,2.0439165659482271e-10,1.5434091512638622e-10,4.955808507535614e-11,6.691238967731559
N20002725,46.73052453157124,12.072298632545081,24.35254730567277,0.5824024069635455,9.335861993595412,2.443910564378876e-10,1.5666059452525183,1.1046637596236527e-10,1.7650392036390743e-10,2.1817083663255186e-10,5.359759183649916
N20002726,26.823976222766337,0.18170750618765572,7.285164162998946,0.7593977539193204,58.18164144890592,1.3214339837496842e-10,3.35096710156047,1.6200776862668531e-10,3.567587404862822e-10,2.220567412425169e-09,3.4171458007898585
N20002727,63.49914975003432,18.48199276222963,3.34249674841283,2.2108704859050103,8.131024257775465,1.0661812609618772e-10,0.30885230483871834,1.3619779850970545e-10,1.596964163376246e-10,2.197619582047684e-11,4.0256136903795365
N20002728,46.55432387312768,2.976686254315913,24.25114937511258,0.616155285767921,22.054573143916574,2.930723376987375e-10,1.2988823744313336,5.750881256865307e-10,3.98722737304678e-10,1.4197200046420507e-10,2.2482296919191307
N20002729,66.13574739904263,12.891401004694213,0.3380000510050786,0.3480118096192607,4.576549073134536,2.4508859732488833e-10,1.411823375281906,1.2330603518389875e-10,6.78203750397759e-11,1.0453209252195836e-10,14.29846728668161
N20002730,41.018809355824224,0.5456037816281626,40.285280837847345,2.537986290993548,15.390419603036106,1.295467652767793e-10,0.041382399757194294,8.686771795807617e-11,1.0519201294805959e-10,3.834372790719755e-12,0.18051773058797657
N20002731,47.242002074177094,4.7252074911777475,30.700453484243113,2.2162266741743086,13.890686551026704,7.16251380643968e-11,0.30596020206082253,4.361508869905973e-10,2.128388677406856e-10,2.7950686548836304e-11,0.9194635223916524
N20002732,49.71231021351793,24.70979110493375,15.76501643565008,2.601539092149244,5.283481355995305,2.026011656152273e-10,0.3441417473764883,5.845236174624443e-10,1.794218015007661e-10,4.0125763004196124e-11,1.5837200493705308
N20002733,45.9770157915233,0.8958388324772619,31.318581190007222,0.7561768816328637,20.604270927802034,3.896958036522068e-11,0.12603228318560022,2.862519428069124e-10,1.7845276113248908e-10,2.8650386207707048e-12,0.3220840928651664
N20002734,52.92596413596266,28.80390526856238,0.9472282108877076,0.19647517074592433,9.704677729068072,9.992519435561166e-11,1.0783630080026696,6.756055451650439e-11,1.3617024056218753e-10,8.737556720484195e-11,6.3433864763795365
N20002735,67.17505408495656,7.637901169003329,2.2555126919822803,0.5070698028141811,15.6250914322924,9.869908453780689e-11,1.3143839260227521,2.544938826623301e-10,1.5960481660100752e-10,1.0157338018579744e-10,5.484986892314141
N20002736,39.985184280552026,1.3181852695588991,13.23740805635468,0.40826367146119047,42.24745473790026,3.176009133379879e-10,0.4825673264077013,6.09182401682543e-11,2.0020217008171447e-10,5.504525680850039e-11,2.3209366571314707
N20002737,46.04569667316644,1.6001129771985978,25.80080476307555,0.42928996723067336,24.50659729331959,9.843364399648478e-11,0.26099162305627766,3.807682541330556e-10,2.5651446504318654e-10,1.8879428699821442e-11,1.3565067021982622
N20002738,65.8396709239741,1.4176995401538772,19.896134365323576,1.3855909533865889,11.01710862731794,6.401940432187263e-11,0.09559307959765358,3.8881169759556313e-10,2.0206741197753053e-10,8.84257540278443e-12,0.34820250958254084
N20002739,29.854465449004415,1.524642381988409,16.58183063528521,0.7844960244708334,45.945617182329265,3.4748250300712014e-10,2.7193453943145243,1.479529503878629e-10,2.745159180911722e-10,1.7953738190825816e-10,2.5896029316578537
N20002740,71.51747256447621,4.261222385518164,10.400764532044088,0.8799037787938659,10.426590293636306,1.6933316794505258e-10,0.2415018365731804,5.876149056854336e-10,2.806244295256967e-10,6.648521799536806e-11,2.2725446078541296
N20002741,59.102952507956964,3.0223043910634564,9.092976063714703,0.48748981438200156,23.05986098441425,4.164449012806568e-10,0.573031849721146,6.476582482922647e-10,2.9959622732228885e-10,7.155068687319895e-11,4.661384387312218
N20002742,59.17702354649539,4.869377535235002,24.363950037307895,2.428546280501809,7.969223616928107,6.828922233930842e-10,0.2799409012611547,1.5607880313810481e-10,2.7644624226970446e-10,7.519790026151712e-11,0.9119380810800248
N20002743,42.64941865836424,0.7914695017178308,11.765825623088045,0.5387018927993574,41.560615103252715,4.930635978003287e-10,1.0608654488044071,1.033543953561171e-10,2.894862442482556e-10,1.869664060042825e-10,1.6331037709005247
N20002744,47.02998507154984,2.0301840528958093,34.49857195352574,3.8991381517684816,11.6128733278886,3.972078437031178e-10,0.2594671624289314,1.6347521340667472e-10,2.699603534639226e-10,9.900455474726187e-11,0.6697802790129536
N20002745,66.92767810442109,2.143442753555071,15.100629091239743,1.1404785278152003,13.19357755336466,1.928286260359439e-10,0.38113678672345114,1.7338992726060273e-10,3.332884825929665e-10,2.3081374990999586e-10,1.1130571819504542
N20002746,43.10191881635496,1.7713532378159529,29.078107487165273,1.1548406359022425,23.649886564194937,5.586470942944598e-10,0.32301048504845464,7.280713077808926e-11,1.9645733528223178e-10,3.935883520741622e-11,0.9208827726509078
N20002747,51.14983807439667,2.0189540027783446,23.97543762265155,0.7865031938074193,20.56127625830361,6.625743578446918e-10,0.4056488781021565,9.069602491419139e-11,2.175649621256494e-10,4.5259711710961616e-11,1.102341968944147
N20002748,56.35311780348191,11.341362440506046,18.116832518348648,2.36771257405651,10.396140930568492,9.16459504618336e-11,0.5137111030441586,4.844614342406839e-10,2.2122976156209477e-10,6.526321958068239e-11,0.9111226291316441
N20002749,43.91387600588025,0.23848922061818256,6.571438887480623,0.7107235361418842,44.6315865912634,1.2180503756164322e-10,2.0031378383888403,3.982110176524931e-10,4.5996668279895054e-10,1.3889000201339376e-09,1.9307479178579372
N20002750,48.448914073965845,4.625984333654109,40.25703389216614,3.129514987389723,3.1956751704084936,5.2658903648025346e-11,0.10592743923153752,2.483455706139808e-10,1.6120994591891708e-10,7.438852147705824e-11,0.23695010264754862
N20002751,43.65092400188323,1.2489050064397134,19.29918719127508,3.6702631137272053,30.29141206424193,2.0755210717166118e-10,0.6868020340260098,3.5753795783955086e-10,3.254752104818735e-10,2.540269346127834e-10,1.1525065872622493
N20002752,56.65613283430723,6.168900804606064,16.17954344154406,0.7468837235928645,16.67956396733693,6.079778007075195e-10,0.7815744278321021,5.901924852029336e-10,3.2443282284436314e-10,6.140569580264354e-11,2.7874007991967322
N20002753,60.87067998211605,1.8382317841450133,11.737662580720297,0.7987900316623294,22.688365907043202,1.7457702208004056e-10,0.4615742938267684,6.308065567749617e-10,3.1618288900204344e-10,6.278192611274667e-11,1.6046954193020164
N20002754,62.25779395063199,2.735738587354333,9.680312959995726,0.9081594400294409,21.858718102791233,1.228346998429899e-10,0.6610885905686283,2.2639262174430227e-10,3.593429826365032e-10,2.3477059061856825e-10,1.898188367685303
N20002755,16.09593371142407,0.06417708427980875,8.985981763363935,0.17921399768479743,67.52764831885695,2.840919866282175e-10,4.81518884761313,1.344917725151359e-10,2.751937863772644e-10,8.709861812168803e-10,2.3318562752125445
N20002756,56.9238287501389,5.319445524013571,2.4609421597503403,0.18079548264558906,26.664417770116916,1.19254600824762e-10,2.0712322807409773,7.509849459018216e-10,2.9008189329126107e-10,2.7679462308873174e-10,6.37933803115657
N20002757,44.559884816684786,0.6559018054610037,14.32124139063436,0.5799023530053637,37.760661997392006,1.3593167735292384e-10,0.4962488385855401,1.28721195590939e-10,2.577263696851379e-10,1.5195440777605356e-10,1.6261587975626102
N20002758,30.997965539644174,0.3526124152177272,9.665348140162502,0.3214911310671343,53.161592951146766,7.632119722718108e-10,2.9342518264754807,1.6040244006305734e-10,3.434945039593935e-10,6.35628587702791e-10,2.5667379943834754
N20002759,55.780370662429746,10.220876510968397,6.4466974847119385,0.40352381852432107,15.064450340036093,3.1798770212593575e-10,3.1194224777162187,1.5623454428079525e-09,4.474763536131138e-10,5.829668476518153e-10,8.964658702702527
N20002760,54.655698434929675,5.729477344224706,9.168189645769615,1.1706969743434295,24.693882514831557,8.28404415485187e-11,1.6159741013654096,2.2924471707319644e-10,3.029594140405366e-10,2.9787516386964594e-10,2.9660809836226747
N20002761,39.10585704282614,0.33579294029109563,3.0383730315475423,0.3800155676584116,46.52003202159059,3.5606022580731605e-10,4.742970138586245,7.427402336421887e-10,5.333823053503841e-10,1.2186190623831467e-09,5.876959254649187
N20002762,15.172186675688435,0.08379503511177427,6.098785513123824,0.12530657368056633,70.13486393446658,1.1260741614438035e-10,5.745143940579573,1.6485731438380198e-10,2.802339569248268e-10,1.4386735325991028e-09,2.6399183253528693
N20002763,39.87793135357986,0.47945771292871436,14.672937317738203,1.2234772049176157,42.54826679294778,2.6729154729386724e-10,0.3188834512049629,1.968818396277678e-10,2.213273575656791e-10,4.9654746993049096e-11,0.8790461659477007
N20002764,35.929818734322325,0.7241255732805395,44.17347988619908,0.5860480229875871,18.134963974526077,8.239853397598851e-11,0.06860892073430855,6.532644661609141e-11,9.3811174832736e-11,6.2768759937043085e-12,0.38295488770227787
N20002765,35.75931493447085,1.3256605979031237,48.76936811953419,1.7686939946081843,11.960912007191164,1.224803479242601e-10,0.04634431631333772,1.9188700327441379e-10,1.171970233509783e-10,5.681109668966189e-12,0.36970602954187953
N20002766,16.762568889655803,0.05214019112806224,4.380692575040261,0.18529269272008753,76.52153433356632,4.005246178061985e-11,0.877479547522771,6.526784001182204e-11,1.493519966400794e-10,3.23350736389539e-10,1.2202917697886684
N20002767,54.30044568082688,1.758234128854318,6.167556996787024,0.2719877011772005,33.83598741600785,1.6279765043974182e-10,0.9338303485420248,4.1134916187956214e-10,3.197458261667657e-10,7.915313273449742e-11,2.7319577268316424
N20002768,33.668505476501494,0.1951488672237958,17.19875961334569,1.1766683711500199,47.073834863570816,1.7676377252811462e-10,0.31301355593881763,6.92727656762725e-11,1.2193149763439176e-10,1.1865723651100391e-11,0.3740692518895406
N20002769,54.35034566799255,0.42992040767524264,28.623278074037422,0.9319971731774565,15.441294943071165,4.6478593337860124e-11,0.03373706423937738,6.208353696743275e-11,9.802638995099862e-11,3.168112695988596e-12,0.18942666959701873
N20002770,45.20069933020768,0.9591026835521093,40.84348549829897,2.2547837488120512,10.444576875448822,6.013823216503649e-11,0.054833114549949026,3.167963986004786e-10,1.6344566570116604e-10,2.4197435516578732e-11,0.2425187485658538
N20002771,50.69993826829196,0.4095828839479061,31.083144519686616,0.3036244573863719,16.80602670896352,5.6293797172708004e-11,0.10365600392637964,1.4847367447530102e-10,1.446108337445223e-10,2.559443891260744e-11,0.5940271574222629
N20002772,86.00089820845893,3.7043927548618982,1.934723023337144,0.5786522025957155,5.095282090153416,2.281322402842296e-10,0.2459332616917897,5.5638667613149746e-09,4.1348702546041873e-10,7.098085154501284e-11,2.44011845262464
N20002773,39.35357509003439,1.9614676270733316,24.9245581948936,0.7686287949047066,28.26771811907441,2.5331200388406306e-10,1.7396390119837795,5.249750736978809e-10,3.0078245954805123e-10,2.653260499109445e-10,2.984413160691383
N20002774,31.358376117720443,0.2580479743951263,13.429228870853644,0.3895663059385728,53.29142903797155,7.400394145916112e-11,0.3742093697734348,1.6270934450230045e-10,1.5581149775980836e-10,1.7366612856536108e-11,0.8991423229373497
N20002775,19.29233309398799,0.1675836117765973,19.239085014688424,0.20012857896913247,58.98937898061883,1.8261133583601062e-10,0.5403008992180681,8.29708438969941e-11,1.286116131648704e-10,3.264283377389447e-11,1.5711898203141388
N20002776,39.37236690335761,1.0679247073446374,46.66899188695054,0.8094468248907591,10.661157494409897,2.8856944874536293e-11,0.29654718406890734,1.8248746157052217e-10,1.793798741676699e-10,2.8767261620310377e-10,1.1235649982992577
N20002777,41.24042365976455,1.1363787483725307,27.63368759509956,0.955209336264843,26.88197598107133,5.87927002723823e-10,0.29228369979939206,3.2453143940729766e-10,2.60583472467433e-10,2.5917199518154994e-11,1.8600409784288328
N20002778,46.635244863017824,3.980260657469923,24.14844907881067,1.2928010096366003,21.934164143468866,9.477387553899273e-11,0.4192443679947926,3.6317015691962147e-10,2.1330979224337008e-10,3.085997404918266e-11,1.5898358788992115
N20002779,72.49049280709407,3.4828374068858623,2.467860628174127,0.8330007355428048,17.10428973880077,2.364296426299484e-10,0.6341791279375718,2.205983908668971e-09,3.121240664507516e-10,2.533753408190969e-11,2.9873395527849107
N20002780,64.04244485822531,3.6269310928818714,1.2010724946211755,0.08745646261602903,14.37725377953137,3.7767002464924136e-10,4.0384275566344465,2.354460106399908e-09,2.8468141858787625e-10,2.0853483067693001e-10,12.62641375226446
N20002781,79.8364544168102,5.059130217324921,0.5015746534034086,0.2345050957434243,6.924525566239767,1.7295565312457199e-10,0.4554072568978463,4.341977252047644e-09,3.57177013509719e-10,8.570109504378786e-11,6.9884027886226345
N20002782,54.51296895802448,2.2155976806045743,13.216946279281236,0.7728015187418359,26.703011601761556,1.684157022246774e-10,0.7740967929812501,3.5418160019570453e-10,2.071519113595893e-10,7.724145092367201e-11,1.8045771677980895
N20002783,21.686381080950127,0.09406712233017504,3.7769824251367523,0.10355943990472948,62.690178409060735,3.9824706259941805e-10,9.146224075528549,2.7913010394543467e-10,2.758232552680982e-10,1.481304906364224e-09,2.5026074446544304
N20002784,65.68250736588902,1.926242466434162,8.905801397757388,1.6326587321771582,19.24262823389337,1.3841021977703322e-10,0.9713629803771517,7.225583625634061e-10,3.22183139483942e-10,1.8359333640876303e-10,1.6387988221050156
N20002785,28.270114583603466,0.12508106111381753,3.834870216500556,0.06934955613931736,62.01655707193265,3.2281198930388287e-10,4.30523544295408,5.409243411204748e-11,1.745832058504225e-10,1.9240219091139043e-10,1.3787920670122287
N20002786,26.46797931238857,1.0486948779393732,25.69076818681988,0.972849603504245,42.61538814941848,4.900768434289821e-10,1.608422759144859,3.596587799765373e-10,2.1076751387860014e-10,5.134157515500606e-11,1.5958971096727608
N20002787,59.416185646067085,2.137506445109868,5.2169052080321014,0.24233980336543087,28.383138060429175,1.2624319834753106e-10,0.9208022461120232,4.063889717495653e-10,2.5505042799150126e-10,1.446187313664715e-10,3.68312258995201
N20002788,53.04964463269671,2.119286681907913,13.379040591871144,0.14714663014447382,26.649349377256897,2.1637897344153795e-10,1.6018918744361625,1.0596697300317135e-10,2.0372251545417223e-10,2.5344674514382103e-10,3.053640210907179
N20002789,15.07960902192355,0.08855802212937593,3.1786359138493627,0.1494391463880331,65.7967564956804,1.169924346161128e-10,12.38146743228782,1.8943370741938917e-10,2.7080153174789134e-10,2.2283532861230086e-09,3.3255339649358966
N20002790,48.18880720805974,1.2820254114153706,5.217061449216562,0.3765691488850822,42.42554305642924,8.995347727646402e-11,0.9400954155456606,5.553560412920451e-11,1.2925387048161626e-10,3.947168252756359e-11,1.5698983101341153
N20002791,71.15935088550961,2.645591599547028,6.000637638439304,0.47855754711560794,17.72291840554961,1.0178525616617149e-10,0.32457991657602975,3.425482865641801e-10,2.1902200612000407e-10,4.17442560648188e-11,1.6683640065577297
N20002792,41.86084218031255,2.85599254881413,1.7629211291982079,0.0815001379018481,34.24717520828985,6.85586406821542e-10,6.157810243271484,1.4010068341133918e-09,3.5486046312888417e-10,3.878831537505501e-10,13.033758549382584
N20002793,42.41995388519957,0.47588503016513173,0.38979817954700596,0.1248560768232283,29.872695520772773,2.4061840479491046e-10,11.433672138860643,1.0157508943922542e-09,3.213642505685628e-10,4.242640260510152e-09,15.28313916281128
N20002794,72.41106653115762,4.36627417468168,1.6095904683711526,0.12424313308511951,15.964722666549699,3.6535468662697893e-10,0.5251667513105308,8.548758754957188e-10,2.883626428958859e-10,6.495773791522562e-11,4.998936273270649
N20002795,45.764210997310045,0.5855986091973554,0.12185625682056267,0.07167031914896291,30.139176926179516,1.4048079046165903e-10,3.9660721672790276,5.539592315289881e-10,2.553492832446477e-10,9.55806556966675e-10,19.351414722158932
N20002796,46.183173720750865,23.107627269574824,0.5235474423881359,0.06733868737848113,17.542494422759088,5.3794652615945496e-11,2.3466372476398893,1.4180577224350216e-10,1.306166522581289e-10,1.0530189221615661e-10,10.229181209077186
N20002797,72.17346732618174,5.7759113255862315,6.101539106298821,0.5274537850158352,13.100155690223945,6.923387771693553e-11,0.23511186348190222,1.5478757449546945e-10,1.327061332074017e-10,1.3243863356544949e-11,2.08636090284155
N20002798,57.45200079191726,20.272817046305928,2.24477422363563,0.8281719931048154,11.541566781200137,2.8690016530915313e-11,1.5088129134306771,1.386286130877814e-10,7.752813117820402e-11,8.60611778384654e-12,6.151856250152094
N20002799,56.80859234926833,4.872708961183761,14.152642403571052,0.7335375595116668,18.67006634630763,1.3440858602266204e-10,1.5472578544516564,1.7408154858545527e-09,4.764477592989634e-10,2.5217841200145965e-10,3.215194523102067
N20002800,19.2981683106574,0.27627102254604863,1.973111462067289,0.11256548780668132,61.61485138841025,1.4918944802262426e-10,8.10798497167658,1.5416710610205803e-10,2.8773892847279776e-10,1.577574820492946e-09,8.617047354667077
N20002801,7.927172948211999,0.20048507173262933,1.1610248755810868,0.020673926362886313,18.024326272936236,3.1222237225197765e-10,66.11155214203083,5.528421682427171e-10,2.0663396752048516e-10,2.0082080014449044e-09,6.554764760064417
N20002802,44.768209124688596,3.112719636248063,34.06938299571266,2.988450814421524,14.106363041210384,5.888134115830525e-10,0.24853450113381287,6.343217191642901e-11,2.0021985432944426e-10,6.383829797557236e-11,0.7063398856686711
N20002803,29.71905943646263,3.4677772434120153,48.581497265861074,0.753561277434368,13.434945285843034,1.0338863705666854e-10,2.328646583796514,2.206547065547003e-10,2.2072425418364997e-10,6.019632062809544e-10,1.714512906043636
N20002804,18.38139957535476,0.17068688603604948,16.18476586808397,0.19389702440448642,57.69694944712771,1.9198935835508765e-10,2.9249071997317384,2.9583388856962286e-10,2.8825653207671023e-10,2.8196650666984346e-10,4.447393998203238
N20002805,44.65174718789206,1.2069663291831587,31.752838906644264,0.8386600969196217,20.430834950577182,1.646959740250089e-10,0.13527352523234829,1.916603050385656e-10,1.4278690744722904e-10,1.36971580973612e-11,0.9836790030385284
N20002806,31.569182145893443,0.5131136892576784,53.18296458114137,2.388423249372613,12.011722370937202,4.766699411480311e-11,0.07060737372227847,1.2376127643370598e-10,9.581052964171734e-11,7.660776357727453e-12,0.2639865894005348
N20002807,18.523678020858544,1.0151099720147767,35.226754368656,0.22014965960165472,40.27739339382242,5.402392546933794e-10,1.167944834314485,1.727448279966697e-10,1.4490080867907063e-10,1.7958765431793285e-11,3.5689697498562705
N20002808,22.112214862231227,0.6515472137649735,17.84738139234529,0.1795620594973639,54.91575281263222,2.555765933580665e-10,0.7877807516666449,1.444735369677514e-10,1.5992718258779868e-10,3.374178585867269e-11,3.505760907268561
N20002809,39.9474332289327,0.46054458371599727,5.793396415669609,0.16424962160246526,50.00928350841233,8.237014817563982e-10,1.2573669572504786,1.151425524971424e-10,2.3193545553674183e-10,7.792264221883116e-11,2.3677256831677234
N20002810,29.726315040202405,3.4813317708116536,49.15406254783114,2.8224853331339568,13.070336554913286,1.126096595386994e-10,0.5030011580419985,3.31300544992748e-10,2.0996395118419852e-10,1.313935034542222e-10,1.2424675942802887
N20002811,72.33348501729368,2.9968353798424525,1.9807381837050682,0.22932785785540902,17.450838812785367,3.1010316727192443e-10,0.809215852266642,1.030393912287727e-09,3.1789550109154347e-10,8.160254328624612e-11,4.199558894511373
N20002812,69.48458808695437,2.246530159110604,4.323753278186385,0.3348805321172486,21.329195451749598,5.963174182910941e-10,0.47319895579553933,3.9428380535987237e-10,2.947517291376492e-10,4.022569785669205e-11,1.8078535347606586
N20002813,77.58031348486996,8.874379180971768,3.279196931589543,0.4615458669558788,6.146320265002029,1.636985714647779e-10,0.4978474427881085,3.8635896251852845e-09,3.8595196554017537e-10,1.1785929773079517e-10,3.160396823291614
N20002814,32.477018704618246,2.3624338042636444,23.573325904232263,0.5470922110618988,37.7831948395461,2.3192975339257325e-10,0.8646971611442535,1.9996598847043852e-10,1.9337529341528812e-10,4.931778840006993e-11,2.392237374459017
N20002815,83.51817696948069,2.4714212307548458,1.9533989607004243,0.4767242611639667,9.378983033352783,2.385933593458996e-10,0.39486273964135016,6.99673297385682e-10,2.3203490403073357e-10,5.5053974483482105e-11,1.8064328036805886
N20002816,76.24346570827156,4.346572426907854,2.547277979555842,0.24118509737113394,12.80279759876425,2.359798131500235e-10,0.38251763524774884,9.94257302214813e-10,3.0265051837509015e-10,5.199034822330527e-11,3.436183552296731
N20002817,80.35770603431031,8.13260920186059,2.9606631406272754,1.11208726379936,5.2806222863713606,7.297255955636079e-11,0.19923532985272885,6.833918049841098e-10,1.7599470153660842e-10,4.485868001517221e-11,1.9570767422011235
N20002818,82.94520659440097,6.876136566857813,1.2745425082696262,0.36167222430269585,3.988522947925498,1.393081476748973e-10,0.21118602671945638,2.909186882392967e-09,3.1474866341235314e-10,7.630994739312313e-11,4.342733128084396
N20002819,75.02924527691962,5.6107674636532145,2.778963305739808,0.2507891853264809,10.218159445711382,1.4321724869854486e-10,0.5183733458183978,2.4019191374333336e-09,3.065927294788031e-10,5.823883629620799e-11,5.59370197392112
N20002820,49.48208812400483,5.278831175792539,32.01653860760793,1.9148775868509877,9.543787785087678,2.449431554662542e-10,0.2890746706671936,6.445355378548259e-10,3.068538696494668e-10,1.4037574650071737e-10,1.4748020486521407
N20002821,78.3604345265806,7.522409035296283,4.80662363294244,0.6595227042984859,6.40352475384528,1.1281035892462698e-10,0.3102291332203238,5.177292351490072e-10,1.969348051711153e-10,5.035302026903022e-11,1.9372562129387512
N20002822,50.362947889537566,3.1115824755645347,30.395423578534036,0.5460829088649388,14.390913618803705,1.8202818826439707e-10,0.12278438980947445,1.6103792754334756e-10,1.3787128611314837e-10,6.319800601189447e-12,1.0702651383984734
N20002823,37.08356030946789,0.35379458808552,16.043801758348668,0.3129214255740631,43.3507087899481,1.200501688361663e-10,0.9396879659601679,1.8836226956117817e-10,2.522324133380603e-10,2.7426484942248616e-10,1.9155251617806777
N20002824,22.42597751243838,0.045939077826136945,9.999180981501587,0.11786837610637357,62.70532050635974,1.6236842298791787e-10,3.8466730111117586,7.043641310739713e-11,1.689691342156586e-10,3.0145608275747013e-10,0.8590405339527923
N20002825,30.867563218891576,0.08736602168532552,12.15881827712671,0.7834227027847921,54.22468899375069,1.2619226033490715e-10,1.120041723874504,2.3054280715620288e-10,3.4999541368092287e-10,2.461037868267443e-10,0.7580990609335642
N20002826,29.844012934387454,0.0996872871664032,17.362805560543976,0.6712617803267712,50.0940665443666,8.778010266270748e-11,0.6940750597758293,1.4764592224474135e-10,2.900595324020628e-10,3.6077124111241056e-10,1.2340908325467173
N20002827,38.96860274320505,0.33566866274147,42.73574114307723,2.4214825763560834,15.274404203559321,4.2078780756718336e-11,0.07874365301549922,1.5487528777969043e-10,1.4774785564857853e-10,2.1522857540053044e-11,0.18535701767912774
N20002828,32.714659778768926,0.62340580328782,10.256322541132464,0.6202884255258635,50.42896489380196,3.865156415494311e-11,3.6720238408179346,4.645584940867622e-10,3.635035443257962e-10,1.604683764452981e-09,1.6843347141936316
N20002829,72.61001846410008,1.311998154870251,3.6080270927885216,0.22069798527672682,17.667466911278822,7.302069337095445e-11,0.6142596457752613,8.390835775336426e-10,2.8316212183785146e-10,7.676355124822105e-11,3.967531744638314
N20002830,36.34275253173334,0.36661662397798045,8.817747215094872,0.5852157205617062,48.46856253501628,1.8214053126483767e-10,3.652081483566674,2.2391413151635963e-10,2.8800386841439425e-10,3.0630742964069226e-10,1.767023889048793
N20002831,56.87802054299079,3.2805461832697245,0.5956821724507512,0.052288939614928136,31.62383983333779,7.120581222386425e-11,0.8230666525994826,3.4820978542717773e-11,7.923464628023509e-11,3.441152233923838e-11,6.746555675516863
N20002832,21.5544526964097,0.27657829143312257,8.200638252677543,0.911809407922525,67.75859846293658,3.1881744855670854e-11,0.48175541485310563,8.026084159518666e-11,2.0259091227698637e-10,6.450277544229539e-11,0.8161674733881963
N20002833,60.123060061720366,16.62284277701376,11.257999145946288,1.0112985460544142,6.719436275109467,1.3580449833055128e-10,0.8142179030251386,2.488996474781545e-09,3.505572949301961e-10,8.743356861686937e-11,3.4511452880677815
N20002834,74.8660798095694,4.076120288259871,7.571777501464805,0.5006166316188191,10.206932503662074,2.321475937021816e-10,0.2209544586196134,3.9274988976308734e-10,2.159096927592414e-10,2.4819690013660064e-11,2.5575188059397935
N20002835,68.89991065795049,1.6753641887451833,5.359047555120387,0.19606812593807582,22.179490109345174,4.18114414381572e-11,0.32141833408399473,2.2980831721482448e-10,1.54072974551721e-10,1.2430163508045482e-11,1.3687010283785452
N20002836,30.22227270125898,0.20965839203091122,9.142717858975278,0.2738633267261469,57.76103213111122,6.718110424556608e-11,0.6166374238412448,3.253471658284155e-10,2.6145159836151444e-10,3.2403120254424747e-11,1.7738181653698355
N20002837,8.913158949471931,51.50596499572333,4.312784215113653,16.17807565111884,0.5817738353460372,9.361759119357499e-11,2.628921333141211e-10,5.710118861193104e-10,3.586277845150733e-10,18.508242351851916,8.814559989089521e-11
N20002838,38.59671081956999,20.03864408372331,5.78761980746152,20.59653675578946,13.743317951881098,2.9256620364136014e-10,3.6352917605052835e-10,5.817629596769974e-10,6.244245760221295e-10,1.2371705794920738,2.2026542667380681e-10
N20002839,11.493137497529373,42.587051367536176,8.887870761129793,34.88623019224616,1.7393824909853468,1.239628578239502e-10,5.183082152159912e-11,9.154146590921628e-11,2.1028737377578466e-10,0.40632769002113095,7.438035791369564e-11
N20002840,22.546190533530826,32.7876982832088,13.360262638927631,27.197193289061204,3.692410706494876,1.6460043956804623e-10,7.522335616942944e-11,1.6270231066569484e-10,2.7811413130152436e-10,0.41624454796109556,1.3492461952569602e-10
N20002841,2.576182895854485,45.2158757877973,2.1151066315749474,49.316854223537376,0.1726324168219365,1.794901076917758e-11,2.5503823065885614e-11,2.2356405485641687e-10,1.4602626870088415e-10,0.603348043984525,1.638960684392755e-11
N20002842,9.566924630747236,53.68574111611203,3.9202471487996484,28.94356694032747,3.4384303621891856,1.1275368716106175e-10,1.5539346665388505e-10,3.0031802572997003e-10,3.04188687328105e-10,0.4450898008067029,1.450782806150735e-10
N20002843,44.26490733091679,38.317812077780815,3.5434993345167634,5.0529622664345,6.80829043300016,4.4103770595475773e-10,3.334754782996457e-10,7.346945043155473e-10,5.951724029634805e-10,2.0125285545300415,7.165366566428194e-10
N20002844,42.199412896503254,30.730902617700558,4.259415723862958,11.73864124154291,8.836115955301613,4.829568398183963e-10,2.8239801990171615e-10,5.701145908159103e-10,6.663022408319815e-10,2.235511562723008,3.639425818341891e-10
N20002845,8.712734495012086,50.08236655700726,4.021249711911017,31.328312344135263,2.354156404822739,7.299773179140247e-11,3.231245152179993e-10,7.304420706897865e-10,6.876282452667797e-10,3.5011804850561474,2.4130671421354693e-10
N20002846,57.71273340868801,23.56573636724413,5.160087291688612,6.493463978125826,5.338658911858264,2.6382921346519447e-10,1.6529661771643955e-10,7.362288647088307e-10,3.278442442120382e-10,1.7293200402805673,6.214002438406289e-10
N20002847,7.547905592926224,49.30239068883991,4.705904542813345,35.81225642347465,1.8273570410064734,1.1514056950657473e-10,8.982592683531259e-11,4.592280494517107e-10,4.3403258803733275e-10,0.8041857097063572,1.3482073252147313e-10
N20002848,17.658359236033412,55.50517394846355,4.4525326272708,15.37697716016596,5.4029115392038385,1.984305356677613e-10,2.2745748905630908e-10,2.8598206319382753e-10,5.22625943024269e-10,1.6040454873821048,2.458459398260513e-10
N20002849,10.611514478462848,48.672267342471656,7.9094474803018135,27.194960875183632,3.30360515152261,7.36343877752476e-11,2.818944197535174e-10,3.6812195567523983e-10,3.9880211446403103e-10,2.308204670700303,2.346764342042655e-10
N20002850,29.60702893445329,56.42290318390876,4.160032622975351,5.192311577921304,3.534487808278276,4.531965795967623e-11,2.2541941320226024e-10,5.092020108858549e-10,6.796004832295748e-10,1.0832358704482405,5.552482899707472e-10
N20002851,32.85825882658334,33.176046292246674,8.760057476071351,12.271251476843823,11.144223847130915,8.606455535618839e-11,3.9692487114785904e-10,6.32329704218949e-10,7.542679725473022e-10,1.7901620789457993,3.085163109645122e-10
N20002852,12.265410880380461,50.809603919918366,5.9568335012554385,15.823266004539056,11.658422860783398,2.9883831534131283e-10,2.094150735734078e-09,1.2386221012568117e-09,1.110140406145365e-09,3.486462827612755,7.687898583051176e-10
N20002853,42.796198658793514,14.633547805196677,14.822842781149603,19.99424297922229,6.04818956262343,3.694796345047678e-10,1.2323772518257497e-10,3.0184322880293087e-10,3.88795984826488e-10,1.7049782116407242,1.9041131455813346e-10
N20002854,16.253696431959476,77.43610592940242,0.5804279720479737,1.3676080107169732,2.7098482798920682,1.598290154839191e-10,3.4929962640462605e-10,9.262732416173976e-10,3.262964249397303e-10,1.6523133730857817,1.133620183449156e-09
N20002855,6.683711385767274,90.43520385027607,0.4149894664107161,1.408834224143844,0.3337539508005431,2.1192360777036483e-10,1.9445322791881673e-10,7.53387164562075e-10,1.1945441526670635e-10,0.7235071210269111,2.9542575807478744e-10
N20002856,17.083805314085282,50.379192667461105,4.750485113608111,4.74152266352802,15.296012689768833,2.0795249905763098e-10,1.8923755232260515e-09,3.21395124271153e-10,1.052817213347176e-09,7.748981546536432,1.5376730569313546e-09
N20002857,37.88472130823279,49.713693077630595,2.310392745143978,2.103068978162555,7.42797867562768,3.7988210347215755e-10,2.9672715920119906e-10,3.7893387869299866e-10,2.7027432093807286e-10,0.5601452127884494,1.0881288285808645e-09
N20002858,13.685700930263952,81.24564245787595,0.6613141946424093,2.4825024951437578,0.9005023407908295,6.540243176119909e-11,1.126290814241813e-10,2.9684077563325744e-10,1.834804438127277e-10,1.024337580119454,5.052975019618934e-10
N20002859,9.694415058185166,42.641268123432916,5.478580392395056,38.63416663017449,2.957507474398553,8.375425212647424e-11,1.2327437365748202e-10,1.4142201789602172e-10,3.495901591031021e-10,0.5940623206325625,8.320948630518334e-11
N20002860,11.816977205565106,40.967549123614546,4.105220828631127,32.08359382148992,4.821188249911916,1.518946404938444e-10,3.912093438564876e-10,5.591044022067715e-10,7.684523889354574e-10,6.205470768611517,3.052012798984343e-10
N20002861,16.469747320899767,56.9094279331131,2.111847225856803,21.364830001427855,2.3094247940377604,3.924691955562348e-11,1.2289863174337902e-10,1.3036782702287418e-09,4.4811842412549423e-10,0.8347227225909274,1.5983740655653642e-10
N20002862,29.39502133130747,19.523484850092228,8.517385856722779,16.38330924780368,6.909081231206571,8.59109015754484e-11,6.181102458158818e-10,8.818354953316056e-10,1.3477438875080403e-09,19.27171747936774,5.659367987084547e-10
N20002863,11.915979095339054,50.53318413014798,3.5615556154668595,29.636140458836202,3.024085465663673,9.749875130490771e-11,9.130987455944004e-11,2.1542990363506055e-10,3.7964959890169864e-10,1.3290552336039683,1.5838721615325227e-10
N20002864,4.8807480455095895,78.0621021292682,3.131245138486622,10.706141724503713,2.1970207635256687,3.809753366176993e-11,2.5679900029275677e-10,3.3534931181430897e-10,3.712121810082463e-10,1.0227421975199926,1.8475918425161274e-10
N20002865,18.067190106156197,55.52070698154542,3.9800625089278467,16.61335723771708,4.587682911529299,1.6146328118275036e-10,1.7282546340454848e-10,4.11935579298566e-10,5.541016178234031e-10,1.2310002526578117,1.6601497491287416e-10
N20002866,18.132873285299976,45.70169879009969,6.584735455402789,22.913129797308322,4.491082131415414,2.739788114326741e-10,2.3923143415559717e-10,4.816003463340275e-10,6.477927980504997e-10,2.1764805386447112,1.864964317106509e-10
N20002867,56.46603569623022,9.25958884670434,11.202438474313983,8.694045648692585,13.040989031749392,5.632301453678051e-10,2.997124353909828e-10,3.0585948935874867e-10,3.5314848477491716e-10,1.3369023005510048,2.3652915777208486e-10
N20002868,9.985640431174396,40.09668242819992,6.53698360130322,40.68355148053259,1.507259986008719,6.813495199639471e-11,8.270449335661422e-11,2.0232497239189396e-10,2.745179220051969e-10,1.18988207209271,6.075382829204732e-11
N20002869,21.02125033140233,72.39440609539065,0.9030807307287503,2.703353579637099,2.6232218039926756,2.8230853020690305e-10,1.6199931765379218e-10,7.548701613067134e-10,3.7355102235618134e-10,0.35468745674372254,5.320337535472168e-10
N20002870,10.955467383588278,48.628238588108836,4.057233885054753,34.86779571517668,0.9325579246360696,2.2880769843276243e-11,4.116318670593361e-11,5.772832084397553e-10,2.3242647117097718e-10,0.5587065025119875,4.963650139878026e-11
N20002871,24.188403381245855,30.404341752136432,9.756075358354158,29.242499456802996,4.873588700645259,2.294614159811383e-10,1.6109727346536128e-10,3.31650203060524e-10,4.024164519741037e-10,1.5350913494832013,2.074777333180331e-10
N20002872,40.008478903194636,29.25190129670301,13.523622297660069,10.575218588353133,4.575229622451948,3.1782056117043245e-10,1.5458798861688642e-10,6.44159278299116e-10,4.2364350255638294e-10,2.065549289545915,5.510693906850654e-10
N20002873,6.194479610023906,59.55640474041418,14.967936603974469,18.497349136559997,0.6221678164041232,1.0934034989924607e-11,2.4353659208365954e-11,1.2937978044170137e-10,1.6900127923144235e-10,0.16166209224200342,4.76528614419637e-11
N20002874,24.33531181740717,22.844412332764144,6.257520914963226,36.41975315901909,6.456109247419928,1.1562467424769199e-10,3.3854866848186245e-10,4.878599018005321e-10,6.935678852474404e-10,3.6868925266014014,1.894428174968845e-10
N20002875,20.909759364965954,57.464377964155474,1.0666477928515978,6.005242156287818,13.558448371167978,1.5134966247543617e-10,8.216298590629782e-10,4.6286242600234463e-10,4.467810514036275e-10,0.9955243476668709,1.0216837755411812e-09
N20002876,41.2370507715109,13.57030072846526,7.722351770140867,6.087847909720442,30.31420243078094,6.276036477903372e-10,4.40389781948151e-10,2.856459098549564e-10,4.759094380117335e-10,1.0682463869548156,5.972116597086023e-10
N20002877,35.785773884848524,24.364686507035444,8.708148180469669,10.806727558070586,17.962983855092833,3.184694962033594e-10,3.667663948281606e-10,1.1849763729477145e-10,4.5855773940379254e-10,2.3716800128782745,3.4239226857875887e-10
N20002878,8.63602051514984,82.64843722833722,0.8858650298167663,3.0566021202015246,1.9769586315267034,4.7545100726944884e-11,3.3290802694071263e-10,3.773575364685176e-10,2.2048333909846432e-10,2.796116473548457,4.412077098710748e-10
N20002879,40.448398275662754,23.542292638851738,12.161143332821506,9.130033526353616,13.691620683361371,2.64735715821553e-10,3.1700874910126246e-10,2.2583272736493856e-10,4.1742927205188756e-10,1.026511541309528,4.1448761764243654e-10
N20002880,32.915434665156,50.04608999086317,3.170723006480105,10.47904893451615,2.3885296661920346,5.014161872974599e-11,1.0960721616623945e-10,3.3902039396651975e-10,2.519869460309878e-10,1.000173735781542,2.6023779216478233e-10
N20002881,43.31308300485513,37.17485026937396,3.8546310672518644,1.2157766539678132,12.58265057723261,3.158512430426853e-10,7.753339626007403e-10,4.869918919458801e-10,4.694448314988343e-10,1.8590084242071288,1.0638919001228712e-09
N20002882,17.637978104500927,41.03550756084927,4.316749153100355,24.165672433810766,10.938454710187514,1.9454682082327166e-10,4.40903066733001e-10,5.924822331224627e-10,7.309167950020975e-10,1.9056380352961522,2.961678176950921e-10
N20002883,52.21885335675961,22.93742848515983,3.6565261913986165,4.326825578200224,16.233546380398828,3.0515216345021235e-10,4.2398474769058967e-10,6.389221161536276e-10,4.267743503103875e-10,0.626820005347597,9.40442783387397e-10
N20002884,36.19679799987176,37.215925274342,6.924854866080042,13.03158120178122,5.9848788139802,4.328673766182933e-11,1.0095522992664112e-10,3.4407030066606834e-10,3.512240659813716e-10,0.6459618429404379,1.648200278004885e-10
N20002885,7.819953230714316,73.92845381495576,2.3171200832006003,14.214251417574456,1.2702988043548582,3.162346725728482e-11,7.699010383609907e-11,1.9516368523586383e-10,2.7410605289697177e-10,0.4499226485363157,8.581903585521199e-11
N20002886,14.06391144774452,58.220304798520104,10.875014034680602,12.112282945497826,4.62309283695597,1.5753324596740577e-10,1.0713895519784429e-10,1.7187671936633896e-10,2.0530840371141403e-10,0.1053939357254809,2.3363469553111393e-10
N20002887,14.774146191152282,39.021464817074815,10.117546349671366,29.53599330979789,6.184753256441164,9.015599587072522e-11,1.126868366818744e-10,8.974996410010689e-11,2.77804017338266e-10,0.36609607515052867,1.4155841657092207e-10
N20002888,16.64795434861067,62.059927831940655,3.6729414404362726,12.058161998745632,3.8655851632365725,8.403905837371003e-11,1.8267119223672202e-10,1.285469463889766e-10,3.9977923428078144e-10,1.6954292160655815,1.695801552638983e-10
N20002889,39.9782245048675,19.58037111891815,11.353582002812159,13.530029154439669,14.092709425867941,4.894161018997786e-10,3.264615320767927e-10,3.140214682386042e-10,4.661003844994282e-10,1.465083791162104,3.3648470079495837e-10
N20002890,19.82405558506305,44.17851610078904,2.95705106839683,14.677916362454765,11.247533951949539,1.765737389323079e-10,7.854712093572488e-10,9.118620393864431e-11,5.720009221788818e-10,7.114926929461028,2.6051725696422724e-10
N20002891,43.521665378127125,19.199820808788772,4.757725573875266,4.376338818241859,26.876061206012906,2.870262476485323e-10,7.882123858491915e-10,1.28739380845751e-10,3.5551189038661004e-10,1.2683882128474917,5.470902704273437e-10
N20002892,6.301596483555433,63.73358708926992,3.973315107967243,23.272608931207717,2.0167697616547535,7.333272048793837e-11,1.4995096464862778e-10,2.8103753432484564e-10,3.595922951199242e-10,0.702122625317944,1.63060409473468e-10
N20002893,31.01710897789599,34.243203030657355,4.296726653505621,18.972669296923097,9.052788091993635,1.3799694972832685e-10,2.4927782377216006e-10,4.744962778361105e-10,7.336110177989594e-10,2.4175039471405917,2.883151438176555e-10
N20002894,10.062483943923418,17.381560483478236,7.109925890166913,46.6436743981354,18.03182293684025,1.0820370597315688e-10,3.667797293426247e-10,5.702528468570118e-10,5.497005352181348e-10,0.7705323455641104,2.967212472879385e-10
N20002895,20.81827255099185,58.14807969583276,7.244250837488848,6.975039302446255,6.378831567333234,1.3111396180476457e-10,2.499344832945924e-10,5.882486462529301e-10,4.45211110836639e-10,0.4355260439566846,5.358629606354055e-10
N20002896,27.44424093298473,0.7520977784861144,3.2693245434181666,4.312108596494495,57.48880437715251,2.4264431946484534e-11,1.3149746693750448e-09,3.681158422648128e-10,7.118389282215327e-10,6.733423768666349,3.784524968835957e-10
N20002897,28.366528059937917,60.36722903495634,1.0667186375777635,1.300784426710633,7.587284536230074,3.229789807981634e-10,2.306040979709274e-09,1.0977599401749645e-09,3.6723555864849735e-10,1.311455297468001,3.0252603913823688e-09
N20002898,26.752887406538477,49.42721799449265,4.0216662465970785,9.64881742739215,2.3704293969469137,4.0595638877569085e-11,5.098490762663709e-10,1.3787822854495629e-10,1.9776976589543916e-10,7.778981526657498,4.891412850146312e-10
N20002899,42.44387754122025,40.685291919542095,1.2708954608826912,1.4702236682689749,13.547755415634812,2.5504201872084137e-10,6.116626594368416e-10,1.4152212868836754e-09,4.2646704337913116e-10,0.5819559899557927,1.7869813519550447e-09
N20002900,20.252239096544884,3.060885248781307,8.518870794361748,43.10565047121586,22.46555028394638,9.62848801121144e-12,5.772199616202654e-10,2.36279115188979e-10,6.52804028511428e-10,2.5968041035567873,1.171016997086024e-10
N20002901,12.741958653112556,82.85242395535897,1.470592242851051,0.31167632733441825,2.614113317265034,6.115490927189908e-11,1.0654318399018509e-10,6.984005919092884e-12,2.834395663967197e-11,0.009235503499510767,3.7543323882650345e-10
N20002902,38.70954805292385,49.163827163562104,1.219932716783907,1.6615867015902268,8.837400652813693,3.4625315131335833e-10,8.349820430030453e-10,7.588098397044264e-10,3.112495520918075e-10,0.4077047090009989,1.0739227142629948e-09
N20002903,23.967329026004606,39.94145576595332,8.140250558280995,18.87563486028476,7.955541554682412,4.448634141101244e-11,1.685982983292604e-10,3.902137966248131e-10,3.7319388758531094e-10,1.1197882336151603,2.0226044303081469e-10
N20002904,9.541677984681805,87.21209155417425,0.41398168202948654,1.0726105620699915,1.6692632778163141,7.89668471922453e-11,2.2201184726232684e-10,1.529886359770521e-10,9.104577868216966e-11,0.09037493820501953,4.781228587189591e-10
N20002905,42.076725316748224,26.943276530356293,1.3527991684192906,1.7642000285322479,25.862165374581675,1.552892247546381e-10,8.408247621041776e-10,9.97910263702432e-11,3.2646841444010634e-10,2.000833578634379,1.305517699424605e-09
N20002906,11.064430646731594,78.93551861601887,1.1225690670620359,4.104656630301962,4.632209729032807,1.8765839676284505e-11,1.0608866318447804e-10,1.3301613258767963e-10,1.53706928738598e-10,0.1406153098710961,5.700565331887166e-10
N20002907,43.63525927668446,47.824518226694885,1.0315817673509489,0.5978517528545401,6.7261211418979086,2.2142637102594662e-10,2.0745562431850603e-10,7.370844329254215e-10,2.0005702244510623e-10,0.1846678308567363,2.2944897291622417e-09
N20002908,25.798378085887176,48.70336520097729,6.665042275357752,8.29958224209712,9.815543808974764,1.6808204161533421e-10,4.427086334243504e-10,5.947299216327892e-10,4.590557325873593e-10,0.7180883845293186,5.120008815080123e-10
N20002909,32.05403681938939,24.035366861589715,10.047701383867544,2.7809934411357067,30.094820350372565,3.685839684443466e-10,1.1546152092824248e-09,2.8317830245224194e-10,4.1288234788941284e-10,0.9870811401819954,1.2438425250268556e-09
N20002910,23.808210239876534,6.113212112780823,3.781038240456195,4.717497401458993,60.73293636296366,6.335443107265848e-11,8.905582074955244e-10,3.087767701064049e-10,5.350006020762463e-10,0.8471056401582158,5.078939261849209e-10
N20002911,16.523609363281665,31.490358529732752,8.449772985308648,38.05363687288251,4.631484708026568,1.2160924212423092e-10,1.4630217086508273e-10,5.410659186771747e-10,4.2332297429478444e-10,0.8511375393591694,1.7639461522708138e-10
N20002912,24.077066645399917,36.66622955743777,13.528481703719732,15.037954660153243,9.855023099494806,1.1746988942257924e-10,3.279280731588913e-10,3.963224794482337e-10,3.6115664270637304e-10,0.8352443323374836,2.5416921201086445e-10
N20002913,58.58986335691449,8.77259101925579,15.185559060296322,5.429729337634276,9.813126687627417,4.787952806323705e-10,1.7972925707002607e-10,2.4835315106047796e-10,4.4977615769314654e-10,2.2091305364235128,4.91535713291153e-10
N20002914,20.726247868907603,11.216326039964015,15.377006453247377,45.025183232453706,5.958200753671021,1.1388191948805788e-10,1.2052842970142076e-10,1.5246815544836926e-10,3.1473121175257866e-10,1.6970356508939786,1.6069597070440665e-10
N20002915,21.390752895076115,16.963581906559355,16.753137802015026,39.77777455939742,4.789352827974158,1.701167902372577e-10,6.539712583859501e-11,8.323912739144099e-11,1.706967012577422e-10,0.325400008405251,8.320871255675817e-11
N20002916,9.526715017086913,72.91368312766282,1.2610774604712427,10.967056646885078,3.8473632559968616,2.694939406890408e-11,5.813227790718073e-10,5.18834765167818e-10,3.8515840000613876e-10,1.4841044901912155,1.9359000044913188e-10
N20002917,28.381023467651907,37.943090682273755,6.097318274795773,15.142681239369384,11.673867788005838,5.981324603319265e-10,4.428794408184476e-10,5.316813260525953e-10,8.093129310036602e-10,0.762018545060954,4.603798335588445e-10
N20002918,21.426085550346073,32.90772562857212,10.822463515537754,27.726587755857924,5.934422056472936,8.579515017703188e-11,1.3681091739109738e-10,2.0394652104671787e-10,3.2979398191776764e-10,1.1827154922832541,1.7360279218406153e-10
N20002919,23.2387425062362,21.852898928110932,12.56700254601194,37.387698063230886,3.4471883010375057,1.215163709397164e-10,1.4403632220634562e-10,2.9618151416929155e-10,3.302613923414765e-10,1.5064696543947957,8.576378259880669e-11
N20002920,51.61335152395438,20.585885755962526,7.460739559090836,5.338140837264774,14.181488253231784,5.587289332732968e-10,1.3717522206863992e-10,7.888982596564008e-11,2.8711919635615917e-10,0.8203940690994891,3.3430838007812145e-10
N20002921,55.158250601968795,14.8636433942794,10.883334946501328,3.4091058538894257,15.357350103392925,1.3946585822306084e-10,1.7463839761012364e-10,5.043412349857424e-10,3.6684245619719817e-10,0.32831509850043394,2.824075977693414e-10
N20002922,56.621820790695864,24.900046875643767,6.250768450892949,2.9907619888748274,8.51929168809231,2.1012637507034759e-10,3.151959365781545e-10,7.000994735957246e-10,4.561805489023306e-10,0.717310203440935,6.777412118019263e-10
N20002923,37.220649184655954,39.60089791252049,1.5501864944383335,4.720856923434117,15.338312646062457,9.578605645156545e-11,5.337550654089362e-10,4.007822556848747e-10,5.313116554785271e-10,1.5690968362711148,1.0559003498645047e-09
N20002924,58.814782966093205,27.51472278936667,3.5319664368545114,1.2838595394990775,8.35624336840692,2.700827730204705e-10,2.4276569603435935e-10,3.5710032331414334e-10,3.504833403993551e-10,0.4984248977486197,8.1055900638495e-10
N20002925,25.276745088211992,35.86435569118006,12.270992747390338,21.498209643550158,4.31474459329184,1.5859756400999779e-10,9.303241579668645e-11,2.5653171831731115e-10,3.9464977331759157e-10,0.7749522352505777,2.222273641048762e-10
N20002926,58.50360707188358,20.24165080129923,7.899207847295233,3.549655139800861,8.143993906740585,4.05084935668389e-10,2.338697557767875e-10,1.3040349300229758e-10,2.98233809104559e-10,1.661885231527172,3.857349351156846e-10
N20002927,11.715205734046368,74.59740061701591,1.412655048257549,7.965631088585417,3.9395787863020755,1.2291677009521892e-10,1.712122166793972e-10,1.6689882920836628e-10,2.743315233149951e-10,0.3695287248365199,2.208272010039965e-10
N20002928,45.155617912444306,17.447569877835658,15.833371987077353,9.959155071630429,9.861239974673335,2.364259190097594e-10,2.3207577798932037e-10,3.7983818714892805e-10,5.939228637197841e-10,1.7430451746023097,2.943390032698933e-10
N20002929,4.234323694856367,69.71310840070872,1.197137780663071,23.700103095509444,0.7695746114128317,6.691956164474209e-11,9.128812102264513e-11,1.697391999411779e-10,2.125769345126746e-10,0.3857524162644089,4.462536605618174e-11
N20002930,18.52955820823897,39.768571555002595,4.883510945883483,33.1248570055883,2.6310726258054964,1.2366213725422595e-10,1.1104889692854207e-10,2.4382548981730123e-10,3.439102954696987e-10,1.0624296585300919,1.28608378995072e-10
N20002931,49.50688936748693,18.317390933755075,17.183473431516468,5.371678027886605,8.85145551900697,2.857076250196641e-10,1.345223762953902e-10,2.328358648503624e-10,3.9918719316288925e-10,0.7691127188790109,4.167019274762733e-10
N20002932,49.381371066860716,13.813213581388837,16.655015781888732,3.027829139527022,16.984764343048187,2.8036919215311866e-10,1.6417437566909716e-10,1.3508430760789824e-10,2.631951774595267e-10,0.13780608611817494,3.255023798096125e-10
N20002933,31.385364344520504,40.73374766847921,4.323717648418709,19.09212975817225,3.232923403732726,1.3522009670248598e-10,9.238171902115088e-11,7.353291773528304e-10,5.259650809153973e-10,1.2321171749775874,2.1008957821809762e-10
N20002934,42.98581297386963,16.51585614452778,5.250636884790323,3.3123537911748615,25.08149099240496,2.5510330723064097e-10,1.3449733280349546e-09,9.709352181981932e-10,6.297883801942418e-10,6.8538492090706935,9.609581861821605e-10
N20002935,51.03399683078308,15.76862626120744,8.205232521143092,1.2008554378580152,23.167897393493796,1.8500585947714622e-09,4.031827917580299e-10,6.846209104922313e-10,4.38044289068776e-10,0.6233915502478696,1.890803051336081e-09
N20002936,7.554258301057088,55.512368301226324,2.640758366286154,30.017443151116012,1.1762123417320336,2.8264221079664506e-11,2.0660682911983238e-10,9.265937855957993e-10,5.162535949218045e-10,3.098959536765603,1.3906145644090998e-10
N20002937,60.24596053551339,11.65465987283454,5.125347063641664,3.241176429407818,18.187335258667428,3.345849372412391e-10,7.259527380010786e-10,2.0160383909128582e-10,3.4375212714692126e-10,1.5455208372569067,1.0723618449994436e-09
N20002938,58.88328403047217,33.339288818351534,1.6928107720699848,1.6249852487137753,3.618554256226651,1.9266850375505516e-10,1.7430828390429513e-10,1.2796221644718206e-09,2.908568073621724e-10,0.8410768711400609,1.0883660796857743e-09
N20002939,56.45976234550205,23.33092615411069,8.209441933848469,7.268577596451544,4.039783104908963,1.1363656229511884e-10,1.5912528400122e-10,4.4138629706227966e-10,2.4006382196290136e-10,0.6915088639537825,2.7028343381776076e-10
N20002940,36.782435994388116,50.25375151353081,3.1400873065141908,0.1927094689016167,9.600770941491406,2.2860846237993414e-10,5.291711182925715e-10,1.3161685573815958e-11,8.539956266601554e-11,0.03024477319553723,1.1219852560613211e-09
N20002941,18.90138174069735,62.247333317864204,4.925424995020933,4.058883524421039,9.041201051188867,4.9888885982338716e-11,4.583791168688475e-10,1.2590996702315157e-10,2.8455462073021475e-10,0.8257753694217724,4.670979982309503e-10
N20002942,43.47527335834295,29.105357848109836,9.203604723353816,5.506089292323585,10.400855274991835,7.086836481021454e-10,4.608874069605266e-10,2.9819996595414117e-10,4.372672310991357e-10,2.3088195000602654,9.126600927552836e-10
N20002943,19.118867126859048,65.50495471062789,5.776613211434609,3.805389850481152,5.540901399295798,6.495288614868553e-11,2.885984329088727e-10,1.3487849577849015e-10,1.755414718751632e-10,0.25327370040373703,2.3380156985824526e-10
N20002944,50.731028747084586,14.653445876850805,13.827498664751253,5.573497029106267,14.19620767768483,1.3774332640554175e-09,3.4777198121753667e-10,2.1625752837604769e-10,4.659825740897269e-10,1.0183220016010588,5.137462351228837e-10
N20002945,28.478950255109524,60.37743938429656,0.2736143345249201,2.568118232733409,7.9658976975764855,5.329983718773124e-11,1.626029246003005e-09,3.728708030459252e-09,3.215190455227945e-10,0.3359800888136159,1.2159176413859249e-09
N20002946,2.8073442585538024,96.27779964182717,0.5285136635770957,0.20086596706527599,0.16068220773361414,1.1656747290884539e-11,5.6830959752379584e-11,1.7717970172354208e-11,1.954362334510311e-11,0.02479426100789263,1.2939906619889822e-10
N20002947,3.6764517136639925,94.72430117409093,0.47243243024458015,0.1575406486725018,0.8667096847211255,8.970287337984056e-12,3.460112390885194e-10,6.002715617982577e-12,2.1117867951083506e-11,0.10256434794635198,2.784241829255337e-10
N20002948,11.30574664136689,77.37458981825876,0.9236630356450569,7.0868141950212085,2.814480321359822,5.963259384364207e-10,2.772674509554201e-10,6.938610984202998e-10,5.460150643065386e-10,0.4947059859245138,3.103125070812023e-10
N20002949,30.687301651407605,38.36606018154926,3.1455954890608386,2.3495789297857117,21.05832265232256,2.1359950283674784e-10,2.11069216049947e-09,4.984231857677641e-10,6.379907836306393e-10,4.393141090038891,2.374415116126561e-09
N20002950,9.398603293076448,87.46562247730382,2.3263634326480354,0.041485182805560336,0.7677238241309459,1.3751026061639983e-11,4.748087988444161e-11,1.0174611506016911e-12,9.570810930526043e-12,0.0002017895975821287,3.6580810555590367e-10
N20002951,51.750904861533606,15.255295294332067,9.337117136120597,6.131855751912533,14.395531566893835,1.9747967145481998e-10,2.665348976950491e-10,2.5856626631692083e-10,5.201165608215702e-10,3.129295387477856,4.868201828449599e-10
N20002952,39.83918794379875,34.58276744318323,16.840665784953735,4.298837701361827,3.573093389182267,1.909844418591461e-10,2.4712899342763437e-10,5.206374529911356e-10,3.236783047289901e-10,0.8654477359931398,2.446292479309278e-10
N20002953,35.18442985418013,30.03081966470882,6.390751054554958,5.382264809557839,21.783601379697895,3.9137301317364115e-10,1.4828228225743962e-09,2.8238728653470727e-10,4.798806753155858e-10,1.228133233444901,1.2189944510974961e-09
N20002954,29.372417743629477,35.88045213356113,7.562880419681292,6.07186368153772,17.806435426507118,2.0729991375181266e-10,1.4793608693681443e-09,4.1671384060520995e-10,6.879778231011716e-10,3.305950591403549,8.883823509964775e-10
N20002955,3.0764487275834687,45.22034754648308,4.314609788610083,44.259438209005204,2.051256944984916,7.26119368555081e-12,2.869889779350546e-10,1.2609614078443252e-10,1.2731463334734317e-10,1.077898782678228,1.0736661596423975e-10
N20002956,5.8760040273117315,90.85077143110472,0.5347136294732915,1.110686277302091,1.553603384926717,3.496406132335871e-11,1.3721254267916312e-10,5.640975195659237e-10,1.5118690937155127e-10,0.07422124859922373,3.947665375827934e-10
N20002957,14.275938923953305,76.91594845550166,1.7512711133369558,0.9331632849028663,5.3410873655177165,4.045811819391838e-11,1.1831831050825377e-09,6.221919934416452e-11,1.649168591434956e-10,0.7825908547162341,6.204948036818802e-10
N20002958,13.894396923697174,80.34734893699661,0.9976511167898914,1.2090869998851794,2.2892356075091516,3.3686254370094085e-11,3.2203665714404527e-10,5.475145966858812e-10,1.7687040566071897e-10,1.2622804134623828,5.795105261278979e-10
N20002959,20.84791379264772,49.57106108593267,5.731784685170758,18.11157539789661,3.5969509191396707,1.9045310133768154e-10,1.8766169195930511e-10,5.75890532984038e-10,5.232466488721691e-10,2.140714117431141,3.041826086707811e-10
N20002960,52.93350166602352,32.74804692111083,2.5071638049671163,1.2683170017210719,8.6238661224413,3.270634153001878e-10,5.42391499592292e-10,1.0654945994680489e-09,3.9653267757616086e-10,1.9191044796820802,1.7225846119794566e-09
N20002961,23.248532578407097,63.350631630499485,6.123615772099533,3.6657582852039376,3.473462744124429,6.116920691546869e-11,1.0952903116712668e-10,2.5688261497675427e-10,2.440136046593889e-10,0.13799898878634745,2.0755771057823462e-10
N20002962,4.680184792207924,90.03019284665389,0.8421025098051427,2.0381072254574724,0.27595796006166257,1.057829393719337e-11,1.8163429082782871e-10,2.0726227373668228e-10,7.688739774917096e-11,2.133454665208057,1.2950613060465936e-10
N20002963,21.683650244871956,48.97428195446924,5.048023088953152,3.4714068756771557,17.177256301614584,2.1508911537650533e-10,2.469513471026282e-09,4.986100942693656e-10,6.559789784535106e-10,3.6453815297896477,7.850788355379028e-10
N20002964,28.205369939698834,56.75905110930709,8.03931146722223,2.1046876554374756,4.641534034157813,4.4871177494539665e-11,1.523488383831311e-10,5.7063158801126874e-11,1.6134947349640889e-10,0.2500457932136962,5.472306941819727e-10
N20002965,12.068069964854002,79.90475319392426,2.7378097728508455,2.9906056432602757,1.8789781525250084,8.717365671170631e-11,1.266785551595316e-10,4.224623587738182e-10,2.35039175006886e-10,0.419783271398373,3.159122539790221e-10
N20002966,18.03607762152972,61.57580783470398,2.865865168206852,13.517149107538712,3.360374944647546,3.0655110779233624e-10,1.8637971540793573e-10,4.977414275194e-10,4.762408370724313e-10,0.644725321664587,2.416964397131863e-10
N20002967,45.53103622710348,17.336481635326916,18.025493238058672,5.119983732946981,12.980020759948745,8.538188448177836e-10,2.841531420202184e-10,1.805316933845916e-10,4.614944665724057e-10,1.006984404316404,5.188019629710492e-10
N20002968,56.07663730300949,9.158146185600206,12.396416417434061,2.520567296403624,18.38538160583858,6.547694204147623e-10,4.2814897682010656e-10,2.390392407243752e-10,3.928229439344425e-10,1.4628511892554599,7.438236522547233e-10
N20002969,52.96009857943817,14.963474527820999,4.405867665434006,13.895180507455715,11.085168202302773,5.505608717325148e-10,4.226444069542119e-10,3.9698795712803574e-10,3.920937804275211e-10,2.69021051499474,7.91297730755848e-10
N20002970,1.5139221638595841,85.24969960046573,0.5621819203344148,12.25196775815873,0.153472690401921,1.0001363592118256e-11,6.542258159687785e-11,1.0326726470963253e-10,7.621525966710644e-11,0.26875586649924316,2.548058517190754e-11
N20002971,12.621608624775673,46.66544832247998,4.283083632393548,33.3941732161596,1.8945342212864817,7.758940830200541e-11,8.936589637628496e-11,1.8256010622895655e-10,2.2359321824664252e-10,1.1411519822454241,8.617014763338264e-11
N20002972,5.014633890859513,86.08545780611352,0.4744633413394068,5.750078432806712,2.394707051515711,3.996005313165214e-11,3.5406560239092683e-10,3.291219036171129e-10,2.931534531689787e-10,0.2806594759831086,3.657196614605525e-10
N20002973,19.922954533290522,14.330244216878201,2.908826495355725,39.876970451808944,21.00468526710469,8.87855870096142e-10,2.0065317428055175e-09,4.371304962721966e-10,6.779022282271141e-10,1.9563190313788188,1.7368171730461122e-10
N20002974,17.83218509636305,60.13727130438099,5.321748125502666,12.121538996251937,3.6783058770022623,2.6122822210965505e-10,2.1171551570313578e-10,1.5285924962408808e-10,3.354413848624867e-10,0.9089505992904862,2.473510676779981e-10
N20002975,15.370147277588961,67.69222854855371,1.0364713382108766,9.869824535113453,4.73381727770233,8.630208106813064e-11,2.680637804084797e-10,9.129013101807809e-11,2.78722402158778e-10,1.2975110219238049,1.8247900284143783e-10
N20002976,7.8514108300096295,72.16311107861722,0.8865267897806749,17.280101004286823,1.3213665071809064,4.3005993621181584e-11,8.012514257252391e-11,2.226558281295809e-10,1.989584474559101e-10,0.49748378949168276,8.830949061551115e-11
N20002977,27.046940163745383,26.228119634728365,3.5239472167517856,29.04165207445718,13.452169124603424,6.089199813628338e-10,5.468726940920807e-10,3.6255973526566425e-10,6.106069393279183e-10,0.7071717834377871,1.4712617350137112e-10
N20002978,21.78282671535593,50.55912121072848,1.0906450873223996,21.038737064184694,4.834451671787173,5.1835049751572205e-11,1.1421788784788208e-10,7.113209679440123e-10,4.594414363758775e-10,0.6942182491231205,1.6138570332437364e-10
N20002979,56.109526364933785,13.10484230881808,11.13850240154211,5.538305561115864,13.685902991297205,9.073377471740836e-10,1.8925053382832952e-10,2.1284757112177305e-10,3.217248499875831e-10,0.4229203701917532,4.700586289665093e-10
N20002980,27.55449788622145,38.56506159691374,1.6689096874732194,17.429231623638813,9.550417490709295,1.605724443496497e-10,1.2546261096149601e-09,2.440423156418442e-10,4.59354812347578e-10,5.2318817126101145,3.147518332880009e-10
N20002981,52.98677748023293,13.436291588941254,12.411171529497535,8.628693523201367,11.252959415060152,1.0518379377285115e-09,2.5754320570169057e-10,2.268945569560436e-10,4.221809313526445e-10,1.2841064606967638,4.115446196949673e-10
N20002982,20.67323743265201,39.93677653022607,4.7949293437391844,26.505393499323997,6.612717236595107,6.367589966126087e-11,1.7026466694457104e-10,4.138705320675504e-10,5.82909981736929e-10,1.4769459560342428,1.98682493124576e-10
N20002983,18.220472776097395,72.7528356554218,0.5709472027939786,3.281187675029859,3.329085523127475,6.317417031218526e-11,4.909992025986098e-10,1.6064508202459271e-09,3.7063106451752895e-10,1.8454711642177792,7.804616951123546e-10
N20002984,24.994121981689275,35.30827023055361,6.774001365458343,11.771946219817401,20.691644210948713,1.1023140335771875e-10,2.2968957588467169e-10,1.0681469800680504e-10,4.0675421626549486e-10,0.4600159900351391,6.44026590663069e-10
N20002985,42.25767649563262,11.231166845273838,27.765050140981558,12.412336270153963,5.631655860063025,2.383891753666982e-10,7.697005679231224e-11,1.0275197822804297e-10,2.080898703602099e-10,0.7021143871321699,1.366197973772044e-10
N20002986,36.702501018061454,33.865446560806085,2.773264331720571,6.256050694405121,18.901460089015153,3.272013658654887e-10,7.025169842346591e-10,4.0104798819547304e-10,7.808721143691867e-10,1.501277302985572,7.944024286278956e-10
N20002987,38.622604859044536,19.61924893402169,18.459160034521492,15.132865806558925,6.665052981112902,4.880542963293352e-10,1.8568170639577544e-10,2.242164264545588e-10,5.178802619001909e-10,1.5010673830609709,2.6363920470388186e-10
N20002988,19.148221940568206,37.30932510246186,9.958087535991785,25.410595670191782,5.373592995502582,3.7548849525694037e-10,2.880402943354328e-10,6.257440022393124e-10,5.747068575668573e-10,2.800176753087823,3.3197676759502025e-10
N20002989,11.382896150970144,51.85125226235322,3.660208736962446,26.33242180658376,5.61688806222326,8.102592095918083e-11,2.8898718293561757e-10,5.563350753109959e-10,5.938366817459334e-10,1.1563329792476846,1.3928259610257475e-10
N20002990,13.143271341446706,66.61411329605167,4.259804285352153,13.11482332378216,1.8568243126995128,7.280586714551526e-11,9.718594640478962e-11,2.129170580262504e-10,3.8239375598016517e-10,1.011163439683301,2.191959540287745e-10
N20002991,11.01013576842022,78.94894729370635,3.003321206238508,5.295755372140713,1.3207381819638038,1.7445829934537423e-11,7.705364666558136e-11,2.61426276872409e-10,2.428575690296947e-10,0.42110217676393624,1.6767910763968127e-10
N20002992,32.2237999605005,34.965383423119164,3.484359102366738,13.922920796561252,10.11942261345866,4.08104600759915e-10,9.66409907055828e-10,7.857827232387664e-10,8.923298547169101e-10,5.284114100190377,7.506887471663629e-10
N20002993,9.920975313357147,64.79193329869447,4.088727696856108,17.52420852891945,1.8395613674121303,5.2452351639451685e-11,2.0361695309965674e-10,1.0985480524749956e-09,5.667215110210354e-10,1.8345937926535771,1.857898425677783e-10
N20002994,43.49754784673664,35.12986672136191,8.44916995402862,2.399019201350084,10.060206297460843,1.5410481538514792e-10,2.3479731468030104e-10,1.0544852765053873e-10,2.1050524237532293e-10,0.46418997807219675,2.848431790895559e-10
N20002995,4.647984733593169,82.52894749132975,1.6681863996089226,9.453610722384818,1.3409565770159702,2.2057699190732523e-11,1.1981297843281398e-10,1.4394015112343162e-10,1.5792608293399899e-10,0.3603140754177393,2.059003144033883e-10
N20002996,38.679231558628125,8.859655907009643,12.755796593633034,18.78394610621369,19.550005557859325,1.2476476670867434e-10,2.3634303318346387e-10,1.8257867495562126e-10,5.489601259442748e-10,1.3713642749786341,5.849021885059831e-10
N20002997,5.492059148154214,74.25608455200762,3.8151556658366523,12.21425893206688,3.408760577769469,6.088729150711723e-11,2.83558484869569e-10,7.098523085672285e-10,4.902460556938498e-10,0.8136811221694145,4.51187929608663e-10
N20002998,16.833642424179153,60.03392797742676,5.488492852564417,12.010876247909058,3.5379108519314273,9.1081057297366e-11,2.1915026870817446e-10,3.3986101426754075e-10,5.833010492256729e-10,2.095149644455488,3.0029949029653716e-10
N20002999,7.131696951507742,84.10962800680477,1.3268804055214511,4.059285488852244,1.3225973158424764,4.432403737117902e-11,4.528157148788958e-10,6.765165585788077e-10,3.586274379562351e-10,2.0499118295875114,3.5151300822612346e-10
N20003000,8.699470182259343,46.21213662190293,2.7403227293603623,34.73794693824887,7.153167889157158,8.892522873536011e-11,2.37991796702575e-10,2.7375181005613197e-10,4.12597788600858e-10,0.4569556378995866,1.5849617044449615e-10
N20003001,9.836440254143989,81.3229617525108,0.23615948427084615,3.356437587928205,1.3305583597522797,7.39647936884691e-11,7.12414734458513e-10,4.776266587731364e-09,4.834099565793376e-10,3.917442553934833,1.412983117562792e-09
N20003002,4.234824636612762,88.17996590157874,0.17629464089598623,5.415999498886793,0.30983144098346227,3.466266968001253e-11,5.446362904989786e-10,2.0658543779664525e-09,2.2385411554054308e-10,1.6830838779701196,2.0310981266214847e-10
N20003003,10.01912856179584,85.52308121245592,0.8707799565948754,2.337465437849117,1.1600697167065968,2.2575721080557197e-11,5.933374474686753e-11,1.3735523945934767e-10,8.738222214609777e-11,0.08947511381438943,4.766056412917422e-10
N20003004,35.37018817829692,21.957627033872445,18.678202002672684,4.787768131225499,18.7940056249894,2.726653486768872e-10,2.8929080611794267e-10,1.8920062574452523e-10,4.5586315057247483e-10,0.41220902713331464,6.02709491953382e-10
N20003005,1.062104781948479,97.76220278318631,0.43375842495521577,0.6643673005588058,0.03950616426202805,2.15441137433192e-12,1.4235283407503105e-11,2.38210568089329e-11,1.208633355291986e-11,0.03806054498927335,4.756673628294093e-11
N20003006,6.362618193683593,86.52435315935321,3.3571610632437956,2.1069044611235244,1.5708586786517895,1.482127732749186e-11,1.1246263208094263e-10,6.929887402485855e-11,1.3966784505315482e-10,0.07810444344314833,1.6469194786398376e-10
N20003007,3.882465422724891,26.454342281589444,2.741973038858646,61.03584185820132,1.176894422771955,2.6053255601261908e-11,3.014995894031912e-10,2.0358418048397983e-10,1.9765911801879214e-10,4.7084829750818376,4.311888108770751e-11
N20003008,17.83770503050025,76.67861405510878,1.1236016437309746,0.7474125090575215,3.486103205647372,8.837648419369672e-11,1.3656834115121504e-10,9.244345343307793e-11,1.4784129466901276e-10,0.1265635546174375,8.724337461812981e-10
N20003009,21.885437386506815,39.85330452293412,7.537817760796184,15.436323918522021,12.19446302674072,1.5276101043566538e-10,4.87440555163261e-10,7.4786306207238e-10,8.689279514520647e-10,3.092653381420491,8.226628063564747e-10
N20003010,11.109421683018487,85.14262282713798,0.6200920207152069,2.1038299178355464,0.8718701086129916,2.341061315403739e-10,1.784895803314434e-10,2.131264464256928e-09,2.2620641748282249e-10,0.1521634395002512,4.094686055216171e-10
N20003011,3.6289541069621936,91.20083484301435,1.5967211845429854,2.5484775697440147,0.9135827228222139,2.310238350832591e-11,7.597363763546572e-11,8.159843417701073e-11,8.783804400817416e-11,0.11142957233495053,3.107938747788061e-10
N20003012,1.5644185161716961,89.79759500689889,1.2321733573600235,7.1871152655700214,0.12990410622034107,6.354856464663256e-12,3.5108530741620624e-11,2.445479814634719e-10,8.872703185046997e-11,0.08879374738296376,2.1327646473559156e-11
N20003013,13.186753427064831,73.88035138667018,1.615723841256779,4.775171694727181,5.974761730718427,6.14940071967454e-11,7.665524300362237e-10,6.967541163904098e-10,4.03594286785522e-10,0.5672379169777211,6.564793021516221e-10
N20003014,13.446433162903862,78.28328342498884,1.8893654314257362,3.8115452968107943,2.221659933104023,3.642174620419968e-11,1.5067161161879426e-10,7.946025300440136e-11,1.5761838848266079e-10,0.34771274998066043,3.6192451984252394e-10
N20003015,7.149756883696459,55.74218807367032,4.650842355741783,29.98966294826352,1.7854510587645367,2.0059411895123114e-11,9.970642083103149e-11,2.3399479648700635e-10,3.8004798754297444e-10,0.682098678978905,1.5066562096172814e-10
N20003016,8.155298564987152,56.94034095811362,2.2080164910749764,24.32798760523568,7.224906752940376,6.05639440576368e-11,3.75439045809295e-10,3.769189058706336e-10,6.058113819053582e-10,1.1434496260979639,1.3150954741042822e-10
N20003017,7.586316505651538,58.12880132635422,5.518661124280536,26.500955951662263,1.577157380229988,8.911092475842402e-11,8.582390069015169e-11,4.101960697678638e-10,4.395193441163009e-10,0.6881077106472652,1.4955778083778345e-10
N20003018,29.497153884584066,60.41095768768086,2.030444211438376,3.8796246086471844,3.892137915772256,2.2942519190251624e-10,4.112878585460216e-10,1.3445148701099699e-09,4.875079593032932e-10,0.2896816889763905,4.2811214948701375e-10
N20003019,17.34649898835526,43.76491171627245,7.5787908356843445,28.711609683298377,1.7931664730117636,1.2166630510555922e-10,9.99734556917928e-11,2.653421633539159e-10,2.3493819486463044e-10,0.8050223025726252,8.325376444665774e-11
N20003020,8.427174187606663e-11,83.79825112796289,15.40269173664472,0.3143854054485847,0.4794486562816575,1.2967468304470247e-10,2.250159145897319e-11,1.7446891612768603e-11,7.428770544308491e-11,0.005223073135081802,1.988745900533721e-10
N20003021,2.418139169718718e-10,57.6910632789079,32.115805868400486,6.594229006124143,3.2924461621579306,4.049116436392164e-10,9.650541590951669e-11,3.5647179258897535e-10,6.162528539839157e-10,0.30645568223401276,4.5956969349625987e-10
N20003022,1.8453546049909036e-10,30.535224059262227,66.47397510971021,0.5503846849776365,2.4250379839917025,1.218346381498772e-10,7.044011464672428e-11,7.93543103356215e-11,2.2760130825543394e-10,0.015378160943627345,4.3082388478495497e-10
N20003023,1.9032023753123524e-10,76.5920763670351,14.317403728720354,7.095550014385508,1.7928833724805728,2.908415310576666e-10,1.8114986680757693e-10,4.591849213742256e-10,4.1817500569163784e-10,0.2020865153169211,5.218638123344009e-10
N20003024,4.34260488782846e-10,29.843658949006013,47.298318832555616,15.122349479912142,7.010625971309464,6.73259657008339e-10,1.395783907673506e-10,6.123556949134718e-10,7.687006827395539e-10,0.7250467642101163,3.7849773175189125e-10
N20003025,1.917925821736071e-10,65.35777139423446,23.437915732753677,7.50195434794967,2.686383221706095,3.4025464534662554e-10,1.663919349251092e-10,1.1712001861632516e-09,9.123089700070614e-10,1.0159752998097427,7.643960541545289e-10
N20003026,1.2891110660235186e-10,92.23186072063662,4.929805573447006,0.08519077276979287,2.7444586404966818,2.2069097944627293e-10,3.667604146870006e-10,2.74326642442667e-10,1.5752956750519308e-10,0.008684289427069248,2.0746101583528845e-09
N20003027,8.372021317327115e-10,9.63056323350112,77.83127866691028,0.08721732334142222,12.44584385845946,3.598617080089647e-10,9.864710720907619e-11,9.241245105078561e-11,2.5409408004452147e-10,0.0050969153288070845,8.166992531381781e-10
N20003028,7.913005169088282e-11,91.23325234912899,7.908332179980294,0.5347276604638738,0.3080813466904458,3.46070274196323e-11,5.84528724289559e-11,4.199992003813808e-11,5.919015013025996e-11,0.015606463190550033,2.7246787266623696e-10
N20003029,2.6467250862319603e-11,95.37666312582888,4.432599737451387,0.06468347678283501,0.11653358513461314,1.9752844748954937e-11,5.4468697636462165e-11,8.164922849164345e-11,3.800955129399388e-11,0.009520074263385277,3.185505495039507e-10
N20003030,4.476277855608941e-10,69.82246305490983,23.259302912901518,2.8438582150690426,3.938123735949762,3.2017343048741397e-10,1.4356432909221273e-10,4.706762641692002e-10,5.64251661926381e-10,0.1362520771544584,2.0690957976817582e-09
N20003031,1.4557684314597137e-10,24.53589928099612,70.66172340254495,2.4543671050041,2.197799387030762,1.2179149071963456e-10,1.1009608422099653e-10,1.7707981919107162e-10,2.7326158379510305e-10,0.15021082324293372,3.5333548696010744e-10
N20003032,8.337679540983182e-11,77.4026677784077,22.17238316720077,0.16900884535005256,0.25399541792639324,3.748867286106462e-11,1.4658740902795145e-11,1.8649256925032168e-11,4.374340369637284e-11,0.0019447907551034859,1.620555654466271e-10
N20003033,4.35043662153599e-11,92.03183529855552,7.567038089265286,0.27986258971175887,0.11261430412911573,2.6738990663429504e-11,3.7848218119560094e-11,3.0997404293280657e-10,6.211097771299061e-11,0.00864971749389977,3.642371008019646e-10
N20003034,1.3678934504931431e-10,85.13537538028324,13.236883644727031,0.43272409916784316,1.1811242182087167,1.4728708268459272e-10,9.832616599284924e-11,6.909523440369219e-11,1.0899960658639096e-10,0.013892656111073808,9.415980677437613e-10
N20003035,1.898163588816038e-11,82.7936320972408,16.67622315884198,0.49842265420415954,0.021856922180697947,6.381865547262017e-12,1.9396428169233326e-11,6.238620876341904e-11,2.592989478736469e-11,0.009865167320846163,7.844046170541277e-11
N20003036,5.540392973223109e-10,13.400930500444854,69.60336192458287,10.78901137066109,5.754678683494166,1.0104744855398652e-09,1.0214481063483401e-10,5.272498083332585e-10,6.123590092458911e-10,0.4520175177716284,2.391137489969525e-10
N20003037,7.643663234734854e-11,83.26177703369243,16.538246893816012,0.010295321680103145,0.18964709250374304,1.4703248168269212e-11,1.60291829949699e-11,1.3638821476587051e-12,8.794559091377844e-12,3.3657637278541786e-05,5.531146208376286e-10
N20003038,3.040591671580852e-11,95.09693531940009,4.798993058256544,0.07738876520820803,0.026444548452318528,1.1647250807279958e-11,8.340632916507708e-12,5.917197471895858e-12,6.434782771259468e-12,0.00023830848478019102,1.352993693884728e-10
N20003039,7.234045434108548e-11,40.23034116754135,59.302817989655324,0.31265912820325575,0.14710631962750767,3.619356124723992e-11,1.0002732055498302e-11,1.1360185809521725e-11,3.2425243910052114e-11,0.007075394709202494,1.0104545862224705e-10
N20003040,6.235311858505309e-10,31.940128872371933,64.3069595204097,0.2749819049870682,3.450944783401128,6.314435382374157e-10,8.092422314320463e-11,8.16233548554632e-11,2.0732218959421502e-10,0.02698491591382839,1.2915097795011882e-09
N20003041,2.498443184611005e-11,95.32657529813316,4.415051934130193,0.23784245369660714,0.01892103203276029,2.5040790187540226e-11,5.756540218249263e-12,1.0965797847890916e-10,2.8067990531852467e-11,0.0016092816917216619,1.220488031477343e-10
N20003042,2.747806628628389e-10,92.69614423235744,5.864103095241161,0.5342703485596957,0.8653064684974642,5.619877166362636e-10,3.4885679436829123e-10,2.297752225122444e-09,3.3145069412399187e-10,0.0401758500802418,1.449149693688952e-09
N20003043,1.8914807824786113e-10,41.55617934542642,57.046766866194595,0.07469144895976318,1.3126191101590379,1.9933767377899926e-10,9.77619943066357e-11,5.431029582636457e-11,1.0692286133961896e-10,0.009743226957908397,1.6547617025499624e-09
N20003044,1.168562909090387e-10,54.52180984972289,44.63682485174906,0.5307184846814792,0.3002340270360992,6.494728489957854e-11,3.406199496682887e-11,7.021890054303941e-11,7.08602086125714e-11,0.010412786229153507,2.2438827424741175e-10
N20003045,3.202234189816621e-10,62.984454910115936,30.463199193806734,0.14575396122818152,6.398786477975796,6.356934939856462e-10,1.2118008608751842e-10,3.1491119887539865e-11,1.3220907572623812e-10,0.007805453951525502,1.6810277878061158e-09
N20003046,7.615170631841645e-11,50.37621368009834,48.77145684029839,0.1271591314248095,0.7192908307002955,7.444457337439275e-11,5.627282169241731e-11,1.3061222929166839e-11,4.8716318110651693e-11,0.005879516988840946,2.2069084909482538e-10
N20003047,1.8007461781709762e-10,45.5555397201276,52.63253121777102,0.2299554268482453,1.5450154858703469,3.185721081063211e-10,2.0175483410540485e-10,9.890654006178564e-11,1.4607453549189935e-10,0.036958147925471495,5.119490246529373e-10
N20003048,4.63492886768607e-10,6.654901874982326,90.14978338551555,0.7761194776534961,2.3882330990632594,2.0671909845608004e-10,1.6245052142923432e-11,9.908765369893763e-11,1.5743175417074813e-10,0.03096216171653831,1.2586830680524835e-10
N20003049,2.663178385977395e-10,26.964600780189535,65.785275531349,0.08152343090080114,6.994548590498913,9.051686332247191e-10,5.086839630538191e-10,6.594591335418632e-11,2.2048241197092904e-10,0.1740516631125122,1.982637511230101e-09
N20003050,2.9847820602976966e-10,47.67750289257798,44.19623831258587,3.279052290702613,4.682688448371781,4.4954495748740254e-10,1.2054227004535202e-10,2.0404951245739434e-10,3.6022040744244604e-10,0.16451805376752635,5.613814514841197e-10
N20003051,4.905467684668603e-10,31.956190100494442,66.09235207281054,0.19392996249376757,1.729926611463002,2.0439624544182944e-10,3.638088205959072e-11,3.397033768877662e-11,1.2359206017528703e-10,0.027601251348278816,5.010750892971954e-10
N20003052,1.106324244287075e-09,16.225045706548492,70.81556932420155,1.927108489492544,10.658793553065502,1.5847138790727003e-09,6.94166243237679e-11,4.710068802249085e-10,4.942119810973202e-10,0.37348292147970263,1.4865400631170374e-09
N20003053,1.917998271403582e-09,34.5714338793419,48.79556871267236,1.4461298067541701,14.324115087732311,2.704352782750803e-09,3.432953956879662e-10,2.5933243054404306e-09,9.078294495852671e-10,0.8627525018433344,3.1891337613034327e-09
N20003054,7.050973780361666e-10,25.4075217043251,68.66056832995201,0.9558289937968778,4.640136449449522,2.207672868145017e-09,9.102494582334857e-11,2.0570778171433468e-10,4.4379004658452926e-10,0.33594451783737117,9.858321770023203e-10
N20003055,5.340796604479504e-10,30.57700955192117,55.882657893121426,3.8028799365844157,9.521827152116712,1.3066711238982438e-09,9.01023793085825e-11,2.5900926823542903e-10,6.312695190526622e-10,0.21562546287288306,5.622660972255706e-10
N20003056,4.69661243455729e-10,12.505916020664213,65.23083946001347,14.098480452071893,7.88336836308767,5.689652028485679e-10,6.254045968873369e-11,3.7812900294639476e-10,5.484006691363474e-10,0.2813957018748285,2.602324183961891e-10
N20003057,3.5310406247096586e-10,22.69037969430301,67.15653320506861,6.728462351932234,3.12505967216347,9.858220332488693e-10,4.193904280977728e-11,1.820470375902681e-10,4.6167696160339507e-10,0.2995650742538247,2.5425102963237655e-10
N20003058,3.1055759058366596e-10,73.87596875018689,20.668519712634833,1.4722421207166883,3.699116241899435,5.52040068147194e-10,1.4370390961488182e-10,5.891363893499351e-10,6.946793780412322e-10,0.28415317141311663,8.589148658185961e-10
N20003059,7.609336367797425e-11,83.1018411683027,14.639193973167657,1.927562452965665,0.2827863926652833,5.503909485562498e-11,3.186957843701926e-11,4.9196053313703625e-11,8.530251783240733e-11,0.048616012501182734,1.0001137993029863e-10
N20003060,4.5225449589732406e-10,54.77300756211921,39.13541182368648,3.6000060112899592,2.3661442145141205,7.351625815033096e-10,7.141322897609984e-11,9.868079373915496e-10,6.514806439536412e-10,0.12543038503580606,4.5730357205115707e-10
N20003061,1.5935358272515306e-10,36.90970015408744,47.575112669027234,13.908981586009078,1.443635557578058,8.647693621930596e-11,3.796049551643523e-11,5.638637018763322e-10,4.2415320896483894e-10,0.16257003180421048,2.221685895942431e-10
N20003062,1.2643690500426923e-10,44.038050712752096,41.86876416776951,12.837984443646889,0.726996031370713,8.77361078042147e-11,3.56670880633993e-11,2.014077768930527e-10,2.9276178368451376e-10,0.5282046436053117,1.1148398216933714e-10
N20003063,7.049558366882529,68.0792239882337,3.3135413996283605,19.23762503398427,1.2948435903283877,3.1864968726695997e-11,9.532688210738803e-11,2.6648294665246484e-10,3.5562878747825696e-10,1.025207620045862,1.4758983439643233e-10
N20003064,17.794981568722616,32.02469683674865,9.93739094719826,26.87963168064077,12.34106670673225,7.419891720268297e-11,2.986514987112661e-10,3.771702861823989e-10,6.586300326672741e-10,1.0222322582177032,3.3110467400723036e-10
N20003065,1.978807682260867e-10,45.214530441483525,36.09022209013531,16.463284655220363,1.7030586703621287,3.454765214109252e-10,4.5253273835664475e-11,2.0935125266806821e-10,4.564675682591985e-10,0.5289041413445839,1.9965731156780546e-10
N20003066,1.0794143940895998e-09,5.526562001944218,70.07829205660941,1.24024448488802,23.104860344688717,6.340840269125316e-10,1.2088809615964027e-10,2.1876723561733567e-10,6.229680482707995e-10,0.050041108491193725,7.023261824803031e-10
N20003067,1.0717354553453226e-10,63.54923836332011,24.206611171896416,8.888598814990692,2.975745937639729,3.2169503475869316e-10,1.8431918545429892e-10,3.713320752892535e-10,5.686202385336528e-10,0.3798057101490736,4.508588844105706e-10
N20003068,7.123647886848886e-11,89.28024271513245,6.03575183861512,4.099381163406121,0.3275192891771365,7.608717464600291e-11,2.3545707331380895e-11,2.736546958300763e-10,2.3216350012163635e-10,0.2571049928307972,1.616958601729323e-10
N20003069,3.7839574259382763e-10,44.6677844289256,44.440879098540925,5.678960959283427,4.981812161290033,3.958825918182822e-10,8.851292748478316e-11,2.6651697131907403e-10,5.822642302830648e-10,0.23056334970152284,5.469225320315739e-10
N20003070,2.6305049036431567e-10,21.811556664645675,70.03736451274108,7.068831401250729,1.043035779539913,3.34353029503792e-10,9.846946152628744e-12,6.412721768985689e-11,1.5908529994465721e-10,0.03921164089513957,9.699075303844589e-11
N20003071,7.358610966180413e-10,17.733993123382938,59.94931945193173,12.951552027642146,7.082860624929848,1.6385170775546253e-09,1.459424498334734e-10,6.589554168605006e-10,9.640837194341986e-10,2.282274767277563,6.92430466360154e-10
N20003072,5.482315659097384e-10,77.1001083874843,15.968421103616318,1.4667493978886974,5.261590000068162,5.471326266299003e-10,1.0988458944667508e-10,1.5685260265140142e-10,3.719265764654934e-10,0.20313110780896554,1.3995624907927937e-09
N20003073,2.3727628260316086e-10,47.86255531044692,35.74035959942992,12.834867081851364,3.1223030959398037,5.900393757286602e-10,5.849732064505806e-11,4.0121175349338214e-10,7.538524287441624e-10,0.43991491007338274,2.1772577385354766e-10
N20003074,3.698877102834057e-10,32.425680177947086,51.573047093395715,13.19265812888381,2.4577967811649466,7.058025827359427e-10,2.7141463475069207e-11,4.211053291899262e-10,5.242245975002355e-10,0.3508178163252903,2.3497905973372927e-10
N20003075,2.102748948520414e-11,66.98769465655573,15.535844866246471,17.26031317660335,0.13458422209985818,1.2816103636171206e-11,9.4443857642347e-12,8.838062688968403e-11,9.96118358842873e-11,0.08156307823214333,3.1151612663997637e-11
N20003076,1.2297773611828213e-10,90.00485714630064,7.754414917907525,1.1758671117532113,0.9763283116433253,2.0009651566236025e-10,6.537495691114338e-11,8.575488851940911e-11,1.401766051509217e-10,0.0885325113192634,4.6167140535222883e-10
N20003077,3.479635158297058e-10,24.491597902440745,61.97495475583946,11.172143161360095,2.0620811937319363,7.222695108833306e-10,3.1747159161396174e-11,3.211253864874043e-10,4.979582648597534e-10,0.2992229845280503,1.78648494342331e-10
N20003078,5.394253366957665e-10,23.46361204126186,61.62604885744012,9.94858348199082,4.725486522283151,1.2463916702552187e-10,1.0636471794065605e-10,1.0596646351794396e-09,8.569295386260237e-10,0.23626909402111104,3.1590424549385785e-10
N20003079,6.078883957493297e-11,47.15695320649445,37.77250346901659,14.510355846737392,0.24267908364376303,8.214033643039054e-11,1.1997022874694982e-11,3.0173508016356213e-10,2.1205825908540523e-10,0.31750839338393805,5.5154962075791955e-11
N20003080,3.297118183922494e-10,41.46607076153892,51.77094105261042,3.5386587262061333,2.9264748056174383,4.376220820669048e-10,4.0834934425742334e-11,5.955459401163961e-11,2.883990428533775e-10,0.297854652622332,2.4863528122115433e-10
N20003081,1.9356248289659241e-10,18.792773030934136,70.19312703014758,9.53791922238704,1.0485297795610187,4.029843563130779e-10,3.094007851890023e-11,1.5617195309079323e-10,2.5744377985879565e-10,0.4276509358189457,1.1016692910277732e-10
N20003082,1.8102457905738434e-10,71.7237626157046,19.4815459990103,6.7911976099762015,1.4454061180664983,2.389128129442734e-10,6.489753913051621e-11,5.727383648480276e-10,6.070084485698975e-10,0.5580876553597628,2.180720162912497e-10
N20003083,2.692213408446212e-10,17.60197446695481,75.95596546827286,4.176417027940424,1.8733304097635388,2.6555703087794274e-10,5.4142549454538666e-11,6.53845924837732e-10,6.499034150426889e-10,0.39231262486101465,3.146777658886803e-10
N20003084,6.047489695837203e-10,10.369808550329374,81.94108053512598,3.886197952850065,3.450862101602025,1.0516427006483319e-09,2.707804487410691e-11,3.9180436266477544e-10,4.767958631906899e-10,0.3520508571198459,4.2065212360791505e-10
N20003085,5.523286855621863e-10,26.914320805378033,60.740697581032876,7.893219900177491,4.199379466713249,1.8088626300758746e-09,5.206336515522703e-11,2.7804892366790783e-10,5.552949380987684e-10,0.2523822431137328,3.380329380769115e-10
N20003086,2.7203383544013046e-10,37.42768793934653,47.900257859155495,10.356682323765243,4.167987075136778,4.1979710723759657e-10,5.597497156266207e-11,3.2025159281249464e-10,7.32238472489615e-10,0.14738480046374142,3.3191772701764435e-10
N20003087,2.9145592562388266e-10,35.84745897969904,55.27181199812199,6.72541873429886,1.0487709460758334,2.7926073409718007e-10,4.540825134667166e-11,6.232773901076583e-10,4.0007836937151614e-10,1.10653933990897,2.5580578290478574e-10
N20003088,3.0098963637979086e-10,64.18321422092387,31.140192793426873,3.2952148408433337,1.2278098832266482,1.0067021812800897e-09,4.801151973137129e-11,3.031173019356067e-10,3.8433819812325347e-10,0.15356825893177375,6.043476962464407e-10
N20003089,3.6279205778560583e-10,34.98140565681821,53.577107531286075,7.031043359153928,3.907936021263927,7.894985462493709e-10,8.954538072959737e-11,6.327895077839967e-10,7.410723930919174e-10,0.5025074282695091,5.92647042901693e-10
N20003090,4.663304032235552e-10,63.39672999434512,32.328539077373186,0.32954484471343115,3.813629278519505,8.183016195929102e-10,2.346726038975359e-10,1.293441770070848e-10,3.362122958320445e-10,0.13155680086706678,2.196825618014806e-09
N20003091,8.359211959775337e-10,64.91086908748251,26.21244125815389,3.2489158401131437,5.118415095476206,5.946889815598397e-10,1.517741302450941e-10,2.4078293732172816e-09,8.542926200230091e-10,0.5093587124882899,1.4414621432824472e-09
N20003092,2.680395888013564e-10,43.99247008525548,50.34028101598164,3.6403227383741457,0.9271867519778678,3.3073406608949935e-10,5.799888463861436e-11,2.1861443675469936e-10,3.8880031800325504e-10,1.0997394068695425,2.7715692679129343e-10
N20003093,5.964364865400018e-10,29.119010835114228,62.717319880251246,2.1701234658783783,4.977255413238403,9.50993580358411e-10,1.2579453092397944e-10,1.202797659993539e-10,5.641129952793157e-10,1.0162904025476514,6.124606340544188e-10
N20003094,4.3011105296189637e-10,11.854778772597449,82.17162515528051,3.230841067501556,2.3377101347412164,1.138150591290516e-09,3.220505672870825e-11,1.4926274541417945e-10,2.935561487924369e-10,0.4050448675505918,2.853907140992439e-10
N20003095,4.1643019850886673e-10,14.873426826505684,78.9322970415211,3.478163340363442,2.417862470814485,8.804755631734176e-10,4.1207955704241845e-11,1.2221329306551438e-10,3.2645553144654023e-10,0.2982503187290643,2.794509697736247e-10
N20003096,6.321393882324701e-11,62.115147110969716,21.118518218743944,15.605328439228991,0.5233830873397807,1.0239320266725242e-10,4.63192032269653e-11,3.100196960828084e-10,3.456120499735401e-10,0.6376231426856688,1.6434503092621183e-10
N20003097,8.418987934498291e-10,29.588644410649493,65.90499808627077,0.7260220654970396,3.635336035998887,8.747718942382896e-10,3.937878132508489e-11,9.098659749690416e-11,2.329656985311431e-10,0.1449993985686549,9.351419060560318e-10
N20003098,1.0707321175055277e-09,82.68859118643515,11.479038732992294,0.6416857705999445,4.833143713287581,1.783863386538814e-09,1.6004128512991488e-10,1.1140879863874996e-09,5.523375394568079e-10,0.3575405881799675,3.824014820224764e-09
N20003099,1.3020546903819381e-09,23.74241793687081,66.0474742159394,1.1883139034468158,8.821614938597143,1.315185535221415e-09,8.087359274375995e-11,5.651548119883349e-10,5.214190701005979e-10,0.20017900020113752,1.1599686140562568e-09
N20003100,5.551587538133001e-10,53.22517262885537,33.807007698797335,6.919052601790941,5.562593966241228,4.2805190578491286e-10,2.098440536028785e-10,6.265189459381694e-10,6.973595058755078e-10,0.48617310103915656,7.590476094017281e-10
N20003101,10.444095657076351,22.85909866700507,13.770240370475262,49.914357289801835,1.2308545720826494,7.595285741043489e-11,5.0272739601866394e-11,1.5342369692125683e-10,1.7813534430043716,2.432234465751378e-10,3.1593315442495853e-11
N20003102,39.00027486349629,12.91469787454346,22.666657070053265,8.92592684081676,14.117703429319745,6.680672866375865e-10,1.3703844097550806e-10,1.1073247606857625e-10,2.3747399205659225,1.050336529479934e-10,1.8368340448855226e-10
N20003103,24.90431081438326,26.39324682864671,16.303034522352018,26.610414649401083,3.6403480907428127,3.6207814200672434e-10,4.1380808493322276e-11,1.5735137696400585e-10,2.1486450937831987,4.798853235606008e-11,8.211445780951608e-11
N20003104,33.284043728485315,54.01388490345903,3.655766011978508,1.5842822489545585,4.573192859251845,3.3582136497112464e-10,3.9832631851188854e-10,1.6858309456258667e-10,2.8888302462711337,2.721122631646575e-10,4.247667862128105e-10
N20003105,22.21809880216551,29.929747695068897,15.18785821522104,24.284536381090312,5.9171503006278545,4.228771560529303e-10,2.5373667850407306e-10,1.7376596391892175e-10,2.462608604184332,6.886626576140649e-10,1.0301542218505032e-10
N20003106,15.52572169577143,59.92009592097681,1.4696432451499029,16.16464008991579,2.8413382143372474,1.3838303733729898e-10,9.342246801970766e-11,1.1415699377685758e-09,4.078560832209706,1.3433809091063527e-10,1.3139291481482658e-10
N20003107,15.837342663198084,49.60004653478449,3.87148281160668,24.44588100941989,3.0983062363375065,1.4298004643722032e-10,1.172779754954734e-10,2.7550375473940446e-10,3.1469407438307866,1.6454881336360848e-10,1.2225518903395254e-10
N20003108,33.65991671316432,28.509644520407363,15.206973455344878,5.23423779182263,11.564455751889028,2.1764087022028725e-10,6.985746274136083e-10,1.2586757751984048e-09,5.824771764063811,4.2801375266565095e-10,7.050620659555623e-10
N20003109,6.197071904569052,84.24190891525896,0.2629269932901816,8.556027761437377,0.28475604966279644,1.1686311488348604e-11,3.261965778952712e-11,3.1155795696074204e-10,0.4573083753082585,5.078977380660199e-11,6.672549913020806e-11
N20003110,46.56599215460538,9.922268320653272,16.111672519742015,5.355776175473135,18.015892376521197,4.67705278081317e-11,3.9132283377609696e-10,2.4474704155276e-10,4.028398451762054,3.5563410276015794e-10,2.044612078320561e-10
N20003111,20.606486339454584,60.88284811741036,1.3325858180395733,9.5227404222088,3.9655872664800245,1.5743013132778518e-10,3.810010241726908e-10,1.6242421470839084e-09,3.68975203346268,3.1087306452015836e-10,4.704261493305294e-10
N20003112,12.125187630800514,37.66703637128067,5.4350580809962645,21.00934137564595,18.409706224751805,1.806052221121263e-10,4.2427030063906854e-10,1.1479937331579553e-09,5.353670314054972,2.2438956891130589e-10,4.925441386648217e-10
N20003113,16.624542674328865,65.79274274535138,3.949837141434948,8.441654695795629,2.9380946897065137,9.654723973207126e-11,1.4692232168510147e-10,3.592164989768417e-10,2.253128052483104,9.73468074981685e-11,1.9954452011421846e-10
N20003114,22.59759065510181,36.276925282616254,5.537945905999573,19.16108347576667,10.25968107362841,1.1100246729614413e-10,3.5116154346372626e-10,1.5164795370435766e-09,6.166773604121542,4.064226647863929e-10,3.806800764984614e-10
N20003115,21.81636644656053,49.99565006718319,4.806085005215292,13.844683340962307,6.303265702431761,8.270967461474642e-11,2.6039961101437176e-10,4.833399405503135e-10,3.2339494365020953,1.8947920669218993e-10,1.2890680099654464e-10
N20003116,17.796649138411233,29.9605634298982,6.016490956817157,24.788743884066054,16.63216709923356,1.5468104731282174e-10,2.615272563708821e-10,4.872000547702221e-10,4.805385489744298,2.3290927662968974e-10,6.931632015891966e-10
N20003117,7.047556416587579,66.78353071606952,1.6662571558436354,22.684218726845966,0.252871596820268,3.4495039260733503e-11,7.10554328352419e-11,1.237450812415634e-09,1.5655653856414007,7.52124897328228e-10,9.650808805272972e-11
N20003118,23.90661765047645,54.53111241960792,0.34027240494362593,17.010984779486755,1.1131768685630616,8.012625958693544e-11,9.15459286109739e-11,4.846318853758566e-09,3.0978358714691305,1.6967365911510892e-10,2.65382849608414e-10
N20003119,25.89272702000401,64.44203114569038,0.6004320655598223,2.3563322145718533,3.3768652449517047,1.3055186737862632e-10,4.3169391483494743e-10,7.492527408510037e-10,3.331612305959445,8.221868434231292e-10,1.129099811739238e-09
N20003120,6.52909601310269,82.77507816846196,1.1238603761789077,7.547370438602274,0.5887826410163941,2.5296635691786932e-11,9.914113772624966e-11,7.486384682269577e-10,1.4358123613270328,2.5095538674641583e-10,1.867232295885192e-10
N20003121,7.415467264343498,44.56265090912047,3.039304099614358,39.22229202556086,2.5614834267576105,6.51791500378498e-11,9.246869469734411e-11,2.1597583055739315e-10,3.198802274003374,1.6935617721619266e-10,5.68611908728413e-11
N20003122,5.437143338757133,68.79836107746947,1.7045547341615095,21.204321430676785,0.5328082056183874,4.104645256173018e-11,1.3175247239011478e-10,1.2823650554779772e-09,2.3228112113194936,4.836229963469745e-10,5.843421918729098e-11
N20003123,16.53744665088254,59.909789443636896,1.6619120389115087,6.4890447745806465,9.472162632570829,3.142863265940228e-10,1.1143430544114219e-09,9.639873851172648e-10,5.929644454924713,1.4211569026224197e-09,6.790875340487201e-10
N20003124,11.233778914571538,53.02358038177949,1.6990519212193116,27.87017211296548,2.1719111443298624,6.669226067662646e-11,8.846139021380641e-11,9.488849711230273e-10,4.00150552362304,1.9619017199975918e-10,2.110514492863214e-10
N20003125,27.315515751838365,37.517270581077184,16.13617006558894,13.86561188465608,2.8767909269265335,8.545697652573932e-10,6.485930172712253e-11,1.331073280351809e-10,2.2886407886637783,8.838300890622974e-11,1.0819506323995571e-10
N20003126,4.656575456244259,43.3857221410789,1.143655220934382,46.21531763569549,2.023252679697725,2.5367140070198258e-11,1.1231259759945986e-10,3.923530458152951e-10,2.575476865499526,2.347189000025134e-10,8.497230861379525e-11
N20003127,7.827414040119581,37.62363286228934,1.9801818076508562,47.22444111377073,2.6509878863164986,8.578948039304954e-11,8.971212381826674e-11,2.2386490668843023e-10,2.693342289226705,1.2548170665225823e-10,1.0143414811853932e-10
N20003128,14.274913211366727,41.271348321822835,4.89714636703166,32.651954586193696,2.7562665325058058,8.952197315787448e-11,1.1071030340641867e-10,4.024732281480381e-10,4.1483709800051,3.4802452022040975e-10,1.2344276224858124e-10
N20003129,2.4234155262952912,29.61529099740362,2.1993707146314145,61.94261573453625,1.3973512898844098,5.083767878758361e-11,9.663543594399601e-11,4.970667663143224e-10,2.4219557364273143,1.2388910858770637e-10,5.3277856015861866e-11
N20003130,4.3479277337441,33.38277760955634,2.850530477703008,49.15315887128999,5.886053179563759,9.911487448204963e-11,2.567945608636197e-10,3.893263637486685e-10,4.379552127004558,2.043717560015794e-10,1.886521147012634e-10
N20003131,7.469260978276589,52.46702316570124,4.799779013031889,30.594095511864726,1.0689727169432524,1.1725738006221267e-10,1.821070293570058e-10,5.603040358366539e-10,3.6008686127580756,4.843981187760278e-10,8.016156120127955e-11
N20003132,13.351432225904988,62.611116583041216,1.4293792197533315,12.01466770626774,2.423736739892038,1.7375542857935823e-10,2.3382858397371765e-09,2.347934069028683e-09,8.1696675110057,8.891956692168456e-09,3.8304812211161766e-10
N20003133,7.012254295356972,34.82251897021644,5.312274872911189,47.14166814637477,1.2765958508927433,8.389735482030564e-11,1.011154897446598e-10,6.463932480502251e-10,4.434687862808703,5.270087447160651e-10,8.075408800804758e-11
N20003134,3.818573117891476,57.531098000109935,0.5275149830358049,33.26816025630896,1.7793118823477525,4.013360382091437e-11,8.12127260769132e-10,9.372876411002212e-10,3.0753417572978177,1.0366014648241366e-09,1.8209416894593282e-10
N20003135,7.210727910193618,32.429467101354994,5.490716932096057,40.89232298699634,7.504501247487474,1.6693437108226656e-10,3.016178724944672e-10,5.660908882356174e-10,6.4722638203617135,2.3096289772974327e-10,2.441954379221058e-10
N20003136,2.4256883380883654,36.57287338067495,1.935305038708019,56.99130281047498,0.2832489509715106,1.2464052689042248e-11,4.102507035003122e-11,4.995375173122743e-10,1.7915814800456977,4.5676084452322796e-10,2.6702564961009232e-11
N20003137,8.128778603797299,40.40646358027398,2.1494587720250133,44.231823237871964,1.7693948241062054,1.3458604025500612e-10,2.992173054130984e-10,4.401873429352492e-10,3.3140809801945816,7.080354230082426e-10,1.4893312597582105e-10
N20003138,7.66954119648478,40.14761037845022,6.834034990906613,38.12935953046591,3.5296151920338326,9.882699333294755e-11,1.2641114953392768e-10,2.6610366161082093e-10,3.6898387107566633,2.423502417334596e-10,1.6827889100671182e-10
N20003139,1.2282891883537876,37.632647721091516,1.8494139856378975,57.82680036867633,0.19853350481585408,7.031314058941169e-12,5.8056602346717084e-11,4.4441955760654184e-10,1.2643152301007836,7.809198962773092e-10,3.338902544825586e-11
N20003140,6.177165045841287,61.217966469656496,3.9844405976310378,22.67516670773532,1.9742756840772029,1.6307253996784051e-10,1.663198740200044e-10,3.991591806846496e-10,3.970985494029289,1.8754498134505553e-10,1.1328032191758617e-10
N20003141,8.51363542204281,55.616493481489904,3.3563003532317546,20.004734756587606,2.73755278493233,2.2166930794847216e-10,6.238351140365487e-10,3.3927679393940823e-09,9.771283194545799,2.4516421215143406e-09,4.798650775309756e-10
N20003142,2.4952164976459126,52.105813388345304,1.3755696669885142,42.69607282051705,0.26693663938782386,3.399540732273895e-11,2.5257953788825656e-11,1.2352653809123176e-10,1.0603909866513714,2.368369096312853e-10,4.440801058057324e-11
N20003143,3.5880753137924675,66.61168616111321,1.6099707883652867,23.77788321658775,0.9488498161141371,4.5245875734784767e-11,2.5529163612311006e-10,3.0901949472649835e-09,3.463534700152624,3.095536927284952e-10,1.742355904989012e-10
N20003144,7.795171351563022,66.37241906731589,4.124458826239633,16.791316563793565,1.2410254237161962,6.858314546277891e-11,2.2734580391555344e-10,6.094919679918328e-10,3.675608765500323,8.185986559458524e-10,1.4734466099899154e-10
N20003145,4.501838023207294,68.48886275463406,2.9575174462837883,21.959279481748304,0.8253276104280635,5.048295519817998e-11,6.706995434888545e-11,1.5035883900961408e-10,1.2671746832404283,9.864567046271024e-11,9.151580343677681e-11
N20003146,3.369098714892075,76.45078074123582,0.5075711165949663,15.113641075613545,0.8377851970665882,4.57884211324326e-11,8.625922013301368e-10,3.8234912392221964e-09,3.7211231480228113,1.3881138883965917e-09,4.5418927169000874e-10
N20003147,6.476273691826331,80.05557721376032,1.9940142222727077,7.807712210764413,0.9553691675858597,1.2153610463506916e-10,2.0164798455881835e-10,4.77445311939992e-10,2.7110534925986123,1.7898658411652065e-10,2.1216933586134603e-10
N20003148,4.205188095143975,29.501781876172295,6.42405410375866,55.879434928794694,1.5271185738440338,8.620060801570078e-11,7.637646632682843e-11,2.186069802674083e-10,2.462422421623287,2.0625230609668117e-10,7.559476279293185e-11
N20003149,4.044652948333915,19.39462178086321,10.779223053087913,59.84175454948959,1.8083428054824495,4.463586594388709e-11,2.428540228853075e-10,4.684870120453219e-10,4.131404860388988,1.4893737422153592e-09,1.0858411465794436e-10
N20003150,4.041084760638488,81.53118490577079,1.1594668268958408,10.467886597560485,0.47584742205139097,3.467539703798931e-11,1.346529133774184e-10,8.899816993841835e-10,2.324529485007427,7.017916360425105e-10,3.1447944043606803e-10
N20003151,3.77193203486632,55.90487159994585,1.555525496268482,35.9775566093274,0.7196625345740056,7.782243707788123e-11,5.4500363510899874e-11,1.788848888037626e-10,2.0704517245773766,7.010177085761589e-11,5.926299573400218e-11
N20003152,5.714505184050499,47.03911922144754,2.547989815591276,36.33900853693145,2.5842654777268135,9.338661133681753e-10,1.4845078060582458e-09,1.7392321858849303e-09,5.775111758460999,1.4320824589332928e-09,2.0172616716047495e-10
N20003153,5.022958125427644,24.74180788650939,4.032301406726386,56.80234644340758,4.0249906527379995,6.543466591510353e-11,4.5555447732293277e-10,3.5699544433159e-10,5.375595483269584,8.692124172047715e-10,1.742462264092863e-10
N20003154,30.66993943011228,47.031946182487985,3.670819412375575,4.289951913969748,11.937854546633384,2.794554782377136e-10,1.154687068061472e-09,2.18458409157484e-10,2.399488511837175,4.186552742748073e-10,5.125902484996039e-10
N20003155,4.090435805123507,32.539303286288366,17.044733974140026,43.681650463992,1.5785336148165856,1.5970667046107223e-11,4.9577240210832726e-11,3.36203082329462e-10,1.0653428551322446,5.745072523504953e-11,4.8058828701401896e-11
N20003156,9.282709111334245,6.172826094983508,7.497088993552341,39.80763993480526,32.358647709293116,2.510778633759693e-10,4.2938236906488574e-10,1.245593867867674e-09,4.881088153542183,3.367800857281892e-10,2.2651905341642123e-10
N20003157,16.24073495011435,58.879407977127286,5.853988370577628,7.81239564020472,8.064734889489202,6.948130678160739e-11,1.4966978591617267e-10,2.393794109838531e-10,3.1487381714862455,7.809035426029529e-11,4.6393576239141393e-10
N20003158,29.209979774928097,20.69727701175087,4.476707560963957,1.6734269827259372,40.34350243181029,2.3207645377854932e-10,2.2260369479494016e-09,7.691441797987467e-11,3.599106234374403,2.150417780010426e-10,6.963709894358679e-10
N20003159,25.284266282036615,61.57560390403882,1.5295918034711389,3.3845935303471046,6.320652505797854,1.4649463765619197e-10,1.6837778227227187e-10,2.2939338327985884e-10,1.905291972977829,7.368045534484119e-11,7.126726182359575e-10
N20003160,3.844392742020182,10.712197618088034,1.273558410551612,30.744049754616555,49.96260446989101,8.386952378726113e-11,1.0578630567560209e-09,2.0718277515068556e-10,3.463197002996425,5.3354025527149576e-11,4.3390861377479004e-10
N20003161,28.517232494473117,32.14751784144133,3.4968636120513095,10.297571747590624,20.21263264617441,2.6257358949091285e-10,7.585253493702388e-10,1.3519601767450525e-09,5.32818165506561,1.923358314235774e-10,6.382130205058489e-10
N20003162,3.8557357072408176,82.07022794431063,1.2575299928168986,11.90561480527969,0.37746180401344837,9.918422842942877e-12,4.641306779369966e-11,1.1105618195989774e-10,0.5334297459347789,1.449962944835493e-10,9.136287943257772e-11
N20003163,12.61912445148593,6.016831761936558,10.006659345408586,31.84264802508561,29.39997072029171,2.5960293446139154e-10,4.076526089455966e-09,1.551310093220462e-09,10.11476567654235,1.2695818429974946e-08,6.660090369312619e-10
N20003164,10.817377586752128,81.52252916977535,0.6070307044048143,1.8817682868233847,3.5301111651551564,1.7412803841262477e-10,2.952252149003662e-10,2.2288604508904923e-10,1.641183085939881,6.463611685182813e-11,3.924007236907151e-10
N20003165,12.960669118916964,8.180911268840918,3.750560884191636,50.91932061209358,16.381618505987845,1.0833965257750487e-10,7.870682408259434e-10,1.6886546717564546e-09,7.806919604815281,2.3378309294915802e-09,2.3186441643262963e-10
N20003166,11.993673514303602,74.21866720475548,0.6285842943570182,10.773626115704865,0.8095449546248692,5.422029781494951e-11,5.974205779663938e-11,9.260992801040695e-10,1.5759039147971725,1.903523507892665e-10,2.2659597285494914e-10
N20003167,17.319231961129052,67.02996264967108,1.92224121905325,4.1871817602089,6.311636594903885,1.426338212795205e-10,3.3121989432232113e-10,7.246753364538045e-10,3.229745813060273,2.1862268548881906e-10,5.563926599558314e-10
N20003168,11.691277166473885,44.866861263341946,13.200125157534229,24.380176296961732,2.522786263629112,4.64436249599446e-11,4.477215858106161e-10,3.2344779086605074e-10,3.338773848788232,2.299418780371356e-09,1.538418551929595e-10
N20003169,14.7413154508283,18.390262075664435,15.347302847766036,35.552375516816895,7.778645071108197,1.0693945993193761e-10,2.732907545392792e-10,8.654187578438635e-10,8.190099034768487,1.6143837720580754e-09,1.875928611250137e-10
N20003170,12.222563926713145,75.28455754565215,0.24028527036021735,11.23313577078827,0.45161640330169917,2.44125591948665e-11,2.014510313917858e-11,1.9106145467318234e-10,0.5678410828438276,2.7575039922964236e-11,7.751976906740732e-11
N20003171,11.998538652049264,79.33692914068611,1.1369812579017728,1.2299896490749926,4.918155611562327,7.670237545754092e-11,1.3037766944150901e-09,1.6886521101063068e-10,1.3794056856782915,9.30559179581673e-11,1.4048402915512165e-09
N20003172,17.694511827288878,62.607956646953355,1.2777148241674818,15.251731333655624,1.5996214728583678,2.308957814968776e-11,1.9153392583228418e-10,2.515303362513694e-10,1.5684638940431428,2.894270497896809e-10,2.7756198020706223e-10
N20003173,10.067213771831836,81.60645043238127,0.23420208403150006,5.420872668717865,0.681353243988425,1.0264148472770776e-10,1.0118585189558858e-10,2.5901731309283428e-09,1.9899077958849563,1.2280614025067195e-10,2.473199206422697e-10
N20003174,10.953961864263583,77.1659670171598,0.9403264945634084,0.9561966986011514,9.059334406566881,4.2355036188244937e-11,1.3689182164469892e-09,6.096409514658497e-11,0.9242135158905183,7.328583678571183e-11,1.409135856270488e-09
N20003175,22.152434552968884,66.18532851770621,1.012159162331359,2.085148332184665,5.832812832028877,1.8292708465950273e-10,6.705212282580397e-10,1.0095951337505677e-09,2.73211659864607,3.002521254760219e-10,1.9706502658412616e-09
N20003176,15.025331779872275,71.17389480875622,3.5555187314835908,3.245506078094214,5.358619661250825,1.1298451135203934e-10,2.2607107199192418e-10,2.0626951586078892e-10,1.6411289395522406,2.4775820579009405e-11,4.2052800395004036e-10
N20003177,4.3902488128190384,88.82026251644866,0.712044940522903,3.5124230522676854,1.2613136609496916,1.5824464112555166e-11,4.523876745132049e-10,6.002638300355765e-10,1.3037070154072337,3.3075046246752604e-10,1.8555849195493568e-10
N20003178,20.456023092846955,60.36249737012875,0.6416365801222655,0.5467980872364259,17.008454065426527,8.383401431843725e-11,9.021315891497991e-10,1.4740395682761128e-11,0.984590801706226,5.3820521632401755e-11,1.478333864744069e-09
N20003179,6.962587877590375,43.246300688485626,0.23686037229638954,0.10563475285301367,49.00492406738118,4.3969657001730184e-11,1.0798329825788704e-09,1.8564744961008344e-12,0.4436922384208059,9.057942988918693e-12,1.8378966231965099e-09
N20003180,17.95024110486966,49.13230731360175,4.079466768891355,10.158737785001247,14.96986650730878,5.907204214816963e-11,7.818432288065722e-10,1.7949411916016835e-10,3.7093805185447817,3.9389556379524225e-10,3.6811534616291235e-10
N20003181,4.073880633018507,80.53677729203883,3.6981362120997305,10.767696299783362,0.540253717179351,1.5624335536422018e-11,6.139719070489476e-11,6.899215317779982e-11,0.38325584568189547,1.8857468056656607e-11,3.343241045211672e-11
N20003182,26.168928942849064,45.40482928921368,0.6519012674305867,15.664713751671256,3.4488786422912545,1.6577810921995268e-10,5.936216057728878e-10,1.6844409831595666e-08,8.660748087470163,7.830043559610804e-10,6.871804235262708e-10
N20003183,17.584264318705642,49.2048842824449,1.1156247028798938,26.218599831871785,3.3433659790530488,9.896006000977706e-11,9.344977304965131e-10,1.8671863695220912e-09,2.5332608809515973,9.484307365153844e-10,2.4403971439641415e-10
N20003184,2.774906086803842,76.549049813206,2.8401666568187816,15.41353010983231,1.491603943901226,1.4833751407762976e-11,2.347931984413863e-10,2.4783126845645175e-10,0.9307433886136807,1.9570587665568179e-10,1.3099842223076426e-10
N20003185,13.611017204545863,78.13878087514664,1.9825118852267878,3.256800616662929,2.038696357025918,3.141976091212689e-11,2.6235881492707297e-10,1.0672612931957352e-10,0.9721930601688507,3.4626121396453106e-11,7.878868333416036e-10
N20003186,19.177358040135253,70.98377548146436,1.281032448940857,2.6283733748051783,3.405654319084545,1.252583425562395e-10,1.8473050637140274e-10,7.407304457962062e-10,2.523806333802497,7.814743091790095e-11,6.384355044107937e-10
N20003187,12.351997313297723,74.24354429236556,1.2235048095784553,1.453222054775017,9.82596605213843,1.119841134503842e-10,3.4323615346582184e-10,1.9762369438971525e-11,0.9017654769255021,2.660717160389292e-11,4.1772741660951803e-10
N20003188,5.558311708431639,49.754280703138605,9.809854900269528,26.91474766662423,4.746819799309435,5.867209853154577e-11,3.8374461316216954e-10,5.413009945331657e-10,3.2159852204520596,3.8022463723958507e-10,4.10567929921927e-10
N20003189,19.44219964518929,48.115827885581844,1.4116866275028832,2.7828773783616376,25.114842380172597,1.197525069730834e-10,6.789171706274663e-10,1.2379534928693063e-10,3.132566080927727,4.5549528765089426e-10,8.860384853461907e-10
N20003190,16.88177911165054,48.62709249376646,0.7032725115718594,0.10273561452660875,33.222809257888485,7.438295773364299e-11,8.78237279201123e-09,3.257792890938677e-12,0.4623110000973289,8.354640410302408e-12,1.6303515996761188e-09
N20003191,19.8928893502371,16.416483860555857,15.337764750052754,12.170024492638113,27.380268865644215,1.2065964789120102e-10,1.6619460131128964e-09,4.3322072586635036e-10,8.802568676758085,1.1300455946259412e-09,7.679983781092724e-10
N20003192,13.114477847443856,71.87257050889251,0.99692920093692,9.445498560051039,2.942943466130877,4.3336902598193636e-11,4.0397370299371226e-10,7.197421606979098e-10,1.6275804150509803,8.414355484325762e-11,2.4261741753411056e-10
N20003193,9.737107369489243,54.41719963131323,6.6243306253392005,19.18840865759295,5.298400152671393,2.8827225439615415e-11,1.0492516111175737e-09,3.301335012769247e-10,4.73455356091838,9.137212069257267e-10,3.536708450616825e-10
N20003194,19.790308575545488,20.061163618335094,7.214668206204701,19.561580881743154,25.74013442540995,5.70417181099071e-10,1.206053245509858e-09,1.6067570015681967e-09,7.632144288774779,2.4920294983847534e-10,3.5442160408626896e-10
N20003195,23.102973898109436,65.1516206190564,0.6957802882364982,1.3914058307956307,7.108820086880336,1.4535566449728491e-10,4.72994165115553e-10,2.7301609540222126e-10,2.5493992748369,1.9909742620331336e-10,9.943271608505367e-10
N20003196,23.674772927965478,38.00604112297098,15.12966526554291,10.175287424349316,8.8636608612492,2.140013717457303e-11,2.5503996233085177e-10,2.330393630640533e-10,4.150572397173269,3.876968098158051e-11,2.0060303589729457e-10
N20003197,7.3289464679981124,67.14811578825604,4.709920262452418,15.662347954690038,2.6205934217137106,5.2501870889906474e-11,2.2147211084083284e-10,4.3771696723439194e-10,2.530076103772964,2.253029637934647e-10,1.7973000534140554e-10
N20003198,3.9140590693298103,40.444443763213236,6.151417329789904,41.92618249460064,5.055541761036668,2.0346601804575135e-11,2.3931266212752227e-10,1.0911469005985509e-10,2.5083555812490044,2.7495983461022023e-10,1.3700287408301736e-10
N20003199,10.720559194376804,63.99727637647536,3.2797280627036107,17.74626012349344,2.54174877509344,2.1849383591515263e-11,2.3396594609190426e-10,3.3939452102614886e-10,1.7144274666582355,3.750186926561344e-10,2.2887172416554812e-10
N20003200,12.998777724835902,30.473452311463316,6.046585421212458,40.3063312406413,5.015557131380108,2.219707831485497e-10,3.7089928195639995e-10,3.6475363528833217e-10,5.159296167800748,1.563475194338308e-09,1.4505961180689952e-10
N20003201,5.531919576435813,68.48682488988413,2.9621986088909513,19.4742954493284,1.0087288532874021,5.6882473334909934e-11,2.4198722834067934e-10,7.183645640578301e-10,2.5360326202909094,6.821365173383022e-10,1.8301562041759245e-10
N20003202,5.246206504187359,57.494941537809396,4.4518210073909295,27.923165130506543,2.650880842447342,3.39951275778057e-11,1.6511748037192435e-10,1.9286792862952404e-10,2.232984976869308,1.5801425090124023e-10,2.3912253204360197e-10
N20003203,10.269807710830548,34.309110554250275,3.4440597625238483,39.4136315968482,7.310077833896717,9.08668604038747e-11,5.253755508676118e-10,5.482921880941491e-10,5.253312540055617,3.00157947791022e-10,1.3011927454146332e-10
N20003204,2.1071278443301544,20.75707282134705,4.398335956413455,71.05273237477006,0.6788288354367857,3.636831244675983e-11,4.04076139916533e-11,1.2216180156171216e-10,1.0059021673270738,1.4533430469268635e-10,3.113169252797761e-11
N20003205,3.7221398105491432,40.97780461408248,3.806023395758639,46.648183090827665,2.612919344091634,5.4945558294608236e-11,1.1648134434355568e-10,2.251528622751294e-10,2.232929744050564,1.2060459081602717e-10,1.2269912569443186e-10
N20003206,15.008490923827948,53.42579228430531,1.4539696913645823,21.377633786778603,4.044244656945917,8.204057736272211e-11,3.2814971787882125e-10,2.429947740774204e-09,4.689868653303188,3.446385978498444e-10,2.8967179116650324e-10
N20003207,7.971574354396842,14.101932642831802,3.738317336369542,39.613093112302806,31.00724481811008,1.6271264474544876e-10,2.443630873421468e-10,1.4546710371108639e-10,3.5678377351664285,9.65863693383496e-11,1.733786815087324e-10
N20003208,13.729611952098947,13.445923362349156,19.336565052015498,48.551227477264945,3.5263097455382972,1.485278602055284e-10,1.56924824857938e-11,2.0905268323284208e-10,1.4103624102903085,3.0913467326556615e-11,3.867048421846502e-11
N20003209,11.368921351645518,23.86488593378637,15.047255185419651,39.9499631919038,6.753173909235587,1.552239309243534e-10,9.9116844854486e-11,2.865534046601109e-10,3.015800427204499,1.2621752712419345e-10,1.3748157647414983e-10
N20003210,14.916135330936406,14.40236049448657,10.851641236717331,41.84035279438582,13.829206606369832,5.919734926597988e-10,9.277900186040029e-11,3.8230671249278076e-10,4.160303535653853,1.4480080258805859e-10,2.3834895394048e-10
N20003211,6.843205313124316,19.84128893107359,5.519689615132588,64.0179489418106,2.59374499835533,1.2680839853614145e-10,6.278188351776573e-12,1.8527801529405896e-10,1.1841222001288,1.1936898496832347e-11,4.448387357077066e-11
N20003212,24.35976600632747,23.665767249394264,9.329586332628832,31.378930088007696,6.9454744112884645,1.8779101780487524e-10,3.035041825262277e-10,4.759481499204288e-10,4.320475911009803,2.6468062037266067e-10,1.1155574123745683e-10
N20003213,12.127392649359562,36.1660784924995,11.653897911956692,33.103616218067664,4.793644306284561,3.236475102879471e-10,2.7638315002048533e-11,2.7381605041754513e-10,2.1553704210660047,2.382389337431836e-11,1.1709649286865225e-10
N20003214,11.155331435696658,22.40070840460679,7.9743604400476995,52.30972949295002,4.396694153181163,1.653146204740117e-10,3.88976779176606e-11,1.5330199587206263e-10,1.7631760730320947,5.573339368776377e-11,7.231688494209581e-11
N20003215,19.628390684110013,29.97017274775987,3.7689446351296474,28.50903060662389,15.149803202094148,1.495478671373012e-10,8.114178122079695e-11,3.611635304532551e-10,2.973658123406506,6.727749857304762e-11,2.167800388843149e-10
N20003216,9.162623161801157,23.873765795392927,5.97667093594936,53.46591210399754,5.124049981620916,1.1055957344763501e-10,2.4648826987205333e-11,1.779658812525116e-10,2.396978020781592,6.117458021554723e-11,8.215770951396354e-11
N20003217,3.7265626924919326,67.56991335292008,0.8980412229380872,25.641878395273825,0.7268293871297515,4.2808145793183555e-11,1.7551573078089983e-11,4.2601286228207006e-10,1.4367749485823083,6.959308691503516e-11,1.0804844873622987e-10
N20003218,5.740076354768816,16.136835209770474,1.2464921770233746,62.93487212326498,10.420994252047997,5.64301195461862e-11,7.850528717657405e-11,6.249658274976128e-10,3.520729882130194,1.2765039053079192e-10,1.0661441663286102e-10
N20003219,5.014082869200389,39.38082795578078,4.14128226015686,47.660783198933146,2.177811134288761,1.5636696152769772e-10,2.1473541751753954e-11,1.205864072670807e-10,1.6252125812654659,2.64577082028376e-11,4.9708006364791485e-11
N20003220,5.600180075215817,63.79008014503944,0.7102360743347605,25.49466662113059,2.2827963540195917,6.931266311598466e-11,4.34010016708319e-11,7.392296027927944e-10,2.1220407292502665,3.074695028939861e-11,1.2682584445893456e-10
N20003221,5.7302355682676565,45.616428908236756,2.048837020637589,43.27086745898573,2.004917000913311,3.202647604063852e-11,2.1146695810588014e-11,2.711118242798997e-10,1.3287140425260509,3.918175185117372e-11,6.945458537292185e-11
N20003222,4.438627600799902,27.024394427325298,6.0279823968016,60.31673099455171,0.9468699137543967,3.5591465600161936e-11,5.800674307230499e-12,1.6661496398736006e-10,1.245394666498842,3.106616779095192e-11,2.916974392701872e-11
N20003223,10.011450421289652,29.81713503822505,6.380423782567279,37.0775148067399,11.096023592426267,2.3963875907107257e-10,3.785041954500067e-10,1.9463475921444184e-09,5.61745235598283,7.696865947542489e-11,1.2759139846600858e-10
N20003224,4.930415869007763,64.91661151186918,3.6123630846134307,23.801922084810727,1.2827708912625504,8.242024219125934e-11,1.3387106152439007e-11,8.482574694648789e-10,1.4559165573690418,3.689823064382191e-11,8.63632490774847e-11
N20003225,9.863153299067628,28.026972994234033,6.245470551519719,49.70898131373942,4.253984854057448,1.6796153650135493e-10,1.45066028227567e-11,1.4437587560427415e-10,1.90143698694505,4.0047989170420457e-11,6.98227993211037e-11
N20003226,12.171637518857011,44.09114023485096,3.003405596964217,27.69083541797418,10.54660615971201,8.030450654543338e-11,4.8280085283586295e-11,9.175457577461724e-11,2.496375071184027,9.705618079292048e-11,1.4020125234028889e-10
N20003227,2.2316178640010746,20.91136993601713,5.581189618311622,69.83465228502392,0.6175041028954187,2.6817635424463863e-11,4.2403259855358314e-12,2.0917639643368949e-10,0.8236661934818911,1.1609799297619206e-11,1.711253788051928e-11
N20003228,2.318246743541256,9.189857161513974,2.1947524336609856,45.95267658556011,36.07898936362074,4.082953323456166e-11,3.495677092232891e-10,4.6327274116017256e-10,4.265477710752266,1.2055604573724657e-10,3.7646435223921364e-10
N20003229,6.615116502880146,23.723493337198693,6.203131299785165,54.680455124262785,7.021264544907642,1.8681406152337044e-10,3.087753879649552e-11,1.4886172688591203e-10,1.7565391904807313,3.3479426578161885e-11,8.481651739278522e-11
N20003230,3.2898972396719386,36.42117254532681,1.8866088292441592,47.40003885632246,8.31262636683225,1.6663636588024794e-10,6.062253827121158e-11,1.551105923046518e-10,2.6896561619925423,2.737761661465335e-11,2.000781750918098e-10
N20003231,4.61455735897957,29.188150046191087,6.812682660153721,54.259260565918325,3.1899243730729268,5.0375662709615934e-11,3.9593136451856467e-11,3.830895101268095e-10,1.9354249950885885,5.187584387046175e-11,7.085250585371759e-11
N20003232,12.523266290406218,54.59609853532792,3.185964355591254,22.82373741021617,5.149379846082028,4.0747793433702335e-10,3.422230630072984e-11,1.1463511650915456e-10,1.7215535615909876,3.537412022026697e-11,1.9371729051633426e-10
N20003233,11.176801450150231,24.701687720405143,6.070215438483191,32.959309155214164,17.93027710436717,1.4455022783502096e-10,2.3118807735610288e-10,8.323509305433035e-10,7.1617091297983135,1.576429307633854e-10,2.1605949312905156e-10
N20003234,0.9796538615022132,11.112037370460403,4.9280647764346135,82.26937544513517,0.3559795357672081,7.177580255950006e-12,2.7534864438305176e-12,1.0159582193188351e-10,0.3548890105725421,9.6052804593976e-12,6.74249171115629e-12
N20003235,9.896176254650001,21.33586303585964,12.42270140216385,49.359946908799266,4.2954953286189745,1.8637268607005978e-10,2.875442065118153e-11,3.048190353060705e-10,2.689817069213294,6.422088420265437e-11,1.108182447749668e-10
N20003236,8.423350101826307,13.88162355606404,3.638902638533329,51.314968242027106,19.903566912068925,2.0398488679011095e-10,2.962075502248811e-10,4.87495321090522e-10,2.8375885481437635,1.0263660956164321e-10,2.462188315113765e-10
N20003237,7.062268398436693,16.93726812626778,14.970078520973434,40.555252191507236,14.033139575210734,2.6774733291588763e-10,2.382257345090166e-10,7.648831676378947e-10,6.441993185400528,5.264739017098613e-10,4.0625501585853854e-10
N20003238,3.509030934603736,31.65068945701511,11.671431855988605,48.804554855017265,2.9430741086347423,2.2697249237274317e-11,4.614834059875532e-11,4.328419541292038e-10,1.4212187881149423,2.4630499184639137e-11,9.93066875725222e-11
N20003239,7.7133347600713424,27.055169759893598,3.200222923843701,46.07761531875103,10.66015377217472,1.870009451959783e-10,3.1443322708055664e-10,1.2402546593840205e-09,5.293503462642818,4.676302025920628e-10,4.1346983585254937e-10
N20003240,3.346406850540044,6.547244859215715,4.209377715694093,63.71299084720168,16.879852214299955,5.988529530832175e-11,5.026539209983654e-10,7.956512090274348e-10,5.30412751049519,9.876789616058884e-10,2.0744440651885871e-10
N20003241,5.3317514754125925,70.09622414530024,4.935535886990895,17.02380283546569,1.6609857134880748,3.254377064963696e-11,1.3562318605379388e-11,2.747989175787863e-10,0.9516999429380955,1.123391825169254e-11,7.225566120994744e-11
N20003242,4.669877154342062,70.29361335881796,2.0717890857789647,19.346083371293084,2.802284319504292,2.3035559536468268e-11,9.91490303426344e-11,1.4802566819797054e-10,0.8163527098064949,5.933062842678425e-11,1.2759643930430902e-10
N20003243,7.227182080878768,58.69446799865319,2.3725112069704757,20.96120759147767,8.082798293558895,6.083235084461855e-11,7.100292754643618e-11,4.3651220469554834e-10,2.661832827448513,4.263454228188569e-11,4.0150709058326377e-10
N20003244,12.730280847901234,30.730796440044784,1.4515019307403205,37.2528211116753,14.000959900325974,1.2814412371977958e-10,1.0790223337333366e-10,1.2835542060649584e-09,3.833639767287099,1.1705619816628287e-10,3.886287557650696e-10
N20003245,10.63866953794724,53.96210646876612,0.3278627546276438,25.22300795997098,7.898080878767979,3.407297132363935e-11,5.990812287140149e-11,4.581460614630615e-09,1.950272394438079,7.308528719285555e-12,7.992064410145873e-10
N20003246,16.615831726308265,63.13479867401758,1.3865307859336409,11.459693430149994,6.130871743342094,9.503380583987312e-11,3.6570760757374914e-11,1.9508571238348786e-10,1.2722736395854672,1.1442076145747963e-11,3.2483288439142403e-10
N20003247,6.255550669241614,48.798754347829075,9.292947952223807,19.833650004452615,10.593062599784817,1.7640039545909287e-10,1.077822286859938e-09,6.179866288216894e-10,5.226034420386099,3.4420277365194426e-09,7.677455847433392e-10
N20003248,13.827012373168253,35.38538153592703,0.9667504749478193,1.522314444326216,45.94207263573588,3.8244245429082074e-10,2.0115410500295996e-09,1.9387958658186158e-10,2.3564685318413243,7.470591533159906e-11,1.3908947798859437e-09
N20003249,22.390375935837067,46.77248117705429,1.2672359422565667,5.284088959664179,20.660945585925564,1.7031451459944037e-09,5.322827669456646e-10,6.277549774269813e-10,3.624872395438515,3.792861255763137e-11,9.226908911988084e-10
N20003250,1.798518238671695,13.641894909262442,3.1147645504488253,73.15306102407698,5.705044409899267,3.388613730350535e-11,3.196121306277898e-10,4.53000100608777e-10,2.5867168661929,5.075323756333176e-10,1.338734783192232e-10
N20003251,10.7874328912374,36.555803096956154,0.8261702197920107,7.093985271512479,41.13824457198301,8.78638960722837e-11,5.614354842483139e-10,7.497705650432575e-10,3.5983639450392353,1.3230435199469842e-10,1.9483334577688037e-09
N20003252,7.188354806873935,38.953599644203024,1.0217571950212831,9.233809566411272,37.18596720447412,2.351155928388698e-10,1.0430210229213579e-09,4.1591048340241537e-10,6.416511579075338,5.97524118167522e-10,1.6494512368783435e-09
N20003253,0.9550485410440288,16.025565296671974,1.2730283693733164,78.94955393394801,1.663001724352085,3.210032718804086e-12,8.052799953027401e-11,1.7367191425266455e-10,1.1338021339795237,2.927607178742144e-10,8.090844362575922e-11
N20003254,1.8446481230471097,33.740523373930706,0.6362918198460125,37.64010098810024,20.228515616217095,3.763015482812879e-11,1.959138275133954e-09,7.090890757556725e-10,5.909920074633191,4.669672984219503e-10,1.0528230016304874e-09
N20003255,3.276581991319242,85.04337014878325,1.3540207654970473,3.33340295153155,6.293128566459064,3.235668286035268e-11,3.982561866364908e-10,1.9436627678493948e-11,0.6994955746172996,6.752679285606946e-11,1.274959377415897e-09
N20003256,4.012723326251983,6.194784366460696,0.9405106295025395,26.28841146140708,52.15717792032126,9.627156999472828e-11,7.608935949507835e-09,2.8153710812664213e-10,10.4063922732576,1.1482879916883073e-08,3.329225488007523e-09
N20003257,15.220967903449417,14.328156228457559,8.342681125211872,45.13747611203317,13.499075281130374,3.0313435356414477e-10,6.695592761497491e-11,3.1413226421303064e-10,3.471643348722257,1.2208394123391114e-10,1.8904928041762341e-10
N20003258,5.184390164739962,53.88812603237656,0.8888915291568232,33.37164629876678,4.473876195562629,1.806153950278638e-11,7.039447233646055e-11,4.3737772197594834e-10,2.193069778481085,2.5713970760117845e-10,1.3317740407016043e-10
N20003259,12.071976826239785,9.806782392077036,2.431449132742155,27.565761623046335,44.538540841660705,4.569865999123594e-10,1.7835051253474716e-09,1.4579788249743037e-10,3.5854891801671327,1.3675873316108887e-09,3.1296740425503543e-10
N20003260,5.819568807945046,74.30513647788105,0.5241027039668466,9.852709024947508,7.261692057512581,3.178355235050046e-11,4.476419854322696e-11,2.3667267030985227e-10,2.23679092726543,3.3088520248735224e-11,1.352359205690489e-10
N20003261,11.933903605849942,47.48699202691903,10.28203289858119,25.261666461429456,2.5839848311326095,6.548483711841451e-10,3.436438599088625e-11,2.2141772036389192e-10,2.4514201750265094,3.8732347722165674e-11,1.1188896720130758e-10
N20003262,20.728966356968712,42.355712603014815,3.5352706916139334,11.931054569155654,18.236427490934133,1.2808890810112444e-10,1.1752956366597438e-10,4.701179165057214e-10,3.2125682870259276,6.908605809616489e-11,5.020126530812608e-10
N20003263,12.242005445898943,33.5425506056144,0.272763406350763,50.530453093854234,2.19270397264557,3.594092290561735e-11,3.6762478652921723e-11,3.538431239508622e-09,1.219523471899411,2.0503715105249805e-11,1.0502684773875836e-10
N20003264,8.991194310838793,7.318756180901978,7.959473883440024,58.17194457484717,14.043147735458582,9.85816960298916e-11,7.979895647492578e-11,4.542234074263259e-10,3.5154833135809347,1.3442014966628076e-10,1.6548708341392213e-10
N20003265,6.2906415267320455,67.06536314557341,0.5363594510426782,24.302779941814634,1.0440473385104734,9.315880452851568e-12,2.394234881136266e-11,5.481745852797698e-10,0.7608085955520552,6.695865123542925e-11,1.2631976508071333e-10
N20003266,9.88021189038421,51.38580449756589,3.401898867273074,19.56950267464272,13.0933145047881,1.1976629511775327e-10,4.964200345663032e-10,2.539883435908667e-10,2.669267563477766,4.4462039505374463e-10,5.534502820588186e-10
N20003267,14.07926964930937,71.5572637813566,0.33308113111124865,6.464383534208758,4.566391982892779,1.3106501854130224e-10,2.607510538060219e-10,3.948547376463902e-09,2.999609915908729,2.1968000107592454e-10,6.524697744146621e-10
N20003268,9.86155079243754,2.80954254018351,4.697523160089522,9.08030506875738,69.33421843557116,1.141076752881101e-10,4.848638424364928e-10,2.530706559631803e-10,4.216860000984001,5.700540123713214e-10,5.547734484132807e-10
N20003269,13.312167435323666,72.71206524392684,0.45024920201959995,5.103874311843424,6.302907836858321,6.006340768601493e-11,9.809389430184993e-11,1.2024436696791766e-09,2.11873596789122,1.5902892902309852e-10,6.172954298858196e-10
N20003270,10.874913242313387,7.441429430573303,9.007627967543428,13.01175158022476,50.20734456997192,4.4980269295892196e-10,3.4100580178436534e-09,1.8514405512465915e-09,9.45693319767553,4.7578735505431166e-09,1.2284853297267792e-09
N20003271,12.350095694377519,43.75673152068263,1.1993566345893627,27.5546160193024,13.343187566887554,5.01973351461734e-11,2.152185350689403e-10,1.815353384351047e-10,1.796012562778504,3.457515482433578e-10,5.893069972407156e-10
N20003272,12.916669644515263,11.366880587558487,6.248016400960831,48.72955625046356,17.521377910003427,6.287094656834836e-11,5.5439264915309656e-11,4.810762931669085e-10,3.2174992055511593,1.5087800947192498e-10,1.9699689866774312e-10
N20003273,9.547683101953975,2.6422453049177146,6.091210738313177,24.242422337623303,51.69425519820624,5.522275502085011e-10,1.2344596840297006e-09,8.893348906600928e-10,5.782183314804598,9.12833889056169e-10,5.921251204133895e-10
N20003274,11.082360730242689,30.681340313618115,5.541585774480633,19.695259575837714,27.951217816967734,2.9167974972048165e-10,2.003521213613226e-09,9.601909546161063e-10,5.048235783153973,1.591324385888981e-09,8.524403015278112e-10
N20003275,9.915667474551922,7.890231967801429,4.3589192111425765,43.60763826869684,30.42512132636978,2.9723146915954696e-10,1.7593476982953783e-10,3.362593122505533e-10,3.8024217500941178,1.6038429402634188e-10,3.7351898425140454e-10
N20003276,7.149010273137502,42.19145001163579,6.057624961269595,37.47319962944153,3.7753366432795725,1.9156946737063034e-10,7.726631361003371e-11,3.3371168401118896e-10,3.3533784803667976,1.6009675775338178e-10,1.0655100013613775e-10
N20003277,11.49978062501678,8.232063174580096,5.404900152160544,11.777053771870055,59.98161431784481,2.18986755729115e-10,2.82307697116424e-10,2.747039209931913e-10,3.1045879570165824,1.5551296793266935e-10,5.796215623690241e-10
N20003278,20.60263304482956,14.538282427806948,2.631710983114119,3.107645485517178,50.783426175772696,5.72286354599452e-10,1.2035092193434854e-08,1.2384708030786916e-09,8.336301853798036,1.1100096273250742e-08,4.215510304938751e-09
N20003279,10.087133109265082,42.11761070859856,3.7660414560658237,22.966889108690474,16.548246966928883,1.6710904345065327e-10,9.95569561493825e-10,6.963453861379601e-10,4.514078646232359,1.5753637913108308e-09,7.844271014785358e-10
N20003280,6.088027632568907,61.98631466775042,3.4049343881641048,24.713700523027654,2.45983288353126,6.567955574510044e-11,1.30200186565735e-11,4.4407351611330915e-11,1.3471899047419644,2.522371371577563e-11,6.734732501231984e-11
N20003281,4.819586992579293,40.61189976436063,4.976485861616626,45.085883353280266,2.8808453613578493,8.514066216964666e-11,9.780369722942041e-11,9.93337855418648e-11,1.6252986661659334,2.235576505994607e-10,1.3357675753892947e-10
N20003282,11.188119430689017,22.877693052998293,3.100792829787974,53.19744527724897,7.92306839579982,4.1046165289944957e-10,5.433159113908862e-11,1.1940168756525854e-10,1.7128810128075342,3.0179062590985077e-11,5.4015489838294506e-11
N20003283,14.279665202076941,45.02638884425537,3.2914715091412585,26.478318902378668,8.850852366772166,2.4748282294445497e-10,3.6721982533639666e-11,1.5865309663202505e-10,2.073303174779505,2.1117932234566423e-11,1.3212201912062975e-10
N20003284,20.4394636699696,63.26954538939182,1.628709713419137,4.636758554700592,8.391860772447894,9.974837553080633e-11,5.027703641734668e-11,2.9064334866344e-10,1.6336618992074898,1.3643003460897579e-11,4.0913998938540734e-10
N20003285,36.10279508437097,29.952847837103313,10.277210107211824,8.268151117533842,13.591885508889126,6.125805211332244e-10,4.281327335807696e-11,1.6439950534447966e-10,1.8071103437137808,1.6052586599138287e-11,3.4128797310519556e-10
N20003286,37.417630626665556,19.08906309068915,12.83563268043596,13.479583205082854,14.796855698659272,3.252799083004491e-10,5.258115566188472e-11,3.0159303120778755e-10,2.381234697451632,5.142139832511571e-11,2.847193496963306e-10
N20003287,38.47059106693811,15.957954045766144,15.566354726588811,10.547152541177638,16.99944438134957,7.771847475054912e-10,2.3029727658953302e-10,2.661322712980447e-10,2.45850323628774,2.667285074898434e-10,3.5163025382661613e-10
N20003288,22.157923261273645,22.76987265367709,9.643817423552612,33.26906135246699,9.693991175619797,5.845659821644195e-10,3.301238576100106e-11,1.429806100978826e-10,2.465334132423154,5.0586509365358e-11,1.755554021114386e-10
N20003289,11.520264399869625,57.508607585158714,7.425421931858654,15.182700106540551,6.5719225733139295,2.770118201321794e-10,7.192697363888654e-11,7.129047308471103e-11,1.7910834025740952,6.783934097202618e-11,1.9635207606691825e-10
N20003290,14.201796001644333,36.71026921129253,2.432594707660178,33.31463425945402,11.93238640078548,2.396696520496698e-10,3.103399348329385e-11,4.7796207077386456e-11,1.4083194186034556,1.3844773679596917e-11,2.276753276969684e-10
N20003291,21.315437407246815,32.431066491190094,6.241021628541808,31.095758816855223,6.97249655144642,5.52447087669523e-10,2.814368446227576e-11,7.186061664488972e-11,1.944219103894168,5.5601662058453193e-11,1.173922117861957e-10
N20003292,32.00746720374972,24.911273013998976,14.29122830614286,19.928169994003305,7.583246355257753,9.869538747866054e-10,2.3127293373163027e-11,4.3781822601695825e-11,1.2786151256966003,1.9920739840551458e-11,7.699605894491431e-11
N20003293,22.942778828699353,24.4122455143703,15.79949679574357,29.001114775232768,5.7498370870435505,7.827951237288813e-10,2.3751674308294753e-11,1.5151992500403417e-10,2.094526997786992,4.1334129619988445e-11,1.2406219385046327e-10
N20003294,16.56734555875764,35.88002872721065,7.867379719231284,32.287857912905764,5.880033849996956,1.2030679323766985e-10,2.313349997971983e-11,1.822586071405386e-10,1.5173542314601018,2.7105647508721222e-11,8.480460015563147e-11
N20003295,6.434420943388332,20.6515748053909,4.465120346447074,52.26055016428218,11.926809217829641,3.4337837766280695e-10,4.2391469634960293e-10,4.908887658378662e-10,4.261524520953642,2.474672454179583e-10,2.025825067295895e-10
N20003296,12.851479004950608,56.396778904932255,4.429190530415302,22.81349139607477,2.2512514012857845,8.071345460893864e-11,2.7222569968513685e-11,1.2964385535149752e-10,1.2578087618681848,1.6578238662373512e-10,6.972639875150916e-11
N20003297,31.08717843874027,31.82130958431351,10.677930008839338,10.985772014460771,13.060037726711071,2.504608864127496e-10,6.769174141232978e-11,2.412244223623585e-10,2.3677722260756133,2.6772778559248126e-11,2.7327082442757844e-10
N20003298,50.17644282472643,16.45551319268887,13.574653312486648,6.631073076016512,12.180280524235446,4.481606878831577e-10,8.419322394228851e-12,3.86664465697146e-11,0.9820370691620431,9.524698717486365e-12,1.792810735790721e-10
N20003299,18.68725596993307,44.66186680403302,0.7579853476684298,13.00006251882091,17.15081134851624,5.173157319322278e-11,2.6225080142514467e-10,3.9005601429672606e-10,5.7420180090530435,5.283613634004839e-10,7.428906314852828e-10
N20003300,43.59716302527574,12.988014199149386,14.042511170870785,7.862849208598069,19.706894612300808,1.9745461855682162e-09,3.6612299014685996e-11,1.1140242939347375e-10,1.8025677813918668,1.2285797716751497e-11,2.7847417661886397e-10
N20003301,18.89999990620252,60.43202982348599,9.639841802018715,5.286438935941073,4.433464505999188,1.3818363393572018e-10,1.3809206275514357e-10,2.7268604814888937e-10,1.3082250252499021,6.453480028787688e-11,4.891135684986553e-10
N20003302,8.322882959182293,78.27327757415269,0.5409734491937266,10.68233258640207,1.3095717870968735,2.7864722314567132e-11,2.4234054736237343e-11,2.469817901593311e-10,0.8709616433918871,4.253218196056448e-11,2.3885016552445517e-10
N20003303,5.761324139770309,83.46023585130668,0.8530515082695946,8.81337958299382,0.1504221173432068,1.6805340851192072e-11,3.833155926397491e-11,1.121956313943212e-09,0.9615867983797814,6.512582520512779e-10,1.0826782676236608e-10
N20003304,8.353704513446186,77.73475478773003,1.4789895084048676,10.115903220791788,1.0432031150140153,5.6466910077187105e-11,7.288167960001698e-11,3.5397104010643085e-10,1.2734448535776937,3.780169689857717e-10,1.7410337906472318e-10
N20003305,18.991741049462423,70.4580964368612,2.02024152757999,4.575110050490726,2.9090550342416606,5.902615617895432e-10,1.857053705154489e-10,2.068325106493155e-10,1.0457558998063843,1.071478792016385e-10,4.676755851600314e-10
N20003306,46.61687877314497,29.989963138969205,6.004984480025461,2.032846527778296,13.841845549155193,1.2904749680878519e-09,6.763547405120806e-11,2.38189997894291e-10,1.5134815286842747,2.051977850354837e-11,6.257685412261861e-10
N20003307,37.338949661796725,8.18948566963629,14.156628131580076,3.3323386006850906,33.74986712082424,1.2945237052272708e-09,3.1188187464925835e-10,3.7865716003522453e-10,3.232730812369954,1.971138255752252e-10,9.254357374651472e-10
N20003308,34.86498484610685,39.428169286875494,3.5177537386269053,1.6661354315209553,18.097086721287027,7.199675185544098e-10,1.4057442036837853e-10,1.8765717053798693e-10,2.425869973982707,6.494045096841532e-11,4.869200629353273e-10
N20003309,21.262860237205494,36.360279773628015,7.109703206216289,12.029122389523469,21.138616815195498,1.3031623507825468e-09,1.2288995792925012e-10,9.524929812423189e-11,2.0994175765174634,1.0733148677890822e-11,1.8174322118892862e-10
N20003310,13.016797237084665,23.185770957469956,3.5103852483759175,42.86311039176383,14.379433572450603,9.278487318694888e-10,1.3953681387505597e-10,2.2231393847097047e-10,3.044502591325513,4.130098098761012e-11,1.985214897012132e-10
N20003311,29.14590638680049,7.926920929001079,18.868771714146956,9.7585854671758,32.41497382869215,5.143598747032635e-10,6.954796420398829e-11,3.107430334364596e-10,1.884841673015953,2.1128499869717146e-11,2.5180483766592203e-10
N20003312,35.42777812413152,4.32321495835539,22.936944236784132,8.075154440829658,25.947180289039927,8.921746587516995e-10,1.8691392260385118e-10,3.9172487500588913e-10,3.289727948290281,5.377846340292682e-10,5.605071108224566e-10
N20003313,24.050921983296067,8.67979084423157,12.122401099402618,22.41968715718394,30.175839002635747,5.414195613916256e-10,7.711351986760231e-11,1.8636797045624085e-10,2.551359912239776,4.1618449107455774e-11,1.6375819789418278e-10
N20003314,38.97674040663794,2.398081420352717,10.816792725311297,12.408694494366511,32.50785042155011,4.191502071678874e-10,2.0104236684468726e-10,2.853587708354543e-10,2.8918405299437717,7.072159579540105e-10,2.2490805538973118e-10
N20003315,23.372637687681785,47.73223554843011,4.300928118294947,12.231759846429462,10.603522704387412,7.644417376076297e-11,3.1344187843997885e-11,2.7896510460650117e-10,1.758916094209451,2.0726858528093992e-11,1.593529045480223e-10
N20003316,40.442828064230746,4.1054594355554315,15.424947026910074,18.259866771105646,18.884390301086228,1.3155192550355832e-09,3.831533488194932e-11,3.640171461215463e-10,2.882508399124724,1.0619985432893579e-10,1.6309457626781066e-10
N20003317,19.812903412363582,17.147805282121915,9.323094469661893,32.46418022167657,18.789447069842453,4.2719793922291325e-10,9.812309215258225e-11,2.993478374295855e-10,2.4625695432975765,6.927574078835108e-11,1.4204956385387585e-10
N20003318,21.659402539799018,58.80972186414783,2.0817834749384954,9.419615826590096,6.568666509653514,1.1943248417858554e-10,3.0621197932478e-11,3.4190845155031993e-10,1.4608097840999918,3.4626882936029126e-11,2.4445734899113835e-10
N20003319,5.388447498591928,9.773861534191418,4.472767351449196,76.33932829246038,3.215708075275989,4.151050363034226e-11,1.6877804194981715e-11,6.35793500640227e-11,0.8098872478466504,4.7679313547573075e-11,1.4813447566962595e-11
N20003320,21.025323197576085,16.196276787320492,10.560749511951965,30.95662375874108,18.918955239015983,5.79961120274284e-10,4.9748109667831754e-11,2.1485317063487373e-10,2.3420715043640636,3.654549417623199e-11,1.4920888527530245e-10
N20003321,19.653670162442573,9.953470072508852,11.945078770916071,31.798904384841663,23.04959332214663,2.2679413862965893e-10,7.504881248029181e-11,3.5402017680516963e-10,3.5992832861905253,9.075035113286564e-11,2.0706902393001276e-10
N20003322,29.44955252995748,21.939380343838167,6.643467924851401,27.428407806462506,12.160513465220502,5.213022837424485e-10,3.402197444725464e-11,2.339785111063952e-10,2.378677928694638,4.065084295282718e-11,1.4535150402234743e-10
N20003323,13.53131875437317,37.36762175832752,12.612494658100957,26.875417685383756,8.163659283284352,5.730139515951702e-10,3.6140002865075144e-11,5.509931452927922e-11,1.449487859712378,3.589284689688909e-11,1.1772567034738077e-10
N20003324,14.637069303873727,20.264888868054925,9.566496753334272,37.35520001312573,16.15420749376743,1.6078181816963403e-10,7.838973637283898e-11,1.708693011961391e-10,2.022137567236575,6.999113954167793e-11,1.2731369862968527e-10
N20003325,12.221896611479151,42.921601724463294,11.705092323753666,29.347941657073257,2.746118602896968,1.6329300567243697e-10,1.7114673897198326e-11,3.923488330632108e-11,1.0573490800375804,3.224873029085394e-11,4.4216422934519724e-11
N20003326,10.474812029752979,33.16315093426419,3.6475023934222364,42.845286465817836,8.518803025757949,1.3534240386792688e-10,4.818333235207774e-11,1.1322622288152143e-10,1.3504451506022113,3.361008303770465e-11,5.224139050252171e-11
N20003327,16.763933147784353,27.479252165948083,7.98619531429001,42.06998016473965,4.315480955188002,2.131278567177463e-10,8.82695164919479e-12,6.22460975631387e-11,1.385158251681799,2.796080967134031e-11,5.5953250427750624e-11
N20003328,15.953030311155874,23.447652870431774,10.014414871055603,29.12496034113007,18.153821796514915,3.51835170641206e-10,1.1378400642368709e-10,2.808617642792314e-10,3.3061198086545707,8.223160979819593e-11,2.28478205522038e-10
N20003329,11.04686543480889,35.99592127636543,9.92182456034356,40.49959486390076,1.5913327888589124,4.096176328451144e-11,2.7263518175751365e-11,4.297726414858668e-10,0.9444610750976017,5.77304083051425e-11,6.91147272562114e-11
N20003330,27.608240353488352,19.251972549813967,6.080120542218579,15.774519446282104,28.595769410841353,1.028164289260407e-09,1.2196236607324991e-10,2.855682360117514e-10,2.6893776955218596,6.070968483101886e-11,3.373869439651509e-10
N20003331,11.320397654628763,27.127032567497466,13.504565490954937,44.034544379720124,2.464950012176399,1.1804888710866044e-10,2.393294613293378e-11,8.591253925705269e-11,1.5485098945979012,1.260031899336555e-10,7.051666810869004e-11
N20003332,2.584365472042641,38.90333956586623,3.4097442028581906,54.09224470869233,0.5793218199567972,1.2498644850435666e-11,6.915186620837509e-12,8.020735988328996e-11,0.43098423045946216,1.4269611561239258e-11,1.0446806922487917e-11
N20003333,7.730278901850247,44.80841716913665,11.99050721125295,31.464605265856417,2.12554981090819,3.1278367227432207e-10,3.719371039229773e-11,3.5995025269657794e-10,1.8806416401102193,4.93697416558153e-11,1.260253949517021e-10
N20003334,28.175113331421958,39.24907172422267,4.017679438272854,15.621257041813589,8.120780914973402,2.9142830526726153e-10,1.700808003027535e-10,2.1901212992871067e-09,4.816097545806673,2.9089212165084064e-10,5.463200487507042e-10
N20003335,16.79962091160934,49.974046141523026,3.990869628934499,21.566808715374457,6.090561350299963,7.115346844360137e-11,4.7847216242676365e-11,2.620796265250178e-10,1.5780932516258097,8.801639721849417e-11,1.637920078089683e-10
N20003336,7.674494154605224,37.420211509985194,1.815568518241328,39.01109259991097,11.24516537497574,7.834834933375396e-11,6.39272461932402e-11,2.5392372601183544e-10,2.8334678417082433,3.107045709890427e-11,1.460659210920528e-10
N20003337,16.362302062768748,21.9928199439807,10.017155906453253,33.63197644509992,15.247822177328313,2.956282866788516e-10,7.947877276067897e-11,9.24529980442243e-11,2.7479234635160896,1.8333954501046732e-10,2.0209643902976868e-10
N20003338,20.959530059739123,20.977403941009396,9.278688951137562,31.806228446275174,13.322818150828505,1.460197704982843e-10,1.4019479501839543e-10,1.1550993256696996e-09,3.655330449328811,1.1612450409221436e-10,1.239729064395871e-10
N20003339,16.805304320965732,65.52984030574295,1.4835560151168456,8.64510437077083,6.365033451030112,1.383589801286031e-10,3.4603601346613744e-11,4.925914968079432e-10,1.1711615353321934,1.6700253469906745e-11,3.590832334445979e-10
N20003340,10.11511255142676,14.646280017377352,2.4813411030359895,17.307552907751322,49.72822353413474,2.3839721316752645e-10,3.4041380842275186e-09,4.4755274541332426e-10,5.72148987747273,3.751981600745854e-09,9.590280936790586e-10
N20003341,1.0720687394074186,74.23646636894283,1.0962416456230875,23.26579452343612,0.11456169516495711,7.356796921428723e-12,8.672330802945003e-12,9.619517204022248e-11,0.21486702728484727,1.6438518155803453e-11,1.2084678626947517e-11
N20003342,12.515280963000277,64.75026641217364,3.036428776600169,13.897611061828973,3.4425586617912014,5.188320010411316e-11,6.101512364514506e-11,8.056570211254227e-10,2.357854123447238,7.08068573314505e-11,1.6912586146006974e-10
N20003343,8.612326027265384,76.67264573575955,0.7018315392077806,12.341901155883482,1.1528972412607135,1.259811990459132e-10,9.655777007598852e-12,1.0990976790564512e-10,0.5183983002025383,8.582396056428327e-12,1.6641702539679287e-10
N20003344,3.738289854438593,57.03309862039042,7.744901022348187,27.406993539275433,1.99292217341442,7.004529025448055e-11,5.3328478269052e-11,1.2084743277074043e-09,2.0837947886282513,5.638444744891187e-11,1.164559696632952e-10
N20003345,3.733518013974141,40.88485866783407,2.241377434800202,50.31441078615549,1.2552465704328897,3.537653483173967e-11,3.4030805088176274e-11,5.600156349291948e-10,1.5705885260409285,7.130291575865556e-11,6.15456585700444e-11
N20003346,7.525995601959741,29.761644642115893,1.2667190446397887,57.123131747734824,2.887129021156906,4.393501577601992e-11,2.117783711073692e-11,1.48273132684932e-09,1.4353799407317338,1.607105956725341e-11,9.7181307130156e-11
N20003347,51.77058176381482,0.36809464060137076,7.493894504146821,8.233480860670106,29.64312366414163,3.0796811184380294e-10,0.9304179896228609,5.456309110262302e-11,2.87619665138284e-10,2.590304677121353e-10,1.5604065760932069
N20003348,33.220978318186106,0.3911666305111917,10.544961765148434,9.601394154371674,40.18442925740632,6.615638724636685e-11,5.086338041794044,1.94141957121398e-10,2.8655414146687934e-10,2.3500401001199266e-10,0.9707318318003819
N20003349,39.19783714530406,0.22806366408041323,8.02045670453533,3.2987713082218444,42.56176565744047,1.2986624747716492e-10,2.9428288165078564,6.30056920070799e-10,6.341637647912025e-10,3.995762667318214e-10,3.750276702116362
N20003350,55.41942898330623,0.6239330446868877,5.86327483291445,3.187890974681498,28.043193465812834,3.232650241994467e-10,1.4392282996409844,5.275978581110782e-10,4.223501024286905e-10,1.4360874312958758e-10,5.4230503975402815
N20003351,18.74672739012189,0.010805045853582777,1.9091344641342645,0.7642892868175709,57.31722140994873,2.92327656644569e-10,13.798383187603688,1.271013883933179e-09,8.401582849287039e-10,1.3860227418666731e-08,7.4534391992565645
N20003352,35.78300128110376,1.784178172880158,21.87603573025136,24.3620108016434,14.111106429637468,2.4393227815561815e-10,0.4730046010758592,2.92416160337955e-10,4.103426764991425e-10,7.523273288859573e-11,1.6106629823860839
N20003353,60.848679201955036,1.3609497596243372,7.681921848399785,7.768132250687939,16.05531111946513,2.105373588523592e-10,1.0468819755899297,2.1871829389295263e-09,6.31470167063871e-10,5.565133404591063e-10,5.238123840692136
N20003354,25.753355760514413,0.23273805802439645,35.374476506651895,4.725334915815764,25.132246318174516,2.666366421426515e-10,2.9635563261930007,1.0512448380847208e-09,6.340992612594008e-10,1.7202991990475775e-09,5.81829211095375
N20003355,34.868047302879326,0.1624642560560034,22.528900371235625,12.803632310765911,26.98746269184665,8.610275478478845e-11,1.1408666810088917,1.820309975956228e-10,3.860504391673021e-10,4.265179779318473e-10,1.5086263851268802
N20003356,16.131155277888766,0.009574429716320677,1.1119158196812082,1.2174719539099097,69.80709574652951,1.75178984966e-09,11.089013149610619,3.779599907913579e-11,1.6313732398701797e-10,1.586256975873382e-10,0.6337736205523099
N20003357,43.98131656821995,3.145334007095408,17.71471666226823,20.203005401512204,12.323416857486475,8.897577580466455e-11,0.9525897922806049,6.898546187578665e-10,5.841897046129027e-10,3.685213693990549e-10,1.6796207094055775
N20003358,34.435792027908455,0.06950763015395772,3.001596318870423,2.963345867910532,53.68021242505975,4.64644693032724e-10,2.764525672249013,1.8276840841299258e-10,3.4157823639026915e-10,5.01033859869963e-10,3.0850200563578527
N20003359,48.57419180890863,0.7877556350952896,15.772457416396483,9.700806599637911,21.04322707595111,7.315936161618896e-10,0.9023186175843495,2.724799075555791e-10,4.1922055416116024e-10,2.1564022594017582e-10,3.219242844787297
N20003360,33.00589677991343,0.8321964008091919,13.59286037134877,37.65843370298568,10.98469189721236,1.1804535427895988e-10,2.7133330892698546,5.202263245253834e-10,5.416148842898782e-10,1.7716489723802911e-09,1.2125877555091868
N20003361,29.67638596502651,0.14080123395327776,7.378288036123233,9.119332001650417,48.12959523160546,4.671033018333907e-10,3.4417821591630045,1.464556453889045e-10,4.0165532960114847e-10,4.998580867785898e-10,2.1138153709630307
N20003362,62.55128509207994,0.7237048176726602,11.191404572747544,4.222672785729507,16.26473333761406,5.532408826240201e-10,0.4663357250435093,8.85901088147155e-11,2.2348869223769305e-10,1.085317406126844e-10,4.579863668138928
N20003363,37.47892537522613,0.13994075126437408,3.1055800526539845,3.9391978797076987,53.000552649049105,2.0128337784030573e-10,0.7983858182038204,7.233178780434927e-11,2.079987066478958e-10,7.760393177323301e-11,1.5374174733356722
N20003364,62.971606144357374,11.739841128157808,7.364158444337749,3.0806911162417454,5.835874795052647,1.6242603840050715e-10,0.7263652873590081,9.495698577574342e-10,4.1145287899089737e-10,7.986818731165889e-11,8.281463082890347
N20003365,39.9272796171122,1.3876212088495457,15.537921838118853,6.31689400219932,32.128063282115214,2.0563463719482603e-10,1.197813998104001,1.0639143585283165e-10,3.285289954647532e-10,1.5377959546224092e-10,3.5044060527065373
N20003366,60.43488772619268,0.5612316692259557,3.8435043083204534,0.6706114924678376,30.008779816351765,3.5297761260316526e-10,1.0898460530413427,5.651607830885004e-11,1.3374032581130647e-10,2.6886797991741716e-11,3.3911389338298674
N20003367,35.49169277908404,2.40717063743039,10.18562421480929,29.333996532299107,15.088081929988073,1.7449486596009323e-10,3.9440177879878213,6.504271855575173e-10,4.712949184755832e-10,2.1246269929122047e-09,3.5494161149804526
N20003368,70.64079653562403,2.976188316479257,2.4974708081749912,4.25480688631752,11.799369948267213,2.6974010571711787e-10,1.6884671141643,1.4761985986898234e-09,4.208165526080757e-10,1.288727306444758e-10,6.142900388677052
N20003369,75.98877156294533,3.6524280622066465,2.716565596187058,2.363549663443425,6.2449395525551115,2.510623043289507e-10,0.41477735904343443,1.2193512350027681e-09,3.1224167539307123e-10,1.1569064028617176e-10,8.618968201720648
N20003370,46.85607862206816,0.45477403666129196,23.541937216156686,4.410773678609035,21.356747890671063,2.5984738470273395e-10,0.8291600855436806,5.921890074051033e-10,4.0980511653555256e-10,2.8993673637104175e-10,2.5505284687383325
N20003371,20.590989069170718,5.035609430871546,10.734540980066024,15.519324904757159,45.5503704024762,1.1730001539751922e-09,2.4417382622799054e-10,2.72912743728364e-10,2.569165210593513,1.0023149648763149e-10,2.7451963745536025e-10
N20003372,39.83243323148188,3.410546261005866,1.5770130531394415,31.147818967868346,17.306041626878113,1.1613390425774115e-10,2.2927468298690163,3.7524870206190497e-10,3.6664991575562107e-10,1.4471900128878628e-10,4.433400028754594
N20003373,54.51689690436954,2.6865121915146353,8.44378796976243,7.969861930612325,23.766432263334906,1.312420666344521e-10,0.8044035333442116,3.499555140061616e-10,3.321647365090477e-10,2.354489245196575e-11,1.8121052062250607
N20003374,40.231477843955474,15.361939721482024,12.355830561577182,22.699969468036326,3.93915873854094,1.701744837979124e-10,1.1937763877687724,1.4523250685251605e-10,1.7484025459980388e-10,1.0826115012916599e-10,4.217847278040776
N20003375,19.565439540518636,0.32394683293430154,0.5882970793745906,0.18841611292548877,58.18529614890414,8.064543655473344e-11,12.855894528357101,1.6917262132647514e-11,1.4645790120007346e-10,1.7839923769401268e-09,8.29270975495773
N20003376,62.433541784443456,2.2220122296516447,3.783624054984877,2.6090896409081523,16.380566664696303,2.2615026962232459e-10,1.7100870338801537,2.144865584791542e-09,5.954535265510768e-10,2.666659976351921e-10,10.86107858820229
N20003377,46.3422224994,1.7084462582639932,0.6102645719837725,0.7724674934717906,38.79309288161825,3.0330720400607634e-10,1.8429153594446805,8.524321507099455e-10,3.0187974777617395e-10,2.6749659685771778e-11,9.930590934333148
N20003378,64.52691138854712,1.4783601507473618,1.1763111874122272,2.247274756941731,24.751838803521004,1.7217911790832338e-10,1.0498753902057267,2.9802264161398964e-10,2.50214082188268e-10,3.316783986388682e-11,4.769428321871253
N20003379,74.96241587114774,9.359729529255194,0.4837861654249536,2.767476025308462,5.087982934678215,3.1508376265467577e-10,1.3085267613218856,1.696668325212692e-09,3.468300978813658e-10,8.545317262214528e-11,6.030082710419523
N20003380,56.800846039362604,7.574974557510012,2.8251164901174994,19.767000214359122,7.580487492245975,1.1448906700321247e-10,1.81646392016428,9.430631960757318e-10,4.743481166061674e-10,4.3467737983737097e-10,3.6351112842739175
N20003381,32.53490610835277,0.49837651622392987,7.741938658599201,1.7425228412687326,48.80694945525176,2.774412127051861e-10,2.5772148870185982,3.1384130267042313e-10,3.559418539923597e-10,1.8556286779259413e-10,6.098091532152228
N20003382,48.61651275209596,1.005519271176796,2.03252542382334,1.354925854719994,35.73263127370129,3.324787397436683e-10,3.117794711900209,1.9632275078804527e-10,4.0503059867278796e-10,3.0492689765759733e-10,8.140090711343682
N20003383,25.78721817780511,15.77126836433331,12.250805790055422,7.849510569425834,34.74904878294039,1.7630570276923433e-10,2.3289345419425975e-10,2.9009497812386554e-10,3.592148313730168,2.5574092589306686e-10,7.547522592932127e-10
N20003384,14.78078723521537,47.21207344786148,4.3127280222021644,21.822185088041827,10.16405422313734,9.311717882828978e-11,9.035765735920276e-11,6.513384966316173e-10,1.7081719823745647,4.7881143662329767e-11,2.8455930610226604e-10
N20003385,46.64577828565066,2.0176513092657973,9.570239636473008,4.5507742361183885,33.00038646175324,1.7861721347304656e-10,0.9575318160495212,4.044733476900063e-10,3.948341674549153e-10,2.8929558315439017e-11,3.257638253682551
N20003386,55.48789186205033,1.687954502812767,12.556653813877706,11.77209173429904,16.242192968503723,1.5174409900863737e-10,0.3756670500906002,2.364653072308812e-10,2.7710885546492586e-10,4.2843953686556643e-11,1.8775480676576786
N20003387,40.26767126215947,0.13991627845314988,5.173354305251414,2.047568774917896,46.484232763769846,3.802613632965221e-10,3.267846290366503,1.470930347506807e-10,4.621889289314839e-10,5.776976283132839e-10,2.6194103235144786
N20003388,24.299319223888748,50.1034025598906,4.582391474020765,9.590015891184061,9.831423473692537,2.553197571258172e-10,4.2017447331023374e-11,2.9373613267437484e-10,1.593447376353466,1.4184785494987544e-11,3.6456555211580573e-10
N20003389,55.60535650450036,1.5621973231612911,8.452984513016636,1.0575827851143174,24.807066697024986,9.782495837172241e-10,2.4930221557992307,2.7614043170438724e-10,4.4623300644868294e-10,1.1563454046016409e-10,6.021790019566916
N20003390,15.010849667783468,10.45944703603151,15.811465547958184,46.72100459844437,8.760741755921474,7.65281635101761e-11,4.8739090440604186e-11,1.1107520747679264e-09,3.236491392481499,8.769192759473784e-11,5.578164090575357e-11
N20003391,14.799858934906515,9.179637512570254,3.8267777530250187,9.315449124094801,60.274199748237024,2.785374473326851e-10,4.647454872845903e-10,8.687300080176535e-11,2.604076925613323,2.6095399890585553e-10,4.619532498409251e-10
N20003392,12.532392788696347,11.014178358922749,15.789353834422235,30.796839981644546,26.531828045296884,1.7353682141932468e-10,2.353828384209672e-10,2.937017511954194e-10,3.335406989558519,5.63569271597508e-10,1.925179056049467e-10
N20003393,11.159480190807688,15.65352808442388,3.3552135272885524,52.97680044054766,15.067106366941674,2.3197221393983913e-10,1.0892785677800556e-10,1.2334405833346273e-10,1.7878713893798752,7.883762890340215e-11,6.757045782506333e-11
N20003394,11.156004232620424,22.843468048939968,4.851724988652178,52.87802905866384,6.0305787942081395,9.13182506448801e-11,3.375526314828624e-11,6.380873882703073e-10,2.240194876028186,5.6907622158415864e-11,6.717958544815836e-11
N20003395,14.309588598235543,22.853951919308297,12.276417377261794,33.21159975496835,15.338049513705224,1.650303966964626e-10,1.0005180525675758e-10,1.7166912878978595e-10,2.010392835742706,1.9310585039925872e-10,1.4821499661267938e-10
N20003396,8.397271295918092,16.08533380411065,9.461638328438115,55.13835401125896,9.017901541576915,7.601824174290973e-11,1.0235091243655494e-10,1.9366710746753213e-10,1.8995010179054916,2.833064507858519e-10,1.364287749007685e-10
N20003397,17.427093613346027,23.602277387544163,3.5420410432521443,13.443966075540825,38.16716772936575,3.252702527260568e-10,6.582012506802283e-10,4.6089971648806194e-10,3.8174541477308526,4.708486347493656e-10,1.3049932479065693e-09
N20003398,12.322145670847497,8.023780080624801,7.86549560314099,41.53064347232801,27.271070427893456,9.10627747887676e-11,5.3462873042980175e-11,8.053359599527024e-10,2.986864744040056,4.145967090759668e-11,1.3387338652491083e-10
N20003399,15.274462003151342,1.7288072824836642,9.905978866965462,36.40363545328408,32.69119399970789,1.0491053464357219e-10,2.1070321828341784e-10,4.734498469431626e-10,3.995922392847659,5.970352270842942e-10,1.7379896948682472e-10
N20003400,8.05040115950364,5.1679813326853665,9.913347782005006,23.768894256012143,47.30618438374379,3.5070308285732343e-10,7.016298723177582e-10,1.6443402411983975e-09,5.793191082370792,5.094622776645061e-10,4.731417114292453e-10
N20003401,19.39287656158258,57.15316411713805,6.922748267522895,7.755369699919293,7.536046198878574,1.1655569869054676e-10,3.4185301705340594e-11,1.47976851665406e-10,1.2397951544365384,1.568018047735192e-11,2.0768417633202837e-10
N20003402,12.706951536526558,5.687232717213183,7.066777007470387,24.3184332196795,46.55869201183266,2.350231244418568e-10,2.904310786986444e-10,1.6059318834369538e-09,3.661913504826117,8.513333121247006e-11,2.350572145873659e-10
N20003403,12.452822388800593,71.82025934443908,0.4144607316410033,10.635015605898584,3.337893812314464,7.58542284149234e-11,5.9371973530785e-11,8.246884530729963e-10,1.3395481156780076,2.3520151808168028e-11,2.448465185252373e-10
N20003404,13.371660093604627,72.91449096755169,2.985733205297706,9.192383960953112,1.04223075115769,5.917469597099929e-11,2.382992543009954e-11,8.476639338150123e-11,0.4935010211583634,1.1199931547397045e-11,9.7856142870825e-11
N20003405,12.41774837819173,15.237625481694522,20.17076748043387,14.585033949674608,34.28642118912978,2.780831654147208e-10,2.193650775576616e-10,5.173018108598766e-10,3.3024035192522616,1.1775216600159054e-10,4.907218433896349e-10
N20003406,10.887829598539293,85.7448531839319,0.5056870807559379,1.0246063399614405,1.3621663306644918,4.962654881534845e-11,4.645955923702918e-11,1.0074920893891963e-10,0.4748574655726927,2.1685466066498944e-11,3.5572955418739654e-10
N20003407,18.855789325030084,64.33001404090335,2.3606060806698714,4.541393166886607,7.280171906070776,2.429148024656973e-10,2.618333437690979e-10,1.1652610369426539e-09,2.6320254775526566,5.3228645202994297e-11,1.1634045927104141e-09
N20003408,36.29844714015855,45.92071492689398,0.8290415271737764,4.197908064756716,10.978940964525284,1.4147628040234242e-10,3.42616068111058e-10,2.302485551096871e-10,1.7749473733217533,2.042178232617942e-10,2.251357135398642e-09
N20003409,7.756280440193765,54.21904586546097,2.6368762551073113,27.921681918970208,4.795961796084972,2.9163145205288035e-11,4.290018062781492e-10,3.278724807978889e-09,2.670153719969345,3.1629855468924707e-10,1.6022634796357038e-10
N20003410,12.757081547659205,71.90593885324733,0.8154815517020787,9.818034120635291,3.891846365049409,5.652383484000175e-11,8.893424692809265e-11,3.722559787224411e-10,0.8116175609267198,1.947042174090725e-11,2.4277736282351427e-10
N20003411,17.37792182279561,26.79153737077382,7.325641211381213,42.05345108400239,4.842978006399627,2.8993044849658972e-11,2.1825673247050438e-11,4.369186745674939e-10,1.6084705040491414,3.2571393099442244e-11,7.789210084638587e-11
N20003412,23.928777936210615,27.69523926649447,9.059101324264455,27.46939039746682,9.023949626225747,1.2251825415811337e-10,2.6595242753327298e-11,1.0403235850839288e-09,2.8235414480561727,1.5235229319225745e-11,7.703324245251736e-11
N20003413,13.398029686960358,59.10624971987026,1.0694866487404242,21.658627649110258,3.4662795650428957,5.43842479725508e-11,5.7216524711924116e-11,6.998841507790582e-10,1.3013267292560051,5.566713591494118e-11,1.526418827657197e-10
N20003414,9.780952794312988,35.02881297277232,8.94466093486544,38.63884099903028,5.3785257721799855,9.548299789978252e-11,9.897148025063801e-11,4.75908987076518e-10,2.2282065259529125,1.3232018474693302e-10,8.338506969836255e-11
N20003415,15.127610809073403,38.71665164902792,2.0006069565286633,37.698313344671455,5.023092951750616,4.2045929820985297e-11,6.940327117654024e-11,1.5336046966251912e-09,1.4337242870692763,6.92781365835564e-11,1.643393362169043e-10
N20003416,6.973815933800309,89.4182278935543,0.1274709409678011,1.9482293934331283,0.5844047435462305,2.632215904036864e-11,2.5266730539752533e-11,1.103466167540845e-09,0.9478510932323319,3.560762577650739e-11,2.752260704148944e-10
N20003417,10.239270765996181,74.085200237499,0.7661374843350726,12.072464985563064,1.485553802997026,4.0368923973953425e-11,1.9792973750122965e-11,1.5079085056993335e-09,1.3513727218721303,2.9868791984708994e-11,1.3957931572853151e-10
N20003418,1.77665811185501,39.083352218384846,4.701133330913359,53.22749417091166,0.8051298212446517,7.464277061243323e-12,8.152159368049116e-12,2.316356180248796e-10,0.4062323464239186,7.1422168396914264e-12,1.2155278617621669e-11
N20003419,10.684637715858395,73.1560652258422,0.21619239064684426,14.048368206668597,0.9584270735806543,3.011302984932899e-11,1.3658638901120336e-11,1.292009699940774e-09,0.936309385876934,2.7335508155579304e-11,1.6324429571714026e-10
N20003420,14.607790713324075,52.75057046735825,2.997247898192451,21.472755392141245,6.825889357254512,1.2796524862186595e-10,3.734799962685554e-11,1.0165548613457595e-10,1.3457461712551677,2.7702111933712902e-11,1.7962894172175542e-10
N20003421,16.673918156229345,23.704805329414413,11.307809632661144,25.7152485675132,19.72036092007196,1.1929271287928265e-10,7.501565422585067e-11,8.450613894009781e-10,2.8778573928217788,5.495848655091859e-11,1.9384308286938674e-10
N20003422,19.674142670521626,19.631695503634937,7.078562415723283,31.937750923574654,17.74258176205099,6.366006564328766e-10,1.2581914363674077e-10,5.273844352727408e-10,3.935266722658269,1.746218329528149e-10,3.717998334778024e-10
N20003423,13.606577547024134,28.155658083228808,6.408095200335917,41.82114802501538,8.459908507420494,9.224912336266519e-11,4.0414068732729675e-11,7.498522313910621e-11,1.5486126365985737,6.049117365167304e-11,1.0854213095332162e-10
N20003424,10.15624329099718,19.11020666931387,6.250342950514609,29.961684779965086,31.7294860129333,1.4344743957318853e-10,1.5057705263189823e-10,1.0303952686470658e-10,2.792036295451036,9.576592460806486e-11,3.320901619989709e-10
N20003425,15.76286734406254,57.02104016179307,1.553313993792418,22.09642104029079,2.6684261190059693,8.322920946891217e-11,1.1774099396815154e-11,3.1909290417703997e-10,0.8979313405192113,9.077721839623049e-12,1.1282430589170408e-10
N20003426,16.8138621112876,39.50237261782519,0.5703406938453386,37.34198373066949,2.8546529352493604,1.5663669016812981e-10,4.2798747298218325e-11,5.8340409085215205e-09,2.91678790484565,4.7218759428700195e-11,1.9667176924774665e-10
N20003427,19.342550910851934,23.959247159221007,0.6931231625027656,27.46935122365683,20.13113996898562,9.146558398120797e-11,1.7709563297453577e-09,2.167351543259134e-09,8.404587560993594,7.931894098730784e-09,1.8265849301509253e-09
N20003428,25.39720285989771,36.482703341394334,2.3125166779027144,12.451194704017013,18.139861069475394,2.443446486528269e-10,6.508244263186163e-10,1.6314633096344998e-09,5.21652134257072,1.1259292968011923e-09,1.0895612856423636e-09
N20003429,10.07071662759384,32.753398274580796,4.8676575071382615,36.96128079949206,13.081861527438612,5.460440045709204e-10,1.1766151126701944e-10,2.3324047414488416e-10,2.2650852626093796,5.927718681301303e-11,1.9081911353026286e-10
N20003430,15.708636409125923,23.538920693019204,0.8407524399828327,31.40544893201137,24.6163056689692,2.2105846093501203e-10,4.3861099543189063e-10,1.223617975187611e-09,3.8899358544103446,1.2387076196472315e-10,4.739606383159033e-10
N20003431,11.756078541557475,46.75505544036885,1.0759638761596182,21.65566703354446,13.854669541024233,1.365826188357925e-10,2.935489621800419e-10,1.3124023993377527e-09,4.9025655646917725,3.700198130075573e-10,5.410358888545725e-10
N20003432,31.62961376282219,0.10003628835273201,17.17336141311053,0.5565862997185139,47.01429715394765,9.603491598501839e-11,0.5754888799698741,6.088114974518132e-11,1.1517420179834855e-10,2.0909247127798484e-11,2.9506162017855084
N20003433,38.423317678383206,0.07442521218060072,17.92033158397243,2.7202437421243433,37.6633302711873,7.793448684249317e-10,1.6324431820801684,3.781626974023575e-11,1.9684371306281515e-10,1.899293347011588e-10,1.565908328868022
N20003434,53.64563622586983,0.35484272270438844,7.49127543689424,1.0358910940806427,33.01867556786433,2.550018658441477e-10,1.0653845728086417,5.771192246515657e-10,2.7614249581028234e-10,5.6010353815263634e-11,3.3882943786136535
N20003435,42.62681775110094,0.2152543025694094,24.301706064500923,0.5174243015100022,30.35333032153973,8.80034291565561e-11,0.2834870534336291,1.0394896351042123e-10,1.2457168616088595e-10,6.866507603168311e-12,1.7019802050219837
N20003436,68.83069271430769,2.028012852204806,6.7661601920246035,1.193138514538241,13.888194680885563,5.651624805191386e-10,1.2442506497929255,8.10890331872705e-10,3.5500668025899877e-10,1.0212707920495041e-10,6.04955039441297
N20003437,27.383273311006434,0.12641000755156473,4.050009316252699,0.12449372016578455,56.24877672713182,4.998801036832924e-10,4.815747198609918,7.71763614776969e-11,1.8309352730394686e-10,1.6212667616196711e-10,7.251289718359491
N20003438,57.50748499688768,0.38857096119123297,8.10717042384695,0.47769112380898987,24.864794068163974,6.93961738827997e-10,2.010669164829722,4.206429899759332e-10,3.2331482357692786e-10,1.2671130495099e-10,6.643619259706808
N20003439,34.999795002254686,0.32792140320651875,27.90856578962439,1.4094166457900645,30.20519885993478,2.368793652160879e-10,0.5313984758336989,1.2681046634334416e-10,1.5857675894109492e-10,4.266078169083707e-11,4.617703822790932
N20003440,73.5032411744286,1.6453129156162525,0.40462217028258063,0.7141668639507706,8.835774522150567,2.699729747830597e-10,1.6594324558721014,1.9190625240678446e-09,2.6668653522053184e-10,1.2807998541909105e-10,13.237449895115331
N20003441,65.67839076038695,2.571033969140264,2.820121308605485,0.6494463282166644,12.492934060389313,3.494144527159073e-10,4.211232951168893,5.704530412223071e-10,3.2117270604148004e-10,6.992783785624868e-10,11.5768406201521
N20003442,4.789611793057406,0.003171188208954272,0.3178323956350584,0.1862277115940969,67.21579908193587,5.012188809572355e-10,25.924488192971417,5.239980839639933e-11,1.2521700316255398e-10,4.485976542692222e-10,1.562869635469791
N20003443,34.2402370412857,1.2161857098036406,4.742520246101949,1.2198300652819467,42.383071004499186,9.986343112221254e-11,7.379884116557889,2.722116322187392e-10,3.1186635982015496e-10,3.482179186440559e-10,8.81827181543751
N20003444,78.9939630851315,3.3492300948194433,1.9537111079391507,6.464382077320409,3.5642675503340993,1.4446005429424286e-10,0.7978292857275443,2.0574344851970137e-08,5.904863346538525e-10,1.4289716732775188e-10,4.8766167772756805
N20003445,65.38091259829336,0.8446599758392856,0.7426992252376244,0.9080671652630182,20.66725296308994,2.8540786125616964e-10,1.2806471402164394,2.4851381447914784e-09,2.71645013786971e-10,4.6827641236144474e-11,10.175760928971313
N20003446,71.8994846182087,2.7702548463369574,6.408396515882868,1.697250774048525,10.077601077592886,2.0111033268897062e-10,0.875622356871514,1.1042798267142447e-09,2.931921839354201e-10,5.917277406591797e-11,6.27138980940079
N20003447,38.38175731767869,0.10880161392526043,3.137061990392345,1.7415505507089633,51.568742528704384,1.106905370435304e-10,1.461251216349101,3.574612524157168e-10,2.853736827373884e-10,8.932625548462179e-11,3.6008347813984085
N20003448,26.962188244090772,0.17934734022517876,43.7829467113646,5.538469688422782,21.184882130287917,1.3018736715019018e-10,0.9010190460018558,1.9583133617497779e-10,2.166048620806707e-10,1.835038208228468e-10,1.4511468388807751
N20003449,61.36690811964769,0.6263105415573382,3.699406574004602,1.3169430421625532,23.199605012148968,1.224950172435556e-10,1.4381894698803241,3.6465870005487166e-10,2.257450390593093e-10,5.058962574655313e-11,8.352637239835046
N20003450,60.59133813940654,1.7102659693839777,4.209588341742161,1.1227910823535299,18.9508049668854,6.508806928627151e-10,2.8742819380468134,9.986170449565802e-10,3.256550024359947e-10,1.1693861182258275e-10,10.5409295600895
N20003451,28.608008198368314,0.06892781308595176,5.83712212567283,0.3776970212844037,56.78919310618801,1.6777196413208516e-10,3.1306356160059843,1.2825827768618717e-10,1.7877246889471807e-10,2.6964039436173008e-11,5.188416118892763
N20003452,37.71313382007324,0.15173653417678384,9.524041635679238,1.9822340527483435,46.20889486739894,2.877073771376004e-10,1.0066495951734018,1.99402135756736e-10,2.492134328486522e-10,1.3136491758068155e-10,3.413309493882365
N20003453,20.048136273491345,0.010865414521120708,7.688287660739757,2.7380904116484195,65.04100192590558,2.708190729309596e-10,1.9669170974663455,1.5965556944102578e-10,2.8510736332924655e-10,4.791281748505509e-10,2.506701215032729
N20003454,35.44523684228081,0.0326791995163922,14.577135121781263,0.9046499727309811,45.53209036409393,8.721691371172401e-11,1.3804956574767526,1.1934315259020752e-10,2.463828191007646e-10,2.2077485150878718e-10,2.127712841446127
N20003455,43.390144856307636,0.034578232727765175,19.716250628793297,3.101891762433664,32.90864688440466,5.003183884570299e-11,0.34978045935846036,1.1043493356935935e-10,2.1535524696064e-10,5.109913706737111e-11,0.4987071755475839
N20003456,46.40394050422811,0.3414041073517963,6.747017371843612,10.111835787049875,32.15257360548713,6.086031465777119e-10,2.0555433320820473,2.4510935968628497e-10,4.980073437198196e-10,4.703020928024582e-10,2.1876852901354145
N20003457,48.12166103846945,0.2685199466731449,11.00006760218762,2.9172550516713707,33.309887893835025,4.4991915732955696e-10,1.4555282412573594,1.9826011496796016e-10,3.649264268278917e-10,2.4197146790429684e-10,2.9270802246509713
N20003458,61.45653588620189,0.2548668258302539,12.521569276694466,1.9467540163426433,20.224709770030547,1.3268029952340735e-09,0.7952347674574343,7.764308543338738e-11,2.8239138579410074e-10,1.7457079121667057e-10,2.8003294555813434
N20003459,20.34872308288612,0.15214956433636675,2.47367085009202,1.549810594219941,69.98517362520053,2.9868042705432164e-10,2.1815590691259636,1.1240211405222951e-10,2.380044908938674e-10,8.382708428559216e-11,3.3089132134061248
N20003460,40.790948026691986,0.16125172847153854,25.26425961610328,2.2744842501712985,28.486111097654014,1.8600803372986114e-10,0.8019564475102116,3.5435290686648966e-10,3.221212242638917e-10,1.2926525125726332e-10,2.220988832405926
N20003461,42.68387312210688,0.2936039436834501,18.359057460390098,3.083561511868721,31.293597826657304,5.097907667016652e-10,1.0914290186935947,1.2657824189509912e-10,3.064622952896477e-10,1.2122447344847604e-10,3.194877115535915
N20003462,31.027564757703697,0.555787561934264,46.2222866489461,10.284521233787828,11.304141768017066,8.930937374815604e-11,0.05363677289927273,1.1903610956003775e-10,1.1204304229338717e-10,9.722407730122543e-12,0.5520612563816597
N20003463,38.748641220127396,0.17968864300095408,10.613996111126337,1.5160051494144269,44.920919561475806,3.290640746683868e-10,1.023938243990149,2.1689202502440735e-10,2.1595141031159812e-10,6.313516466112886e-11,2.996811070039872
N20003464,38.01232315014757,0.0939113814537094,15.149113048255005,3.1997856212752502,40.523899483972144,8.763901613616977e-11,0.46928020200339765,1.0011610356920267e-10,1.7128800995277606e-10,5.5892173176579384e-11,2.551687112477991
N20003465,66.61542920441347,4.567563324019887,8.182892826780016,6.489888160025993,9.074336480041488,3.248202298453438e-10,0.9291107730662357,1.2028552442708229e-09,3.3009623513257876e-10,6.33771039714379e-11,4.140779229731752
N20003466,29.479148936611693,0.2849541145608934,30.530882513424533,2.1581047167683423,34.90528311945923,1.053689052056049e-10,0.3471254340118627,1.7973762970918372e-10,1.7848793063219225e-10,1.825535290644618e-11,2.294501164681599
N20003467,36.91429114645276,0.09098611919731048,13.329791606187111,3.0617778533834556,43.176990788237546,4.907442582462241e-10,1.7399947850685629,1.0018335870535079e-10,2.953368428574176e-10,2.0756365480885332e-10,1.6861677003794397
N20003468,56.871824634712276,0.1716982127344313,21.107227867626413,2.6186914850899625,18.643089201978963,4.4223364362602e-11,0.10731651261697965,1.8511884391839905e-10,1.4509495571388575e-10,4.2791188354935145e-12,0.48015208486225414
N20003469,16.00750679417355,0.06561369366041528,2.106467151252249,3.408852833752901,68.09423170891162,3.438559000653747e-11,8.095131873774635,1.007088549512446e-10,2.4590845473934146e-10,2.109101860525398e-09,2.2221959419845128
N20003470,50.11484145819058,0.2023447768915874,24.36135136504144,3.6105640519816613,20.00220346419468,1.7056503354102522e-10,0.3550827972014725,9.827131294750226e-11,2.439237119575401e-10,5.708005050575062e-11,1.35361208592872
N20003471,56.058494760375496,0.45092203229696465,11.27213932803782,3.285385111983804,25.459293332005434,9.320258008170094e-10,0.7322498262131708,1.120058567299772e-10,3.533564710424936e-10,9.943320865635252e-11,2.7415156075904874
N20003472,53.67378183981781,0.8672980529131395,4.666555242365451,6.499049093509507,25.787068790965662,7.919010766640524e-10,3.8148733724996586,1.6998658083140638e-09,6.47973397418635e-10,6.213107477777755e-10,4.691373604167715
N20003473,24.46969535162145,0.0386293607938441,5.377409465331871,1.7658265329509897,62.15727041414222,1.4553032554764673e-10,3.935026428013497,1.2751234166078295e-10,3.4447218406823286e-10,6.432401051850307e-10,2.2561424458853643
N20003474,35.93018359867434,0.051188022413047096,14.1648318152581,3.324018355127276,43.04974647560617,1.653885064736905e-10,1.0573651424895283,1.7428701360072286e-10,3.2418427194053776e-10,3.800601878499812e-10,2.4226665893876365
N20003475,43.79556149161342,0.10663492716604676,19.10069215984956,3.743665245120443,30.108497650807188,2.9216142871823004e-10,0.7829926747022196,1.4155734136439e-10,3.3246851076244713e-10,2.925584860026906e-10,2.361955849682384
N20003476,26.44337531695491,0.15063339429140693,12.132703917986637,1.080569829590392,54.392537197762536,2.8608596973925854e-10,1.670183026003823,2.392941572206182e-10,2.571517718697776e-10,9.267461613047699e-11,4.1299973165351
N20003477,34.96006820356847,0.1809591227138652,34.018409231204394,6.995399065388636,22.310741347160494,4.3380996292248445e-11,0.4437524164527847,3.6670890257376465e-10,2.357972405583738e-10,1.1523221476902513e-10,1.0906706127502406
N20003478,28.657124514087222,0.010789815639932698,6.981312136335499,1.5566484694233267,56.915317220370234,1.6775236411949705e-10,3.8345251573587493,1.46313859319372e-10,3.541383108908729e-10,1.7980342226756917e-09,2.0442826843188078
N20003479,32.89914979808582,0.13488187656822606,2.4658608660494648,0.5092309147715086,48.25089046667222,2.83551555980673e-10,4.427096311070893,2.653210507202947e-10,2.2465589662096856e-10,3.2424609843931066e-10,11.312889765684082
N20003480,50.42785502079771,0.16682952007678714,20.885109315811132,1.0141882496503603,25.526189144155463,9.44511372915699e-11,0.22824220051497146,2.6423654974143404e-10,1.7414918756495088e-10,1.06687174083095e-11,1.751586548450065
N20003481,27.623508742065383,0.10428956810562369,5.384518713996869,1.5027529703061717,59.90593656283117,2.6259472917469367e-10,2.589346768114327,2.999148103217507e-10,2.783852027418133e-10,1.4575528419223896e-10,2.8896466735937794
N20003482,31.135249907259272,0.06885700105285247,12.81044621702396,0.16712550393582618,52.38475637133473,1.7364798905294906e-10,1.3251983617517946,6.110028684532491e-11,1.5321089224846578e-10,2.4862971700791003e-11,2.108366637228732
N20003483,38.09839113956947,0.051731811047298286,9.285172574252453,0.4271900885213754,48.641430740779725,2.3761988515027954e-10,1.5157654874383168,1.3443169740147318e-10,2.2336807500764778e-10,7.188910233681106e-11,1.9803181577240485
N20003484,42.60274668098474,0.18265572379563,30.76875535118039,3.592492527292028,21.959573648528615,7.209915029221832e-11,0.16238775975647787,1.0452722218286385e-10,1.1937663223350797e-10,1.2167314952258469e-11,0.7313883081539576
N20003485,87.18666072384083,1.2599300545467897,0.7347043501030828,0.37048207443571857,5.1681518924925305,6.411844238519287e-11,0.16401833764889867,8.564030089812628e-10,1.41309624186494e-10,1.1564900172851197e-11,5.11605256585874
N20003486,79.68247445402277,1.568209680349377,0.5801762730196528,0.6295431731055906,8.465901332543377,3.512086186789111e-10,0.7993298898168419,1.9332758885605828e-09,3.4194799231166865e-10,5.36780523583178e-11,8.274365194462279
N20003487,13.433036448906172,0.024454708711632175,1.6530928786816612,0.10207495112122705,74.72531777842626,1.1545782625831825e-10,4.767174134020716,4.975815799602776e-11,1.407024865207059e-10,2.566595149144782e-10,5.294849099569744
N20003488,41.26710806520026,0.9861537284202223,40.586368851445684,6.908338947114522,9.220142746781708,4.8761339978535335e-11,0.24504135559561355,2.4078365073789876e-10,1.4589223512770348e-10,3.691425392476952e-11,0.7868463049696369
N20003489,44.6983485187848,0.05201120120156667,10.356099301903942,1.1688274498557325,42.20456257754372,4.545625167822088e-11,0.3711767894355579,3.7624784656410267e-10,1.695459937704781e-10,9.758976410316622e-12,1.1489741606736674
N20003490,28.684190596358185,0.5224735410474296,13.850892050343766,0.46657178073192296,39.7914371177832,1.7559790170482805e-10,7.848911993808888,1.6058024766911156e-10,2.803549332410401e-10,7.777727722366104e-10,8.835522918532309
N20003491,45.72646146574077,1.971134043883026,24.738098263510473,3.4311273239537767,19.939325133038416,1.8279344981111102e-10,0.8465372206812858,2.0192402063858582e-10,2.311945697793512e-10,8.462328118216707e-11,3.347316548491714
N20003492,33.28425938938,0.3560121911196909,24.131626084491486,1.4430325384249134,38.48633986362488,1.898991223784334e-10,0.5601182762763761,1.4137917880669917e-10,1.2231597962883013e-10,7.220782200414573e-12,1.7386116562218459
N20003493,77.9455058926756,2.5687792038471082,1.9114720153019904,2.6212609532559896,8.778262408747024,2.2415082039139494e-10,0.70158246345932,1.5446946564085011e-09,3.7095429864073874e-10,5.4776752463691314e-11,5.473137060518376
N20003494,35.311791248095744,0.0989320203750264,5.767173995386785,0.5296661078646865,48.39595685212682,2.1202212023063589e-10,5.809987157525726,2.0215243572977445e-10,3.7978176507931836e-10,9.032423889878832e-10,4.086492616927996
N20003495,72.59227286876228,1.322452678009525,2.754315757515998,8.033823701584339,8.387241239958334,7.186452964623348e-11,1.2637858791482406,7.000792024401538e-09,4.659182712221541e-10,3.890384561331316e-10,5.646107867093674
N20003496,42.224331078805655,0.17464189407645403,13.62408311811611,0.6867923289000641,38.745932894190894,2.548927121851018e-10,1.223217711654145,1.6892278659437344e-10,2.358786665371333e-10,9.764088173700332e-11,3.321000973499348
N20003497,51.61893890236956,0.4153580158907155,15.93412126158163,2.9357425848859173,25.98799013388237,2.239139041309674e-10,0.30282451573360075,1.7433610857352893e-10,2.1548222715772829e-10,4.742290022363677e-11,2.8050245849950697
N20003498,37.34633262134761,0.21784603928303897,15.145793743847769,0.7804885926605597,39.42293080446243,8.756629332686462e-11,1.0838316057234951,1.9508425582044084e-10,2.342165802286553e-10,6.64643453956582e-11,6.0027765920917755
N20003499,59.97263096139012,9.727899090727378,3.0575110546165605,3.87081554044438,10.055546057341521,8.7075905532786e-11,3.113865048887142,5.360108122188856e-10,2.3644338055493466e-10,1.6076803452032558e-10,10.201732245572599
N20003500,50.29834754481614,4.115032585950723,13.045308426058488,5.047869354691275,19.461937675808542,2.787272123765899e-10,1.354966938411567,3.1116297146834856e-10,1.8549986920140556e-10,3.227966597428641e-11,6.676537473455626
N20003501,39.044645146318565,0.4566719704649771,7.729764870274745,2.8627079978157024,39.79104478674498,1.0302701411115932e-09,4.640955731203075,2.743725668050913e-10,2.764993822806031e-10,2.324197146029536e-10,5.474209495364384
N20003502,59.65138240620226,0.8752514739111057,10.892728774731292,1.7081897859994304,21.210926287562867,1.1661083331438928e-10,1.4195758074392733,3.6057921172084665e-10,2.647059604227249e-10,1.5700255406814088e-10,4.241945463254872
N20003503,59.6248658305217,1.9436811582860196,1.0826307424691004,1.4004849296373996,21.279443596538755,1.8884945835978167e-10,2.3152653694344436,4.12128421471064e-10,2.7796501824909725e-10,1.3205201295483438e-10,12.35362837210159
N20003504,38.37084654862521,1.9265386762506893,3.2231988848729345,1.229061276780279,28.23465469152653,1.3846538916211353e-10,12.095279597984876,7.216851906485357e-10,3.369554982135997e-10,1.4087143830545546e-10,14.9204203226215
N20003505,80.60386675341633,0.7921175078798384,5.071932506140506,1.2658272570860856,8.732394982680455,1.0222577268519445e-10,0.356389473142736,4.32924241012921e-10,2.638031757830047e-10,1.3222142981219386e-10,3.1774715187228977
N20003506,74.8988608418703,4.489071022408111,4.785783417386217,3.5570867730914375,4.871842185059028,1.303273125035287e-10,0.5300450804743941,1.953565642930216e-09,2.5771055853844516e-10,8.651890231704127e-11,6.867310677282376
N20003507,32.68357717896205,0.4654324522477916,39.85069905066605,11.84376996429486,14.662823952460707,8.493743936647318e-11,0.07450103106593196,8.823897541504598e-11,8.460224400453037e-11,4.088906968551411e-12,0.4191963700407375
N20003508,33.78154557760372,0.015881504234022566,3.9023450853866897,0.3982247426517523,47.766265158457315,1.3645203072292559e-10,7.360466952018753,2.285627983615336e-10,4.3997166840363683e-10,8.143882188429401e-09,6.7752709706988865
N20003509,69.97834257686098,1.8794883244080562,1.0797118500017846,0.26421968182956906,12.615760150584613,9.587600793548015e-11,1.0002725236090926,1.743718039230623e-10,1.0915048333679781e-10,9.869752380985481e-12,13.182204892316626
N20003510,56.18380194059826,3.2054403538851437,0.2911690508349498,0.7412040347183848,3.502421934339412,7.383566386299159e-11,2.2801985917138516,3.9665288115843414e-09,2.660965973902704e-10,9.871251494708166e-10,33.79576408861642
N20003511,58.05629127213473,1.3293264084042906,19.413250299364705,2.7377185549780454,16.059617133467885,1.8665609155597733e-10,0.16501420465554784,2.381302218435341e-10,1.86750854888931e-10,1.1903860029037297e-11,2.2387821263713508
N20003512,66.61303961881778,2.4057876627279247,1.7514033978076586,0.2914538332316041,8.296287459546974,2.4675084663825947e-10,2.246047055186485,2.7671278845964344e-09,4.65830095657851e-10,4.777508430526868e-10,18.395980968724114
N20003513,57.7143849143665,2.3783742436605744,1.2984752824805437,0.9790695520484958,22.053330199650897,9.979351794380091e-11,5.616938560261171,5.684347124273674e-10,2.288991704525791e-10,2.4026945619947423e-10,9.95942724639443
N20003514,36.33438508706181,0.15561273524557495,5.072675249825113,0.5767611907147356,46.14720872061497,3.593411457624369e-10,3.055948219953095,3.404324379332274e-10,3.083713774220095e-10,4.1664731663522004e-10,8.6574087951599
N20003515,78.52922680946051,1.5921665629033985,0.8088114801009745,1.1617715694148072,8.650478273531466,2.4194821869926465e-10,0.7473200516615605,3.982370159890025e-09,2.985416479135057e-10,4.721486227038909e-11,8.510225248357202
N20003516,63.673947367766445,1.0227726517254752,1.1731411289097957,0.330487943850512,23.377929036681216,5.295465909206273e-10,1.3675639098735575,2.51724287738298e-10,2.0898868236430833e-10,3.011373113981667e-11,9.054157960172631
N20003517,65.29133847702492,3.7295285514495,2.065062696385539,1.7234212429930764,11.31769636792319,4.3895446446959887e-10,2.7693310515364837,9.946109204364865e-09,6.500793433355863e-10,2.0890068160078213e-10,13.103621601443239
N20003518,68.31657395100609,10.588781783789223,4.065817173234662,4.903776654056821,5.480715544025784,7.658399324396164e-11,1.1013527660137614,8.326469281936716e-10,2.5424257711197914e-10,7.794908505783248e-11,5.542982126632233
N20003519,44.40645699190692,0.36010337301222317,3.796265208823752,0.7292382012542432,43.17378976845659,9.143140557374684e-11,1.44138257903048,4.950611086094107e-10,2.425130133079161e-10,7.554104851279218e-11,6.09276387661124
N20003520,77.54827818536275,2.3152192433639356,1.266483669664581,1.0168680640720387,6.489562572189754,1.662097759819849e-10,0.879935892385936,5.3933568072734706e-09,3.8168105730460533e-10,8.684551347893785e-11,10.483652366932915
N20003521,68.92191115838806,4.404775870494112,5.44213052002576,4.079905881064392,7.048875773962793,8.213851441314909e-11,1.463426078390479,1.3261970489841491e-09,2.646198183451638e-10,3.800669208611185e-10,8.638974715621373
N20003522,36.664140316902674,2.30825010588433,11.391381316573982,0.49181203399386014,36.07322506114956,2.8741455247901133e-10,2.155175463312081,1.1319354078286943e-10,1.7738761962234337e-10,2.7835095241569212e-11,10.916015701577686
N20003523,31.822749996740345,0.07247676014261849,3.677741741486109,4.655095308039234,53.39654808462144,9.87632053242974e-10,3.7414482529617112,2.9516078792980045e-10,4.5838450638746285e-10,5.472585186737736e-10,2.633939853720108
N20003524,67.96650816275432,2.5191491889705224,5.47841539248034,0.7839367927919185,11.27276241158442,3.487188114083452e-10,1.903073235733092,1.9569466207140767e-09,3.802889549792288e-10,7.777897549993586e-11,10.076154812921677
N20003525,22.184800890349212,0.140264286692572,8.991465996892243,1.673885846866615,58.97927945525549,5.008271726191182e-10,2.1681758648735885,2.4355873211662854e-10,3.152972962372051e-10,9.297620946774715e-11,5.8621276579176245
N20003526,67.93715488032109,1.7195474034988556,2.000488940836597,0.7448957021582262,15.058813895502333,1.8458477639829627e-10,0.6264306840686743,5.385534837733284e-10,1.9487244732510565e-10,1.910609538634087e-11,11.912668492677117
N20003527,73.0901965119756,2.326875223056479,0.7852634526561535,5.112207040344808,8.08947620105024,1.9499831562659884e-10,2.3221156302797854,7.863912849090134e-09,4.981877407137611e-10,2.0060312562227906e-10,8.273865931879227
N20003528,24.506169395943804,0.2247904501934545,29.375247260326553,6.271738642674202,37.318472819113154,1.794392826434276e-10,0.5562625694705058,1.5305387207457717e-10,2.1054918067303967e-10,7.705981139573007e-11,1.7473188616582105
N20003529,65.51196528450149,5.2597697493847315,8.20533770723563,1.1527054907975403,11.857609986220062,2.139987221206238e-10,0.560549912636903,6.213629204818942e-11,1.0152870374039943e-10,8.814772335457566e-12,7.452061868837169
N20003530,23.669191441862548,0.06524398946536646,5.099737707478352,0.8552725321122417,68.05214929471282,1.6066664107661377e-10,1.0812834792262973,1.3823906564827652e-10,1.307035969586061e-10,1.8374473027032005e-11,1.1771215546944087
N20003531,39.631224629105304,1.0485223838368074,0.3961696210057865,0.11606389173489427,7.998182634153547,3.963039272238733e-10,8.282061109644351,2.313576411731e-09,2.357940899449798e-10,3.548360270361049e-10,42.5277757272188
N20003532,81.14688809399387,2.7029349113382555,0.4300629364375009,1.291541492060083,5.029312634217095,2.9662928458953314e-10,0.591204553070521,6.376575531012832e-09,3.916843739258795e-10,8.811404030370012e-11,8.808055371729704
N20003533,80.32298973622099,2.2808378214535496,1.1799706505166052,1.6953427830712988,5.065814637222886,1.942589835623675e-10,0.31015724219458096,3.1361377541188817e-09,3.102039754591353e-10,5.949448933075802e-11,9.144887125619988
N20003534,77.24035018298933,6.261930373043236,5.492384979912839,2.2702767062784805,3.0253630252237493,1.4135105888440175e-10,0.4476919145229172,2.1185892474861663e-09,2.583318082573587e-10,5.6465596928953474e-11,5.262002815454724
N20003535,57.054713210343714,0.1352524946173981,17.211874228062733,2.3231634575050806,18.744668882687396,1.486373761611455e-10,1.4060049102620744,3.8662693765406466e-10,3.772201781235665e-10,7.169234840685818e-10,3.124322814892189
N20003536,54.213225664955445,0.7201178869532692,23.804310160944674,2.0418349778424045,16.53429308877028,1.861158132168352e-10,0.29477874306379676,3.523983128727988e-10,2.1102002082895124e-10,3.209860347785946e-11,2.3914394766885017
N20003537,5.669318407484005,1.1812571293740105e-13,0.5124731673460327,3.837650717568613e-12,91.57954490484764,1.5711322991207743e-10,3.210821394918428e-10,2.544495626055189e-11,6.023094799715649e-10,1.2956023806550352e-09,2.238663517916821
N20003538,9.53983369378955,2.9509271195523796e-13,3.3524150803521877,8.353848454841813e-11,85.66138809711558,2.8627395810264914e-10,4.2905059962908303e-10,9.344552890937286e-11,1.103869062312969e-09,1.6825674010351887e-09,1.4463631250636384
N20003539,11.172997490120263,8.206828157858757e-13,3.124852696963213,7.998714037772085e-11,84.5825288382228,2.766476406192952e-10,1.6729968704628465e-10,5.971365639832652e-11,5.910786713097259e-10,7.509631666719539e-11,1.1196209734430929
N20003540,9.79254674530579,1.4751687031990729e-12,2.0740754072626775,3.0274795518821676e-11,83.59468695942712,1.758239322283825e-10,6.025802648958865e-10,3.231188617853967e-10,1.3320032529320301e-09,1.0997025110288663e-09,4.538690884439437
N20003541,17.049782742446922,1.0619763415214805e-12,3.258135482998986,5.598767540369864e-12,65.10062507449726,2.1570774475091447e-09,9.930253024964178e-10,3.335124404778416e-10,1.4690165404202732e-09,1.7545589077714953e-09,14.591456693342955
N20003542,21.55808391621622,1.5345155622994722e-12,11.428287742603057,5.404341477918983e-11,63.32992766389316,5.260547661156557e-10,1.832033630287537e-10,1.1401833850358316e-10,9.862103245468723e-10,9.396184509561036e-10,3.683700674482873
N20003543,5.660838130119243,6.092349085271139e-13,0.4866861853497364,1.5793094187939756e-12,86.004573646411,4.674654751797249e-10,7.621352376187117e-10,6.901988346806157e-11,5.227017212683513e-10,2.2694669479014745e-09,7.847902034027042
N20003544,9.047897797726396,5.699200583592455e-13,1.4838999481438016,3.1627554349377167e-12,86.4979345760602,7.811803797366482e-11,9.042459647148364e-11,1.8355623212869834e-11,4.986075926812162e-10,1.423386283143019e-10,2.9702676772380325
N20003545,25.6652055223171,1.2894022507884219e-12,4.64030076822902,1.1584773422982897e-10,64.1343519540696,2.9221920360668987e-10,1.3817458681069922e-10,4.380571638493007e-11,5.182784635670467e-10,7.715110475345193e-11,5.560141754197505
N20003546,45.64415268448071,2.094544798006256e-11,2.2089661360415853,1.483131229746399e-10,46.22078362316841,1.3570792317525584e-09,3.1993288050736406e-10,1.6564693744818127e-09,2.4353217893906273e-09,4.195611675657413e-10,5.92609754995168
N20003547,14.222076746993336,4.5188763819421845e-13,3.0841586711193725,5.732115933026804e-11,79.81400296239775,2.7069036662839923e-10,3.3489198332580704e-10,2.1523829081466675e-10,1.2819272320519042e-09,1.7573927117513359e-09,2.879761615571649
N20003548,20.28188774617061,1.1404562401636436e-12,2.259691510573053,8.100140804944288e-11,75.54710102995486,3.200364330487469e-10,1.1438851577673592e-10,4.677780278838643e-11,1.1493288497706295e-09,1.0273923821397158e-09,1.9113197105613964
N20003549,1.7204094870584923,2.40154663201008e-14,0.09052526389792546,1.2377777746330067e-10,97.60628570456,1.0326527887173123e-10,1.7507089232036575e-09,5.442401370997939e-11,7.134008771609433e-10,2.4298059436312323e-09,0.5827795393081894
N20003550,3.9534844324083926,3.329968349708886e-14,0.4139466947225413,1.8831734089644526e-11,95.25598834111688,4.792436098233085e-10,1.0133444942323599e-09,2.839173854073385e-11,3.895620219197921e-10,4.811246493911508e-10,0.37658052934165637
N20003551,4.202663465684122,6.07424894009017e-13,2.1900055931373665,2.333150243491459e-11,90.89397475090092,1.6658192205961725e-10,1.607046661729988e-10,3.975693161249222e-11,5.440675937990487e-10,9.121903840604269e-11,2.71335618925132
N20003552,23.101858520224376,3.966292871826483e-11,1.968805674300405,1.2745258858132212e-10,53.23925158694473,1.7977681339555274e-10,2.5868737011104355e-10,1.285190063505272e-09,1.3075847511202964e-09,1.9113126896909883e-10,21.690084215141
N20003553,25.397442742538196,3.9622987618666215e-12,6.090215013430375,2.469185694052254e-10,64.5131229596737,3.7200795228875805e-10,1.6796274329780694e-10,4.5149068603307746e-10,2.1640391533384398e-09,9.587036784338746e-10,3.999219279992652
N20003554,31.060807367634634,8.693086409605132e-12,48.20017396849019,2.587060204933922e-10,19.79290642011665,2.0969457675252868e-10,3.9776414047875865e-12,1.8621908768059128e-10,5.15407304317743e-10,1.0215510669513108e-11,0.9461122425655974
N20003555,7.2205091983492204,2.3788289437597963e-13,0.4229205950126542,3.2611866532654046e-11,90.59913180127495,1.547210527792861e-10,2.3111739086157424e-10,4.55639050481115e-11,5.870173695236715e-10,4.880909864976025e-10,1.7574384038238213
N20003556,41.63548792858157,5.634944420861855e-12,20.52706409803429,5.7564697066824965e-11,36.32230051625331,1.2551873585740773e-10,1.2035253069385848e-11,2.6546174636044115e-10,6.385697658413025e-10,6.485333895009083e-12,1.5151474560195486
N20003557,45.542043552053634,2.097486886827143e-12,7.478696998590416,6.885594638568183e-12,46.337566572526725,2.0977748591054658e-10,9.71662846900925e-12,1.1010570285835368e-10,2.4559909135564484e-10,1.9227284986678482e-13,0.6416928762448574
N20003558,52.24542033198808,8.023736169962373e-11,2.574588996972042,2.558503802488232e-10,35.614474011700985,6.968271764232262e-10,1.4587478160447583e-10,4.496526777623004e-09,1.648009018225045e-09,4.816174210596736e-11,9.56551665196742
N20003559,12.630747015852318,2.9300196809330243e-12,4.236675589920209,1.4062644019685016e-10,79.00680547432758,2.201040256610317e-10,4.251699773061817e-10,5.256374283605672e-10,2.0018207016297574e-09,1.6262134716351573e-09,4.125771914957381
N20003560,32.123384513807814,5.718632750271272e-12,5.088872104707885,8.502594813414777e-11,59.17185824267271,3.9531210861140523e-10,2.1016793562237086e-10,1.337474714411499e-10,1.4472901002061377e-09,8.38174937615073e-10,3.6158851356961454
N20003561,7.6490626747947195,2.7779228940699487e-12,0.4137144144751598,3.070137592178567e-12,89.67170873116268,1.8352591106032602e-11,1.4467730890188291e-10,1.181798076479937e-11,2.318785268266452e-10,1.8549666610574998e-11,2.2655141791363147
N20003562,36.84576520303071,6.13000882495457e-12,38.80453924678875,1.6963224354897027e-10,23.193805726128318,3.612487930487835e-10,8.236288174311273e-12,2.1076458763170692e-10,7.21831329806965e-10,1.9786137109688304e-11,1.1558898225545848
N20003563,9.488763705089308,1.9720510835118085e-12,0.16916445540550262,4.7736900450101275e-12,79.82854951924914,2.2282340836446295e-10,1.8339736516004145e-09,6.357413439026261e-11,3.982911382831102e-10,4.537385426276628e-10,10.513522317276925
N20003564,19.285191608265862,3.3715220054532343e-12,4.847640035287433,7.217642327104159e-11,73.46297840278943,8.2932236215401e-11,4.436852844147447e-11,3.067206699809162e-11,4.420443146699831e-10,1.2005997453955116e-11,2.404189952969713
N20003565,11.150003195836925,1.1265489860963007e-12,3.9537575703659615,2.6207003489288478e-11,80.05478844133653,2.1614895165342488e-10,1.9547086399974392e-10,1.4175971188664614e-10,1.6426770369846115e-09,1.47762001462076e-09,4.841450788759563
N20003566,22.09819448002488,3.268068118104244e-12,5.359871240043905,4.469311904929757e-11,66.37757120751367,1.0155364835987587e-09,1.7796005748196953e-10,5.741661481451047e-10,1.9502587589919747e-09,2.0622039436834804e-10,6.164363068445435
N20003567,21.78008338601182,3.7974370358346285e-12,11.082606988943201,8.020173196535677e-11,63.33006233321273,4.43307890022562e-10,6.474480777185724e-11,2.60715914320699e-10,1.3452445241338805e-09,1.6936565613465175e-10,3.807247289464861
N20003568,39.54500786089821,1.1099457615836183e-11,34.10474945440499,1.7142503608410661e-10,24.67094952408123,4.946114967658359e-10,1.9267518285846145e-11,3.1574633342767765e-10,7.792751351747857e-10,4.1851480583633215e-11,1.6792931587822937
N20003569,52.07393348976749,2.0133479618135927e-11,11.835477132059012,3.1531376817408784e-10,32.42224792466402,1.9538576694326388e-09,8.49540831497846e-11,3.4468772327024987e-10,1.9816528526194806e-09,3.4817669855572695e-10,3.6683414484607155
N20003570,70.44294456544942,3.047071390487714e-10,5.691785668733887,2.1144640881057447e-10,12.96894976024914,4.831607635720326e-10,1.2928278095044812e-10,5.27890832859058e-09,1.8124048747788572e-09,9.436846508500534e-11,10.896319997253267
N20003571,76.34579857725082,5.437459937738779e-10,13.102188719249874,1.8634173063696494e-09,5.566751215806572,1.945746805081707e-10,1.0007268044214095e-10,1.1591734253164893e-08,2.599165169506723e-09,2.0246561642807914e-09,4.985261468775356
N20003572,62.01958984325249,1.2461811086249943e-10,4.080066274486171,8.744529835286799e-11,26.785508524518498,6.946477024859361e-10,4.8032528749842275e-11,8.204750823898861e-10,1.0090241761985508e-09,4.0176362074844643e-11,7.1148353549184336
N20003573,67.3744336424184,7.009036677473355e-11,7.18931900858679,8.805589608318511e-11,18.529805879658287,3.397836031337045e-10,3.1636186955734654e-11,2.206094703589592e-09,1.3939232603366324e-09,2.7412850613667234e-11,6.906441465179538
N20003574,51.44871909724928,2.7809361625087624e-11,8.038153349971543,2.6827396331200533e-10,32.490815245589815,2.984395493339586e-10,5.09322596030493e-11,1.5337625203758762e-09,1.92172372703614e-09,1.721343795908691e-10,8.022312302916292
N20003575,7.234403116926878,1.1024428456642405e-12,4.042836296663514,2.0234406302752766e-10,86.44689869984546,1.1012397028838702e-10,1.4271573474080213e-10,8.125673436567982e-11,1.3065369728991573e-09,3.5341202573348095e-10,2.275861884366673
N20003576,4.340595577060129e-06,3.3108580293289366e-07,99.96620498602749,0.000140170752400113,3.746118055603786e-12,8.851427406854135e-22,2.0082813550463332e-12,1.6603192063610797e-11,3.4605961858697927e-14,0.033650163221165146,8.295179843616097e-09
N20003577,45.30358388686944,1.3868137219715203e-10,15.385706598830415,9.830922602556994e-11,29.349395581558273,3.644734413504164e-10,9.973226052610158e-11,2.484197218976174e-09,1.410858121768557e-09,3.311208596219881e-11,9.9613139281125
N20003578,20.279862090084787,5.758500632876931e-13,5.515822740809115,2.2028906961524427e-10,71.5517785691624,4.785573210540242e-10,2.295556103414038e-10,2.7555124632321633e-10,2.187851116488465e-09,3.85276318925066e-09,2.652536592698564
N20003579,1.3943923830293894,1.9060609149421732e-14,0.022808721514156412,5.428232982687522e-13,98.21839678098819,7.890857027815724e-11,7.588740428434808e-10,2.3260845381789645e-12,8.419226811059531e-11,3.283488107831459e-10,0.3644021132150401
N20003580,34.34075696252487,5.015761828943996e-12,12.553401519205403,2.2602277320588552e-10,48.46833438990581,3.397166920411202e-10,1.751334439036767e-10,5.236306793092667e-10,1.8483620528291422e-09,9.343812072885163e-10,4.637507124311639
N20003581,14.734126140932055,7.11760466039159e-13,1.3023580358878901,7.792474057996983e-11,81.81621250963983,1.4241796530490003e-10,1.2672178210552796e-10,6.585952930872832e-11,9.377991253281828e-10,8.857715551218602e-10,2.147303311303026
N20003582,39.44225871184267,1.831679977801822e-11,3.436546276757097,6.604210023352736e-11,50.90431619115061,1.7983744490915589e-10,1.5448830183431967e-10,1.2599773601080144e-10,6.834083610206865e-10,1.6571544285381913e-10,6.216878818855824
N20003583,29.616946371436814,6.388871851371856e-12,4.653241363276546,1.1052678086260163e-10,59.75779372933414,5.439301612084882e-10,1.4942711291643457e-10,4.3044304863110217e-10,2.0079292278859176e-09,3.1459695387755997e-10,5.972018532389253
N20003584,26.815274919547548,1.075304604181525e-11,10.330598504467913,4.002635770581977e-11,54.65789771634424,7.997223241277953e-10,3.6721498868429827e-10,3.8590601227234654e-10,1.8468368204300997e-09,8.658301516834625e-10,8.196228855324012
N20003585,11.914315053175732,1.0659542706104297e-12,3.0367001064579497,4.5264916116974286e-12,80.08563113237703,6.091472402182725e-10,3.339057340877908e-10,7.379681231051238e-11,7.667848475575442e-10,5.052048124664004e-10,4.963353705694854
N20003586,40.30246712868023,1.1009202121056503e-10,23.739778258530038,1.3729635858323345e-09,32.45886045885002,2.8831855736167966e-10,1.825933927049458e-10,7.856363289466808e-10,1.4922896057720189e-09,2.7483107129743913e-10,3.498894149432983
N20003587,9.05469989663111,1.6239031502362937e-12,1.5047440896550497,8.263855787311022e-12,85.83407432950125,5.005001672972975e-10,3.376540880151039e-10,9.808798413451958e-11,5.077146170755714e-10,7.826054758171523e-11,3.6064816826804846
N20003588,23.835437750891042,1.3039695653860045e-11,8.564977874104938,3.052976870826503e-11,62.815038161194835,1.0023682524638734e-09,4.898536705515176e-10,1.7884545387715606e-10,8.639714060968611e-10,8.715263316834112e-11,4.784546211143438
N20003589,15.647451521483758,1.8838016264596832e-12,1.7181792785650944,7.36761462656567e-12,79.98534358674812,2.3284525091992567e-10,1.9526832358996084e-10,5.834485556037311e-11,4.815682517163916e-10,2.3072334292979072e-10,2.649025611995024
N20003590,61.780572137065505,4.535601965867742e-12,7.220203853359952,6.871827052377377e-12,28.464651045583917,2.411372374272276e-11,1.3859727979752865e-11,5.399543492630952e-11,4.704234578346325e-10,1.1720562823775007e-11,2.5345729634050977
N20003591,21.78284566503942,3.48223214910971e-12,7.6572223084098985,5.044766869237507e-11,66.42768436484707,5.85919317302893e-10,6.593051280790006e-11,1.3239501785097965e-10,9.743408638427592e-10,2.1802353157381355e-10,4.132247659673076
N20003592,57.17091511128266,2.6603732195895254e-10,24.84760906313426,2.7095309487964296e-10,11.743043678124502,1.6613175758708575e-10,3.8467224226930336e-11,5.829361918633026e-10,8.197529998182175e-10,4.49944534719686e-11,6.238432145269305
N20003593,34.10063239795939,3.846569871026872e-11,2.561600279180755,5.1329324312243675e-12,41.707567980209845,3.609586967461364e-10,3.9188954096042865e-10,2.0733579784082338e-10,7.488158577300308e-10,1.3476266943145755e-10,21.63019934076266
N20003594,35.895452585784895,1.154130462605464e-11,9.965420701253883,4.068236494333241e-11,50.29834258878676,2.610417800755836e-10,2.399039290676283e-11,1.4580892502331683e-10,7.1880047988388e-10,1.8208739527440095e-11,3.8407841229544006
N20003595,38.30134476304507,2.2395683624372257e-12,4.0957973125048435,1.1594386880621774e-11,51.78658203608133,4.0260212528990105e-10,1.2178312347064185e-10,4.421205701882621e-10,1.0432132889737982e-09,2.0663329756490043e-10,5.816275886138587
N20003596,57.39980289067284,1.4683982436588164e-10,24.010282327424477,3.6085341928368985e-10,15.589061334510438,1.4675164123255459e-10,1.862411173881635e-11,1.474408117964788e-10,6.210937915418998e-10,4.96772945122736e-11,3.0008534459009604
N20003597,54.899358590368394,1.4518111396963949e-11,13.130810165259387,1.4915364493558814e-11,28.29042745570999,1.349277275578592e-10,2.5234430638353294e-11,1.0062841122123062e-10,6.160129931562678e-10,1.5332321926291793e-11,3.6794037877406685
N20003598,38.19511116969586,4.853231613595007e-12,11.655516903775089,4.3296990398327347e-11,45.51033472285893,2.740860101065112e-10,1.1209818361055737e-10,4.908793783011845e-10,1.1736061631533015e-09,2.6242216879286505e-10,4.639037201308879
N20003599,70.11528947472921,4.039707170958399e-10,13.794193812485203,1.935585394720487e-10,10.36165146078201,4.0269747572773555e-10,3.03147189983948e-11,6.285782649479195e-10,7.32419333397045e-10,2.0384044785103205e-11,5.728865249591644
N20003600,36.76509460672346,1.3354481251107433e-11,19.6382614085716,3.3301840511636257e-11,40.950193835148966,6.047505724680997e-10,2.2272039905152207e-11,2.1841051696174544e-10,6.907952532781205e-10,8.101525563492434e-12,2.646450147964995
N20003601,49.82841499412744,3.0740544208555774e-11,14.880892865934324,3.580489641041363e-11,32.08056780868691,7.569893065202228e-10,8.68239352197067e-12,1.3193155970197316e-10,4.950202565382623e-10,1.5537799490321886e-12,3.210124329790607
N20003602,49.534060361249416,3.1127783485047906e-11,7.943344621198579,3.373964089057746e-11,34.26633362037834,2.3207288061068836e-10,5.5911073852712605e-11,3.019979034029402e-10,6.108012268371696e-10,1.6816053153423062e-11,8.256261395891205
N20003603,59.66445295634524,3.265730858352914e-11,17.363148451037087,6.21366108237566e-11,20.17238563396046,4.401843478127923e-10,8.595296902962726e-12,1.6328409367225693e-10,4.39593869493752e-10,2.589017960791869e-12,2.800012957508182
N20003604,32.266231169449426,1.1742728428706661e-11,9.553945470065974,4.25659513847273e-11,53.860169263773074,1.5049650974518208e-09,3.27228975790561e-11,1.1154329943082174e-10,7.08438388589874e-10,4.2662844504973354e-11,4.3196540942568955
N20003605,48.52426900265272,8.128519264885747e-11,9.36559846274094,5.5015696303227176e-11,37.15530541629724,2.370564785459819e-10,5.609003585108258e-11,1.712440184604131e-10,6.056678706475672e-10,1.8857853085005382e-11,4.954827117083882
N20003606,21.855291228362177,5.0257925302075555e-12,2.607735046790918,1.2238563639453766e-11,69.54947717086606,1.8380574646235749e-09,1.7254411803719763e-10,3.1778863710793167e-10,5.793846106507297e-10,3.719557185897376e-11,5.987496551018597
N20003607,76.4021325195998,4.915654944193012e-10,16.708399100660777,7.335845476391532e-10,3.320241799100274,2.70908197179831e-10,2.1602375549036497e-11,8.218836968619992e-09,1.8551838561279426e-09,1.9025272331539372e-10,3.5692265688572395
N20003608,70.03364790881508,8.398295860905292e-11,1.829055669324128,2.1402394998176966e-11,15.997664920638055,2.2450503236960884e-10,1.4164693158060181e-11,7.04405526945983e-10,3.787573471787407e-10,2.305040810350034e-12,12.13963149979323
N20003609,84.51831698833219,5.25377089736154e-11,0.5055336391538261,2.4733501655725e-11,8.253259587993462,3.3151785765472633e-10,1.4830542150195938e-11,3.1710717260809005e-09,9.112584105467389e-10,1.8490856414898158e-11,6.722889779996071
N20003610,73.2693701374842,9.2332859205852e-11,3.020426263799097,2.4610392487822024e-11,7.130548786144991,3.2919118205262533e-10,8.916583774352658e-11,2.6241370939455627e-09,1.060187295147237e-09,8.742279064060855e-11,16.579654808264657
N20003611,58.691096573494185,7.383926598623839e-11,9.294938774977322,4.6977531629530676e-11,26.525902318957232,5.762955762954037e-10,1.5467456579340587e-11,1.7046904438079575e-10,4.739721328452502e-10,3.863908514347822e-12,5.488062331210363
N20003612,55.420752160500854,4.0003060650305926e-11,2.684639965015615,7.749757494440411e-11,37.63212552397042,2.4849014458450776e-10,4.22558667391196e-11,8.806801067597035e-10,1.0201804285363014e-09,5.987667484701095e-11,4.26248234814413
N20003613,49.32264843136192,4.809219332914132e-11,20.14518117069822,4.062734683152808e-11,25.598110275104514,2.3085486886131306e-10,3.797012971571179e-11,3.24101456688942e-10,8.676593421356878e-10,4.767163336302628e-11,4.934060121238374
N20003614,39.1138825249842,1.3271890781007464e-11,8.652203667956773,2.4161660877617277e-11,47.934661008025145,2.045043739664953e-10,2.6838003916441338e-11,4.405826957092443e-11,4.577873815813424e-10,3.0668525163530826e-11,4.2992527982326045
N20003615,38.156398515823305,1.07508657696885e-11,12.539123651922472,4.43174726454397e-11,43.922890520170974,7.812862228675016e-10,1.1325083066755647e-10,4.0490407922444605e-10,1.1762651336596746e-09,3.0199441754674495e-10,5.381587309250473
N20003616,69.6125447638959,5.4451814357017056e-11,1.5722151003145663,4.0511134979544244e-11,17.60443946141685,4.415903427075985e-10,2.4008261497383913e-11,1.4839776308594413e-09,8.080101016765385e-10,1.5601986563157782e-11,11.210800671504524
N20003617,79.02357336150394,8.455013401332235e-11,1.5294605616618067,5.806346044394644e-11,9.423280717576018,4.080225955465097e-10,1.067114195635058e-11,3.4608286986292343e-09,1.0109796308611694e-09,1.3650428420048286e-11,10.02368535421147
N20003618,84.62722361150747,1.3763059179820502e-10,2.072287959731002,1.340149517016266e-10,7.223049382141289,4.0215009081057883e-10,1.7015136181115728e-11,6.649560384480754e-09,1.3327372556623917e-09,6.143031451596314e-11,6.077439037885691
N20003619,50.48201812403455,2.380819263814747e-11,12.4468132622702,4.927407088317941e-11,35.21140157727146,1.2177095549073113e-10,1.563472658563324e-11,1.6373734561901232e-10,4.95820789469798e-10,6.8558690471626584e-12,1.859767035546895
N20003620,44.42664321417658,2.8296024883514812e-11,19.631081443961925,3.518066130079985e-11,33.406504535074404,1.5866209947613803e-10,1.323244752280883e-11,8.985831925722527e-11,3.928618355754004e-10,4.1876531505555096e-12,2.5357708060648005
N20003621,18.739924508681963,8.19217879251019e-13,5.314247391619163,1.246933829447897e-10,72.43633369109799,4.458046749608519e-10,5.113715824628005e-10,1.7731751402649396e-10,1.479309103250315e-09,3.099798224332117e-09,3.5094944027617716
N20003622,30.360026656423067,1.490083331681336e-12,23.589898082470594,2.702092464672799e-10,44.046888251195995,3.8323913053207014e-10,3.281864800627478e-11,1.6700591391874e-10,1.138138787762936e-09,2.9173082262023973e-10,2.0031870076256943
N20003623,23.985920669894423,1.9618692208337247e-12,13.116937185336367,1.3440110941476398e-10,59.63111987266145,3.224839195363058e-10,2.404053596200832e-11,1.2453876707356633e-10,9.145429973838517e-10,1.1763817731605102e-10,3.266022270468152
N20003624,24.678319002477622,2.1202466240319927e-11,2.7609936759114637,7.559618421598038e-11,66.99561418057193,1.4006559331431824e-10,1.0404013799547245e-10,8.279880310409032e-11,6.501798852058219e-10,4.76025323404126e-11,5.565073139917496
N20003625,34.20434686045748,1.2428888631033373e-12,7.125546222667822,5.669915123466362e-11,55.00088604826555,2.577726719214523e-10,9.348462701087114e-11,4.429212804093085e-10,1.5746907133581222e-09,1.3774690865191316e-09,3.6692208648048616
N20003626,16.895702490539918,3.1585313634976172e-12,4.638318307253784,2.989980274073508e-10,74.55703912591365,3.4262165095946174e-10,7.204297480050045e-10,2.541188498254483e-10,1.7200406552580228e-09,3.70686404879564e-09,3.908940069246434
N20003627,20.809835349944315,5.189800950971857e-13,3.002506278900118,3.76854610845843e-11,74.14740826209591,3.162414257803126e-10,8.992529120959812e-11,6.685517158142838e-11,9.143225729188786e-10,1.0516690880980643e-09,2.0402501065824517
N20003628,15.246835539861332,2.1148165951229348e-12,6.982743824726049,1.3778666187959235e-10,75.74506003292674,1.383592828586574e-10,6.259393531157467e-10,1.6377449086632814e-10,1.0491340130588801e-09,7.271824321300894e-10,2.0253605996415898
N20003629,17.687747468850933,1.268002942895261e-12,6.021773316791094,2.0916258193566363e-10,74.28442939230774,3.955322225631246e-10,2.0173824663959006e-10,4.6027584488350535e-10,1.4440043201612773e-09,5.998192175220208e-10,2.006049818738424
N20003630,7.091813626844791,2.169338759139253e-13,0.7270965310457038,7.2898593383829e-12,90.6560450832606,1.0933265422549995e-10,3.1799697465553263e-10,5.756630977989645e-11,6.056497214937363e-10,1.6442521731777156e-09,1.5250447561066043
N20003631,51.8468245554605,1.2665589434251197e-10,12.449158923741692,2.424550202628042e-10,32.705858068581065,1.321072526527331e-10,3.503193654207721e-11,3.984908998688865e-11,4.475215168852102e-10,3.1374178808549034e-11,2.9981584511617374
N20003632,24.597935587783752,1.2672594961175444e-10,2.997858926720563,4.268278139641471e-11,65.41048916982649,3.744216478392568e-11,1.137892851723399e-10,1.526448610191365e-11,2.578423227900296e-10,3.0724128126631705e-12,6.993716315072369
N20003633,11.868200088729399,3.2889005822355594e-12,0.17894797233046134,6.979106957131984e-12,37.02019801076871,1.0591935311073557e-09,1.9710880974440227e-08,1.1357734042873252e-09,1.3982351880560292e-09,4.0594800982524506e-08,50.93265386426228
N20003634,37.44685195759734,8.768105288538076e-12,10.072156742597294,5.743987130465863e-11,48.59274666415045,1.09289398055305e-09,4.493606000713659e-11,2.424700538745032e-10,1.0626256728685077e-09,6.554934239143031e-11,3.888244633080239
N20003635,46.31660797730904,1.3282591239621492e-11,11.838519119093467,6.245806970087494e-11,36.21125165116485,2.458731197365865e-10,3.69945283031023e-11,1.5769200490973455e-10,7.178036185867252e-10,5.315034214967172e-11,5.633621251145399
N20003636,10.526382797380053,9.55887519735702e-12,3.4821678623385486,2.0694111526390532e-11,79.69285633235876,1.068918773620938e-10,1.1838429964083216e-10,1.1826889716527544e-10,4.370687967859095e-10,1.0552142521097982e-11,6.298593007101208
N20003637,38.7125849419302,6.553158241302062e-12,9.55053513271958,2.3719853628113594e-10,48.83579474587291,1.6251295531654467e-10,7.048937568341328e-11,2.7006401327788885e-10,1.2650462026731559e-09,5.986780004680095e-10,2.901085176866767
N20003638,27.859591264887378,1.2557054032818625e-11,6.530182641103063,4.8877833692986e-11,62.22220336888549,2.6825187381135873e-10,5.440274787922083e-11,8.102864142917827e-11,7.837576843535969e-10,5.910359303548748e-11,3.3880227238161096
N20003639,16.643677188030534,1.1696144642698364e-12,4.249828908320345,6.289064650368538e-11,75.69851290324475,3.438330302907569e-10,2.4890023234589624e-10,3.841730784222787e-10,1.150690362553535e-09,6.430925685939784e-10,3.4079809975696462
N20003640,28.908001182108578,1.0599730031490187e-10,3.02753473296368,4.971934726796668e-11,54.01538184942542,2.759475937356175e-11,2.533761369558451e-11,5.863477825485286e-12,9.692724535956135e-11,1.1552068920282767e-13,14.049082235190783
N20003641,32.69355277570626,4.7870356840583605e-11,9.986792741459873,2.0873248947248654e-10,53.62183817634886,1.2572004183314063e-10,4.892162748282987e-11,1.7496864457640306e-10,6.292397103573325e-10,1.479513948724893e-11,3.69781630523476
N20003642,36.48123331806918,3.780455093221188e-10,23.877295379979255,3.2421193829054815e-10,29.31255303958856,1.3347335171111242e-10,1.1068231866332528e-10,1.3395598654798494e-10,7.24055207669298e-10,3.1401526204278803e-11,10.328918260527194
N20003643,38.64699486475145,2.0566893460571596e-11,0.9478790966270957,2.2678473777639118e-11,22.30276837273265,2.636383149187215e-09,1.3432564312378464e-09,1.3638787346507063e-09,1.5483031990480606e-09,3.859643826240128e-09,38.102357655094096
N20003644,27.990640484347967,1.8364029272805275e-11,10.549932987458595,7.366955548791677e-11,50.409811498106315,2.8775051103792903e-10,4.772083174516763e-10,1.9758773501888746e-10,1.1769628909833044e-09,1.3713455556432582e-09,11.04961502648422
N20003645,31.38320317147199,8.843026229686799e-12,30.71468586227713,1.5226300913987394e-10,35.92122368587848,2.3033999208365528e-10,2.7848470932264117e-11,1.9254093548439854e-10,7.796643018325551e-10,4.707222791438542e-11,1.9808872789338339
N20003646,17.811442264612435,9.81691473550423e-13,9.134194132906238,1.1139769940688261e-11,68.03651429535712,5.606179744016431e-10,3.182133025769343e-10,9.10543710686551e-11,7.466679064907036e-10,5.919548384196582e-10,5.01784930480358
N20003647,12.825948353140785,3.777203374279144e-13,0.985813295947637,7.285216163460792e-12,84.84372752146518,1.5081675660235648e-10,2.028807668302327e-10,3.0190355669789454e-11,4.70132990264756e-10,3.7777093114091113e-10,1.3445108282069402
N20003648,31.350199171082814,1.1879341866771819e-11,1.7164900380107275,2.7944761926711858e-11,50.77167217824973,1.6805638405923612e-09,3.317004020223798e-10,7.817342056966654e-10,1.1980647276286453e-09,4.727020214379615e-10,16.16163860815215
N20003649,33.515100178332645,2.1378006833703633e-11,7.939061629030732,1.16719889922074e-10,56.77287828053858,3.7758405263359744e-10,7.854731519688557e-11,1.0661684281195841e-10,5.979421614622749e-10,1.5611114047247198e-11,1.7729599107836538
N20003650,14.828062688252722,4.892211509368345e-12,3.301868375264019,5.082741693435147e-11,79.82684685214848,5.197914187244208e-10,2.80247261542611e-10,8.347956639304699e-11,5.371013057235699e-10,6.648403006007637e-11,2.043222082791959
N20003651,78.92982134773922,6.781644294450912e-11,0.8587735326726752,2.2511159697333757e-11,12.146550940162873,3.806565847344076e-10,2.2813899636500555e-11,1.5091858407134874e-09,9.426498716807887e-10,2.6357674417958846e-11,8.064854176453258
N20003652,41.2291331177094,4.354571441238859e-12,28.92394220863751,6.065811750033806e-11,27.167067598440912,2.458137672384157e-10,1.743488541848866e-11,2.0286146761043976e-10,9.731739435237272e-10,7.627880326776394e-11,2.6798570736316165
N20003653,74.61777508611479,1.681485883050961e-10,3.6506793602167438,1.1192137540986583e-10,10.201794630665082,5.262210157328924e-10,1.9308855426410133e-11,1.8109593086694183e-09,8.854801993162436e-10,1.474172854604878e-11,11.529750919466613
N20003654,61.347312523771116,1.4527904331685405e-10,1.1142462524901684,1.1010172347056972e-10,23.787122449622647,3.729269472703129e-10,5.823098035958031e-11,1.4020760120448812e-09,8.087674958008567e-10,1.4867936614270504e-11,13.751318771203824
N20003655,46.04525867270704,4.3468808473244604e-11,32.98329050666411,1.4850379042204922e-10,19.02779638671849,1.1603832032734121e-10,2.871828864405876e-11,3.5904306198122016e-10,6.085782875208368e-10,3.037161484533234e-11,1.943654432575638
N20003656,77.85648674797876,2.2178948037855996e-10,2.9950930063634056,4.686359683872816e-11,13.174258174555833,3.601217154201e-10,1.8178384043277527e-11,3.73941804415678e-10,7.044063157961707e-10,2.5340348034601796e-11,5.974162069351349
N20003657,67.99245632416054,2.1162188439423037e-10,2.708122032956857,3.0500460130643864e-11,19.171094588372124,1.3149630882320593e-09,4.9006127514268056e-11,8.704929559295667e-10,8.795952036728196e-10,1.1905679716074914e-11,10.128327051142383
N20003658,12.702690265505936,1.6612647955883803e-12,2.611216780338782,9.849759055073999e-12,80.89663033434037,5.959192611259228e-10,8.118369780505386e-11,2.8308412236884256e-11,3.4940596489154117e-10,8.290332369782875e-11,3.7894626186657026
N20003659,86.58899763332927,1.9134664160216273e-10,2.7337351617286356,1.2267982073542763e-10,6.357023024350143,5.191153686754704e-10,1.401378181015807e-11,2.0307903987173033e-09,9.967705780021489e-10,1.6760161736134408e-11,4.320244176700461
N20003660,71.07913080069636,8.133323521018109e-11,0.8301844488524396,1.189283999169014e-10,21.958322455881586,1.9735729538215403e-10,2.5141334845529745e-11,3.759004638837574e-09,1.0656647281045524e-09,1.3596534972248199e-11,6.132362289308593
N20003661,33.44191113258897,6.330163576424198e-11,2.2384700351892373,2.709533603687119e-11,58.2077870196112,3.6233796205017017e-10,1.894599344069195e-10,1.558937981682023e-10,5.495674815851348e-10,1.6626219223337218e-11,6.111831811246303
N20003662,67.31033754032248,9.846147439345647e-11,0.4594222991794202,3.710285838601107e-11,14.003667663208974,9.146124857661917e-10,7.152052132006033e-11,8.657371728313731e-09,1.5853338480940906e-09,7.381881003655011e-11,18.2265724858509
N20003663,77.82752495432587,6.965041683277969e-11,1.3392945060220625,1.1767032523473056e-10,14.46852322622851,3.049806910046786e-10,2.4866958845984815e-11,6.671406963255337e-09,9.49244749175974e-10,8.471100481926585e-12,6.364657305277284
N20003664,62.58731058720544,4.566699452907073e-11,18.109258193630037,6.626182768320763e-11,16.082640619430176,3.254823571226363e-10,6.940864869995775e-12,3.7814248602718364e-10,5.175862551603186e-10,2.7707929763389116e-12,3.2207905983915
N20003665,42.69510196227034,4.2709131518370066e-11,1.4428078678318639,6.7728741154879056e-12,35.71620244579445,1.1906240429243388e-09,6.773176592185675e-11,1.3312642462613487e-09,1.0121572745269407e-09,8.077824211170144e-12,20.145887720444016
N20003666,72.0699367177563,1.0929784435369674e-10,0.5006415211497804,5.4694466857071e-11,13.14277253117977,1.288284520410837e-09,7.711256015717776e-11,2.227882561953543e-08,1.687505399837457e-09,1.4740374481111827e-11,14.286649204403679
N20003667,55.211194878478324,4.8609410444587054e-11,28.338075603009955,1.6943335546949519e-10,15.519041219020242,1.787193720377388e-10,3.874527750752282e-12,2.1097233732358615e-10,4.0550346256033116e-10,2.0871648442195643e-12,0.9316882984722744
N20003668,79.05113586216092,2.1659144191223303e-10,7.796250293416798,2.362316018731832e-10,7.833802732431665,5.664777870970816e-10,3.143482329454151e-11,6.01207535410572e-09,1.2251453769599325e-09,1.4903534686825213e-11,5.318811103687748
N20003669,44.67067360468825,2.2544299168208167e-11,31.28291337957652,6.824711292101178e-10,22.894601110135703,2.092340458370856e-10,9.957266049571633e-12,1.9903838863862623e-10,6.448633648966214e-10,3.6335860891021154e-11,1.1518119037950885
N20003670,73.66179076351905,4.093500993691907e-11,6.525436527815433,3.916466677370527e-11,17.302244531841193,2.7357478325967505e-10,6.535932691760214e-12,3.0663988713634545e-10,3.380751354110722e-10,7.892051320293561e-13,2.5105281758186204
N20003671,69.66608365623081,4.369520874584657e-11,9.105235244839179,7.265668375730885e-11,19.82191978054942,5.977894048264055e-11,1.9233719570647137e-11,2.677146803440851e-10,3.9603464837071177e-10,4.865668546787542e-12,1.4067613175166054
N20003672,40.41326779945245,1.0729737384676038e-11,25.12736549493262,1.2984653072271338e-10,32.870984321264636,5.741453825900023e-10,1.493227860820622e-11,5.064585093390773e-10,1.0141401592147492e-09,1.855155234107068e-11,1.5883823820814884
N20003673,59.16816731593355,1.6954859034951668e-11,16.108138197058246,5.525696287877889e-11,23.85348039609475,1.7216803624970128e-10,4.657956908495237e-12,1.3777392840679683e-10,4.6119707262346473e-10,3.4746595271730255e-12,0.87021409006199
N20003674,38.96442036375735,3.623040176626028e-12,10.792801741439698,1.585553693750606e-10,49.82833423311748,6.483225412740553e-10,1.1025232150615177e-11,5.6112153815146404e-11,4.294765337707294e-10,4.204544074897981e-12,0.4144436603741532
N20003675,60.30036827719839,4.105147974348179e-12,22.487264612865225,3.291873729826255e-11,16.52150320649524,1.6272502076969708e-10,2.836821376428444e-12,2.310397975314429e-10,4.570955091701765e-10,1.0151358898972216e-12,0.690863902549424
N20003676,67.96932503564655,1.804242727629905e-11,21.8655603904124,8.494906553120347e-11,9.597856230033946,8.678678720065951e-11,5.060437539078611e-12,4.228154153659844e-10,6.171301495637168e-10,5.887286442676703e-12,0.5672583426664246
N20003677,70.71570023414048,7.162320531752568e-11,1.2883782347641493,5.450222207429079e-11,16.715104452618615,1.028676703767778e-09,4.66307147599407e-11,4.441494204003331e-09,1.7344536687106713e-09,5.866610379532265e-11,11.280817071040728
N20003678,65.64294444609524,2.8856018244347637e-11,25.01989117623968,5.128646646394879e-10,8.946474235569859,4.094231526305539e-11,6.511781719038273e-12,3.8801241288582483e-10,6.842326310587853e-10,2.209492637489999e-11,0.3906901404117156
N20003679,14.352809270505789,6.39855529830808e-12,1.2948014233992955,4.2315661480816225e-12,49.36852840964879,4.240790738386445e-09,1.995052336148153e-09,1.4670938485770392e-10,9.109558208183941e-10,3.327924283258496e-09,34.983860885814074
N20003680,9.015923093966148,6.681296638645043e-13,2.182906493221351,1.153219636757367e-11,78.99092673290414,2.331232975481734e-10,7.42605801256631e-10,1.4261033871644448e-10,9.767689252654985e-10,2.876123825630691e-09,9.810243674924928
N20003681,4.410705716073109,4.9163046542537115e-14,0.4689378736725286,3.4338942594226353e-12,93.84809845016868,3.099675799707796e-10,2.1795895514867314e-10,6.129235473822799e-11,4.01557323927141e-10,1.417754494668341e-10,1.2722579589496459
N20003682,53.42876302086774,3.101246432437087e-11,2.7341897761317,9.347604555964307e-11,30.404457373454143,6.221039904966332e-10,6.763533880358533e-11,1.7048076265393578e-09,1.3157631781185708e-09,1.4866918876617412e-10,13.432589825562967
N20003683,16.607314466902565,1.442730205204824e-12,2.603294380373928,1.4888504395006397e-11,78.56365880364791,1.450920641222336e-09,1.472697036734245e-10,1.479414779817755e-10,5.59039572328928e-10,6.763869792229063e-11,2.2257323466864722
N20003684,18.779856396752955,2.3341940536114537e-12,8.047305250449362,1.5780449065967974e-11,68.16079035638238,8.268121243323201e-10,2.2207907413531224e-10,1.7799578792228988e-10,8.66897691085534e-10,2.9734090308955413e-10,5.012047994006031
N20003685,27.519280570297056,5.690002150920419e-12,5.6692912729015745,1.3764820767880374e-10,63.81102351558773,2.4317229382110398e-09,2.537926614260899e-10,2.0620761904333895e-10,1.623197609417688e-09,5.192796635573164e-10,3.0004046360361145
N20003686,32.0163548006623,4.8541758521223896e-11,35.276205814007646,2.3376046302010136e-10,30.2752536076982,2.743436543322351e-10,1.3733280054883384e-10,4.912751516067812e-10,1.4425792312565592e-09,3.330759222237709e-10,2.432185774670966
N20003687,20.003621506369274,1.2080527652183145e-12,4.881762839437493,1.3690184226742712e-11,71.45251638548628,2.4313444315986824e-10,6.455182101985963e-11,7.398539266711914e-11,6.878437076071832e-10,1.3834178200031613e-10,3.662099267484218
N20003688,16.90440591785533,1.863417760624096e-12,9.796895891374362,1.7845722133765468e-10,69.41067970013364,2.419818323521877e-10,1.8281883299992769e-10,1.7911901103812062e-10,1.5829377307454857e-09,1.2362978002299244e-09,3.888018487033217
N20003689,41.929172150012676,4.971148365976814e-12,11.584780684498257,6.829019267421709e-11,44.9314533232173,6.1847183556467e-10,6.73236114594837e-11,2.1941617743618184e-10,7.003816222701914e-10,2.5602476242244352e-11,1.5545938405673305
N20003690,36.717637336245105,6.745555911209622e-12,12.561110691310576,3.145726184478062e-11,45.82991952392591,4.919579094160494e-10,9.216117871349578e-11,3.352610236626598e-10,1.0936962254544676e-09,3.6727114067569404e-10,4.891332446099846
N20003691,42.135527972519284,1.3381627771473724e-11,17.658858284521628,8.613307831083467e-11,37.0476199883743,6.681093384377997e-10,3.251754590625504e-11,2.0550454526828881e-10,9.234987876423931e-10,6.705440158998731e-11,3.157993752588591
N20003692,37.49898022530362,7.368618201985931e-12,1.187242973225304,2.5868595588010896e-11,45.215372141697266,2.5427019266049977e-09,2.2445537170712187e-09,4.141236330651342e-09,2.318496776018384e-09,5.7444309698127e-09,16.098404642749166
N20003693,9.301533697777044,9.976470063406221e-14,0.8732648615775006,2.442839620735309e-11,87.13779191438203,6.09103946470125e-10,5.819660157215858e-10,7.508649720281588e-11,7.53795521263499e-10,3.868247076185092e-09,2.687409520350696
N20003694,45.76707958973215,1.5962044571165382e-11,19.48785013302459,1.658590157275945e-10,31.98993407781583,3.595629451255303e-10,2.7034990665616523e-11,5.731238246742692e-10,1.2370536715952178e-09,7.769206886127357e-11,2.7551361969711405
N20003695,23.77656171274701,1.0979323501806796e-11,22.837558429856347,2.2279341896131077e-11,49.900197748769806,5.837108109791602e-10,4.8082992064999625e-11,7.874179153760204e-11,5.731219062157095e-10,1.9957212121687236e-11,3.4856821072899793
N20003696,23.195638993152105,2.24571594222049e-12,13.07556846120678,4.3398172677484805e-11,59.89217778377864,4.684383586068879e-10,4.3232120045293694e-10,1.7647522522467357e-10,1.0904106042059526e-09,1.2583320019816164e-09,3.8366147583908514
N20003697,27.185924703419207,1.866244688771909e-12,12.962381655827668,9.963199317025551e-11,57.30791365860662,2.7987212257713576e-10,6.433214215746329e-11,3.110249632267559e-10,1.1690036768068374e-09,2.8636823665171405e-10,2.5437799799344103
N20003698,34.78458875826399,1.0195395371696274e-11,11.879965198128636,6.670289521714078e-11,50.28663662002274,7.081532008545303e-10,3.739856564946058e-11,2.2617526285431798e-10,6.480657741125498e-10,3.294371605255949e-11,3.0488094218549997
N20003699,44.20818355648868,8.623514040305475e-12,14.236078664024665,4.2215439136621125e-11,37.416236325335014,1.8606455558221984e-10,1.7864236633289964e-11,2.1747439637316817e-10,7.22652443715845e-10,3.179678940341695e-11,4.139501452924939
N20003700,40.23297104402585,2.5547952628465673e-12,17.32266162584053,6.26627077972164e-11,40.899254169731776,2.426846282139579e-10,2.6286953619249937e-11,3.5041751910316724e-10,7.074943195094938e-10,1.6714561575047728e-11,1.5451131589930323
N20003701,25.63690718792648,8.824647463207414e-12,43.46849161691579,1.769488154071187e-10,28.801996535842772,2.6806151057054106e-10,2.0431701553470245e-11,2.984453575527701e-10,7.630322184177256e-10,4.8244497675329075e-11,2.0926046577309787
N20003702,27.983215268405115,3.5570501611223305e-12,13.153276346215655,3.263122338436539e-11,55.58416504450642,5.76327930920326e-10,5.2012999552037143e-11,4.5883486336699064e-11,6.466153657439819e-10,1.5931669874102253e-10,3.2793433393564735
N20003703,56.857009365329084,2.259562855533406e-10,18.618787136029884,1.7436683277866672e-10,21.805582541778218,2.6693901913862786e-10,3.4352369932156295e-11,4.85276648218773e-10,7.501983851405273e-10,2.3416008058280284e-11,2.7186209549023355
N20003704,13.34309437279389,1.2052861912667998e-12,8.361232612357956,4.27321869148416e-11,74.01721254249915,4.1011190675943e-10,2.162381794755267e-10,3.213567257296264e-10,1.206800563341495e-09,5.700647524539887e-10,4.278460469580496
N20003705,43.03416696863475,2.796842367873734e-11,23.385717012351893,3.533784550914525e-10,30.629953613601835,2.917708493996344e-10,2.8770805717543713e-11,3.5187579187693856e-10,7.53791189078195e-10,4.325966440415071e-11,2.9501624035607166
N20003706,21.154413319510343,2.800421780855797e-12,8.31074827661618,4.4505930845802516e-11,68.06512766592495,5.315642454424159e-10,7.667752650476948e-11,1.6206933523458408e-10,6.556663291802771e-10,5.2796130955479915e-11,2.46971073642244
N20003707,57.49996402322256,2.7658752811559014e-11,7.541258296745958,3.52503759477984e-11,29.45070123136332,6.303541958719459e-10,2.388418798780115e-11,1.016990542149204e-10,4.171654315002475e-10,5.7041763085508995e-12,5.508076447426447
N20003708,41.80835794051651,1.749200077384322e-11,21.42617866028173,2.3366669077733995e-10,35.37085898434971,3.436323466221606e-10,1.2946443630309886e-11,2.33191961022547e-10,5.78286199849922e-10,1.2373521266722894e-11,1.3946044134204736
N20003709,41.32353506896338,2.6372086573644628e-11,18.423259907271554,1.4470179956160072e-10,37.10296869181906,3.2360762343294267e-10,3.161866747451882e-11,8.721249437498135e-10,1.256690083205894e-09,3.506244768579171e-11,3.1502363292558315
N20003710,27.94775660930376,4.673520172035238e-11,57.15823639973559,1.441282801742824e-10,13.45193137741449,2.6708834901457167e-10,1.028808417920551e-11,8.708844281818915e-11,3.6531975746120465e-10,9.668537783340809e-12,1.4420756126158536
N20003711,34.15541743561257,2.0421170512482686e-10,3.020067580818699,2.852352592049826e-11,39.21728164191538,8.705619388396874e-10,4.3815044856766695e-10,1.0473132006204511e-10,8.150970077248645e-10,1.2268820950568227e-10,23.607233339069392
N20003712,46.98154571783639,2.7314126984608742e-11,15.718963009432882,2.5243901708838534e-10,34.555059053307566,3.4059252897269235e-10,6.572236257331498e-11,4.2007423902948935e-10,9.041325884099104e-10,1.2054865805787142e-10,2.7444322172923408
N20003713,41.1681461118167,3.030620469182657e-11,6.22061351641802,4.339930360672123e-11,45.88477338830846,9.339597086540184e-10,3.213390768204202e-11,3.216542700829278e-10,6.194751221966188e-10,3.73949089637851e-12,6.726466981472186
N20003714,34.045954908672975,4.210826245708648e-12,45.89693330249467,2.832461451618576e-10,19.304884681752405,1.3698106247961721e-10,2.3585513396973143e-12,1.5343193215667875e-10,4.702956942721068e-10,7.295787862157463e-12,0.7522271060221307
N20003715,10.394841360573766,3.2963388072725737e-12,1.1959668051816066,6.7374217648015735e-12,77.6000514895526,1.4345744728567113e-09,7.296626888960321e-10,9.332832570541444e-11,6.871509484577174e-10,3.1087131705170684e-10,10.8091403414264
N20003716,41.47583112428364,2.295458483410817e-11,16.132473324836745,9.774209947448148e-11,38.80581577258626,2.5113486079637757e-10,3.332770490712301e-11,6.544509129384698e-10,1.0989725937764382e-09,5.824834546432274e-11,3.5858797760765455
N20003717,41.94123863383668,6.816894847667497e-12,41.91260372897165,2.994911152487595e-10,15.484550674674905,1.4842923317232927e-10,7.04120735220463e-12,1.1531026400549823e-10,7.247809518907608e-10,5.606148275968298e-11,0.661606961158811
N20003718,46.4779686884792,6.516865943251837e-10,29.029497834515656,5.4341176884251016e-09,18.488164443974295,5.554573109949988e-10,1.898215893474757e-09,2.916770921930212e-09,2.7650942314930147e-09,8.85991485084249e-09,6.004369009949612
N20003719,25.61262932660915,3.3667459762198774e-12,34.35006145851427,1.5466582577370089e-10,38.22556979636895,2.433574386228362e-10,8.084428186212235e-12,2.0790253418439588e-10,6.137041807027902e-10,1.4493363043357e-11,1.8117394172620513
N20003720,87.30776139717955,2.465966609561418e-10,1.6567879240185674,7.052738106098117e-11,3.870780721317642,2.733594725339923e-09,1.4174302552593211e-11,3.413270470701021e-09,1.2278001447982748e-09,1.0563623965299583e-11,7.164669949767724
N20003721,45.68492214394212,8.563334824598479e-12,4.205132011997678,2.923540187495761e-10,48.34458445790742,4.789227350167121e-10,2.666185062256343e-11,5.556474458954439e-10,9.659625778694761e-10,2.8014206501698942e-11,1.765361383796674
N20003722,22.5089801494084,2.1384540196693557e-12,6.329435296055911,6.717551668498518e-11,68.18757294212624,4.958551007585085e-10,9.501309650866347e-11,2.887369547407084e-10,9.641429038915207e-10,1.23989468210998e-10,2.9740116103723757
N20003723,66.34625014630701,2.2201017440201094e-10,8.920676265742367,2.9535981291424656e-10,15.77258161318025,6.076981963311274e-10,1.8209927890565276e-11,1.7426160602515849e-09,9.87540543238717e-10,1.0882166786287608e-11,8.960491970886046
N20003724,39.64850484089171,1.1896049481254064e-11,9.256280431910692,2.610265419837148e-11,45.37441411978167,1.0306688470658888e-09,3.432036247456543e-11,9.029658893944042e-11,6.266606661100529e-10,3.5079968696433845e-11,5.720800605560909
N20003725,37.69622912003325,1.9823550484429517e-11,5.4531196866984635,3.518768351071197e-11,52.31042500906145,6.682400360923246e-10,6.121918413074876e-11,1.4978352525943417e-10,7.513497079398432e-10,3.521471729655226e-11,4.540226182486024
N20003726,34.34321998336874,1.4982432692791998e-11,9.771495098847168,1.3110552886622688e-10,51.66711294865615,7.628486814964449e-10,4.0152235968277646e-11,1.1948727966255498e-10,9.291193467497211e-10,1.1392407720248294e-10,4.218171967016318
N20003727,35.25183007347175,3.041301262530071e-11,15.073716375726057,1.7924621062977587e-10,45.42791892538992,1.3570952715888343e-09,6.70666398436502e-11,5.872089447635678e-10,8.725032731679556e-10,5.6133916979264324e-11,4.2465346222626
N20003728,38.88786300904843,7.593467823758873e-12,15.219136229982826,8.826034939145506e-11,39.7222120186642,6.511604500451531e-10,2.7197894381177195e-11,2.7328657011121947e-10,8.194241432652744e-10,7.418618121960361e-11,6.170788740363429
N20003729,42.61259936567551,7.963450144920934e-12,15.542941357912007,6.90971438829951e-11,40.72831645400866,2.30244626044266e-10,1.4288105317135474e-11,7.078836229165886e-11,7.013998646454976e-10,6.354864177176091e-11,1.1161428212464817
N20003730,54.53215938778384,1.3557105441179708e-11,4.616377602877985,7.105715216574286e-11,35.34886918112336,1.5493036803091042e-09,7.880041080915629e-11,2.091416817990071e-10,1.1720229880605368e-09,3.1418683407741624e-10,5.502593824806742
N20003731,44.88809742648851,0.4120696431823439,14.713587395066707,11.49950336204593,20.667223877936795,1.191201286944229e-09,4.6394948103742495,4.573182377599029e-10,5.872315340711794e-10,2.030268045886726e-09,3.1800234806394574
N20003732,57.50585567598433,5.500112184625427e-11,3.107684834640392,9.328151669084628e-11,25.967702652392337,1.0852486816327092e-09,1.3033478718246731e-10,1.385870701546234e-09,2.1279281644812433e-09,3.491013378347727e-10,13.418756831756177
N20003733,59.58106509901763,1.8493368757023232e-11,18.15849073163332,9.729271600715812e-11,20.02037894526855,1.383106149215413e-10,1.1580249956317669e-11,6.008867058503204e-11,4.963255551449062e-10,2.963800710273404e-11,2.240065223228787
N20003734,52.84957165770362,7.140320372173477e-11,41.70975159708133,3.8054776136416067e-10,4.674486788240858,1.4911810301318378e-10,4.034777288202884e-12,3.777711942128179e-10,6.093916073285296e-10,1.0932904734293867e-11,0.7661899553709944
N20003735,81.68575466236695,7.558219501973126e-11,2.666793163629884,6.910291408075437e-11,9.446218364194738,1.1274825863196916e-09,8.075484311140538e-12,8.334249363180342e-10,7.533052559803562e-10,7.772143297558277e-12,6.201233806933679
N20003736,42.82616636736328,2.8045541194285052e-11,42.22826941729678,8.582157512248262e-11,12.356186056854458,3.935913391738529e-10,2.1708608075166267e-11,1.7806858199344408e-10,6.938569041093019e-10,4.940883118335955e-11,2.58937815703497
N20003737,38.80298081786537,0.972062001835772,24.854285664305454,24.180430111718255,7.1009698263031,1.4053917715380012e-10,1.1868714605630057,9.055655842327419e-10,4.6170481467478036e-10,1.823636444025412e-09,2.90240011407758
N20003738,41.597883470880944,0.6238673523504585,19.221396920433552,1.4986306724611547,31.391077614586948,1.9644280416701928e-10,0.7623704350174667,1.3735023962006587e-10,1.967364250540729e-10,6.004310049589739e-11,4.904773533678911
N20003739,40.95319236130069,0.09242916755276141,16.65926091623265,0.33644423755928676,38.53446546269103,8.226699801114696e-11,0.6967554671086283,1.350924953084713e-10,1.7396850848715387e-10,4.2323335759282204e-11,2.727452387121315
N20003740,39.33017185508771,0.13746836235912321,6.874341543635834,1.5645089874092126,46.7802788421157,4.89997516430675e-10,1.3356821981210778,1.1522682835584751e-10,3.198089637537407e-10,1.7999483212649175e-10,3.977548210166304
N20003741,67.99050316120602,0.9938392617268683,2.1354589504518415,1.5384378895021698,19.34680744186755,3.0672542041537164e-10,1.0554745570589048,8.944816276924037e-10,3.929968968964985e-10,2.3169351389544383e-10,6.939478736360738
N20003742,74.278307681656,3.118771244892176,8.607978526792884,3.1931534924428187,6.966216097336223,1.3169602442538544e-10,0.6118373301169355,9.291648608636382e-10,3.21443889050173e-10,2.0791820829510608e-10,3.223735625172739
N20003743,30.451202644562294,0.26705965471569537,9.54746168735268,1.2225876646584346,52.188871084849794,5.030258314576665e-10,1.4693677743859606,7.297849094231702e-11,2.3078386519603938e-10,5.508273054413488e-11,4.853449488613262
N20003744,24.28945286185,0.10863353464538898,2.862103065208389,1.5540933829571357,56.52527504603244,4.26496622257846e-10,11.030672453673668,9.585740211386321e-11,2.7485172835864427e-10,5.832755480255952e-10,3.629769654252499
N20003745,57.06991672678855,0.94974115772108,14.733552537557259,4.283039748386397,19.00574982608239,3.915748770419465e-10,0.8685797844631677,5.020639377040745e-10,3.8767864307191795e-10,1.0857367633750688e-10,3.0894202176112855
N20003746,21.05450650788888,0.07617876458393663,5.47130894057788,8.95798350658593,58.05550357382756,3.0320955923474666e-10,4.582630308128042,2.031599602616645e-10,2.50551419619441e-10,2.7837459002731e-10,1.8018883973724715
N20003747,37.664223325329836,0.15779584726858267,8.662715589189558,4.6622153144135074,43.86166820719353,2.800598195621104e-10,2.0551182113939315,2.451044690907086e-10,4.3155416111136466e-10,5.021678854143201e-10,2.936263503752161
N20003748,22.650195664945876,0.19076801227572726,6.605818718855105,1.0814304153851684,51.643586809275966,1.8916561017481354e-09,12.727541560383267,4.038096311552579e-10,3.313090171895333e-10,4.1061263488536527e-10,5.100658815841501
N20003749,59.40711035785245,2.4006705509400446,6.5039589600826755,8.123668029163603,19.087485293736364,1.89082731812301e-10,1.7424098106049186,1.3503824293284333e-09,4.320751894801937e-10,1.3167969336382252e-10,2.7346969955167175
N20003750,63.35674634900757,3.511973300845984,10.81771195830041,3.726102664845506,9.07466607449702,2.9445972883929703e-10,1.5651637001513792,9.391862753848729e-10,3.213514426510423e-10,2.735401214893579e-10,7.9476359505235825
N20003751,64.85173566783375,3.2907213993287825,8.20663031897214,5.182974139196856,9.24818618871035,1.7744346145719442e-10,0.9076793445692612,3.5630007444310404e-10,2.6082988343016575e-10,3.4988622904111505e-10,8.312072940244386
N20003752,27.878692692518843,0.3854867278096637,6.461470938830864,0.9890475757852195,50.24587918507603,5.852861189308188e-10,3.2638640578429556,3.8877098123381057e-10,3.1600314796587283e-10,1.9260100677719798e-10,10.775558820653776
N20003753,75.56074229860069,0.6998654674788843,3.5728167162922193,3.5423552271052428,13.818506969330338,4.8054148029870295e-11,0.6116842033338652,8.941624070399368e-10,3.3518687052237476e-10,9.7832504394272e-11,2.194029116483519
N20003754,74.51875330045083,2.076851995360911,6.557856493237166,2.9387955657388622,7.7066902034900515,5.397777488964092e-10,0.7039712210722373,5.969892300813985e-10,3.5850155072784685e-10,1.6704450677342202e-10,5.497081218987629
N20003755,47.7069238148732,0.8380645192696817,10.35725068200465,1.9846350803610906,29.441979727920415,1.0339174185962803e-09,3.288247228516853,2.4648626566873986e-10,4.778248775140785e-10,4.0170384836128283e-10,6.382898944894184
N20003756,61.138534443018486,3.4345070150630876,2.9624422395760623,10.982045840491757,15.488090366741151,1.3267920104708464e-10,1.3165531075803978,2.3455348842452127e-10,3.433052739154383e-10,3.651480739072261e-10,4.677826986453371
N20003757,55.286230368667525,0.6277295512942522,17.46441966214925,3.729068335967467,15.077900955035153,8.33373982715138e-11,2.374562715218375,4.6407758491141807e-10,4.302124837761504e-10,1.4377305695871047e-09,5.440088409252628
N20003758,64.64474650243207,1.4726234490506793,10.763509175136221,7.099025353581374,10.79524134568774,8.320614840706919e-11,0.9788848164288808,5.830396518478642e-10,3.9010303756790927e-10,8.975180864383717e-10,4.245969355729164
N20003759,53.028825870356265,3.628196341293636,2.657819464210097,6.852750484046533,22.429253494976347,7.62988948724091e-11,4.386431298128334,3.470492035462373e-10,3.691145201451894e-10,3.0711356527522403e-10,7.0167230458892185
N20003760,32.51208147841094,2.707781741026263,11.470120693072626,29.591640128903062,20.640752264451258,1.0593589574971214e-10,0.6772817128651989,5.578006547546093e-10,4.4067729144745254e-10,1.4536719016193253e-10,2.4003419800208614
N20003761,37.975480754790716,0.44398146937411065,3.2185808329076506,3.0381070721578114,48.359980544145145,3.0161322703554544e-10,1.7903743093985864,2.898887865248136e-10,5.494702995963766e-10,3.424935588025165e-10,5.1734950157425175
N20003762,69.3441401577804,0.28152409468539624,8.148743961542436,1.871899037342672,17.130168800238824,8.975274670141673e-11,0.4184422440696955,1.0674397020558379e-10,2.0836653076783588e-10,3.0961348483321846e-10,2.80508170362611
N20003763,33.368151370335944,4.29398873952691,23.032023296021908,29.728561949519655,7.5286720252393895,1.0686983837225946e-10,0.7150777010923702,2.0236199313254656e-10,3.408942211196528e-10,3.0046524445561244e-10,1.3335249173132504
N20003764,53.863640880613076,0.8766939679285897,12.067512981402803,3.8025130778192766,20.117305172779673,6.70289198528701e-10,0.7566772037697075,5.466340208138282e-10,3.4139090983675417e-10,2.0113815018860808e-10,8.515656713927413
N20003765,78.12435599850996,5.377944849741205,3.59699425562521,2.8935301366345,4.524641965352254,4.0231277551835116e-10,0.5447177072790296,4.2535555344434553e-10,2.385192923077838e-10,1.7927687234188812e-10,4.93781508561241
N20003766,58.312055691506394,1.7926347368822295,21.097857129288588,13.785762460536763,3.97103215422045,6.760922476222581e-11,0.26452296585839513,4.438261376391354e-10,2.3959340724665234e-10,9.704601765739911e-11,0.7761348608590974
N20003767,38.18917039222122,0.5598946012907868,18.70939627917834,0.6524927218985314,33.607793089668554,4.030406686128467e-10,1.482687186640985,2.0496497124985581e-10,2.7583052264358007e-10,6.938035792187452e-11,6.798565728148362
N20003768,62.126109738229786,1.3288652245626356,8.562435796286426,3.5621054375705383,12.898899548061571,3.0384313366719217e-10,3.647434544203677,5.592367453038252e-10,4.0875066607920355e-10,1.2266735666551788e-09,7.874149708586879
N20003769,57.088224739617345,0.9628301934676616,8.902609065127711,4.587568418771574,24.426982628910235,1.8354436815088036e-10,1.0802168855860461,6.580274476045574e-10,5.519958967765365e-10,2.156795451092418e-10,2.9515680669101774
N20003770,39.65174049769754,0.5675772378860667,14.621941649513392,1.2938264590923254,33.72487849296024,2.916853680407873e-10,2.0278241835630744,2.1908294641747474e-10,3.666683053376677e-10,3.290425860497483e-10,8.112211478080892
N20003771,38.61045815249434,1.6623827578852162,22.38314035156484,13.352308056711717,20.404591108745265,1.6260407549223737e-10,1.6022744707374585,2.4972681067931027e-10,4.31704134639121e-10,5.483729715895451e-10,1.9848451004687744
N20003772,67.20871238104554,1.3790266968603373,10.984266551407007,4.687278067102083,12.13002278479696,1.965116584428646e-10,0.6299875068762727,2.9229281810842926e-10,3.6992026598915203e-10,1.9404909449926947e-10,2.980706010859006
N20003773,36.36033325503399,2.635977388191966,5.945565640468288,38.28916354360795,14.525388285371035,1.7280815683562304e-10,1.1259161177127468,2.5155072086032323e-10,4.91839732430001e-10,3.0179155203349944e-10,1.1176557683960406
N20003774,37.745830277816935,1.3475702858933658,8.470342649759965,14.27018875666789,33.62182096472939,3.430828191495013e-10,2.212022722612163,3.776457133822477e-10,5.948583635890657e-10,2.1453209195757587e-10,2.3322243409901877
N20003775,52.03243322849869,10.436806739395603,2.4851576878464647,20.257958111754387,9.532846950995081,1.33066570859331e-10,1.078855402708158,9.040375570005937e-10,5.480081683878861e-10,2.2781814268093554e-10,4.175941876988683
N20003776,34.10195345719303,4.919516978292965,7.567874973159594,26.659664283171768,23.41238602879141,1.5643381569298184e-10,0.7687227993755067,6.073007833218559e-10,6.070477390585496e-10,8.613626738435398e-11,2.5698814785588278
N20003777,50.99108755693842,9.026873284255158,0.791141168260185,22.92653844059359,12.042059830511832,5.059223560026754e-11,0.707860982371831,9.142092712274078e-10,3.5858134156646454e-10,9.913909774135032e-11,3.5144387356464626
N20003778,48.82513898546238,5.930231139676892,5.320887546677546,16.011129545626936,18.538523753306276,1.8872519287575992e-10,1.371569141077637,2.3172301182551603e-10,4.4440756202901563e-10,2.15969174747057e-10,4.002519887091527
N20003779,38.78450660602557,2.4601298142281354,1.1947685757358564,9.499531938853679,28.67307176016492,8.659037207016615e-11,8.481144011144718,1.1712797968967966e-09,7.474705474081486e-10,2.0217356260081714e-09,10.90684728982004
N20003780,40.50854846807317,2.8531302624627037,4.35906472399513,10.747495318976725,32.166981001269264,6.909103196926384e-10,4.193757222709657,3.3279186229196787e-10,6.180550336227764e-10,2.810710676424841e-10,5.171023000590522
