SA2011,Geography,AllUsualResidents,Female_pct,Age_10_19_pct,Median_age,Catholic_background_pct,Protestant_background_pct,NSSeC_higher_pct
N00000001,Aldergrove_1,1113,45.37,7.7,25,14.5,46.4,70.0
N00000002,Aldergrove_2,351,48.43,11.1,38,67.0,29.1,52.6
N00000003,Aldergrove_2,237,50.21,21.1,43,47.3,50.2,51.8
N00000004,Aldergrove_2,616,50.32,20.5,38,51.9,43.3,36.7
N00000005,Aldergrove_2,374,47.59,15.5,39,49.5,43.0,46.9
N00000006,Aldergrove_2,251,52.59,13.9,40,60.2,34.7,46.0
N00000007,Aldergrove_3,245,48.16,14.3,41,25.3,67.8,47.7
N00000008,Aldergrove_3,288,49.65,8.0,40,30.6,56.2,48.9
N00000009,Aldergrove_3,727,51.03,10.6,33,19.4,70.6,56.8
N00000010,Aldergrove_3,242,52.07,11.2,41,12.4,78.9,35.5
N00000011,Balloo,293,50.51,11.3,46,31.4,63.1,33.6
N00000012,Balloo,264,50.38,12.5,43,31.8,62.1,30.0
N00000013,Balloo,268,48.13,8.6,44,33.2,61.6,37.6
N00000014,Balloo,460,51.52,8.9,36,39.1,52.2,34.3
N00000015,Balloo,226,51.33,11.5,51,32.7,63.3,25.9
N00000016,Balloo,223,49.78,11.2,45,22.9,67.7,33.7
N00000017,Ballycraigy,340,57.35,13.5,33,12.6,74.7,30.3
N00000018,Ballycraigy,229,50.22,12.7,36,11.8,77.7,36.4
N00000019,Ballycraigy,261,49.81,14.2,40,5.0,83.1,22.4
N00000020,Ballycraigy,236,55.93,8.1,33,9.7,80.9,32.3
N00000021,Ballycraigy,269,50.19,10.0,39,15.6,72.1,34.3
N00000022,Ballycraigy,269,54.28,14.1,40,13.4,77.0,27.2
N00000023,Ballycraigy,218,51.83,9.6,43,5.0,83.0,21.2
N00000024,Clady,533,48.03,17.4,38,12.0,80.7,47.8
N00000025,Clady,460,49.13,15.4,45,15.0,78.3,41.8
N00000026,Clady,466,50.43,15.7,42,21.9,72.3,47.2
N00000027,Clady,540,47.04,15.4,34,57.2,37.2,42.6
N00000028,Clady,236,47.03,19.1,41,72.5,22.0,39.1
N00000029,Clady,403,47.64,15.9,40,10.2,78.9,46.1
N00000030,Clady,375,48.53,12.3,44,20.3,74.9,44.0
N00000031,Cranfield,707,47.81,17.7,34,88.8,10.2,42.3
N00000032,Cranfield,386,53.11,15.3,39,58.5,36.3,43.0
N00000033,Cranfield,498,46.79,11.8,37,57.6,38.6,40.2
N00000034,Cranfield,474,50.42,9.7,40,39.2,54.0,43.8
N00000035,Cranfield,291,53.26,10.0,35,52.2,43.0,28.8
N00000036,Cranfield,345,51.88,11.9,37,59.1,33.3,42.7
N00000037,Crumlin_1,285,51.58,9.8,44,80.4,17.2,42.0
N00000038,Crumlin_1,406,51.48,17.7,41,76.8,20.0,37.7
N00000039,Crumlin_1,1262,51.51,16.9,31,82.7,15.0,41.0
N00000040,Crumlin_2,265,54.34,14.0,35,75.1,20.8,28.4
N00000041,Crumlin_2,462,55.19,20.6,31,92.6,6.5,48.1
N00000042,Crumlin_2,410,51.71,16.8,34,78.3,19.3,38.1
N00000043,Crumlin_2,1245,51.57,18.6,30,80.3,17.7,44.0
N00000044,Crumlin_2,312,52.56,21.8,31,71.2,22.8,34.2
N00000045,Drumanaway,515,47.18,12.8,37,11.5,83.9,43.1
N00000046,Drumanaway,394,49.24,14.7,42,7.9,85.3,39.4
N00000047,Drumanaway,374,51.34,10.2,47,17.1,77.0,46.0
N00000048,Drumanaway,304,54.61,13.8,35,17.4,75.3,20.5
N00000049,Drumanaway,254,51.18,8.3,36,26.8,66.5,29.2
N00000050,Drumanaway,299,48.49,11.4,45,20.4,75.6,44.0
N00000051,Farranshane,313,51.76,14.4,33,78.0,14.1,22.4
N00000052,Farranshane,309,48.22,14.2,35,61.8,31.4,34.2
N00000053,Farranshane,261,50.19,14.2,33,57.5,28.4,25.0
N00000054,Farranshane,266,56.77,15.0,30,18.8,61.3,34.2
N00000055,Farranshane,266,50.75,11.3,45,20.3,74.4,29.9
N00000056,Farranshane,283,49.47,8.8,41,24.0,65.4,24.2
N00000057,Fountain Hill,279,53.41,17.9,30,21.5,63.4,19.3
N00000058,Fountain Hill,266,54.14,13.2,29,19.9,70.3,29.8
N00000059,Fountain Hill,226,47.79,11.9,33,20.4,60.6,22.4
N00000060,Fountain Hill,394,54.31,9.9,35,26.9,65.0,27.1
N00000061,Fountain Hill,273,51.28,7.3,51,23.8,67.4,46.7
N00000062,Fountain Hill,351,52.71,14.0,46,23.6,67.2,56.2
N00000063,Fountain Hill,431,56.61,11.4,41,18.1,67.1,27.2
N00000064,Greystone,279,48.75,14.3,35,57.3,30.5,18.0
N00000065,Greystone,389,51.41,14.4,47,32.4,60.2,45.5
N00000066,Greystone,264,51.52,6.8,52,43.2,48.9,55.5
N00000067,Greystone,316,53.16,15.2,33,46.8,39.2,20.9
N00000068,Greystone,371,50.40,17.0,41,24.5,63.3,47.1
N00000069,Greystone,334,53.29,18.9,27,50.0,39.5,18.4
N00000070,Massereene_1,243,54.73,10.3,56,42.4,54.7,57.6
N00000071,Massereene_1,283,54.42,3.9,50,44.5,47.0,40.3
N00000072,Massereene_1,1753,49.69,13.6,33,31.8,56.6,45.8
N00000073,Massereene_1,521,55.47,5.4,46,32.2,55.5,34.6
N00000074,Massereene_2,1047,50.43,10.3,31,42.2,48.5,55.7
N00000075,Massereene_2,410,38.54,15.1,31,40.0,47.3,50.5
N00000076,Massereene_2,344,49.71,15.4,38,43.6,48.3,48.1
N00000077,Massereene_2,275,50.91,16.0,40,54.9,41.8,44.0
N00000078,Massereene_2,488,49.59,15.0,33,45.7,42.4,50.2
N00000079,Parkgate,564,51.42,16.7,39,9.6,85.3,53.6
N00000080,Parkgate,424,46.93,15.3,40,6.6,84.4,61.2
N00000081,Parkgate,339,51.33,14.2,45,5.3,88.5,52.0
N00000082,Parkgate,342,48.83,13.7,44,9.1,88.3,51.8
N00000083,Parkgate,650,50.00,18.6,39,7.5,84.5,45.7
N00000084,Parkgate,456,48.03,16.2,43,3.7,88.8,49.1
N00000085,Randalstown_1,437,50.57,10.3,40,57.7,34.6,32.7
N00000086,Randalstown_1,395,50.13,13.9,30,82.0,13.7,39.8
N00000087,Randalstown_1,913,51.15,16.6,37,68.5,27.5,47.5
N00000088,Randalstown_2,216,55.56,9.3,54,17.1,79.6,28.6
N00000089,Randalstown_2,478,50.00,15.9,32,81.8,14.0,47.3
N00000090,Randalstown_2,392,51.28,18.4,36,82.1,13.5,42.8
N00000091,Randalstown_2,476,51.05,9.0,32,69.5,25.2,42.0
N00000092,Shilvodan,504,50.99,14.7,40,12.1,81.5,47.5
N00000093,Shilvodan,421,53.44,15.7,45,50.4,46.8,38.8
N00000094,Shilvodan,492,50.61,14.8,40,41.9,53.9,50.4
N00000095,Shilvodan,468,49.36,13.2,38,68.2,29.3,42.6
N00000096,Shilvodan,464,51.08,11.4,46,15.9,78.2,47.0
N00000097,Springfarm_1,850,50.59,14.6,30,37.1,51.3,41.3
N00000098,Springfarm_1,1192,49.92,10.4,31,36.8,49.9,50.7
N00000099,Springfarm_1,258,54.26,12.8,37,50.4,40.3,29.4
N00000100,Springfarm_1,341,55.72,8.8,35,60.7,26.7,35.8
N00000101,Springfarm_2,282,50.35,14.2,25,47.9,33.7,28.0
N00000102,Springfarm_2,318,49.06,13.5,37,38.1,47.8,46.7
N00000103,Springfarm_2,623,52.97,10.1,32,37.4,48.0,29.5
N00000104,Springfarm_2,322,48.45,11.5,29,54.7,32.9,33.3
N00000105,Steeple,327,51.07,11.6,40,19.9,70.9,21.3
N00000106,Steeple,198,54.04,16.7,35,10.6,77.8,20.9
N00000107,Steeple,269,52.04,11.9,32,16.0,71.4,20.0
N00000108,Steeple,243,50.62,9.9,48,19.3,78.6,40.2
N00000109,Steeple,512,51.76,7.4,32,23.6,65.6,29.6
N00000110,Steeple,258,50.00,10.1,39,18.2,66.3,24.3
N00000111,Stiles,356,49.44,12.6,40,38.5,48.3,48.5
N00000112,Stiles,402,52.24,17.9,32,33.1,54.7,31.8
N00000113,Stiles,309,51.46,12.3,35,38.8,49.2,37.4
N00000114,Stiles,318,48.43,12.9,41,45.3,46.2,42.7
N00000115,Stiles,302,52.32,11.3,35,46.4,40.1,25.9
N00000116,Stiles,287,50.87,12.9,31,32.4,52.6,30.9
N00000117,Stiles,168,52.38,16.1,31,27.4,61.9,14.2
N00000118,Templepatrick,333,49.25,11.4,49,12.9,74.2,55.5
N00000119,Templepatrick,289,52.94,10.4,54,5.9,85.1,59.3
N00000120,Templepatrick,323,53.25,15.2,49,17.0,78.3,53.6
N00000121,Templepatrick,293,53.58,10.2,41,9.9,79.9,46.5
N00000122,Templepatrick,481,50.10,11.0,41,18.5,70.3,55.9
N00000123,Templepatrick,351,51.28,12.8,47,14.2,81.8,69.8
N00000124,Templepatrick,369,53.39,4.9,53,15.7,77.5,56.8
N00000125,Toome,464,54.31,17.5,34,80.8,16.4,37.6
N00000126,Toome,481,51.56,16.8,31,96.3,3.3,29.2
N00000127,Toome,405,49.14,12.3,32,82.7,14.6,31.4
N00000128,Toome,991,48.74,14.7,33,91.9,6.6,33.6
N00000129,Toome,346,56.65,16.8,31,94.2,4.3,15.3
N00000130,Ballygowan_1,498,51.00,20.3,33,4.8,83.3,50.6
N00000131,Ballygowan_1,388,52.58,14.2,44,3.6,89.4,51.8
N00000132,Ballygowan_1,366,49.73,14.2,44,33.1,60.4,43.2
N00000133,Ballygowan_1,322,52.17,6.5,44,29.8,66.5,40.3
N00000134,Ballygowan_2,437,49.89,12.1,39,8.2,81.2,51.5
N00000135,Ballygowan_2,312,47.76,13.5,38,15.4,74.7,27.1
N00000136,Ballygowan_2,507,50.69,14.4,39,6.5,85.6,52.1
N00000137,Ballygowan_2,315,48.57,16.2,41,6.3,82.9,47.1
N00000138,Ballygowan_2,464,51.94,16.8,39,2.8,89.2,54.6
N00000139,Ballyrainey,301,51.50,7.0,51,9.6,80.7,44.5
N00000140,Ballyrainey,333,49.85,7.5,49,12.6,78.4,37.6
N00000141,Ballyrainey,443,54.85,12.9,45,7.9,83.5,29.0
N00000142,Ballyrainey,205,52.68,9.8,46,10.7,76.6,28.0
N00000143,Ballyrainey,215,47.44,9.3,43,9.3,79.5,22.5
N00000144,Ballyrainey,228,51.32,9.6,35,6.1,79.4,27.3
N00000145,Ballyrainey,124,60.48,9.7,57,8.1,82.3,16.2
N00000146,Ballyrainey,271,49.45,14.4,48,11.4,82.3,46.1
N00000147,Ballyrainey,227,46.70,8.8,40,9.3,76.2,33.8
N00000148,Ballywalter_1,676,51.48,12.0,31,3.3,86.2,32.4
N00000149,Ballywalter_1,432,54.17,9.5,39,2.3,89.6,41.3
N00000150,Ballywalter_1,365,52.05,13.4,47,1.6,90.1,53.1
N00000151,Ballywalter_1,283,45.94,9.9,45,5.3,83.7,30.4
N00000152,Ballywalter_1,270,49.63,11.9,44,2.2,90.7,21.0
N00000153,Ballywalter_2,250,54.80,9.6,41,5.2,85.2,25.1
N00000154,Ballywalter_2,259,45.56,13.1,43,5.8,88.8,37.8
N00000155,Ballywalter_2,337,49.55,12.8,43,10.1,78.9,38.3
N00000156,Ballywalter_2,301,54.49,11.6,46,6.0,86.0,47.8
N00000157,Ballywalter_2,368,50.54,10.9,44,14.4,72.6,46.2
N00000158,Ballywalter_2,678,51.03,10.9,44,6.0,80.7,42.3
N00000159,Bradshaw's Brae_1,221,52.49,6.3,53,8.6,77.8,38.0
N00000160,Bradshaw's Brae_1,322,52.80,7.8,49,9.9,82.0,51.5
N00000161,Bradshaw's Brae_1,342,48.83,14.0,50,5.3,85.4,63.7
N00000162,Bradshaw's Brae_1,242,48.35,7.0,48,9.9,80.2,39.2
N00000163,Bradshaw's Brae_1,311,52.09,10.9,44,10.9,73.3,32.1
N00000164,Bradshaw's Brae_2,288,47.92,8.7,50,2.8,90.3,55.2
N00000165,Bradshaw's Brae_2,325,46.46,10.8,46,9.5,85.2,53.8
N00000166,Bradshaw's Brae_2,273,53.11,6.2,52,7.0,83.5,53.0
N00000167,Bradshaw's Brae_2,379,52.77,14.2,45,5.0,87.9,54.7
N00000168,Bradshaw's Brae_2,345,51.30,10.7,48,6.7,84.1,52.3
N00000169,Carrowdore_1,704,49.01,12.5,47,4.1,87.4,46.0
N00000170,Carrowdore_1,370,50.27,14.3,38,1.4,85.1,36.6
N00000171,Carrowdore_1,416,53.37,16.3,43,4.8,86.3,49.5
N00000172,Carrowdore_2,772,49.09,11.4,44,4.0,83.4,45.4
N00000173,Carrowdore_2,373,47.72,9.1,46,0.8,92.8,49.0
N00000174,Carrowdore_2,393,55.98,13.0,35,3.1,84.5,28.8
N00000175,Carrowdore_2,373,50.67,9.7,38,2.9,90.1,43.4
N00000176,Central,474,52.95,11.0,42,10.3,79.1,29.6
N00000177,Central,323,52.94,8.7,41,14.9,73.1,27.1
N00000178,Central,667,55.02,11.4,45,14.8,72.9,29.5
N00000179,Central,852,51.29,7.6,40,10.8,74.2,37.3
N00000180,Central,280,57.14,11.4,39,5.7,84.3,21.2
N00000181,Central,274,41.97,6.9,43,11.3,75.9,31.9
N00000182,Comber East_1,228,55.70,5.7,38,3.5,89.0,41.2
N00000183,Comber East_1,293,48.81,11.3,36,6.5,75.1,54.1
N00000184,Comber East_1,372,56.45,5.6,47,7.8,78.8,47.3
N00000185,Comber East_1,211,54.03,5.7,60,1.9,92.9,41.7
N00000186,Comber East_1,299,54.85,13.0,34,4.0,83.9,37.2
N00000187,Comber East_1,255,56.47,12.2,41,7.1,80.0,25.3
N00000188,Comber East_2,347,51.87,15.3,34,3.2,83.9,28.9
N00000189,Comber East_2,341,52.79,15.2,40,1.2,89.4,52.8
N00000190,Comber East_2,304,49.67,11.8,46,0.0,93.1,48.6
N00000191,Comber East_2,303,47.52,10.2,49,4.3,90.8,44.7
N00000192,Comber North_1,302,53.64,9.9,37,9.3,79.1,33.2
N00000193,Comber North_1,291,54.64,17.9,30,6.9,75.6,29.1
N00000194,Comber North_1,255,54.51,7.1,44,6.3,83.9,35.5
N00000195,Comber North_1,246,54.47,7.7,54,3.7,88.2,28.8
N00000196,Comber North_1,237,56.54,13.1,49,7.2,83.1,20.1
N00000197,Comber North_2,326,50.92,13.8,37,6.7,85.3,46.2
N00000198,Comber North_2,287,51.92,9.1,38,5.9,84.0,46.1
N00000199,Comber North_2,350,52.00,14.0,40,5.7,84.9,51.3
N00000200,Comber North_2,331,53.78,10.3,36,3.0,90.6,46.3
N00000201,Comber West_1,294,53.40,5.8,53,0.0,92.2,53.9
N00000202,Comber West_1,304,52.30,9.5,53,4.3,89.1,62.0
N00000203,Comber West_1,334,48.20,12.0,49,8.7,80.2,41.6
N00000204,Comber West_1,393,51.15,8.9,44,3.6,83.5,44.3
N00000205,Comber West_2,303,49.17,12.2,41,8.6,79.9,52.4
N00000206,Comber West_2,390,52.05,4.4,43,5.4,83.1,52.1
N00000207,Comber West_2,253,50.99,9.1,43,5.5,84.2,45.1
N00000208,Comber West_2,316,50.00,9.5,46,1.3,93.0,57.5
N00000209,Comber West_2,356,50.00,17.1,43,2.5,84.8,59.6
N00000210,Donaghadee North_1,383,57.44,6.3,49,9.4,78.3,38.8
N00000211,Donaghadee North_1,528,53.60,6.8,54,8.7,81.1,41.5
N00000212,Donaghadee North_1,175,49.71,12.6,43,7.4,76.6,35.6
N00000213,Donaghadee North_1,281,47.69,7.1,50,8.2,79.0,52.3
N00000214,Donaghadee North_1,323,53.87,7.7,44,7.7,81.4,51.9
N00000215,Donaghadee North_2,400,50.75,12.0,47,6.8,82.5,52.9
N00000216,Donaghadee North_2,397,49.62,11.8,44,5.0,82.1,45.2
N00000217,Donaghadee North_2,479,51.36,15.2,51,9.0,86.4,65.1
N00000218,Donaghadee North_2,361,49.03,12.5,51,4.7,85.6,65.0
N00000219,Donaghadee South_1,245,46.94,9.0,41,5.3,82.0,19.7
N00000220,Donaghadee South_1,284,47.54,16.2,30,1.8,83.5,17.2
N00000221,Donaghadee South_1,262,54.20,13.7,41,2.7,88.9,24.2
N00000222,Donaghadee South_1,298,54.36,10.4,44,3.0,88.9,44.1
N00000223,Donaghadee South_1,319,49.53,16.6,45,5.6,87.1,42.1
N00000224,Donaghadee South_2,243,47.33,10.3,43,7.4,79.0,41.0
N00000225,Donaghadee South_2,147,57.14,6.8,66,6.1,87.8,41.1
N00000226,Donaghadee South_2,261,56.70,12.3,52,8.4,81.6,51.3
N00000227,Donaghadee South_2,195,52.31,6.7,55,6.2,82.6,35.6
N00000228,Donaghadee South_2,306,50.65,9.8,50,2.9,93.5,42.1
N00000229,Donaghadee South_2,395,52.15,12.4,48,4.6,85.6,48.2
N00000230,Glen_1,293,55.97,14.0,35,7.5,78.2,28.4
N00000231,Glen_1,324,53.40,15.1,26,5.9,67.9,13.7
N00000232,Glen_1,309,52.75,14.6,35,12.6,72.5,28.4
N00000233,Glen_1,258,50.39,6.2,40,6.6,76.0,37.7
N00000234,Glen_1,256,50.39,10.5,37,17.6,66.4,31.2
N00000235,Glen_2,323,53.87,12.7,43,10.2,79.6,45.8
N00000236,Glen_2,291,53.95,18.2,32,7.2,80.1,34.3
N00000237,Glen_2,416,47.84,16.3,43,5.8,81.7,58.5
N00000238,Glen_2,306,51.31,8.5,53,4.2,90.5,67.5
N00000239,Gregstown_1,254,53.54,13.4,37,2.8,78.7,23.7
N00000240,Gregstown_1,354,58.47,20.1,26,4.8,78.8,27.1
N00000241,Gregstown_1,424,48.35,20.3,42,9.2,80.2,63.6
N00000242,Gregstown_1,360,50.83,18.6,41,5.3,86.4,56.8
N00000243,Gregstown_2,265,52.08,12.8,44,10.2,76.6,34.0
N00000244,Gregstown_2,275,53.45,13.1,38,8.0,82.5,25.5
N00000245,Gregstown_2,314,50.00,9.2,44,9.2,79.0,40.3
N00000246,Gregstown_2,309,53.72,11.3,39,9.1,82.2,28.8
N00000247,Gregstown_2,309,48.87,9.4,48,7.1,83.5,44.0
N00000248,Gregstown_3,337,50.15,12.8,46,6.8,84.6,51.9
N00000249,Gregstown_3,386,48.45,13.2,34,8.3,76.7,46.4
N00000250,Gregstown_3,401,52.37,12.5,37,5.0,81.8,51.3
N00000251,Gregstown_3,456,50.66,20.0,32,5.7,81.6,52.1
N00000252,Killinchy_1,345,48.99,16.8,43,4.1,82.6,55.0
N00000253,Killinchy_1,499,49.10,11.6,42,4.0,90.6,43.4
N00000254,Killinchy_1,315,50.79,13.7,45,2.9,90.2,55.5
N00000255,Killinchy_1,351,50.43,11.1,47,10.8,79.8,50.4
N00000256,Killinchy_2,780,49.36,11.5,46,9.4,77.7,60.4
N00000257,Killinchy_2,447,54.14,12.8,39,4.3,85.9,45.4
N00000258,Killinchy_2,379,51.72,20.1,45,9.2,83.4,60.7
N00000259,Kircubbin_1,465,51.83,12.7,41,59.8,34.0,43.0
N00000260,Kircubbin_1,560,49.82,10.7,36,36.2,55.9,44.4
N00000261,Kircubbin_1,561,49.55,13.4,38,59.0,34.9,42.2
N00000262,Kircubbin_1,419,49.64,13.6,41,58.9,34.1,43.3
N00000263,Kircubbin_2,239,49.79,13.8,41,63.2,31.8,28.0
N00000264,Kircubbin_2,566,50.53,17.5,31,63.3,29.7,35.0
N00000265,Kircubbin_2,351,51.85,14.5,43,70.1,25.4,24.9
N00000266,Kircubbin_2,328,48.78,14.9,40,61.9,33.2,42.1
N00000267,Lisbane_1,431,48.72,19.0,45,3.2,87.2,63.6
N00000268,Lisbane_1,384,46.61,12.0,43,5.2,85.9,52.5
N00000269,Lisbane_1,347,47.84,12.1,49,4.6,89.9,50.4
N00000270,Lisbane_1,371,49.87,10.5,46,4.6,83.6,40.1
N00000271,Lisbane_2,380,48.68,12.9,44,6.3,85.5,52.4
N00000272,Lisbane_2,295,54.58,7.8,48,7.1,83.1,41.8
N00000273,Lisbane_2,460,48.70,18.3,45,6.1,81.1,61.1
N00000274,Lisbane_2,468,51.71,8.8,44,7.5,84.4,51.7
N00000275,Loughries_1,291,50.52,13.7,45,10.0,80.1,38.2
N00000276,Loughries_1,315,52.70,12.1,38,6.3,80.0,40.9
N00000277,Loughries_1,310,49.68,17.4,37,4.8,81.6,44.9
N00000278,Loughries_1,304,51.64,12.2,38,7.2,84.5,40.3
N00000279,Loughries_1,181,51.93,7.2,31,7.7,76.2,50.7
N00000280,Loughries_1,392,57.91,13.8,28,5.6,73.5,29.1
N00000281,Loughries_2,349,50.72,12.3,49,5.2,88.0,47.2
N00000282,Loughries_2,364,49.18,13.5,44,8.5,76.9,42.8
N00000283,Loughries_2,346,50.00,13.9,41,7.8,77.5,53.5
N00000284,Loughries_2,382,53.93,15.2,32,5.0,77.5,38.8
N00000285,Loughries_2,322,55.59,17.4,28,4.7,75.5,23.9
N00000286,Millisle_1,271,51.66,11.8,47,1.5,91.5,37.4
N00000287,Millisle_1,297,52.19,8.8,37,4.4,78.8,21.5
N00000288,Millisle_1,353,52.12,9.9,37,2.3,78.2,44.3
N00000289,Millisle_1,496,50.00,11.7,32,2.8,85.5,42.8
N00000290,Millisle_1,271,54.61,10.3,43,2.2,91.9,23.3
N00000291,Millisle_2,512,50.78,8.2,39,3.9,84.0,41.5
N00000292,Millisle_2,731,50.89,13.4,37,5.9,82.4,51.6
N00000293,Millisle_2,522,50.96,14.4,35,6.7,80.7,65.3
N00000294,Millisle_2,405,54.07,10.9,45,4.0,87.4,46.3
N00000295,Millisle_2,421,57.48,11.9,46,9.3,74.1,55.5
N00000296,Movilla_1,287,55.40,13.2,38,10.1,81.5,46.2
N00000297,Movilla_1,371,50.40,7.0,50,10.5,83.3,42.8
N00000298,Movilla_1,335,49.55,16.1,36,6.9,77.6,40.6
N00000299,Movilla_1,324,51.23,7.1,42,11.4,78.4,46.8
N00000300,Movilla_1,296,54.39,10.8,41,12.8,82.1,36.2
N00000301,Movilla_2,366,50.00,14.5,35,11.2,76.8,56.7
N00000302,Movilla_2,363,51.79,17.4,40,6.9,79.1,49.1
N00000303,Movilla_2,318,49.37,13.2,37,5.7,83.6,50.9
N00000304,Movilla_2,342,46.49,13.7,31,10.8,74.6,47.1
N00000305,Movilla_2,395,47.85,16.5,40,3.5,87.8,60.8
N00000306,Movilla_3,381,49.61,16.8,35,7.1,78.5,51.7
N00000307,Movilla_3,355,50.14,15.8,37,7.3,81.1,43.9
N00000308,Movilla_3,277,50.90,15.5,41,9.7,76.2,44.8
N00000309,Movilla_3,378,49.47,19.6,38,7.7,77.2,50.0
N00000310,Portaferry_1,408,51.72,12.3,49,66.4,30.4,41.3
N00000311,Portaferry_1,333,47.45,9.6,44,80.2,14.4,37.1
N00000312,Portaferry_1,512,48.44,14.3,38,68.4,26.0,37.7
N00000313,Portaferry_1,636,50.79,16.0,33,84.3,12.6,39.0
N00000314,Portaferry_2,358,46.37,11.2,38,86.6,9.8,31.8
N00000315,Portaferry_2,345,47.25,12.2,36,81.2,14.8,22.5
N00000316,Portaferry_2,374,49.47,16.3,40,89.3,7.2,33.5
N00000317,Portaferry_2,447,48.55,10.3,43,79.0,16.1,36.2
N00000318,Portavogie_1,344,50.29,16.0,43,4.1,87.8,39.5
N00000319,Portavogie_1,819,48.96,13.2,36,2.3,86.8,33.9
N00000320,Portavogie_1,318,51.89,10.7,46,5.3,88.4,28.8
N00000321,Portavogie_1,517,50.87,12.4,36,4.6,89.2,31.4
N00000322,Portavogie_1,389,48.33,12.1,39,4.1,86.4,32.5
N00000323,Portavogie_2,472,50.42,14.0,40,35.8,55.9,43.9
N00000324,Portavogie_2,376,51.60,15.2,46,36.7,56.1,46.3
N00000325,Portavogie_2,538,53.90,13.4,38,24.3,66.9,42.5
N00000326,Portavogie_2,946,51.90,10.7,36,6.3,79.6,39.5
N00000327,Scrabo_1,325,49.85,15.4,32,5.8,75.4,25.5
N00000328,Scrabo_1,291,52.92,18.2,33,4.8,81.8,24.1
N00000329,Scrabo_1,402,52.49,13.2,36,6.2,82.8,27.3
N00000330,Scrabo_1,539,51.58,10.8,34,5.4,81.1,57.2
N00000331,Scrabo_2,612,54.25,16.3,35,5.4,83.7,35.7
N00000332,Scrabo_2,284,53.87,10.9,33,7.0,75.4,21.2
N00000333,Scrabo_2,293,56.66,14.7,31,3.4,85.0,19.0
N00000334,Scrabo_2,294,52.72,15.0,32,5.8,75.2,22.6
N00000335,Whitespots_1,326,51.53,9.5,44,13.2,72.7,48.8
N00000336,Whitespots_1,330,52.12,9.7,53,10.9,80.3,51.2
N00000337,Whitespots_1,282,51.06,9.6,50,8.9,79.4,57.2
N00000338,Whitespots_1,308,52.60,9.7,48,18.2,74.0,49.6
N00000339,Whitespots_1,294,50.34,10.5,44,15.0,77.2,53.1
N00000340,Whitespots_2,427,53.63,9.8,49,10.5,83.4,45.2
N00000341,Whitespots_2,348,50.29,13.5,47,10.1,79.9,57.8
N00000342,Whitespots_2,359,50.70,15.0,36,7.2,83.3,53.1
N00000343,Whitespots_2,351,47.01,15.7,37,6.3,81.8,49.4
N00000344,Abbey Park,406,46.55,10.8,40,78.6,19.2,16.0
N00000345,Abbey Park,416,50.72,12.5,39,93.0,6.2,15.3
N00000346,Abbey Park,685,52.99,17.5,29,91.7,6.3,36.2
N00000347,Abbey Park,257,50.58,7.0,45,88.7,6.2,25.4
N00000348,Abbey Park,426,56.10,13.4,44,84.0,14.3,36.1
N00000349,Abbey Park,368,49.46,13.3,37,88.0,7.1,41.2
N00000350,Ballymartim,577,47.83,13.5,33,82.7,15.3,36.8
N00000351,Ballymartim,414,47.83,17.9,37,64.5,31.9,33.0
N00000352,Ballymartim,466,46.14,18.9,35,90.8,8.2,36.4
N00000353,Ballymartim,422,49.53,13.0,40,63.3,35.1,33.8
N00000354,Ballymartim,405,47.65,15.8,39,42.2,57.3,37.8
N00000355,Ballymartim,441,47.85,14.3,36,68.7,30.6,34.7
N00000356,Callan Bridge,414,55.07,19.8,27,94.2,2.2,23.3
N00000357,Callan Bridge,1212,54.62,14.2,29,90.5,4.3,25.8
N00000358,Callan Bridge,371,51.48,15.9,31,93.5,3.0,19.7
N00000359,Callan Bridge,820,50.12,8.5,38,71.1,19.6,25.8
N00000360,Carrigatuke,423,53.19,18.9,32,85.8,12.8,28.9
N00000361,Carrigatuke,413,49.15,10.2,36,58.4,37.0,27.5
N00000362,Carrigatuke,390,44.87,19.0,34,68.7,30.5,29.2
N00000363,Carrigatuke,484,47.93,15.9,34,88.8,10.7,32.2
N00000364,Carrigatuke,475,46.53,15.6,36,45.5,53.9,28.9
N00000365,Carrigatuke,255,50.98,14.9,31,77.3,21.6,25.1
N00000366,Charlemont,536,49.44,14.4,31,78.5,17.5,29.0
N00000367,Charlemont,351,51.85,12.8,35,91.2,8.0,22.4
N00000368,Charlemont,544,47.43,14.3,37,77.8,19.7,31.8
N00000369,Charlemont,411,49.88,16.3,38,44.8,50.1,34.2
N00000370,Charlemont,485,49.69,14.0,37,46.2,51.3,34.6
N00000371,Charlemont,447,50.34,19.9,35,54.1,43.4,34.5
N00000372,Demesne_1,380,51.84,12.6,33,65.5,28.9,43.9
N00000373,Demesne_1,437,50.34,13.3,35,56.5,35.9,52.7
N00000374,Demesne_1,348,53.74,12.4,38,60.3,35.9,55.6
N00000375,Demesne_1,303,54.79,10.6,50,56.8,39.3,50.7
N00000376,Demesne_2,261,49.81,9.6,44,50.2,47.5,44.2
N00000377,Demesne_2,268,52.24,9.0,46,44.8,52.6,51.1
N00000378,Demesne_2,289,60.90,16.3,35,57.4,40.1,23.3
N00000379,Demesne_2,490,51.22,18.6,34,50.4,46.5,45.8
N00000380,Derrynoose,532,46.80,15.4,34,92.5,7.3,31.5
N00000381,Derrynoose,979,52.30,17.5,29,88.5,9.8,29.2
N00000382,Derrynoose,557,48.29,15.4,33,89.6,9.7,36.0
N00000383,Derrynoose,472,48.94,16.5,32,53.4,45.1,27.1
N00000384,Derrynoose,490,47.14,16.7,31,89.0,10.0,31.5
N00000385,Derrynoose,445,49.89,17.3,35,61.6,36.0,34.1
N00000386,Downs,291,53.95,11.0,33,87.6,7.9,23.5
N00000387,Downs,227,50.66,10.6,43,90.3,7.5,25.6
N00000388,Downs,1602,53.25,14.2,33,90.8,7.4,32.9
N00000389,Downs,445,50.79,13.3,39,93.5,5.4,45.5
N00000390,Hamiltonsbawn_1,972,50.82,15.7,37,14.7,83.1,41.1
N00000391,Hamiltonsbawn_1,524,48.85,13.0,38,8.2,84.5,41.1
N00000392,Hamiltonsbawn_2,1399,50.96,12.4,33,6.3,87.8,40.2
N00000393,Hamiltonsbawn_2,459,50.98,10.5,39,5.0,91.9,42.7
N00000394,Hockley,406,46.06,13.3,43,10.3,83.0,45.4
N00000395,Hockley,508,49.02,10.0,46,27.2,69.3,37.5
N00000396,Hockley,376,49.47,12.0,44,25.3,71.3,42.7
N00000397,Hockley,520,46.73,14.8,39,36.2,58.7,48.3
N00000398,Hockley,463,49.03,14.0,42,5.2,93.1,44.8
N00000399,Hockley,304,52.96,10.9,38,3.6,93.1,34.4
N00000400,Keady,240,49.58,10.4,40,93.8,5.0,21.8
N00000401,Keady,286,50.70,11.5,39,94.1,3.5,26.0
N00000402,Keady,248,56.05,7.3,46,87.9,9.7,25.1
N00000403,Keady,522,53.45,11.5,34,89.1,9.4,34.5
N00000404,Keady,276,43.84,9.1,43,94.6,5.4,15.7
N00000405,Keady,223,50.67,15.7,38,86.5,10.8,20.1
N00000406,Killeen,397,49.37,11.6,35,19.4,78.8,36.2
N00000407,Killeen,1125,47.20,18.2,32,71.7,26.0,32.8
N00000408,Killeen,468,49.36,17.9,36,66.9,30.3,32.6
N00000409,Killeen,403,52.36,9.9,41,11.9,84.9,37.9
N00000410,Killeen,392,48.47,14.8,40,20.4,77.8,39.9
N00000411,Killylea,355,46.20,15.5,34,93.0,6.8,29.8
N00000412,Killylea,438,47.26,13.9,37,55.0,43.6,33.1
N00000413,Killylea,442,47.06,14.5,34,83.0,16.5,31.2
N00000414,Killylea,380,46.84,17.9,38,38.2,59.2,29.2
N00000415,Killylea,439,51.94,11.6,34,13.2,82.9,34.0
N00000416,Killylea,420,48.33,13.8,37,35.0,60.2,39.8
N00000417,Laurelvale,533,48.03,12.8,32,7.3,85.2,42.6
N00000418,Laurelvale,857,50.29,12.1,35,9.3,85.9,44.4
N00000419,Laurelvale,354,50.00,11.6,43,27.1,67.5,48.9
N00000420,Laurelvale,339,51.33,10.0,50,13.6,80.8,44.6
N00000421,Laurelvale,530,49.25,14.5,36,3.8,89.2,46.1
N00000422,Laurelvale,422,49.05,14.0,37,7.6,85.8,30.1
N00000423,Loughgall,461,47.29,15.6,39,23.9,71.1,39.4
N00000424,Loughgall,561,50.80,15.0,30,80.0,17.8,36.8
N00000425,Loughgall,363,49.59,17.4,38,39.7,57.3,43.6
N00000426,Loughgall,307,50.49,14.7,42,13.7,83.7,31.7
N00000427,Loughgall,339,51.03,15.0,38,55.5,36.9,31.7
N00000428,Loughgall,398,51.51,13.1,35,23.6,73.9,33.7
N00000429,Loughgall,474,48.52,18.6,37,22.8,74.9,43.8
N00000430,Markethill,497,49.90,16.7,38,5.2,91.5,36.6
N00000431,Markethill,361,51.52,16.9,34,23.5,73.4,30.5
N00000432,Markethill,285,54.04,16.8,41,5.3,91.2,29.2
N00000433,Markethill,280,51.79,7.9,43,28.9,68.9,22.7
N00000434,Markethill,445,52.58,12.8,34,10.1,83.6,25.8
N00000435,Markethill,430,53.26,11.9,33,28.6,65.3,29.0
N00000436,Markethill,522,51.53,16.7,34,9.6,83.1,41.0
N00000437,Milford,664,48.49,18.7,32,75.5,22.6,42.7
N00000438,Milford,475,44.42,14.7,39,61.3,36.8,42.9
N00000439,Milford,419,44.87,16.9,36,44.4,53.9,40.1
N00000440,Milford,417,49.88,17.7,32,78.2,21.3,23.7
N00000441,Milford,311,47.27,11.6,39,78.5,16.4,35.9
N00000442,Milford,444,54.05,9.2,32,70.3,26.4,37.5
N00000443,Observatory,488,53.07,15.4,39,44.1,50.4,57.2
N00000444,Observatory,566,54.24,9.4,37,45.8,46.6,34.6
N00000445,Observatory,397,47.10,15.6,42,55.4,41.8,62.4
N00000446,Observatory,336,54.17,12.5,40,59.8,38.1,53.7
N00000447,Observatory,309,56.31,10.7,50,40.8,57.0,50.7
N00000448,Observatory,246,50.81,6.9,43,75.2,17.9,27.4
N00000449,Poyntz Pass,435,48.74,16.6,37,14.3,82.3,37.9
N00000450,Poyntz Pass,491,52.55,10.2,36,56.2,39.5,43.5
N00000451,Poyntz Pass,493,49.09,9.5,35,67.7,30.6,45.6
N00000452,Poyntz Pass,452,49.34,18.8,37,27.4,69.5,37.0
N00000453,Poyntz Pass,335,49.25,20.0,41,22.1,72.5,25.4
N00000454,Poyntz Pass,514,49.61,16.1,36,15.6,79.6,38.3
N00000455,Rich Hill_1,273,51.28,7.3,34,6.2,89.7,33.2
N00000456,Rich Hill_1,322,52.80,14.0,37,5.0,90.1,61.9
N00000457,Rich Hill_1,347,47.84,16.4,36,4.6,91.6,42.1
N00000458,Rich Hill_1,366,52.19,18.3,44,5.7,91.3,52.4
N00000459,Rich Hill_2,690,49.57,12.9,38,8.7,87.4,41.5
N00000460,Rich Hill_2,359,48.19,12.8,35,13.4,79.1,36.1
N00000461,Rich Hill_2,421,49.88,15.2,39,2.4,92.6,44.1
N00000462,Rich Hill_2,232,55.60,11.2,36,6.0,79.7,29.9
N00000463,Tandragee,777,49.68,9.4,36,22.7,70.0,32.3
N00000464,Tandragee,436,49.54,13.5,33,7.3,86.9,45.9
N00000465,Tandragee,305,49.51,12.1,35,13.8,79.7,28.2
N00000466,Tandragee,375,50.13,9.6,44,7.7,86.4,50.7
N00000467,Tandragee,290,53.10,12.8,46,10.0,86.2,33.5
N00000468,Tandragee,302,52.32,12.9,43,10.6,82.5,44.5
N00000469,Tandragee,440,49.09,14.5,36,9.1,86.1,36.8
N00000470,The Mall,286,54.55,15.4,35,37.1,56.6,37.7
N00000471,The Mall,286,54.55,10.5,38,7.3,84.3,29.8
N00000472,The Mall,222,47.30,5.4,45,40.1,50.5,27.4
N00000473,The Mall,202,49.50,10.4,46,14.4,83.2,36.6
N00000474,The Mall,250,50.80,13.6,55,39.2,53.6,50.3
N00000475,The Mall,238,53.36,13.9,37,17.6,76.1,24.1
N00000476,The Mall,256,51.95,10.2,42,5.1,91.0,31.0
N00000477,Academy,721,51.04,13.2,45,13.9,82.0,58.7
N00000478,Academy,294,47.96,11.2,41,34.4,60.9,20.8
N00000479,Academy,280,51.79,11.1,57,8.6,83.6,63.1
N00000480,Academy,335,51.64,10.1,52,6.6,85.4,47.3
N00000481,Academy,469,53.94,9.2,51,18.6,76.3,44.2
N00000482,Ahoghill_1,225,52.89,8.9,50,4.4,91.6,24.7
N00000483,Ahoghill_1,285,52.63,9.5,51,3.9,90.9,36.6
N00000484,Ahoghill_1,330,54.24,11.5,37,3.9,91.2,20.5
N00000485,Ahoghill_1,241,44.81,12.0,40,0.8,92.5,29.6
N00000486,Ahoghill_1,372,46.77,22.8,35,4.8,90.6,42.5
N00000487,Ahoghill_2,290,49.31,9.7,40,2.1,93.8,36.4
N00000488,Ahoghill_2,409,50.86,18.6,37,6.1,91.0,39.8
N00000489,Ahoghill_2,282,48.58,11.0,39,4.6,89.4,38.6
N00000490,Ahoghill_2,515,53.20,10.7,33,8.5,85.0,45.3
N00000491,Ahoghill_2,525,52.76,12.2,34,8.0,88.2,43.6
N00000492,Ahoghill_2,414,51.21,8.5,33,10.9,82.6,42.2
N00000493,Ardeevin,331,51.36,12.1,49,20.8,75.8,62.4
N00000494,Ardeevin,825,52.36,13.1,41,22.2,70.7,53.1
N00000495,Ardeevin,336,50.60,6.8,48,15.2,79.2,51.8
N00000496,Ardeevin,837,54.12,12.1,33,13.5,76.5,51.1
N00000497,Ardeevin,837,51.85,11.1,32,12.2,75.6,42.3
N00000498,Ardeevin,337,52.82,9.2,49,21.4,67.7,53.2
N00000499,Ballee,296,51.35,4.7,40,9.5,83.4,29.1
N00000500,Ballee,503,55.47,10.5,46,3.8,92.0,18.5
N00000501,Ballee,300,53.33,12.3,41,7.0,82.3,24.3
N00000502,Ballee,196,57.14,9.7,29,4.6,78.6,13.8
N00000503,Ballee,395,53.42,20.0,26,9.9,81.3,17.7
N00000504,Ballee,236,46.19,16.5,29,5.1,86.0,10.7
N00000505,Ballykeel,225,49.78,14.2,36,7.1,84.4,18.9
N00000506,Ballykeel,282,51.06,10.3,40,4.3,89.0,25.9
N00000507,Ballykeel,269,55.02,19.7,34,4.8,88.8,13.8
N00000508,Ballykeel,316,55.06,14.9,43,3.8,92.1,29.8
N00000509,Ballykeel,357,50.70,17.6,29,5.9,80.4,18.0
N00000510,Ballykeel,290,57.59,17.2,26,9.0,76.2,14.5
N00000511,Ballyloughan,520,55.77,11.7,53,28.3,65.0,50.1
N00000512,Ballyloughan,430,50.00,11.2,51,25.1,69.1,44.2
N00000513,Ballyloughan,327,52.91,13.1,41,17.4,76.8,44.5
N00000514,Ballyloughan,357,53.50,7.0,46,19.0,77.6,50.4
N00000515,Ballyloughan,345,51.88,13.3,41,19.1,73.6,46.9
N00000516,Ballyloughan,215,54.88,13.0,50,12.1,82.8,50.3
N00000517,Ballyloughan,394,55.84,9.6,51,16.2,74.6,49.3
N00000518,Broughshane_1,311,48.87,13.5,44,11.6,80.1,48.6
N00000519,Broughshane_1,260,48.85,8.5,50,6.2,90.4,48.2
N00000520,Broughshane_1,612,53.76,8.3,45,2.5,90.8,34.7
N00000521,Broughshane_1,413,50.36,9.4,39,7.0,84.3,37.7
N00000522,Broughshane_2,451,54.99,10.2,40,5.3,90.7,36.9
N00000523,Broughshane_2,397,53.90,12.1,41,4.0,91.4,47.6
N00000524,Broughshane_2,488,49.18,12.3,39,6.8,87.1,50.0
N00000525,Broughshane_2,431,51.74,11.8,41,3.2,90.3,40.2
N00000526,Castle Demesne,260,48.08,10.0,37,41.2,48.1,28.0
N00000527,Castle Demesne,344,47.67,11.3,31,24.1,61.6,24.7
N00000528,Castle Demesne,247,45.34,8.5,37,32.4,58.7,23.0
N00000529,Castle Demesne,238,50.84,8.4,48,35.7,55.0,25.4
N00000530,Castle Demesne,292,54.11,8.6,44,41.8,54.5,34.5
N00000531,Castle Demesne,317,52.37,10.7,37,58.0,33.1,19.4
N00000532,Castle Demesne,214,48.60,6.1,38,55.1,40.7,20.4
N00000533,Castle Demesne,214,61.68,2.3,71,20.6,74.3,22.0
N00000534,Craigywarren,490,46.73,13.3,39,5.5,89.6,43.7
N00000535,Craigywarren,519,49.71,12.1,41,3.9,90.9,36.4
N00000536,Craigywarren,392,46.17,9.4,40,9.9,83.7,39.9
N00000537,Craigywarren,413,49.88,11.4,46,1.7,94.7,40.9
N00000538,Craigywarren,395,50.13,12.7,44,6.3,90.1,44.1
N00000539,Craigywarren,381,47.51,13.9,43,13.4,81.1,38.1
N00000540,Cullybackey,291,49.14,9.3,52,1.7,94.2,31.5
N00000541,Cullybackey,407,51.35,11.3,40,1.7,93.6,46.2
N00000542,Cullybackey,265,59.25,7.5,51,1.5,92.5,44.3
N00000543,Cullybackey,389,52.19,13.9,37,3.1,85.6,26.5
N00000544,Cullybackey,273,54.95,11.0,38,8.4,84.2,23.6
N00000545,Cullybackey,288,53.47,8.7,41,4.5,86.1,33.2
N00000546,Cullybackey,280,50.71,10.4,40,6.1,88.2,22.5
N00000547,Cullybackey,327,51.38,14.1,32,2.1,89.9,23.7
N00000548,Cullybackey,285,47.72,13.7,36,6.7,84.9,23.1
N00000549,Dunclug,215,54.88,14.9,45,47.9,43.3,18.8
N00000550,Dunclug,429,53.38,9.8,35,48.7,41.3,41.3
N00000551,Dunclug,269,51.67,19.0,26,50.9,38.7,24.7
N00000552,Dunclug,254,50.79,9.1,35,60.6,34.3,29.6
N00000553,Dunclug,347,52.45,19.9,29,58.5,31.7,22.5
N00000554,Dunclug,250,50.00,13.6,28,64.0,30.0,15.1
N00000555,Dunclug,251,56.18,10.8,32,67.7,22.7,22.1
N00000556,Dunclug,348,58.05,17.0,25,57.5,35.3,23.9
N00000557,Dunminning,552,49.46,14.9,36,34.1,61.2,36.2
N00000558,Dunminning,466,48.07,11.4,42,4.1,90.3,41.2
N00000559,Dunminning,322,47.52,11.2,46,7.1,85.7,38.1
N00000560,Dunminning,413,46.25,17.4,42,1.9,95.2,33.8
N00000561,Dunminning,493,48.28,15.2,37,31.2,67.5,39.6
N00000562,Dunminning,364,48.35,16.8,41,4.1,88.2,33.1
N00000563,Fair Green,923,49.84,13.2,33,54.8,36.8,26.4
N00000564,Fair Green,323,48.61,9.6,41,62.8,31.0,27.8
N00000565,Fair Green,218,51.38,5.5,47,36.2,56.9,32.9
N00000566,Fair Green,320,53.75,7.5,46,66.6,28.1,43.0
N00000567,Galgorm_1,517,50.29,13.9,40,5.8,87.6,45.3
N00000568,Galgorm_1,369,53.39,18.4,36,0.8,91.1,31.7
N00000569,Galgorm_1,380,56.05,12.1,40,2.9,90.5,25.7
N00000570,Galgorm_1,337,49.55,12.8,39,5.3,85.8,56.1
N00000571,Galgorm_2,303,48.84,12.9,47,1.3,95.4,47.2
N00000572,Galgorm_2,572,53.32,17.0,42,10.5,82.5,54.2
N00000573,Galgorm_2,364,49.45,10.7,44,18.7,76.1,63.1
N00000574,Galgorm_2,435,49.89,16.1,40,10.3,82.8,56.4
N00000575,Glenravel,462,46.75,11.5,37,11.3,86.6,37.2
N00000576,Glenravel,344,50.29,14.5,33,94.5,4.1,36.4
N00000577,Glenravel,434,50.23,15.7,38,78.6,21.0,37.8
N00000578,Glenravel,718,52.37,13.9,34,90.5,7.5,45.5
N00000579,Glenravel,480,51.25,18.3,32,87.5,8.1,42.5
N00000580,Glenravel,474,51.05,9.5,36,9.1,87.6,35.9
N00000581,Glenravel,539,46.75,15.4,35,47.5,46.8,40.3
N00000582,Glenwhirry,401,50.12,12.2,43,3.2,92.3,39.3
N00000583,Glenwhirry,305,46.89,13.1,46,14.4,81.0,39.6
N00000584,Glenwhirry,493,51.32,12.4,42,11.2,83.2,43.5
N00000585,Glenwhirry,477,49.69,14.7,40,4.8,88.7,35.9
N00000586,Glenwhirry,446,47.76,11.9,39,22.0,75.1,43.7
N00000587,Glenwhirry,465,46.67,15.9,40,25.4,66.5,40.6
N00000588,Glenwhirry,394,48.48,13.7,34,5.3,92.4,47.9
N00000589,Grange,639,51.80,15.0,33,78.7,19.1,39.1
N00000590,Grange,416,51.44,14.9,42,2.2,92.8,37.3
N00000591,Grange,454,50.66,13.4,41,41.6,55.1,38.4
N00000592,Grange,480,51.67,13.1,33,13.8,80.4,41.1
N00000593,Grange,576,48.09,14.8,33,76.2,21.5,41.2
N00000594,Grange,371,50.13,16.7,41,7.5,88.4,36.5
N00000595,Grange,525,49.52,15.4,37,27.8,68.0,42.2
N00000596,Harryville,293,49.49,8.9,53,8.9,83.3,36.5
N00000597,Harryville,235,49.36,15.3,41,6.4,86.8,15.3
N00000598,Harryville,287,47.39,5.2,35,18.8,67.9,26.4
N00000599,Harryville,223,47.98,8.5,42,6.7,84.8,14.3
N00000600,Harryville,350,55.14,9.4,49,8.9,83.4,31.5
N00000601,Harryville,283,50.53,8.5,42,6.4,87.6,39.2
N00000602,Harryville,214,54.67,3.7,62,2.3,93.5,34.6
N00000603,Kells_1,414,53.62,9.4,44,5.3,92.3,41.0
N00000604,Kells_1,340,51.18,14.1,37,2.9,91.2,37.6
N00000605,Kells_1,488,51.23,11.5,33,5.1,88.9,37.6
N00000606,Kells_1,352,51.14,15.3,30,6.0,86.9,42.8
N00000607,Kells_1,310,52.58,12.9,35,1.9,89.4,21.6
N00000608,Kells_2,365,48.22,12.6,45,10.1,84.4,43.4
N00000609,Kells_2,375,51.20,16.3,45,7.5,88.0,36.6
N00000610,Kells_2,419,48.69,12.2,36,5.7,86.6,46.0
N00000611,Kells_2,301,49.50,11.3,47,1.3,92.0,41.2
N00000612,Moat,543,48.99,10.7,40,6.6,85.6,19.4
N00000613,Moat,236,52.54,11.0,38,9.3,83.5,21.7
N00000614,Moat,217,52.53,11.1,46,5.5,88.5,19.0
N00000615,Moat,139,50.36,5.8,44,7.9,83.5,24.0
N00000616,Moat,301,53.49,9.6,40,6.3,84.7,18.6
N00000617,Moat,310,51.29,14.8,38,7.7,84.2,17.8
N00000618,Park,621,52.33,13.4,33,27.7,61.0,25.6
N00000619,Park,371,50.94,11.3,50,40.4,57.4,49.5
N00000620,Park,372,50.81,13.7,42,35.5,57.0,41.4
N00000621,Park,390,50.77,10.0,35,39.2,53.1,34.9
N00000622,Park,385,53.77,10.4,38,35.6,53.2,38.7
N00000623,Portglenone_1,332,45.78,13.0,45,42.5,55.1,32.2
N00000624,Portglenone_1,469,52.67,14.7,41,4.9,93.0,37.2
N00000625,Portglenone_1,262,50.38,12.2,35,61.5,36.3,32.7
N00000626,Portglenone_1,492,51.22,14.4,40,45.9,51.8,42.0
N00000627,Portglenone_2,456,47.37,12.3,37,32.2,65.1,39.6
N00000628,Portglenone_2,415,48.43,13.7,38,25.8,71.8,32.8
N00000629,Portglenone_2,438,49.09,12.3,35,40.0,56.8,39.1
N00000630,Portglenone_2,272,54.04,12.9,41,44.9,52.9,23.1
N00000631,Slemish,406,45.57,15.8,39,6.7,88.9,38.2
N00000632,Slemish,474,50.00,12.4,40,13.7,78.1,40.5
N00000633,Slemish,325,47.08,9.5,44,10.2,83.4,44.6
N00000634,Slemish,495,48.69,14.3,40,3.0,89.7,45.0
N00000635,Slemish,410,50.24,14.9,43,28.3,66.8,34.1
N00000636,Slemish,399,51.13,12.0,42,12.5,83.2,34.1
N00000637,Summerfield,832,52.76,11.4,37,56.1,37.9,38.3
N00000638,Summerfield,398,50.25,18.1,36,58.3,36.4,37.5
N00000639,Summerfield,408,49.51,12.0,44,81.6,16.7,41.3
N00000640,Summerfield,343,48.69,13.4,35,76.4,14.3,29.0
N00000641,Summerfield,341,50.44,13.5,46,78.9,17.6,52.7
N00000642,Summerfield,389,52.96,15.7,30,61.4,33.9,37.1
N00000643,Ballyhoe and Corkey,477,51.15,15.3,36,94.3,5.5,31.9
N00000644,Ballyhoe and Corkey,548,47.26,14.4,31,94.0,5.3,31.5
N00000645,Ballyhoe and Corkey,451,50.33,18.0,37,89.6,8.6,27.6
N00000646,Ballyhoe and Corkey,419,48.69,19.3,31,86.6,11.2,27.8
N00000647,Benvardin,723,50.48,11.5,35,5.7,90.5,24.3
N00000648,Benvardin,381,50.13,18.1,39,10.8,81.9,30.8
N00000649,Benvardin,389,49.36,13.1,44,4.9,89.2,36.2
N00000650,Benvardin,602,49.17,10.3,35,4.2,87.4,39.0
N00000651,Carnany,278,55.40,15.5,33,17.6,68.7,14.4
N00000652,Carnany,533,51.97,15.9,36,16.1,78.8,42.7
N00000653,Carnany,309,53.72,18.1,42,16.2,78.3,39.6
N00000654,Carnany,269,50.93,9.3,38,14.9,79.2,24.6
N00000655,Carnany,368,50.54,8.4,39,19.0,73.6,38.3
N00000656,Carnany,242,49.59,9.1,47,16.5,80.2,28.6
N00000657,Clogh Mills,851,51.94,14.7,37,32.2,63.6,31.8
N00000658,Clogh Mills,364,45.33,13.2,43,62.4,34.3,33.5
N00000659,Clogh Mills,391,50.13,12.8,39,37.3,57.8,29.1
N00000660,Clogh Mills,387,52.45,11.4,38,31.5,64.3,23.3
N00000661,Dervock,384,50.78,13.8,45,14.1,82.0,35.2
N00000662,Dervock,352,50.57,12.2,43,8.2,83.2,27.0
N00000663,Dervock,395,47.09,11.9,42,11.4,81.8,35.0
N00000664,Dervock,378,50.26,11.6,41,7.7,87.8,33.8
N00000665,Dunloy,485,52.78,16.7,32,89.5,9.5,30.3
N00000666,Dunloy,439,48.97,17.3,36,37.1,60.8,25.8
N00000667,Dunloy,538,49.07,19.0,28,94.2,4.5,32.0
N00000668,Dunloy,323,50.15,12.4,39,95.4,3.7,18.6
N00000669,Dunloy,493,49.29,15.2,29,93.9,4.9,32.2
N00000670,Fairhill,292,53.08,13.7,44,15.8,79.1,24.8
N00000671,Fairhill,239,54.39,7.1,57,9.6,85.4,22.7
N00000672,Fairhill,324,54.63,11.7,43,34.3,61.4,35.1
N00000673,Fairhill,943,52.28,12.9,31,12.6,78.2,28.0
N00000674,Glebe,316,53.80,9.8,49,21.2,72.5,50.0
N00000675,Glebe,387,52.71,14.2,46,11.6,80.9,53.3
N00000676,Glebe,721,55.06,10.5,46,14.4,79.3,37.1
N00000677,Glebe,295,51.86,8.5,41,21.0,70.8,26.5
N00000678,Killoquin Lower,531,49.72,14.1,35,41.2,54.0,27.3
N00000679,Killoquin Lower,561,49.91,16.6,39,17.1,79.1,36.0
N00000680,Killoquin Lower,413,49.39,16.5,34,73.1,23.5,26.1
N00000681,Killoquin Lower,385,48.83,12.5,40,11.7,78.7,27.3
N00000682,Killoquin Upper,485,47.22,14.8,35,64.5,33.0,34.7
N00000683,Killoquin Upper,391,49.87,9.0,38,24.3,72.4,32.5
N00000684,Killoquin Upper,595,50.42,13.1,32,72.4,24.4,29.6
N00000685,Killoquin Upper,326,50.61,15.6,30,70.6,27.3,20.7
N00000686,Knockaholet,499,50.10,16.2,35,38.9,57.5,31.8
N00000687,Knockaholet,379,50.13,12.7,41,12.1,83.4,23.1
N00000688,Knockaholet,407,44.96,10.3,38,62.2,31.9,35.6
N00000689,Knockaholet,392,48.98,15.8,42,24.5,71.9,31.4
N00000690,Newhill,282,50.71,13.1,39,19.1,74.1,30.6
N00000691,Newhill,303,54.46,9.9,29,5.9,87.1,18.4
N00000692,Newhill,244,52.46,10.7,41,7.0,86.5,16.5
N00000693,Newhill,287,52.96,8.4,41,11.8,82.6,27.8
N00000694,Newhill,873,54.64,15.1,30,16.7,77.8,32.7
N00000695,Newhill,518,52.70,11.8,35,11.2,80.1,31.1
N00000696,Route,180,47.78,5.0,47,31.7,62.8,25.7
N00000697,Route,380,51.84,15.5,44,13.7,78.4,51.2
N00000698,Route,451,51.66,10.4,44,15.3,80.3,41.0
N00000699,Route,256,55.08,4.3,60,14.8,78.5,27.8
N00000700,Route,262,45.80,13.0,42,50.8,43.5,22.9
N00000701,Seacon,235,48.94,12.8,37,4.3,86.8,20.7
N00000702,Seacon,771,51.62,11.9,32,17.8,75.4,39.6
N00000703,Seacon,342,47.95,12.0,45,8.5,81.3,31.2
N00000704,Seacon,656,48.63,13.9,41,10.2,83.2,37.4
N00000705,Seacon,680,52.79,14.6,33,22.2,72.2,42.5
N00000706,Stranocum,437,48.05,15.8,35,33.0,60.9,21.1
N00000707,Stranocum,360,49.72,13.9,38,6.9,86.9,31.5
N00000708,Stranocum,466,47.21,8.2,38,32.6,61.8,31.5
N00000709,Stranocum,465,49.46,13.8,40,8.8,83.9,34.5
N00000710,The Vow,345,51.01,14.2,38,10.7,84.9,30.4
N00000711,The Vow,522,49.81,9.4,32,9.6,83.7,38.4
N00000712,The Vow,385,48.83,16.6,39,25.2,71.4,37.7
N00000713,The Vow,421,46.08,15.9,39,54.2,42.5,30.9
N00000714,The Vow,453,49.23,17.2,37,42.6,52.5,30.7
N00000715,Ballydown_1,656,49.85,11.3,32,34.6,57.8,45.0
N00000716,Ballydown_1,897,52.29,15.2,43,21.0,72.7,52.1
N00000717,Ballydown_1,576,50.69,9.9,37,26.0,64.9,52.3
N00000718,Ballydown_2,1923,49.66,13.6,33,35.9,57.2,53.0
N00000719,Ballydown_2,260,47.69,17.7,40,28.5,62.3,61.2
N00000720,Ballydown_2,484,49.17,16.5,38,29.5,64.5,60.8
N00000721,Ballyward,460,48.26,17.8,35,60.7,36.5,37.3
N00000722,Ballyward,495,49.70,14.3,33,15.8,79.6,35.0
N00000723,Ballyward,445,47.19,16.2,33,93.0,4.7,29.8
N00000724,Ballyward,495,47.88,13.9,37,56.4,39.6,37.0
N00000725,Ballyward,477,49.27,12.8,35,52.4,44.4,33.7
N00000726,Ballyward,445,44.94,16.0,34,65.8,31.2,28.2
N00000727,Banbridge West,274,51.09,9.5,41,43.4,51.8,26.1
N00000728,Banbridge West,495,49.09,12.9,29,42.8,50.3,48.3
N00000729,Banbridge West,355,50.14,17.7,36,27.9,63.7,39.9
N00000730,Banbridge West,305,50.49,16.4,41,25.2,71.1,35.2
N00000731,Banbridge West,267,53.56,12.4,43,50.2,46.8,24.4
N00000732,Banbridge West,569,53.25,9.5,29,43.1,49.0,44.9
N00000733,Banbridge West,325,52.00,19.1,40,36.9,53.5,38.4
N00000734,Banbridge West,416,51.44,17.8,28,36.1,56.0,30.6
N00000735,Bannside,422,48.58,14.9,42,33.9,61.6,38.6
N00000736,Bannside,382,51.83,14.4,36,60.5,36.1,32.8
N00000737,Bannside,382,50.79,12.8,43,15.2,80.4,40.5
N00000738,Bannside,432,49.07,12.0,35,65.0,31.9,37.3
N00000739,Bannside,444,49.32,12.6,39,27.7,69.1,37.6
N00000740,Bannside,567,49.91,16.0,37,26.8,66.7,40.4
N00000741,Dromore North,345,51.01,6.1,49,15.7,78.0,62.4
N00000742,Dromore North,286,52.10,10.5,39,21.0,72.0,45.9
N00000743,Dromore North,270,53.33,15.2,38,9.3,84.1,25.5
N00000744,Dromore North,283,54.77,11.7,38,15.9,76.0,38.9
N00000745,Dromore North,470,49.15,14.5,37,19.1,73.4,53.1
N00000746,Dromore North,508,51.77,10.0,41,21.5,70.3,29.6
N00000747,Dromore North,401,54.86,10.2,35,21.4,68.6,49.7
N00000748,Dromore South_1,454,51.76,12.3,38,17.2,75.6,56.1
N00000749,Dromore South_1,387,55.30,8.5,41,8.5,82.2,35.4
N00000750,Dromore South_1,319,53.29,10.7,39,16.6,72.1,38.6
N00000751,Dromore South_1,464,53.02,7.8,31,17.5,70.7,49.8
N00000752,Dromore South_1,412,51.46,11.9,37,15.5,76.9,52.3
N00000753,Dromore South_2,436,48.85,15.8,39,18.1,72.2,48.7
N00000754,Dromore South_2,436,49.08,14.2,32,14.7,75.5,52.2
N00000755,Dromore South_2,391,48.85,21.2,35,8.2,84.9,56.3
N00000756,Dromore South_2,366,50.82,11.5,38,15.8,76.2,43.0
N00000757,Dromore South_2,451,52.11,17.3,33,10.0,84.3,55.1
N00000758,Edenderry,471,56.69,13.0,28,58.4,36.1,25.3
N00000759,Edenderry,304,50.33,22.0,37,55.3,40.8,42.3
N00000760,Edenderry,250,48.80,8.8,48,34.0,61.6,21.9
N00000761,Edenderry,421,55.11,10.2,33,44.4,48.9,27.1
N00000762,Edenderry,222,52.25,6.8,46,43.7,53.6,27.6
N00000763,Edenderry,410,53.66,11.7,31,48.0,43.4,31.2
N00000764,Edenderry,278,53.96,15.8,37,50.7,45.0,37.4
N00000765,Edenderry,413,48.67,14.8,29,47.2,43.1,24.5
N00000766,Fort,776,52.84,8.8,52,30.7,65.1,33.8
N00000767,Fort,312,52.24,17.6,37,20.5,72.8,39.2
N00000768,Fort,276,54.71,12.3,39,11.2,80.8,36.0
N00000769,Fort,393,49.11,18.1,41,33.6,62.1,51.5
N00000770,Fort,374,48.93,20.9,35,32.1,63.4,51.7
N00000771,Fort,233,53.22,5.6,45,27.5,63.1,29.2
N00000772,Gilford,456,52.41,16.0,40,25.9,69.1,40.4
N00000773,Gilford,420,52.14,13.6,32,35.7,56.4,36.6
N00000774,Gilford,1023,50.24,12.1,36,44.3,49.2,30.2
N00000775,Gilford,296,46.28,14.2,41,10.8,83.8,30.9
N00000776,Gilford,327,48.01,13.8,35,73.1,22.3,14.5
N00000777,Gransha,912,49.89,13.6,37,10.9,84.6,39.9
N00000778,Gransha,432,50.93,16.2,40,28.7,66.0,41.8
N00000779,Gransha,564,50.00,12.1,36,21.1,68.3,42.5
N00000780,Gransha,531,45.95,13.4,37,10.9,82.7,48.0
N00000781,Gransha,508,49.41,12.0,30,12.0,77.6,55.2
N00000782,Gransha,526,49.62,17.5,35,4.0,91.8,41.4
N00000783,Katesbridge,565,46.55,14.0,37,44.8,51.5,35.0
N00000784,Katesbridge,437,51.49,10.8,37,26.3,70.0,40.5
N00000785,Katesbridge,332,49.70,13.0,43,13.6,81.3,33.1
N00000786,Katesbridge,384,53.91,13.3,40,4.7,90.6,41.5
N00000787,Katesbridge,437,48.28,11.7,34,25.9,65.7,39.2
N00000788,Katesbridge,427,46.37,13.3,37,52.7,42.2,41.5
N00000789,Lawrencetown,997,50.05,11.8,32,63.6,32.4,34.5
N00000790,Lawrencetown,530,50.38,11.3,40,52.6,42.5,42.5
N00000791,Lawrencetown,347,48.13,10.7,47,55.6,37.5,39.8
N00000792,Lawrencetown,399,50.88,16.3,38,18.5,73.7,47.1
N00000793,Lawrencetown,451,50.55,14.2,39,62.1,37.7,39.8
N00000794,Loughbrickland,467,51.18,16.5,41,42.0,51.6,43.2
N00000795,Loughbrickland,539,46.20,14.1,36,26.5,72.5,42.7
N00000796,Loughbrickland,351,52.42,16.2,37,63.8,32.8,37.6
N00000797,Loughbrickland,349,53.01,8.3,42,35.0,57.6,38.4
N00000798,Loughbrickland,527,48.77,15.7,38,43.5,52.4,40.9
N00000799,Loughbrickland,475,50.95,13.5,35,7.4,88.2,38.6
N00000800,Quilly,428,50.00,13.6,42,22.9,73.4,45.5
N00000801,Quilly,529,47.07,16.1,39,9.5,86.4,51.7
N00000802,Quilly,272,49.26,12.1,43,16.9,76.1,46.2
N00000803,Quilly,398,46.48,12.6,43,17.1,76.4,41.7
N00000804,Quilly,422,47.63,10.0,44,7.8,85.1,48.7
N00000805,Quilly,383,48.83,11.0,46,14.6,79.9,46.7
N00000806,Rathfriland,341,53.08,14.4,37,37.5,59.2,28.3
N00000807,Rathfriland,521,52.40,13.8,31,37.6,57.0,35.0
N00000808,Rathfriland,243,50.21,7.8,54,24.3,68.7,28.7
N00000809,Rathfriland,557,53.14,10.2,38,44.0,51.2,31.1
N00000810,Rathfriland,434,49.08,11.5,35,46.1,50.2,38.7
N00000811,Rathfriland,345,49.86,13.6,37,31.0,64.9,22.1
N00000812,Rathfriland,299,52.17,10.0,35,40.5,54.8,24.9
N00000813,Seapatrick,491,48.07,11.2,34,23.8,70.1,39.5
N00000814,Seapatrick,258,46.90,10.5,46,14.7,80.6,42.8
N00000815,Seapatrick,487,49.90,18.3,40,20.7,72.9,54.5
N00000816,Seapatrick,558,49.46,11.1,45,24.9,70.1,42.5
N00000817,Seapatrick,256,51.56,12.5,49,29.7,64.8,66.5
N00000818,Seapatrick,324,46.91,9.0,41,22.5,74.4,37.3
N00000819,The Cut,253,52.96,9.1,41,34.8,58.9,24.5
N00000820,The Cut,375,49.33,7.7,31,27.7,64.3,35.8
N00000821,The Cut,269,51.67,10.0,40,38.3,53.9,25.7
N00000822,The Cut,209,55.50,8.1,44,44.5,48.3,37.8
N00000823,The Cut,365,52.60,12.3,43,36.2,58.6,42.4
N00000824,The Cut,253,54.15,7.5,37,37.9,53.8,29.4
N00000825,Andersonstown_1,367,50.95,9.0,43,95.4,4.1,44.7
N00000826,Andersonstown_1,302,53.64,10.6,44,92.1,6.3,44.0
N00000827,Andersonstown_1,298,49.66,8.1,52,95.3,2.7,42.5
N00000828,Andersonstown_1,231,55.41,12.6,40,96.5,3.0,35.7
N00000829,Andersonstown_1,310,55.48,11.9,46,95.8,2.6,44.1
N00000830,Andersonstown_1,260,57.31,11.2,49,95.4,4.2,18.3
N00000831,Andersonstown_2,306,56.54,14.7,45,95.1,3.9,35.8
N00000832,Andersonstown_2,273,49.08,12.5,45,91.6,3.7,28.1
N00000833,Andersonstown_2,253,58.50,15.4,44,98.0,1.2,35.4
N00000834,Andersonstown_2,390,55.90,10.8,51,94.9,4.1,42.4
N00000835,Andersonstown_2,301,56.15,12.3,45,94.4,4.7,27.6
N00000836,Andersonstown_3,347,51.30,17.9,40,96.5,1.4,25.8
N00000837,Andersonstown_3,351,49.86,16.0,39,91.7,3.7,26.9
N00000838,Andersonstown_3,283,52.65,12.4,42,90.5,5.3,28.2
N00000839,Andersonstown_3,363,57.02,10.7,43,95.0,2.2,45.7
N00000840,Andersonstown_3,272,55.51,8.8,48,94.9,4.4,44.2
N00000841,Ardoyne_1,295,55.59,20.3,26,91.2,8.1,16.8
N00000842,Ardoyne_1,556,56.29,24.8,25,90.5,7.9,17.7
N00000843,Ardoyne_1,233,48.50,12.9,36,94.4,3.4,22.3
N00000844,Ardoyne_1,213,53.99,11.3,33,94.4,5.2,30.2
N00000845,Ardoyne_1,202,50.50,13.4,40,96.5,2.5,21.1
N00000846,Ardoyne_1,246,46.34,14.6,37,94.7,4.9,22.4
N00000847,Ardoyne_2,958,54.70,19.5,26,89.5,5.9,18.7
N00000848,Ardoyne_2,240,52.92,9.6,34,97.1,2.9,14.7
N00000849,Ardoyne_2,307,51.79,12.7,35,91.2,7.2,22.9
N00000850,Ardoyne_2,270,52.59,13.7,33,92.2,4.4,19.2
N00000851,Ardoyne_2,243,53.50,12.8,35,94.2,4.1,12.6
N00000852,Ardoyne_3,1179,54.11,16.4,31,94.4,3.8,18.0
N00000853,Ardoyne_3,282,50.71,18.1,31,91.8,5.7,11.5
N00000854,Ardoyne_3,763,58.19,20.6,27,94.0,4.3,16.3
N00000855,Ballyhackamore_1,169,53.85,4.7,43,26.0,66.3,60.0
N00000856,Ballyhackamore_1,182,56.59,5.5,41,20.9,64.3,73.5
N00000857,Ballyhackamore_1,386,52.59,11.7,41,13.7,79.8,64.0
N00000858,Ballyhackamore_1,239,50.63,4.6,35,25.5,51.0,59.2
N00000859,Ballyhackamore_1,287,52.61,9.8,37,27.9,56.4,61.0
N00000860,Ballyhackamore_1,437,51.26,14.4,42,18.3,69.6,67.6
N00000861,Ballyhackamore_1,303,54.13,11.9,40,19.5,64.0,71.0
N00000862,Ballyhackamore_2,876,51.48,11.4,42,19.5,66.9,61.7
N00000863,Ballyhackamore_2,294,52.04,8.8,48,9.2,80.6,62.4
N00000864,Ballyhackamore_2,305,51.80,13.8,42,13.8,66.6,61.0
N00000865,Ballyhackamore_2,358,51.68,14.0,37,19.0,64.0,58.7
N00000866,Ballyhackamore_3,342,54.39,6.7,32,20.5,58.2,58.5
N00000867,Ballyhackamore_3,288,56.94,8.3,33,23.3,59.4,55.5
N00000868,Ballyhackamore_3,297,54.88,8.1,39,17.2,66.3,62.4
N00000869,Ballyhackamore_3,186,49.46,12.9,42,16.1,73.7,35.0
N00000870,Ballyhackamore_3,394,51.27,9.1,39,7.9,75.1,49.8
N00000871,Ballyhackamore_3,340,53.24,9.7,47,7.6,80.3,52.3
N00000872,Ballyhackamore_3,256,52.73,8.2,46,10.2,78.5,50.8
N00000873,Ballymacarrett_1,322,50.31,18.0,29,95.7,3.1,20.4
N00000874,Ballymacarrett_1,533,51.22,11.3,31,62.5,25.5,41.0
N00000875,Ballymacarrett_1,284,57.75,16.2,32,82.4,14.4,23.7
N00000876,Ballymacarrett_1,212,52.36,8.5,49,66.0,32.5,20.1
N00000877,Ballymacarrett_1,357,54.90,20.7,35,13.4,77.9,19.4
N00000878,Ballymacarrett_2,234,58.55,13.2,40,35.9,59.4,15.1
N00000879,Ballymacarrett_2,1015,53.20,20.2,28,88.6,9.5,22.7
N00000880,Ballymacarrett_2,315,57.78,15.6,33,76.8,19.0,18.1
N00000881,Ballymacarrett_3,296,53.04,9.1,37,13.9,76.7,21.7
N00000882,Ballymacarrett_3,253,54.15,9.1,36,12.3,74.7,17.4
N00000883,Ballymacarrett_3,264,51.14,9.5,44,14.8,73.9,24.5
N00000884,Ballymacarrett_3,205,46.34,9.8,44,8.3,83.4,27.4
N00000885,Ballymacarrett_3,618,47.90,9.1,30,17.2,66.2,30.7
N00000886,Ballynafeigh_1,253,49.41,7.1,32,63.6,24.5,55.8
N00000887,Ballynafeigh_1,308,53.90,11.4,38,73.7,17.5,54.1
N00000888,Ballynafeigh_1,308,52.27,6.5,34,67.9,22.7,57.6
N00000889,Ballynafeigh_1,259,53.28,13.5,33,77.6,13.5,64.4
N00000890,Ballynafeigh_1,339,49.26,9.7,34,59.6,24.5,58.8
N00000891,Ballynafeigh_1,346,42.77,5.5,34,59.8,23.4,54.8
N00000892,Ballynafeigh_2,318,51.89,10.1,34,63.2,26.7,51.2
N00000893,Ballynafeigh_2,284,52.82,5.3,31,51.8,27.8,56.6
N00000894,Ballynafeigh_2,263,46.77,6.8,36,60.5,26.2,57.3
N00000895,Ballynafeigh_2,272,55.15,9.9,31,46.0,37.9,49.7
N00000896,Ballynafeigh_2,265,57.36,7.2,31,63.4,25.3,62.6
N00000897,Ballynafeigh_2,300,45.00,5.3,32,61.0,22.3,62.1
N00000898,Ballynafeigh_2,307,54.07,6.5,31,53.7,26.1,57.1
N00000899,Ballynafeigh_3,306,46.08,6.5,32,61.1,25.2,44.6
N00000900,Ballynafeigh_3,216,50.46,13.4,36,30.6,52.3,27.1
N00000901,Ballynafeigh_3,313,43.13,3.5,29,65.5,18.8,51.3
N00000902,Ballynafeigh_3,294,48.98,4.1,31,60.5,25.2,53.3
N00000903,Ballynafeigh_3,206,46.60,7.8,29,20.4,34.5,20.1
N00000904,Ballynafeigh_3,446,44.62,9.6,30,43.3,37.0,50.0
N00000905,Ballynafeigh_3,325,48.31,7.1,30,46.2,34.8,40.0
N00000906,Ballysillan_1,263,52.47,8.4,45,3.0,93.5,37.9
N00000907,Ballysillan_1,332,50.90,15.7,29,4.8,78.3,24.2
N00000908,Ballysillan_1,329,58.36,12.2,34,2.7,89.1,30.1
N00000909,Ballysillan_1,246,50.81,9.3,51,8.9,85.4,21.6
N00000910,Ballysillan_1,273,52.01,14.3,31,10.3,77.3,24.3
N00000911,Ballysillan_1,239,54.81,13.4,35,5.0,85.8,21.5
N00000912,Ballysillan_1,243,53.09,15.6,27,8.6,79.4,17.0
N00000913,Ballysillan_2,321,51.09,14.0,35,6.2,86.9,17.8
N00000914,Ballysillan_2,294,50.68,18.0,40,10.5,82.7,26.9
N00000915,Ballysillan_2,214,48.13,8.4,40,10.7,83.2,28.3
N00000916,Ballysillan_2,234,52.14,9.0,38,6.0,82.1,35.7
N00000917,Ballysillan_2,226,50.00,8.8,44,11.1,81.9,33.3
N00000918,Ballysillan_2,261,53.64,12.3,38,10.0,79.3,34.5
N00000919,Ballysillan_2,229,56.33,10.9,39,11.4,79.5,39.6
N00000920,Ballysillan_3,148,49.32,10.1,46,3.4,87.8,26.2
N00000921,Ballysillan_3,713,50.35,22.0,31,4.3,88.1,39.0
N00000922,Ballysillan_3,292,52.40,10.6,43,25.0,65.4,43.5
N00000923,Ballysillan_3,257,58.37,7.0,34,8.2,80.5,40.9
N00000924,Ballysillan_3,224,54.46,15.2,39,6.7,88.4,34.2
N00000925,Ballysillan_3,288,57.99,15.3,36,4.2,86.5,30.7
N00000926,Beechmount_1,284,51.06,12.7,33,89.4,7.0,28.5
N00000927,Beechmount_1,421,56.77,8.1,35,86.0,12.6,53.2
N00000928,Beechmount_1,356,55.62,12.4,44,93.0,5.6,45.0
N00000929,Beechmount_1,437,52.17,16.0,32,89.7,6.4,25.9
N00000930,Beechmount_1,364,49.73,11.3,32,88.2,6.0,29.2
N00000931,Beechmount_2,682,55.87,24.6,22,92.2,6.0,20.0
N00000932,Beechmount_2,419,54.42,11.7,34,90.9,5.7,28.7
N00000933,Beechmount_2,288,54.17,9.0,32,91.0,3.8,34.7
N00000934,Beechmount_2,282,54.26,11.0,37,90.1,4.3,35.2
N00000935,Beechmount_2,251,53.39,10.8,29,84.5,8.8,33.0
N00000936,Beechmount_3,473,55.39,15.4,37,96.0,2.7,21.5
N00000937,Beechmount_3,433,49.42,15.2,39,92.4,4.6,28.1
N00000938,Beechmount_3,345,56.23,20.9,30,95.9,3.5,23.9
N00000939,Beechmount_3,198,48.48,14.1,33,86.4,11.1,19.6
N00000940,Beechmount_3,252,52.38,14.7,33,90.1,5.6,28.2
N00000941,Bellevue_1,343,46.36,8.5,43,71.1,23.0,68.9
N00000942,Bellevue_1,280,50.71,10.0,41,77.9,18.9,49.5
N00000943,Bellevue_1,272,50.74,11.8,39,82.0,11.8,45.4
N00000944,Bellevue_1,245,51.43,15.9,32,82.4,12.7,18.3
N00000945,Bellevue_1,254,48.82,9.8,45,78.0,18.9,53.5
N00000946,Bellevue_2,386,53.37,7.3,37,24.9,63.7,23.2
N00000947,Bellevue_2,248,53.63,14.9,38,87.5,9.3,30.1
N00000948,Bellevue_2,225,52.89,12.4,33,80.9,12.0,37.4
N00000949,Bellevue_2,314,50.00,13.7,36,80.6,15.3,30.5
N00000950,Bellevue_2,317,52.05,11.4,30,63.4,29.0,30.7
N00000951,Bellevue_2,240,55.42,10.4,41,53.8,42.5,31.7
N00000952,Bellevue_3,391,53.45,12.8,31,20.5,61.4,30.0
N00000953,Bellevue_3,238,47.48,8.4,31,79.0,16.4,34.9
N00000954,Bellevue_3,275,49.45,16.0,31,13.8,75.3,27.5
N00000955,Bellevue_3,394,46.95,14.2,39,70.3,23.9,51.0
N00000956,Bellevue_3,488,53.07,12.3,30,78.1,15.4,46.6
N00000957,Belmont_1,555,52.61,14.4,42,10.3,81.1,67.8
N00000958,Belmont_1,294,52.38,9.2,46,8.2,81.3,60.2
N00000959,Belmont_1,476,52.73,11.8,47,4.0,85.3,61.9
N00000960,Belmont_1,515,52.04,15.0,37,11.1,78.6,69.5
N00000961,Belmont_1,311,53.70,10.9,43,5.5,83.9,67.9
N00000962,Belmont_2,338,57.10,15.4,35,11.5,76.9,40.9
N00000963,Belmont_2,252,51.98,9.1,44,8.3,80.2,53.1
N00000964,Belmont_2,297,51.52,6.7,46,6.1,84.8,63.4
N00000965,Belmont_2,300,51.67,13.7,41,5.3,87.3,49.3
N00000966,Belmont_2,331,50.45,8.2,44,7.3,81.9,62.2
N00000967,Belmont_2,378,52.65,11.1,45,13.0,73.5,50.9
N00000968,Belmont_3,255,49.41,12.5,38,7.1,83.9,61.3
N00000969,Belmont_3,193,49.74,9.8,39,11.4,77.7,34.6
N00000970,Belmont_3,486,53.70,8.4,35,14.0,73.0,47.5
N00000971,Belmont_3,261,53.64,12.3,38,3.1,88.5,25.6
N00000972,Belmont_3,317,51.42,12.3,34,5.0,84.2,22.8
N00000973,Belmont_3,331,51.36,14.5,30,12.4,74.9,47.9
N00000974,Belmont_3,275,55.27,14.9,38,6.2,80.0,28.8
N00000975,Blackstaff_1,262,47.71,14.9,32,13.7,71.0,27.9
N00000976,Blackstaff_1,141,42.55,9.2,36,17.0,71.6,24.6
N00000977,Blackstaff_1,285,56.49,11.2,36,8.8,80.4,29.2
N00000978,Blackstaff_1,239,46.86,8.4,31,14.2,71.5,30.4
N00000979,Blackstaff_1,217,47.93,6.0,36,12.9,72.8,37.7
N00000980,Blackstaff_1,223,47.98,7.2,31,24.2,65.0,32.0
N00000981,Blackstaff_1,207,50.24,10.6,35,17.4,69.6,33.1
N00000982,Blackstaff_1,252,46.43,9.5,32,21.0,61.9,37.0
N00000983,Blackstaff_2,336,50.00,11.9,32,11.0,75.0,25.7
N00000984,Blackstaff_2,329,48.63,6.7,27,24.6,59.6,37.0
N00000985,Blackstaff_2,244,50.82,12.7,33,9.8,81.6,19.7
N00000986,Blackstaff_2,214,47.66,5.1,31,15.4,71.5,32.6
N00000987,Blackstaff_2,367,54.77,17.2,29,12.5,73.0,35.1
N00000988,Blackstaff_2,146,48.63,6.2,33,23.3,64.4,29.4
N00000989,Blackstaff_2,262,53.05,13.7,33,5.0,85.1,22.6
N00000990,Blackstaff_2,274,45.99,9.9,29,15.3,67.2,26.2
N00000991,Bloomfield_1,269,52.79,7.8,33,15.6,70.6,26.9
N00000992,Bloomfield_1,462,50.43,8.0,33,13.4,68.4,43.7
N00000993,Bloomfield_1,236,52.54,9.7,33,15.3,66.5,30.6
N00000994,Bloomfield_1,928,52.59,10.0,32,16.8,67.0,36.1
N00000995,Bloomfield_2,195,49.23,13.3,39,7.2,80.0,45.8
N00000996,Bloomfield_2,383,50.91,12.5,43,15.4,73.4,61.1
N00000997,Bloomfield_2,271,51.66,15.5,37,14.8,75.3,56.4
N00000998,Bloomfield_2,304,48.36,10.5,38,15.8,69.1,56.2
N00000999,Bloomfield_2,227,50.22,10.1,34,14.1,69.6,40.4
N00001000,Bloomfield_2,307,49.51,13.0,44,12.4,79.5,52.7
N00001001,Bloomfield_3,296,50.34,7.8,33,20.9,61.5,46.5
N00001002,Bloomfield_3,796,51.26,7.5,34,21.2,67.5,40.1
N00001003,Bloomfield_3,218,54.13,8.7,36,11.9,77.5,55.7
N00001004,Bloomfield_3,303,51.82,7.6,33,17.5,64.4,42.4
N00001005,Bloomfield_3,258,49.61,3.1,40,15.9,70.2,37.9
N00001006,Botanic_1,527,54.08,20.7,21,43.6,34.5,20.7
N00001007,Botanic_1,595,46.55,9.7,24,46.4,32.6,30.7
N00001008,Botanic_1,245,45.71,9.8,22,50.2,35.1,20.8
N00001009,Botanic_1,188,42.02,8.0,26,48.4,27.7,33.9
N00001010,Botanic_2,334,55.99,27.5,21,74.9,15.0,16.8
N00001011,Botanic_2,374,45.72,30.5,20,64.4,20.1,10.4
N00001012,Botanic_2,353,38.53,17.3,23,55.8,28.9,24.5
N00001013,Botanic_2,242,54.55,16.9,23,60.7,25.6,24.5
N00001014,Botanic_2,239,41.84,10.0,21,50.2,34.3,21.3
N00001015,Botanic_2,416,39.66,12.0,21,47.6,34.1,19.3
N00001016,Botanic_3,262,43.89,11.1,23,70.2,16.0,31.5
N00001017,Botanic_3,323,54.18,22.0,20,77.1,12.7,21.6
N00001018,Botanic_3,288,53.47,9.0,27,46.5,31.6,45.8
N00001019,Botanic_3,205,43.90,21.5,20,80.5,11.2,15.3
N00001020,Botanic_3,171,45.03,12.9,27,59.1,26.3,25.5
N00001021,Botanic_3,239,64.02,22.6,21,54.0,25.9,16.9
N00001022,Botanic_4,604,40.23,9.9,25,47.5,26.7,27.8
N00001023,Botanic_4,220,58.64,13.2,22,59.5,22.3,26.7
N00001024,Botanic_4,346,43.93,9.2,23,62.1,21.1,32.4
N00001025,Botanic_4,297,57.24,29.0,21,48.1,31.3,16.5
N00001026,Botanic_4,236,44.92,14.8,22,48.7,29.2,24.8
N00001027,Botanic_5,395,49.11,8.4,28,75.4,11.9,41.5
N00001028,Botanic_5,261,51.72,14.9,39,85.1,10.0,23.6
N00001029,Botanic_5,699,54.22,17.9,23,80.1,9.6,27.7
N00001030,Botanic_5,514,46.89,15.6,27,70.4,17.9,24.1
N00001031,Botanic_5,372,48.39,18.8,25,73.4,19.4,30.6
N00001032,Castleview_1,185,55.68,11.4,48,7.6,82.7,24.6
N00001033,Castleview_1,129,26.36,4.7,47,4.7,86.8,16.1
N00001034,Castleview_1,344,54.36,14.0,38,33.7,57.6,47.0
N00001035,Castleview_1,284,57.04,15.8,28,17.3,72.5,14.3
N00001036,Castleview_1,391,52.17,14.1,42,21.2,66.2,33.5
N00001037,Castleview_2,368,49.73,15.5,43,82.3,14.7,64.2
N00001038,Castleview_2,726,53.03,12.9,38,70.5,22.9,60.2
N00001039,Castleview_2,387,50.90,13.7,43,72.6,21.2,63.5
N00001040,Castleview_2,271,56.09,11.8,34,7.4,83.8,27.5
N00001041,Castleview_3,190,52.11,6.3,47,7.4,83.2,19.4
N00001042,Castleview_3,664,54.52,10.1,42,49.4,45.5,53.5
N00001043,Castleview_3,206,59.22,9.7,42,2.4,91.7,13.9
N00001044,Castleview_3,303,54.79,6.9,35,13.2,74.9,33.3
N00001045,Castleview_3,274,51.82,9.9,45,10.9,82.5,47.7
N00001046,Cavehill_1,307,54.72,16.6,39,68.1,29.6,58.3
N00001047,Cavehill_1,314,50.32,10.2,45,33.1,58.6,56.5
N00001048,Cavehill_1,331,53.17,16.0,42,68.9,29.3,59.3
N00001049,Cavehill_1,330,49.70,14.8,39,12.7,79.4,44.3
N00001050,Cavehill_1,335,51.94,13.1,41,69.3,25.7,57.7
N00001051,Cavehill_2,371,51.75,19.1,41,78.7,14.6,60.7
N00001052,Cavehill_2,180,51.11,7.2,38,72.8,25.0,28.7
N00001053,Cavehill_2,355,52.96,15.2,48,81.1,14.9,61.1
N00001054,Cavehill_2,341,51.03,16.4,44,83.6,12.3,65.9
N00001055,Cavehill_2,350,48.00,19.4,43,77.7,18.6,60.3
N00001056,Cavehill_3,355,53.52,17.2,40,35.2,58.0,44.6
N00001057,Cavehill_3,326,53.99,12.3,40,18.7,75.5,51.2
N00001058,Cavehill_3,349,51.58,13.5,45,75.1,21.5,62.3
N00001059,Cavehill_3,320,51.56,14.1,42,62.8,31.2,54.7
N00001060,Cavehill_3,256,52.34,14.8,42,8.6,82.4,50.0
N00001061,Cherryvalley_1,341,54.84,10.3,57,8.2,81.8,73.7
N00001062,Cherryvalley_1,354,61.02,8.5,47,17.8,75.7,63.7
N00001063,Cherryvalley_1,306,54.25,11.4,49,9.2,81.4,72.4
N00001064,Cherryvalley_1,632,53.64,10.8,43,16.9,72.6,75.9
N00001065,Cherryvalley_1,326,53.37,12.3,45,19.3,74.2,70.8
N00001066,Cherryvalley_2,275,52.36,12.4,41,8.4,80.4,58.1
N00001067,Cherryvalley_2,278,59.35,7.6,51,11.5,82.7,69.4
N00001068,Cherryvalley_2,336,55.65,6.2,43,20.2,67.9,72.1
N00001069,Cherryvalley_2,327,53.52,10.4,40,19.6,66.1,63.4
N00001070,Cherryvalley_2,518,53.47,13.1,41,14.3,72.2,67.3
N00001071,Cherryvalley_2,318,52.52,10.1,35,22.0,59.1,61.2
N00001072,Cherryvalley_3,320,57.50,16.6,46,10.9,82.8,52.4
N00001073,Cherryvalley_3,283,52.30,13.4,37,9.9,77.0,29.2
N00001074,Cherryvalley_3,240,55.00,10.0,56,6.7,82.9,69.9
N00001075,Cherryvalley_3,308,58.44,9.1,40,12.7,77.3,44.0
N00001076,Cherryvalley_3,272,55.51,8.1,46,12.1,80.5,48.1
N00001077,Cherryvalley_3,229,51.97,7.9,48,9.2,82.5,37.1
N00001078,Cherryvalley_3,257,55.25,9.3,39,24.9,67.7,67.0
N00001079,Chichester Park_1,829,45.11,11.7,33,79.7,11.9,32.4
N00001080,Chichester Park_1,324,52.78,11.4,38,73.8,15.4,44.8
N00001081,Chichester Park_1,412,48.79,15.5,35,66.3,22.1,40.1
N00001082,Chichester Park_1,431,51.51,12.1,34,86.8,7.9,34.4
N00001083,Chichester Park_2,436,51.38,15.4,38,83.3,10.1,53.6
N00001084,Chichester Park_2,447,52.13,12.1,40,81.2,12.8,44.2
N00001085,Chichester Park_2,1087,47.65,12.1,35,81.1,11.4,47.2
N00001086,Chichester Park_3,336,49.11,11.0,42,75.3,14.3,57.5
N00001087,Chichester Park_3,307,51.79,15.0,30,80.1,12.7,51.9
N00001088,Chichester Park_3,305,48.20,9.8,40,83.9,9.2,62.1
N00001089,Chichester Park_3,316,51.58,13.6,31,40.2,45.9,35.7
N00001090,Chichester Park_3,222,55.41,11.7,40,7.2,80.6,27.0
N00001091,Cliftonville_1,384,51.04,16.7,42,88.8,3.6,44.3
N00001092,Cliftonville_1,398,50.00,20.9,31,92.0,5.3,32.5
N00001093,Cliftonville_1,642,57.17,21.7,22,84.9,9.0,20.1
N00001094,Cliftonville_1,239,51.88,10.9,34,92.5,4.6,19.9
N00001095,Cliftonville_1,368,53.26,13.9,30,87.2,5.4,34.3
N00001096,Cliftonville_2,397,52.14,18.4,39,88.7,6.8,46.0
N00001097,Cliftonville_2,316,54.75,15.2,42,79.7,18.0,36.0
N00001098,Cliftonville_2,308,50.65,13.0,46,85.4,11.0,42.4
N00001099,Cliftonville_2,282,51.06,11.7,41,40.4,54.6,40.2
N00001100,Cliftonville_2,292,47.95,11.6,44,86.3,9.6,42.8
N00001101,Cliftonville_3,304,50.33,11.8,33,69.7,26.3,37.2
N00001102,Cliftonville_3,569,52.55,16.5,36,10.2,83.3,20.8
N00001103,Cliftonville_3,219,55.71,12.8,29,52.5,33.8,18.1
N00001104,Cliftonville_3,303,53.80,11.6,38,66.7,30.4,33.0
N00001105,Cliftonville_3,309,53.40,12.9,31,55.3,36.9,36.3
N00001106,Clonard_1,283,50.88,13.4,31,94.3,4.6,24.8
N00001107,Clonard_1,309,54.69,13.6,32,93.9,3.9,23.6
N00001108,Clonard_1,217,56.68,7.4,31,96.3,0.9,29.4
N00001109,Clonard_1,393,58.52,21.9,27,85.5,9.9,23.4
N00001110,Clonard_1,345,51.01,13.9,30,88.7,7.0,22.9
N00001111,Clonard_1,687,52.40,16.9,36,93.6,4.1,24.7
N00001112,Clonard_1,319,53.92,16.3,31,87.5,8.8,22.9
N00001113,Clonard_2,1384,51.52,14.2,30,91.3,5.3,28.2
N00001114,Clonard_2,319,46.71,12.5,28,89.3,6.6,34.5
N00001115,Clonard_2,222,48.20,12.2,38,88.7,9.9,31.6
N00001116,Clonard_2,497,51.51,13.7,37,85.5,10.7,28.8
N00001117,Crumlin_1,728,55.49,13.9,47,3.7,91.8,15.1
N00001118,Crumlin_1,305,51.15,8.5,46,11.5,80.0,14.9
N00001119,Crumlin_1,176,51.70,10.8,52,2.8,90.3,9.5
N00001120,Crumlin_1,213,60.09,11.7,47,8.0,85.9,19.6
N00001121,Crumlin_1,235,53.19,6.8,41,4.7,87.7,19.1
N00001122,Crumlin_1,176,48.30,4.0,57,8.0,86.9,19.7
N00001123,Crumlin_1,186,51.08,9.7,50,9.7,86.0,11.8
N00001124,Crumlin_2,568,56.16,18.1,29,6.5,86.3,22.2
N00001125,Crumlin_2,413,55.21,16.9,27,7.0,87.4,17.5
N00001126,Crumlin_2,242,55.79,12.4,27,7.9,81.4,18.3
N00001127,Crumlin_2,639,52.58,18.0,38,23.3,70.4,17.1
N00001128,Crumlin_2,251,49.80,10.8,38,9.2,83.3,16.2
N00001129,Crumlin_2,450,53.11,15.3,32,30.0,64.4,22.1
N00001130,Duncairn_1,179,45.25,15.1,30,19.0,60.3,20.2
N00001131,Duncairn_1,1073,37.37,5.7,30,51.4,31.5,42.4
N00001132,Duncairn_1,251,51.79,13.1,39,6.4,86.1,16.1
N00001133,Duncairn_1,643,53.81,12.4,32,10.0,77.9,26.0
N00001134,Duncairn_1,212,50.00,6.1,37,13.7,75.5,41.1
N00001135,Duncairn_1,188,54.26,16.0,42,9.6,85.6,21.3
N00001136,Duncairn_1,261,47.89,5.7,45,8.0,77.4,22.7
N00001137,Duncairn_2,292,50.68,17.1,34,12.7,75.3,17.3
N00001138,Duncairn_2,195,54.36,6.7,43,6.7,87.7,13.0
N00001139,Duncairn_2,546,52.01,12.8,31,46.5,40.3,39.0
N00001140,Duncairn_2,309,49.51,17.5,37,11.0,72.5,23.9
N00001141,Duncairn_2,189,51.85,13.2,35,12.2,79.9,22.0
N00001142,Duncairn_2,190,52.63,7.4,44,12.6,79.5,20.7
N00001143,Duncairn_2,140,50.71,15.0,38,7.9,87.1,19.4
N00001144,Duncairn_2,233,56.22,16.3,31,11.2,79.8,18.7
N00001145,Falls_1,311,51.13,11.6,42,85.9,12.2,15.9
N00001146,Falls_1,291,54.30,14.1,40,95.2,4.8,18.5
N00001147,Falls_1,258,51.94,13.6,39,89.1,6.2,23.2
N00001148,Falls_1,260,50.77,16.5,36,95.8,4.2,11.1
N00001149,Falls_1,377,48.28,20.7,28,91.2,7.2,16.5
N00001150,Falls_2,334,57.78,18.9,25,90.1,7.5,14.5
N00001151,Falls_2,390,54.87,13.6,31,91.8,7.2,21.2
N00001152,Falls_2,419,58.23,16.7,28,89.0,9.3,17.6
N00001153,Falls_2,316,51.90,13.0,36,90.2,7.3,20.3
N00001154,Falls_2,293,51.54,12.3,35,92.5,5.1,20.6
N00001155,Falls_3,636,41.51,3.5,32,61.9,11.8,44.9
N00001156,Falls_3,1299,53.96,14.0,37,91.6,6.1,20.1
N00001157,Falls Park_1,280,51.79,8.9,41,96.4,1.8,47.5
N00001158,Falls Park_1,266,56.02,12.0,44,96.2,2.3,48.3
N00001159,Falls Park_1,365,53.97,13.7,38,95.3,3.0,39.4
N00001160,Falls Park_1,357,53.22,12.0,38,95.2,2.8,32.4
N00001161,Falls Park_1,250,49.60,12.0,33,84.0,8.0,38.9
N00001162,Falls Park_1,169,56.80,12.4,45,86.4,3.0,48.1
N00001163,Falls Park_2,336,56.85,3.6,65,95.8,3.0,31.5
N00001164,Falls Park_2,342,54.68,18.4,32,93.0,4.1,38.0
N00001165,Falls Park_2,322,52.80,14.6,43,98.4,0.9,41.2
N00001166,Falls Park_2,593,52.78,12.6,41,94.4,3.9,34.1
N00001167,Falls Park_2,342,54.68,15.8,44,94.7,3.2,45.2
N00001168,Falls Park_3,353,53.26,16.4,31,95.8,3.4,17.1
N00001169,Falls Park_3,320,51.25,12.5,39,94.4,3.4,42.5
N00001170,Falls Park_3,333,50.75,11.7,42,95.2,3.9,34.0
N00001171,Falls Park_3,408,59.07,11.5,41,93.6,2.9,37.2
N00001172,Falls Park_3,307,55.37,12.4,46,95.8,2.9,41.5
N00001173,Finaghy_1,262,55.34,13.4,43,10.7,75.2,46.2
N00001174,Finaghy_1,343,51.02,13.1,42,58.9,31.8,64.8
N00001175,Finaghy_1,306,53.59,12.1,43,61.1,29.7,66.7
N00001176,Finaghy_1,241,54.77,5.8,53,9.5,83.8,46.8
N00001177,Finaghy_1,266,48.50,11.3,43,14.7,74.8,46.2
N00001178,Finaghy_2,406,54.68,14.3,39,80.3,14.3,58.2
N00001179,Finaghy_2,342,51.17,19.6,42,91.2,7.3,66.3
N00001180,Finaghy_2,157,59.87,10.2,46,55.4,35.0,54.0
N00001181,Finaghy_2,295,58.98,12.2,55,38.6,53.2,54.1
N00001182,Finaghy_2,352,49.43,18.8,43,93.8,4.8,66.3
N00001183,Finaghy_3,444,52.48,10.1,39,39.6,47.5,57.2
N00001184,Finaghy_3,283,53.36,12.0,43,37.1,58.7,48.3
N00001185,Finaghy_3,268,53.73,6.7,51,17.9,74.6,45.4
N00001186,Finaghy_3,267,53.93,8.2,40,21.7,62.9,54.5
N00001187,Finaghy_3,323,50.77,9.9,39,63.5,26.9,67.3
N00001188,Fortwilliam_1,806,60.55,7.9,54,73.9,20.0,50.9
N00001189,Fortwilliam_1,304,53.62,12.5,39,45.7,47.7,48.5
N00001190,Fortwilliam_1,278,52.88,8.6,38,17.6,72.7,41.2
N00001191,Fortwilliam_2,245,51.84,14.7,41,5.7,83.7,32.8
N00001192,Fortwilliam_2,256,54.69,9.4,39,13.3,78.5,36.0
N00001193,Fortwilliam_2,232,50.00,13.8,37,20.3,67.2,28.4
N00001194,Fortwilliam_2,269,51.67,12.6,43,5.9,91.1,29.3
N00001195,Fortwilliam_2,184,50.54,10.9,34,38.0,45.7,43.5
N00001196,Fortwilliam_2,354,50.85,11.0,45,8.8,81.1,34.5
N00001197,Fortwilliam_3,266,56.02,9.0,34,24.1,59.8,32.0
N00001198,Fortwilliam_3,467,52.03,10.5,40,51.6,43.7,56.3
N00001199,Fortwilliam_3,194,52.58,6.7,43,18.0,70.1,35.7
N00001200,Fortwilliam_3,395,53.67,13.9,39,70.9,20.5,62.6
N00001201,Fortwilliam_3,311,56.91,10.0,42,85.9,9.6,68.2
N00001202,Glen Road_1,323,51.39,20.4,26,85.4,10.5,23.1
N00001203,Glen Road_1,315,53.02,14.0,40,96.5,3.5,38.1
N00001204,Glen Road_1,956,50.31,13.0,44,97.1,1.9,40.2
N00001205,Glen Road_1,564,49.82,11.7,41,95.7,2.8,35.5
N00001206,Glen Road_2,229,54.15,19.2,36,90.8,4.4,27.5
N00001207,Glen Road_2,400,52.25,19.0,40,98.8,1.0,38.6
N00001208,Glen Road_2,339,48.38,16.2,42,95.6,3.8,36.1
N00001209,Glen Road_2,254,51.57,9.8,43,95.7,2.8,26.6
N00001210,Glen Road_2,332,51.81,14.2,40,96.4,2.4,33.0
N00001211,Glen Road_2,285,51.58,16.5,39,94.4,3.9,34.0
N00001212,Glen Road_3,301,53.49,13.6,42,97.7,1.7,28.6
N00001213,Glen Road_3,299,53.51,17.1,35,97.3,1.7,28.6
N00001214,Glen Road_3,289,50.52,16.6,31,92.7,4.8,29.5
N00001215,Glen Road_3,281,55.16,16.7,34,90.7,5.3,34.0
N00001216,Glen Road_3,406,51.97,17.0,27,95.3,2.5,40.7
N00001217,Glencairn_1,413,51.82,8.7,34,9.0,81.6,28.2
N00001218,Glencairn_1,279,48.75,13.6,40,8.2,82.4,33.0
N00001219,Glencairn_1,301,50.17,16.3,32,8.0,83.4,17.5
N00001220,Glencairn_1,231,54.55,14.7,31,3.5,87.9,17.6
N00001221,Glencairn_1,258,50.00,14.3,32,7.8,87.2,15.6
N00001222,Glencairn_1,213,54.93,17.8,33,5.2,86.4,16.9
N00001223,Glencairn_1,300,52.33,17.3,38,9.0,86.0,17.6
N00001224,Glencairn_2,265,51.70,11.3,40,8.3,81.9,25.7
N00001225,Glencairn_2,242,56.61,9.5,44,2.5,88.4,25.7
N00001226,Glencairn_2,236,47.88,12.7,38,4.2,87.7,25.3
N00001227,Glencairn_2,246,53.66,13.4,42,2.4,92.3,18.7
N00001228,Glencairn_2,212,53.77,9.4,45,12.7,83.5,17.5
N00001229,Glencairn_2,255,54.12,10.2,43,72.5,24.3,30.1
N00001230,Glencairn_2,298,57.38,14.1,43,83.6,13.4,36.7
N00001231,Glencolin_1,401,51.37,11.0,44,85.5,13.2,28.9
N00001232,Glencolin_1,375,50.13,22.1,28,93.6,4.3,39.4
N00001233,Glencolin_1,421,50.12,24.2,23,94.5,3.6,36.4
N00001234,Glencolin_1,351,52.71,16.5,30,98.0,1.4,44.2
N00001235,Glencolin_2,953,54.46,20.0,31,94.6,4.5,28.1
N00001236,Glencolin_2,372,51.61,19.9,26,92.7,5.9,30.5
N00001237,Glencolin_2,289,51.56,11.8,39,95.8,2.4,23.8
N00001238,Glencolin_3,297,50.51,11.4,36,98.0,1.7,29.9
N00001239,Glencolin_3,313,49.84,13.7,46,96.5,1.6,39.1
N00001240,Glencolin_3,1095,44.75,11.3,34,93.2,4.4,28.3
N00001241,Glencolin_4,352,53.69,18.5,36,93.8,5.4,20.9
N00001242,Glencolin_4,335,50.75,15.8,33,95.2,3.6,25.9
N00001243,Glencolin_4,275,51.27,12.7,39,93.1,5.5,24.2
N00001244,Glencolin_4,335,51.64,11.9,43,78.8,15.2,25.9
N00001245,Glencolin_4,334,54.49,11.1,32,92.8,4.8,26.8
N00001246,Highfield_1,608,49.84,11.7,32,6.2,75.5,42.3
N00001247,Highfield_1,245,54.69,14.3,40,7.8,85.7,20.8
N00001248,Highfield_1,430,49.30,13.5,33,2.1,91.2,40.8
N00001249,Highfield_1,403,51.61,12.9,42,4.7,91.1,41.9
N00001250,Highfield_1,463,53.78,14.5,33,3.0,89.2,39.9
N00001251,Highfield_2,327,52.60,17.4,32,8.3,84.7,26.0
N00001252,Highfield_2,321,48.29,10.6,36,66.4,28.0,36.8
N00001253,Highfield_2,233,53.22,15.5,44,12.0,82.0,23.4
N00001254,Highfield_2,314,52.55,14.3,39,1.6,85.7,35.4
N00001255,Highfield_2,276,54.35,10.9,45,4.0,90.9,31.3
N00001256,Highfield_2,262,51.91,12.2,47,2.7,90.8,42.9
N00001257,Highfield_3,233,57.08,12.0,36,5.2,85.8,26.7
N00001258,Highfield_3,250,50.80,10.0,38,4.8,88.4,19.8
N00001259,Highfield_3,285,55.79,15.8,33,7.0,90.2,12.6
N00001260,Highfield_3,363,56.20,20.9,25,8.5,81.8,18.0
N00001261,Highfield_3,249,53.01,18.9,38,1.6,92.0,12.5
N00001262,Highfield_3,389,53.73,10.8,33,17.2,78.7,32.4
N00001263,Island_1,289,50.52,8.0,37,8.0,76.5,36.1
N00001264,Island_1,204,56.86,11.8,28,20.6,69.6,38.5
N00001265,Island_1,971,48.09,11.0,29,16.5,56.8,47.7
N00001266,Island_1,188,52.66,18.1,32,6.4,82.4,15.3
N00001267,Island_1,322,59.01,16.5,40,3.4,89.4,19.4
N00001268,Island_1,283,53.71,12.0,45,6.0,84.1,16.1
N00001269,Island_2,522,55.94,8.0,34,18.4,67.2,44.1
N00001270,Island_2,278,50.00,4.7,39,7.9,74.5,39.3
N00001271,Island_2,1514,52.71,11.7,30,16.2,67.4,45.5
N00001272,Island_2,222,53.15,9.9,37,16.2,73.4,42.7
N00001273,Island_2,221,54.75,10.0,33,14.0,73.3,37.4
N00001274,Knock_1,238,56.72,10.5,44,2.5,89.1,34.0
N00001275,Knock_1,210,53.33,9.5,44,5.7,81.9,25.2
N00001276,Knock_1,218,52.75,15.6,35,4.6,80.3,30.9
N00001277,Knock_1,266,49.25,9.4,44,6.8,80.5,61.8
N00001278,Knock_1,291,49.83,12.7,38,19.9,63.2,58.4
N00001279,Knock_1,168,47.62,13.1,42,6.5,81.5,22.3
N00001280,Knock_1,213,53.99,9.4,46,5.2,86.4,28.4
N00001281,Knock_2,334,53.59,14.4,43,22.8,66.8,64.5
N00001282,Knock_2,330,51.82,14.8,43,13.3,71.5,63.1
N00001283,Knock_2,338,53.85,13.9,42,18.0,70.4,68.5
N00001284,Knock_2,352,50.85,13.9,42,11.6,74.4,54.0
N00001285,Knock_2,331,56.19,7.6,42,6.6,81.3,58.9
N00001286,Knock_3,348,52.59,11.2,40,8.0,80.7,44.2
N00001287,Knock_3,295,49.83,10.2,43,4.1,87.8,54.4
N00001288,Knock_3,289,53.63,11.1,45,2.4,89.6,52.1
N00001289,Knock_3,288,51.04,10.8,45,6.2,85.8,47.5
N00001290,Knock_3,318,53.14,11.0,45,1.9,92.1,52.2
N00001291,Ladybrook_1,344,56.40,15.4,32,92.4,6.1,44.5
N00001292,Ladybrook_1,878,53.53,20.3,29,92.8,5.0,52.3
N00001293,Ladybrook_1,358,51.96,13.7,44,97.8,1.1,49.5
N00001294,Ladybrook_1,335,50.45,14.0,47,95.8,0.3,41.8
N00001295,Ladybrook_1,312,50.96,11.2,43,96.5,2.6,40.3
N00001296,Ladybrook_2,273,51.65,14.3,37,54.2,39.9,29.3
N00001297,Ladybrook_2,384,51.82,18.2,38,95.8,2.3,37.6
N00001298,Ladybrook_2,394,50.25,15.7,28,17.0,62.9,23.2
N00001299,Ladybrook_2,319,54.86,10.7,37,59.2,33.9,27.3
N00001300,Ladybrook_2,287,52.61,15.3,47,96.2,3.1,38.8
N00001301,Ladybrook_2,375,51.47,14.1,42,96.8,0.0,36.7
N00001302,Ladybrook_3,745,58.26,27.9,22,92.6,3.9,20.6
N00001303,Ladybrook_3,333,49.85,14.1,42,91.6,5.1,27.6
N00001304,Ladybrook_3,322,52.17,14.3,44,96.9,3.1,38.7
N00001305,Ladybrook_3,325,51.38,14.5,44,96.6,2.2,39.6
N00001306,Ladybrook_3,214,45.79,9.3,36,54.2,39.3,27.5
N00001307,Ladybrook_3,321,51.40,17.1,31,96.0,1.6,25.5
N00001308,Legoniel_1,486,51.44,12.6,40,21.6,72.0,38.6
N00001309,Legoniel_1,368,51.36,14.9,31,78.0,16.8,26.6
N00001310,Legoniel_1,981,52.91,17.6,28,84.5,11.7,34.1
N00001311,Legoniel_1,326,59.51,19.0,22,90.5,7.4,17.8
N00001312,Legoniel_1,654,56.42,18.0,26,81.8,10.9,24.8
N00001313,Legoniel_1,417,47.24,7.9,32,54.9,35.7,38.5
N00001314,Legoniel_2,401,50.62,16.0,31,50.9,44.9,30.2
N00001315,Legoniel_2,246,54.88,7.7,45,5.3,86.6,29.1
N00001316,Legoniel_2,352,52.56,10.2,40,10.2,81.0,27.1
N00001317,Legoniel_2,267,53.56,12.4,46,4.9,90.6,25.6
N00001318,Legoniel_2,287,53.66,9.4,36,7.7,80.1,38.0
N00001319,Legoniel_3,285,50.53,14.0,44,47.0,46.0,44.9
N00001320,Legoniel_3,253,53.36,9.9,44,18.2,77.5,33.3
N00001321,Legoniel_3,274,54.01,17.9,43,75.9,20.4,38.3
N00001322,Legoniel_3,274,52.92,7.3,32,10.9,77.0,33.5
N00001323,Legoniel_3,295,50.17,8.8,43,19.0,73.9,31.6
N00001324,Legoniel_3,243,53.50,7.0,45,20.6,72.8,44.7
N00001325,Malone_1,1263,51.62,14.3,38,73.0,21.2,71.5
N00001326,Malone_1,360,49.72,13.9,48,55.6,38.3,71.4
N00001327,Malone_1,328,55.79,15.5,48,65.5,29.3,69.1
N00001328,Malone_2,1036,51.64,15.4,43,59.7,31.9,67.8
N00001329,Malone_2,281,49.82,11.0,45,65.8,28.1,61.6
N00001330,Malone_2,322,52.17,14.3,46,66.1,28.6,65.0
N00001331,Malone_3,274,48.91,15.7,41,43.1,49.3,63.2
N00001332,Malone_3,186,50.54,3.8,30,57.0,30.6,50.3
N00001333,Malone_3,337,46.88,13.9,37,54.0,34.4,74.5
N00001334,Malone_3,354,53.11,19.5,39,47.7,35.6,65.7
N00001335,Malone_3,194,53.09,2.1,31,55.2,24.2,69.1
N00001336,Malone_3,318,49.69,20.4,43,59.7,31.8,75.4
N00001337,Malone_3,302,56.95,13.2,38,57.3,31.8,68.2
N00001338,Musgrave_1,303,55.45,10.6,41,22.1,65.0,42.5
N00001339,Musgrave_1,370,56.76,14.6,39,14.6,76.5,35.3
N00001340,Musgrave_1,779,53.02,12.2,41,18.9,70.3,43.2
N00001341,Musgrave_2,329,48.33,16.1,40,97.3,2.4,42.0
N00001342,Musgrave_2,388,52.58,15.2,42,93.6,5.2,51.9
N00001343,Musgrave_2,293,52.56,16.0,42,93.9,3.4,54.8
N00001344,Musgrave_2,330,49.70,14.5,43,93.6,4.2,51.5
N00001345,Musgrave_2,250,52.00,10.8,50,95.2,2.4,60.3
N00001346,Musgrave_3,820,51.95,10.1,43,48.2,43.0,65.7
N00001347,Musgrave_3,513,50.29,8.8,33,77.8,16.4,60.0
N00001348,Musgrave_3,304,49.01,10.9,36,74.0,21.1,59.6
N00001349,Musgrave_3,248,44.76,8.9,35,77.4,14.5,62.0
N00001350,New Lodge_1,919,52.56,13.8,41,90.0,7.8,18.2
N00001351,New Lodge_1,390,52.82,14.1,33,91.5,6.4,17.8
N00001352,New Lodge_1,303,50.50,4.0,35,79.2,11.9,36.3
N00001353,New Lodge_1,358,49.72,12.3,44,79.1,17.9,22.5
N00001354,New Lodge_2,756,48.15,11.6,40,93.1,5.3,20.1
N00001355,New Lodge_2,287,54.70,15.0,37,90.2,8.0,24.4
N00001356,New Lodge_2,280,56.79,14.6,36,92.5,5.7,18.9
N00001357,New Lodge_2,155,44.52,10.3,43,94.8,3.2,18.5
N00001358,New Lodge_3,344,48.84,11.0,34,88.7,2.9,22.0
N00001359,New Lodge_3,294,60.88,13.9,28,90.8,8.2,27.7
N00001360,New Lodge_3,276,53.62,16.7,29,84.4,7.6,23.8
N00001361,New Lodge_3,295,49.49,14.6,28,89.5,7.8,17.0
N00001362,New Lodge_3,293,50.17,16.0,41,92.8,6.5,13.7
N00001363,Orangefield_1,263,52.47,12.2,36,5.7,78.3,50.0
N00001364,Orangefield_1,539,52.13,10.2,35,19.9,67.3,48.3
N00001365,Orangefield_1,387,50.90,8.3,35,16.8,71.3,54.6
N00001366,Orangefield_1,252,52.78,8.3,37,15.5,68.7,55.9
N00001367,Orangefield_1,353,50.14,9.9,40,11.3,73.1,31.1
N00001368,Orangefield_2,295,48.47,9.5,43,7.8,83.7,56.4
N00001369,Orangefield_2,365,51.23,9.0,40,11.5,79.5,49.3
N00001370,Orangefield_2,369,53.39,10.0,49,8.4,78.9,52.2
N00001371,Orangefield_2,313,52.72,14.4,36,13.1,74.4,58.1
N00001372,Orangefield_2,584,53.42,11.8,40,8.2,80.3,54.2
N00001373,Orangefield_3,293,52.22,10.6,39,7.5,79.2,49.5
N00001374,Orangefield_3,297,48.82,14.1,42,4.4,84.5,51.7
N00001375,Orangefield_3,338,56.80,14.5,44,8.0,82.8,44.6
N00001376,Orangefield_3,191,57.07,8.4,37,8.9,75.4,41.8
N00001377,Orangefield_3,276,51.81,12.0,44,7.6,82.2,52.5
N00001378,Orangefield_3,258,48.45,7.0,34,13.2,75.2,53.5
N00001379,Orangefield_3,246,54.88,13.0,42,13.8,77.2,43.1
N00001380,Ravenhill_1,381,52.23,9.7,43,60.1,29.4,64.2
N00001381,Ravenhill_1,395,47.59,5.8,30,50.1,33.2,69.2
N00001382,Ravenhill_1,316,49.68,13.0,40,52.5,36.4,68.3
N00001383,Ravenhill_1,344,60.47,14.2,52,51.5,39.8,67.5
N00001384,Ravenhill_1,287,48.08,12.5,41,26.1,59.2,55.6
N00001385,Ravenhill_1,359,53.20,16.2,41,62.7,29.0,67.5
N00001386,Ravenhill_2,532,53.57,7.1,32,31.2,51.7,53.7
N00001387,Ravenhill_2,263,52.47,6.1,32,31.9,47.5,51.6
N00001388,Ravenhill_2,270,60.00,8.5,51,10.7,78.5,49.7
N00001389,Ravenhill_2,188,55.85,2.1,33,36.2,48.9,60.3
N00001390,Ravenhill_2,287,46.34,11.8,41,29.6,59.6,60.3
N00001391,Ravenhill_2,286,54.20,12.2,41,25.9,62.6,62.6
N00001392,Ravenhill_3,263,51.71,9.9,34,36.5,51.3,50.2
N00001393,Ravenhill_3,269,53.16,4.8,31,55.4,32.3,69.4
N00001394,Ravenhill_3,284,53.52,7.7,34,34.5,48.6,62.9
N00001395,Ravenhill_3,277,53.43,10.5,38,23.8,58.8,60.9
N00001396,Ravenhill_3,607,44.48,3.8,29,48.4,37.6,68.4
N00001397,Ravenhill_3,183,55.74,4.4,41,23.0,67.2,59.3
N00001398,Ravenhill_3,250,49.20,7.6,35,29.6,54.4,61.1
N00001399,Rosetta_1,889,50.51,8.5,41,61.4,30.3,73.9
N00001400,Rosetta_1,330,49.39,7.6,43,53.9,35.5,73.1
N00001401,Rosetta_1,851,52.17,6.3,30,37.8,43.0,62.4
N00001402,Rosetta_1,652,53.68,7.7,32,64.9,25.6,67.5
N00001403,Rosetta_1,377,52.25,13.3,36,69.8,16.7,56.5
N00001404,Rosetta_2,706,54.11,9.1,39,62.0,26.5,60.9
N00001405,Rosetta_2,235,54.04,13.6,38,23.4,68.5,45.5
N00001406,Rosetta_2,216,55.56,8.3,37,32.4,56.9,50.0
N00001407,Rosetta_2,256,58.98,6.2,33,71.1,16.4,57.4
N00001408,Rosetta_2,467,54.60,11.8,33,64.0,28.7,77.1
N00001409,Rosetta_3,292,49.66,12.0,38,70.5,18.5,66.8
N00001410,Rosetta_3,294,56.12,9.9,41,74.1,21.4,67.7
N00001411,Rosetta_3,280,53.21,8.9,42,76.1,18.2,63.6
N00001412,Rosetta_3,164,55.49,10.4,52,56.7,37.2,53.2
N00001413,Rosetta_3,277,54.51,12.3,38,63.9,28.5,67.5
N00001414,Rosetta_3,278,55.76,11.2,38,68.3,25.5,66.1
N00001415,Shaftesbury_1,275,53.45,18.5,31,96.0,2.5,17.9
N00001416,Shaftesbury_1,947,43.08,5.0,30,48.4,16.4,58.1
N00001417,Shaftesbury_1,277,49.10,12.6,41,15.5,78.0,15.0
N00001418,Shaftesbury_1,662,44.86,9.7,30,65.7,19.8,42.4
N00001419,Shaftesbury_1,248,47.58,9.3,30,66.9,20.6,43.9
N00001420,Shaftesbury_2,243,53.09,10.3,36,13.6,65.4,27.3
N00001421,Shaftesbury_2,1333,45.31,9.6,30,32.0,48.7,45.5
N00001422,Shaftesbury_2,200,50.50,15.0,42,13.5,67.0,24.8
N00001423,Shaftesbury_2,445,50.34,15.5,38,80.0,9.7,17.0
N00001424,Shaftesbury_2,223,53.81,10.3,35,14.8,67.7,27.4
N00001425,Shaftesbury_2,267,50.94,14.2,33,5.6,79.8,16.8
N00001426,Shaftesbury_3,229,56.77,12.7,36,5.2,83.4,18.8
N00001427,Shaftesbury_3,251,55.38,14.3,36,4.4,86.5,17.1
N00001428,Shaftesbury_3,279,54.12,12.5,27,6.1,88.9,22.1
N00001429,Shaftesbury_3,1073,46.23,7.3,29,21.0,58.2,33.3
N00001430,Shaftesbury_3,262,52.67,21.4,33,9.5,85.9,21.7
N00001431,Shankill_1,326,50.92,18.7,36,2.1,90.5,16.5
N00001432,Shankill_1,281,54.80,16.7,33,4.6,89.3,17.1
N00001433,Shankill_1,254,52.76,10.2,31,3.1,84.6,24.0
N00001434,Shankill_1,302,53.97,16.9,36,4.0,91.4,19.9
N00001435,Shankill_1,233,54.08,14.6,40,3.0,91.4,14.0
N00001436,Shankill_1,301,54.49,19.9,27,24.3,69.1,14.4
N00001437,Shankill_2,201,60.20,13.4,29,10.4,74.1,18.3
N00001438,Shankill_2,291,58.08,17.5,36,5.8,86.6,19.2
N00001439,Shankill_2,270,48.15,5.2,40,14.8,75.2,29.0
N00001440,Shankill_2,251,51.39,9.6,53,2.8,91.6,17.2
N00001441,Shankill_2,282,50.35,13.5,33,10.3,83.3,20.1
N00001442,Shankill_2,347,58.79,12.1,43,11.5,81.0,14.1
N00001443,Shankill_2,209,46.41,8.6,48,6.2,86.1,14.7
N00001444,Shankill_2,268,48.51,10.8,36,4.9,88.4,13.2
N00001445,Stormont_1,371,50.13,13.7,48,5.7,85.4,69.3
N00001446,Stormont_1,304,48.68,10.5,53,6.9,83.6,72.8
N00001447,Stormont_1,315,56.51,9.2,57,5.7,87.3,70.8
N00001448,Stormont_1,350,52.29,13.1,46,11.1,82.9,73.8
N00001449,Stormont_1,323,51.39,10.2,44,11.8,76.2,79.6
N00001450,Stormont_1,263,49.43,8.4,53,7.6,82.9,73.7
N00001451,Stormont_2,248,51.61,10.9,51,18.5,71.8,62.3
N00001452,Stormont_2,324,51.23,13.3,47,13.9,75.3,66.5
N00001453,Stormont_2,372,53.49,14.8,47,10.5,85.2,73.7
N00001454,Stormont_2,319,47.02,12.5,49,7.5,80.3,66.0
N00001455,Stormont_2,261,50.96,10.7,41,15.3,67.8,60.5
N00001456,Stormont_3,334,50.90,9.0,42,11.7,78.1,75.1
N00001457,Stormont_3,318,55.35,15.7,41,14.2,74.5,64.0
N00001458,Stormont_3,376,60.64,7.2,47,17.3,68.4,65.1
N00001459,Stormont_3,471,42.25,31.6,38,20.0,62.4,57.7
N00001460,Stormont_3,599,55.76,11.4,38,20.7,62.6,58.0
N00001461,Stranmillis_1,317,56.78,12.3,41,49.2,40.1,65.6
N00001462,Stranmillis_1,357,50.42,11.8,41,47.9,39.5,74.6
N00001463,Stranmillis_1,385,52.73,18.2,41,53.0,39.2,68.9
N00001464,Stranmillis_1,345,50.43,15.9,43,46.7,38.0,67.4
N00001465,Stranmillis_1,422,51.18,16.6,46,53.8,37.4,68.6
N00001466,Stranmillis_2,280,52.86,12.1,26,45.4,40.7,41.5
N00001467,Stranmillis_2,1504,57.18,63.0,19,48.4,34.2,9.2
N00001468,Stranmillis_3,283,42.40,15.5,22,44.2,38.9,31.0
N00001469,Stranmillis_3,246,44.72,11.0,26,45.1,38.6,43.8
N00001470,Stranmillis_3,348,58.05,8.6,22,47.4,37.9,25.7
N00001471,Stranmillis_3,493,51.72,12.8,21,45.6,36.9,18.7
N00001472,Stranmillis_3,891,54.77,26.7,22,40.9,49.2,45.1
N00001473,Stranmillis_4,426,44.84,5.2,29,44.8,34.7,66.8
N00001474,Stranmillis_4,347,50.72,15.6,41,52.2,36.3,69.7
N00001475,Stranmillis_4,302,48.01,5.0,32,44.0,41.4,69.3
N00001476,Stranmillis_4,277,53.43,10.5,33,50.5,36.1,67.0
N00001477,Stranmillis_4,271,50.92,9.2,40,43.2,45.8,70.8
N00001478,Stranmillis_4,301,51.16,8.3,34,47.8,34.6,72.1
N00001479,Stranmillis_4,344,51.16,14.2,37,52.3,36.9,65.3
N00001480,Sydenham_1,477,49.90,8.0,47,6.3,75.3,34.6
N00001481,Sydenham_1,229,51.97,12.2,42,6.6,83.4,22.1
N00001482,Sydenham_1,307,54.07,13.7,34,8.1,77.9,36.7
N00001483,Sydenham_1,254,51.18,7.1,34,15.4,67.7,53.9
N00001484,Sydenham_1,213,50.70,6.1,36,14.1,73.2,41.5
N00001485,Sydenham_2,248,48.39,5.6,34,13.7,70.2,44.6
N00001486,Sydenham_2,358,55.31,12.8,44,7.5,76.8,52.4
N00001487,Sydenham_2,298,52.68,8.7,44,6.4,82.2,40.8
N00001488,Sydenham_2,277,51.26,13.4,35,9.0,77.6,38.7
N00001489,Sydenham_2,293,53.58,10.2,42,6.8,79.9,34.5
N00001490,Sydenham_2,196,57.65,9.7,33,8.2,80.1,37.5
N00001491,Sydenham_3,250,53.60,8.8,52,9.2,80.0,43.3
N00001492,Sydenham_3,226,53.10,10.2,32,9.3,78.3,37.1
N00001493,Sydenham_3,260,48.85,7.3,34,10.0,77.7,44.4
N00001494,Sydenham_3,198,48.48,12.6,34,15.2,78.3,44.3
N00001495,Sydenham_3,288,51.04,10.8,32,11.5,70.5,37.6
N00001496,Sydenham_3,266,50.75,2.6,32,13.2,67.3,50.0
N00001497,Sydenham_3,236,52.97,12.3,33,14.8,72.5,46.5
N00001498,The Mount_1,460,50.00,14.1,28,18.9,58.5,23.5
N00001499,The Mount_1,335,51.04,11.3,31,13.1,69.3,29.4
N00001500,The Mount_1,214,33.64,4.2,38,20.1,61.7,41.1
N00001501,The Mount_1,497,50.30,12.7,34,9.9,76.7,20.2
N00001502,The Mount_1,409,52.57,12.0,31,13.4,74.1,34.4
N00001503,The Mount_1,204,50.49,11.8,39,7.4,81.4,25.2
N00001504,The Mount_1,272,52.94,13.6,29,5.5,84.9,21.2
N00001505,The Mount_1,473,48.84,12.3,29,28.1,53.7,35.6
N00001506,The Mount_2,239,49.79,7.1,32,16.3,70.7,27.3
N00001507,The Mount_2,254,50.79,15.0,38,2.8,81.9,19.4
N00001508,The Mount_2,466,46.78,12.7,29,18.0,60.7,30.0
N00001509,The Mount_2,385,49.09,9.4,38,14.5,75.6,29.8
N00001510,The Mount_2,215,50.23,6.5,35,15.3,67.9,41.0
N00001511,The Mount_2,638,50.94,16.3,30,22.3,67.2,20.1
N00001512,The Mount_2,294,47.28,9.5,31,21.4,55.1,39.6
N00001513,The Mount_2,236,44.92,11.9,31,15.7,69.5,26.8
N00001514,Upper Malone_1,249,55.02,10.4,38,22.1,65.1,55.3
N00001515,Upper Malone_1,351,52.71,12.8,53,48.1,46.4,61.0
N00001516,Upper Malone_1,275,56.00,9.5,62,31.3,60.7,75.0
N00001517,Upper Malone_1,359,52.65,8.9,53,54.0,37.9,75.0
N00001518,Upper Malone_1,436,49.31,11.2,44,57.8,30.7,66.4
N00001519,Upper Malone_2,298,56.38,11.4,36,17.1,77.2,33.0
N00001520,Upper Malone_2,265,50.19,18.9,32,3.8,86.0,19.1
N00001521,Upper Malone_2,249,52.61,12.0,33,10.8,81.1,24.1
N00001522,Upper Malone_2,278,55.40,10.8,42,11.5,78.4,45.1
N00001523,Upper Malone_2,211,53.55,17.5,37,9.5,77.3,21.4
N00001524,Upper Malone_2,253,51.78,12.3,36,6.7,82.2,21.7
N00001525,Upper Malone_3,239,53.56,10.5,34,9.2,78.2,43.8
N00001526,Upper Malone_3,219,55.71,13.2,38,7.3,80.4,35.0
N00001527,Upper Malone_3,243,55.56,7.0,37,38.3,51.4,45.8
N00001528,Upper Malone_3,244,52.05,7.8,37,49.2,36.9,66.8
N00001529,Upper Malone_3,286,53.50,15.0,36,25.2,60.5,48.6
N00001530,Upper Malone_3,386,53.89,8.3,41,48.2,37.6,71.8
N00001531,Upper Springfield_1,320,56.25,20.0,30,91.9,6.9,15.2
N00001532,Upper Springfield_1,435,52.18,17.7,33,95.2,3.2,30.5
N00001533,Upper Springfield_1,636,53.62,14.2,38,94.2,5.0,20.8
N00001534,Upper Springfield_1,321,52.34,15.3,39,94.4,4.7,17.6
N00001535,Upper Springfield_2,385,55.06,22.9,25,87.0,9.1,14.0
N00001536,Upper Springfield_2,401,56.11,16.0,34,88.5,6.0,27.8
N00001537,Upper Springfield_2,356,52.25,16.0,34,95.5,3.1,12.4
N00001538,Upper Springfield_2,386,51.30,15.5,40,97.2,2.8,30.1
N00001539,Upper Springfield_2,346,54.62,19.4,29,95.1,4.0,21.6
N00001540,Upper Springfield_3,408,51.23,19.1,30,90.0,6.6,21.9
N00001541,Upper Springfield_3,286,53.15,19.2,36,95.8,2.8,10.8
N00001542,Upper Springfield_3,324,50.00,17.0,40,97.2,1.5,14.3
N00001543,Upper Springfield_3,366,52.73,17.8,33,93.7,3.3,19.3
N00001544,Upper Springfield_3,280,53.57,12.5,40,95.0,3.9,19.9
N00001545,Water Works_1,352,50.85,13.6,32,87.5,4.3,36.8
N00001546,Water Works_1,352,51.42,21.9,25,86.6,8.8,21.9
N00001547,Water Works_1,316,50.00,14.2,30,89.2,6.0,35.9
N00001548,Water Works_1,317,35.96,11.4,38,87.7,7.6,22.0
N00001549,Water Works_1,376,49.20,17.8,29,92.6,4.5,20.4
N00001550,Water Works_1,213,44.13,6.1,47,84.0,11.7,21.1
N00001551,Water Works_1,388,45.88,17.0,32,78.1,14.4,25.6
N00001552,Water Works_2,376,52.39,18.4,39,92.3,5.6,29.2
N00001553,Water Works_2,264,45.45,7.6,40,83.3,8.0,23.4
N00001554,Water Works_2,326,50.61,12.9,36,90.8,4.9,31.4
N00001555,Water Works_2,272,51.47,17.3,30,92.3,7.7,11.8
N00001556,Water Works_2,211,52.13,12.8,37,93.4,5.2,33.8
N00001557,Water Works_2,268,61.19,20.1,31,94.8,2.2,10.3
N00001558,Water Works_3,247,43.72,20.6,27,81.4,9.3,30.2
N00001559,Water Works_3,328,41.77,8.8,40,87.2,7.3,37.3
N00001560,Water Works_3,266,51.13,14.7,28,84.2,7.5,35.1
N00001561,Water Works_3,218,49.54,10.6,34,88.1,5.0,36.9
N00001562,Water Works_3,215,44.19,12.6,34,78.6,14.0,29.5
N00001563,Water Works_3,172,53.49,8.1,55,89.0,4.7,16.8
N00001564,Water Works_3,352,58.24,17.6,34,89.5,4.0,26.8
N00001565,Whiterock_1,351,50.14,14.8,35,94.0,4.0,15.4
N00001566,Whiterock_1,387,54.52,19.9,33,93.8,4.4,22.1
N00001567,Whiterock_1,251,54.98,14.7,30,89.6,6.4,29.8
N00001568,Whiterock_1,297,52.53,20.5,29,93.9,4.0,32.1
N00001569,Whiterock_1,329,51.67,11.9,33,86.0,8.8,29.0
N00001570,Whiterock_2,1119,55.05,22.7,24,95.2,2.8,20.0
N00001571,Whiterock_2,493,53.35,15.0,39,92.3,4.3,14.0
N00001572,Whiterock_2,355,54.65,21.1,31,96.9,3.1,14.0
N00001573,Whiterock_2,444,50.45,24.8,27,92.8,5.4,13.2
N00001574,Whiterock_3,310,55.48,15.5,30,94.5,4.8,20.0
N00001575,Whiterock_3,317,53.00,21.5,31,90.5,7.3,18.2
N00001576,Whiterock_3,365,53.15,21.9,35,91.2,5.2,16.1
N00001577,Whiterock_3,364,53.30,18.7,30,95.1,4.7,20.8
N00001578,Whiterock_3,312,50.64,20.8,34,92.0,6.7,16.0
N00001579,Windsor_1,317,51.42,9.5,26,44.8,39.7,45.5
N00001580,Windsor_1,328,51.83,11.0,30,54.3,30.5,60.8
N00001581,Windsor_1,306,50.65,20.6,38,50.3,42.5,66.0
N00001582,Windsor_1,293,56.31,7.8,38,58.7,35.8,63.7
N00001583,Windsor_1,234,55.56,5.1,29,56.4,31.6,49.8
N00001584,Windsor_1,184,54.35,2.7,40,48.4,37.5,44.8
N00001585,Windsor_2,444,35.59,10.4,22,45.5,32.7,21.6
N00001586,Windsor_2,254,50.00,4.7,31,42.1,33.1,52.7
N00001587,Windsor_2,333,45.65,6.0,25,49.8,30.6,44.1
N00001588,Windsor_2,290,46.90,9.3,26,42.4,41.7,38.3
N00001589,Windsor_2,318,55.03,15.4,27,38.7,51.3,43.0
N00001590,Windsor_2,356,48.60,8.7,25,44.9,39.3,41.5
N00001591,Windsor_2,275,53.09,9.1,23,44.4,30.9,28.8
N00001592,Windsor_3,305,49.51,8.2,26,29.8,48.5,28.3
N00001593,Windsor_3,518,55.60,10.0,23,33.4,47.1,31.1
N00001594,Windsor_3,364,49.18,6.0,23,28.6,48.6,24.9
N00001595,Windsor_3,289,49.13,17.6,23,37.4,43.9,24.0
N00001596,Windsor_3,395,58.23,9.4,22,34.9,48.4,19.5
N00001597,Windsor_3,271,47.60,7.4,25,37.6,36.2,31.0
N00001598,Windsor_4,381,52.23,13.1,22,40.4,42.0,23.8
N00001599,Windsor_4,445,51.46,16.4,21,35.3,48.1,20.6
N00001600,Windsor_4,317,56.15,7.9,24,38.2,40.7,31.9
N00001601,Windsor_4,277,48.38,6.9,25,38.6,44.0,37.7
N00001602,Windsor_4,342,52.05,12.9,25,37.7,42.4,33.7
N00001603,Windsor_4,305,52.79,10.2,25,44.3,38.4,28.4
N00001604,Woodstock_1,276,46.74,7.2,33,17.8,62.0,31.7
N00001605,Woodstock_1,283,53.00,7.8,34,16.3,70.3,33.8
N00001606,Woodstock_1,197,56.35,7.1,32,22.3,59.9,47.9
N00001607,Woodstock_1,262,50.00,8.0,35,19.1,65.6,36.6
N00001608,Woodstock_1,238,53.78,7.6,33,24.8,64.3,36.2
N00001609,Woodstock_1,243,54.73,10.7,30,17.7,60.5,45.6
N00001610,Woodstock_2,220,45.45,12.3,34,25.5,54.1,53.0
N00001611,Woodstock_2,292,52.74,15.1,34,13.0,72.6,22.8
N00001612,Woodstock_2,295,55.25,18.6,31,13.2,74.6,16.7
N00001613,Woodstock_2,691,52.10,10.1,30,16.6,66.7,31.2
N00001614,Woodstock_2,245,55.92,5.7,31,17.6,59.6,29.2
N00001615,Woodstock_2,318,52.83,9.1,38,27.7,52.8,34.3
N00001616,Woodstock_3,299,46.15,12.7,34,15.4,64.5,29.0
N00001617,Woodstock_3,258,44.19,8.1,31,37.6,50.0,51.9
N00001618,Woodstock_3,236,54.24,14.4,33,21.6,59.7,30.2
N00001619,Woodstock_3,278,52.16,7.6,46,8.3,77.0,28.0
N00001620,Woodstock_3,333,53.45,13.2,28,23.1,53.5,30.3
N00001621,Woodstock_3,241,51.04,10.4,33,16.2,66.0,31.6
N00001622,Woodstock_3,240,53.33,15.4,32,21.7,61.2,35.2
N00001623,Woodvale_1,287,56.79,14.3,33,9.8,81.2,23.2
N00001624,Woodvale_1,150,50.00,4.0,50,3.3,89.3,13.9
N00001625,Woodvale_1,253,53.36,9.9,36,11.9,76.3,29.1
N00001626,Woodvale_1,236,47.46,6.8,34,10.6,84.3,27.6
N00001627,Woodvale_1,179,54.19,12.3,38,5.0,83.2,24.2
N00001628,Woodvale_1,248,51.61,12.1,47,7.7,84.7,26.1
N00001629,Woodvale_2,303,56.11,9.6,48,4.3,91.1,26.2
N00001630,Woodvale_2,214,52.34,11.2,34,7.0,86.9,17.6
N00001631,Woodvale_2,226,54.42,15.0,30,1.8,91.2,19.0
N00001632,Woodvale_2,244,50.82,12.7,45,2.5,92.2,16.8
N00001633,Woodvale_2,183,45.36,10.9,40,7.1,88.5,24.6
N00001634,Woodvale_2,229,51.53,11.8,38,9.2,83.0,18.8
N00001635,Woodvale_3,300,56.00,13.0,39,2.3,88.3,22.3
N00001636,Woodvale_3,170,47.06,12.9,39,2.9,90.6,25.8
N00001637,Woodvale_3,220,53.64,17.7,36,9.1,86.8,14.9
N00001638,Woodvale_3,252,49.60,9.1,41,6.3,87.7,14.7
N00001639,Woodvale_3,180,50.56,14.4,39,5.0,87.8,14.6
N00001640,Woodvale_3,214,52.80,12.1,44,0.5,94.9,17.3
N00001641,Blackhead,250,50.40,8.4,44,14.4,74.8,31.9
N00001642,Blackhead,299,50.84,10.0,55,7.4,86.3,66.2
N00001643,Blackhead,595,52.27,10.8,38,19.3,63.5,52.1
N00001644,Blackhead,329,50.15,15.8,41,13.7,71.1,50.6
N00001645,Blackhead,234,52.99,10.3,45,12.0,76.1,31.3
N00001646,Blackhead,352,52.27,5.1,55,17.0,69.0,52.4
N00001647,Bluefield_1,294,50.00,8.8,48,4.8,90.1,48.1
N00001648,Bluefield_1,316,53.16,10.4,44,9.5,79.7,49.6
N00001649,Bluefield_1,443,51.47,20.3,37,8.4,83.3,58.9
N00001650,Bluefield_1,305,48.85,11.5,36,6.2,73.4,44.6
N00001651,Bluefield_2,383,48.56,18.5,37,5.7,83.0,53.6
N00001652,Bluefield_2,396,49.49,17.4,41,4.3,88.4,57.1
N00001653,Bluefield_2,440,47.95,21.8,35,5.2,87.0,51.7
N00001654,Bluefield_2,385,51.17,16.9,38,8.8,77.4,43.4
N00001655,Boneybefore,386,51.30,12.2,38,13.2,75.1,47.9
N00001656,Boneybefore,234,58.12,10.3,58,12.4,85.0,50.9
N00001657,Boneybefore,292,51.71,13.0,51,15.1,79.5,53.7
N00001658,Boneybefore,209,56.46,7.7,63,14.4,75.6,51.9
N00001659,Boneybefore,248,50.40,4.0,58,2.8,92.3,56.5
N00001660,Boneybefore,294,50.34,9.9,55,7.8,85.0,62.0
N00001661,Burleigh Hill_1,373,51.47,19.8,38,9.4,83.1,49.6
N00001662,Burleigh Hill_1,325,51.69,14.5,45,9.2,82.2,46.5
N00001663,Burleigh Hill_1,316,49.68,13.3,51,8.5,82.0,40.3
N00001664,Burleigh Hill_1,325,50.46,15.7,38,9.2,76.9,44.6
N00001665,Burleigh Hill_1,370,52.43,15.4,34,8.6,77.0,47.1
N00001666,Burleigh Hill_2,340,49.71,14.7,50,5.0,89.7,52.4
N00001667,Burleigh Hill_2,301,52.49,15.3,36,4.3,89.4,43.6
N00001668,Burleigh Hill_2,391,50.64,15.6,48,4.1,88.7,48.3
N00001669,Burleigh Hill_2,326,50.31,14.1,49,4.6,84.4,50.0
N00001670,Clipperstown,263,50.95,11.8,35,2.7,80.6,24.3
N00001671,Clipperstown,302,52.32,17.9,30,4.3,82.1,23.0
N00001672,Clipperstown,368,52.99,17.4,29,7.9,75.8,33.1
N00001673,Clipperstown,447,53.69,13.2,36,6.9,84.1,37.4
N00001674,Clipperstown,248,49.60,10.1,31,7.3,80.6,30.1
N00001675,Clipperstown,279,50.54,14.0,34,8.6,82.1,27.3
N00001676,Clipperstown,264,54.92,15.9,26,1.9,86.4,19.7
N00001677,Eden_1,552,46.92,20.5,36,5.8,87.7,52.6
N00001678,Eden_1,435,50.57,20.2,41,3.4,85.1,45.7
N00001679,Eden_1,404,52.97,18.3,36,10.9,77.5,50.0
N00001680,Eden_1,540,48.15,16.7,33,6.1,81.7,57.1
N00001681,Eden_1,300,53.00,8.0,42,5.3,84.3,36.4
N00001682,Eden_2,324,49.38,14.2,34,13.3,75.6,41.2
N00001683,Eden_2,388,48.71,11.9,38,10.3,79.1,31.0
N00001684,Eden_2,930,50.22,17.7,33,6.7,82.3,54.1
N00001685,Eden_2,337,53.41,18.7,41,4.2,84.6,43.7
N00001686,Eden_2,279,49.10,10.4,32,9.3,76.3,41.6
N00001687,Eden_2,308,52.92,15.3,47,2.9,89.9,49.6
N00001688,Gortalee,361,55.12,11.9,38,5.3,86.1,27.9
N00001689,Gortalee,246,48.78,5.7,39,11.4,72.8,30.1
N00001690,Gortalee,352,50.00,13.9,41,9.9,81.0,46.7
N00001691,Gortalee,280,49.29,11.8,33,3.6,84.3,28.3
N00001692,Gortalee,254,53.15,12.2,39,3.9,79.9,24.3
N00001693,Greenisland,311,53.05,3.9,60,13.8,74.9,60.4
N00001694,Greenisland,293,52.90,17.1,45,9.6,83.3,51.1
N00001695,Greenisland,414,54.35,15.9,37,16.4,72.7,56.8
N00001696,Greenisland,379,53.56,8.4,43,12.1,76.3,53.7
N00001697,Greenisland,298,53.02,12.8,42,9.1,77.9,41.0
N00001698,Greenisland,269,48.33,9.3,37,17.8,68.0,40.0
N00001699,Greenisland,395,49.11,11.1,37,27.6,64.1,65.4
N00001700,Greenisland,260,53.46,10.0,36,10.4,78.8,35.6
N00001701,Killycrot,198,57.07,8.1,45,24.7,58.6,34.0
N00001702,Killycrot,338,50.00,13.0,42,17.8,70.4,44.0
N00001703,Killycrot,1033,51.50,7.1,44,14.0,71.8,40.2
N00001704,Killycrot,829,53.20,5.9,48,13.6,76.6,40.8
N00001705,Killycrot,222,51.80,10.4,35,16.2,72.1,27.5
N00001706,Knockagh,465,50.97,13.8,37,8.4,82.4,62.6
N00001707,Knockagh,395,52.66,16.2,39,8.9,79.0,56.4
N00001708,Knockagh,674,48.81,12.2,35,12.0,75.4,66.3
N00001709,Knockagh,252,53.17,10.7,42,11.9,76.6,35.9
N00001710,Knockagh,341,51.03,14.7,51,11.1,82.7,67.5
N00001711,Knockagh,362,51.38,14.9,42,10.5,76.2,62.3
N00001712,Love Lane,387,55.56,8.5,42,6.2,82.4,30.3
N00001713,Love Lane,207,55.56,8.2,58,13.5,79.7,34.8
N00001714,Love Lane,536,55.22,10.3,38,4.5,77.6,24.1
N00001715,Love Lane,287,54.70,14.6,28,3.5,84.0,21.2
N00001716,Milebush,303,51.16,9.2,49,9.9,76.6,56.5
N00001717,Milebush,352,51.14,12.5,37,4.0,89.2,43.4
N00001718,Milebush,288,48.96,11.8,51,8.0,83.0,37.3
N00001719,Milebush,320,56.56,17.5,27,2.2,70.0,29.0
N00001720,Milebush,289,53.29,11.8,46,3.1,80.6,36.0
N00001721,Northland,279,50.90,17.2,34,3.2,84.2,26.4
N00001722,Northland,335,52.24,14.6,30,4.5,79.1,26.9
N00001723,Northland,289,49.48,16.3,32,7.6,83.0,25.0
N00001724,Northland,244,56.56,16.8,28,5.3,76.6,28.1
N00001725,Northland,260,53.85,13.5,32,4.6,85.8,20.6
N00001726,Sunnylands,263,53.99,13.7,40,14.4,74.9,25.5
N00001727,Sunnylands,222,53.15,5.4,54,9.0,83.3,25.0
N00001728,Sunnylands,292,49.32,14.4,35,4.8,80.1,23.6
N00001729,Sunnylands,312,57.69,12.8,36,9.3,81.1,28.7
N00001730,Sunnylands,214,51.40,5.1,49,11.2,80.4,36.3
N00001731,Sunnylands,227,48.02,7.5,52,9.7,76.7,27.2
N00001732,Victoria,1089,51.61,19.7,37,9.6,81.0,51.8
N00001733,Victoria,282,56.74,15.6,34,14.5,69.9,27.9
N00001734,Victoria,287,51.92,13.2,44,5.9,84.3,33.8
N00001735,Victoria,268,58.58,13.4,40,4.9,86.6,33.5
N00001736,Victoria,352,59.38,5.4,65,11.1,83.2,36.3
N00001737,Victoria,352,56.53,14.8,35,13.4,69.6,38.8
N00001738,Whitehead,317,54.26,11.7,53,22.4,61.8,66.8
N00001739,Whitehead,352,50.57,11.6,48,15.3,72.2,51.9
N00001740,Whitehead,694,52.59,13.4,42,17.9,73.6,50.0
N00001741,Whitehead,284,54.93,15.8,44,16.2,69.7,55.1
N00001742,Whitehead,229,49.78,10.9,40,24.9,54.6,38.3
N00001743,Whitehead,283,51.94,14.5,41,22.3,62.9,48.5
N00001744,Woodburn,325,46.15,15.4,37,6.2,86.8,50.6
N00001745,Woodburn,336,49.70,20.2,31,4.5,83.0,47.5
N00001746,Woodburn,295,49.83,12.5,51,6.8,86.8,44.4
N00001747,Woodburn,742,52.83,12.8,36,8.1,82.1,39.9
N00001748,Woodburn,456,51.54,16.2,42,5.0,86.8,45.3
N00001749,Woodburn,325,51.08,16.0,45,3.7,91.1,42.0
N00001750,Ballyhanwood_1,256,47.27,9.8,44,3.5,84.8,54.1
N00001751,Ballyhanwood_1,318,52.83,16.0,45,3.5,85.8,59.6
N00001752,Ballyhanwood_1,299,49.83,10.0,51,4.0,87.0,57.1
N00001753,Ballyhanwood_1,321,52.34,9.7,37,6.9,77.3,39.4
N00001754,Ballyhanwood_1,356,51.69,18.0,40,9.3,83.1,55.0
N00001755,Ballyhanwood_2,380,50.26,13.9,46,3.4,92.4,60.4
N00001756,Ballyhanwood_2,326,46.63,7.7,52,1.8,88.7,57.1
N00001757,Ballyhanwood_2,243,51.85,7.4,39,8.2,82.3,64.5
N00001758,Ballyhanwood_2,272,55.88,10.3,56,4.0,89.0,55.6
N00001759,Ballyhanwood_2,313,50.16,12.1,47,3.8,88.8,53.1
N00001760,Beechill_1,1278,45.54,16.7,37,51.2,40.4,55.0
N00001761,Beechill_1,503,56.06,16.3,46,50.7,42.1,62.9
N00001762,Beechill_2,275,49.09,13.1,40,6.5,74.9,38.1
N00001763,Beechill_2,1425,51.37,15.4,39,34.0,55.8,59.1
N00001764,Beechill_3,234,52.99,8.5,40,4.3,88.0,32.1
N00001765,Beechill_3,990,51.92,10.0,45,24.1,65.4,55.7
N00001766,Beechill_3,256,51.17,10.5,46,5.5,82.4,41.8
N00001767,Cairnshill_1,299,51.17,8.7,39,46.8,44.5,64.2
N00001768,Cairnshill_1,296,52.36,19.9,38,55.7,36.8,60.5
N00001769,Cairnshill_1,374,49.47,16.8,35,44.4,43.0,62.9
N00001770,Cairnshill_1,333,52.25,27.6,32,58.0,34.5,68.1
N00001771,Cairnshill_1,437,51.49,20.8,33,49.2,42.8,61.4
N00001772,Cairnshill_2,278,52.16,7.9,48,35.3,54.3,61.4
N00001773,Cairnshill_2,278,51.44,9.7,41,28.4,60.1,59.8
N00001774,Cairnshill_2,281,51.25,12.5,44,44.8,43.8,60.3
N00001775,Cairnshill_2,301,50.50,13.6,35,49.5,41.2,67.4
N00001776,Cairnshill_2,294,51.02,10.2,34,48.6,38.8,57.6
N00001777,Cairnshill_2,352,54.83,11.6,38,45.5,45.7,68.0
N00001778,Carrowreagh_1,307,49.51,16.9,38,2.9,85.7,55.6
N00001779,Carrowreagh_1,293,51.54,15.0,39,5.1,86.3,24.1
N00001780,Carrowreagh_1,621,50.89,11.6,32,5.3,81.3,63.9
N00001781,Carrowreagh_1,429,52.91,14.9,42,4.7,86.9,63.1
N00001782,Carrowreagh_1,354,51.41,13.8,37,2.8,89.3,55.4
N00001783,Carrowreagh_1,348,51.72,14.1,43,7.8,87.1,52.0
N00001784,Carrowreagh_2,257,52.92,9.7,35,4.3,81.3,33.8
N00001785,Carrowreagh_2,348,55.17,15.2,37,1.4,86.8,25.5
N00001786,Carrowreagh_2,319,54.23,10.0,46,4.7,88.1,43.6
N00001787,Carrowreagh_2,281,53.38,12.8,38,0.7,87.5,23.4
N00001788,Carrowreagh_2,335,51.34,20.0,31,4.8,79.1,23.3
N00001789,Carrowreagh_2,425,49.65,14.1,32,7.8,79.1,56.9
N00001790,Carryduff East_1,359,50.14,11.1,50,50.4,42.6,52.3
N00001791,Carryduff East_1,474,53.16,17.3,42,69.0,26.4,56.3
N00001792,Carryduff East_1,345,49.57,23.8,39,67.5,24.6,63.2
N00001793,Carryduff East_1,456,51.75,18.0,39,64.7,32.2,59.8
N00001794,Carryduff East_2,915,56.28,9.4,43,25.5,66.4,50.4
N00001795,Carryduff East_2,320,52.50,13.4,36,49.4,39.1,58.0
N00001796,Carryduff East_2,336,49.40,16.4,34,44.9,47.0,55.2
N00001797,Carryduff East_2,341,50.73,12.3,42,45.2,44.9,62.4
N00001798,Carryduff West_1,423,51.06,16.5,37,53.2,34.0,62.2
N00001799,Carryduff West_1,314,50.96,11.5,49,23.2,70.7,59.6
N00001800,Carryduff West_1,343,52.77,16.0,42,43.4,48.7,53.1
N00001801,Carryduff West_1,439,51.25,17.5,36,58.8,32.6,62.8
N00001802,Carryduff West_2,331,52.57,11.8,32,64.7,27.2,59.5
N00001803,Carryduff West_2,302,51.32,14.2,43,34.8,57.3,47.1
N00001804,Carryduff West_2,353,52.69,15.9,44,44.5,48.2,60.4
N00001805,Carryduff West_2,893,52.97,9.1,33,51.3,38.4,60.3
N00001806,Cregagh,324,52.78,14.5,32,7.1,77.2,27.1
N00001807,Cregagh,249,55.02,10.4,35,28.1,53.4,49.2
N00001808,Cregagh,249,55.82,12.4,40,6.8,81.9,24.6
N00001809,Cregagh,255,56.47,16.9,40,3.9,82.7,26.9
N00001810,Cregagh,231,54.11,17.3,39,5.2,82.3,33.6
N00001811,Cregagh,249,50.60,12.9,34,3.2,85.5,25.7
N00001812,Cregagh,340,45.29,6.8,42,6.2,82.9,27.4
N00001813,Cregagh,193,54.40,4.1,60,8.3,86.0,37.2
N00001814,Downshire,644,53.73,8.9,40,12.0,78.4,44.1
N00001815,Downshire,347,51.01,18.7,37,10.4,75.5,45.0
N00001816,Downshire,486,53.09,10.1,43,7.8,84.8,42.2
N00001817,Downshire,287,51.92,10.8,38,10.8,77.4,54.5
N00001818,Downshire,274,52.19,13.5,41,11.3,80.7,38.6
N00001819,Downshire,379,53.03,12.7,38,12.9,71.5,48.4
N00001820,Dundonald_1,314,51.91,6.1,50,10.2,85.4,50.5
N00001821,Dundonald_1,618,53.56,8.1,37,17.0,69.9,55.4
N00001822,Dundonald_1,270,48.89,7.0,44,7.8,78.5,58.0
N00001823,Dundonald_1,383,50.65,11.0,44,9.4,80.9,59.2
N00001824,Dundonald_1,365,50.68,20.8,40,5.5,85.2,55.7
N00001825,Dundonald_2,240,53.75,14.6,38,5.4,82.5,46.9
N00001826,Dundonald_2,344,54.36,17.2,38,2.6,87.2,60.8
N00001827,Dundonald_2,334,50.30,18.6,41,6.9,82.0,49.6
N00001828,Dundonald_2,257,51.75,8.6,37,9.3,79.8,49.4
N00001829,Dundonald_2,238,51.68,11.8,41,4.2,79.4,48.5
N00001830,Enler,393,54.71,19.3,26,3.3,82.2,27.0
N00001831,Enler,337,54.01,18.7,36,3.9,86.9,57.8
N00001832,Enler,251,48.61,8.0,39,2.0,88.8,25.0
N00001833,Enler,327,48.62,11.0,38,4.0,85.3,29.3
N00001834,Enler,235,54.47,13.6,44,0.4,86.0,30.0
N00001835,Enler,295,48.47,12.2,41,1.7,83.4,29.5
N00001836,Enler,284,53.17,15.1,38,7.7,81.0,29.6
N00001837,Enler,236,54.66,9.3,45,5.5,85.6,36.8
N00001838,Enler,234,53.42,10.3,46,1.3,86.3,22.8
N00001839,Galwally,396,53.28,10.1,44,50.5,43.2,64.0
N00001840,Galwally,374,50.00,24.9,39,51.3,43.0,66.4
N00001841,Galwally,345,50.72,11.3,40,54.2,31.3,63.6
N00001842,Galwally,258,53.10,3.9,42,43.0,50.0,68.7
N00001843,Galwally,326,51.53,14.1,43,47.9,44.2,65.7
N00001844,Galwally,297,54.55,8.8,42,43.8,47.8,63.9
N00001845,Galwally,292,59.59,11.0,44,42.8,46.9,60.7
N00001846,Galwally,279,52.33,6.8,50,36.6,55.2,59.5
N00001847,Gilnahirk,287,51.92,11.8,52,7.3,87.8,64.3
N00001848,Gilnahirk,298,46.98,14.8,45,6.7,84.6,63.3
N00001849,Gilnahirk,303,54.46,12.2,40,8.6,82.8,52.0
N00001850,Gilnahirk,636,50.16,11.8,40,7.9,79.1,61.0
N00001851,Gilnahirk,295,52.88,12.9,43,9.2,80.3,65.5
N00001852,Gilnahirk,349,52.44,10.9,50,11.5,82.5,70.7
N00001853,Gilnahirk,344,53.78,14.2,43,14.2,74.7,60.5
N00001854,Graham's Bridge,232,52.59,6.9,41,0.9,87.9,27.9
N00001855,Graham's Bridge,292,52.40,11.3,44,8.9,79.1,44.0
N00001856,Graham's Bridge,272,52.94,12.5,36,12.1,78.3,42.6
N00001857,Graham's Bridge,268,49.63,8.6,38,8.6,78.4,39.2
N00001858,Graham's Bridge,232,55.17,9.1,44,3.4,86.6,30.1
N00001859,Graham's Bridge,266,50.00,12.0,40,1.9,84.2,31.2
N00001860,Graham's Bridge,210,56.67,10.5,44,1.0,88.1,30.4
N00001861,Graham's Bridge,271,53.51,16.6,34,4.1,78.6,33.0
N00001862,Graham's Bridge,387,51.68,14.5,38,12.1,74.4,45.2
N00001863,Graham's Bridge,272,51.84,5.5,48,9.2,78.7,50.8
N00001864,Hillfoot,364,49.73,14.6,44,42.3,50.5,64.5
N00001865,Hillfoot,541,53.05,8.7,50,43.4,51.0,73.6
N00001866,Hillfoot,252,55.95,7.1,45,13.1,76.6,60.2
N00001867,Hillfoot,359,49.86,10.0,41,23.7,64.9,60.0
N00001868,Hillfoot,372,49.73,15.9,45,6.7,87.9,59.9
N00001869,Hillfoot,350,58.00,11.1,46,17.1,76.3,60.7
N00001870,Hillfoot,323,51.39,11.8,41,43.3,48.3,66.4
N00001871,Knockbracken_1,355,51.27,14.1,35,48.5,37.7,58.6
N00001872,Knockbracken_1,256,58.20,14.8,41,53.9,27.7,68.2
N00001873,Knockbracken_1,806,50.12,12.8,32,56.3,32.3,66.1
N00001874,Knockbracken_1,376,50.27,14.4,40,48.7,43.9,60.3
N00001875,Knockbracken_2,291,52.23,8.6,52,41.9,51.2,68.8
N00001876,Knockbracken_2,332,49.10,11.4,39,50.0,42.8,63.2
N00001877,Knockbracken_2,282,52.48,7.4,54,39.4,57.1,68.8
N00001878,Knockbracken_2,307,50.16,11.4,50,30.9,61.6,66.7
N00001879,Knockbracken_2,352,50.28,11.6,41,38.6,47.2,67.5
N00001880,Lisnasharragh,313,47.60,11.2,44,4.5,85.9,38.3
N00001881,Lisnasharragh,979,52.50,11.3,40,5.5,86.6,39.2
N00001882,Lisnasharragh,281,53.38,10.0,45,10.0,81.9,53.2
N00001883,Lisnasharragh,292,50.34,13.7,35,2.1,84.2,27.2
N00001884,Lisnasharragh,261,51.34,11.1,50,4.2,88.5,52.5
N00001885,Lower Braniel,229,53.71,11.8,42,2.6,88.6,30.8
N00001886,Lower Braniel,232,47.84,9.5,46,3.0,85.3,22.8
N00001887,Lower Braniel,289,51.21,11.4,34,4.8,83.4,40.5
N00001888,Lower Braniel,287,52.96,11.8,52,4.2,83.3,39.3
N00001889,Lower Braniel,231,51.08,12.6,38,0.0,86.6,26.8
N00001890,Lower Braniel,555,53.33,11.7,43,6.8,80.0,59.3
N00001891,Lower Braniel,390,49.49,15.1,45,6.7,83.1,59.5
N00001892,Lower Braniel,280,55.71,9.6,46,5.7,87.9,54.2
N00001893,Minnowburn,270,50.37,11.5,37,5.9,84.8,35.0
N00001894,Minnowburn,320,55.63,10.9,47,5.6,85.6,32.9
N00001895,Minnowburn,342,52.05,13.7,42,6.4,86.5,40.5
N00001896,Minnowburn,546,54.76,10.6,41,13.4,78.4,44.4
N00001897,Minnowburn,283,55.83,14.1,40,6.0,88.7,40.8
N00001898,Minnowburn,279,51.61,10.8,38,6.8,81.7,39.9
N00001899,Minnowburn,186,47.31,9.1,43,5.9,76.3,28.9
N00001900,Moneyreagh_1,346,45.38,11.8,45,17.1,76.0,52.6
N00001901,Moneyreagh_1,377,51.46,16.7,46,6.1,88.3,49.5
N00001902,Moneyreagh_1,411,48.91,18.0,46,7.5,84.4,54.5
N00001903,Moneyreagh_1,427,47.78,26.9,39,55.7,40.3,61.8
N00001904,Moneyreagh_1,265,54.34,17.7,39,18.1,74.3,51.1
N00001905,Moneyreagh_2,267,50.56,9.7,46,3.7,88.8,48.7
N00001906,Moneyreagh_2,308,45.78,7.5,50,4.5,89.6,49.8
N00001907,Moneyreagh_2,331,51.66,16.0,46,4.5,87.6,43.5
N00001908,Moneyreagh_2,321,47.98,9.3,43,2.5,89.7,40.8
N00001909,Moneyreagh_2,331,50.45,18.1,42,2.1,87.9,49.6
N00001910,Moneyreagh_2,386,49.48,15.8,43,1.3,93.8,62.0
N00001911,Newtownbreda,290,52.76,13.1,35,19.0,71.0,37.9
N00001912,Newtownbreda,428,53.97,8.6,38,40.4,47.0,56.1
N00001913,Newtownbreda,280,52.86,10.7,43,32.5,57.5,59.5
N00001914,Newtownbreda,303,53.14,8.6,36,42.6,48.2,61.6
N00001915,Newtownbreda,651,53.00,11.1,37,49.2,41.0,64.3
N00001916,Newtownbreda,267,54.68,11.2,42,34.5,53.6,58.0
N00001917,Newtownbreda,312,55.45,9.3,38,37.8,49.7,60.2
N00001918,Newtownbreda,249,54.62,10.8,43,47.8,42.2,66.1
N00001919,Tullycarnet,324,55.86,15.7,31,7.4,84.3,25.3
N00001920,Tullycarnet,327,51.38,9.2,44,1.8,87.5,48.8
N00001921,Tullycarnet,272,51.84,15.1,37,1.1,91.9,24.0
N00001922,Tullycarnet,300,51.33,9.0,41,4.7,88.3,33.8
N00001923,Tullycarnet,236,47.46,9.7,39,5.1,82.6,18.7
N00001924,Tullycarnet,367,58.58,16.9,27,6.5,80.9,29.8
N00001925,Tullycarnet,273,54.21,8.4,38,1.5,89.7,26.2
N00001926,Tullycarnet,320,55.31,15.0,36,0.0,82.5,22.6
N00001927,Upper Braniel,225,56.00,11.6,38,4.9,84.4,39.6
N00001928,Upper Braniel,232,54.74,12.9,47,6.9,80.2,26.1
N00001929,Upper Braniel,440,50.23,10.9,45,13.6,79.1,56.4
N00001930,Upper Braniel,249,54.62,17.3,36,3.2,87.6,34.8
N00001931,Upper Braniel,267,56.18,11.6,40,3.4,83.9,38.2
N00001932,Upper Braniel,278,52.16,11.2,48,3.6,89.9,53.1
N00001933,Upper Braniel,292,50.34,9.2,46,7.2,83.2,53.3
N00001934,Upper Braniel,265,55.47,6.0,44,3.0,84.9,52.6
N00001935,Wynchurch,350,51.43,10.3,39,36.0,51.1,69.4
N00001936,Wynchurch,304,53.29,10.2,42,64.8,30.9,56.3
N00001937,Wynchurch,304,51.64,15.8,45,64.5,26.0,59.8
N00001938,Wynchurch,311,53.38,16.1,38,3.2,79.1,26.1
N00001939,Wynchurch,278,58.27,5.8,41,23.0,63.3,48.3
N00001940,Wynchurch,359,52.37,15.6,39,66.9,25.1,57.2
N00001941,Wynchurch,284,53.52,11.3,45,55.3,37.3,53.9
N00001942,Agivey,451,49.00,13.1,41,10.6,80.7,47.0
N00001943,Agivey,429,49.18,11.7,40,40.1,56.2,37.1
N00001944,Agivey,365,49.04,14.0,44,12.1,84.1,40.4
N00001945,Agivey,440,46.36,13.4,40,31.8,66.8,34.6
N00001946,Agivey,352,49.15,11.9,42,36.9,60.8,32.7
N00001947,Agivey,462,53.03,17.3,39,11.7,80.5,35.3
N00001948,Atlantic,216,51.39,14.8,30,30.1,60.6,18.9
N00001949,Atlantic,685,52.12,13.9,44,33.0,60.6,55.6
N00001950,Atlantic,230,51.30,14.3,39,31.7,63.0,21.7
N00001951,Atlantic,238,50.42,10.1,50,32.8,58.0,58.2
N00001952,Atlantic,266,48.87,7.1,43,39.5,53.0,43.9
N00001953,Atlantic,200,53.50,9.5,44,25.0,64.5,28.5
N00001954,Atlantic,254,54.72,10.6,52,25.2,70.1,61.1
N00001955,Atlantic,285,48.07,11.6,41,25.3,61.1,50.0
N00001956,Ballysally_1,207,51.69,13.5,26,9.2,76.8,14.1
N00001957,Ballysally_1,294,50.00,14.3,37,10.5,81.3,33.5
N00001958,Ballysally_1,326,50.61,19.0,29,11.7,80.1,12.9
N00001959,Ballysally_1,261,52.87,12.6,34,9.2,80.1,18.4
N00001960,Ballysally_1,318,51.57,16.7,31,10.7,73.9,16.3
N00001961,Ballysally_2,419,49.88,20.0,33,16.9,74.0,29.0
N00001962,Ballysally_2,209,55.50,12.0,41,24.9,66.0,38.3
N00001963,Ballysally_2,167,49.70,15.6,30,11.4,77.2,13.9
N00001964,Ballysally_2,269,53.53,17.5,31,12.6,77.3,16.0
N00001965,Castlerock_1,304,49.34,9.9,46,13.2,79.9,51.8
N00001966,Castlerock_1,434,49.54,11.8,40,12.0,84.6,37.8
N00001967,Castlerock_1,468,47.44,13.0,42,26.5,67.7,37.6
N00001968,Castlerock_1,340,52.06,12.1,32,14.7,80.6,17.0
N00001969,Castlerock_2,531,50.85,12.4,45,16.9,77.2,51.7
N00001970,Castlerock_2,293,52.56,14.3,44,24.2,72.0,27.5
N00001971,Castlerock_2,410,51.46,11.2,39,12.9,81.5,39.9
N00001972,Castlerock_2,331,53.47,15.4,46,13.6,79.2,51.1
N00001973,Central,321,48.91,7.8,45,33.3,58.6,21.9
N00001974,Central,179,45.25,3.9,38,27.9,54.7,23.0
N00001975,Central,364,54.40,9.1,50,32.4,58.0,26.8
N00001976,Central,427,56.67,9.8,46,27.9,67.2,22.5
N00001977,Central,251,50.60,13.9,33,28.3,61.8,21.8
N00001978,Central,293,51.19,8.9,48,18.4,77.1,19.6
N00001979,Churchland,274,48.18,13.5,44,36.1,58.0,24.2
N00001980,Churchland,328,53.35,10.7,30,59.1,36.0,13.6
N00001981,Churchland,245,48.57,5.7,47,27.8,61.6,23.0
N00001982,Churchland,769,51.89,15.3,32,36.2,58.5,32.2
N00001983,Churchland,267,53.56,12.4,37,40.4,50.9,22.2
N00001984,Churchland,348,54.02,15.8,38,42.0,50.0,25.9
N00001985,Churchland,241,51.87,14.5,40,44.8,46.9,14.0
N00001986,Cross Glebe,456,55.04,6.1,41,25.9,68.9,20.5
N00001987,Cross Glebe,400,52.75,16.0,29,21.5,71.8,30.0
N00001988,Cross Glebe,344,57.85,11.6,33,26.5,66.6,14.6
N00001989,Cross Glebe,368,52.17,20.4,32,16.3,74.5,40.2
N00001990,Cross Glebe,261,50.57,16.9,34,22.2,70.5,16.6
N00001991,Cross Glebe,320,62.19,16.6,28,17.2,75.0,17.7
N00001992,Cross Glebe,267,47.19,15.4,34,23.2,67.0,17.6
N00001993,Cross Glebe,249,52.21,10.4,45,22.1,74.7,16.0
N00001994,Dundooan_1,355,52.68,13.5,46,17.2,74.6,37.5
N00001995,Dundooan_1,335,49.55,11.9,44,8.7,83.0,29.9
N00001996,Dundooan_1,319,47.34,9.1,47,11.3,85.0,25.9
N00001997,Dundooan_1,368,49.73,13.9,47,13.9,81.8,44.0
N00001998,Dundooan_2,262,53.05,9.9,42,32.4,59.9,40.7
N00001999,Dundooan_2,1298,54.08,22.0,22,34.4,56.9,34.4
N00002000,Dundooan_2,339,51.62,15.3,45,25.1,65.8,55.4
N00002001,Dunluce,376,47.61,14.6,44,4.5,90.7,37.3
N00002002,Dunluce,300,46.67,12.7,49,6.7,90.7,34.8
N00002003,Dunluce,291,52.92,14.1,47,4.5,89.7,40.8
N00002004,Dunluce,370,48.11,12.4,44,6.2,88.4,36.2
N00002005,Dunluce,186,52.15,8.6,59,8.6,87.6,46.9
N00002006,Dunluce,245,48.98,6.1,57,8.2,84.9,36.7
N00002007,Dunluce,222,49.10,6.3,58,5.4,91.4,50.9
N00002008,Garvagh,630,53.97,13.5,45,22.5,72.1,31.1
N00002009,Garvagh,303,51.49,13.2,38,28.7,67.7,30.0
N00002010,Garvagh,478,50.00,15.9,34,47.5,50.0,37.7
N00002011,Garvagh,564,47.34,11.5,32,63.7,34.4,32.9
N00002012,Garvagh,501,45.31,15.2,36,90.2,9.2,28.8
N00002013,Garvagh,319,48.28,13.2,35,17.2,80.6,15.3
N00002014,Hopefield_1,974,49.90,14.6,38,22.7,69.3,49.4
N00002015,Hopefield_1,292,53.42,16.4,47,23.6,70.2,47.7
N00002016,Hopefield_1,252,55.56,17.5,41,23.0,68.3,25.0
N00002017,Hopefield_1,303,52.81,13.2,51,13.2,82.8,50.4
N00002018,Hopefield_2,1387,52.27,14.6,39,23.4,67.7,48.0
N00002019,Hopefield_2,253,55.73,7.9,47,21.7,72.7,43.1
N00002020,Hopefield_2,309,52.10,14.6,45,22.7,73.1,48.8
N00002021,Kilrea,465,46.67,17.2,34,35.9,59.8,35.1
N00002022,Kilrea,378,50.26,12.2,39,71.2,25.4,32.2
N00002023,Kilrea,471,47.13,13.2,40,75.6,22.9,38.3
N00002024,Kilrea,494,49.19,16.2,32,71.9,23.9,34.8
N00002025,Kilrea,227,51.54,7.5,47,71.8,24.7,22.7
N00002026,Kilrea,437,52.17,13.0,30,78.0,20.4,20.9
N00002027,Kilrea,252,49.21,10.7,41,70.2,26.2,23.1
N00002028,Knocklynn_1,1232,51.70,17.5,35,19.0,72.2,50.6
N00002029,Knocklynn_1,582,50.34,14.3,34,21.5,70.1,49.3
N00002030,Knocklynn_1,330,48.48,12.1,38,2.4,90.6,19.2
N00002031,Knocklynn_2,350,48.86,18.3,38,19.4,71.1,49.0
N00002032,Knocklynn_2,499,49.30,11.6,41,19.8,73.7,57.1
N00002033,Knocklynn_2,249,49.00,12.4,48,22.9,73.5,41.4
N00002034,Knocklynn_2,312,51.28,13.1,49,11.5,83.3,50.0
N00002035,Knocklynn_2,341,48.68,12.3,43,24.0,68.0,48.5
N00002036,Macosquin,354,50.00,13.0,47,23.7,71.5,37.1
N00002037,Macosquin,574,49.30,12.7,39,13.9,81.5,42.6
N00002038,Macosquin,394,51.27,16.5,42,7.1,86.8,41.7
N00002039,Macosquin,306,51.96,10.1,39,4.6,93.1,19.6
N00002040,Macosquin,342,50.00,10.8,43,8.5,86.0,34.0
N00002041,Macosquin,355,49.30,13.2,40,5.9,89.6,40.7
N00002042,Mount Sandel,269,50.93,7.1,57,33.5,62.8,66.3
N00002043,Mount Sandel,350,46.57,12.9,38,37.7,48.6,41.3
N00002044,Mount Sandel,555,52.97,8.5,40,35.5,57.7,48.2
N00002045,Mount Sandel,436,57.34,8.3,49,29.6,63.1,43.7
N00002046,Mount Sandel,269,50.56,11.5,50,15.6,81.8,54.0
N00002047,Portstewart,222,58.11,7.7,48,38.3,56.3,35.2
N00002048,Portstewart,202,56.93,4.5,54,27.7,60.9,33.6
N00002049,Portstewart,218,49.54,7.8,48,29.8,65.1,44.8
N00002050,Portstewart,189,48.68,5.8,48,29.1,64.0,29.9
N00002051,Portstewart,495,50.91,7.3,44,39.8,51.1,39.6
N00002052,Portstewart,241,50.21,11.6,37,28.6,51.9,41.0
N00002053,Portstewart,232,50.00,9.9,44,23.7,67.7,25.3
N00002054,Ringsend,446,49.10,15.0,44,20.0,74.0,35.2
N00002055,Ringsend,494,46.96,17.0,39,86.2,12.8,32.5
N00002056,Ringsend,470,46.38,15.3,44,3.6,90.0,44.6
N00002057,Ringsend,415,49.88,13.3,43,44.6,51.3,36.1
N00002058,Ringsend,630,48.73,14.8,32,80.2,16.7,29.6
N00002059,Royal Portrush,257,53.31,12.1,43,35.0,61.1,27.1
N00002060,Royal Portrush,879,48.69,9.6,47,27.9,61.1,31.5
N00002061,Royal Portrush,670,53.88,11.8,43,26.0,64.2,45.1
N00002062,Royal Portrush,226,54.87,13.3,47,24.8,70.4,35.9
N00002063,Strand_1,352,43.75,17.3,44,31.8,62.5,46.6
N00002064,Strand_1,704,54.26,14.6,33,42.3,50.7,43.3
N00002065,Strand_1,270,47.78,12.2,48,41.1,54.8,49.3
N00002066,Strand_1,364,56.87,8.2,46,27.5,65.9,57.7
N00002067,Strand_2,1004,54.78,17.7,22,43.4,50.7,28.8
N00002068,Strand_2,248,54.44,9.7,49,51.2,46.0,51.1
N00002069,The Cuts_1,435,53.33,13.1,34,15.9,76.1,45.5
N00002070,The Cuts_1,1134,50.71,17.0,36,19.0,73.0,51.9
N00002071,The Cuts_1,320,51.88,12.8,50,21.2,73.8,57.3
N00002072,The Cuts_1,284,50.00,11.6,37,17.3,76.8,37.2
N00002073,The Cuts_2,262,54.58,13.4,45,38.2,60.3,22.8
N00002074,The Cuts_2,840,53.21,14.8,41,25.1,69.9,38.7
N00002075,The Cuts_2,362,49.72,15.7,43,19.3,76.0,42.0
N00002076,The Cuts_2,226,52.21,10.6,42,26.5,66.8,32.2
N00002077,The Cuts_2,229,49.78,8.3,50,18.3,79.5,36.9
N00002078,University,266,53.01,10.2,44,12.0,77.1,21.7
N00002079,University,654,50.92,12.7,44,26.1,66.4,36.0
N00002080,University,321,54.21,14.3,36,15.3,80.1,19.4
N00002081,University,282,49.65,10.6,44,26.2,67.4,15.7
N00002082,University,1350,56.37,38.4,20,27.4,60.4,16.4
N00002083,Waterside,323,54.49,13.9,48,22.9,70.0,60.3
N00002084,Waterside,438,49.54,15.5,40,23.1,63.5,46.0
N00002085,Waterside,603,53.23,17.6,41,18.7,72.0,56.4
N00002086,Waterside,482,52.07,13.1,45,22.4,70.3,59.6
N00002087,Waterside,238,51.68,11.3,41,42.4,51.7,34.5
N00002088,Waterside,336,56.55,13.7,41,39.0,49.7,40.4
N00002089,Waterside,374,55.08,17.6,46,16.3,79.9,58.3
N00002090,Ardboe,484,48.35,16.1,34,94.4,5.0,24.5
N00002091,Ardboe,980,47.45,14.1,35,95.7,3.7,24.6
N00002092,Ardboe,517,50.10,13.0,33,95.7,4.3,26.4
N00002093,Ardboe,597,51.09,11.9,31,93.6,6.0,29.4
N00002094,Coagh,695,50.79,10.2,35,22.6,71.9,30.4
N00002095,Coagh,485,50.10,14.2,36,72.0,26.8,31.0
N00002096,Coagh,454,51.76,12.3,35,18.5,74.9,32.0
N00002097,Coagh,395,50.63,12.7,44,30.1,65.6,28.1
N00002098,Dunnamore,397,46.10,13.9,38,88.4,10.8,22.0
N00002099,Dunnamore,454,51.76,14.1,35,94.1,5.5,30.3
N00002100,Dunnamore,505,49.90,17.2,29,93.3,4.4,31.9
N00002101,Dunnamore,551,48.09,15.2,30,89.3,10.3,29.9
N00002102,Dunnamore,450,54.67,13.8,31,94.9,5.1,25.0
N00002103,Gortalowry,804,51.00,17.3,31,75.2,19.5,30.9
N00002104,Gortalowry,280,51.79,14.3,34,75.4,19.3,23.9
N00002105,Gortalowry,417,52.04,13.9,32,71.5,21.8,23.7
N00002106,Gortalowry,327,51.38,13.8,33,64.8,31.5,27.3
N00002107,Gortalowry,538,49.81,15.8,29,79.4,13.0,33.7
N00002108,Gortalowry,421,54.87,19.2,28,92.9,4.0,22.3
N00002109,Killycolpy,524,44.47,14.3,34,94.3,5.2,28.6
N00002110,Killycolpy,530,51.70,14.0,28,95.7,3.8,25.1
N00002111,Killycolpy,563,49.02,15.3,34,82.9,15.3,31.5
N00002112,Killycolpy,468,49.15,15.4,32,89.5,9.2,28.3
N00002113,Killycolpy,531,50.85,14.9,33,63.3,34.8,31.9
N00002114,Killymoon,366,52.73,10.9,43,45.4,51.6,24.7
N00002115,Killymoon,249,51.81,10.4,42,51.4,45.0,20.3
N00002116,Killymoon,263,56.27,8.4,35,14.1,77.2,18.2
N00002117,Killymoon,323,51.70,13.0,40,63.2,33.1,43.2
N00002118,Killymoon,406,50.25,16.3,30,61.6,34.5,25.4
N00002119,Killymoon,278,55.04,15.5,34,86.3,10.4,23.0
N00002120,Lissan,261,47.89,7.7,46,19.9,78.5,30.3
N00002121,Lissan,454,46.92,16.5,37,44.7,53.1,33.3
N00002122,Lissan,523,47.04,17.2,34,59.5,39.0,29.2
N00002123,Lissan,461,47.72,15.6,38,40.6,58.4,32.9
N00002124,Lissan,346,50.00,8.4,39,35.3,63.3,27.1
N00002125,Moneymore,1354,51.33,12.1,34,36.9,59.7,33.7
N00002126,Moneymore,480,49.58,10.6,34,44.6,51.5,35.2
N00002127,Moneymore,812,50.86,11.7,31,44.7,52.6,29.9
N00002128,Newbuildings,763,49.15,9.6,36,28.7,66.6,31.6
N00002129,Newbuildings,1023,49.66,11.5,36,41.3,53.5,24.3
N00002130,Newbuildings,401,49.38,8.2,35,64.8,26.4,31.1
N00002131,Oaklands,426,48.12,14.3,37,32.4,65.0,36.3
N00002132,Oaklands,381,48.82,20.7,30,80.1,18.1,21.9
N00002133,Oaklands,513,46.78,14.4,36,23.4,72.7,34.3
N00002134,Oaklands,343,49.27,14.3,39,21.0,77.6,29.0
N00002135,Oaklands,518,48.65,17.4,31,55.8,43.4,28.2
N00002136,Oldtown,310,49.68,15.5,31,28.4,65.5,22.7
N00002137,Oldtown,283,50.18,11.3,39,12.0,82.7,27.2
N00002138,Oldtown,306,52.29,9.5,49,73.2,25.5,30.0
N00002139,Oldtown,747,52.61,15.8,29,46.1,47.9,32.6
N00002140,Oldtown,281,54.45,12.8,44,14.6,78.3,45.5
N00002141,Oldtown,226,53.98,9.3,44,1.3,94.7,17.9
N00002142,Oldtown,220,52.27,8.2,31,6.4,81.8,18.3
N00002143,Pomeroy,457,48.14,14.9,33,82.5,16.0,26.1
N00002144,Pomeroy,575,47.83,16.7,29,88.3,10.6,28.4
N00002145,Pomeroy,498,50.80,19.1,32,59.4,39.6,29.9
N00002146,Pomeroy,385,48.83,13.5,39,82.6,16.1,31.7
N00002147,Pomeroy,394,52.79,16.0,31,91.1,7.1,21.7
N00002148,Sandholes,406,48.52,12.6,39,25.6,70.9,32.0
N00002149,Sandholes,434,49.08,16.1,37,12.0,82.9,35.9
N00002150,Sandholes,344,48.26,10.5,41,11.6,86.3,39.3
N00002151,Sandholes,295,51.19,13.2,45,16.9,78.6,29.1
N00002152,Sandholes,338,48.52,21.0,38,20.4,76.3,20.5
N00002153,Stewartstown,449,50.56,12.5,38,18.7,79.7,31.5
N00002154,Stewartstown,394,49.49,19.8,38,18.0,79.7,30.0
N00002155,Stewartstown,528,52.46,18.9,34,50.9,48.7,32.6
N00002156,Stewartstown,378,48.41,10.8,33,66.1,33.6,25.5
N00002157,Stewartstown,292,53.08,14.0,35,88.0,11.3,15.5
N00002158,The Loop,455,50.33,11.4,34,74.9,22.9,30.8
N00002159,The Loop,556,48.74,16.0,31,49.1,47.7,33.0
N00002160,The Loop,387,48.32,15.8,32,67.2,32.0,36.0
N00002161,The Loop,523,51.43,15.3,34,58.7,41.1,34.0
N00002162,The Loop,469,49.04,15.4,33,68.9,29.9,31.4
N00002163,The Loop,556,51.44,11.5,29,82.4,14.4,39.9
N00002164,Tullagh,297,51.85,12.5,45,88.6,9.1,22.1
N00002165,Tullagh,382,50.52,21.7,29,76.2,18.8,36.5
N00002166,Tullagh,371,49.33,11.3,43,62.5,32.3,31.8
N00002167,Tullagh,349,52.44,10.3,38,71.3,25.2,33.1
N00002168,Tullagh,360,49.72,11.9,48,71.7,25.0,29.6
N00002169,Tullagh,457,49.45,11.4,35,72.4,18.4,31.7
N00002170,Aghagallon_1,313,51.76,15.3,42,89.8,6.7,19.7
N00002171,Aghagallon_1,531,49.53,14.7,37,93.8,3.8,42.4
N00002172,Aghagallon_1,630,50.48,14.9,31,90.3,4.1,41.7
N00002173,Aghagallon_1,476,50.63,16.6,40,52.1,40.8,46.4
N00002174,Aghagallon_1,538,48.14,16.7,37,77.5,19.7,34.8
N00002175,Aghagallon_2,742,47.98,12.9,31,91.9,5.1,45.0
N00002176,Aghagallon_2,570,51.05,16.5,33,90.5,6.3,41.6
N00002177,Aghagallon_2,617,49.59,14.7,34,73.7,21.7,42.1
N00002178,Aghagallon_2,514,49.81,16.5,33,92.8,3.9,35.1
N00002179,Annagh_1,332,52.41,15.1,34,23.8,64.2,34.7
N00002180,Annagh_1,199,51.26,5.5,40,33.2,65.3,29.3
N00002181,Annagh_1,719,53.41,12.9,31,12.1,81.6,51.6
N00002182,Annagh_1,362,52.21,8.8,48,13.0,84.3,43.0
N00002183,Annagh_2,280,39.64,5.7,39,39.6,46.8,21.2
N00002184,Annagh_2,220,51.36,7.7,46,20.9,62.7,23.3
N00002185,Annagh_2,412,48.79,8.3,36,36.4,49.5,25.5
N00002186,Annagh_2,232,50.86,8.2,32,33.6,54.7,22.4
N00002187,Annagh_2,286,52.80,9.8,33,43.4,48.3,30.9
N00002188,Ballybay,190,52.11,10.0,42,4.7,81.6,12.1
N00002189,Ballybay,235,53.62,14.0,41,4.3,88.1,23.3
N00002190,Ballybay,533,50.66,13.1,26,9.6,76.5,25.3
N00002191,Ballybay,213,55.40,11.7,38,13.6,78.4,14.9
N00002192,Ballybay,493,52.74,10.5,34,9.1,88.6,42.0
N00002193,Ballybay,241,52.28,12.4,38,6.2,85.5,17.1
N00002194,Ballybay,219,48.40,9.1,38,6.4,90.9,22.2
N00002195,Ballybay,312,49.68,11.9,34,25.0,66.3,30.2
N00002196,Ballyoran,589,48.05,18.2,33,58.6,39.0,44.7
N00002197,Ballyoran,657,50.68,16.0,29,74.9,22.5,31.2
N00002198,Ballyoran,290,51.38,9.7,38,85.5,10.7,17.6
N00002199,Ballyoran,317,53.00,12.3,33,91.2,5.0,21.1
N00002200,Ballyoran,411,56.20,13.1,33,93.4,3.4,25.9
N00002201,Ballyoran,244,52.87,8.2,45,90.6,7.0,20.7
N00002202,Ballyoran,477,54.72,12.2,43,84.5,14.7,32.6
N00002203,Bleary_1,1147,51.09,14.2,42,7.8,86.6,53.5
N00002204,Bleary_1,431,50.58,11.8,42,17.2,78.4,45.1
N00002205,Bleary_1,805,49.94,15.4,33,3.9,88.3,51.6
N00002206,Bleary_2,325,51.08,13.2,37,23.4,70.5,47.5
N00002207,Bleary_2,299,50.17,13.4,42,30.4,65.9,38.2
N00002208,Bleary_2,334,49.40,14.4,41,47.6,38.6,29.3
N00002209,Bleary_2,361,50.42,17.2,37,51.2,37.1,33.0
N00002210,Bleary_2,417,45.80,16.1,40,27.6,67.1,42.7
N00002211,Brownstown_1,247,47.37,8.9,41,6.9,85.0,25.1
N00002212,Brownstown_1,259,55.21,13.5,37,8.9,79.2,34.5
N00002213,Brownstown_1,790,51.27,16.6,30,18.6,70.9,35.7
N00002214,Brownstown_1,358,50.84,17.6,43,9.8,87.4,38.2
N00002215,Brownstown_2,271,53.14,10.3,44,16.6,80.8,31.3
N00002216,Brownstown_2,269,51.67,9.7,45,6.3,86.2,28.4
N00002217,Brownstown_2,235,52.34,8.9,51,8.1,86.8,35.1
N00002218,Brownstown_2,235,52.77,6.4,42,12.8,83.4,32.8
N00002219,Brownstown_2,224,51.34,7.6,48,3.6,91.1,23.8
N00002220,Brownstown_2,484,54.75,10.5,35,17.8,74.2,38.0
N00002221,Church,448,54.46,12.5,42,10.0,84.2,17.5
N00002222,Church,282,45.39,11.0,31,27.3,66.0,19.0
N00002223,Church,138,52.90,9.4,39,13.8,72.5,23.5
N00002224,Church,198,50.51,13.6,32,36.4,49.0,28.4
N00002225,Church,331,50.76,10.6,46,7.6,81.9,20.5
N00002226,Church,225,54.22,10.2,34,10.2,79.6,17.2
N00002227,Church,249,51.41,9.2,44,9.2,81.5,21.8
N00002228,Church,260,53.85,12.3,38,6.2,79.6,22.2
N00002229,Corcrain_1,1012,52.47,17.2,31,87.9,6.6,27.2
N00002230,Corcrain_1,289,50.52,10.4,33,90.0,2.8,19.0
N00002231,Corcrain_1,348,53.45,15.8,29,84.8,6.3,12.4
N00002232,Corcrain_2,799,49.31,12.0,33,63.6,30.3,21.9
N00002233,Corcrain_2,312,49.36,11.2,32,70.8,19.2,20.0
N00002234,Corcrain_2,246,50.41,13.0,37,74.8,13.4,19.2
N00002235,Corcrain_2,314,52.87,17.8,35,91.1,4.8,15.1
N00002236,Court_1,611,51.06,10.1,43,76.8,18.5,17.2
N00002237,Court_1,340,49.71,22.1,28,90.3,2.9,19.9
N00002238,Court_1,274,53.28,17.5,26,86.9,8.4,17.7
N00002239,Court_1,242,45.87,8.3,42,93.4,2.9,15.0
N00002240,Court_2,329,55.02,18.8,34,91.5,6.4,30.0
N00002241,Court_2,323,56.04,9.9,42,59.1,34.4,25.0
N00002242,Court_2,276,49.64,9.8,43,93.8,4.7,23.6
N00002243,Court_2,242,56.61,12.8,43,79.8,16.1,18.6
N00002244,Court_2,299,51.51,12.7,41,97.7,2.0,35.0
N00002245,Court_2,214,58.41,1.9,67,78.0,19.6,19.9
N00002246,Derrytrasna_1,467,52.68,14.3,38,97.2,1.7,41.9
N00002247,Derrytrasna_1,471,50.11,20.4,32,93.4,4.2,36.2
N00002248,Derrytrasna_1,778,51.03,14.4,32,93.8,4.6,40.3
N00002249,Derrytrasna_1,613,48.78,17.9,31,94.0,4.6,46.4
N00002250,Derrytrasna_1,351,49.57,18.2,34,98.6,1.4,36.5
N00002251,Derrytrasna_1,394,51.27,14.5,36,91.1,7.4,30.7
N00002252,Derrytrasna_2,895,48.49,16.3,35,77.8,21.0,33.7
N00002253,Derrytrasna_2,418,47.13,19.9,39,93.1,6.9,36.2
N00002254,Derrytrasna_2,545,48.81,12.8,32,82.8,12.5,37.0
N00002255,Derrytrasna_2,543,53.59,12.5,32,72.2,26.7,43.5
N00002256,Donaghcloney_1,499,46.29,12.4,39,26.3,65.7,44.7
N00002257,Donaghcloney_1,342,52.05,12.0,39,5.3,82.7,40.1
N00002258,Donaghcloney_1,344,49.13,14.0,40,4.1,88.7,43.9
N00002259,Donaghcloney_1,353,51.27,10.8,33,4.8,85.6,39.7
N00002260,Donaghcloney_2,797,49.94,10.8,32,7.5,84.7,49.4
N00002261,Donaghcloney_2,723,49.38,16.2,35,5.4,88.8,48.0
N00002262,Donaghcloney_2,444,45.72,15.5,39,12.2,82.9,48.0
N00002263,Donaghcloney_2,487,50.51,15.2,36,7.6,86.0,46.8
N00002264,Drumgask_1,732,52.32,14.8,29,82.9,11.3,27.9
N00002265,Drumgask_1,618,52.27,13.4,28,83.8,12.3,28.3
N00002266,Drumgask_1,290,45.17,12.8,32,82.4,11.4,17.4
N00002267,Drumgask_1,486,51.85,13.4,28,77.0,10.9,24.1
N00002268,Drumgask_1,803,52.93,15.6,28,84.6,8.0,30.2
N00002269,Drumgask_2,326,54.91,15.0,31,92.9,3.1,17.6
N00002270,Drumgask_2,352,53.69,16.8,28,91.5,5.7,17.5
N00002271,Drumgask_2,333,48.65,21.0,26,95.2,1.2,15.2
N00002272,Drumgask_2,272,55.51,15.1,31,91.5,4.4,17.4
N00002273,Drumgor_1,597,51.93,14.9,32,59.6,28.1,39.4
N00002274,Drumgor_1,251,52.19,19.9,31,52.6,36.3,15.3
N00002275,Drumgor_1,254,49.21,16.1,33,55.5,38.6,18.8
N00002276,Drumgor_1,299,52.17,8.0,41,66.2,23.7,34.7
N00002277,Drumgor_2,515,50.29,13.4,30,61.6,27.2,24.8
N00002278,Drumgor_2,336,52.38,18.5,36,67.3,22.0,19.7
N00002279,Drumgor_2,205,46.83,9.3,41,70.7,24.9,21.7
N00002280,Drumgor_2,288,49.65,11.5,40,55.2,36.5,26.4
N00002281,Drumnamoe_1,420,51.67,19.5,29,90.5,6.7,15.1
N00002282,Drumnamoe_1,276,51.81,15.6,41,92.0,6.2,17.8
N00002283,Drumnamoe_1,277,48.01,10.8,43,94.6,1.8,12.2
N00002284,Drumnamoe_1,297,50.84,11.1,43,94.3,4.7,15.3
N00002285,Drumnamoe_2,420,48.10,21.2,32,96.7,2.4,37.3
N00002286,Drumnamoe_2,359,52.09,14.2,41,99.7,0.0,34.1
N00002287,Drumnamoe_2,308,49.35,13.0,46,95.5,3.9,23.9
N00002288,Drumnamoe_2,294,50.68,14.6,40,92.9,6.1,11.7
N00002289,Edenderry_1,242,54.96,14.5,37,8.3,83.1,17.5
N00002290,Edenderry_1,456,56.14,8.8,53,6.6,84.9,45.1
N00002291,Edenderry_1,442,49.32,10.2,40,16.5,71.7,40.5
N00002292,Edenderry_1,309,48.87,18.4,41,5.8,83.8,57.0
N00002293,Edenderry_2,231,51.08,8.7,48,7.4,85.7,20.2
N00002294,Edenderry_2,292,51.37,8.9,49,3.8,91.1,48.2
N00002295,Edenderry_2,334,50.60,12.0,35,8.1,86.8,43.7
N00002296,Edenderry_2,407,52.58,10.1,43,13.5,80.1,36.2
N00002297,Edenderry_2,335,48.36,12.8,48,5.1,87.8,52.5
N00002298,Kernan_1,277,54.15,10.1,48,9.0,84.5,44.2
N00002299,Kernan_1,372,49.19,12.1,39,8.3,82.3,54.3
N00002300,Kernan_1,813,51.05,12.1,32,17.1,77.0,58.6
N00002301,Kernan_1,671,50.37,14.3,35,19.8,70.8,49.6
N00002302,Kernan_1,658,52.58,16.4,37,10.9,81.0,59.9
N00002303,Kernan_2,447,51.01,16.1,32,45.4,47.4,41.2
N00002304,Kernan_2,218,50.92,11.9,32,20.6,64.2,16.8
N00002305,Kernan_2,790,51.01,11.3,31,22.2,68.9,48.9
N00002306,Kernan_2,1483,51.11,9.6,31,36.3,50.1,36.5
N00002307,Kernan_2,378,50.53,15.1,43,25.4,67.2,41.0
N00002308,Killycomain,329,49.24,15.8,42,6.4,86.0,42.0
N00002309,Killycomain,224,53.13,8.5,38,10.7,81.7,24.5
N00002310,Killycomain,218,53.67,11.5,41,7.8,83.0,30.7
N00002311,Killycomain,285,52.98,8.1,36,13.3,79.3,36.1
N00002312,Killycomain,309,49.19,10.0,39,10.4,82.2,22.4
N00002313,Killycomain,302,53.97,7.9,52,7.6,85.1,55.3
N00002314,Killycomain,274,52.19,7.3,49,8.8,81.0,51.5
N00002315,Killycomain,344,54.07,9.9,42,9.6,85.2,47.5
N00002316,Killycomain,254,58.27,9.1,46,10.2,79.5,39.8
N00002317,Knocknashane_1,304,55.26,11.5,43,5.6,90.5,40.8
N00002318,Knocknashane_1,383,57.96,9.4,46,6.5,88.3,45.3
N00002319,Knocknashane_1,698,51.43,12.5,36,4.4,85.4,53.2
N00002320,Knocknashane_1,299,53.85,10.7,41,5.4,80.3,30.5
N00002321,Knocknashane_1,290,50.69,10.7,41,3.8,89.0,43.3
N00002322,Knocknashane_2,302,50.99,8.6,45,9.3,84.4,50.6
N00002323,Knocknashane_2,331,50.76,13.9,44,6.0,89.1,46.2
N00002324,Knocknashane_2,291,47.77,12.4,36,7.9,86.6,40.0
N00002325,Knocknashane_2,453,52.76,11.3,40,8.2,85.4,53.1
N00002326,Magheralin_1,307,50.16,16.9,45,4.6,89.9,37.4
N00002327,Magheralin_1,1297,50.89,12.2,36,7.0,85.4,50.4
N00002328,Magheralin_1,363,50.14,18.5,39,8.0,85.4,57.5
N00002329,Magheralin_1,316,54.11,12.7,41,4.4,88.0,40.4
N00002330,Magheralin_2,619,50.08,11.8,36,39.4,54.4,51.0
N00002331,Magheralin_2,606,52.48,19.0,36,56.4,38.0,40.7
N00002332,Magheralin_2,360,53.06,13.3,34,25.0,66.4,39.8
N00002333,Magheralin_2,395,52.66,13.4,37,39.2,54.7,47.7
N00002334,Magheralin_2,345,51.59,13.0,38,38.6,57.1,36.6
N00002335,Magheralin_2,540,49.07,11.3,40,23.5,72.4,58.0
N00002336,Mourneview,322,52.80,13.4,40,6.8,83.9,28.9
N00002337,Mourneview,355,47.32,17.5,35,89.9,9.0,18.1
N00002338,Mourneview,263,48.67,13.3,40,3.8,90.1,22.8
N00002339,Mourneview,296,51.69,13.5,40,16.9,75.0,30.7
N00002340,Mourneview,295,49.49,11.9,36,5.4,85.1,20.0
N00002341,Mourneview,236,50.42,10.2,39,10.6,87.7,19.8
N00002342,Mourneview,284,49.65,8.8,40,84.2,13.7,22.2
N00002343,Mourneview,350,52.29,19.7,29,90.6,6.9,30.2
N00002344,Parklake,378,49.74,7.7,31,85.2,8.2,22.9
N00002345,Parklake,300,49.33,5.3,39,44.3,50.7,30.2
N00002346,Parklake,235,50.21,9.4,40,27.7,62.1,22.2
N00002347,Parklake,678,52.95,11.8,36,14.2,75.1,32.2
N00002348,Parklake,338,50.89,7.7,37,12.7,78.7,30.4
N00002349,Parklake,250,49.20,12.4,40,5.2,79.6,38.9
N00002350,Parklake,180,57.78,6.1,56,4.4,89.4,39.4
N00002351,Parklake,1332,51.05,14.6,28,92.0,6.5,45.4
N00002352,Parklake,292,49.32,9.6,54,86.0,9.9,27.3
N00002353,Taghnevan,1824,49.95,13.0,29,89.7,5.9,34.3
N00002354,Taghnevan,378,45.77,9.5,35,89.9,7.4,37.3
N00002355,Taghnevan,278,46.40,15.8,30,92.4,6.5,16.3
N00002356,Taghnevan,409,47.43,14.7,30,92.4,4.6,30.9
N00002357,Taghnevan,348,46.55,14.9,34,89.9,7.8,24.9
N00002358,Taghnevan,236,56.36,16.1,37,91.9,4.7,17.0
N00002359,Taghnevan,255,42.35,9.8,42,94.5,3.9,15.6
N00002360,Tavanagh,234,48.72,7.3,48,13.7,79.1,36.7
N00002361,Tavanagh,295,50.85,9.8,32,10.8,83.4,17.0
N00002362,Tavanagh,242,53.31,11.2,40,9.5,83.9,16.4
N00002363,Tavanagh,231,53.68,9.5,37,11.7,78.8,20.9
N00002364,Tavanagh,212,47.17,7.5,41,9.4,78.8,18.8
N00002365,Tavanagh,287,51.57,11.8,32,8.0,85.4,17.8
N00002366,Tavanagh,272,45.22,11.0,39,12.9,80.1,12.8
N00002367,Tavanagh,384,50.52,10.7,42,28.6,62.0,39.9
N00002368,The Birches_1,437,47.14,14.0,36,30.4,65.7,36.0
N00002369,The Birches_1,740,51.62,9.5,30,21.4,72.8,38.9
N00002370,The Birches_1,387,46.51,11.9,37,23.3,73.4,39.3
N00002371,The Birches_1,463,48.81,16.4,35,44.1,51.4,43.7
N00002372,The Birches_2,613,53.83,9.6,32,17.6,79.4,44.2
N00002373,The Birches_2,436,47.71,8.9,37,61.5,36.2,30.9
N00002374,The Birches_2,300,49.67,13.0,41,39.7,54.7,28.5
N00002375,The Birches_2,393,49.36,13.0,35,52.7,45.0,37.7
N00002376,Waringstown_1,436,49.77,12.6,42,9.4,84.4,46.9
N00002377,Waringstown_1,433,51.96,12.0,32,10.6,77.1,47.0
N00002378,Waringstown_1,749,50.20,8.0,30,9.7,85.0,54.4
N00002379,Waringstown_1,667,50.07,12.6,33,11.8,78.3,55.7
N00002380,Waringstown_1,298,47.99,8.7,51,5.0,92.3,31.6
N00002381,Waringstown_2,386,50.52,11.7,41,9.3,85.5,58.1
N00002382,Waringstown_2,458,51.53,12.0,37,10.3,84.5,47.2
N00002383,Waringstown_2,454,48.02,18.5,41,1.8,91.6,56.5
N00002384,Waringstown_2,377,49.60,15.4,40,5.3,87.8,54.4
N00002385,Waringstown_2,278,49.28,12.2,41,11.5,80.2,50.7
N00002386,Woodville_1,265,46.79,11.3,39,90.6,7.2,20.0
N00002387,Woodville_1,451,47.67,7.1,42,89.4,8.0,25.9
N00002388,Woodville_1,199,44.72,15.6,30,84.4,9.0,22.5
N00002389,Woodville_1,311,42.44,10.9,37,88.7,6.8,21.0
N00002390,Woodville_1,293,46.76,9.6,33,86.3,10.2,22.8
N00002391,Woodville_2,402,52.49,18.2,46,94.3,5.0,46.4
N00002392,Woodville_2,349,52.72,13.8,44,96.0,3.2,42.8
N00002393,Woodville_2,653,50.54,20.7,31,95.3,2.9,52.4
N00002394,Woodville_2,363,52.89,15.7,32,91.7,5.2,32.9
N00002395,Woodville_2,412,51.46,18.4,30,97.8,1.7,40.3
N00002396,Altnagelvin_1,288,56.94,10.4,41,12.5,84.7,15.7
N00002397,Altnagelvin_1,333,50.45,12.9,31,85.3,11.4,24.0
N00002398,Altnagelvin_1,366,49.18,14.5,31,10.1,87.2,15.0
N00002399,Altnagelvin_1,266,55.26,15.0,34,83.8,12.0,22.6
N00002400,Altnagelvin_1,218,48.62,7.8,56,30.7,66.5,39.5
N00002401,Altnagelvin_2,1544,51.55,14.1,31,68.7,25.6,47.5
N00002402,Altnagelvin_2,233,47.21,8.6,52,33.5,63.5,56.3
N00002403,Altnagelvin_3,400,53.00,8.8,44,14.2,81.8,47.8
N00002404,Altnagelvin_3,882,49.77,14.4,35,7.7,87.1,38.3
N00002405,Altnagelvin_3,332,53.92,14.8,38,17.5,78.6,42.6
N00002406,Ballynashallog_1,304,54.93,10.5,50,90.1,7.2,55.3
N00002407,Ballynashallog_1,263,47.91,8.0,51,98.1,1.9,55.5
N00002408,Ballynashallog_1,388,55.41,8.0,53,88.7,8.5,61.1
N00002409,Ballynashallog_1,319,54.23,12.2,43,90.6,7.8,30.4
N00002410,Ballynashallog_1,285,51.23,10.9,43,91.2,8.1,30.7
N00002411,Ballynashallog_2,339,48.67,20.6,45,93.8,3.2,61.3
N00002412,Ballynashallog_2,388,52.06,24.5,39,93.3,3.6,57.7
N00002413,Ballynashallog_2,403,45.91,18.4,36,95.3,4.0,54.3
N00002414,Ballynashallog_2,279,54.12,13.3,50,93.9,5.0,61.6
N00002415,Ballynashallog_2,276,52.54,8.3,47,93.5,5.8,46.4
N00002416,Banagher,515,48.16,13.4,36,61.0,35.7,33.4
N00002417,Banagher,355,50.70,15.5,38,87.3,11.3,29.6
N00002418,Banagher,570,46.84,20.7,31,92.8,5.1,32.5
N00002419,Banagher,652,50.61,12.6,30,48.6,48.3,35.8
N00002420,Banagher,507,49.70,11.2,36,95.3,3.0,32.2
N00002421,Banagher,427,49.41,17.6,38,80.3,17.3,31.6
N00002422,Banagher,482,49.59,14.3,39,24.9,71.8,34.6
N00002423,Beechwood,209,44.50,13.9,52,95.2,2.9,25.8
N00002424,Beechwood,328,51.52,11.6,42,96.0,1.8,38.3
N00002425,Beechwood,296,51.69,10.1,41,94.3,3.7,34.2
N00002426,Beechwood,338,50.00,13.0,46,94.4,2.4,35.7
N00002427,Beechwood,351,54.99,13.4,38,97.4,2.3,18.5
N00002428,Beechwood,325,55.69,13.8,40,95.7,2.8,23.3
N00002429,Beechwood,304,53.29,9.2,47,97.7,2.3,19.7
N00002430,Brandywell,318,51.26,15.1,35,95.3,3.5,17.9
N00002431,Brandywell,999,51.45,16.8,36,93.6,5.4,17.5
N00002432,Brandywell,258,49.22,10.9,42,94.6,5.0,17.4
N00002433,Brandywell,377,51.72,16.4,35,95.0,3.2,28.9
N00002434,Brandywell,266,57.14,20.3,26,97.7,1.5,12.0
N00002435,Brandywell,277,52.71,7.9,52,93.5,6.1,18.9
N00002436,Carn Hill_1,417,56.12,18.2,31,93.5,4.1,25.9
N00002437,Carn Hill_1,291,51.20,19.6,33,96.6,2.1,37.0
N00002438,Carn Hill_1,354,51.69,12.4,38,91.5,7.6,26.9
N00002439,Carn Hill_1,314,54.46,13.7,38,95.9,2.5,20.2
N00002440,Carn Hill_2,306,56.86,12.1,32,94.1,4.6,20.3
N00002441,Carn Hill_2,236,47.88,11.4,39,93.6,5.9,18.5
N00002442,Carn Hill_2,337,57.27,16.3,34,92.3,7.4,18.6
N00002443,Carn Hill_2,348,52.30,13.5,34,94.0,4.9,29.8
N00002444,Caw,812,52.34,13.5,40,18.7,77.5,36.4
N00002445,Caw,307,54.40,9.1,54,39.1,55.4,60.4
N00002446,Caw,254,51.57,7.9,38,9.8,84.6,28.6
N00002447,Caw,326,57.67,11.7,36,12.3,84.7,18.3
N00002448,Caw,326,54.60,15.6,39,8.9,86.2,23.1
N00002449,Caw,289,51.90,15.2,42,18.0,75.8,38.4
N00002450,Caw,287,52.26,10.8,44,19.2,77.4,31.7
N00002451,Clondermot_1,620,52.10,15.3,33,93.7,5.0,18.0
N00002452,Clondermot_1,307,53.42,14.3,41,75.6,22.1,25.9
N00002453,Clondermot_1,364,48.63,15.7,43,78.0,20.9,30.3
N00002454,Clondermot_2,354,49.72,9.3,61,57.3,40.7,36.3
N00002455,Clondermot_2,383,50.91,16.4,40,66.1,32.1,54.8
N00002456,Clondermot_2,381,48.03,14.7,45,77.7,20.5,48.5
N00002457,Clondermot_2,538,52.23,13.0,34,17.5,79.4,43.1
N00002458,Claudy_1,299,48.16,12.0,42,67.6,27.4,23.3
N00002459,Claudy_1,830,52.29,17.1,36,70.2,27.5,35.9
N00002460,Claudy_1,459,50.98,18.3,32,82.4,17.0,40.7
N00002461,Claudy_2,596,48.32,14.3,33,84.2,14.9,35.8
N00002462,Claudy_2,536,48.51,15.9,37,79.7,19.4,28.3
N00002463,Claudy_2,431,48.96,19.3,38,71.7,25.3,30.8
N00002464,Claudy_2,411,48.66,15.1,41,44.0,53.3,35.5
N00002465,Creggan Central_1,850,57.06,25.8,21,97.5,2.2,12.2
N00002466,Creggan Central_1,302,52.32,19.5,29,96.4,3.6,13.5
N00002467,Creggan Central_1,304,55.92,18.4,32,95.1,4.3,20.8
N00002468,Creggan Central_2,280,45.71,12.1,35,96.1,2.5,27.6
N00002469,Creggan Central_2,620,50.32,17.9,33,94.7,3.4,24.1
N00002470,Creggan Central_2,394,51.78,16.8,35,94.7,4.8,17.5
N00002471,Creggan South,322,52.80,14.0,37,97.2,2.2,17.1
N00002472,Creggan South,478,55.65,16.9,28,99.0,0.8,14.4
N00002473,Creggan South,331,53.47,17.2,35,97.0,1.8,13.3
N00002474,Creggan South,373,56.03,17.7,27,97.1,2.4,19.6
N00002475,Creggan South,386,51.04,15.3,38,95.9,4.1,19.6
N00002476,Creggan South,387,50.13,15.8,38,97.2,2.1,19.2
N00002477,Crevagh_1,312,47.12,14.7,34,81.1,18.6,20.2
N00002478,Crevagh_1,570,54.39,21.9,23,92.3,6.1,21.1
N00002479,Crevagh_1,481,49.90,17.9,37,94.8,4.8,46.4
N00002480,Crevagh_1,659,49.62,18.2,39,75.6,22.3,37.5
N00002481,Crevagh_2,330,55.45,19.4,24,98.5,1.5,14.9
N00002482,Crevagh_2,314,52.55,17.5,27,94.6,2.9,18.2
N00002483,Crevagh_2,332,53.92,17.5,27,95.5,3.9,18.7
N00002484,Crevagh_2,322,55.90,19.6,26,96.3,2.5,19.8
N00002485,Crevagh_3,285,52.28,19.6,28,97.5,1.8,18.2
N00002486,Crevagh_3,446,55.38,22.2,27,93.0,4.9,22.2
N00002487,Crevagh_3,462,52.81,19.9,31,93.7,4.5,30.5
N00002488,Crevagh_3,1345,53.01,22.9,25,95.5,2.8,30.1
N00002489,Culmore_1,818,48.90,17.8,39,92.1,6.6,54.0
N00002490,Culmore_1,387,51.94,16.8,38,81.9,17.3,38.7
N00002491,Culmore_2,339,53.10,19.8,29,92.0,5.6,18.4
N00002492,Culmore_2,309,51.78,21.7,25,95.5,4.5,15.3
N00002493,Culmore_2,319,58.62,11.6,33,97.2,2.2,16.2
N00002494,Culmore_2,269,53.53,23.8,29,97.4,2.2,16.1
N00002495,Culmore_3,594,52.53,18.2,29,96.8,1.7,27.8
N00002496,Culmore_3,360,48.06,14.7,31,97.5,1.9,14.7
N00002497,Culmore_3,615,52.68,20.8,24,93.0,6.5,23.9
N00002498,Culmore_4,1256,53.18,21.1,26,93.1,5.4,27.6
N00002499,Culmore_4,694,51.87,22.6,40,96.3,3.3,37.3
N00002500,Culmore_4,603,48.59,23.7,28,96.8,1.2,36.9
N00002501,Culmore_5,1778,52.19,19.9,29,93.4,4.3,52.5
N00002502,Culmore_5,531,51.60,15.4,36,85.9,12.4,46.9
N00002503,Ebrington_1,294,59.52,9.9,58,59.9,37.4,67.0
N00002504,Ebrington_1,285,56.14,9.1,49,38.9,56.8,29.4
N00002505,Ebrington_1,254,49.61,9.4,37,16.9,77.2,35.0
N00002506,Ebrington_2,287,49.48,12.2,34,23.7,70.7,25.6
N00002507,Ebrington_2,304,59.21,18.4,29,17.8,78.0,22.7
N00002508,Ebrington_2,181,45.86,9.4,37,56.9,36.5,25.2
N00002509,Ebrington_2,243,51.85,7.8,45,44.0,53.5,23.8
N00002510,Ebrington_2,555,54.23,10.6,34,73.9,20.7,30.6
N00002511,Ebrington_2,166,50.00,12.0,36,73.5,21.7,26.4
N00002512,Eglinton_1,694,50.86,9.2,45,55.9,40.2,34.2
N00002513,Eglinton_1,321,51.09,14.6,45,33.6,64.5,48.2
N00002514,Eglinton_1,423,47.75,19.6,40,41.6,55.3,52.7
N00002515,Eglinton_1,315,49.52,8.9,52,52.7,44.4,37.7
N00002516,Eglinton_2,371,47.44,17.0,43,51.5,45.8,48.0
N00002517,Eglinton_2,346,53.76,14.2,39,54.3,42.2,48.7
N00002518,Eglinton_2,715,49.93,17.5,30,54.1,40.6,46.4
N00002519,Eglinton_2,336,48.21,19.6,36,63.4,32.1,33.6
N00002520,Eglinton_2,880,49.43,20.2,33,54.7,41.5,49.1
N00002521,Enagh_1,1352,50.59,14.6,29,81.7,14.2,35.3
N00002522,Enagh_1,299,48.49,18.1,32,83.3,13.0,24.0
N00002523,Enagh_1,340,50.59,15.3,38,79.1,19.4,26.9
N00002524,Enagh_1,416,51.68,19.0,30,83.2,14.2,28.9
N00002525,Enagh_2,1801,51.80,15.2,32,53.1,39.3,45.4
N00002526,Enagh_2,1103,51.31,13.0,35,60.5,30.7,56.8
N00002527,Enagh_2,434,52.53,13.4,41,54.6,41.2,65.4
N00002528,Foyle Springs_1,300,49.33,21.3,35,97.3,1.7,42.4
N00002529,Foyle Springs_1,416,48.80,16.1,39,97.4,1.7,42.6
N00002530,Foyle Springs_1,400,50.00,18.0,30,96.5,2.2,45.2
N00002531,Foyle Springs_1,487,50.51,18.3,40,95.1,4.1,41.4
N00002532,Foyle Springs_1,359,49.03,18.1,40,93.9,5.3,43.4
N00002533,Foyle Springs_2,910,49.45,11.5,36,87.1,10.3,32.9
N00002534,Foyle Springs_2,433,53.12,12.0,39,82.9,14.3,32.8
N00002535,Foyle Springs_2,444,47.75,14.0,45,94.8,4.1,44.8
N00002536,Holly Mount_1,607,47.94,12.7,32,10.4,84.3,39.1
N00002537,Holly Mount_1,1634,49.14,15.9,36,79.6,18.2,27.6
N00002538,Holly Mount_2,705,51.77,16.0,34,74.2,23.8,43.0
N00002539,Holly Mount_2,265,55.85,14.0,37,89.4,8.3,23.9
N00002540,Holly Mount_2,1969,50.74,16.9,31,65.0,30.5,44.2
N00002541,Kilfennan_1,1232,51.79,9.9,46,28.0,67.3,45.1
N00002542,Kilfennan_1,326,47.55,11.7,40,41.7,53.4,44.8
N00002543,Kilfennan_2,265,51.70,11.3,33,45.7,50.9,40.8
N00002544,Kilfennan_2,645,51.47,11.3,34,33.8,58.3,46.3
N00002545,Kilfennan_2,321,50.47,12.8,29,51.4,42.1,37.1
N00002546,Kilfennan_2,255,47.45,17.6,33,49.8,45.1,36.2
N00002547,Lisnagelvin_1,1040,51.54,13.3,41,18.3,76.6,41.2
N00002548,Lisnagelvin_1,574,50.35,9.9,44,27.9,66.0,28.3
N00002549,Lisnagelvin_2,238,52.52,8.0,52,25.2,71.8,46.9
N00002550,Lisnagelvin_2,269,51.67,10.0,44,26.4,70.3,41.0
N00002551,Lisnagelvin_2,346,51.45,12.4,40,19.7,76.9,36.7
N00002552,Lisnagelvin_2,279,54.84,9.3,35,9.3,83.5,23.4
N00002553,Lisnagelvin_2,248,54.84,8.9,49,13.3,81.9,38.6
N00002554,Lisnagelvin_2,372,51.34,15.6,36,33.1,61.3,40.7
N00002555,New Buildings_1,355,52.39,19.2,40,5.4,94.1,30.2
N00002556,New Buildings_1,320,49.06,15.6,30,9.7,88.4,19.9
N00002557,New Buildings_1,346,50.87,9.8,33,12.1,86.1,36.4
N00002558,New Buildings_1,307,49.51,11.1,36,10.1,86.0,30.8
N00002559,New Buildings_1,316,55.38,13.6,35,13.0,84.5,17.3
N00002560,New Buildings_2,471,51.38,17.2,42,53.9,39.3,55.6
N00002561,New Buildings_2,314,49.68,11.1,47,81.5,17.2,56.8
N00002562,New Buildings_2,347,52.16,14.7,42,78.7,17.0,54.0
N00002563,New Buildings_2,364,53.85,16.5,39,86.3,9.6,47.4
N00002564,New Buildings_2,266,53.01,8.3,42,11.3,83.1,39.7
N00002565,Pennyburn_1,288,53.13,14.6,40,93.1,5.2,32.6
N00002566,Pennyburn_1,303,51.49,10.6,50,95.0,3.6,48.3
N00002567,Pennyburn_1,339,50.44,19.2,36,95.9,2.9,40.7
N00002568,Pennyburn_1,309,48.22,12.3,42,92.6,5.5,39.3
N00002569,Pennyburn_2,306,50.65,10.5,52,95.4,2.3,51.3
N00002570,Pennyburn_2,263,53.61,8.7,51,92.0,4.9,44.1
N00002571,Pennyburn_2,338,53.55,9.5,50,93.8,4.1,50.5
N00002572,Pennyburn_2,346,49.71,9.0,45,93.1,4.3,58.2
N00002573,Rosemount,294,53.74,6.5,42,85.4,9.5,31.2
N00002574,Rosemount,298,46.64,11.7,38,88.9,8.1,26.1
N00002575,Rosemount,309,51.46,13.9,36,96.8,3.2,17.1
N00002576,Rosemount,785,43.95,11.1,36,85.1,7.6,36.4
N00002577,Rosemount,536,44.96,11.6,34,82.5,12.5,33.5
N00002578,Rosemount,299,47.16,16.4,32,92.6,5.7,21.2
N00002579,Shantallow East,402,52.99,22.4,32,97.5,1.2,16.2
N00002580,Shantallow East,306,50.65,12.1,42,99.0,0.3,37.3
N00002581,Shantallow East,330,51.52,13.3,47,99.7,0.3,40.5
N00002582,Shantallow East,1465,53.11,18.8,30,97.2,2.1,15.2
N00002583,Shantallow West_1,327,53.21,18.3,26,95.7,4.3,19.8
N00002584,Shantallow West_1,350,55.43,22.6,27,98.0,1.4,20.8
N00002585,Shantallow West_1,262,50.38,14.5,31,94.3,5.7,24.2
N00002586,Shantallow West_1,350,51.71,17.4,30,96.0,2.9,19.3
N00002587,Shantallow West_2,836,55.14,17.8,26,95.1,4.2,18.9
N00002588,Shantallow West_2,305,52.79,13.8,25,97.0,2.3,21.2
N00002589,Shantallow West_2,317,53.31,16.4,29,97.5,1.6,22.3
N00002590,Shantallow West_3,1559,52.92,21.7,25,95.5,3.4,24.9
N00002591,Shantallow West_4,1265,53.44,20.6,25,94.5,3.2,35.3
N00002592,Shantallow West_4,492,50.41,20.3,35,97.2,1.6,51.9
N00002593,Shantallow West_4,300,46.00,15.3,38,95.7,2.0,40.5
N00002594,Springtown_1,367,52.04,14.2,26,97.5,1.6,21.2
N00002595,Springtown_1,399,53.88,18.0,30,95.0,3.0,24.7
N00002596,Springtown_1,377,50.93,11.4,38,98.4,1.1,42.5
N00002597,Springtown_1,339,51.33,18.6,29,96.8,2.4,34.8
N00002598,Springtown_1,263,55.51,15.2,30,97.0,2.7,17.5
N00002599,Springtown_2,395,52.66,15.9,39,96.5,2.8,37.4
N00002600,Springtown_2,288,53.47,19.1,44,97.2,1.7,39.6
N00002601,Springtown_2,364,48.90,11.8,40,97.0,1.4,42.1
N00002602,Springtown_2,339,51.03,16.5,41,97.1,1.2,41.9
N00002603,Strand_1,853,42.79,12.0,33,85.5,8.3,22.3
N00002604,Strand_1,328,46.95,10.7,30,78.0,14.0,30.6
N00002605,Strand_1,258,38.37,8.5,33,82.6,7.8,27.1
N00002606,Strand_1,388,47.16,11.6,40,88.4,8.5,19.4
N00002607,Strand_1,175,49.14,12.6,45,98.3,1.7,23.9
N00002608,Strand_2,251,43.03,11.2,36,78.9,13.9,42.1
N00002609,Strand_2,844,58.77,21.4,22,73.3,17.7,20.5
N00002610,Strand_2,292,43.49,11.0,33,84.2,9.6,25.9
N00002611,Strand_2,135,49.63,8.9,40,83.0,14.1,30.3
N00002612,Strand_2,309,42.07,13.3,27,81.2,9.7,36.4
N00002613,The Diamond,678,41.15,10.2,40,50.9,43.2,27.6
N00002614,The Diamond,359,44.85,12.5,40,95.5,2.2,22.4
N00002615,The Diamond,289,52.25,20.4,35,91.3,6.2,28.4
N00002616,The Diamond,342,45.61,12.3,36,89.8,6.7,24.5
N00002617,The Diamond,462,53.46,11.0,40,94.8,3.5,31.0
N00002618,The Diamond,221,49.77,12.7,38,95.5,2.7,22.2
N00002619,Victoria,599,42.24,9.2,34,82.0,13.4,28.3
N00002620,Victoria,547,55.39,10.2,29,65.8,29.3,30.5
N00002621,Victoria,216,50.46,5.1,43,6.9,87.0,33.6
N00002622,Victoria,314,51.91,18.5,33,82.5,14.3,33.1
N00002623,Victoria,260,52.31,11.9,47,7.7,90.4,26.1
N00002624,Victoria,251,50.60,6.4,34,91.2,7.2,35.4
N00002625,Victoria,332,50.90,16.6,35,93.7,2.4,18.8
N00002626,Victoria,891,49.49,18.5,29,91.7,5.3,37.4
N00002627,Westland,302,52.65,12.9,48,96.0,1.3,20.1
N00002628,Westland,922,50.00,11.8,41,90.9,5.7,30.0
N00002629,Westland,242,56.20,9.9,44,98.8,1.2,19.5
N00002630,Westland,297,50.17,21.2,29,99.0,0.7,13.2
N00002631,Westland,320,51.88,16.2,37,95.3,2.8,23.5
N00002632,Ardglass_1,414,54.83,17.1,30,92.0,5.3,25.8
N00002633,Ardglass_1,426,52.11,14.6,36,84.5,12.4,36.2
N00002634,Ardglass_1,311,46.95,13.2,51,77.2,18.0,48.5
N00002635,Ardglass_1,341,54.25,12.9,39,92.4,5.0,19.8
N00002636,Ardglass_2,393,51.40,16.5,38,90.6,7.9,29.1
N00002637,Ardglass_2,499,47.29,13.4,36,79.2,17.8,40.0
N00002638,Ardglass_2,485,46.39,11.3,35,85.8,12.2,35.5
N00002639,Ardglass_2,309,45.63,11.3,38,89.3,7.8,32.0
N00002640,Audley's Acre,343,53.64,9.9,50,91.0,5.8,53.4
N00002641,Audley's Acre,361,55.96,16.1,34,84.8,10.0,51.3
N00002642,Audley's Acre,468,52.35,16.0,43,89.3,9.0,58.8
N00002643,Audley's Acre,392,50.51,13.0,44,90.8,7.4,60.3
N00002644,Audley's Acre,330,52.42,11.8,36,88.5,9.4,23.8
N00002645,Audley's Acre,317,50.47,17.0,38,84.5,10.1,40.8
N00002646,Ballymaglave_1,351,54.42,8.0,44,18.5,66.7,32.0
N00002647,Ballymaglave_1,766,53.52,13.2,37,28.7,62.7,40.2
N00002648,Ballymaglave_1,202,47.52,9.9,42,41.1,52.5,44.7
N00002649,Ballymaglave_2,496,50.60,13.5,44,11.9,82.7,34.7
N00002650,Ballymaglave_2,305,46.89,18.0,37,8.9,86.6,19.3
N00002651,Ballymaglave_2,479,53.24,16.9,37,12.3,81.0,52.8
N00002652,Ballymaglave_2,297,53.87,13.5,37,10.4,78.8,19.1
N00002653,Ballymote,444,51.35,8.1,33,82.4,14.4,45.3
N00002654,Ballymote,337,50.74,11.6,36,77.7,17.8,38.8
N00002655,Ballymote,280,43.21,10.7,43,89.6,7.9,22.2
N00002656,Ballymote,717,52.44,12.7,28,87.2,8.1,34.7
N00002657,Ballymote,370,49.73,16.2,31,90.8,5.9,27.2
N00002658,Ballymote,429,53.38,14.0,27,89.3,8.2,26.8
N00002659,Ballymote,357,52.94,18.8,25,93.6,2.2,19.2
N00002660,Ballynahinch East,427,50.82,12.9,41,34.2,56.9,42.7
N00002661,Ballynahinch East,490,54.69,11.8,33,69.6,25.3,26.5
N00002662,Ballynahinch East,402,55.97,12.2,32,46.3,47.8,36.2
N00002663,Ballynahinch East,340,52.35,14.7,34,49.7,39.1,38.5
N00002664,Ballynahinch East,298,48.99,9.4,35,79.5,18.5,25.2
N00002665,Ballynahinch East,277,49.82,7.9,40,49.8,43.3,33.5
N00002666,Ballynahinch East,263,52.85,14.8,41,42.6,52.5,44.0
N00002667,Castlewellan_1,778,50.51,14.0,38,92.4,5.7,24.7
N00002668,Castlewellan_1,317,48.26,17.0,31,90.9,4.7,34.1
N00002669,Castlewellan_2,530,48.11,13.6,33,81.7,15.7,40.2
N00002670,Castlewellan_2,1917,50.76,15.1,32,85.8,11.3,35.7
N00002671,Cathedral_1,1354,52.29,17.4,32,93.1,4.1,39.5
N00002672,Cathedral_1,333,52.55,17.4,25,93.1,4.8,20.2
N00002673,Cathedral_2,1282,52.18,12.9,37,85.7,10.5,33.8
N00002674,Cathedral_2,289,51.56,19.4,31,95.5,3.8,20.8
N00002675,Crossgar_1,385,50.91,14.8,43,37.9,55.1,45.3
N00002676,Crossgar_1,708,50.00,12.3,39,65.0,30.2,38.0
N00002677,Crossgar_1,408,48.53,17.9,45,38.0,52.0,41.0
N00002678,Crossgar_2,368,49.46,17.1,34,67.4,26.6,38.1
N00002679,Crossgar_2,534,51.12,14.6,32,70.0,25.3,41.6
N00002680,Crossgar_2,430,51.40,19.3,41,57.2,37.9,47.3
N00002681,Crossgar_2,436,50.69,13.1,42,42.0,50.9,46.8
N00002682,Derryboy_1,457,50.98,18.2,33,67.8,30.0,52.1
N00002683,Derryboy_1,395,46.58,18.0,44,30.9,61.5,40.6
N00002684,Derryboy_1,458,47.16,11.1,39,41.5,53.1,53.4
N00002685,Derryboy_1,385,49.61,19.0,40,8.6,82.1,46.7
N00002686,Derryboy_2,337,45.99,11.3,48,6.2,84.0,50.6
N00002687,Derryboy_2,306,51.31,13.4,40,25.5,62.1,35.5
N00002688,Derryboy_2,375,52.27,12.5,49,15.5,77.9,42.6
N00002689,Derryboy_2,308,52.60,11.0,38,55.8,40.6,21.6
N00002690,Donard_1,249,53.01,9.6,46,60.6,33.7,38.9
N00002691,Donard_1,325,51.38,13.8,41,66.8,28.6,42.9
N00002692,Donard_1,276,49.28,9.4,49,68.1,24.6,46.9
N00002693,Donard_1,338,57.69,6.5,65,54.4,39.6,34.3
N00002694,Donard_1,319,45.77,14.1,45,58.0,33.9,54.5
N00002695,Donard_2,467,49.25,18.8,32,78.6,16.1,46.5
N00002696,Donard_2,316,51.58,13.6,44,59.2,35.4,44.4
N00002697,Donard_2,367,49.86,16.6,39,68.4,24.0,43.0
N00002698,Donard_2,536,51.68,12.3,39,69.2,24.3,55.9
N00002699,Drumaness_1,351,49.57,10.5,37,95.2,4.0,29.5
N00002700,Drumaness_1,529,52.74,14.4,30,83.2,12.5,37.5
N00002701,Drumaness_1,533,50.66,17.3,33,80.7,14.8,37.3
N00002702,Drumaness_1,371,51.21,12.9,34,87.3,8.6,35.2
N00002703,Drumaness_2,614,49.19,16.6,36,80.6,15.0,42.3
N00002704,Drumaness_2,558,48.39,22.4,35,79.7,15.4,48.6
N00002705,Drumaness_2,483,49.69,19.0,33,86.7,8.3,38.7
N00002706,Drumaness_2,437,52.17,13.3,40,58.8,35.2,40.7
N00002707,Dundrum,564,52.48,12.4,33,62.9,33.9,49.0
N00002708,Dundrum,264,49.62,13.6,39,90.2,8.7,21.2
N00002709,Dundrum,468,50.43,12.4,38,54.3,36.8,46.5
N00002710,Dundrum,418,51.44,10.8,31,70.1,25.8,35.0
N00002711,Dundrum,764,49.74,11.5,38,49.5,43.1,42.7
N00002712,Dundrum,373,47.45,15.3,37,59.0,39.9,27.5
N00002713,Dunmore,424,47.41,13.4,34,74.3,21.2,41.3
N00002714,Dunmore,490,52.24,14.5,44,12.4,79.6,47.2
N00002715,Dunmore,424,50.47,13.9,43,43.9,49.5,41.6
N00002716,Dunmore,348,50.86,12.9,41,10.3,79.0,46.5
N00002717,Dunmore,566,48.41,16.3,35,72.8,23.0,34.7
N00002718,Dunmore,473,51.59,13.7,41,28.5,61.7,51.2
N00002719,Dunmore,333,50.15,10.2,45,15.9,75.7,49.2
N00002720,Killough_1,344,50.29,13.1,34,77.9,17.4,34.7
N00002721,Killough_1,363,50.41,14.9,39,76.3,20.1,34.1
N00002722,Killough_1,437,51.26,19.2,37,79.6,16.7,46.7
N00002723,Killough_1,407,50.37,15.2,34,85.7,10.6,31.8
N00002724,Killough_1,230,52.17,8.7,41,81.3,13.0,34.6
N00002725,Killough_2,433,48.96,16.6,36,70.0,27.7,39.9
N00002726,Killough_2,1345,41.26,13.2,26,54.3,31.6,52.0
N00002727,Killyleagh,390,52.05,20.3,42,34.6,54.1,36.0
N00002728,Killyleagh,1055,52.70,12.8,38,34.7,60.9,44.3
N00002729,Killyleagh,293,51.88,14.7,33,31.1,62.8,17.6
N00002730,Killyleagh,271,54.61,9.6,41,38.0,47.6,28.4
N00002731,Killyleagh,277,52.35,8.7,38,54.5,43.0,28.6
N00002732,Killyleagh,307,48.86,12.7,38,40.4,55.7,29.2
N00002733,Killyleagh,401,49.88,8.5,42,28.4,55.6,47.8
N00002734,Kilmore_1,493,52.33,17.0,38,21.7,66.7,55.0
N00002735,Kilmore_1,431,54.99,16.5,45,11.6,83.5,52.7
N00002736,Kilmore_1,357,48.46,14.8,46,15.7,77.9,38.4
N00002737,Kilmore_1,320,50.63,10.9,50,11.9,80.0,48.2
N00002738,Kilmore_2,456,46.27,14.9,41,42.5,52.9,44.8
N00002739,Kilmore_2,398,47.49,14.8,41,11.3,81.2,46.3
N00002740,Kilmore_2,383,51.96,16.2,37,42.3,54.6,42.1
N00002741,Kilmore_2,456,51.75,16.2,37,41.7,46.5,50.8
N00002742,Murlough,379,49.34,13.7,34,74.7,21.1,28.6
N00002743,Murlough,364,52.20,13.2,44,62.9,30.8,38.2
N00002744,Murlough,267,51.31,12.0,34,85.4,11.6,17.1
N00002745,Murlough,324,57.41,21.6,38,75.6,19.8,17.7
N00002746,Murlough,309,54.37,14.6,34,80.6,14.9,37.8
N00002747,Murlough,262,55.34,9.5,53,73.7,21.0,39.3
N00002748,Murlough,351,52.42,14.0,34,63.5,29.6,32.0
N00002749,Quoile_1,334,49.40,12.6,32,73.7,20.1,35.7
N00002750,Quoile_1,261,47.89,7.7,37,90.0,8.0,32.7
N00002751,Quoile_1,301,47.51,14.0,37,62.1,31.9,29.5
N00002752,Quoile_1,283,53.36,8.5,55,48.4,47.3,47.4
N00002753,Quoile_2,524,50.76,17.2,37,86.8,9.2,52.1
N00002754,Quoile_2,410,51.71,17.8,38,82.0,13.2,52.8
N00002755,Quoile_2,589,51.61,15.3,45,67.2,26.7,50.0
N00002756,Saintfield_1,315,55.87,9.8,51,21.6,73.0,64.7
N00002757,Saintfield_1,483,51.76,13.7,36,36.2,56.9,49.1
N00002758,Saintfield_1,254,53.94,11.0,36,31.1,61.4,37.6
N00002759,Saintfield_1,337,49.85,21.1,37,31.5,59.1,47.6
N00002760,Saintfield_1,306,51.96,15.4,38,29.7,59.5,51.1
N00002761,Saintfield_2,941,52.60,15.8,38,24.9,65.1,59.1
N00002762,Saintfield_2,364,50.00,15.1,48,15.9,76.1,63.3
N00002763,Saintfield_2,381,46.46,12.1,46,20.7,74.0,45.9
N00002764,Seaforde,427,48.48,14.1,42,60.2,32.6,44.9
N00002765,Seaforde,371,49.87,11.9,40,50.1,43.4,40.8
N00002766,Seaforde,499,48.50,13.6,37,71.3,24.6,41.8
N00002767,Seaforde,396,49.24,15.2,39,44.4,49.2,39.4
N00002768,Seaforde,362,48.34,11.9,40,26.8,67.7,32.7
N00002769,Seaforde,483,48.03,14.1,40,61.5,34.6,42.9
N00002770,Seaforde,463,45.57,16.6,35,65.7,31.3,39.4
N00002771,Shimna,272,56.99,10.7,45,86.4,11.4,24.7
N00002772,Shimna,297,51.18,12.5,51,59.9,34.0,41.9
N00002773,Shimna,217,58.53,14.3,41,74.2,22.6,28.0
N00002774,Shimna,640,52.50,14.4,37,69.5,24.7,52.4
N00002775,Shimna,478,51.26,10.9,42,69.9,26.4,47.3
N00002776,Shimna,292,55.14,10.3,50,65.8,30.1,44.9
N00002777,Shimna,237,54.43,18.6,36,81.0,15.6,17.1
N00002778,Shimna,254,53.15,6.3,49,68.9,23.6,29.9
N00002779,Strangford,496,50.81,16.3,36,82.1,13.9,41.0
N00002780,Strangford,345,45.51,9.0,49,78.0,16.5,43.8
N00002781,Strangford,401,51.37,9.2,45,70.1,23.4,53.4
N00002782,Strangford,510,50.00,13.5,38,81.6,13.5,46.4
N00002783,Strangford,390,51.03,14.9,41,86.9,10.3,43.0
N00002784,Strangford,544,49.45,16.2,35,89.3,8.3,36.1
N00002785,Tollymore_1,599,51.09,15.5,32,87.6,10.2,31.6
N00002786,Tollymore_1,503,48.11,16.3,32,91.5,6.8,35.1
N00002787,Tollymore_1,464,47.41,18.1,33,78.4,19.2,24.1
N00002788,Tollymore_2,370,48.38,15.7,45,63.2,28.4,34.1
N00002789,Tollymore_2,539,53.25,11.9,32,79.4,16.1,35.0
N00002790,Tollymore_2,493,52.94,14.6,38,98.0,1.8,38.5
N00002791,Tollymore_2,419,48.45,16.0,40,63.2,32.5,46.6
N00002792,Altmore,479,49.69,16.1,35,60.8,38.8,30.9
N00002793,Altmore,452,47.79,16.8,31,97.1,2.9,25.8
N00002794,Altmore,551,47.73,14.0,39,70.1,26.9,31.4
N00002795,Altmore,539,48.24,16.7,32,83.7,14.3,26.3
N00002796,Altmore,571,48.34,16.6,32,91.1,7.5,26.2
N00002797,Augher,551,49.55,14.7,34,54.6,42.5,35.7
N00002798,Augher,415,48.67,13.3,34,49.2,50.4,34.6
N00002799,Augher,308,48.70,12.0,38,52.3,45.8,25.0
N00002800,Augher,406,48.77,11.8,37,58.6,37.9,37.3
N00002801,Augher,486,48.15,14.0,34,75.5,24.3,34.2
N00002802,Aughnacloy,452,48.01,13.7,37,21.2,75.4,31.3
N00002803,Aughnacloy,506,45.06,12.8,30,43.9,52.4,32.9
N00002804,Aughnacloy,412,51.70,13.3,33,76.0,22.8,24.7
N00002805,Aughnacloy,384,52.86,13.8,38,38.8,59.9,24.2
N00002806,Aughnacloy,495,51.11,15.4,34,21.8,75.4,36.6
N00002807,Aughnacloy,402,51.74,16.7,33,35.1,63.9,34.4
N00002808,Ballygawley,513,48.15,12.7,36,77.4,20.3,36.1
N00002809,Ballygawley,491,52.55,17.9,35,57.8,41.8,38.2
N00002810,Ballygawley,325,52.31,12.3,41,77.2,20.9,29.8
N00002811,Ballygawley,340,50.29,11.5,34,65.0,32.1,36.5
N00002812,Ballygawley,397,49.12,16.9,36,63.7,35.0,25.5
N00002813,Ballygawley,449,47.66,16.0,31,91.8,7.8,24.3
N00002814,Ballysaggart,501,50.70,10.2,34,80.0,17.2,24.1
N00002815,Ballysaggart,327,51.07,11.9,27,89.9,6.7,15.8
N00002816,Ballysaggart,358,52.79,10.1,40,39.7,54.5,24.8
N00002817,Ballysaggart,631,49.29,12.4,29,91.9,4.3,23.8
N00002818,Ballysaggart,465,47.31,8.4,33,87.5,6.2,14.6
N00002819,Ballysaggart,448,51.34,12.3,31,87.5,7.1,15.9
N00002820,Benburb,609,49.10,13.0,33,55.5,41.2,31.9
N00002821,Benburb,457,48.36,16.2,37,53.0,44.4,36.5
N00002822,Benburb,393,49.87,12.0,32,76.3,19.8,29.6
N00002823,Benburb,375,45.60,12.8,34,43.2,52.0,24.5
N00002824,Benburb,372,47.85,13.7,39,51.3,47.6,27.6
N00002825,Benburb,654,49.24,13.5,32,69.4,27.2,35.3
N00002826,Caledon,406,47.78,12.3,35,32.3,65.8,37.8
N00002827,Caledon,360,49.44,13.9,41,35.0,59.4,34.7
N00002828,Caledon,344,53.49,13.4,31,37.8,57.0,30.6
N00002829,Caledon,477,51.15,16.8,33,78.2,21.2,31.4
N00002830,Caledon,451,49.45,17.7,31,59.4,36.4,28.2
N00002831,Caledon,472,46.19,14.0,35,58.3,38.3,32.7
N00002832,Castlecaulfield,403,46.65,14.4,35,84.4,14.6,33.8
N00002833,Castlecaulfield,390,47.18,13.3,38,48.5,47.7,35.4
N00002834,Castlecaulfield,632,47.94,15.0,35,53.3,44.8,39.7
N00002835,Castlecaulfield,511,51.66,14.7,35,65.4,31.1,28.3
N00002836,Castlecaulfield,444,49.77,15.8,38,59.2,37.6,38.7
N00002837,Castlecaulfield,333,52.85,12.3,37,24.3,71.2,34.3
N00002838,Clogher,454,51.32,16.5,35,59.3,39.6,31.5
N00002839,Clogher,367,49.05,10.6,38,54.5,44.7,28.2
N00002840,Clogher,1431,50.87,14.7,33,67.1,31.2,28.1
N00002841,Coalisland North,519,51.06,17.1,30,95.0,4.4,36.9
N00002842,Coalisland North,622,49.84,13.5,30,94.9,4.8,27.7
N00002843,Coalisland North,389,48.33,15.9,32,95.6,3.3,31.0
N00002844,Coalisland North,413,51.57,13.6,35,96.1,3.1,25.5
N00002845,Coalisland North,314,50.64,11.1,39,94.3,2.5,28.3
N00002846,Coalisland North,629,52.78,11.4,30,90.5,7.6,27.1
N00002847,Coalisland North,644,51.86,13.0,31,88.8,10.2,39.9
N00002848,Coalisland South,1266,52.37,16.2,31,93.0,6.2,25.4
N00002849,Coalisland South,217,49.31,11.1,34,89.9,6.9,21.3
N00002850,Coalisland South,294,51.36,14.3,39,94.2,4.1,19.5
N00002851,Coalisland South,401,45.14,17.7,31,92.3,6.5,17.6
N00002852,Coalisland South,307,49.19,11.1,32,91.2,4.2,20.7
N00002853,Coalisland West and Newmills,1040,53.75,16.4,29,93.5,5.1,28.5
N00002854,Coalisland West and Newmills,474,46.62,14.8,35,88.6,9.1,37.8
N00002855,Coalisland West and Newmills,454,51.76,11.7,37,18.5,78.6,33.8
N00002856,Coalisland West and Newmills,314,48.09,13.7,43,91.7,7.6,31.2
N00002857,Coalisland West and Newmills,521,50.48,14.2,35,52.4,45.3,36.7
N00002858,Coolhill,440,43.64,9.3,31,62.5,28.4,20.1
N00002859,Coolhill,540,55.19,10.0,34,42.8,52.4,33.9
N00002860,Coolhill,368,49.18,12.5,34,32.1,59.5,26.9
N00002861,Coolhill,421,48.93,20.2,33,46.1,41.1,27.6
N00002862,Coolhill,271,52.40,13.3,36,21.4,75.6,31.2
N00002863,Coolhill,329,49.54,13.4,34,33.4,64.4,34.6
N00002864,Coolhill,347,53.31,15.6,31,38.9,54.2,42.7
N00002865,Donaghmore,643,49.61,17.1,34,65.5,31.9,38.7
N00002866,Donaghmore,482,50.83,16.6,37,28.2,67.2,37.8
N00002867,Donaghmore,573,52.36,14.5,37,79.2,18.7,38.6
N00002868,Donaghmore,488,48.77,11.9,34,95.3,3.9,28.8
N00002869,Donaghmore,402,49.25,12.7,34,85.8,12.2,29.2
N00002870,Drumglass,587,51.11,15.0,33,81.1,14.5,34.2
N00002871,Drumglass,864,48.61,17.5,27,86.9,9.6,24.3
N00002872,Drumglass,313,51.44,10.5,39,89.5,7.7,17.7
N00002873,Drumglass,298,54.36,10.7,37,80.9,17.1,27.4
N00002874,Drumglass,295,44.41,15.6,37,85.1,10.8,16.0
N00002875,Fivemiletown,1081,50.05,12.8,39,16.9,80.2,32.2
N00002876,Fivemiletown,531,49.34,10.9,35,26.0,71.2,30.2
N00002877,Fivemiletown,297,48.15,10.4,39,43.1,49.8,18.7
N00002878,Fivemiletown,205,50.73,6.8,43,23.9,71.2,20.4
N00002879,Killyman,434,49.31,10.6,36,33.4,64.1,42.2
N00002880,Killyman,438,47.03,11.6,38,7.3,87.0,35.7
N00002881,Killyman,523,50.67,10.9,33,11.7,83.7,42.9
N00002882,Killyman,375,49.60,14.1,40,4.5,92.0,29.8
N00002883,Killyman,478,48.54,13.0,34,39.3,59.0,36.0
N00002884,Killyman,476,49.16,16.4,38,26.3,70.2,38.2
N00002885,Killymeal,659,48.71,9.1,36,45.8,47.6,27.4
N00002886,Killymeal,823,48.48,13.1,29,62.3,32.2,30.1
N00002887,Killymeal,661,50.08,13.0,33,28.1,67.6,36.2
N00002888,Killymeal,424,48.11,17.5,40,79.7,19.3,50.0
N00002889,Killymeal,324,53.40,11.1,45,74.7,21.9,33.3
N00002890,Moy,406,49.75,14.3,38,47.0,50.0,39.8
N00002891,Moy,633,51.97,15.5,31,75.8,23.2,40.0
N00002892,Moy,500,50.20,15.0,31,64.8,34.8,39.1
N00002893,Moy,274,50.00,12.4,34,73.4,19.7,29.6
N00002894,Moy,341,48.97,8.2,37,61.9,36.4,30.5
N00002895,Moy,502,50.20,15.3,33,74.5,18.9,37.5
N00002896,Moy,353,50.71,17.3,40,26.6,67.7,42.0
N00002897,Moygashel,998,52.10,14.1,33,48.2,47.4,40.7
N00002898,Moygashel,302,50.66,8.9,48,28.1,66.6,42.7
N00002899,Moygashel,303,48.18,12.2,41,7.9,88.4,28.8
N00002900,Moygashel,309,52.75,6.8,39,7.4,86.1,30.5
N00002901,Moygashel,277,54.51,9.7,42,6.9,92.1,29.5
N00002902,Mullaghmore,329,52.58,13.1,44,88.1,9.4,25.1
N00002903,Mullaghmore,747,48.86,10.2,35,77.8,17.1,22.1
N00002904,Mullaghmore,422,53.08,18.7,31,88.4,7.6,36.0
N00002905,Mullaghmore,433,53.58,13.9,39,88.7,8.8,39.2
N00002906,Mullaghmore,420,49.52,15.5,42,94.5,2.9,36.8
N00002907,Washing Bay,634,50.16,17.0,34,98.3,1.7,31.6
N00002908,Washing Bay,474,47.89,15.2,30,93.5,5.7,31.4
N00002909,Washing Bay,558,47.67,14.0,35,97.1,2.7,32.7
N00002910,Washing Bay,716,50.00,15.5,32,95.0,4.3,29.1
N00002911,Washing Bay,724,49.72,18.5,31,92.5,6.6,38.4
N00002912,Ballinamallard,345,49.28,14.5,44,32.5,62.9,39.8
N00002913,Ballinamallard,309,49.51,14.9,45,9.4,89.3,38.2
N00002914,Ballinamallard,1272,47.72,14.2,34,28.5,68.5,39.1
N00002915,Ballinamallard,217,52.07,10.6,48,7.8,90.3,34.9
N00002916,Ballinamallard,443,50.11,15.8,38,9.0,86.7,46.8
N00002917,Belcoo and Garrison,308,47.08,16.6,44,85.4,13.3,35.8
N00002918,Belcoo and Garrison,339,46.90,15.0,45,84.4,10.6,27.1
N00002919,Belcoo and Garrison,391,50.64,21.2,40,92.1,5.6,36.7
N00002920,Belcoo and Garrison,375,53.87,13.6,39,91.7,4.8,35.4
N00002921,Belcoo and Garrison,309,45.63,7.8,41,75.7,22.3,31.4
N00002922,Belcoo and Garrison,468,45.73,13.2,36,85.5,11.5,32.5
N00002923,Belcoo and Garrison,351,48.15,12.0,41,78.1,21.4,27.3
N00002924,Belleek and Boa,386,54.92,11.4,45,85.8,11.7,25.0
N00002925,Belleek and Boa,311,50.16,11.9,34,89.1,9.0,38.9
N00002926,Belleek and Boa,368,54.62,14.4,35,93.2,4.6,25.5
N00002927,Belleek and Boa,390,46.67,15.9,38,51.8,46.7,23.9
N00002928,Belleek and Boa,358,46.65,10.9,40,40.8,55.6,32.8
N00002929,Belleek and Boa,727,47.73,13.9,39,73.9,22.7,30.7
N00002930,Boho Cleenish and Letterbreen,416,47.36,15.1,42,54.1,44.0,34.2
N00002931,Boho Cleenish and Letterbreen,628,50.32,11.3,31,54.1,39.2,44.2
N00002932,Boho Cleenish and Letterbreen,393,51.91,23.2,40,48.6,49.4,36.9
N00002933,Boho Cleenish and Letterbreen,522,51.72,13.4,40,38.5,57.1,39.1
N00002934,Boho Cleenish and Letterbreen,429,50.35,16.6,34,79.7,16.6,27.2
N00002935,Boho Cleenish and Letterbreen,402,46.52,16.2,38,83.8,14.4,29.6
N00002936,Boho Cleenish and Letterbreen,395,45.32,11.9,43,31.1,66.6,36.5
N00002937,Brookeborough,409,49.63,13.4,37,52.6,46.5,29.6
N00002938,Brookeborough,420,47.86,14.3,37,27.4,69.3,32.5
N00002939,Brookeborough,411,45.26,11.4,42,30.7,65.2,33.9
N00002940,Brookeborough,388,50.52,13.7,37,68.0,31.2,28.6
N00002941,Brookeborough,312,50.00,8.7,40,52.2,46.8,25.6
N00002942,Brookeborough,427,47.31,14.8,41,28.8,68.6,32.7
N00002943,Castlecoole_1,288,48.61,11.8,34,50.7,43.8,37.2
N00002944,Castlecoole_1,633,54.98,13.3,30,54.0,36.5,37.5
N00002945,Castlecoole_1,378,54.23,12.2,40,42.3,54.8,33.9
N00002946,Castlecoole_1,297,56.90,10.4,31,71.4,24.9,24.4
N00002947,Castlecoole_1,396,52.78,13.1,30,64.6,27.5,29.3
N00002948,Castlecoole_2,345,51.88,18.8,41,40.3,55.4,50.0
N00002949,Castlecoole_2,360,52.22,12.8,39,65.3,30.8,47.7
N00002950,Castlecoole_2,396,51.26,11.1,44,49.5,48.0,51.1
N00002951,Castlecoole_2,231,48.92,8.7,49,57.1,40.3,42.6
N00002952,Castlecoole_2,326,53.99,13.5,43,42.3,52.5,52.8
N00002953,Castlecoole_2,226,53.98,8.4,40,27.9,68.1,29.6
N00002954,Derrygonnelly,639,51.17,12.2,44,52.3,43.2,44.2
N00002955,Derrygonnelly,438,49.32,13.0,40,35.8,57.3,41.6
N00002956,Derrygonnelly,358,49.44,11.7,39,70.1,24.9,26.1
N00002957,Derrygonnelly,378,50.26,13.5,38,71.2,26.5,26.8
N00002958,Derrygonnelly,453,47.68,11.9,36,79.5,19.6,33.6
N00002959,Derrygonnelly,546,49.08,16.1,36,64.5,29.9,42.7
N00002960,Derrylin,350,47.43,9.7,39,86.3,12.9,29.9
N00002961,Derrylin,326,49.39,8.9,37,77.9,21.5,33.9
N00002962,Derrylin,374,45.99,11.2,32,94.7,4.8,29.2
N00002963,Derrylin,368,47.83,12.2,35,90.2,5.7,33.1
N00002964,Derrylin,373,49.33,11.0,40,79.9,20.1,28.8
N00002965,Derrylin,311,46.30,8.7,39,67.8,29.6,27.5
N00002966,Derrylin,576,48.09,16.5,33,78.3,18.2,31.6
N00002967,Devenish,277,55.23,13.4,38,91.7,5.8,20.8
N00002968,Devenish,279,54.84,8.6,43,86.0,11.5,19.8
N00002969,Devenish,218,50.46,5.0,49,72.9,24.3,19.6
N00002970,Devenish,281,51.96,5.0,46,88.6,10.0,23.6
N00002971,Devenish,365,54.79,6.0,50,65.2,29.3,30.7
N00002972,Devenish,287,47.74,16.4,32,82.2,16.0,15.2
N00002973,Donagh,407,51.35,13.5,36,78.4,20.6,27.2
N00002974,Donagh,324,46.91,13.0,37,84.3,15.1,28.1
N00002975,Donagh,488,46.52,12.3,38,71.1,27.0,28.8
N00002976,Donagh,308,49.35,15.6,42,85.7,12.7,15.9
N00002977,Donagh,410,45.12,13.7,39,68.8,29.5,30.1
N00002978,Donagh,450,48.44,20.2,35,86.0,11.8,29.5
N00002979,Erne,408,52.70,15.4,38,89.0,10.5,16.3
N00002980,Erne,398,47.74,16.6,41,62.6,35.2,46.9
N00002981,Erne,250,48.40,8.4,49,73.2,24.0,40.0
N00002982,Erne,516,52.33,14.5,39,61.8,32.4,37.4
N00002983,Erne,320,52.19,16.6,37,58.4,38.8,36.0
N00002984,Erne,213,53.52,14.6,30,75.1,17.8,16.8
N00002985,Erne,140,47.86,14.3,33,85.0,10.0,21.9
N00002986,Erne,382,52.36,13.4,40,80.6,15.4,26.3
N00002987,Florence Court and Kinawley,469,47.76,16.2,33,84.9,13.4,30.1
N00002988,Florence Court and Kinawley,462,45.02,12.8,37,89.8,9.5,26.5
N00002989,Florence Court and Kinawley,500,49.60,12.8,40,55.2,42.8,30.9
N00002990,Florence Court and Kinawley,355,49.86,15.2,41,36.1,62.8,34.1
N00002991,Florence Court and Kinawley,349,52.72,14.3,38,43.3,54.4,30.2
N00002992,Florence Court and Kinawley,495,46.46,13.5,35,83.8,15.4,27.6
N00002993,Irvinestown,228,46.49,10.5,33,81.1,16.2,21.3
N00002994,Irvinestown,635,49.61,12.9,33,72.8,25.0,36.0
N00002995,Irvinestown,691,53.98,14.3,30,68.7,27.8,39.0
N00002996,Irvinestown,235,56.17,10.2,45,75.3,22.6,25.2
N00002997,Irvinestown,290,50.69,10.7,41,77.2,21.0,26.3
N00002998,Irvinestown,256,52.73,11.7,42,80.1,17.6,25.1
N00002999,Irvinestown,253,50.59,11.5,41,78.7,19.4,18.7
N00003000,Kesh Ederney and Lack_1,481,50.10,17.0,36,51.4,45.3,27.2
N00003001,Kesh Ederney and Lack_1,265,49.06,13.2,36,15.1,84.2,22.5
N00003002,Kesh Ederney and Lack_1,809,49.81,16.3,39,62.4,35.1,27.1
N00003003,Kesh Ederney and Lack_2,1353,50.18,11.6,39,19.2,77.5,37.8
N00003004,Kesh Ederney and Lack_2,262,46.95,7.3,48,28.6,67.6,28.4
N00003005,Kesh Ederney and Lack_2,482,45.23,17.2,36,51.2,46.1,35.7
N00003006,Lisbellaw,440,49.32,20.0,38,56.8,40.7,42.0
N00003007,Lisbellaw,493,48.68,17.4,33,53.5,41.8,36.6
N00003008,Lisbellaw,635,51.02,12.4,38,15.1,81.4,33.3
N00003009,Lisbellaw,513,48.93,18.7,36,28.5,67.6,38.1
N00003010,Lisbellaw,414,53.38,10.1,34,28.7,67.6,41.0
N00003011,Lisbellaw,302,53.31,14.6,38,12.3,85.1,31.6
N00003012,Lisbellaw,393,49.62,14.0,35,23.4,72.5,36.0
N00003013,Lisnarrick,408,50.98,13.0,42,31.9,64.7,38.3
N00003014,Lisnarrick,422,49.76,14.9,43,49.5,47.6,38.0
N00003015,Lisnarrick,394,49.49,13.5,43,19.3,78.2,33.1
N00003016,Lisnarrick,303,49.83,11.9,48,23.1,73.3,40.7
N00003017,Lisnarrick,381,51.44,14.7,43,31.2,63.8,40.4
N00003018,Lisnaskea,239,52.72,6.7,40,85.4,13.4,22.9
N00003019,Lisnaskea,539,49.91,10.0,37,85.5,13.4,13.5
N00003020,Lisnaskea,440,52.95,11.1,37,77.7,20.7,28.0
N00003021,Lisnaskea,383,53.00,14.6,33,74.2,22.5,27.3
N00003022,Lisnaskea,303,55.78,14.2,39,63.4,35.3,24.6
N00003023,Lisnaskea,250,54.00,19.2,33,89.6,8.4,13.2
N00003024,Lisnaskea,426,53.29,9.9,43,56.8,41.5,34.2
N00003025,Maguires Bridge,341,53.67,15.8,32,37.5,57.8,35.1
N00003026,Maguires Bridge,543,49.17,12.7,35,56.2,41.1,29.7
N00003027,Maguires Bridge,436,46.33,20.2,40,42.4,53.9,30.1
N00003028,Maguires Bridge,449,45.43,16.0,38,17.6,80.4,34.1
N00003029,Maguires Bridge,513,50.68,14.0,34,40.9,55.9,42.7
N00003030,Maguires Bridge,380,53.16,15.0,38,47.4,50.8,21.4
N00003031,Maguires Bridge,469,49.25,16.8,38,50.5,47.1,27.0
N00003032,Newtownbutler,357,45.10,16.8,38,73.4,25.2,30.6
N00003033,Newtownbutler,450,48.00,8.0,35,73.6,25.6,27.6
N00003034,Newtownbutler,231,52.38,16.9,36,87.0,11.7,14.5
N00003035,Newtownbutler,376,50.27,20.7,34,76.6,21.8,14.7
N00003036,Newtownbutler,345,49.57,10.7,40,80.6,18.0,25.4
N00003037,Newtownbutler,393,51.65,12.5,35,79.1,19.3,23.0
N00003038,Newtownbutler,350,51.14,13.1,38,76.6,21.4,28.9
N00003039,Portora,314,52.23,12.4,41,56.4,36.3,31.8
N00003040,Portora,432,46.06,9.3,43,55.6,37.0,32.5
N00003041,Portora,437,51.03,10.3,33,66.1,29.3,27.9
N00003042,Portora,254,52.36,10.6,38,72.8,24.0,28.2
N00003043,Portora,203,55.67,6.4,37,51.7,44.3,26.2
N00003044,Portora,356,53.37,5.1,50,40.2,54.8,43.2
N00003045,Portora,785,50.06,14.9,33,51.7,41.1,48.5
N00003046,Portora,336,47.32,16.7,39,74.7,20.2,49.0
N00003047,Rosslea,417,46.52,16.5,33,78.7,21.3,23.1
N00003048,Rosslea,428,45.79,16.1,36,65.7,31.1,31.1
N00003049,Rosslea,323,49.54,11.1,41,84.8,13.0,30.9
N00003050,Rosslea,342,47.37,12.9,41,83.6,15.5,22.7
N00003051,Rosslea,377,43.50,10.6,37,99.7,0.0,22.1
N00003052,Rosslea,280,52.14,10.7,36,92.9,5.4,21.2
N00003053,Rossorry,231,48.92,8.2,47,67.5,29.4,43.9
N00003054,Rossorry,320,51.56,10.3,49,55.9,39.4,54.5
N00003055,Rossorry,369,54.20,15.2,37,62.9,32.2,42.2
N00003056,Rossorry,337,47.48,11.6,46,71.5,23.7,44.0
N00003057,Rossorry,276,52.17,13.0,35,50.7,41.7,30.2
N00003058,Rossorry,322,53.42,14.9,34,69.3,24.8,31.5
N00003059,Rossorry,315,51.11,14.6,40,46.3,48.3,38.8
N00003060,Rossorry,274,56.20,6.6,50,21.2,69.3,24.7
N00003061,Tempo,478,46.03,12.8,38,49.6,48.5,38.1
N00003062,Tempo,437,48.28,14.9,40,37.8,61.6,35.4
N00003063,Tempo,517,47.00,13.0,37,68.9,28.6,31.1
N00003064,Tempo,440,49.32,15.5,36,9.1,89.3,37.5
N00003065,Tempo,341,54.55,13.2,38,77.4,21.1,19.7
N00003066,Tempo,377,48.28,13.8,38,57.8,38.5,27.4
N00003067,Antiville,316,53.48,9.8,49,17.1,75.6,51.1
N00003068,Antiville,189,53.97,4.2,50,31.2,64.0,26.2
N00003069,Antiville,258,51.94,14.7,35,24.0,68.2,20.7
N00003070,Antiville,261,49.81,10.0,45,17.2,77.0,23.2
N00003071,Antiville,247,47.37,13.8,32,23.1,69.6,23.9
N00003072,Antiville,212,50.00,8.5,46,37.7,56.1,25.2
N00003073,Ballycarry,399,50.13,15.0,45,4.3,87.5,44.5
N00003074,Ballycarry,487,51.33,11.9,39,5.5,86.7,36.3
N00003075,Ballycarry,286,45.45,9.8,46,4.5,83.6,45.3
N00003076,Ballycarry,521,52.02,12.5,35,5.0,86.2,45.4
N00003077,Ballycarry,366,51.91,17.2,36,2.2,91.0,38.1
N00003078,Ballycarry,523,50.67,14.1,37,5.5,84.7,51.9
N00003079,Ballyloran,298,55.03,14.1,33,17.8,73.5,23.4
N00003080,Ballyloran,234,58.12,9.8,38,30.8,65.8,23.1
N00003081,Ballyloran,118,56.78,10.2,36,27.1,59.3,21.2
N00003082,Ballyloran,231,53.68,11.7,42,20.8,73.6,28.7
N00003083,Ballyloran,215,47.44,10.7,40,17.7,71.6,27.4
N00003084,Blackcave,320,51.25,16.6,36,52.5,42.5,24.7
N00003085,Blackcave,264,56.06,7.2,41,11.0,80.3,21.1
N00003086,Blackcave,250,56.00,14.4,39,6.8,88.8,20.0
N00003087,Blackcave,343,48.69,11.4,47,35.0,63.0,46.5
N00003088,Blackcave,148,55.41,10.8,34,43.2,44.6,17.8
N00003089,Blackcave,310,46.77,17.7,36,13.5,77.4,37.7
N00003090,Carncastle,344,54.65,16.3,44,24.1,69.2,39.6
N00003091,Carncastle,401,51.12,17.0,37,34.7,57.9,50.7
N00003092,Carncastle,235,54.89,16.6,40,26.0,67.7,31.3
N00003093,Carncastle,484,54.55,11.4,44,32.2,63.8,57.8
N00003094,Carncastle,273,48.35,10.6,50,22.3,73.6,67.9
N00003095,Carncastle,301,53.16,11.3,48,25.2,66.4,59.9
N00003096,Carncastle,270,49.26,10.0,53,28.5,65.2,49.5
N00003097,Carncastle,567,51.85,14.8,46,26.8,68.8,56.5
N00003098,Carnlough,747,52.74,16.3,31,87.6,10.2,24.1
N00003099,Carnlough,322,51.55,9.3,47,59.9,37.6,34.2
N00003100,Carnlough,331,46.53,15.4,42,77.3,21.1,25.1
N00003101,Carnlough,301,52.16,18.6,37,84.4,14.0,24.3
N00003102,Carnlough,340,49.12,12.1,46,65.0,34.1,33.9
N00003103,Central,264,50.00,6.1,51,39.4,54.2,45.7
N00003104,Central,254,51.57,13.8,47,44.9,49.6,27.5
N00003105,Central,382,46.34,7.9,54,37.2,55.8,24.3
N00003106,Central,198,57.07,11.6,47,11.1,83.8,18.3
N00003107,Central,202,47.52,4.5,49,21.3,69.3,20.5
N00003108,Central,251,51.00,15.1,36,29.5,64.1,33.9
N00003109,Central,266,49.62,10.2,48,15.8,76.7,42.0
N00003110,Craigy Hill,221,52.49,11.8,46,27.1,63.8,24.7
N00003111,Craigy Hill,199,51.76,13.6,52,19.1,72.9,31.2
N00003112,Craigy Hill,254,52.36,13.8,41,31.5,64.2,33.0
N00003113,Craigy Hill,264,52.65,12.1,46,34.8,61.4,33.0
N00003114,Craigy Hill,281,54.80,10.0,49,25.6,70.5,21.0
N00003115,Craigy Hill,236,50.00,12.3,39,17.8,74.2,23.5
N00003116,Gardenmore,313,57.19,10.5,54,30.7,65.8,49.3
N00003117,Gardenmore,265,50.57,9.1,48,40.4,52.8,38.3
N00003118,Gardenmore,196,53.06,12.8,51,45.4,47.4,22.6
N00003119,Gardenmore,251,54.18,6.8,53,42.2,49.4,25.6
N00003120,Gardenmore,323,52.94,9.9,47,32.2,62.8,52.4
N00003121,Gardenmore,315,56.83,12.1,43,36.2,56.2,45.5
N00003122,Gardenmore,253,55.34,9.9,55,17.0,75.9,36.5
N00003123,Glenarm,364,47.53,12.4,43,56.0,39.8,31.2
N00003124,Glenarm,314,51.91,15.3,38,39.8,55.4,35.3
N00003125,Glenarm,292,53.77,14.0,44,46.9,51.0,37.0
N00003126,Glenarm,447,49.66,16.6,39,24.4,72.0,29.0
N00003127,Glenarm,434,49.54,18.4,41,43.8,51.8,39.5
N00003128,Glynn,283,49.82,11.0,44,4.9,88.7,33.7
N00003129,Glynn,322,49.07,16.8,43,5.0,88.2,42.6
N00003130,Glynn,302,51.66,14.9,43,5.0,87.4,41.3
N00003131,Glynn,823,47.14,13.5,41,8.0,82.7,44.1
N00003132,Glynn,297,51.85,13.1,42,13.5,79.5,44.6
N00003133,Harbour,379,48.55,16.1,47,17.7,74.9,53.0
N00003134,Harbour,298,53.36,5.0,46,13.8,77.2,33.9
N00003135,Harbour,149,51.01,12.8,45,27.5,67.1,38.7
N00003136,Harbour,369,49.05,10.3,38,29.8,62.6,44.0
N00003137,Harbour,320,51.88,8.4,50,22.2,72.8,30.0
N00003138,Harbour,296,54.73,13.5,38,12.8,82.8,28.6
N00003139,Island Magee,414,49.76,11.8,44,6.3,84.1,44.7
N00003140,Island Magee,330,56.67,15.8,42,4.2,85.2,45.2
N00003141,Island Magee,357,47.62,9.8,48,3.1,85.2,51.4
N00003142,Island Magee,896,52.34,15.6,40,5.6,84.2,50.9
N00003143,Island Magee,293,51.19,14.7,34,3.8,78.2,31.3
N00003144,Island Magee,278,51.08,11.5,51,4.7,81.3,49.3
N00003145,Kilwaughter_1,1350,54.15,12.1,29,18.8,70.2,41.3
N00003146,Kilwaughter_1,403,52.36,13.4,33,35.5,57.8,39.8
N00003147,Kilwaughter_1,1029,50.24,14.8,30,23.4,70.6,53.8
N00003148,Kilwaughter_1,327,49.85,18.0,38,25.7,67.9,39.7
N00003149,Kilwaughter_1,551,50.64,13.8,33,16.3,73.7,46.2
N00003150,Kilwaughter_2,368,47.83,11.4,45,6.0,85.3,45.7
N00003151,Kilwaughter_2,269,51.67,14.1,42,7.4,80.7,24.7
N00003152,Kilwaughter_2,399,50.63,10.8,42,12.0,84.2,35.5
N00003153,Kilwaughter_2,369,49.59,16.5,42,3.8,89.4,49.6
N00003154,Kilwaughter_2,365,48.49,14.2,47,10.1,86.3,33.8
N00003155,Town Parks,249,53.41,10.0,41,29.3,66.3,29.6
N00003156,Town Parks,232,46.98,8.6,43,22.0,68.1,31.6
N00003157,Town Parks,237,50.21,9.7,46,42.6,49.8,34.5
N00003158,Town Parks,228,50.88,7.9,47,43.4,51.8,28.2
N00003159,Town Parks,410,50.49,10.0,42,25.1,68.0,32.5
N00003160,Town Parks,237,49.79,10.5,43,36.7,54.4,24.8
N00003161,Aghanloo_1,1523,51.48,18.6,34,41.0,55.2,43.9
N00003162,Aghanloo_1,968,54.96,17.7,29,41.7,54.8,36.0
N00003163,Aghanloo_2,462,45.67,13.4,41,29.2,67.1,40.2
N00003164,Aghanloo_2,542,48.15,11.8,36,41.3,54.1,43.8
N00003165,Aghanloo_2,314,48.09,13.4,37,69.1,27.1,24.3
N00003166,Aghanloo_2,558,52.51,18.8,35,38.4,59.5,39.9
N00003167,Ballykelly,286,53.50,13.3,46,21.0,74.8,38.7
N00003168,Ballykelly,377,51.46,15.1,43,52.8,44.0,30.8
N00003169,Ballykelly,331,44.41,13.0,41,45.3,52.0,23.0
N00003170,Ballykelly,759,50.33,15.2,36,61.1,37.0,23.8
N00003171,Coolessan,284,48.59,16.5,36,67.3,31.3,9.7
N00003172,Coolessan,245,51.43,14.3,35,61.6,34.3,12.0
N00003173,Coolessan,302,49.67,13.2,35,61.6,36.1,27.8
N00003174,Coolessan,233,45.49,13.3,39,73.4,24.5,18.0
N00003175,Coolessan,358,55.31,14.8,36,59.8,36.9,19.8
N00003176,Dungiven,478,50.42,18.2,32,95.2,3.1,36.8
N00003177,Dungiven,673,52.15,16.9,30,95.8,2.7,23.1
N00003178,Dungiven,328,49.09,12.2,38,97.0,3.0,26.6
N00003179,Dungiven,543,49.17,11.8,42,91.3,7.4,29.2
N00003180,Enagh_1,240,56.25,12.9,47,34.2,63.3,41.4
N00003181,Enagh_1,307,52.44,14.0,44,45.9,49.8,38.0
N00003182,Enagh_1,297,46.80,17.8,40,36.7,62.0,45.4
N00003183,Enagh_1,431,49.88,16.5,36,46.6,48.3,32.3
N00003184,Enagh_2,326,53.99,12.3,33,39.0,51.8,22.2
N00003185,Enagh_2,250,50.80,15.2,30,38.4,56.8,21.6
N00003186,Enagh_2,300,52.67,15.0,31,26.7,63.0,17.7
N00003187,Enagh_2,336,52.08,9.8,38,44.6,49.7,30.2
N00003188,Feeny,612,49.02,14.9,33,85.5,12.6,32.7
N00003189,Feeny,407,43.98,20.4,32,92.9,6.1,25.0
N00003190,Feeny,409,49.88,16.9,36,76.8,23.0,28.5
N00003191,Feeny,368,44.57,19.6,33,90.2,9.8,19.8
N00003192,Feeny,410,49.51,14.4,33,92.0,7.8,22.7
N00003193,Forest,378,49.21,15.9,45,30.2,66.1,32.1
N00003194,Forest,426,50.47,16.2,39,62.4,35.9,26.1
N00003195,Forest,545,49.91,12.8,35,80.2,18.5,27.9
N00003196,Forest,439,48.52,15.5,32,40.1,54.9,36.4
N00003197,Forest,347,51.30,12.7,41,40.3,54.2,31.9
N00003198,Forest,314,47.77,16.2,36,48.4,50.6,35.5
N00003199,Glack,471,48.20,14.9,38,47.3,51.2,34.2
N00003200,Glack,399,49.62,13.5,43,70.7,25.3,29.7
N00003201,Glack,444,52.48,14.4,36,78.8,18.7,29.1
N00003202,Glack,436,48.39,15.8,37,86.2,11.5,29.1
N00003203,Glack,356,48.03,9.8,40,25.3,70.8,28.4
N00003204,Gresteel_1,520,50.58,14.4,31,94.0,5.4,26.2
N00003205,Gresteel_1,507,49.70,13.8,34,87.0,10.7,34.4
N00003206,Gresteel_1,318,53.14,11.9,36,87.1,12.3,37.1
N00003207,Gresteel_1,408,48.77,16.4,37,82.8,15.9,40.3
N00003208,Gresteel_1,393,49.36,16.0,37,93.9,5.1,31.2
N00003209,Gresteel_2,1247,49.64,11.5,28,56.9,37.8,41.5
N00003210,Gresteel_2,278,53.24,16.9,30,60.1,35.6,24.6
N00003211,Greystone,266,53.01,15.8,34,65.8,30.8,16.7
N00003212,Greystone,355,50.14,16.1,35,47.0,48.5,21.0
N00003213,Greystone,237,53.59,8.4,42,52.7,44.7,19.0
N00003214,Greystone,219,48.86,14.6,34,37.0,60.3,6.7
N00003215,Greystone,261,56.70,12.6,39,47.5,49.0,21.1
N00003216,Magilligan,384,48.44,13.0,40,74.0,25.3,25.7
N00003217,Magilligan,325,47.08,13.8,42,45.8,51.4,36.4
N00003218,Magilligan,534,53.93,11.0,49,26.6,70.4,40.3
N00003219,Magilligan,810,19.88,5.2,38,55.2,40.5,20.9
N00003220,Magilligan,354,50.85,12.7,38,86.4,11.9,28.0
N00003221,Rathbrady,285,51.93,11.2,48,30.2,66.7,52.9
N00003222,Rathbrady,329,49.24,13.1,44,33.1,66.0,39.8
N00003223,Rathbrady,290,44.14,13.8,42,42.4,53.8,21.3
N00003224,Rathbrady,257,50.97,10.5,48,34.6,63.8,35.6
N00003225,Rathbrady,291,52.23,7.6,53,47.8,50.9,53.2
N00003226,Roeside,269,52.79,12.3,54,34.6,63.6,55.6
N00003227,Roeside,228,49.56,10.5,47,18.4,78.1,43.8
N00003228,Roeside,318,53.14,6.9,42,44.3,51.6,31.9
N00003229,Roeside,217,52.53,8.3,47,46.1,49.8,23.1
N00003230,Roeside,218,48.62,8.7,47,47.7,47.7,20.7
N00003231,Roeside,179,50.28,12.3,50,43.6,54.2,15.3
N00003232,The Highlands,480,48.54,14.6,37,14.0,83.5,35.8
N00003233,The Highlands,375,48.27,10.7,40,15.2,81.9,22.2
N00003234,The Highlands,546,48.90,15.4,33,76.4,22.2,24.6
N00003235,The Highlands,568,49.82,18.0,32,75.0,23.9,32.9
N00003236,Upper Glenshane,456,54.61,18.2,30,97.8,1.8,28.5
N00003237,Upper Glenshane,995,51.06,14.1,33,89.1,10.4,33.1
N00003238,Upper Glenshane,569,46.75,18.8,32,91.0,9.0,31.1
N00003239,Upper Glenshane,438,49.77,11.9,36,60.7,38.8,35.0
N00003240,Ballinderry_1,792,26.77,9.1,39,29.2,65.2,31.2
N00003241,Ballinderry_1,377,51.72,13.3,46,9.8,84.1,47.5
N00003242,Ballinderry_1,319,47.65,14.4,47,11.0,84.3,48.8
N00003243,Ballinderry_1,444,47.52,15.3,43,36.9,59.0,52.1
N00003244,Ballinderry_1,331,48.64,12.4,46,13.9,80.7,47.2
N00003245,Ballinderry_2,476,48.74,13.4,42,16.6,71.4,51.5
N00003246,Ballinderry_2,810,50.37,15.2,38,15.2,75.8,48.6
N00003247,Ballinderry_2,820,49.88,11.7,33,31.5,59.9,54.5
N00003248,Ballinderry_2,347,50.72,14.4,40,20.2,74.1,43.3
N00003249,Ballinderry_2,412,49.51,17.5,32,17.0,71.6,49.0
N00003250,Ballymacash_1,309,52.43,12.6,50,6.1,87.1,52.9
N00003251,Ballymacash_1,308,53.25,16.9,41,15.3,77.3,47.6
N00003252,Ballymacash_1,346,57.23,15.9,24,13.9,68.2,27.6
N00003253,Ballymacash_1,299,52.84,10.0,39,13.0,76.3,39.4
N00003254,Ballymacash_1,247,53.04,6.9,54,15.4,73.7,59.0
N00003255,Ballymacash_1,354,54.24,17.8,33,16.9,73.2,43.3
N00003256,Ballymacash_1,370,50.00,12.7,44,8.4,83.8,63.3
N00003257,Ballymacash_2,344,48.84,19.8,42,30.5,64.5,65.6
N00003258,Ballymacash_2,547,51.01,19.0,34,49.2,45.2,63.6
N00003259,Ballymacash_2,323,50.77,14.9,47,22.9,76.2,55.2
N00003260,Ballymacash_2,384,55.99,13.0,46,16.4,78.6,60.5
N00003261,Ballymacash_2,456,51.97,25.4,36,35.1,59.0,60.0
N00003262,Ballymacbrennan_1,364,47.80,12.4,48,6.9,87.9,59.6
N00003263,Ballymacbrennan_1,417,51.32,12.2,40,9.4,81.3,52.9
N00003264,Ballymacbrennan_1,418,48.33,20.1,45,4.3,90.9,57.0
N00003265,Ballymacbrennan_1,381,51.18,16.5,46,8.4,85.6,49.5
N00003266,Ballymacbrennan_2,356,48.31,14.9,46,6.7,90.4,53.3
N00003267,Ballymacbrennan_2,408,49.02,14.0,43,9.6,82.6,53.9
N00003268,Ballymacbrennan_2,344,48.84,11.9,43,23.3,70.1,43.6
N00003269,Ballymacbrennan_2,354,46.05,11.0,48,12.7,80.5,47.9
N00003270,Ballymacbrennan_2,330,48.48,13.9,48,7.3,89.1,53.9
N00003271,Ballymacoss_1,603,55.22,18.2,28,13.8,69.0,24.3
N00003272,Ballymacoss_1,613,53.18,17.8,35,17.3,72.8,33.3
N00003273,Ballymacoss_1,832,50.24,18.4,33,16.3,72.5,55.3
N00003274,Ballymacoss_1,277,52.71,13.4,41,16.2,73.3,34.3
N00003275,Ballymacoss_2,202,56.44,10.4,37,9.4,76.2,22.9
N00003276,Ballymacoss_2,557,52.60,11.0,29,28.5,60.3,58.9
N00003277,Ballymacoss_2,457,51.42,14.9,33,16.0,75.3,51.4
N00003278,Ballymacoss_2,430,47.91,12.6,36,9.3,80.5,31.0
N00003279,Ballymacoss_2,239,52.72,18.4,30,7.1,82.8,22.7
N00003280,Ballymacoss_3,895,50.95,11.3,32,33.7,56.2,58.4
N00003281,Ballymacoss_3,355,48.45,15.2,46,31.3,62.3,31.2
N00003282,Ballymacoss_3,2112,50.43,12.3,31,16.9,73.0,49.1
N00003283,Blaris_1,253,47.43,8.3,45,11.9,79.4,35.4
N00003284,Blaris_1,284,48.59,9.9,30,22.5,61.6,34.6
N00003285,Blaris_1,241,52.70,7.5,42,16.6,74.3,30.3
N00003286,Blaris_1,250,52.00,11.6,42,16.4,70.4,39.6
N00003287,Blaris_1,257,55.64,6.6,53,8.2,83.7,45.1
N00003288,Blaris_1,287,53.66,10.8,40,9.8,77.0,42.9
N00003289,Blaris_2,311,51.13,10.6,50,17.0,77.2,55.7
N00003290,Blaris_2,499,48.90,14.6,42,21.0,68.9,46.2
N00003291,Blaris_2,694,47.41,10.7,38,15.7,77.4,66.3
N00003292,Blaris_2,299,52.84,8.4,44,19.7,73.9,59.3
N00003293,Collin Glen_1,350,47.71,19.1,40,88.9,10.6,33.7
N00003294,Collin Glen_1,344,55.52,22.1,25,94.8,3.5,18.1
N00003295,Collin Glen_1,871,54.76,27.2,22,92.1,6.7,19.6
N00003296,Collin Glen_2,373,55.50,18.8,22,90.9,6.2,20.6
N00003297,Collin Glen_2,402,55.72,26.4,22,96.3,2.7,20.0
N00003298,Collin Glen_2,616,58.28,27.4,21,93.5,3.7,17.1
N00003299,Collin Glen_2,720,55.00,26.8,19,94.0,4.7,17.9
N00003300,Collin Glen_2,254,49.61,16.9,28,88.2,8.3,12.4
N00003301,Collin Glen_3,308,47.73,15.3,42,93.5,6.2,24.3
N00003302,Collin Glen_3,498,50.80,24.3,24,92.0,6.8,21.2
N00003303,Collin Glen_3,396,55.56,23.5,23,93.2,4.3,19.8
N00003304,Collin Glen_3,293,51.54,14.0,29,91.1,5.5,21.1
N00003305,Collin Glen_3,474,56.12,24.9,21,93.9,5.3,17.9
N00003306,Derryaghy_1,700,54.14,26.1,21,91.3,6.6,34.9
N00003307,Derryaghy_3,562,48.58,13.9,35,54.1,37.4,43.4
N00003308,Derryaghy_1,3075,53.79,17.1,25,92.5,5.0,42.6
N00003309,Derryaghy_3,303,54.46,16.5,33,26.4,64.4,28.6
N00003310,Derryaghy_3,321,53.89,11.5,34,15.3,74.8,21.0
N00003311,Derryaghy_2,1274,51.81,21.7,26,95.4,3.3,39.8
N00003312,Derryaghy_2,423,48.94,23.2,29,91.7,6.1,32.3
N00003313,Derryaghy_3,1435,54.43,6.1,41,32.3,57.0,47.4
N00003314,Derryaghy_3,777,54.18,11.8,33,64.6,28.6,66.1
N00003315,Derryaghy_3,201,52.74,8.0,46,65.2,29.9,69.2
N00003316,Derryaghy_3,393,48.35,14.2,36,42.0,50.1,38.5
N00003317,Dromara_1,333,53.75,12.9,46,6.3,85.9,51.4
N00003318,Dromara_1,965,48.60,15.9,40,12.2,81.0,60.5
N00003319,Dromara_1,372,50.81,14.2,48,9.1,83.6,59.3
N00003320,Dromara_1,304,52.30,21.4,42,7.6,83.6,52.7
N00003321,Dromara_2,411,49.39,13.4,43,7.5,86.6,48.7
N00003322,Dromara_2,410,50.49,12.2,44,5.6,91.0,45.8
N00003323,Dromara_2,455,48.57,16.0,40,13.8,78.2,46.1
N00003324,Dromara_2,358,52.51,11.5,40,20.9,67.0,45.3
N00003325,Dromara_2,429,51.28,12.6,42,14.9,78.8,48.3
N00003326,Dromara_2,661,52.34,7.3,32,21.3,71.1,42.4
N00003327,Drumbo_1,375,48.80,10.9,45,23.2,69.6,66.1
N00003328,Drumbo_1,214,48.13,5.1,37,13.1,64.0,76.8
N00003329,Drumbo_1,338,50.00,11.8,42,27.8,65.7,60.3
N00003330,Drumbo_1,328,51.52,14.6,49,35.1,59.1,71.7
N00003331,Drumbo_1,442,54.75,14.5,42,22.2,70.6,68.6
N00003332,Drumbo_2,395,50.13,15.4,43,24.3,67.3,50.4
N00003333,Drumbo_2,305,51.48,15.4,46,16.4,73.4,57.6
N00003334,Drumbo_2,321,52.96,13.7,46,11.2,81.3,58.8
N00003335,Drumbo_2,244,51.23,11.9,45,7.0,80.3,48.6
N00003336,Drumbo_2,402,46.77,16.7,44,8.7,81.6,50.2
N00003337,Dunmurry_1,302,55.30,9.3,31,74.5,16.2,58.6
N00003338,Dunmurry_1,248,50.00,8.5,32,82.3,12.1,56.3
N00003339,Dunmurry_1,414,53.38,12.8,34,45.2,41.5,63.3
N00003340,Dunmurry_1,272,57.35,11.4,38,60.3,33.1,55.6
N00003341,Dunmurry_1,302,51.66,17.2,39,84.1,11.6,48.7
N00003342,Dunmurry_1,367,52.86,14.2,36,79.8,16.3,58.3
N00003343,Dunmurry_1,294,54.76,16.7,35,66.7,27.2,36.6
N00003344,Dunmurry_2,288,53.13,8.7,42,76.7,20.1,57.6
N00003345,Dunmurry_2,360,46.67,26.7,32,95.8,3.3,47.5
N00003346,Dunmurry_2,480,47.29,24.8,30,96.5,2.3,51.0
N00003347,Dunmurry_2,453,49.67,21.2,36,96.2,1.5,59.1
N00003348,Dunmurry_2,599,49.42,14.9,41,89.8,8.7,58.0
N00003349,Glenavy_1,1063,51.65,16.1,31,82.5,13.5,50.4
N00003350,Glenavy_1,595,50.92,17.6,38,62.4,35.8,45.2
N00003351,Glenavy_1,413,52.06,20.1,40,62.0,33.4,36.4
N00003352,Glenavy_1,461,53.58,16.7,30,79.8,16.1,50.0
N00003353,Glenavy_1,414,50.00,15.7,30,84.8,12.6,49.6
N00003354,Glenavy_2,508,47.83,18.9,36,60.2,36.8,37.4
N00003355,Glenavy_2,492,50.20,17.3,39,57.5,39.0,42.3
N00003356,Glenavy_2,618,51.46,13.4,30,36.2,53.6,45.3
N00003357,Glenavy_2,336,49.11,15.8,44,23.5,69.9,39.6
N00003358,Glenavy_2,423,46.34,13.7,43,27.4,64.8,39.0
N00003359,Glenavy_2,374,50.27,13.9,43,49.5,47.1,39.6
N00003360,Harmony Hill,212,53.30,9.9,40,9.4,77.4,29.0
N00003361,Harmony Hill,279,55.91,9.0,48,23.7,66.3,55.5
N00003362,Harmony Hill,358,51.68,13.7,42,30.4,66.8,60.9
N00003363,Harmony Hill,706,52.12,14.2,44,28.9,63.5,38.7
N00003364,Harmony Hill,408,51.23,12.3,37,22.1,65.0,59.8
N00003365,Harmony Hill,470,52.34,11.3,54,39.6,55.5,61.6
N00003366,Harmony Hill,293,51.88,17.1,40,33.4,58.4,53.1
N00003367,Harmony Hill,328,51.22,12.8,45,29.9,64.0,52.7
N00003368,Hilden_1,289,50.17,11.4,33,28.7,55.7,33.3
N00003369,Hilden_1,284,52.46,5.6,39,25.0,64.8,38.7
N00003370,Hilden_1,283,51.94,8.1,41,23.7,71.7,29.7
N00003371,Hilden_1,321,50.78,10.3,35,26.8,61.7,34.0
N00003372,Hilden_1,351,51.28,11.7,33,32.8,54.1,24.2
N00003373,Hilden_2,309,49.51,16.5,34,24.9,65.0,27.8
N00003374,Hilden_2,272,53.31,12.1,45,25.7,63.2,33.2
N00003375,Hilden_2,243,50.21,9.5,36,17.7,69.1,30.2
N00003376,Hilden_2,300,50.67,14.7,38,21.3,70.7,32.6
N00003377,Hilden_2,252,51.59,10.7,34,17.9,71.8,27.0
N00003378,Hillhall_1,244,53.69,9.0,50,13.5,79.5,35.7
N00003379,Hillhall_1,283,51.59,11.0,44,9.5,79.2,23.8
N00003380,Hillhall_1,338,54.73,11.2,34,4.7,81.7,19.8
N00003381,Hillhall_1,330,54.55,17.3,29,10.6,76.7,17.5
N00003382,Hillhall_1,225,44.89,5.8,44,17.3,70.7,24.9
N00003383,Hillhall_2,263,53.99,6.5,41,8.7,74.9,40.2
N00003384,Hillhall_2,405,48.40,9.6,40,11.1,79.8,59.3
N00003385,Hillhall_2,448,50.45,14.1,41,14.1,78.6,59.5
N00003386,Hillhall_2,369,53.12,16.0,32,15.7,78.0,39.6
N00003387,Hillsborough_1,341,51.32,13.5,48,6.5,89.1,67.2
N00003388,Hillsborough_1,346,53.76,9.0,51,12.1,81.5,62.9
N00003389,Hillsborough_1,376,50.80,18.1,45,8.0,85.9,69.0
N00003390,Hillsborough_1,358,55.59,16.8,42,9.8,84.9,56.7
N00003391,Hillsborough_1,372,50.54,5.9,42,11.0,81.5,47.2
N00003392,Hillsborough_2,434,50.69,17.3,44,12.7,84.3,51.4
N00003393,Hillsborough_2,424,55.42,9.0,46,13.7,81.8,54.2
N00003394,Hillsborough_2,392,51.53,11.2,44,7.9,87.0,57.1
N00003395,Hillsborough_2,279,53.41,3.2,55,12.9,76.0,58.7
N00003396,Hillsborough_2,436,47.94,9.6,46,12.2,80.7,60.8
N00003397,Kilwee_1,258,47.67,22.1,37,95.3,2.7,36.7
N00003398,Kilwee_1,378,49.74,16.7,34,95.0,3.7,50.3
N00003399,Kilwee_1,416,53.85,16.1,41,90.4,5.0,45.2
N00003400,Kilwee_1,424,46.23,15.1,34,92.7,4.2,55.2
N00003401,Kilwee_2,369,52.03,14.6,42,93.5,5.4,54.7
N00003402,Kilwee_2,411,51.34,18.5,31,91.5,5.6,23.0
N00003403,Kilwee_2,269,46.10,19.7,29,88.1,9.7,19.3
N00003404,Kilwee_2,296,48.99,16.6,41,95.3,3.7,19.4
N00003405,Kilwee_2,343,51.02,12.2,32,92.4,6.7,25.9
N00003406,Knockmore_1,384,58.85,15.9,33,34.4,57.3,31.9
N00003407,Knockmore_1,558,50.36,6.1,35,23.7,67.2,47.9
N00003408,Knockmore_1,531,53.11,10.9,36,28.8,62.3,43.1
N00003409,Knockmore_1,341,51.61,11.1,38,27.9,59.8,34.0
N00003410,Knockmore_1,652,52.76,11.7,33,29.8,60.7,42.7
N00003411,Knockmore_1,283,54.42,14.5,35,21.9,68.9,45.6
N00003412,Knockmore_2,292,49.66,12.0,36,12.7,79.8,27.4
N00003413,Knockmore_2,271,56.09,14.0,36,18.8,65.7,29.2
N00003414,Knockmore_2,377,54.64,13.8,33,20.4,60.2,48.6
N00003415,Knockmore_2,309,52.10,12.6,38,12.0,81.6,31.2
N00003416,Knockmore_2,300,57.00,15.3,35,12.0,81.3,29.3
N00003417,Lagan Valley_1,253,52.96,14.2,36,26.1,60.1,29.5
N00003418,Lagan Valley_1,254,50.79,10.6,34,12.6,72.4,23.9
N00003419,Lagan Valley_1,314,51.91,12.1,39,29.3,60.8,49.6
N00003420,Lagan Valley_1,299,50.50,12.0,31,9.0,77.6,25.3
N00003421,Lagan Valley_1,295,54.92,13.6,29,11.5,73.9,19.1
N00003422,Lagan Valley_2,632,53.01,11.2,53,20.9,72.5,49.3
N00003423,Lagan Valley_2,516,52.13,8.9,39,22.7,64.3,31.8
N00003424,Lagan Valley_2,294,53.06,10.9,40,19.4,74.1,30.2
N00003425,Lagan Valley_2,196,46.43,9.2,38,34.2,56.6,31.0
N00003426,Lambeg_1,728,47.94,11.4,43,16.3,70.6,45.5
N00003427,Lambeg_1,300,52.67,11.0,41,8.0,84.3,35.6
N00003428,Lambeg_1,277,53.43,8.7,38,10.5,77.6,42.9
N00003429,Lambeg_2,285,51.23,11.6,34,3.9,83.9,25.5
N00003430,Lambeg_2,277,53.07,15.5,30,6.1,82.3,27.2
N00003431,Lambeg_2,308,52.92,12.0,36,5.5,83.8,23.0
N00003432,Lambeg_2,283,51.94,9.2,41,13.8,75.6,50.0
N00003433,Lambeg_2,279,54.48,12.9,33,5.0,84.9,39.9
N00003434,Lisnagarvey,278,50.00,14.0,39,22.3,64.7,45.1
N00003435,Lisnagarvey,209,52.63,8.6,61,8.6,83.3,30.8
N00003436,Lisnagarvey,316,52.22,13.0,40,12.0,78.2,46.6
N00003437,Lisnagarvey,339,50.15,11.5,48,6.2,84.7,51.0
N00003438,Lisnagarvey,354,48.87,12.4,41,24.3,65.8,49.3
N00003439,Lisnagarvey,272,50.74,6.6,61,8.1,86.0,60.5
N00003440,Lisnagarvey,283,54.06,9.9,57,15.9,75.3,56.1
N00003441,Lisnagarvey,340,51.47,12.9,40,21.5,71.8,45.6
N00003442,Lisnagarvey,214,56.54,3.3,64,15.9,77.1,41.9
N00003443,Maghaberry_1,713,48.53,12.8,30,7.4,81.9,52.7
N00003444,Maghaberry_1,424,50.00,13.4,41,6.4,86.6,51.0
N00003445,Maghaberry_1,509,48.13,18.3,31,6.9,81.7,56.0
N00003446,Maghaberry_1,413,47.70,13.3,39,9.0,83.5,52.9
N00003447,Maghaberry_1,273,52.01,12.5,44,4.0,84.6,39.6
N00003448,Maghaberry_2,540,47.78,12.8,41,23.9,71.1,46.9
N00003449,Maghaberry_2,431,52.20,14.4,43,12.3,82.8,48.2
N00003450,Maghaberry_2,353,50.14,14.7,44,30.3,66.6,47.2
N00003451,Maghaberry_2,620,51.61,12.4,32,8.5,79.7,49.4
N00003452,Maghaberry_2,440,47.27,14.5,41,3.6,92.0,42.1
N00003453,Magheralave_1,376,50.80,5.3,25,14.9,50.5,61.0
N00003454,Magheralave_1,328,50.61,12.2,45,19.2,72.3,50.2
N00003455,Magheralave_1,305,48.85,12.5,42,22.0,68.5,54.3
N00003456,Magheralave_1,305,49.18,8.9,27,22.0,50.2,61.1
N00003457,Magheralave_1,289,51.90,12.1,35,12.1,71.6,43.4
N00003458,Magheralave_2,338,47.93,12.4,44,51.8,42.9,50.2
N00003459,Magheralave_2,240,51.67,7.9,47,27.1,64.2,50.6
N00003460,Magheralave_2,403,50.62,15.6,36,41.2,50.9,52.0
N00003461,Magheralave_2,329,56.23,7.9,61,24.3,68.4,58.0
N00003462,Magheralave_2,377,49.87,15.9,46,35.3,56.8,63.3
N00003463,Maze_1,491,49.08,13.6,40,12.0,81.7,53.9
N00003464,Maze_1,364,50.55,12.4,41,8.0,80.8,65.3
N00003465,Maze_1,267,53.56,7.9,49,2.2,91.4,28.0
N00003466,Maze_1,310,49.35,10.6,37,21.0,65.2,61.8
N00003467,Maze_1,473,50.32,7.6,52,8.9,79.7,69.4
N00003468,Maze_1,253,50.59,5.9,35,8.7,75.9,66.5
N00003469,Maze_2,373,49.60,12.3,35,2.7,88.2,36.8
N00003470,Maze_2,336,50.00,14.6,46,9.5,83.3,47.1
N00003471,Maze_2,274,48.91,11.3,42,10.2,82.5,32.2
N00003472,Maze_2,310,50.00,11.9,40,6.8,88.1,53.0
N00003473,Maze_2,365,47.95,14.8,36,5.2,84.9,41.3
N00003474,Moira_1,449,49.67,10.7,42,19.2,72.6,69.4
N00003475,Moira_1,1177,49.79,14.5,37,20.1,71.8,61.0
N00003476,Moira_1,734,47.96,15.1,39,15.8,75.5,53.8
N00003477,Moira_1,462,51.30,7.6,42,23.8,66.9,58.7
N00003478,Moira_2,817,53.24,13.5,42,14.7,79.4,57.9
N00003479,Moira_2,814,50.61,10.3,35,23.7,62.3,71.1
N00003480,Moira_2,258,52.33,12.4,41,15.1,77.1,23.0
N00003481,Moira_2,175,53.71,19.4,35,29.1,62.3,69.4
N00003482,Moira_2,253,49.41,6.3,43,20.2,73.1,32.3
N00003483,Old Warren,341,53.37,8.8,38,14.7,69.8,24.7
N00003484,Old Warren,313,50.16,14.4,32,55.6,36.4,19.6
N00003485,Old Warren,265,47.92,12.1,39,40.4,54.7,20.2
N00003486,Old Warren,355,51.55,17.7,29,43.9,45.1,19.4
N00003487,Old Warren,327,51.99,12.5,37,33.0,61.8,18.6
N00003488,Old Warren,284,51.41,15.8,26,16.9,66.2,17.3
N00003489,Old Warren,704,57.53,15.3,28,8.2,72.3,19.2
N00003490,Poleglass_1,265,56.60,20.0,28,93.2,4.2,21.8
N00003491,Poleglass_1,636,53.30,15.3,26,91.0,7.2,24.4
N00003492,Poleglass_1,370,51.08,14.1,29,97.6,2.2,26.8
N00003493,Poleglass_1,715,55.10,18.9,26,93.4,4.8,24.5
N00003494,Poleglass_2,763,50.85,17.0,32,95.8,3.3,42.1
N00003495,Poleglass_2,395,50.38,14.2,48,94.2,4.3,47.7
N00003496,Poleglass_2,637,54.32,19.8,24,93.7,4.6,35.5
N00003497,Seymour Hill,393,56.23,8.7,46,2.8,86.0,31.5
N00003498,Seymour Hill,234,48.29,11.5,42,3.0,88.9,35.8
N00003499,Seymour Hill,231,50.22,14.7,40,4.8,84.8,31.9
N00003500,Seymour Hill,295,48.14,9.8,41,21.4,66.8,47.2
N00003501,Seymour Hill,276,52.54,14.1,34,13.4,67.0,40.9
N00003502,Seymour Hill,202,50.50,5.9,48,9.4,82.2,28.2
N00003503,Seymour Hill,349,53.01,8.6,34,19.8,72.2,37.9
N00003504,Seymour Hill,324,50.31,11.1,45,16.7,76.5,45.7
N00003505,Seymour Hill,198,52.02,11.1,42,9.1,81.3,26.0
N00003506,Tonagh,396,53.03,14.6,31,58.1,34.1,28.3
N00003507,Tonagh,248,50.81,12.5,38,56.9,32.7,27.8
N00003508,Tonagh,293,50.17,12.3,35,48.1,43.3,28.1
N00003509,Tonagh,303,50.83,11.2,43,45.9,47.9,42.6
N00003510,Tonagh,312,48.40,15.4,38,45.8,47.8,22.0
N00003511,Tonagh,259,53.67,9.7,44,22.8,70.7,36.0
N00003512,Tonagh,304,52.63,11.8,39,28.6,60.2,31.6
N00003513,Tonagh,479,55.95,11.5,35,22.5,65.8,27.3
N00003514,Twinbrook_1,666,51.35,19.8,29,90.4,7.7,21.5
N00003515,Twinbrook_1,261,47.51,19.5,33,90.8,6.9,24.7
N00003516,Twinbrook_1,334,53.29,16.8,26,77.5,17.4,24.3
N00003517,Twinbrook_2,615,51.38,17.9,36,92.7,6.2,20.0
N00003518,Twinbrook_2,280,53.21,16.1,33,89.6,7.9,21.0
N00003519,Twinbrook_2,206,57.77,16.0,32,90.8,6.3,22.1
N00003520,Twinbrook_2,285,48.42,18.6,33,94.7,2.5,21.9
N00003521,Wallace Park_1,687,27.07,11.8,27,17.9,65.4,78.0
N00003522,Wallace Park_1,408,52.45,12.0,47,24.3,68.1,52.5
N00003523,Wallace Park_2,444,54.95,11.3,52,16.7,75.0,68.3
N00003524,Wallace Park_2,1204,51.83,13.1,43,19.3,66.5,60.8
N00003525,Wallace Park_2,350,51.43,14.9,42,26.0,71.1,52.3
N00003526,Wallace Park_2,285,54.04,9.8,48,25.3,62.1,63.9
N00003527,Ballymaguigan,527,48.96,15.0,33,83.5,15.9,34.6
N00003528,Ballymaguigan,898,49.00,15.4,34,49.2,45.8,38.9
N00003529,Ballymaguigan,442,52.49,14.3,33,83.9,13.6,30.0
N00003530,Ballymaguigan,460,48.70,14.6,35,94.8,5.2,38.3
N00003531,Ballymaguigan,421,48.46,20.2,32,96.9,2.4,34.4
N00003532,Bellaghy,461,50.76,14.1,34,80.3,18.9,36.0
N00003533,Bellaghy,618,51.46,12.9,30,78.5,20.2,35.4
N00003534,Bellaghy,304,49.01,14.5,34,77.6,21.4,28.7
N00003535,Bellaghy,459,45.53,15.3,36,74.3,23.7,37.2
N00003536,Bellaghy,504,47.82,16.7,32,93.8,5.8,26.5
N00003537,Bellaghy,339,52.80,16.5,32,91.2,7.7,22.1
N00003538,Castledawson_1,448,49.33,11.8,34,39.1,56.2,33.9
N00003539,Castledawson_1,348,51.15,13.5,30,59.8,37.4,44.6
N00003540,Castledawson_1,252,47.62,11.1,42,52.0,44.4,29.7
N00003541,Castledawson_1,278,51.08,14.0,36,42.4,54.3,30.9
N00003542,Castledawson_1,260,51.15,17.3,32,41.2,55.8,17.1
N00003543,Castledawson_2,574,50.17,13.9,32,67.2,28.7,41.0
N00003544,Castledawson_2,388,51.80,12.9,39,48.2,49.0,34.1
N00003545,Castledawson_2,467,48.61,14.6,34,74.1,25.3,33.8
N00003546,Castledawson_2,314,52.23,9.6,37,38.5,58.6,33.3
N00003547,Draperstown,665,49.02,12.2,30,95.6,2.4,38.8
N00003548,Draperstown,1769,49.41,13.9,34,91.6,7.1,31.2
N00003549,Draperstown,550,50.18,15.1,34,90.5,9.3,34.4
N00003550,Glebe_1,520,51.35,18.1,40,61.2,37.3,56.0
N00003551,Glebe_1,465,51.61,13.3,37,58.9,33.8,48.6
N00003552,Glebe_1,418,52.63,11.5,35,70.8,24.2,34.9
N00003553,Glebe_1,396,51.01,16.2,27,81.8,15.7,44.7
N00003554,Glebe_2,243,53.91,21.8,28,58.4,39.5,19.4
N00003555,Glebe_2,351,58.12,10.5,39,72.9,24.2,25.0
N00003556,Glebe_2,686,49.27,15.2,34,65.9,32.1,12.8
N00003557,Gulladuff,249,55.02,8.8,40,10.4,83.1,20.2
N00003558,Gulladuff,496,48.19,15.9,35,33.5,65.1,30.8
N00003559,Gulladuff,565,49.20,16.5,30,96.3,2.8,35.1
N00003560,Gulladuff,533,45.97,15.9,33,90.6,8.6,38.0
N00003561,Gulladuff,459,50.33,11.5,34,89.8,8.9,35.6
N00003562,Gulladuff,421,48.93,14.0,39,54.6,42.8,45.6
N00003563,Knockcloghrim,467,49.68,14.3,37,25.7,70.0,26.9
N00003564,Knockcloghrim,401,50.87,15.7,40,62.3,33.4,40.6
N00003565,Knockcloghrim,435,51.72,13.8,39,53.3,43.7,36.9
N00003566,Knockcloghrim,541,47.69,15.7,34,73.6,25.3,39.2
N00003567,Knockcloghrim,491,46.44,12.4,37,50.1,46.0,36.1
N00003568,Knockcloghrim,412,49.03,14.6,38,29.9,68.2,32.6
N00003569,Lecumpher,488,50.61,18.0,35,63.9,35.0,30.7
N00003570,Lecumpher,526,49.62,13.5,31,90.9,7.2,29.7
N00003571,Lecumpher,308,48.38,11.4,39,18.8,78.6,35.4
N00003572,Lecumpher,491,47.45,15.5,37,18.5,77.6,32.1
N00003573,Lecumpher,450,46.67,18.9,34,52.0,44.4,39.1
N00003574,Lecumpher,461,50.76,19.1,38,26.0,69.6,33.9
N00003575,Lower Glenshane_1,511,49.12,15.7,33,95.9,3.9,28.5
N00003576,Lower Glenshane_1,518,50.77,14.3,35,89.0,9.7,32.4
N00003577,Lower Glenshane_1,409,47.19,10.0,36,98.5,1.5,24.0
N00003578,Lower Glenshane_2,551,51.72,13.2,36,89.3,9.3,39.5
N00003579,Lower Glenshane_2,503,49.50,16.1,34,94.8,5.0,33.5
N00003580,Lower Glenshane_2,425,47.76,18.8,36,90.8,8.9,41.5
N00003581,Maghera,698,51.15,15.2,28,84.4,10.7,31.0
N00003582,Maghera,557,51.17,10.1,32,66.4,31.6,29.2
N00003583,Maghera,666,50.00,11.4,38,88.3,10.1,35.2
N00003584,Maghera,298,51.01,18.8,36,90.9,7.0,16.3
N00003585,Maghera,333,53.75,17.1,31,77.2,21.0,19.3
N00003586,Maghera,300,53.67,11.3,35,52.0,45.0,18.3
N00003587,Swatragh_1,507,50.30,13.0,37,72.6,26.4,39.8
N00003588,Swatragh_1,622,50.96,17.7,31,94.9,4.8,39.5
N00003589,Swatragh_1,570,48.77,14.2,37,88.4,10.5,30.6
N00003590,Swatragh_2,658,48.33,16.9,28,93.3,5.9,32.4
N00003591,Swatragh_2,565,47.26,14.7,31,80.7,18.2,34.4
N00003592,Swatragh_2,369,47.97,12.7,36,96.7,3.3,35.3
N00003593,Tobermore,587,47.70,14.5,34,90.8,8.9,27.4
N00003594,Tobermore,914,49.12,12.1,34,10.6,86.4,32.3
N00003595,Tobermore,363,49.31,11.0,34,14.6,79.9,33.7
N00003596,Tobermore,301,46.51,12.6,43,23.6,71.8,32.4
N00003597,Tobermore,476,51.26,16.0,39,45.4,53.6,35.1
N00003598,Town Parks East_1,382,48.17,13.9,33,54.7,38.0,47.8
N00003599,Town Parks East_1,403,48.88,9.9,39,58.3,38.0,40.5
N00003600,Town Parks East_1,367,49.05,19.9,30,34.3,56.9,21.0
N00003601,Town Parks East_1,368,49.73,17.7,38,49.7,46.5,38.1
N00003602,Town Parks East_2,392,51.79,18.1,27,47.7,43.4,29.3
N00003603,Town Parks East_2,356,54.49,14.3,35,70.8,24.4,35.7
N00003604,Town Parks East_2,330,53.94,10.9,42,54.2,43.3,24.8
N00003605,Town Parks East_2,320,51.25,16.6,34,65.6,30.9,15.2
N00003606,Town Parks West,353,48.73,10.8,36,48.4,47.0,42.8
N00003607,Town Parks West,502,51.39,10.8,35,52.0,41.6,58.1
N00003608,Town Parks West,475,50.11,13.3,33,67.4,29.1,34.7
N00003609,Town Parks West,324,52.16,13.3,37,54.3,39.8,20.7
N00003610,Town Parks West,294,53.40,11.6,40,54.1,38.8,25.0
N00003611,Town Parks West,263,48.29,7.6,45,45.6,50.6,22.8
N00003612,Upperlands,472,44.28,15.7,37,57.8,39.2,34.7
N00003613,Upperlands,450,49.11,11.3,36,23.3,72.4,33.4
N00003614,Upperlands,507,48.72,18.3,33,44.0,51.1,34.4
N00003615,Upperlands,361,49.86,11.4,34,33.5,64.5,30.0
N00003616,Upperlands,367,49.32,17.2,38,19.3,77.7,30.3
N00003617,Upperlands,341,51.32,10.9,38,6.2,90.3,23.1
N00003618,Valley,448,49.55,16.1,36,43.1,54.2,31.4
N00003619,Valley,420,52.38,14.3,35,61.4,37.6,27.2
N00003620,Valley,494,52.02,16.4,34,75.7,23.1,33.9
N00003621,Valley,427,49.18,15.7,33,56.9,41.5,31.8
N00003622,Valley,601,48.92,15.5,32,90.2,8.5,32.6
N00003623,Valley,301,48.50,14.0,38,95.3,4.7,19.4
N00003624,Armoy_&_Moss-side and Moyarget,666,49.25,12.6,36,54.5,39.2,32.2
N00003625,Armoy_&_Moss-side and Moyarget,431,49.42,15.1,36,27.4,67.3,19.0
N00003626,Ballylough_&_Bushmills,390,47.44,16.9,41,7.4,87.4,37.9
N00003627,Ballylough_&_Bushmills,340,54.41,11.8,37,3.5,92.4,17.6
N00003628,Ballylough_&_Bushmills,313,52.08,7.0,52,2.9,95.2,32.8
N00003629,Bonamargy and Rathlin_&_Glenshesk,284,55.28,10.9,52,65.8,31.7,46.1
N00003630,Bonamargy and Rathlin_&_Glenshesk,595,51.93,6.4,54,65.4,28.4,45.3
N00003631,Ballylough_&_Bushmills,205,53.66,8.8,43,5.9,90.2,22.1
N00003632,Ballylough_&_Bushmills,274,51.82,10.2,50,9.1,88.0,42.4
N00003633,Ballylough_&_Bushmills,259,53.67,14.7,31,2.3,93.8,10.7
N00003634,Carnmoon_&_Dunseverick,315,49.52,12.1,41,5.7,90.2,24.7
N00003635,Carnmoon_&_Dunseverick,337,47.18,15.4,38,8.0,87.5,25.5
N00003636,Carnmoon_&_Dunseverick,341,47.80,13.2,39,7.3,89.1,35.4
N00003637,Dalriada,380,50.26,14.5,45,82.9,14.7,50.7
N00003638,Dalriada,441,49.43,17.7,37,84.4,10.9,41.7
N00003639,Dalriada,312,52.56,14.1,47,80.1,16.7,46.9
N00003640,Dalriada,319,53.92,14.7,36,78.1,16.6,25.5
N00003641,Carnmoon_&_Dunseverick,472,47.03,9.1,40,11.9,80.7,31.4
N00003642,Carnmoon_&_Dunseverick,341,45.45,9.4,47,10.0,86.2,33.2
N00003643,Glenaan_&_Glendun,416,48.80,13.0,35,94.0,5.0,32.7
N00003644,Glenaan_&_Glendun,301,50.17,8.3,49,90.4,9.3,49.8
N00003645,Glenaan_&_Glendun,488,48.77,11.7,44,93.2,4.3,32.8
N00003646,Glenariff,548,50.55,19.5,36,92.0,6.6,40.7
N00003647,Glenariff,678,47.20,14.3,36,94.2,4.3,30.0
N00003648,Glenariff,464,46.77,15.1,40,87.9,10.3,33.0
N00003649,Glenaan_&_Glendun,448,45.98,10.9,39,96.4,3.1,31.4
N00003650,Glenaan_&_Glendun,414,47.58,16.7,39,93.0,5.6,45.1
N00003651,Glenaan_&_Glendun,354,45.48,13.0,45,88.7,8.8,34.8
N00003652,Bonamargy and Rathlin_&_Glenshesk,642,46.57,15.6,41,92.7,6.1,32.8
N00003653,Bonamargy and Rathlin_&_Glenshesk,351,46.44,13.4,42,85.2,13.1,34.2
N00003654,Glentaisie_&_Kinbane,250,47.20,15.2,39,79.2,18.0,23.4
N00003655,Glentaisie_&_Kinbane,208,51.92,13.9,49,72.1,23.6,18.2
N00003656,Glentaisie_&_Kinbane,514,52.14,11.9,31,83.7,10.9,35.1
N00003657,Glentaisie_&_Kinbane,382,51.57,11.5,38,78.3,18.8,29.7
N00003658,Glentaisie_&_Kinbane,527,48.01,14.8,42,49.0,48.4,29.1
N00003659,Glentaisie_&_Kinbane,370,50.00,12.4,40,39.2,58.1,27.0
N00003660,Knocklayd,374,51.87,12.3,41,64.4,32.1,33.3
N00003661,Knocklayd,359,55.71,13.6,41,74.4,23.1,30.1
N00003662,Knocklayd,210,54.76,7.1,42,77.6,18.1,23.5
N00003663,Knocklayd,267,52.81,18.4,35,84.6,13.1,20.0
N00003664,Knocklayd,522,54.02,15.1,31,80.3,15.9,38.5
N00003665,Armoy_&_Moss-side and Moyarget,481,48.44,16.8,41,23.3,68.4,29.1
N00003666,Armoy_&_Moss-side and Moyarget,467,49.89,11.1,38,12.2,84.6,26.2
N00003667,Annalong_1,395,50.38,13.2,38,60.0,39.0,34.3
N00003668,Annalong_1,425,46.12,14.6,36,20.2,74.1,30.0
N00003669,Annalong_1,451,51.44,14.4,32,68.5,29.7,29.4
N00003670,Annalong_1,385,52.21,12.7,42,66.2,29.1,35.0
N00003671,Annalong_2,296,50.34,12.5,34,79.1,15.2,15.8
N00003672,Annalong_2,289,49.48,11.8,41,12.8,83.0,31.7
N00003673,Annalong_2,249,46.18,10.8,44,7.2,87.6,27.8
N00003674,Annalong_2,413,51.57,12.1,33,9.7,84.5,31.1
N00003675,Annalong_2,308,53.57,11.7,38,53.9,40.6,32.4
N00003676,Ballybot,303,49.50,9.2,37,89.1,6.9,21.4
N00003677,Ballybot,295,54.24,21.7,33,97.6,0.3,16.3
N00003678,Ballybot,378,50.26,12.4,36,92.9,5.0,15.6
N00003679,Ballybot,327,49.85,12.2,35,93.0,4.3,26.9
N00003680,Ballybot,254,45.67,11.8,46,88.2,4.7,25.4
N00003681,Ballybot,409,49.14,11.5,35,81.9,10.0,28.1
N00003682,Ballybot,226,49.12,9.7,50,87.2,7.5,21.6
N00003683,Bessbrook,403,50.62,12.2,31,68.7,26.6,29.2
N00003684,Bessbrook,329,48.94,17.9,34,82.1,14.0,20.3
N00003685,Bessbrook,371,49.33,15.1,37,87.3,9.7,32.4
N00003686,Bessbrook,364,54.40,10.7,44,83.5,15.7,24.1
N00003687,Bessbrook,454,49.78,14.3,38,24.4,70.9,30.5
N00003688,Bessbrook,365,47.12,13.2,33,60.0,38.1,22.1
N00003689,Bessbrook,293,47.78,13.3,35,68.3,29.0,20.8
N00003690,Binnian,543,49.54,13.8,33,47.3,50.5,32.2
N00003691,Binnian,467,49.89,16.1,32,51.6,45.8,29.8
N00003692,Binnian,379,50.13,9.0,38,52.5,44.6,30.5
N00003693,Binnian,423,51.30,12.3,34,65.0,29.3,26.8
N00003694,Binnian,516,49.42,18.8,35,20.5,74.4,26.1
N00003695,Binnian,379,49.60,11.6,36,52.2,45.6,31.3
N00003696,Binnian,431,47.33,15.1,36,32.3,64.5,25.0
N00003697,Burren and Kilbroney_1,454,48.68,15.4,37,92.3,5.5,32.0
N00003698,Burren and Kilbroney_1,704,47.16,13.8,31,88.2,9.1,35.8
N00003699,Burren and Kilbroney_1,406,51.48,19.5,37,93.1,5.4,46.6
N00003700,Burren and Kilbroney_1,400,48.50,15.2,37,90.5,9.0,35.2
N00003701,Burren and Kilbroney_2,624,46.63,20.2,32,94.6,4.3,38.5
N00003702,Burren and Kilbroney_2,862,50.00,17.3,29,93.6,4.3,53.1
N00003703,Burren and Kilbroney_2,629,49.13,18.1,29,91.7,7.2,46.4
N00003704,Burren and Kilbroney_2,427,49.41,12.9,34,91.6,5.2,38.4
N00003705,Camlough,429,51.98,11.4,37,95.1,2.6,33.0
N00003706,Camlough,575,50.26,15.3,29,89.7,8.2,33.9
N00003707,Camlough,562,49.11,17.3,31,97.0,2.7,32.4
N00003708,Camlough,510,47.06,15.1,37,97.6,2.0,31.1
N00003709,Camlough,386,50.52,16.6,35,98.7,1.0,26.5
N00003710,Camlough,475,50.32,15.8,30,97.5,1.7,27.4
N00003711,Camlough,545,48.99,16.7,32,94.3,2.9,40.2
N00003712,Clonallan_1,384,52.08,12.0,38,85.7,10.7,42.8
N00003713,Clonallan_1,381,54.33,17.6,30,87.4,9.2,31.4
N00003714,Clonallan_1,401,49.38,14.0,31,92.0,5.2,24.1
N00003715,Clonallan_1,291,53.26,10.7,40,88.7,8.2,24.5
N00003716,Clonallan_1,324,51.23,10.2,41,82.7,12.3,31.5
N00003717,Clonallan_1,271,45.39,8.1,39,79.7,15.9,33.3
N00003718,Clonallan_2,1470,51.84,21.3,34,88.4,10.3,43.4
N00003719,Clonallan_2,460,50.65,18.9,30,86.7,10.0,41.2
N00003720,Clonallan_2,411,47.45,17.0,38,89.8,9.5,37.9
N00003721,Creggan,579,51.12,12.4,37,95.2,3.5,33.3
N00003722,Creggan,488,46.31,13.5,33,93.2,6.1,37.2
N00003723,Creggan,421,49.17,19.0,36,95.5,3.8,30.9
N00003724,Creggan,419,48.93,17.7,34,91.9,7.6,28.9
N00003725,Creggan,303,57.76,14.2,34,90.1,8.3,25.4
N00003726,Creggan,472,49.36,16.7,31,93.9,5.5,24.3
N00003727,Creggan,406,53.20,17.7,27,92.9,5.7,22.1
N00003728,Crossmaglen,357,50.70,14.6,39,98.6,1.4,22.8
N00003729,Crossmaglen,404,46.53,10.1,38,93.6,4.7,28.2
N00003730,Crossmaglen,464,48.92,14.0,30,94.0,4.3,29.5
N00003731,Crossmaglen,374,48.66,12.6,36,95.2,3.7,32.0
N00003732,Crossmaglen,709,52.89,12.8,36,96.2,3.4,19.8
N00003733,Crossmaglen,357,51.26,19.0,31,95.0,4.2,16.8
N00003734,Daisy hill_1,380,49.74,19.7,31,95.3,2.6,19.8
N00003735,Daisy hill_1,306,52.29,15.4,30,93.8,3.9,18.5
N00003736,Daisy hill_1,350,54.86,14.9,32,94.6,3.1,19.6
N00003737,Daisy hill_1,544,52.39,23.7,26,93.4,3.1,21.5
N00003738,Daisy hill_2,292,49.66,10.3,41,91.1,4.5,20.5
N00003739,Daisy hill_2,440,51.59,14.3,30,89.8,5.9,31.6
N00003740,Daisy hill_2,283,55.12,17.0,30,90.5,6.7,30.7
N00003741,Daisy hill_2,244,49.59,5.7,41,88.9,5.7,22.8
N00003742,Daisy hill_2,316,50.00,11.1,37,95.9,1.9,20.0
N00003743,Derryleckagh_1,539,53.43,15.6,29,91.1,7.4,35.6
N00003744,Derryleckagh_1,393,49.36,15.3,35,95.4,4.1,25.9
N00003745,Derryleckagh_1,462,50.00,14.7,40,86.1,11.9,39.1
N00003746,Derryleckagh_1,338,52.96,16.3,33,96.7,1.8,35.7
N00003747,Derryleckagh_1,314,54.14,13.1,45,87.3,10.5,43.9
N00003748,Derryleckagh_2,392,47.70,12.2,34,74.0,24.7,28.9
N00003749,Derryleckagh_2,514,53.50,16.9,30,83.7,14.0,43.5
N00003750,Derryleckagh_2,491,49.69,19.8,35,86.4,10.4,50.6
N00003751,Derryleckagh_2,559,52.77,11.6,36,85.3,12.2,52.1
N00003752,Derryleckagh_2,456,51.32,18.4,33,90.6,6.4,39.9
N00003753,Derrymore_1,495,48.08,12.7,31,95.4,3.8,27.7
N00003754,Derrymore_1,347,49.86,15.3,38,89.6,8.1,36.0
N00003755,Derrymore_1,457,50.98,12.7,34,86.7,7.9,31.0
N00003756,Derrymore_1,353,52.12,22.1,24,94.6,4.0,11.1
N00003757,Derrymore_2,356,51.69,15.2,34,91.0,7.0,27.4
N00003758,Derrymore_2,547,51.92,11.5,32,83.5,13.9,36.4
N00003759,Derrymore_2,321,52.65,8.4,36,87.5,11.2,28.3
N00003760,Derrymore_2,319,50.47,11.3,34,90.9,6.9,22.1
N00003761,Donaghmore_1,439,49.89,14.1,30,69.5,28.0,32.0
N00003762,Donaghmore_1,494,46.96,13.8,36,30.4,66.8,37.5
N00003763,Donaghmore_1,511,50.29,18.0,34,56.9,42.5,41.2
N00003764,Donaghmore_1,613,49.92,17.1,29,70.5,26.8,33.9
N00003765,Donaghmore_2,426,47.42,15.3,39,47.2,51.9,32.6
N00003766,Donaghmore_2,495,48.08,13.9,36,89.3,8.9,39.4
N00003767,Donaghmore_2,495,45.05,17.6,34,86.3,13.1,40.8
N00003768,Drumalane_1,609,53.04,13.3,29,89.3,6.9,41.8
N00003769,Drumalane_1,351,48.15,12.0,38,90.3,6.0,35.4
N00003770,Drumalane_1,494,50.61,12.3,30,92.9,4.9,24.1
N00003771,Drumalane_1,512,50.00,14.8,30,90.2,6.8,30.7
N00003772,Drumalane_2,186,57.53,3.8,45,94.1,3.2,27.1
N00003773,Drumalane_2,323,51.70,8.7,43,93.8,3.1,36.2
N00003774,Drumalane_2,338,47.04,17.5,44,94.4,1.2,41.9
N00003775,Drumalane_2,539,49.35,10.2,38,93.1,3.7,54.9
N00003776,Drumgullion_1,384,52.34,15.1,38,91.4,6.0,29.9
N00003777,Drumgullion_1,289,49.48,12.5,34,90.3,7.3,19.6
N00003778,Drumgullion_1,391,46.80,10.0,30,84.7,8.4,22.4
N00003779,Drumgullion_1,355,49.30,17.7,32,88.2,8.7,16.1
N00003780,Drumgullion_2,380,57.63,23.9,28,94.2,4.7,31.5
N00003781,Drumgullion_2,388,52.32,17.8,36,92.3,5.2,35.3
N00003782,Drumgullion_2,581,52.15,15.5,33,80.7,16.9,40.0
N00003783,Drumgullion_2,330,49.39,11.8,35,86.7,8.8,21.4
N00003784,Fathom,501,49.90,18.2,37,94.8,4.2,34.1
N00003785,Fathom,570,47.02,17.0,35,95.3,4.0,32.6
N00003786,Fathom,495,52.73,17.2,31,96.8,1.8,42.1
N00003787,Fathom,402,50.50,16.2,39,96.0,3.5,40.3
N00003788,Fathom,337,54.60,13.9,36,92.3,5.3,30.3
N00003789,Fathom,442,47.96,17.2,37,93.4,5.4,29.6
N00003790,Fathom,363,52.62,16.3,40,95.9,4.1,30.7
N00003791,Forkhill_1,769,52.41,17.9,31,96.1,2.3,39.2
N00003792,Forkhill_1,313,50.80,11.5,32,93.0,5.8,26.5
N00003793,Forkhill_1,722,49.31,16.3,32,94.6,3.5,37.2
N00003794,Forkhill_1,401,51.37,15.0,33,92.5,6.5,29.7
N00003795,Forkhill_2,507,49.90,17.4,33,94.1,5.5,34.1
N00003796,Forkhill_2,654,48.32,15.0,33,95.3,2.8,37.4
N00003797,Forkhill_2,516,52.71,14.1,31,95.3,3.9,28.9
N00003798,Forkhill_2,474,53.59,19.2,29,93.9,4.4,29.0
N00003799,Kilkeel Central_1,329,51.67,12.8,32,17.3,76.0,27.8
N00003800,Kilkeel Central_1,464,50.22,18.5,35,10.3,86.0,31.9
N00003801,Kilkeel Central_1,414,49.76,12.8,37,19.1,72.0,22.6
N00003802,Kilkeel Central_1,282,52.13,14.9,36,8.9,87.2,32.0
N00003803,Kilkeel Central_1,373,51.74,12.1,40,10.5,84.2,32.4
N00003804,Kilkeel Central_2,436,50.23,17.4,37,21.1,74.3,36.0
N00003805,Kilkeel Central_2,289,48.44,10.4,35,61.2,35.3,16.8
N00003806,Kilkeel Central_2,460,53.48,8.3,37,40.0,52.8,21.5
N00003807,Kilkeel Central_2,305,52.46,9.5,32,58.4,31.1,14.1
N00003808,Kilkeel Central_2,335,46.57,12.2,39,19.1,72.5,17.9
N00003809,Kilkeel South_1,395,55.19,15.7,39,19.0,78.7,31.4
N00003810,Kilkeel South_1,188,55.32,6.4,53,13.3,82.4,24.1
N00003811,Kilkeel South_1,377,54.91,11.1,44,19.4,78.8,29.1
N00003812,Kilkeel South_1,342,47.95,14.0,37,68.1,29.5,21.0
N00003813,Kilkeel South_2,334,47.60,10.5,35,44.3,49.1,22.0
N00003814,Kilkeel South_2,350,50.57,12.3,43,85.4,13.4,23.0
N00003815,Kilkeel South_2,605,51.57,14.7,26,84.6,11.2,23.8
N00003816,Kilkeel South_2,392,51.79,14.8,31,86.2,9.7,14.1
N00003817,Lisnacree,505,48.71,16.4,33,85.1,13.7,30.6
N00003818,Lisnacree,533,46.15,14.6,37,52.7,40.9,21.1
N00003819,Lisnacree,388,50.52,13.7,42,55.4,42.0,36.3
N00003820,Lisnacree,593,47.39,15.3,33,72.3,24.3,32.5
N00003821,Lisnacree,414,46.86,15.9,36,64.0,34.5,28.8
N00003822,Lisnacree,557,46.86,16.3,34,55.1,41.7,31.9
N00003823,Mayobridge_1,588,48.98,17.2,32,68.5,28.6,36.3
N00003824,Mayobridge_1,749,48.73,13.9,30,83.6,15.2,31.6
N00003825,Mayobridge_1,965,48.19,13.8,33,94.8,2.7,29.6
N00003826,Mayobridge_2,675,46.96,17.9,31,94.1,4.4,39.1
N00003827,Mayobridge_2,1060,50.19,16.0,33,77.0,21.3,36.0
N00003828,Newtownhamilton,463,52.05,15.8,33,16.4,81.9,29.6
N00003829,Newtownhamilton,519,47.98,17.0,33,70.5,27.0,25.6
N00003830,Newtownhamilton,537,46.18,14.2,32,84.2,13.6,31.4
N00003831,Newtownhamilton,292,53.42,9.6,38,52.4,41.8,31.8
N00003832,Newtownhamilton,558,45.70,14.9,31,66.7,31.0,29.0
N00003833,Newtownhamilton,467,53.10,14.3,31,75.2,21.2,23.7
N00003834,Rostrevor,428,50.47,17.1,30,89.3,9.1,24.1
N00003835,Rostrevor,539,51.76,10.9,47,86.1,8.9,42.1
N00003836,Rostrevor,343,48.98,9.0,47,91.8,6.1,42.9
N00003837,Rostrevor,337,56.38,17.5,35,92.6,5.6,35.6
N00003838,Rostrevor,409,49.88,8.6,39,88.5,7.1,40.8
N00003839,Rostrevor,409,51.10,17.1,37,77.0,14.7,43.3
N00003840,Rostrevor,428,50.47,12.1,41,83.4,13.8,42.7
N00003841,Seaview_1,256,50.78,10.2,50,81.2,14.8,35.4
N00003842,Seaview_1,413,50.12,14.0,41,84.7,10.4,57.3
N00003843,Seaview_1,348,51.72,8.3,47,82.2,12.9,33.6
N00003844,Seaview_1,515,48.74,18.1,42,82.5,15.7,53.1
N00003845,Seaview_2,299,57.53,15.1,45,83.6,12.4,29.9
N00003846,Seaview_2,620,53.71,11.1,36,88.7,7.6,26.1
N00003847,Seaview_2,254,52.76,6.7,45,83.9,13.8,33.9
N00003848,Seaview_2,362,53.59,14.1,37,90.3,6.9,24.5
N00003849,Silver Bridge_1,608,50.49,18.9,33,91.0,4.4,30.1
N00003850,Silver Bridge_1,415,49.40,14.5,31,97.1,2.4,27.7
N00003851,Silver Bridge_1,470,49.36,14.3,33,95.1,3.8,32.3
N00003852,Silver Bridge_1,352,56.82,16.8,30,94.3,1.7,33.5
N00003853,Silver Bridge_2,514,49.03,17.9,33,95.5,2.9,34.3
N00003854,Silver Bridge_2,466,48.50,15.9,33,96.1,2.8,39.0
N00003855,Silver Bridge_2,454,50.88,17.0,37,94.7,4.6,37.5
N00003856,Silver Bridge_2,491,48.68,12.8,30,93.5,4.3,44.0
N00003857,Spelga,547,48.63,15.0,31,87.0,11.9,33.7
N00003858,Spelga,511,47.75,17.8,33,90.6,8.8,28.3
N00003859,Spelga,478,52.09,12.3,32,90.8,7.1,30.4
N00003860,Spelga,1070,52.52,14.0,30,92.8,6.2,34.9
N00003861,Spelga,546,48.90,15.0,31,87.2,12.1,26.6
N00003862,Spelga,431,47.10,14.4,38,47.3,51.0,31.1
N00003863,St Mary's,236,37.29,8.1,42,81.4,11.9,23.7
N00003864,St Mary's,380,47.11,11.3,35,95.8,2.1,30.1
N00003865,St Mary's,255,53.73,7.5,46,88.6,8.6,22.1
N00003866,St Mary's,339,49.85,6.8,40,91.7,4.4,21.7
N00003867,St Mary's,723,51.45,11.6,35,91.4,6.9,25.2
N00003868,St Mary's,351,51.57,9.1,35,94.3,3.7,23.5
N00003869,St Patrick's_1,1226,50.33,11.7,34,86.2,9.2,31.3
N00003870,St Patrick's_1,254,50.00,9.1,34,87.8,9.1,26.9
N00003871,St Patrick's_1,730,49.45,14.5,35,90.0,8.5,49.9
N00003872,St Patrick's_2,278,47.48,12.2,34,87.4,7.9,28.4
N00003873,St Patrick's_2,1042,51.44,14.0,41,92.8,6.0,25.3
N00003874,Tullyhappy,533,50.47,15.4,37,38.1,59.3,39.1
N00003875,Tullyhappy,418,52.63,14.4,29,89.0,10.5,34.2
N00003876,Tullyhappy,592,47.64,18.8,30,65.0,33.6,33.4
N00003877,Tullyhappy,373,49.60,16.6,38,33.8,64.6,30.5
N00003878,Tullyhappy,478,49.16,17.2,34,48.3,50.8,32.3
N00003879,Tullyhappy,503,47.51,15.9,33,59.8,39.2,35.7
N00003880,Tullyhappy,469,51.39,11.5,34,83.2,14.5,38.6
N00003881,Windsor Hill_1,491,49.29,17.5,40,87.8,10.8,52.5
N00003882,Windsor Hill_1,304,52.96,11.2,43,89.8,7.9,45.7
N00003883,Windsor Hill_1,819,52.87,12.2,37,84.0,12.5,50.6
N00003884,Windsor Hill_2,747,52.07,10.6,39,63.7,29.6,34.3
N00003885,Windsor Hill_2,337,53.41,16.3,36,48.7,41.5,26.5
N00003886,Windsor Hill_2,305,47.21,10.8,35,61.0,31.8,30.0
N00003887,Abbey_1,516,52.13,6.6,50,11.0,75.0,45.1
N00003888,Abbey_1,240,49.17,9.6,47,23.3,62.9,49.5
N00003889,Abbey_1,429,53.85,11.0,46,35.4,55.0,48.8
N00003890,Abbey_1,256,50.78,9.0,45,46.9,46.5,32.2
N00003891,Abbey_2,316,53.80,13.0,34,11.1,70.9,37.2
N00003892,Abbey_2,256,53.13,12.5,37,12.9,78.1,36.4
N00003893,Abbey_2,248,52.82,10.9,35,21.8,61.3,42.0
N00003894,Abbey_2,274,52.92,11.3,40,15.3,70.8,35.5
N00003895,Abbey_2,279,53.76,7.9,34,23.7,63.4,42.4
N00003896,Ballyclare North_1,771,53.70,7.4,49,5.8,86.4,28.8
N00003897,Ballyclare North_1,281,48.75,18.5,26,7.1,76.9,22.0
N00003898,Ballyclare North_1,372,48.39,14.8,39,3.5,89.2,54.4
N00003899,Ballyclare North_1,362,51.66,15.2,42,5.8,87.6,54.5
N00003900,Ballyclare North_2,280,53.57,19.6,37,2.5,86.8,19.4
N00003901,Ballyclare North_2,267,54.68,18.0,28,4.5,82.0,25.4
N00003902,Ballyclare North_2,349,54.73,12.0,49,1.4,93.7,52.7
N00003903,Ballyclare North_2,658,54.10,18.5,33,4.7,88.4,58.7
N00003904,Ballyclare North_2,511,50.49,13.1,35,6.5,85.1,53.1
N00003905,Ballyclare South_1,294,51.02,6.1,53,11.2,81.0,28.0
N00003906,Ballyclare South_1,229,50.22,12.2,35,7.4,86.9,32.1
N00003907,Ballyclare South_1,306,46.73,11.1,40,7.2,76.5,38.8
N00003908,Ballyclare South_1,195,52.82,5.6,53,5.6,85.6,27.5
N00003909,Ballyclare South_1,353,52.41,14.4,34,6.5,79.6,37.8
N00003910,Ballyclare South_1,250,52.80,9.2,47,3.2,88.0,27.6
N00003911,Ballyclare South_2,1281,51.37,12.3,33,5.3,83.1,50.9
N00003912,Ballyclare South_2,469,52.24,11.9,36,8.5,82.3,56.7
N00003913,Ballyclare South_2,261,52.49,8.8,37,5.4,88.1,27.3
N00003914,Ballyduff_1,366,48.91,14.5,34,15.6,71.9,42.1
N00003915,Ballyduff_1,308,55.84,21.4,31,7.5,78.6,28.6
N00003916,Ballyduff_1,390,48.72,17.4,34,7.2,78.7,50.5
N00003917,Ballyduff_1,280,52.86,12.9,37,4.3,85.4,39.3
N00003918,Ballyduff_1,267,55.43,10.5,32,4.9,86.9,33.2
N00003919,Ballyduff_2,297,47.81,6.7,42,17.2,72.4,44.9
N00003920,Ballyduff_2,329,53.50,13.4,35,19.1,70.5,39.1
N00003921,Ballyduff_2,326,51.84,12.9,39,11.3,77.6,50.8
N00003922,Ballyduff_2,303,50.83,13.5,42,11.9,81.2,44.3
N00003923,Ballyhenry_1,306,53.27,8.8,35,58.2,30.7,52.9
N00003924,Ballyhenry_1,305,52.13,13.4,40,12.8,74.8,37.0
N00003925,Ballyhenry_1,289,50.87,9.7,36,19.4,67.8,41.5
N00003926,Ballyhenry_1,305,49.51,13.4,40,43.3,49.2,51.0
N00003927,Ballyhenry_1,312,47.12,10.9,41,26.3,63.5,51.9
N00003928,Ballyhenry_2,462,54.55,6.7,44,31.8,58.2,41.7
N00003929,Ballyhenry_2,261,50.57,13.8,44,38.3,56.3,52.7
N00003930,Ballyhenry_2,318,50.00,10.1,42,23.3,68.9,46.1
N00003931,Ballyhenry_2,214,57.48,11.2,50,6.5,85.0,33.1
N00003932,Ballynure_1,347,51.87,7.2,46,6.6,81.8,53.4
N00003933,Ballynure_1,841,49.94,11.8,39,3.8,89.7,52.9
N00003934,Ballynure_1,337,48.37,14.5,45,5.6,87.5,41.5
N00003935,Ballynure_2,353,48.16,10.2,48,4.0,89.2,46.4
N00003936,Ballynure_2,938,50.85,11.6,37,3.2,89.2,55.8
N00003937,Ballynure_2,331,51.66,11.2,51,4.8,89.7,49.2
N00003938,Ballyrobert_1,259,50.97,11.6,47,7.3,84.9,48.0
N00003939,Ballyrobert_1,386,49.74,17.4,43,7.8,86.5,48.7
N00003940,Ballyrobert_1,317,48.90,11.7,49,3.5,90.2,50.0
N00003941,Ballyrobert_1,379,46.17,13.7,45,4.7,89.7,44.3
N00003942,Ballyrobert_1,468,49.36,13.5,36,4.9,83.5,60.5
N00003943,Ballyrobert_2,657,52.66,10.2,38,5.5,86.1,49.0
N00003944,Ballyrobert_2,390,53.08,11.3,41,4.6,87.9,46.2
N00003945,Ballyrobert_2,333,54.05,10.8,49,5.1,90.1,44.0
N00003946,Ballyrobert_2,446,50.22,14.6,36,4.5,87.9,59.3
N00003947,Ballyrobert_2,620,53.06,11.3,34,3.9,88.5,56.8
N00003948,Burnthill_1,323,53.56,13.0,41,16.4,75.9,37.1
N00003949,Burnthill_1,316,50.00,10.8,33,18.0,72.2,41.3
N00003950,Burnthill_1,315,52.06,12.4,36,30.5,57.5,49.8
N00003951,Burnthill_1,265,52.45,14.7,43,21.5,69.4,30.9
N00003952,Burnthill_2,267,52.43,8.6,47,15.4,79.0,50.0
N00003953,Burnthill_2,277,53.43,11.2,43,16.2,75.8,47.3
N00003954,Burnthill_2,223,58.30,10.8,57,7.2,83.9,51.7
N00003955,Burnthill_2,263,55.51,9.1,46,19.4,71.1,47.7
N00003956,Burnthill_2,310,52.58,16.5,39,22.6,65.2,44.4
N00003957,Carnmoney_1,221,56.56,15.4,33,5.9,83.7,20.8
N00003958,Carnmoney_1,531,52.35,14.7,32,4.7,81.9,25.1
N00003959,Carnmoney_1,264,55.30,8.3,49,10.6,78.0,47.3
N00003960,Carnmoney_1,260,51.15,6.9,52,7.7,84.2,48.7
N00003961,Carnmoney_2,286,48.60,4.9,60,8.0,87.8,42.1
N00003962,Carnmoney_2,676,52.07,12.1,48,27.5,66.3,50.6
N00003963,Carnmoney_2,296,50.00,8.8,51,15.9,77.4,52.8
N00003964,Cloughfern_1,349,53.01,11.7,35,3.7,81.9,29.3
N00003965,Cloughfern_1,381,52.23,9.4,35,7.9,80.6,51.1
N00003966,Cloughfern_1,301,56.15,11.0,37,2.3,81.4,24.8
N00003967,Cloughfern_1,405,47.90,16.5,32,33.6,56.5,65.3
N00003968,Cloughfern_1,282,51.06,10.6,41,6.4,86.5,36.1
N00003969,Cloughfern_2,260,54.62,10.4,50,5.4,85.8,41.8
N00003970,Cloughfern_2,330,50.61,12.7,35,3.6,81.8,42.6
N00003971,Cloughfern_2,311,51.77,14.1,39,6.1,84.2,37.6
N00003972,Cloughfern_2,327,57.49,12.8,41,0.3,93.0,27.8
N00003973,Collinbridge_1,345,53.62,13.3,45,70.4,26.4,55.8
N00003974,Collinbridge_1,633,50.08,16.6,32,83.3,11.5,58.0
N00003975,Collinbridge_1,372,49.73,15.3,39,73.7,19.4,52.2
N00003976,Collinbridge_1,347,52.16,15.6,37,72.6,20.7,46.0
N00003977,Collinbridge_2,284,49.65,17.3,43,76.4,18.3,50.4
N00003978,Collinbridge_2,370,53.51,13.2,35,78.9,17.0,51.1
N00003979,Collinbridge_2,349,49.86,13.8,40,80.2,16.3,44.4
N00003980,Collinbridge_2,378,49.21,11.1,50,68.0,29.1,57.7
N00003981,Coole,270,55.19,11.5,43,1.1,88.1,32.1
N00003982,Coole,211,52.13,6.2,39,16.1,71.6,44.0
N00003983,Coole,265,57.74,11.7,38,7.2,79.2,24.1
N00003984,Coole,363,52.07,12.9,34,3.9,87.9,34.0
N00003985,Coole,298,51.68,13.8,30,2.3,82.2,16.2
N00003986,Coole,247,55.47,8.1,40,1.6,88.3,24.2
N00003987,Coole,304,56.25,16.1,29,2.6,80.6,20.9
N00003988,Coole,288,54.86,7.6,41,2.8,90.3,20.0
N00003989,Coole,163,44.17,3.1,44,3.1,87.1,23.1
N00003990,Doagh_1,420,51.19,11.4,41,1.9,92.4,59.9
N00003991,Doagh_1,295,54.24,10.2,38,1.4,88.5,34.7
N00003992,Doagh_1,379,53.83,10.3,41,1.8,92.9,52.3
N00003993,Doagh_1,393,48.35,12.5,42,4.8,80.4,50.7
N00003994,Doagh_1,353,47.31,18.1,41,3.1,87.0,55.6
N00003995,Doagh_2,395,51.65,14.4,44,3.8,87.6,42.1
N00003996,Doagh_2,340,48.82,10.0,38,2.4,86.8,37.6
N00003997,Doagh_2,364,48.90,14.8,42,2.7,92.6,58.1
N00003998,Doagh_2,347,53.60,15.6,34,2.6,89.0,50.0
N00003999,Doagh_2,388,50.77,10.8,33,5.2,86.1,45.7
N00004000,Dunanney,311,57.23,8.4,36,2.3,85.5,25.0
N00004001,Dunanney,332,54.82,19.0,30,3.0,77.1,19.1
N00004002,Dunanney,275,53.82,8.0,48,4.4,84.0,25.9
N00004003,Dunanney,414,49.52,12.6,33,2.4,88.2,27.7
N00004004,Dunanney,234,48.29,16.7,35,2.1,88.0,16.7
N00004005,Dunanney,203,56.16,7.4,49,3.4,88.7,30.3
N00004006,Dunanney,224,46.43,12.5,40,4.9,82.6,19.1
N00004007,Dunanney,269,56.51,20.1,27,0.7,85.5,18.1
N00004008,Glebe_1,474,54.43,12.2,39,74.1,21.9,43.8
N00004009,Glebe_1,326,54.60,13.2,35,68.7,22.1,51.6
N00004010,Glebe_1,379,46.44,13.2,35,85.8,11.3,41.4
N00004011,Glebe_1,482,56.02,13.1,32,75.3,17.0,50.0
N00004012,Glebe_2,315,51.11,12.7,48,46.3,45.7,46.8
N00004013,Glebe_2,331,51.36,15.1,35,66.8,27.8,43.8
N00004014,Glebe_2,335,49.85,14.9,47,45.7,47.5,52.9
N00004015,Glebe_2,299,52.84,16.4,38,51.5,37.1,49.3
N00004016,Glebe_2,375,53.87,12.8,42,41.6,47.7,52.8
N00004017,Glengormley_1,305,56.72,10.8,44,57.0,34.4,43.7
N00004018,Glengormley_1,296,50.00,12.8,39,60.1,35.8,47.9
N00004019,Glengormley_1,310,51.94,9.0,37,68.1,25.8,47.2
N00004020,Glengormley_1,425,52.24,17.4,31,80.9,16.5,40.3
N00004021,Glengormley_1,332,50.90,6.6,36,55.4,35.5,51.1
N00004022,Glengormley_2,294,52.72,9.9,33,9.9,78.6,33.6
N00004023,Glengormley_2,247,53.44,9.7,36,27.1,68.4,37.2
N00004024,Glengormley_2,307,51.79,13.4,31,7.8,77.2,28.3
N00004025,Glengormley_2,449,57.02,9.8,45,19.4,67.7,34.4
N00004026,Hawthorne,327,50.46,10.7,46,17.4,74.3,51.6
N00004027,Hawthorne,305,50.16,10.5,48,9.8,83.9,45.6
N00004028,Hawthorne,307,54.72,15.0,39,5.5,87.3,36.3
N00004029,Hawthorne,283,51.94,7.8,57,4.9,88.0,47.8
N00004030,Hawthorne,281,49.82,8.9,42,7.5,83.3,53.8
N00004031,Hawthorne,261,54.02,8.4,36,5.7,82.4,30.5
N00004032,Hawthorne,233,56.22,13.3,41,13.7,74.7,34.4
N00004033,Hawthorne,269,54.28,16.7,31,5.6,84.0,25.1
N00004034,Hightown,237,53.16,6.8,43,29.5,61.2,39.4
N00004035,Hightown,288,49.65,9.4,54,29.9,60.1,48.5
N00004036,Hightown,261,50.96,9.2,34,11.5,73.9,40.0
N00004037,Hightown,307,51.47,9.8,36,62.5,30.0,49.8
N00004038,Hightown,255,54.12,8.6,44,17.6,74.1,36.8
N00004039,Hightown,285,52.28,10.9,46,34.0,59.3,53.5
N00004040,Hightown,300,54.67,12.3,46,38.3,54.3,46.0
N00004041,Hightown,304,50.66,13.8,46,28.3,66.4,44.3
N00004042,Jordanstown_1,586,50.17,13.5,43,4.9,89.6,54.3
N00004043,Jordanstown_1,357,49.86,16.5,40,2.8,89.9,49.6
N00004044,Jordanstown_1,290,51.72,13.1,50,2.4,89.3,46.8
N00004045,Jordanstown_1,347,51.87,11.8,40,2.3,86.7,43.0
N00004046,Jordanstown_1,292,51.71,15.1,41,5.1,84.6,25.9
N00004047,Jordanstown_2,1081,49.31,17.9,36,15.6,72.6,62.9
N00004048,Jordanstown_2,474,50.21,18.1,37,22.8,64.1,60.9
N00004049,Jordanstown_2,492,50.20,12.6,40,13.6,76.2,67.2
N00004050,Jordanstown_3,984,51.12,10.7,38,21.0,65.8,70.4
N00004051,Jordanstown_3,992,49.09,18.6,41,21.5,65.2,65.3
N00004052,Jordanstown_3,330,49.39,11.2,50,15.8,75.2,72.1
N00004053,Mallusk_1,300,51.67,11.7,44,9.3,84.0,47.3
N00004054,Mallusk_1,483,50.72,13.5,37,17.0,74.9,52.8
N00004055,Mallusk_1,235,51.91,9.8,46,8.9,79.1,38.4
N00004056,Mallusk_1,427,51.99,19.4,37,23.7,67.2,49.7
N00004057,Mallusk_1,382,50.00,13.6,43,16.5,78.5,55.9
N00004058,Mallusk_2,1248,51.52,12.6,33,36.7,53.7,56.3
N00004059,Mallusk_2,1463,50.44,11.4,29,59.7,31.5,60.5
N00004060,Mallusk_2,1223,51.02,12.5,30,78.3,16.0,56.5
N00004061,Mallusk_2,640,47.34,19.2,30,87.3,8.6,50.7
N00004062,Mallusk_3,493,48.88,15.8,38,41.6,47.5,60.2
N00004063,Mallusk_3,832,53.13,12.6,39,22.8,67.7,54.6
N00004064,Mallusk_3,612,51.63,14.2,34,30.4,59.2,59.3
N00004065,Monkstown_1,260,54.62,9.2,48,3.5,84.6,25.3
N00004066,Monkstown_1,245,57.96,9.4,49,2.4,91.8,32.7
N00004067,Monkstown_1,259,54.05,15.1,31,5.8,77.2,23.4
N00004068,Monkstown_1,289,52.60,14.2,36,4.8,85.8,26.4
N00004069,Monkstown_1,251,52.99,13.1,33,4.0,82.9,21.7
N00004070,Monkstown_1,213,53.99,8.5,51,0.9,88.3,22.7
N00004071,Monkstown_2,282,51.77,14.9,31,3.2,83.7,26.4
N00004072,Monkstown_2,341,51.03,15.5,30,8.8,76.5,24.2
N00004073,Monkstown_2,1068,51.87,15.3,30,19.3,66.4,47.6
N00004074,Monkstown_2,335,53.43,14.3,34,13.1,71.9,44.5
N00004075,Mossley_1,427,49.88,16.6,43,11.0,83.4,53.9
N00004076,Mossley_1,319,50.78,14.4,36,7.5,80.9,39.7
N00004077,Mossley_1,359,50.42,12.3,34,15.6,76.0,40.6
N00004078,Mossley_1,309,52.43,15.9,40,12.6,77.0,35.3
N00004079,Mossley_2,282,51.06,13.1,45,3.2,89.0,41.7
N00004080,Mossley_2,306,53.92,17.6,35,5.9,82.0,21.6
N00004081,Mossley_2,299,51.17,12.0,35,6.0,85.6,38.1
N00004082,Mossley_2,376,53.72,13.6,33,4.8,77.1,31.4
N00004083,Mossley_2,308,54.22,16.6,36,2.3,83.1,25.2
N00004084,Rostulla_1,317,50.47,10.4,48,17.7,75.7,67.8
N00004085,Rostulla_1,919,53.32,10.2,41,33.9,54.4,46.6
N00004086,Rostulla_1,231,48.92,10.4,37,52.8,35.9,26.2
N00004087,Rostulla_1,783,51.09,19.0,25,36.5,44.2,40.1
N00004088,Rostulla_2,407,55.77,10.1,49,19.9,73.0,70.5
N00004089,Rostulla_2,303,53.47,16.8,44,16.5,71.0,67.5
N00004090,Rostulla_2,990,50.81,41.6,20,37.5,44.7,23.0
N00004091,Rostulla_2,944,46.19,29.2,21,33.2,46.5,20.0
N00004092,Valley_1,277,53.79,12.3,41,19.9,65.7,53.1
N00004093,Valley_1,373,51.74,5.4,46,26.8,62.5,47.8
N00004094,Valley_1,563,53.29,13.3,35,86.5,11.2,34.6
N00004095,Valley_1,355,58.31,11.8,44,86.5,13.5,19.5
N00004096,Valley_2,246,53.66,16.3,39,6.1,85.8,18.0
N00004097,Valley_2,539,53.99,18.2,27,71.2,20.6,25.2
N00004098,Valley_2,278,54.32,12.2,38,4.0,84.2,17.4
N00004099,Valley_2,544,52.39,7.2,31,25.2,63.2,45.7
N00004100,Valley_2,319,50.47,13.2,36,85.6,11.6,26.2
N00004101,Whitehouse,207,51.69,5.3,57,14.5,72.9,36.8
N00004102,Whitehouse,347,54.47,9.2,31,4.6,85.9,33.6
N00004103,Whitehouse,182,51.10,4.9,49,2.7,89.0,21.7
N00004104,Whitehouse,191,54.45,12.6,46,8.9,79.1,38.6
N00004105,Whitehouse,193,39.38,4.1,53,6.2,86.0,19.4
N00004106,Whitehouse,217,48.39,6.5,44,6.0,83.4,30.0
N00004107,Whitehouse,207,57.49,10.1,53,4.8,84.5,40.9
N00004108,Whitehouse,268,52.61,12.7,37,3.0,86.2,28.0
N00004109,Whitehouse,259,57.92,10.8,46,1.2,87.6,34.5
N00004110,Ballycrochan_1,313,52.08,12.5,39,11.8,72.8,46.8
N00004111,Ballycrochan_1,341,50.44,11.4,52,12.3,78.6,65.1
N00004112,Ballycrochan_1,413,50.85,12.8,46,7.0,84.3,61.9
N00004113,Ballycrochan_1,663,47.36,13.0,39,9.2,81.4,64.9
N00004114,Ballycrochan_2,305,56.39,14.1,36,13.1,74.1,52.3
N00004115,Ballycrochan_2,404,48.27,20.0,30,9.9,76.7,47.3
N00004116,Ballycrochan_2,706,48.30,20.7,36,6.4,83.3,58.4
N00004117,Ballycrochan_2,515,49.13,25.4,35,10.9,79.0,60.4
N00004118,Ballycrochan_3,300,53.33,14.0,42,6.3,81.3,53.0
N00004119,Ballycrochan_3,326,50.61,10.4,39,11.7,77.9,55.9
N00004120,Ballycrochan_3,259,56.76,9.3,38,15.1,71.0,49.4
N00004121,Ballycrochan_3,370,53.78,20.5,36,7.6,79.2,51.9
N00004122,Ballycrochan_3,379,49.60,13.7,38,9.2,77.6,54.3
N00004123,Ballyholme,351,53.28,7.7,54,12.3,78.6,60.5
N00004124,Ballyholme,308,55.19,12.3,43,14.0,71.8,62.1
N00004125,Ballyholme,354,52.82,10.5,48,14.1,75.7,56.9
N00004126,Ballyholme,292,54.45,17.8,43,8.9,76.0,59.4
N00004127,Ballyholme,324,48.77,9.6,44,13.6,71.9,71.0
N00004128,Ballyholme,425,51.06,14.1,46,10.1,79.8,68.8
N00004129,Ballyholme,308,49.03,14.9,47,6.5,82.1,68.2
N00004130,Ballyholme,290,52.76,12.8,43,11.7,75.5,67.1
N00004131,Ballymaconnell_1,289,53.29,9.3,52,7.6,81.3,58.3
N00004132,Ballymaconnell_1,328,51.52,12.2,45,8.5,81.7,64.4
N00004133,Ballymaconnell_1,312,50.64,12.2,43,6.7,74.0,48.3
N00004134,Ballymaconnell_1,317,52.68,9.8,51,11.0,80.4,58.8
N00004135,Ballymaconnell_2,345,52.75,11.9,40,6.4,76.5,51.2
N00004136,Ballymaconnell_2,402,52.49,13.7,51,6.5,79.1,58.2
N00004137,Ballymaconnell_2,376,51.60,14.9,50,12.2,76.9,64.2
N00004138,Ballymaconnell_2,352,53.41,11.6,34,10.5,76.4,45.8
N00004139,Ballymagee_1,686,49.71,11.1,43,11.5,79.2,59.7
N00004140,Ballymagee_1,410,49.76,12.7,40,13.9,70.5,63.5
N00004141,Ballymagee_1,296,54.39,11.8,46,8.4,83.1,54.1
N00004142,Ballymagee_1,356,53.65,12.1,47,9.6,79.8,54.2
N00004143,Ballymagee_2,327,51.68,16.2,43,12.2,75.5,50.2
N00004144,Ballymagee_2,590,54.24,13.7,35,10.7,80.3,43.3
N00004145,Ballymagee_2,305,53.11,12.5,41,9.5,80.3,46.1
N00004146,Ballymagee_2,360,50.83,15.8,35,13.1,70.8,52.6
N00004147,Ballymagee_2,352,49.72,17.9,34,9.1,74.4,46.3
N00004148,Bangor Castle,215,51.63,6.5,59,9.8,82.8,24.8
N00004149,Bangor Castle,276,55.07,8.7,57,8.3,80.8,58.0
N00004150,Bangor Castle,499,54.91,10.4,45,13.2,66.5,51.0
N00004151,Bangor Castle,273,50.55,7.7,52,11.0,75.1,53.8
N00004152,Bangor Castle,237,54.01,9.7,45,13.1,73.4,49.7
N00004153,Bangor Castle,352,50.85,10.2,49,8.5,80.7,53.4
N00004154,Bangor Castle,253,50.99,11.5,50,9.1,77.5,53.2
N00004155,Bangor Castle,290,47.59,12.4,36,7.6,78.3,43.2
N00004156,Bangor Castle,232,52.16,10.3,37,11.6,73.3,28.8
N00004157,Bloomfield_1,473,51.80,13.1,39,9.3,76.7,48.5
N00004158,Bloomfield_1,418,52.39,13.4,42,12.0,75.6,55.0
N00004159,Bloomfield_1,130,50.77,11.5,45,12.3,67.7,40.2
N00004160,Bloomfield_1,202,52.97,11.9,35,8.9,69.3,26.7
N00004161,Bloomfield_1,299,57.86,17.1,27,7.0,69.2,29.7
N00004162,Bloomfield_1,202,59.90,13.9,36,6.9,76.2,24.8
N00004163,Bloomfield_2,388,50.52,14.4,40,10.8,75.8,55.7
N00004164,Bloomfield_2,407,53.32,15.7,34,10.3,74.7,54.2
N00004165,Bloomfield_2,424,49.53,13.4,29,8.0,75.7,49.0
N00004166,Bloomfield_2,252,53.57,9.5,41,9.1,81.7,42.9
N00004167,Bloomfield_2,379,57.26,11.1,31,6.1,72.0,39.5
N00004168,Bloomfield_2,204,55.39,4.9,41,5.9,79.4,25.4
N00004169,Broadway_1,313,50.80,11.2,47,10.9,76.4,55.6
N00004170,Broadway_1,292,50.34,13.4,43,10.6,72.3,61.3
N00004171,Broadway_1,309,51.78,6.1,59,10.0,83.5,69.1
N00004172,Broadway_1,247,53.85,9.3,55,3.6,84.6,58.5
N00004173,Broadway_1,259,53.28,8.9,43,14.3,71.4,51.7
N00004174,Broadway_2,273,52.38,13.2,46,12.1,73.6,64.4
N00004175,Broadway_2,280,51.07,10.7,42,6.4,80.0,59.8
N00004176,Broadway_2,406,53.69,6.4,63,9.4,82.8,65.2
N00004177,Broadway_2,156,54.49,7.1,56,14.7,75.6,65.2
N00004178,Broadway_2,310,53.55,12.3,40,15.2,67.1,58.7
N00004179,Bryansburn_1,344,49.71,12.2,48,37.8,51.2,56.7
N00004180,Bryansburn_1,273,51.65,7.3,49,34.1,57.5,71.1
N00004181,Bryansburn_1,267,47.94,12.4,46,36.3,52.4,60.5
N00004182,Bryansburn_1,341,49.56,14.7,46,46.3,44.6,59.6
N00004183,Bryansburn_1,98,56.12,0.0,69,19.4,76.5,35.2
N00004184,Bryansburn_2,260,52.69,8.5,47,36.5,57.3,54.2
N00004185,Bryansburn_2,702,54.99,10.3,52,17.0,77.9,58.7
N00004186,Bryansburn_2,305,54.75,8.2,49,18.7,69.2,51.9
N00004187,Churchill_1,382,57.59,8.1,63,10.2,84.0,61.0
N00004188,Churchill_1,289,51.56,8.0,38,13.1,78.2,55.6
N00004189,Churchill_1,212,53.77,7.5,60,9.9,76.9,54.5
N00004190,Churchill_1,486,57.82,6.2,57,7.2,85.4,47.1
N00004191,Churchill_2,598,52.34,10.4,44,10.5,77.3,58.6
N00004192,Churchill_2,295,52.54,10.5,44,9.5,79.0,43.2
N00004193,Churchill_2,290,53.79,11.7,43,15.5,68.6,67.4
N00004194,Churchill_2,265,52.83,7.9,51,6.0,86.4,62.5
N00004195,Clandeboye_1,276,53.26,13.4,33,4.0,77.9,25.7
N00004196,Clandeboye_1,1009,49.26,15.9,36,12.2,76.5,58.9
N00004197,Clandeboye_1,245,53.47,10.6,28,4.5,73.5,28.1
N00004198,Clandeboye_1,247,54.25,16.2,27,5.3,78.1,17.9
N00004199,Clandeboye_2,798,52.13,17.5,33,11.7,73.4,47.4
N00004200,Clandeboye_2,395,48.86,19.5,35,9.1,76.7,65.8
N00004201,Clandeboye_2,327,49.24,17.7,31,13.1,71.6,56.5
N00004202,Clandeboye_2,342,53.22,9.4,34,8.8,70.8,49.0
N00004203,Clandeboye_3,373,50.67,11.3,36,6.4,80.7,37.0
N00004204,Clandeboye_3,314,51.91,13.1,36,10.2,78.0,34.9
N00004205,Clandeboye_3,285,50.53,16.5,35,7.0,77.2,30.7
N00004206,Clandeboye_3,283,55.48,17.3,30,2.5,82.0,22.2
N00004207,Conlig_1,331,53.17,16.3,42,6.3,81.9,52.5
N00004208,Conlig_1,484,54.96,11.2,29,5.2,79.8,34.3
N00004209,Conlig_1,648,48.46,13.3,37,6.8,82.7,55.2
N00004210,Conlig_1,312,53.21,9.6,40,4.8,84.9,33.6
N00004211,Conlig_1,674,51.93,7.7,30,9.8,74.8,61.1
N00004212,Conlig_2,1948,50.98,12.1,31,9.5,74.7,59.3
N00004213,Conlig_2,321,51.40,12.5,35,10.6,73.5,22.7
N00004214,Conlig_3,280,50.36,11.8,30,11.1,61.8,18.0
N00004215,Conlig_3,324,51.54,17.3,30,4.6,69.8,38.9
N00004216,Conlig_3,420,55.24,10.0,33,8.8,72.6,31.4
N00004217,Conlig_3,247,58.30,14.2,38,8.5,76.5,27.9
N00004218,Conlig_3,274,59.85,12.0,34,6.9,71.2,25.5
N00004219,Craigavad,318,48.74,15.1,48,15.1,67.9,63.2
N00004220,Craigavad,298,51.68,14.4,50,16.8,73.2,56.4
N00004221,Craigavad,325,48.00,15.4,51,11.7,77.5,60.9
N00004222,Craigavad,335,51.04,10.1,49,15.2,74.3,61.7
N00004223,Craigavad,261,47.89,12.6,44,8.8,78.5,43.0
N00004224,Craigavad,302,52.32,11.9,48,10.3,77.8,68.5
N00004225,Craigavad,270,49.26,11.9,53,16.3,76.7,65.4
N00004226,Craigavad,431,48.03,13.5,40,19.3,65.9,53.3
N00004227,Crawfordsburn,265,53.21,10.6,50,10.6,81.1,72.2
N00004228,Crawfordsburn,732,52.87,9.8,44,13.8,69.7,65.3
N00004229,Crawfordsburn,326,51.23,8.3,43,12.0,75.8,65.4
N00004230,Crawfordsburn,286,51.75,11.2,54,11.5,77.6,70.4
N00004231,Crawfordsburn,306,52.61,11.4,52,11.1,78.8,79.0
N00004232,Crawfordsburn,246,51.63,7.7,60,12.6,78.9,68.9
N00004233,Crawfordsburn,347,56.77,6.3,56,8.4,81.8,70.5
N00004234,Crawfordsburn,262,51.91,8.8,57,8.8,82.4,70.0
N00004235,Cultra,294,49.66,8.5,52,16.3,74.5,66.4
N00004236,Cultra,309,51.13,17.8,45,16.2,68.3,69.8
N00004237,Cultra,278,51.80,9.4,46,23.4,68.0,68.5
N00004238,Cultra,346,51.16,11.6,43,24.9,57.2,66.1
N00004239,Cultra,272,53.68,11.4,53,20.2,69.5,73.7
N00004240,Cultra,340,57.35,10.6,50,25.0,67.4,62.3
N00004241,Cultra,274,52.19,12.4,46,28.8,63.5,63.2
N00004242,Cultra,364,53.85,10.2,55,18.7,73.4,65.6
N00004243,Dufferin,279,55.20,12.9,34,2.2,82.8,26.9
N00004244,Dufferin,194,52.58,13.4,45,6.2,78.4,19.6
N00004245,Dufferin,334,52.99,4.8,41,11.1,78.1,53.0
N00004246,Dufferin,322,50.93,16.8,42,13.4,75.5,51.2
N00004247,Dufferin,315,53.97,6.3,46,10.8,84.1,41.9
N00004248,Dufferin,236,55.08,7.6,42,4.2,75.0,26.6
N00004249,Dufferin,258,57.36,6.6,51,13.2,77.5,41.4
N00004250,Dufferin,244,55.74,12.3,34,1.6,82.0,27.3
N00004251,Dufferin,267,49.81,8.6,32,3.7,82.0,31.3
N00004252,Groomsport,302,55.96,9.3,52,7.0,82.5,57.3
N00004253,Groomsport,293,50.51,9.2,50,8.2,79.9,59.2
N00004254,Groomsport,284,53.87,11.3,49,9.9,82.7,49.8
N00004255,Groomsport,219,54.79,4.1,56,5.5,90.9,63.8
N00004256,Groomsport,860,51.16,6.5,53,6.3,82.7,59.2
N00004257,Groomsport,226,53.10,2.7,66,4.9,85.4,65.8
N00004258,Groomsport,308,53.90,8.1,49,13.0,77.6,35.6
N00004259,Groomsport,199,46.23,5.5,56,8.0,81.9,45.6
N00004260,Groomsport,314,49.36,7.6,53,7.0,85.4,61.6
N00004261,Harbour_1,233,53.65,7.7,42,25.8,55.8,45.7
N00004262,Harbour_1,281,39.50,10.7,30,34.5,47.7,36.5
N00004263,Harbour_1,226,45.13,6.2,38,28.3,53.1,35.3
N00004264,Harbour_1,533,48.41,9.6,38,25.0,55.9,42.0
N00004265,Harbour_1,222,44.14,9.9,34,15.8,62.6,41.2
N00004266,Harbour_2,324,50.93,13.6,44,14.8,68.5,67.8
N00004267,Harbour_2,562,49.29,8.4,41,20.1,61.9,53.6
N00004268,Harbour_2,324,50.00,14.8,41,11.7,67.9,52.9
N00004269,Harbour_2,317,51.74,11.0,36,17.7,60.3,52.9
N00004270,Holywood Demesne,461,37.96,9.8,30,22.8,54.2,71.3
N00004271,Holywood Demesne,291,52.23,13.1,42,25.8,57.4,39.2
N00004272,Holywood Demesne,252,52.78,11.5,33,42.1,40.9,55.3
N00004273,Holywood Demesne,397,55.67,5.5,57,27.2,65.5,59.1
N00004274,Holywood Demesne,296,57.09,12.8,34,30.7,53.7,52.7
N00004275,Holywood Demesne,277,54.51,11.6,36,36.8,48.7,59.4
N00004276,Holywood Demesne,458,51.75,15.7,43,25.1,60.9,65.2
N00004277,Holywood Demesne,309,53.07,9.1,46,25.2,64.1,72.4
N00004278,Holywood Demesne,271,52.40,11.1,45,21.4,60.5,43.1
N00004279,Holywood Priory,325,54.15,11.4,47,17.5,75.1,71.6
N00004280,Holywood Priory,318,53.46,11.0,42,23.0,63.8,65.2
N00004281,Holywood Priory,424,48.35,14.4,45,21.7,67.0,71.1
N00004282,Holywood Priory,229,49.34,7.4,51,23.1,62.4,30.8
N00004283,Holywood Priory,340,54.41,12.9,42,30.3,57.9,60.2
N00004284,Holywood Priory,364,48.90,11.5,49,26.9,64.8,69.3
N00004285,Holywood Priory,358,51.68,14.2,48,23.7,66.8,62.4
N00004286,Holywood Priory,317,51.42,10.7,46,14.2,77.0,68.1
N00004287,Loughview_1,615,53.33,15.9,37,20.8,67.8,30.3
N00004288,Loughview_1,220,50.00,12.3,36,28.2,60.0,31.8
N00004289,Loughview_1,220,53.18,8.2,39,27.3,57.3,32.1
N00004290,Loughview_1,583,55.75,8.1,49,24.2,66.4,40.6
N00004291,Loughview_1,343,53.35,10.5,43,10.2,79.9,54.6
N00004292,Loughview_2,204,56.86,12.3,33,16.7,66.2,31.4
N00004293,Loughview_2,236,58.05,5.5,43,30.1,57.6,55.3
N00004294,Loughview_2,1013,37.61,11.6,24,10.4,52.8,75.6
N00004295,Princetown,271,56.46,5.9,61,13.3,76.4,69.1
N00004296,Princetown,348,54.02,10.9,52,11.8,77.3,59.9
N00004297,Princetown,329,47.72,10.0,44,21.0,66.0,56.3
N00004298,Princetown,391,48.08,13.3,44,24.0,64.5,70.9
N00004299,Princetown,540,53.70,8.7,47,26.1,62.0,59.2
N00004300,Princetown,175,60.00,4.6,70,13.7,81.7,57.8
N00004301,Princetown,362,54.70,14.1,47,14.4,71.5,69.8
N00004302,Princetown,430,51.16,16.0,51,13.7,79.1,55.9
N00004303,Rathgael,270,51.85,12.6,43,11.5,80.7,36.6
N00004304,Rathgael,308,49.03,10.7,50,11.7,82.5,66.1
N00004305,Rathgael,253,50.99,7.5,45,10.7,75.9,42.8
N00004306,Rathgael,390,49.74,5.1,38,15.9,66.7,33.9
N00004307,Rathgael,254,51.18,10.6,36,14.6,70.1,32.8
N00004308,Rathgael,262,46.95,13.7,44,14.9,70.6,39.1
N00004309,Rathgael,235,53.19,6.0,59,6.4,84.7,45.0
N00004310,Rathgael,243,53.50,8.2,44,13.6,76.5,48.0
N00004311,Silverstream,215,48.37,7.9,33,17.2,65.1,40.0
N00004312,Silverstream,304,52.30,13.5,41,11.8,72.4,36.7
N00004313,Silverstream,323,57.89,6.2,40,12.1,77.4,36.4
N00004314,Silverstream,616,51.30,5.0,34,17.0,70.9,54.9
N00004315,Silverstream,240,57.50,17.5,35,14.2,70.8,28.5
N00004316,Silverstream,285,52.28,8.4,33,17.2,66.7,42.0
N00004317,Silverstream,269,51.30,6.3,34,14.5,70.3,41.8
N00004318,Silverstream,256,53.13,12.1,37,14.1,74.2,43.5
N00004319,Silverstream,285,48.77,9.8,36,21.1,67.4,44.1
N00004320,Silverstream,362,53.04,5.5,41,18.2,61.6,40.9
N00004321,Springhill_1,650,53.38,12.0,50,11.1,82.8,61.6
N00004322,Springhill_1,324,52.47,8.0,42,11.7,75.6,45.9
N00004323,Springhill_1,362,52.76,11.6,41,10.2,80.1,51.1
N00004324,Springhill_2,247,54.25,6.9,52,19.4,70.9,58.6
N00004325,Springhill_2,271,53.87,11.1,47,15.9,69.7,55.9
N00004326,Springhill_2,287,53.31,10.1,49,14.6,70.0,50.5
N00004327,Springhill_2,274,53.65,11.7,50,10.9,80.3,45.6
N00004328,Springhill_2,290,50.69,11.7,44,13.8,78.6,53.5
N00004329,Whitehill,274,54.38,12.0,37,7.3,80.3,29.0
N00004330,Whitehill,290,53.10,15.9,42,10.3,75.5,47.0
N00004331,Whitehill,299,53.51,10.0,38,21.4,60.9,43.4
N00004332,Whitehill,331,51.36,6.9,43,14.2,71.9,45.4
N00004333,Whitehill,257,54.47,12.8,41,8.6,73.9,30.9
N00004334,Whitehill,231,50.65,10.8,42,9.1,72.3,26.5
N00004335,Whitehill,220,49.55,9.1,45,10.0,81.4,31.4
N00004336,Whitehill,318,54.40,19.2,29,13.5,59.1,23.6
N00004337,Whitehill,249,51.81,14.9,39,9.6,69.1,28.7
N00004338,Beragh,369,49.32,17.6,40,52.0,45.5,40.2
N00004339,Beragh,539,48.42,15.8,36,40.1,57.0,41.7
N00004340,Beragh,440,49.55,16.8,37,36.4,61.6,37.9
N00004341,Beragh,433,47.34,15.9,34,24.5,73.2,35.1
N00004342,Beragh,727,50.89,16.4,35,59.6,37.4,27.9
N00004343,Camowen,269,47.96,11.2,36,65.8,29.7,32.7
N00004344,Camowen,273,50.92,8.4,53,65.2,31.5,38.8
N00004345,Camowen,438,55.02,11.2,48,49.1,46.1,44.6
N00004346,Camowen,378,48.94,15.3,33,40.7,54.2,35.6
N00004347,Camowen,459,51.85,18.1,36,63.8,31.2,47.9
N00004348,Camowen,214,50.47,9.8,46,10.7,81.8,25.3
N00004349,Camowen,252,59.92,9.9,37,87.3,11.5,20.3
N00004350,Clanabogan,1152,50.69,12.3,37,63.5,33.5,37.8
N00004351,Clanabogan,539,47.31,15.4,31,74.4,24.5,32.5
N00004352,Clanabogan,607,49.09,16.8,33,78.4,18.0,37.8
N00004353,Clanabogan,492,50.61,15.2,35,63.4,32.9,39.6
N00004354,Clanabogan,387,50.90,15.8,37,44.4,54.5,31.7
N00004355,Coolnagard,353,51.27,6.2,47,90.7,6.2,45.9
N00004356,Coolnagard,286,47.20,10.1,44,94.1,3.1,20.5
N00004357,Coolnagard,1457,50.86,14.6,34,79.5,16.6,35.8
N00004358,Coolnagard,298,52.35,12.1,43,96.3,3.0,35.2
N00004359,Coolnagard,1095,50.32,13.3,29,78.5,17.2,37.3
N00004360,Dergmoney,494,51.62,9.7,50,51.0,45.1,49.9
N00004361,Dergmoney,505,48.12,8.9,45,76.6,18.8,26.3
N00004362,Dergmoney,676,51.33,9.8,43,65.2,29.9,47.0
N00004363,Dromore,472,48.52,16.7,36,86.9,12.1,35.3
N00004364,Dromore,418,48.80,15.6,36,70.3,25.4,34.0
N00004365,Dromore,548,53.65,17.3,30,83.4,14.4,26.2
N00004366,Dromore,268,48.88,7.8,37,92.9,4.9,21.2
N00004367,Dromore,688,50.58,13.2,39,76.7,20.6,31.0
N00004368,Drumnakilly,494,47.77,14.6,36,66.8,31.2,39.2
N00004369,Drumnakilly,403,49.13,15.6,33,67.0,31.3,24.7
N00004370,Drumnakilly,601,51.75,15.8,30,93.8,5.3,31.4
N00004371,Drumnakilly,442,48.19,18.1,39,74.7,25.1,41.9
N00004372,Drumnakilly,486,50.00,21.0,33,82.7,16.5,32.6
N00004373,Drumnakilly,490,51.02,16.5,32,96.1,3.5,31.8
N00004374,Drumquin,469,46.27,13.4,34,72.3,24.3,26.4
N00004375,Drumquin,849,47.11,16.4,37,72.0,26.3,26.8
N00004376,Drumquin,448,47.54,15.8,38,48.0,51.3,27.4
N00004377,Drumquin,465,51.40,14.8,37,81.3,18.3,28.7
N00004378,Drumragh,211,37.44,9.5,33,55.0,31.3,20.6
N00004379,Drumragh,267,50.56,15.0,42,12.7,84.6,33.3
N00004380,Drumragh,310,49.35,12.9,45,16.8,81.9,46.6
N00004381,Drumragh,292,50.68,12.3,42,12.0,83.6,40.7
N00004382,Drumragh,438,49.54,11.2,44,42.5,53.0,32.7
N00004383,Drumragh,275,51.64,8.0,46,12.4,84.0,36.2
N00004384,Drumragh,251,52.59,8.0,46,12.0,80.9,35.9
N00004385,Drumragh,271,46.49,15.1,44,18.5,77.1,50.0
N00004386,Fairy Water,438,47.26,21.7,39,29.7,69.9,34.9
N00004387,Fairy Water,348,53.16,12.6,46,14.7,83.9,43.7
N00004388,Fairy Water,427,50.12,14.5,44,47.1,50.4,44.5
N00004389,Fairy Water,490,45.71,16.3,37,61.8,37.1,37.0
N00004390,Fairy Water,439,48.97,13.9,38,63.8,34.6,39.7
N00004391,Fintona,497,47.08,12.9,34,68.4,30.8,34.0
N00004392,Fintona,352,50.00,16.8,32,61.9,35.8,22.0
N00004393,Fintona,314,49.68,12.7,44,73.9,25.8,25.1
N00004394,Fintona,205,53.66,9.3,38,69.8,27.8,18.4
N00004395,Fintona,232,56.47,10.8,48,88.4,11.2,18.6
N00004396,Fintona,446,47.53,11.4,38,75.1,22.6,36.0
N00004397,Gortin,342,54.09,14.6,38,76.6,21.1,30.5
N00004398,Gortin,539,47.50,14.3,33,40.8,57.0,37.0
N00004399,Gortin,672,52.83,17.3,39,56.1,41.5,45.9
N00004400,Gortin,531,52.54,14.3,41,40.7,58.2,39.1
N00004401,Gortin,752,51.06,16.5,30,64.2,33.0,34.4
N00004402,Gortrush_1,1134,53.53,16.1,31,94.2,4.5,35.4
N00004403,Gortrush_1,354,53.95,17.8,29,88.7,10.7,36.0
N00004404,Gortrush_2,709,52.89,9.9,37,80.1,17.3,28.7
N00004405,Gortrush_2,636,49.69,12.3,42,93.1,5.3,21.7
N00004406,Killyclogher_1,421,53.21,19.2,29,89.3,8.3,21.4
N00004407,Killyclogher_1,344,50.00,18.0,32,86.3,12.2,40.9
N00004408,Killyclogher_1,317,54.26,11.4,37,77.0,21.5,41.4
N00004409,Killyclogher_1,450,53.56,22.4,34,89.6,9.1,48.5
N00004410,Killyclogher_2,656,54.88,16.3,32,89.6,7.6,36.2
N00004411,Killyclogher_2,476,50.84,14.7,32,89.7,7.1,33.1
N00004412,Killyclogher_2,432,51.39,17.8,32,91.9,5.8,33.4
N00004413,Lisanelly_1,210,55.24,7.1,54,53.3,43.8,37.0
N00004414,Lisanelly_1,154,49.35,9.1,53,59.1,35.1,35.3
N00004415,Lisanelly_2,1041,51.97,15.0,30,88.6,10.4,19.2
N00004416,Lisanelly_2,628,53.03,16.2,29,68.0,26.1,27.5
N00004417,Newtownsaville,506,49.21,19.2,35,65.4,33.8,34.4
N00004418,Newtownsaville,517,45.84,13.5,34,74.5,25.1,29.6
N00004419,Newtownsaville,468,47.01,14.7,35,77.8,21.8,36.1
N00004420,Newtownsaville,527,49.53,16.7,37,64.7,34.3,38.0
N00004421,Newtownsaville,374,50.80,15.8,39,31.6,65.5,33.7
N00004422,Owenkillew,493,48.28,12.8,35,93.5,5.1,27.1
N00004423,Owenkillew,466,49.14,17.8,34,98.5,0.6,30.2
N00004424,Owenkillew,400,50.00,15.8,34,91.8,8.2,27.1
N00004425,Owenkillew,513,49.71,14.6,32,88.9,9.7,29.4
N00004426,Owenkillew,478,47.91,16.3,35,81.4,17.6,27.9
N00004427,Sixmilecross,397,49.37,20.2,34,69.8,30.0,23.0
N00004428,Sixmilecross,394,45.94,14.5,41,63.5,35.8,32.2
N00004429,Sixmilecross,539,50.28,18.2,34,77.9,20.8,34.8
N00004430,Sixmilecross,539,49.72,15.0,31,94.2,4.1,33.8
N00004431,Sixmilecross,505,45.74,16.2,31,76.2,23.2,30.5
N00004432,Strule,130,35.38,0.8,58,76.2,16.9,18.3
N00004433,Strule,610,53.77,10.2,40,82.5,14.9,30.7
N00004434,Strule,412,48.06,7.3,44,88.3,9.0,24.7
N00004435,Strule,344,47.97,11.3,34,38.7,58.4,39.4
N00004436,Termon,377,53.32,12.5,37,98.9,0.5,34.4
N00004437,Termon,317,51.10,15.5,38,92.7,6.3,31.9
N00004438,Termon,548,45.07,18.6,32,97.4,2.6,32.9
N00004439,Termon,561,46.70,16.6,33,94.8,3.7,31.6
N00004440,Termon,527,50.47,21.1,31,94.1,5.9,32.8
N00004441,Trillick,550,46.00,17.6,34,60.7,37.5,29.9
N00004442,Trillick,545,47.71,14.1,34,71.9,26.6,31.7
N00004443,Trillick,612,47.88,12.9,34,77.0,22.4,40.6
N00004444,Trillick,328,51.52,12.8,38,73.5,24.7,27.5
N00004445,Trillick,405,47.16,11.6,35,50.6,47.7,36.9
N00004446,Artigarvan,448,52.23,15.8,34,12.5,84.6,29.3
N00004447,Artigarvan,359,51.81,13.6,42,29.8,68.2,25.1
N00004448,Artigarvan,489,51.53,12.1,39,31.9,66.9,34.3
N00004449,Artigarvan,439,50.11,16.4,40,56.9,38.5,29.5
N00004450,Artigarvan,388,50.26,14.2,44,44.8,54.6,30.2
N00004451,Artigarvan,637,48.67,18.7,32,86.8,12.1,29.0
N00004452,Ballycolman,298,56.71,19.1,42,94.0,6.0,15.0
N00004453,Ballycolman,322,59.32,17.7,32,96.3,2.5,19.2
N00004454,Ballycolman,300,59.67,18.7,35,94.0,5.7,23.0
N00004455,Ballycolman,309,51.78,14.6,35,95.5,3.2,14.8
N00004456,Ballycolman,298,56.38,13.8,33,94.3,5.0,16.9
N00004457,Ballycolman,300,54.33,9.3,47,92.7,6.7,29.5
N00004458,Castlederg,311,51.13,15.4,46,35.7,64.3,27.8
N00004459,Castlederg,861,49.94,13.8,37,72.8,25.9,21.4
N00004460,Castlederg,243,54.32,10.3,47,36.2,62.1,14.3
N00004461,Castlederg,395,50.89,11.1,35,61.0,38.2,19.8
N00004462,Castlederg,299,51.51,14.7,42,85.6,14.4,16.0
N00004463,Clare,461,47.72,13.9,36,34.5,64.2,27.0
N00004464,Clare,374,49.73,14.2,37,49.5,50.3,17.1
N00004465,Clare,490,46.73,14.1,40,13.3,85.7,28.3
N00004466,Clare,413,47.46,13.1,36,19.9,78.0,23.2
N00004467,Clare,426,44.84,14.8,38,19.2,78.4,25.9
N00004468,Clare,506,47.83,14.8,34,20.4,79.1,32.0
N00004469,Dunnamanagh,378,48.68,14.3,36,19.3,79.4,30.6
N00004470,Dunnamanagh,299,55.18,12.7,35,18.1,81.3,15.2
N00004471,Dunnamanagh,394,49.24,15.5,42,33.0,65.0,25.2
N00004472,Dunnamanagh,751,48.74,16.5,38,78.2,20.5,30.1
N00004473,Dunnamanagh,365,45.75,17.8,35,50.4,48.8,24.9
N00004474,East,865,49.60,10.2,44,93.3,5.5,20.0
N00004475,East,267,52.43,18.0,30,94.4,4.1,13.4
N00004476,East,266,43.98,12.8,42,93.6,6.4,11.7
N00004477,East,316,53.16,22.8,28,94.3,4.1,12.2
N00004478,Finn,562,51.07,14.1,34,42.2,56.2,24.6
N00004479,Finn,536,48.69,16.8,34,87.7,10.1,30.6
N00004480,Finn,471,52.02,17.6,33,49.5,48.8,31.9
N00004481,Finn,565,52.21,13.5,35,81.8,18.2,30.4
N00004482,Finn,300,53.33,12.3,42,97.7,2.0,23.1
N00004483,Finn,373,52.82,15.0,30,91.7,6.7,12.4
N00004484,Glenderg,611,52.54,14.2,31,61.7,37.3,27.5
N00004485,Glenderg,409,47.19,13.0,42,89.0,9.5,18.7
N00004486,Glenderg,333,49.55,18.9,35,41.4,57.4,14.0
N00004487,Glenderg,447,47.87,17.7,36,73.4,25.1,24.4
N00004488,Glenderg,446,48.65,11.4,36,72.0,27.6,25.4
N00004489,Glenderg,347,47.26,14.1,39,68.0,31.7,23.6
N00004490,Newtownstewart,511,51.27,17.0,38,37.6,59.5,31.2
N00004491,Newtownstewart,376,46.81,14.6,39,56.1,41.8,20.1
N00004492,Newtownstewart,332,47.59,12.7,42,45.8,53.3,34.1
N00004493,Newtownstewart,411,50.12,16.1,39,33.1,65.9,34.3
N00004494,Newtownstewart,300,56.00,12.3,39,46.7,51.7,14.8
N00004495,Newtownstewart,339,43.95,17.4,33,63.4,35.7,17.5
N00004496,North,906,52.65,14.3,36,85.8,13.0,40.1
N00004497,North,380,46.58,11.3,39,90.3,9.7,27.2
N00004498,North,1524,53.61,17.2,33,90.0,8.4,35.3
N00004499,North,197,48.22,10.2,44,87.8,11.2,20.6
N00004500,North,172,44.77,11.0,47,83.7,14.0,13.7
N00004501,Plumbridge,444,49.77,16.2,35,86.7,13.3,32.3
N00004502,Plumbridge,328,46.04,14.9,37,97.6,2.1,25.5
N00004503,Plumbridge,411,46.72,19.0,38,68.9,30.4,32.2
N00004504,Plumbridge,265,46.42,14.0,42,73.6,25.3,21.0
N00004505,Plumbridge,413,45.04,15.5,39,40.4,56.9,29.9
N00004506,Plumbridge,362,48.34,19.1,39,56.4,43.4,32.8
N00004507,Sion Mills,285,50.18,13.3,43,51.9,46.0,25.3
N00004508,Sion Mills,671,49.63,13.0,40,68.9,30.6,25.2
N00004509,Sion Mills,275,47.27,16.4,36,58.5,38.9,33.5
N00004510,Sion Mills,322,52.48,13.0,41,63.0,36.0,19.9
N00004511,Sion Mills,225,50.22,13.3,35,70.7,29.3,30.0
N00004512,Sion Mills,412,49.27,14.1,37,48.1,51.2,29.1
N00004513,Slievekirk,434,47.00,13.1,33,49.5,49.8,27.9
N00004514,Slievekirk,617,48.14,11.0,33,14.9,79.7,39.5
N00004515,Slievekirk,395,48.61,14.2,37,10.6,82.3,39.6
N00004516,Slievekirk,391,48.34,13.6,41,24.6,74.7,26.4
N00004517,Slievekirk,410,48.05,13.7,39,17.3,82.2,33.9
N00004518,Slievekirk,286,47.90,12.6,40,4.5,92.0,26.7
N00004519,South_1,340,50.88,18.2,27,92.4,6.2,16.8
N00004520,South_1,1202,52.25,16.5,32,93.2,6.2,35.9
N00004521,South_1,334,52.69,13.5,45,90.4,7.5,28.3
N00004522,South_2,337,47.48,14.8,37,92.6,6.8,31.6
N00004523,South_2,378,55.56,20.6,37,94.7,5.0,35.8
N00004524,South_2,253,56.13,12.6,36,94.1,4.7,27.7
N00004525,South_2,388,49.74,15.5,43,94.3,5.2,44.1
N00004526,Victoria Bridge,420,46.90,13.6,42,25.5,73.1,31.9
N00004527,Victoria Bridge,338,48.22,11.5,41,15.1,83.4,18.3
N00004528,Victoria Bridge,478,48.54,16.1,34,77.0,22.4,25.0
N00004529,Victoria Bridge,292,44.52,10.6,44,53.1,46.2,26.0
N00004530,Victoria Bridge,357,49.02,19.6,38,68.9,29.1,23.1
N00004531,Victoria Bridge,403,48.88,11.2,35,64.8,32.3,31.4
N00004532,West_1,399,52.13,20.8,35,88.2,9.3,39.1
N00004533,West_1,304,55.26,13.5,31,88.2,8.9,20.9
N00004534,West_1,1208,52.57,17.5,29,88.7,9.3,36.6
N00004535,West_2,839,51.85,14.2,40,94.2,4.9,34.8
N00004536,West_2,290,52.41,6.2,58,91.7,6.6,26.4
N00004537,West_2,222,49.10,9.5,43,91.0,9.0,20.2
