DZ2021_cd,OA_CODE_dominant,OA_CODE_point
N20000001,95AA140001,95AA140001
N20000002,95WW130005,95WW130005
N20000003,95AA070002,95AA070002
N20000004,95AA140004,95AA140003
N20000005,95AA120006,95AA120006
N20000006,95AA140002,95AA140002
N20000007,95AA190001,95AA190002
N20000008,95AA140004,95AA140004
N20000009,95AA070001,95AA070001
N20000010,95AA120001,95AA120001
N20000011,95AA070004,95AA070005
N20000012,95AA070003,95AA070003
N20000013,95AA140005,95AA140005
N20000014,95AA050004,95AA050004
N20000015,95AA190002,95AA190002
N20000016,95AA130005,95AA130001
N20000017,95AA130005,95AA130005
N20000018,95AA130002,95AA130002
N20000019,95AA130004,95AA130004
N20000020,95AA130004,95AA130004
N20000021,95AA130007,95AA130007
N20000022,95AA190003,95AA190003
N20000023,95AA050002,95AA050006
N20000024,95AA190003,95AA190003
N20000025,95AA130008,95AA130008
N20000026,95AA120001,95AA120001
N20000027,95AA110001,95AA110001
N20000028,95AA050003,95AA050003
N20000029,95AA130008,95AA130008
N20000030,95AA120004,95AA120004
N20000031,95AA120003,95AA120003
N20000032,95AA050001,95AA050001
N20000033,95AA190004,95AA190004
N20000034,95AA050001,95AA050001
N20000035,95AA150007,95AA150007
N20000036,95AA150007,95AA150007
N20000037,95AA150001,95AA150001
N20000038,95AA150007,95AA150007
N20000039,95AA150004,95AA150004
N20000040,95AA150001,95AA150001
N20000041,95AA110001,95AA110001
N20000042,95AA080002,95AA080002
N20000043,95AA150004,95AA150004
N20000044,95AA130008,95AA130008
N20000045,95AA110003,95AA110003
N20000046,95AA160005,95AA160005
N20000047,95AA150005,95AA150005
N20000048,95AA110005,95AA110002
N20000049,95AA150006,95AA150006
N20000050,95AA160003,95AA160003
N20000051,95AA080002,95AA080002
N20000052,95AA080002,95AA080002
N20000053,95AA170005,95AA170006
N20000054,95AA090007,95AA090007
N20000055,95AA160003,95AA090007
N20000056,95AA170002,95AA170002
N20000057,95AA110006,95AA110006
N20000058,95AA090001,95AA090001
N20000059,95AA080003,95AA170003
N20000060,95AA170002,95AA170001
N20000061,95AA090005,95AA170001
N20000062,95AA090004,95AA090005
N20000063,95AA110006,95AA110009
N20000064,95AA100002,95AA170004
N20000065,95AA090006,95AA090006
N20000066,95AA100004,95AA100004
N20000067,95AA100006,95AA100006
N20000068,95AA110010,95AA110010
N20000069,95AA110007,95AA110007
N20000070,95AA100002,95AA100002
N20000071,95AA110009,95AA110008
N20000072,95AA090006,95AA090006
N20000073,95AA080005,95AA080005
N20000074,95AA030003,95AA030003
N20000075,95AA110010,95AA110010
N20000076,95AA020004,95AA020004
N20000077,95AA020003,95AA020003
N20000078,95AA030005,95AA030006
N20000079,95AA030006,95AA030007
N20000080,95AA100005,95AA100005
N20000081,95AA020001,95AA020001
N20000082,95AA030007,95AA030004
N20000083,95AA020002,95AA020002
N20000084,95AA020001,95AA020001
N20000085,95AA110010,95AA110010
N20000086,95WW060003,95WW060003
N20000087,95WW060002,95WW130005
N20000088,95WW060005,95WW060005
N20000089,95WW060005,95WW060005
N20000090,95WW020011,95WW020011
N20000091,95WW130008,95WW130008
N20000092,95WW030005,95WW030005
N20000093,95WW020001,95WW020011
N20000094,95WW130007,95WW130007
N20000095,95WW020002,95WW020002
N20000096,95WW130010,95WW130010
N20000097,95WW020003,95WW020004
N20000098,95WW030005,95WW030005
N20000099,95WW130007,95WW130007
N20000100,95WW060006,95WW060006
N20000101,95WW030011,95WW030011
N20000102,95WW030003,95WW030005
N20000103,95WW020004,95WW020004
N20000104,95WW020005,95WW020005
N20000105,95WW020007,95WW020007
N20000106,95WW030007,95WW030007
N20000107,95WW030008,95WW030008
N20000108,95WW030006,95WW030004
N20000109,95WW020006,95WW020006
N20000110,95WW020006,95WW020006
N20000111,95WW070003,95WW070003
N20000112,95WW030006,95WW030009
N20000113,95WW070002,95WW070006
N20000114,95WW070005,95WW070007
N20000115,95WW070007,95WW070007
N20000116,95WW130002,95WW130002
N20000117,95WW130001,95WW130001
N20000118,95WW130003,95WW130003
N20000119,95WW130004,95WW130004
N20000120,95WW070008,95WW070009
N20000121,95WW060007,95WW060007
N20000122,95WW070009,95WW070009
N20000123,95WW070009,95WW070009
N20000124,95WW070001,95WW070001
N20000125,95WW060001,95WW060001
N20000126,95WW190002,95WW190002
N20000127,95WW220005,95WW220005
N20000128,95WW190005,95WW190002
N20000129,95WW220002,95WW220002
N20000130,95WW220005,95WW220004
N20000131,95WW220006,95WW220004
N20000132,95WW190006,95WW190006
N20000133,95WW190008,95WW190005
N20000134,95WW190007,95WW190007
N20000135,95WW220001,95WW170002
N20000136,95WW170004,95WW170001
N20000137,95WW190012,95WW190012
N20000138,95WW190014,95WW190014
N20000139,95WW170003,95WW170003
N20000140,95HH080005,95HH080005
N20000141,95WW220002,95WW220002
N20000142,95WW170007,95WW170002
N20000143,95WW190010,95WW190010
N20000144,95WW220008,95WW220008
N20000145,95WW170008,95WW170005
N20000146,95WW210010,95WW210003
N20000147,95WW170008,95WW170006
N20000148,95WW040006,95WW040006
N20000149,95WW190001,95WW190001
N20000150,95WW210004,95WW210004
N20000151,95WW040007,95WW040007
N20000152,95WW230003,95WW230003
N20000153,95WW210002,95WW210001
N20000154,95WW040004,95WW040004
N20000155,95WW210006,95WW210006
N20000156,95WW040005,95WW040005
N20000157,95WW090006,95WW040003
N20000158,95WW230010,95WW230002
N20000159,95WW210005,95WW210005
N20000160,95WW190001,95WW190001
N20000161,95WW210002,95WW210006
N20000162,95WW230003,95WW230001
N20000163,95WW210007,95WW210007
N20000164,95WW100004,95WW100004
N20000165,95WW100002,95WW100002
N20000166,95WW230004,95WW230004
N20000167,95WW230007,95WW230007
N20000168,95WW100005,95WW100005
N20000169,95WW230007,95WW230006
N20000170,95WW100006,95WW100007
N20000171,95WW210009,95WW210009
N20000172,95WW230008,95WW230008
N20000173,95WW100001,95WW100001
N20000174,95WW100009,95WW100009
N20000175,95WW010005,95WW010008
N20000176,95WW100008,95WW100008
N20000177,95WW230009,95WW230008
N20000178,95WW010010,95WW010009
N20000179,95WW010007,95WW010007
N20000180,95WW100001,95WW100001
N20000181,95WW120001,95WW120003
N20000182,95WW140008,95WW140008
N20000183,95WW120004,95WW120004
N20000184,95WW120005,95WW120005
N20000185,95WW010007,95WW010007
N20000186,95WW010001,95WW010001
N20000187,95WW120006,95WW120008
N20000188,95WW010001,95WW010001
N20000189,95WW140002,95WW140003
N20000190,95WW140004,95WW140004
N20000191,95WW010001,95WW010001
N20000192,95WW140004,95WW140004
N20000193,95WW250005,95WW250005
N20000194,95WW250009,95WW250009
N20000195,95WW140006,95WW140006
N20000196,95WW140003,95WW140003
N20000197,95WW250007,95WW250007
N20000198,95WW010001,95WW010001
N20000199,95WW240003,95WW240003
N20000200,95WW250010,95WW250010
N20000201,95WW240002,95WW240002
N20000202,95WW250002,95WW250002
N20000203,95WW240004,95WW240004
N20000204,95WW240005,95WW240005
N20000205,95WW250003,95WW240006
N20000206,95WW010003,95WW010003
N20000207,95WW240008,95WW240008
N20000208,95WW010003,95WW010003
N20000209,95WW240009,95WW240009
N20000210,95WW240011,95WW240011
N20000211,95WW200010,95WW200010
N20000212,95WW090009,95WW090009
N20000213,95WW090004,95WW090009
N20000214,95WW090004,95WW040002
N20000215,95WW200013,95WW200013
N20000216,95WW090005,95WW090005
N20000217,95WW200012,95WW200012
N20000218,95WW080001,95WW080001
N20000219,95WW200001,95WW200013
N20000220,95WW080006,95WW080006
N20000221,95WW080008,95WW080008
N20000222,95WW050005,95WW050005
N20000223,95WW080002,95WW080002
N20000224,95WW090008,95WW090008
N20000225,95WW050008,95WW050008
N20000226,95WW080004,95WW080004
N20000227,95WW050009,95WW050010
N20000228,95WW050002,95WW050008
N20000229,95WW160001,95WW160001
N20000230,95WW160007,95WW160007
N20000231,95WW150009,95WW150001
N20000232,95WW050010,95WW050010
N20000233,95WW160008,95WW160008
N20000234,95WW050003,95WW050003
N20000235,95WW050002,95WW050002
N20000236,95WW050001,95WW050001
N20000237,95WW180001,95WW180001
N20000238,95WW150002,95WW150002
N20000239,95WW180007,95WW180007
N20000240,95WW160003,95WW160003
N20000241,95WW180002,95WW180002
N20000242,95WW180003,95WW180001
N20000243,95WW160004,95WW160004
N20000244,95WW150004,95WW150004
N20000245,95WW160005,95WW160005
N20000246,95WW110005,95WW110005
N20000247,95WW180004,95WW180004
N20000248,95WW200008,95WW200008
N20000249,95WW110006,95WW110006
N20000250,95WW150007,95WW150007
N20000251,95WW200008,95WW200009
N20000252,95WW110002,95WW110007
N20000253,95WW110008,95WW110008
N20000254,95WW110001,95WW110001
N20000255,95WW110002,95WW110002
N20000256,95WW110004,95WW110004
N20000257,95AA180001,95AA180001
N20000258,95AA180005,95AA180007
N20000259,95AA180001,95AA180006
N20000260,95AA180002,95AA180002
N20000261,95AA040006,95AA180003
N20000262,95WW200010,95WW200010
N20000263,95AA010006,95AA010006
N20000264,95AA010008,95AA010008
N20000265,95WW200005,95WW200005
N20000266,95WW200004,95WW200004
N20000267,95WW200002,95WW200002
N20000268,95AA010004,95AA010004
N20000269,95WW200005,95WW200005
N20000270,95WW200008,95WW200008
N20000271,95WW200003,95WW200003
N20000272,95WW200003,95WW200003
N20000273,95WW200008,95WW200008
N20000274,95AA010006,95AA040001
N20000275,95WW200003,95WW200003
N20000276,95WW200003,95WW200003
N20000277,95WW200008,95WW200008
N20000278,95AA040007,95AA040007
N20000279,95AA010011,95AA010011
N20000280,95AA040002,95AA040001
N20000281,95AA010002,95AA010002
N20000282,95AA010003,95AA010003
N20000283,95AA010001,95AA010001
N20000284,95AA060008,95AA060008
N20000285,95AA040007,95AA040004
N20000286,95AA040005,95AA040005
N20000287,95AA060008,95AA060007
N20000288,95AA060011,95AA060002
N20000289,95AA060001,95AA060001
N20000290,95AA060007,95AA060007
N20000291,95AA060005,95AA060005
N20000292,95AA060003,95AA060003
N20000293,95AA060004,95AA060004
N20000294,95AA060006,95AA060006
N20000295,95CC050004,95CC050004
N20000296,95CC050006,95CC050006
N20000297,95CC050001,95CC050001
N20000298,95CC050003,95CC050003
N20000299,95CC020005,95CC020002
N20000300,95CC020003,95CC020003
N20000301,95CC020001,95CC020002
N20000302,95CC020004,95CC020004
N20000303,95CC010001,95CC010001
N20000304,95CC180005,95CC180005
N20000305,95CC020005,95CC020005
N20000306,95CC180001,95CC180004
N20000307,95CC180003,95CC180003
N20000308,95CC180006,95CC180006
N20000309,95CC010004,95CC010005
N20000310,95CC020006,95CC020006
N20000311,95CC180004,95CC180004
N20000312,95CC010006,95CC010006
N20000313,95CC180006,95CC180007
N20000314,95CC220004,95CC220004
N20000315,95CC220005,95CC220005
N20000316,95CC030003,95CC030003
N20000317,95CC030003,95CC030003
N20000318,95CC030006,95CC030006
N20000319,95CC030005,95CC030005
N20000320,95CC030005,95CC030005
N20000321,95CC030007,95CC080001
N20000322,95CC030001,95CC030001
N20000323,95CC080002,95CC080002
N20000324,95CC220003,95CC220003
N20000325,95CC060004,95CC060004
N20000326,95CC220002,95CC220002
N20000327,95CC080004,95CC080004
N20000328,95CC060005,95CC060006
N20000329,95CC080003,95CC080005
N20000330,95CC080006,95CC080006
N20000331,95CC060005,95CC060005
N20000332,95CC060008,95CC060008
N20000333,95CC060007,95CC060007
N20000334,95CC060003,95CC060003
N20000335,95CC170001,95CC170001
N20000336,95CC060003,95CC060003
N20000337,95CC060002,95CC060002
N20000338,95CC170003,95CC170003
N20000339,95CC170001,95CC170001
N20000340,95CC130004,95CC130002
N20000341,95CC170003,95CC170003
N20000342,95CC130001,95CC130001
N20000343,95CC170002,95CC170002
N20000344,95CC130006,95CC130006
N20000345,95CC170004,95CC170004
N20000346,95CC130002,95CC130003
N20000347,95CC130003,95CC130003
N20000348,95CC110004,95CC110004
N20000349,95CC110005,95CC110004
N20000350,95CC070007,95CC070002
N20000351,95CC070006,95CC110003
N20000352,95CC110003,95CC110003
N20000353,95CC070003,95CC070003
N20000354,95CC070001,95CC070001
N20000355,95CC070005,95CC070005
N20000356,95LL240005,95LL240005
N20000357,95OO170004,95OO170004
N20000358,95LL240007,95LL240007
N20000359,95LL240007,95LL240007
N20000360,95LL240008,95LL240008
N20000361,95OO190003,95OO190003
N20000362,95OO170002,95OO170002
N20000363,95CC150005,95LL240002
N20000364,95LL040001,95LL240001
N20000365,95LL240001,95LL040002
N20000366,95LL240004,95LL240004
N20000367,95CC150001,95CC150006
N20000368,95LL240003,95LL240003
N20000369,95CC050005,95CC050005
N20000370,95LL040002,95LL040002
N20000371,95LL040004,95LL040004
N20000372,95LL040001,95LL040007
N20000373,95LL040002,95LL040002
N20000374,95LL040007,95LL040007
N20000375,95LL080008,95LL080008
N20000376,95LL080007,95LL080007
N20000377,95LL150008,95LL150008
N20000378,95LL080009,95LL080009
N20000379,95LL080003,95LL080003
N20000380,95LL040007,95LL040007
N20000381,95LL080001,95LL080001
N20000382,95LL080002,95LL080002
N20000383,95LL240004,95LL240004
N20000384,95LL150010,95LL150010
N20000385,95LL030001,95LL030001
N20000386,95LL080004,95LL080004
N20000387,95LL080005,95LL080005
N20000388,95LL030006,95LL030006
N20000389,95LL030003,95LL030008
N20000390,95LL030003,95LL030003
N20000391,95LL230004,95LL230004
N20000392,95LL150002,95LL150002
N20000393,95LL020001,95LL020001
N20000394,95LL030006,95LL030006
N20000395,95LL020001,95LL020001
N20000396,95LL230005,95LL230005
N20000397,95LL150004,95LL150004
N20000398,95LL020002,95LL020002
N20000399,95LL230004,95LL230004
N20000400,95LL020003,95LL020003
N20000401,95CC150002,95CC150002
N20000402,95LL030005,95LL030005
N20000403,95LL020008,95LL020005
N20000404,95LL230008,95LL230002
N20000405,95LL230008,95LL230008
N20000406,95LL060002,95LL060002
N20000407,95LL060007,95LL060007
N20000408,95CC150004,95CC150004
N20000409,95LL060004,95LL060004
N20000410,95LL060003,95LL060003
N20000411,95LL020007,95LL020007
N20000412,95LL060008,95LL060006
N20000413,95LL060009,95LL060011
N20000414,95LL020009,95LL060011
N20000415,95LL020009,95LL020009
N20000416,95CC100003,95CC100003
N20000417,95LL060009,95LL060009
N20000418,95CC100002,95CC100002
N20000419,95LL060009,95LL060009
N20000420,95LL020010,95LL020010
N20000421,95LL100011,95LL100011
N20000422,95LL100004,95LL100010
N20000423,95LL100005,95LL100005
N20000424,95LL100006,95LL100002
N20000425,95LL100007,95LL100007
N20000426,95LL100003,95LL100003
N20000427,95LL100003,95LL100003
N20000428,95LL100003,95LL100003
N20000429,95LL220001,95LL220001
N20000430,95LL160006,95LL160006
N20000431,95LL120004,95LL120004
N20000432,95LL120003,95LL120005
N20000433,95LL130001,95LL130001
N20000434,95LL130002,95LL130002
N20000435,95LL130004,95LL130004
N20000436,95LL160010,95LL160010
N20000437,95LL130007,95LL130007
N20000438,95LL160009,95LL160009
N20000439,95LL120007,95LL120007
N20000440,95LL160007,95LL160007
N20000441,95LL160003,95LL160003
N20000442,95LL120008,95LL120008
N20000443,95LL160010,95LL160010
N20000444,95LL160010,95LL160010
N20000445,95LL120008,95LL120008
N20000446,95LL160008,95LL160008
N20000447,95LL160010,95LL160010
N20000448,95LL120009,95LL120009
N20000449,95LL120001,95LL120001
N20000450,95LL160011,95LL160011
N20000451,95LL160004,95LL160004
N20000452,95LL120009,95LL120009
N20000453,95LL120002,95LL120002
N20000454,95LL120002,95LL120002
N20000455,95LL160010,95LL160003
N20000456,95LL160002,95LL160002
N20000457,95LL160003,95LL160003
N20000458,95LL160003,95LL160003
N20000459,95LL160001,95LL160001
N20000460,95LL170007,95LL170007
N20000461,95LL160003,95LL160003
N20000462,95LL160005,95LL160005
N20000463,95LL170007,95LL170009
N20000464,95LL160005,95LL160003
N20000465,95LL050001,95LL050008
N20000466,95LL170003,95LL170003
N20000467,95LL050001,95LL050001
N20000468,95LL170004,95LL170004
N20000469,95LL160003,95LL160003
N20000470,95LL050010,95LL050010
N20000471,95LL050010,95LL050010
N20000472,95LL050010,95LL150006
N20000473,95LL050009,95LL050009
N20000474,95LL050005,95LL050009
N20000475,95LL050003,95LL050003
N20000476,95LL010007,95LL010007
N20000477,95LL010008,95LL010008
N20000478,95LL010009,95LL010009
N20000479,95LL010001,95LL010001
N20000480,95LL010003,95LL010003
N20000481,95LL010002,95LL010002
N20000482,95LL010004,95LL010004
N20000483,95LL010005,95LL010005
N20000484,95LL010005,95LL010006
N20000485,95LL010005,95LL010005
N20000486,95LL190007,95LL190007
N20000487,95LL260006,95LL260006
N20000488,95LL190007,95LL190007
N20000489,95LL140002,95LL140002
N20000490,95LL140006,95LL140004
N20000491,95LL140005,95LL140005
N20000492,95LL260009,95LL260009
N20000493,95LL260005,95LL260007
N20000494,95LL140008,95LL140007
N20000495,95LL210009,95LL210009
N20000496,95LL100007,95LL100007
N20000497,95LL100007,95LL100007
N20000498,95LL260010,95LL260010
N20000499,95LL210009,95LL210009
N20000500,95LL260008,95LL260008
N20000501,95LL190008,95LL190008
N20000502,95LL190011,95LL190011
N20000503,95LL210009,95LL210009
N20000504,95LL260004,95LL260004
N20000505,95LL260001,95LL260003
N20000506,95LL260002,95LL260002
N20000507,95LL190011,95LL190011
N20000508,95LL090007,95LL090009
N20000509,95LL090005,95LL090005
N20000510,95LL190003,95LL190003
N20000511,95LL090006,95LL090006
N20000512,95LL210001,95LL210001
N20000513,95LL190011,95LL190011
N20000514,95LL210004,95LL210004
N20000515,95LL210002,95LL210002
N20000516,95LL090010,95LL090010
N20000517,95LL190006,95LL190006
N20000518,95LL190001,95LL190001
N20000519,95LL210004,95LL210002
N20000520,95LL190002,95LL190003
N20000521,95LL190011,95LL190011
N20000522,95LL090011,95LL090011
N20000523,95LL210004,95LL210007
N20000524,95LL090012,95LL090002
N20000525,95LL090003,95LL090003
N20000526,95LL210003,95LL210003
N20000527,95LL070005,95LL070004
N20000528,95LL220007,95LL220007
N20000529,95LL210006,95LL210006
N20000530,95LL220001,95LL220001
N20000531,95LL190002,95LL190002
N20000532,95LL220006,95LL200008
N20000533,95LL210008,95LL210008
N20000534,95LL070005,95LL070005
N20000535,95LL220001,95LL220001
N20000536,95LL090004,95LL200008
N20000537,95LL180008,95LL180009
N20000538,95LL220001,95LL220001
N20000539,95LL070007,95LL070001
N20000540,95LL070008,95LL070008
N20000541,95LL200007,95LL200007
N20000542,95LL180006,95LL180006
N20000543,95LL120003,95LL120003
N20000544,95LL200004,95LL200004
N20000545,95LL180004,95LL180004
N20000546,95LL200006,95LL200006
N20000547,95LL180002,95LL180002
N20000548,95LL200005,95LL200005
N20000549,95LL180003,95LL180003
N20000550,95LL200006,95LL200006
N20000551,95LL110004,95LL110004
N20000552,95LL250003,95LL250003
N20000553,95LL250002,95LL250002
N20000554,95LL250006,95LL250005
N20000555,95LL250007,95LL250007
N20000556,95LL250004,95LL250004
N20000557,95LL250009,95LL250007
N20000558,95LL250005,95LL250009
N20000559,95LL110005,95LL110005
N20000560,95FF140001,95FF140001
N20000561,95LL250001,95LL250001
N20000562,95LL110004,95FF140002
N20000563,95FF140001,95FF050001
N20000564,95LL110005,95LL110005
N20000565,95FF050005,95FF050005
N20000566,95FF050003,95FF050003
N20000567,95LL110001,95LL110008
N20000568,95FF050001,95FF050005
N20000569,95LL110003,95LL250002
N20000570,95FF050006,95FF050006
N20000571,95FF050008,95FF050005
N20000572,95LL110002,95LL110002
N20000573,95FF050006,95FF060006
N20000574,95FF060005,95FF060005
N20000575,95FF060004,95FF060004
N20000576,95FF060010,95FF060010
N20000577,95FF060002,95FF060002
N20000578,95FF060003,95FF060003
N20000579,95FF140002,95FF140002
N20000580,95LL110003,95LL110002
N20000581,95LL110001,95LL110001
N20000582,95FF100004,95FF100004
N20000583,95FF060001,95FF100004
N20000584,95FF100003,95FF100003
N20000585,95FF140006,95FF120004
N20000586,95FF140006,95FF140005
N20000587,95FF100001,95FF100001
N20000588,95FF140005,95FF140005
N20000589,95FF100007,95FF100001
N20000590,95FF100003,95FF100007
N20000591,95FF100002,95FF110006
N20000592,95FF110006,95FF110006
N20000593,95FF110002,95FF110002
N20000594,95LL050005,95LL050005
N20000595,95FF090004,95FF090002
N20000596,95FF120006,95FF120006
N20000597,95FF120001,95FF120001
N20000598,95FF090005,95FF090005
N20000599,95FF120004,95FF120001
N20000600,95FF090002,95FF090007
N20000601,95FF090004,95FF090004
N20000602,95FF090002,95FF090002
N20000603,95FF160001,95FF160001
N20000604,95FF160002,95FF160004
N20000605,95FF120002,95FF120005
N20000606,95FF120005,95FF120005
N20000607,95FF160004,95FF120002
N20000608,95FF160003,95FF160003
N20000609,95FF010010,95FF010010
N20000610,95FF160007,95FF160007
N20000611,95FF070003,95FF070003
N20000612,95FF170003,95FF170003
N20000613,95FF010001,95FF010001
N20000614,95FF040001,95FF040001
N20000615,95FF120002,95FF120002
N20000616,95FF070008,95FF070004
N20000617,95FF010001,95FF010001
N20000618,95FF170006,95FF170006
N20000619,95FF070001,95FF070001
N20000620,95FF170006,95FF170004
N20000621,95FF070007,95FF070007
N20000622,95FF030005,95FF030005
N20000623,95FF010003,95FF010003
N20000624,95FF080007,95FF080007
N20000625,95FF030006,95FF030006
N20000626,95FF010004,95FF010004
N20000627,95FF030007,95FF030007
N20000628,95FF010002,95FF010002
N20000629,95FF090001,95FF090001
N20000630,95FF080002,95FF080002
N20000631,95FF170001,95FF170001
N20000632,95FF030008,95FF030008
N20000633,95FF010005,95FF010005
N20000634,95FF080004,95FF080004
N20000635,95FF010007,95FF010007
N20000636,95FF030003,95FF030003
N20000637,95FF010005,95FF080001
N20000638,95FF080003,95FF080003
N20000639,95FF030004,95FF030004
N20000640,95FF080005,95FF080005
N20000641,95FF010005,95FF010005
N20000642,95FF130001,95FF130001
N20000643,95FF010008,95FF010008
N20000644,95FF130006,95FF130006
N20000645,95FF040002,95FF040002
N20000646,95FF130003,95FF130003
N20000647,95FF130002,95FF130002
N20000648,95FF040003,95FF040003
N20000649,95FF130005,95FF130005
N20000650,95FF110003,95FF020005
N20000651,95FF110002,95FF110002
N20000652,95FF130002,95FF130002
N20000653,95FF040005,95FF040005
N20000654,95CC190003,95CC190003
N20000655,95FF110003,95FF110003
N20000656,95FF110004,95FF110004
N20000657,95FF110005,95FF110005
N20000658,95FF110005,95FF110004
N20000659,95FF150002,95FF150001
N20000660,95FF150004,95FF150003
N20000661,95FF150005,95FF150005
N20000662,95FF150002,95FF150007
N20000663,95FF150007,95FF150007
N20000664,95CC100005,95CC100006
N20000665,95CC100005,95CC100005
N20000666,95CC200008,95CC200008
N20000667,95CC140004,95CC140004
N20000668,95CC200009,95CC200009
N20000669,95CC200007,95CC200001
N20000670,95CC140004,95CC140004
N20000671,95CC200002,95CC200002
N20000672,95CC210005,95CC210005
N20000673,95CC200004,95CC200005
N20000674,95CC100002,95CC100002
N20000675,95CC140006,95CC140006
N20000676,95CC090007,95CC090007
N20000677,95CC200005,95CC200005
N20000678,95CC140001,95CC210006
N20000679,95CC210007,95CC210007
N20000680,95CC140007,95CC140007
N20000681,95CC090002,95CC200005
N20000682,95CC210001,95CC210001
N20000683,95CC210002,95CC210002
N20000684,95CC210008,95CC210008
N20000685,95CC140002,95CC140002
N20000686,95CC210003,95CC210003
N20000687,95CC090004,95CC090004
N20000688,95CC120007,95CC120007
N20000689,95CC090006,95CC090006
N20000690,95CC090006,95CC090006
N20000691,95CC090005,95CC090005
N20000692,95CC190004,95CC190002
N20000693,95CC120004,95CC120007
N20000694,95CC190001,95CC190001
N20000695,95CC160007,95CC160007
N20000696,95CC160004,95CC160004
N20000697,95CC160005,95CC160005
N20000698,95CC160006,95CC160003
N20000699,95CC120001,95CC120001
N20000700,95CC160007,95CC160007
N20000701,95CC040003,95CC040003
N20000702,95CC120002,95CC120002
N20000703,95CC160001,95CC160001
N20000704,95CC190004,95CC190004
N20000705,95CC040002,95CC040002
N20000706,95CC040004,95CC040004
N20000707,95CC040001,95CC040001
N20000708,95CC160002,95CC160002
N20000709,95CC040005,95CC040005
N20000710,95CC040005,95CC040005
N20000711,95GG320004,95GG320004
N20000712,95GG320006,95GG320006
N20000713,95GG320004,95GG320004
N20000714,95GG060020,95GG060020
N20000715,95GG320006,95GG320006
N20000716,95GG060005,95GG060005
N20000717,95GG060006,95GG060006
N20000718,95GG060008,95GG060008
N20000719,95GG320009,95GG320008
N20000720,95GG060004,95GG060004
N20000721,95GG320007,95GG320007
N20000722,95GG060013,95GG060013
N20000723,95GG060016,95GG060010
N20000724,95GG320006,95GG320006
N20000725,95GG320009,95GG320009
N20000726,95GG170013,95GG170013
N20000727,95GG060015,95GG060015
N20000728,95GG320010,95GG320010
N20000729,95GG060018,95GG060018
N20000730,95GG060019,95GG060019
N20000731,95GG320012,95GG320012
N20000732,95GG170007,95GG170007
N20000733,95GG170001,95GG170001
N20000734,95GG470017,95GG470017
N20000735,95GG170007,95GG170007
N20000736,95GG320016,95GG320016
N20000737,95GG320015,95GG320015
N20000738,95GG470017,95GG470017
N20000739,95GG170008,95GG170008
N20000740,95GG170004,95GG170004
N20000741,95GG170003,95GG170012
N20000742,95GG320017,95GG320017
N20000743,95GG020017,95GG170008
N20000744,95GG170009,95GG170009
N20000745,95GG470003,95GG470003
N20000746,95GG170006,95GG170006
N20000747,95GG470003,95GG470003
N20000748,95GG020018,95GG020018
N20000749,95GG170006,95GG170006
N20000750,95GG470005,95GG470005
N20000751,95GG020008,95GG020008
N20000752,95GG020020,95GG020020
N20000753,95GG020019,95GG020019
N20000754,95GG470004,95GG470005
N20000755,95GG020006,95GG020006
N20000756,95GG320003,95GG020005
N20000757,95GG470008,95GG470008
N20000758,95GG020007,95GG020007
N20000759,95GG470010,95GG470010
N20000760,95GG020011,95GG020012
N20000761,95GG470007,95GG470007
N20000762,95GG020015,95GG020015
N20000763,95GG190007,95GG190007
N20000764,95GG470011,95GG470011
N20000765,95GG020009,95GG020009
N20000766,95GG350007,95GG350007
N20000767,95GG190008,95GG190008
N20000768,95GG020009,95GG020001
N20000769,95GG350006,95GG350006
N20000770,95GG190014,95GG190014
N20000771,95GG350009,95GG350010
N20000772,95GG470011,95GG470011
N20000773,95GG350013,95GG350013
N20000774,95GG470014,95GG470014
N20000775,95GG470015,95GG470012
N20000776,95GG190009,95GG190009
N20000777,95GG350010,95GG350010
N20000778,95GG350015,95GG350015
N20000779,95GG350014,95GG350012
N20000780,95GG350014,95GG350014
N20000781,95GG350001,95GG350001
N20000782,95GG350016,95GG350016
N20000783,95GG470015,95GG350016
N20000784,95GG350003,95GG350003
N20000785,95GG350005,95GG350005
N20000786,95GG350004,95GG350004
N20000787,95GG080012,95GG080012
N20000788,95GG080015,95GG080015
N20000789,95GG080015,95GG080015
N20000790,95GG080005,95GG080002
N20000791,95GG080008,95GG080002
N20000792,95GG080003,95GG080003
N20000793,95GG080006,95GG080006
N20000794,95GG080010,95GG080009
N20000795,95GG080001,95GG080001
N20000796,95GG140008,95GG140008
N20000797,95GG130010,95GG130012
N20000798,95GG130011,95GG130011
N20000799,95GG130010,95GG130010
N20000800,95GG130016,95GG130016
N20000801,95GG130002,95GG130002
N20000802,95GG140013,95GG140013
N20000803,95GG130001,95GG130001
N20000804,95GG130003,95GG130003
N20000805,95GG140015,95GG140015
N20000806,95GG140008,95GG140008
N20000807,95GG140014,95GG140014
N20000808,95GG140001,95GG140001
N20000809,95GG140003,95GG140003
N20000810,95GG130006,95GG130006
N20000811,95GG130005,95GG130007
N20000812,95GG240015,95GG240015
N20000813,95GG130008,95GG130008
N20000814,95GG140004,95GG140004
N20000815,95GG160005,95GG160005
N20000816,95GG140005,95GG140005
N20000817,95GG240014,95GG240003
N20000818,95GG160004,95GG160004
N20000819,95GG060003,95GG060003
N20000820,95GG060001,95GG060007
N20000821,95GG240002,95GG240002
N20000822,95GG240016,95GG240016
N20000823,95GG240003,95GG240003
N20000824,95GG160006,95GG160006
N20000825,95GG200006,95GG200006
N20000826,95GG240011,95GG240011
N20000827,95GG140007,95GG160009
N20000828,95GG240008,95GG240008
N20000829,95GG240009,95GG240009
N20000830,95GG160007,95GG160007
N20000831,95GG240005,95GG240005
N20000832,95GG240012,95GG240011
N20000833,95GG160014,95GG160002
N20000834,95GG160008,95GG160008
N20000835,95GG200006,95GG200007
N20000836,95GG160014,95GG160014
N20000837,95GG240013,95GG240013
N20000838,95GG160011,95GG160011
N20000839,95GG160015,95GG160015
N20000840,95GG160016,95GG160016
N20000841,95GG200008,95GG200008
N20000842,95GG200010,95GG200010
N20000843,95GG470018,95GG470019
N20000844,95GG200011,95GG200006
N20000845,95GG200012,95GG200010
N20000846,95GG470020,95GG470020
N20000847,95GG200013,95GG200013
N20000848,95GG200014,95GG200014
N20000849,95GG470006,95GG470006
N20000850,95GG200015,95GG200003
N20000851,95GG200001,95GG200001
N20000852,95GG200016,95GG200005
N20000853,95GG200004,95GG200004
N20000854,95GG200003,95GG200003
N20000855,95GG200003,95GG200003
N20000856,95GG430001,95GG430001
N20000857,95GG290003,95GG290003
N20000858,95GG430001,95GG430001
N20000859,95GG430003,95GG430003
N20000860,95GG430010,95GG430010
N20000861,95GG430011,95GG430007
N20000862,95GG430010,95GG430009
N20000863,95GG430007,95GG430007
N20000864,95GG430013,95GG430013
N20000865,95GG430014,95GG430014
N20000866,95GG430015,95GG430015
N20000867,95GG290001,95GG290001
N20000868,95GG430016,95GG430016
N20000869,95GG430012,95GG430019
N20000870,95GG290003,95GG290005
N20000871,95GG290001,95GG290001
N20000872,95GG290006,95GG290006
N20000873,95GG290003,95GG040008
N20000874,95GG290004,95GG290004
N20000875,95GG290002,95GG290010
N20000876,95GG290012,95GG290012
N20000877,95GG290013,95GG290011
N20000878,95GG290014,95GG290014
N20000879,95GG290009,95GG290014
N20000880,95GG290010,95GG290010
N20000881,95GG030010,95GG030010
N20000882,95GG290003,95GG290003
N20000883,95GG030008,95GG030008
N20000884,95GG040013,95GG040013
N20000885,95GG290003,95GG040003
N20000886,95GG040006,95GG040006
N20000887,95GG040003,95GG040003
N20000888,95GG290016,95GG290016
N20000889,95GG030011,95GG030011
N20000890,95GG030007,95GG030007
N20000891,95GG110009,95GG110009
N20000892,95GG040001,95GG040002
N20000893,95GG040002,95GG040009
N20000894,95GG040014,95GG040014
N20000895,95GG110012,95GG110012
N20000896,95GG040016,95GG040016
N20000897,95GG110011,95GG110011
N20000898,95GG110012,95GG110012
N20000899,95GG110019,95GG110019
N20000900,95GG440015,95GG440015
N20000901,95GG440017,95GG440017
N20000902,95GG030017,95GG030017
N20000903,95GG440016,95GG440018
N20000904,95GG040012,95GG040012
N20000905,95GG440017,95GG440017
N20000906,95GG110016,95GG110016
N20000907,95GG110017,95GG110017
N20000908,95GG440002,95GG440003
N20000909,95GG110003,95GG110018
N20000910,95GG440001,95GG440001
N20000911,95GG110019,95GG110019
N20000912,95GG500010,95GG500010
N20000913,95GG500013,95GG500013
N20000914,95GG440004,95GG440004
N20000915,95GG440005,95GG440005
N20000916,95GG110001,95GG110021
N20000917,95GG110017,95GG110004
N20000918,95GG500012,95GG500011
N20000919,95GG440007,95GG440007
N20000920,95GG110021,95GG110021
N20000921,95GG440006,95GG440006
N20000922,95GG500013,95GG500013
N20000923,95GG110002,95GG110002
N20000924,95GG500016,95GG500016
N20000925,95GG440006,95GG440006
N20000926,95GG110006,95GG110006
N20000927,95GG440008,95GG440009
N20000928,95GG500015,95GG500015
N20000929,95GG110008,95GG110008
N20000930,95GG500019,95GG500019
N20000931,95GG500019,95GG500018
N20000932,95GG440013,95GG440013
N20000933,95GG440012,95GG440010
N20000934,95GG500003,95GG500020
N20000935,95GG360014,95GG360014
N20000936,95GG440014,95GG440011
N20000937,95GG360004,95GG440013
N20000938,95GG500004,95GG500002
N20000939,95GG500006,95GG500003
N20000940,95GG500007,95GG500007
N20000941,95GG500008,95GG500002
N20000942,95GG370018,95GG370018
N20000943,95GG500005,95GG500009
N20000944,95GG370018,95GG370018
N20000945,95XX200008,95GG090012
N20000946,95XX200008,95XX200008
N20000947,95GG090014,95GG090014
N20000948,95GG090013,95GG090018
N20000949,95GG090019,95GG090017
N20000950,95GG090020,95GG090002
N20000951,95GG410005,95GG410005
N20000952,95GG410003,95GG410003
N20000953,95GG410004,95GG410004
N20000954,95GG410005,95GG410005
N20000955,95GG410003,95GG410003
N20000956,95GG090004,95GG090004
N20000957,95GG090001,95GG090001
N20000958,95GG090006,95GG090006
N20000959,95GG410007,95GG410006
N20000960,95GG410003,95GG410003
N20000961,95GG090010,95GG090010
N20000962,95GG090008,95GG090008
N20000963,95GG090010,95GG090010
N20000964,95GG030019,95GG030020
N20000965,95GG410011,95GG410010
N20000966,95GG030003,95GG030003
N20000967,95GG410014,95GG410014
N20000968,95GG410015,95GG410015
N20000969,95GG030001,95GG030001
N20000970,95GG410017,95GG410013
N20000971,95GG410012,95GG410012
N20000972,95GG030005,95GG030005
N20000973,95GG030006,95GG030006
N20000974,95GG410001,95GG410001
N20000975,95GG030014,95GG030014
N20000976,95GG030015,95GG030015
N20000977,95GG150013,95GG150013
N20000978,95GG150019,95GG150019
N20000979,95GG150016,95GG150016
N20000980,95GG150005,95GG150005
N20000981,95GG150001,95GG150018
N20000982,95GG410002,95GG410002
N20000983,95GG300006,95GG300006
N20000984,95GG030017,95GG030017
N20000985,95GG030014,95GG030018
N20000986,95GG150002,95GG150002
N20000987,95GG300008,95GG300008
N20000988,95GG150003,95GG150006
N20000989,95II210003,95II210003
N20000990,95GG300001,95GG300001
N20000991,95II210002,95II210002
N20000992,95II120007,95II120007
N20000993,95GG300012,95GG300010
N20000994,95GG300013,95GG300013
N20000995,95GG300007,95GG300007
N20000996,95II210004,95II210004
N20000997,95GG150007,95GG150006
N20000998,95II120008,95II120008
N20000999,95II210006,95II210006
N20001000,95GG300017,95GG300017
N20001001,95GG150009,95GG150009
N20001002,95II120001,95II120001
N20001003,95GG300003,95GG300003
N20001004,95II210008,95II210008
N20001005,95GG150008,95GG150008
N20001006,95II120004,95II120004
N20001007,95II010001,95II010001
N20001008,95II120005,95II120005
N20001009,95GG300002,95GG300002
N20001010,95GG150011,95GG150011
N20001011,95II220002,95II220002
N20001012,95II170002,95II170002
N20001013,95II010010,95II220003
N20001014,95II170003,95II170003
N20001015,95II220003,95II220003
N20001016,95II220003,95II220003
N20001017,95GG360015,95GG360015
N20001018,95GG360018,95GG360018
N20001019,95GG360002,95GG360002
N20001020,95GG360016,95GG360016
N20001021,95GG370003,95GG370003
N20001022,95GG360006,95GG360001
N20001023,95GG360009,95GG360009
N20001024,95GG370005,95GG370006
N20001025,95GG360009,95GG360009
N20001026,95GG370020,95GG370020
N20001027,95GG370001,95GG370001
N20001028,95GG360007,95GG360008
N20001029,95GG370007,95GG370007
N20001030,95GG370008,95GG370008
N20001031,95GG360013,95GG360013
N20001032,95GG370011,95GG370011
N20001033,95GG360012,95GG360010
N20001034,95II160005,95II160005
N20001035,95GG370012,95GG370012
N20001036,95GG370015,95GG370015
N20001037,95GG370016,95GG370014
N20001038,95II160004,95II160004
N20001039,95II170009,95II170004
N20001040,95II160002,95II160002
N20001041,95II070005,95II070006
N20001042,95GG370014,95GG370014
N20001043,95II160004,95II160004
N20001044,95II070009,95II080001
N20001045,95II170007,95II170007
N20001046,95II080003,95II080007
N20001047,95II220006,95II220006
N20001048,95II160007,95II160007
N20001049,95II160006,95II140003
N20001050,95II140005,95II140005
N20001051,95II160001,95II160001
N20001052,95II140004,95II140004
N20001053,95GG380008,95GG380008
N20001054,95II080006,95II080006
N20001055,95II070003,95II070003
N20001056,95II080008,95II080008
N20001057,95GG380013,95GG380013
N20001058,95II070001,95II070001
N20001059,95GG380010,95GG380012
N20001060,95II160003,95II160003
N20001061,95GG380011,95GG380011
N20001062,95GG380012,95GG380012
N20001063,95GG380016,95II230005
N20001064,95GG380010,95GG380010
N20001065,95II230004,95II230004
N20001066,95GG380010,95GG380010
N20001067,95II170008,95II170008
N20001068,95II230001,95II230001
N20001069,95II230007,95II230007
N20001070,95GG380002,95GG380002
N20001071,95II230006,95II230006
N20001072,95GG380003,95GG380005
N20001073,95GG380018,95GG380018
N20001074,95II140001,95II140001
N20001075,95II230002,95II230002
N20001076,95II230003,95GG380006
N20001077,95II110001,95II110001
N20001078,95II140002,95II140002
N20001079,95GG390015,95GG390015
N20001080,95GG390015,95GG390015
N20001081,95GG390013,95GG390013
N20001082,95GG390002,95GG390002
N20001083,95GG390002,95GG390002
N20001084,95GG390012,95GG390012
N20001085,95GG390015,95GG390015
N20001086,95GG390016,95GG390016
N20001087,95GG390015,95GG390015
N20001088,95GG390021,95GG390020
N20001089,95GG390020,95GG390020
N20001090,95GG390020,95GG390020
N20001091,95GG390003,95GG390003
N20001092,95GG100011,95GG100011
N20001093,95GG390001,95GG390020
N20001094,95GG120018,95GG390003
N20001095,95GG390005,95GG390004
N20001096,95GG100012,95GG100012
N20001097,95GG390023,95GG390023
N20001098,95GG100001,95GG100013
N20001099,95GG390007,95GG390007
N20001100,95GG390005,95GG390010
N20001101,95GG120023,95GG390023
N20001102,95GG390009,95GG390009
N20001103,95GG120009,95GG120009
N20001104,95GG100016,95GG100016
N20001105,95GG120026,95GG120022
N20001106,95GG100006,95GG100014
N20001107,95GG120024,95GG120024
N20001108,95GG390009,95GG390009
N20001109,95GG120019,95GG120019
N20001110,95GG120020,95GG120020
N20001111,95GG100002,95GG100005
N20001112,95GG120009,95GG120009
N20001113,95GG120025,95GG120025
N20001114,95GG120028,95GG120001
N20001115,95GG490013,95GG490013
N20001116,95GG100003,95GG100003
N20001117,95GG100004,95GG100004
N20001118,95GG120029,95GG120029
N20001119,95GG120006,95GG120009
N20001120,95GG120001,95GG120001
N20001121,95GG370005,95GG370005
N20001122,95GG490014,95GG490014
N20001123,95GG120003,95GG120003
N20001124,95GG490016,95GG490016
N20001125,95GG490017,95GG490017
N20001126,95GG490020,95GG100006
N20001127,95GG120002,95GG120002
N20001128,95GG100008,95GG100008
N20001129,95GG100010,95GG100010
N20001130,95GG120010,95GG120010
N20001131,95GG120013,95GG120013
N20001132,95GG120003,95GG120003
N20001133,95GG490019,95GG490019
N20001134,95GG120006,95GG120011
N20001135,95GG120014,95GG120014
N20001136,95GG120012,95GG120012
N20001137,95GG120016,95GG120016
N20001138,95GG050010,95GG050009
N20001139,95GG490023,95GG490023
N20001140,95GG490024,95GG490024
N20001141,95GG050010,95GG050010
N20001142,95GG120011,95GG120011
N20001143,95GG490003,95GG490002
N20001144,95GG490004,95GG490004
N20001145,95GG050013,95GG050013
N20001146,95GG050011,95GG050018
N20001147,95GG050009,95GG050009
N20001148,95GG490008,95GG490008
N20001149,95GG100009,95GG100009
N20001150,95GG050013,95GG050011
N20001151,95GG120017,95GG120017
N20001152,95GG490007,95GG490007
N20001153,95GG420004,95GG420004
N20001154,95GG050015,95GG050015
N20001155,95GG050019,95GG050019
N20001156,95GG490010,95GG490010
N20001157,95GG420002,95GG420002
N20001158,95GG050016,95GG050016
N20001159,95GG050002,95GG050019
N20001160,95GG050018,95GG050018
N20001161,95GG490012,95GG490012
N20001162,95GG420006,95GG420006
N20001163,95GG050003,95GG050003
N20001164,95GG050001,95GG050001
N20001165,95GG050005,95GG050006
N20001166,95GG050007,95GG050007
N20001167,95GG490009,95GG330013
N20001168,95GG420002,95GG420007
N20001169,95GG420008,95GG420006
N20001170,95GG420010,95GG420007
N20001171,95GG420008,95GG420008
N20001172,95GG420008,95GG420012
N20001173,95GG420014,95GG420014
N20001174,95GG420012,95GG420015
N20001175,95GG420013,95GG420013
N20001176,95GG420017,95GG420017
N20001177,95GG420019,95GG420019
N20001178,95GG420019,95GG420019
N20001179,95GG330012,95GG330012
N20001180,95GG330016,95GG330016
N20001181,95GG330017,95GG330017
N20001182,95GG330016,95GG330017
N20001183,95GG330002,95GG330003
N20001184,95GG340003,95GG340003
N20001185,95GG330004,95GG330004
N20001186,95GG330003,95GG330003
N20001187,95GG380001,95GG380001
N20001188,95GG380001,95GG380001
N20001189,95GG330007,95GG330007
N20001190,95GG340016,95GG340016
N20001191,95GG330005,95GG330005
N20001192,95GG340004,95GG340004
N20001193,95GG330008,95GG330008
N20001194,95GG330005,95GG330005
N20001195,95GG340008,95GG340008
N20001196,95GG330009,95GG330009
N20001197,95GG340009,95GG340009
N20001198,95GG330010,95GG330010
N20001199,95GG450014,95GG450014
N20001200,95II200002,95II200002
N20001201,95GG340006,95GG340006
N20001202,95GG230002,95GG230001
N20001203,95GG340010,95GG340011
N20001204,95GG230003,95GG230003
N20001205,95GG340012,95GG340012
N20001206,95GG340014,95GG340014
N20001207,95GG450017,95GG450017
N20001208,95GG450003,95GG450003
N20001209,95GG230007,95GG230007
N20001210,95GG340013,95GG340013
N20001211,95GG450010,95GG450010
N20001212,95GG230006,95GG230006
N20001213,95GG450005,95GG450005
N20001214,95GG450007,95GG450007
N20001215,95GG230007,95GG230007
N20001216,95GG450008,95GG450008
N20001217,95GG450015,95GG450015
N20001218,95GG450002,95GG450002
N20001219,95GG450012,95GG450012
N20001220,95GG230015,95GG230009
N20001221,95GG230001,95GG230001
N20001222,95II020001,95II020003
N20001223,95II020007,95II020007
N20001224,95II180001,95II180001
N20001225,95II180007,95II180007
N20001226,95GG450013,95GG450013
N20001227,95II020014,95II020014
N20001228,95II180003,95II180003
N20001229,95II020014,95II020014
N20001230,95GG230010,95GG230010
N20001231,95GG450011,95SS090008
N20001232,95II180005,95II180005
N20001233,95GG450011,95GG230010
N20001234,95SS090008,95SS090008
N20001235,95GG010014,95GG010014
N20001236,95GG010003,95GG250016
N20001237,95GG310009,95GG310009
N20001238,95GG010004,95GG010004
N20001239,95SS060004,95SS060004
N20001240,95GG310007,95GG310008
N20001241,95SS260008,95SS260007
N20001242,95GG310013,95GG310013
N20001243,95SS260010,95SS260002
N20001244,95GG310011,95GG310011
N20001245,95GG310016,95GG310014
N20001246,95SS260003,95SS260003
N20001247,95GG310002,95GG310002
N20001248,95SS260004,95SS260004
N20001249,95GG310004,95GG310005
N20001250,95SS260005,95SS260005
N20001251,95GG310003,95GG310003
N20001252,95SS260006,95SS260006
N20001253,95GG310001,95GG310001
N20001254,95GG310005,95GG310005
N20001255,95SS060006,95SS060006
N20001256,95SS060005,95SS060005
N20001257,95SS060009,95SS060008
N20001258,95SS100007,95GG310005
N20001259,95SS160005,95SS160004
N20001260,95SS100009,95SS100009
N20001261,95SS060010,95SS060012
N20001262,95SS060011,95SS060011
N20001263,95SS060013,95SS060013
N20001264,95SS100009,95SS100009
N20001265,95SS160006,95SS160006
N20001266,95SS060012,95SS060012
N20001267,95SS070012,95SS070012
N20001268,95SS070012,95SS070012
N20001269,95SS160008,95SS160008
N20001270,95SS160007,95SS160007
N20001271,95SS100010,95SS100010
N20001272,95SS060002,95SS060002
N20001273,95SS070012,95SS070012
N20001274,95SS100010,95SS100010
N20001275,95SS100004,95SS100003
N20001276,95SS290002,95SS290002
N20001277,95SS060003,95SS060003
N20001278,95SS070012,95SS070012
N20001279,95SS070012,95SS070012
N20001280,95SS100003,95SS100001
N20001281,95SS100001,95SS100002
N20001282,95SS070004,95SS070004
N20001283,95SS290005,95SS290004
N20001284,95SS070012,95SS070012
N20001285,95SS100012,95SS100012
N20001286,95SS290005,95SS290005
N20001287,95SS290001,95SS290001
N20001288,95SS290004,95SS290006
N20001289,95SS100005,95SS100005
N20001290,95SS070007,95SS070007
N20001291,95SS070012,95SS070012
N20001292,95SS270006,95SS270006
N20001293,95SS290008,95SS290008
N20001294,95SS270005,95SS270005
N20001295,95SS290009,95SS290009
N20001296,95SS270009,95SS270009
N20001297,95GG460003,95GG460003
N20001298,95GG460002,95GG460002
N20001299,95GG460001,95GG460001
N20001300,95GG480003,95GG480003
N20001301,95GG480006,95GG480004
N20001302,95GG480007,95GG480002
N20001303,95GG070003,95GG070003
N20001304,95GG070004,95GG070004
N20001305,95GG480003,95GG480005
N20001306,95GG480011,95GG480011
N20001307,95GG070009,95GG070009
N20001308,95GG460004,95GG460006
N20001309,95GG270010,95GG270010
N20001310,95GG480008,95GG480011
N20001311,95GG070006,95GG070006
N20001312,95GG070010,95GG070010
N20001313,95GG480010,95GG480012
N20001314,95GG480001,95GG480001
N20001315,95GG070012,95GG070012
N20001316,95GG480013,95GG480013
N20001317,95GG460011,95GG460009
N20001318,95GG070014,95GG070014
N20001319,95GG480013,95GG480009
N20001320,95GG220004,95GG220004
N20001321,95GG070015,95GG070015
N20001322,95GG070013,95GG070016
N20001323,95GG460008,95GG460008
N20001324,95GG070017,95GG070017
N20001325,95GG460012,95GG460013
N20001326,95GG220009,95GG220009
N20001327,95GG220004,95GG220004
N20001328,95GG250002,95GG250002
N20001329,95GG220011,95GG220011
N20001330,95GG220010,95GG220010
N20001331,95GG220008,95GG220008
N20001332,95GG250003,95GG250003
N20001333,95GG220015,95GG220015
N20001334,95GG220014,95GG220014
N20001335,95GG250005,95GG250005
N20001336,95GG220002,95GG220002
N20001337,95GG250006,95GG250006
N20001338,95GG270010,95GG270010
N20001339,95GG250005,95GG250007
N20001340,95GG220017,95GG220017
N20001341,95GG270013,95GG270013
N20001342,95GG250011,95GG250011
N20001343,95GG250004,95GG250007
N20001344,95GG250010,95GG250010
N20001345,95GG010007,95GG010007
N20001346,95GG270014,95GG270014
N20001347,95GG220001,95GG220001
N20001348,95GG270016,95GG270016
N20001349,95GG250013,95GG250013
N20001350,95GG220003,95GG220003
N20001351,95GG270005,95GG270005
N20001352,95GG250017,95GG250017
N20001353,95GG250015,95GG250009
N20001354,95GG010009,95GG010009
N20001355,95GG250017,95GG250014
N20001356,95GG250016,95GG250016
N20001357,95GG010012,95GG010012
N20001358,95GG270015,95GG270006
N20001359,95GG270019,95GG270004
N20001360,95GG270004,95GG270004
N20001361,95GG010013,95GG010013
N20001362,95GG270002,95GG270002
N20001363,95GG270009,95GG270009
N20001364,95GG010002,95GG010015
N20001365,95GG270008,95GG270008
N20001366,95GG010016,95GG010016
N20001367,95GG010001,95GG010001
N20001368,95GG010006,95GG010006
N20001369,95GG260006,95GG260006
N20001370,95GG260008,95GG260008
N20001371,95GG320002,95GG320018
N20001372,95GG260010,95GG260010
N20001373,95GG320001,95GG320001
N20001374,95GG260014,95GG260014
N20001375,95GG510002,95GG510002
N20001376,95GG260013,95GG260013
N20001377,95GG510002,95GG510006
N20001378,95GG260006,95GG260006
N20001379,95GG260002,95GG260004
N20001380,95GG260005,95GG280012
N20001381,95GG510008,95GG510008
N20001382,95GG510005,95GG510005
N20001383,95GG190002,95GG190002
N20001384,95GG510010,95GG510009
N20001385,95GG190014,95GG190014
N20001386,95GG260005,95GG260005
N20001387,95GG190011,95GG190011
N20001388,95GG280015,95GG280012
N20001389,95GG400012,95GG400012
N20001390,95GG190016,95GG190016
N20001391,95GG280001,95GG280001
N20001392,95GG280014,95GG280014
N20001393,95GG190006,95GG190006
N20001394,95GG510013,95GG510012
N20001395,95GG190017,95GG190017
N20001396,95GG400015,95GG400015
N20001397,95GG190015,95GG190015
N20001398,95GG400014,95GG400014
N20001399,95GG190001,95GG190001
N20001400,95GG510001,95GG510001
N20001401,95GG280016,95GG280016
N20001402,95GG280001,95GG280001
N20001403,95GG280002,95GG280006
N20001404,95GG510016,95GG510016
N20001405,95GG280005,95GG280003
N20001406,95GG400014,95GG400006
N20001407,95GG400003,95GG400003
N20001408,95GG400009,95GG400002
N20001409,95GG400008,95GG400008
N20001410,95GG400005,95GG400010
N20001411,95GG400001,95GG400001
N20001412,95GG400006,95GG400006
N20001413,95GG510018,95GG510017
N20001414,95GG210003,95GG210003
N20001415,95GG400011,95GG400001
N20001416,95GG280010,95GG280010
N20001417,95GG280008,95GG280008
N20001418,95GG210002,95GG210003
N20001419,95GG180011,95GG180011
N20001420,95GG180010,95GG180010
N20001421,95GG210004,95GG210004
N20001422,95GG280004,95GG280004
N20001423,95GG210003,95GG210006
N20001424,95GG280011,95GG280009
N20001425,95GG180012,95GG180012
N20001426,95GG180013,95GG180013
N20001427,95GG180011,95GG180011
N20001428,95GG180009,95GG070001
N20001429,95GG210006,95GG210006
N20001430,95GG210005,95GG210005
N20001431,95GG210008,95GG210008
N20001432,95GG210008,95GG210008
N20001433,95GG210005,95GG210001
N20001434,95GG180005,95GG180005
N20001435,95GG180002,95GG180002
N20001436,95GG070001,95GG070001
N20001437,95GG210007,95GG210007
N20001438,95GG210009,95GG210009
N20001439,95GG180004,95GG180004
N20001440,95GG210012,95GG210007
N20001441,95GG180008,95GG180008
N20001442,95GG070005,95GG070005
N20001443,95GG180007,95GG180007
N20001444,95GG210011,95GG210011
N20001445,95GG210013,95GG210007
N20001446,95RR020003,95RR020003
N20001447,95RR090004,95RR090004
N20001448,95RR090003,95RR090003
N20001449,95RR020004,95RR020004
N20001450,95RR020005,95RR020005
N20001451,95RR020003,95RR020003
N20001452,95RR090004,95RR090004
N20001453,95RR090004,95RR090004
N20001454,95RR090008,95RR090008
N20001455,95RR090008,95RR090008
N20001456,95RR090008,95RR090008
N20001457,95RR020001,95RR020001
N20001458,95RR080002,95RR080002
N20001459,95RR070001,95RR070001
N20001460,95RR090007,95RR090007
N20001461,95RR080001,95RR080001
N20001462,95RR080004,95RR080004
N20001463,95RR080001,95RR080001
N20001464,95RR140001,95RR140001
N20001465,95RR140003,95RR140003
N20001466,95RR150005,95RR150005
N20001467,95RR140002,95RR140004
N20001468,95RR140004,95RR140004
N20001469,95RR040001,95RR040003
N20001470,95RR040002,95RR040002
N20001471,95RR040005,95RR040005
N20001472,95RR060004,95RR060004
N20001473,95RR150001,95RR150001
N20001474,95RR040006,95RR040006
N20001475,95RR150002,95RR150002
N20001476,95RR150003,95RR150002
N20001477,95RR060003,95RR060003
N20001478,95RR150004,95RR150004
N20001479,95RR060001,95RR060001
N20001480,95RR060001,95RR060001
N20001481,95RR110004,95RR110004
N20001482,95RR110004,95RR110004
N20001483,95RR010002,95RR010002
N20001484,95RR110003,95RR110003
N20001485,95RR010001,95RR010001
N20001486,95RR130002,95RR130002
N20001487,95RR130001,95RR130001
N20001488,95RR130006,95RR130006
N20001489,95RR120002,95RR120002
N20001490,95RR120002,95RR120002
N20001491,95RR010005,95RR010002
N20001492,95RR010004,95RR010004
N20001493,95RR130003,95RR130003
N20001494,95RR120005,95RR120005
N20001495,95RR100002,95RR100004
N20001496,95RR030004,95RR030004
N20001497,95RR010005,95RR010006
N20001498,95RR030005,95RR030005
N20001499,95RR050005,95RR050007
N20001500,95RR030004,95RR030002
N20001501,95RR010008,95RR010008
N20001502,95RR050006,95RR050006
N20001503,95RR010006,95RR010006
N20001504,95RR100002,95RR100002
N20001505,95RR050002,95RR050002
N20001506,95RR010008,95RR010007
N20001507,95RR100001,95RR030003
N20001508,95RR050004,95RR050008
N20001509,95RR030003,95RR030003
N20001510,95RR050003,95RR070006
N20001511,95RR070003,95RR070003
N20001512,95RR070003,95RR070003
N20001513,95RR070002,95RR070002
N20001514,95JJ040002,95JJ040006
N20001515,95JJ040003,95JJ040003
N20001516,95JJ140001,95JJ040005
N20001517,95JJ040001,95JJ040008
N20001518,95JJ140001,95JJ140001
N20001519,95JJ140001,95JJ040005
N20001520,95JJ040008,95JJ040008
N20001521,95JJ140003,95JJ140003
N20001522,95JJ140002,95JJ140002
N20001523,95JJ140003,95JJ140003
N20001524,95JJ200001,95JJ140003
N20001525,95JJ140002,95JJ140002
N20001526,95JJ010006,95JJ010006
N20001527,95JJ170001,95JJ140006
N20001528,95JJ010001,95JJ010001
N20001529,95JJ170003,95JJ170003
N20001530,95JJ010002,95JJ010002
N20001531,95JJ170004,95JJ170004
N20001532,95JJ170002,95JJ170002
N20001533,95JJ010004,95JJ010003
N20001534,95JJ170004,95JJ170004
N20001535,95JJ100007,95JJ100001
N20001536,95JJ100003,95JJ100003
N20001537,95JJ100002,95JJ100002
N20001538,95JJ170005,95JJ170005
N20001539,95JJ010004,95JJ010004
N20001540,95JJ120004,95JJ120004
N20001541,95JJ120002,95JJ120007
N20001542,95JJ100005,95JJ100006
N20001543,95JJ120003,95JJ120002
N20001544,95JJ120001,95JJ120001
N20001545,95JJ120003,95JJ120003
N20001546,95JJ100006,95JJ100006
N20001547,95JJ030006,95JJ030006
N20001548,95JJ210006,95JJ210006
N20001549,95JJ210007,95JJ210007
N20001550,95JJ030009,95JJ030009
N20001551,95JJ030002,95JJ030002
N20001552,95JJ030001,95JJ030001
N20001553,95JJ030004,95JJ030004
N20001554,95JJ210001,95JJ210001
N20001555,95JJ210002,95JJ210002
N20001556,95JJ070003,95JJ070003
N20001557,95JJ070003,95JJ070004
N20001558,95JJ220001,95JJ220001
N20001559,95JJ070003,95JJ070006
N20001560,95JJ220004,95JJ220003
N20001561,95JJ210004,95JJ210004
N20001562,95JJ050003,95JJ050003
N20001563,95JJ070005,95JJ070006
N20001564,95JJ070007,95JJ070007
N20001565,95JJ050006,95JJ050006
N20001566,95JJ070002,95JJ070002
N20001567,95JJ050001,95JJ220005
N20001568,95JJ220006,95JJ220006
N20001569,95JJ220004,95JJ220004
N20001570,95JJ150002,95JJ150002
N20001571,95JJ050001,95JJ050001
N20001572,95JJ050006,95JJ050006
N20001573,95JJ060004,95JJ060004
N20001574,95JJ060002,95JJ060002
N20001575,95JJ060008,95JJ060008
N20001576,95JJ150003,95JJ150003
N20001577,95JJ150001,95JJ150001
N20001578,95JJ060001,95JJ060001
N20001579,95JJ060006,95JJ060006
N20001580,95JJ060004,95JJ060004
N20001581,95JJ200009,95JJ200008
N20001582,95JJ150004,95JJ150004
N20001583,95JJ200007,95JJ200008
N20001584,95JJ200004,95JJ200004
N20001585,95JJ150004,95JJ130006
N20001586,95JJ130010,95JJ130010
N20001587,95JJ130006,95JJ130006
N20001588,95JJ200011,95JJ200011
N20001589,95JJ200012,95JJ200013
N20001590,95JJ150006,95JJ150006
N20001591,95JJ130002,95JJ130002
N20001592,95JJ200011,95JJ200011
N20001593,95JJ200003,95JJ200003
N20001594,95JJ130008,95JJ130008
N20001595,95JJ130004,95JJ130004
N20001596,95JJ130003,95JJ130003
N20001597,95UU070001,95UU070001
N20001598,95UU040002,95JJ090006
N20001599,95JJ180004,95JJ180004
N20001600,95UU040003,95UU040003
N20001601,95UU040001,95UU040001
N20001602,95JJ090002,95JJ090002
N20001603,95JJ180003,95JJ180003
N20001604,95JJ020009,95JJ180006
N20001605,95UU020002,95UU020002
N20001606,95UU020003,95UU020003
N20001607,95JJ180008,95JJ180008
N20001608,95JJ180007,95JJ180001
N20001609,95JJ180008,95JJ180008
N20001610,95JJ110006,95JJ020009
N20001611,95JJ110007,95JJ110004
N20001612,95JJ020001,95JJ020001
N20001613,95JJ110009,95JJ110009
N20001614,95JJ110010,95JJ110001
N20001615,95JJ110010,95JJ110010
N20001616,95JJ020002,95JJ020002
N20001617,95JJ090004,95JJ090004
N20001618,95JJ110003,95JJ110003
N20001619,95UU050003,95UU050003
N20001620,95JJ020006,95JJ020006
N20001621,95JJ160005,95JJ160005
N20001622,95JJ020007,95JJ020007
N20001623,95JJ020005,95JJ020005
N20001624,95JJ020008,95JJ020008
N20001625,95JJ080003,95JJ080003
N20001626,95JJ160007,95JJ160007
N20001627,95JJ080002,95JJ080002
N20001628,95JJ190004,95JJ190006
N20001629,95JJ160003,95JJ160004
N20001630,95JJ190001,95JJ190005
N20001631,95JJ190007,95JJ190007
N20001632,95JJ190008,95JJ190008
N20001633,95JJ190009,95JJ190007
N20001634,95JJ080001,95JJ080008
N20001635,95JJ190003,95JJ190009
N20001636,95UU020001,95UU020001
N20001637,95JJ190002,95JJ190002
N20001638,95JJ080005,95JJ080005
N20001639,95UU050002,95UU050001
N20001640,95JJ090001,95JJ090001
N20001641,95JJ090004,95JJ090004
N20001642,95EE020003,95EE020001
N20001643,95EE020004,95EE020004
N20001644,95JJ090001,95JJ090001
N20001645,95EE050004,95EE050004
N20001646,95EE050001,95EE050001
N20001647,95JJ080007,95JJ080007
N20001648,95EE050001,95EE050004
N20001649,95EE110002,95EE110002
N20001650,95EE050003,95EE050003
N20001651,95UU030002,95UU030002
N20001652,95UU130001,95UU130002
N20001653,95UU060001,95UU060001
N20001654,95UU060004,95UU060004
N20001655,95UU060002,95UU060002
N20001656,95UU120003,95UU120003
N20001657,95UU030001,95UU030001
N20001658,95UU150001,95UU130002
N20001659,95UU030002,95UU030003
N20001660,95UU140005,95UU140005
N20001661,95UU120004,95UU120004
N20001662,95UU140003,95UU120001
N20001663,95UU140004,95UU120001
N20001664,95UU140001,95UU140001
N20001665,95UU110002,95UU110001
N20001666,95UU150001,95UU150001
N20001667,95UU110002,95UU110002
N20001668,95UU110001,95UU110001
N20001669,95UU150002,95UU150002
N20001670,95EE150004,95EE150004
N20001671,95UU010001,95UU010002
N20001672,95EE150004,95EE150004
N20001673,95UU100002,95UU100001
N20001674,95EE150003,95EE150003
N20001675,95UU100001,95UU100001
N20001676,95EE150003,95EE150003
N20001677,95UU080004,95UU080004
N20001678,95EE010001,95EE010001
N20001679,95UU090001,95UU090001
N20001680,95UU090001,95UU090001
N20001681,95EE010003,95EE010002
N20001682,95UU090004,95UU090004
N20001683,95EE010004,95EE010004
N20001684,95UU090003,95UU090003
N20001685,95EE050001,95EE020004
N20001686,95EE080002,95EE080002
N20001687,95EE120005,95EE120005
N20001688,95EE120006,95EE120006
N20001689,95EE080001,95EE080003
N20001690,95EE120001,95EE120006
N20001691,95EE130003,95EE080002
N20001692,95EE030002,95EE030002
N20001693,95EE120002,95EE120002
N20001694,95EE120005,95EE120005
N20001695,95EE030004,95EE030004
N20001696,95EE030006,95EE030006
N20001697,95EE030005,95EE030005
N20001698,95EE080005,95EE080005
N20001699,95EE130002,95EE130002
N20001700,95EE130004,95EE130004
N20001701,95EE030001,95EE030001
N20001702,95EE070003,95EE070005
N20001703,95EE130005,95EE130005
N20001704,95EE070005,95EE070005
N20001705,95EE140004,95EE140004
N20001706,95EE070001,95EE070001
N20001707,95EE140001,95EE140001
N20001708,95EE140002,95EE140002
N20001709,95EE140002,95EE140002
N20001710,95EE140006,95EE140006
N20001711,95EE140006,95EE140002
N20001712,95EE050003,95EE050003
N20001713,95EE160002,95EE160002
N20001714,95EE090004,95EE090004
N20001715,95EE110003,95EE110001
N20001716,95EE110004,95EE110004
N20001717,95EE160003,95EE160003
N20001718,95EE060001,95EE060001
N20001719,95EE060003,95EE060003
N20001720,95EE090002,95EE090002
N20001721,95EE040001,95EE040004
N20001722,95EE090001,95EE090001
N20001723,95EE040001,95EE040001
N20001724,95EE040002,95EE060003
N20001725,95EE040002,95EE040002
N20001726,95EE160005,95EE160005
N20001727,95EE090001,95EE090001
N20001728,95EE090003,95EE100003
N20001729,95EE100003,95EE100003
N20001730,95EE100002,95EE100002
N20001731,95EE100001,95EE100001
N20001732,95MM120010,95MM120010
N20001733,95MM120011,95MM120011
N20001734,95MM040007,95MM040007
N20001735,95MM040002,95MM040002
N20001736,95MM100007,95MM100005
N20001737,95MM040001,95MM040001
N20001738,95MM300007,95MM300007
N20001739,95MM040005,95MM040005
N20001740,95MM040004,95MM040004
N20001741,95MM270006,95MM270006
N20001742,95MM100008,95MM100008
N20001743,95MM270008,95MM280001
N20001744,95MM100007,95MM100007
N20001745,95MM270008,95MM270008
N20001746,95MM300001,95MM300004
N20001747,95MM040006,95MM300005
N20001748,95MM300006,95MM300006
N20001749,95MM100001,95MM100001
N20001750,95MM280001,95MM280002
N20001751,95MM050003,95MM050003
N20001752,95MM100003,95MM100003
N20001753,95MM110001,95MM110001
N20001754,95MM280002,95MM280002
N20001755,95MM110002,95MM110002
N20001756,95MM280001,95MM280001
N20001757,95MM110004,95MM110004
N20001758,95MM050007,95MM050006
N20001759,95MM050004,95MM050004
N20001760,95MM110004,95MM110004
N20001761,95MM280007,95MM280006
N20001762,95MM110001,95MM110001
N20001763,95MM110006,95MM110006
N20001764,95MM280005,95MM280006
N20001765,95MM050001,95MM050001
N20001766,95MM050002,95MM050002
N20001767,95MM120012,95MM120012
N20001768,95MM120001,95MM120001
N20001769,95MM260008,95MM260008
N20001770,95MM260009,95MM260009
N20001771,95MM020001,95MM020001
N20001772,95MM020002,95MM020002
N20001773,95MM120002,95MM120002
N20001774,95MM120004,95MM120004
N20001775,95MM260002,95MM220003
N20001776,95MM260002,95MM260002
N20001777,95MM220006,95MM220006
N20001778,95MM260005,95MM260005
N20001779,95MM120006,95MM120005
N20001780,95MM120009,95MM120007
N20001781,95MM220004,95MM220002
N20001782,95MM120003,95MM120003
N20001783,95MM170010,95MM170010
N20001784,95MM220005,95MM220005
N20001785,95MM170002,95MM170003
N20001786,95MM120010,95MM120010
N20001787,95MM170007,95MM170007
N20001788,95MM170006,95MM170006
N20001789,95MM220005,95MM220005
N20001790,95MM270010,95MM270010
N20001791,95MM170007,95MM170007
N20001792,95MM170008,95MM170008
N20001793,95MM230005,95MM230005
N20001794,95MM170004,95MM230006
N20001795,95MM230001,95MM230001
N20001796,95MM170009,95MM170009
N20001797,95MM270002,95MM270002
N20001798,95MM270002,95MM270002
N20001799,95MM230002,95MM230008
N20001800,95MM230004,95MM230004
N20001801,95MM270003,95MM270003
N20001802,95MM270004,95MM270005
N20001803,95MM130019,95MM130019
N20001804,95MM130001,95MM130001
N20001805,95MM130006,95MM130006
N20001806,95MM130004,95MM130004
N20001807,95MM130001,95MM130006
N20001808,95MM130008,95MM130008
N20001809,95MM130007,95MM130007
N20001810,95MM130007,95MM130007
N20001811,95MM250001,95MM250001
N20001812,95MM250001,95MM130005
N20001813,95MM250001,95MM250001
N20001814,95MM130008,95MM130007
N20001815,95MM250004,95MM250004
N20001816,95MM130009,95MM130011
N20001817,95MM250016,95MM250003
N20001818,95MM250002,95MM250002
N20001819,95MM130011,95MM130013
N20001820,95MM250001,95MM250001
N20001821,95MM250004,95MM250005
N20001822,95MM250004,95MM250016
N20001823,95MM250002,95MM250002
N20001824,95MM020003,95MM020003
N20001825,95MM130012,95MM130012
N20001826,95MM130014,95MM130014
N20001827,95MM130015,95MM130015
N20001828,95MM130015,95MM130015
N20001829,95MM250002,95MM250002
N20001830,95MM240004,95MM240005
N20001831,95MM130016,95MM130018
N20001832,95MM250006,95MM250006
N20001833,95MM250007,95MM250007
N20001834,95MM020006,95MM020006
N20001835,95MM250009,95MM250009
N20001836,95MM240006,95MM240005
N20001837,95MM250014,95MM250014
N20001838,95MM240001,95MM240001
N20001839,95MM250008,95MM250008
N20001840,95MM020008,95MM020008
N20001841,95MM250013,95MM250013
N20001842,95MM060001,95MM250015
N20001843,95MM060007,95MM060007
N20001844,95MM240003,95MM240003
N20001845,95MM060004,95MM060004
N20001846,95MM060002,95MM060002
N20001847,95MM020009,95MM020010
N20001848,95MM060006,95MM060006
N20001849,95MM220003,95MM220003
N20001850,95MM160009,95MM160009
N20001851,95MM160008,95MM160008
N20001852,95MM070007,95MM070008
N20001853,95MM070004,95MM070004
N20001854,95MM140002,95MM140001
N20001855,95MM070001,95MM070001
N20001856,95MM070005,95MM190008
N20001857,95MM070006,95MM070006
N20001858,95MM160001,95MM160001
N20001859,95MM190008,95MM190008
N20001860,95MM140003,95MM070001
N20001861,95MM160001,95MM160001
N20001862,95MM200007,95MM200010
N20001863,95MM190009,95MM190009
N20001864,95MM200008,95MM200009
N20001865,95MM200010,95MM200011
N20001866,95MM140005,95MM140005
N20001867,95MM190002,95MM190004
N20001868,95MM200009,95MM200009
N20001869,95MM140006,95MM140006
N20001870,95MM140008,95MM140008
N20001871,95MM160001,95MM190003
N20001872,95MM160001,95MM160001
N20001873,95MM200010,95MM200001
N20001874,95MM140009,95MM140009
N20001875,95MM200002,95MM200001
N20001876,95MM200003,95MM200003
N20001877,95MM290001,95MM140007
N20001878,95MM190007,95MM160001
N20001879,95MM190005,95MM190005
N20001880,95MM290004,95MM290004
N20001881,95MM290002,95MM290002
N20001882,95MM290003,95MM290003
N20001883,95MM290005,95MM290005
N20001884,95MM010010,95MM010010
N20001885,95MM080003,95MM080003
N20001886,95MM080005,95MM080005
N20001887,95MM080002,95MM080002
N20001888,95MM010009,95MM010010
N20001889,95MM180004,95MM290009
N20001890,95MM290008,95MM290008
N20001891,95MM010010,95MM080008
N20001892,95MM180005,95MM180005
N20001893,95MM010003,95MM010003
N20001894,95MM010011,95MM010011
N20001895,95MM080007,95MM080007
N20001896,95MM080007,95MM080007
N20001897,95MM080008,95MM080008
N20001898,95MM010004,95MM010004
N20001899,95MM010003,95MM010003
N20001900,95MM180009,95MM080006
N20001901,95MM180004,95MM180004
N20001902,95MM180009,95MM180009
N20001903,95MM010005,95MM010005
N20001904,95MM180004,95MM180004
N20001905,95MM010007,95MM010007
N20001906,95MM010006,95MM010008
N20001907,95MM180009,95MM180009
N20001908,95MM150011,95MM150011
N20001909,95MM160003,95MM160003
N20001910,95MM160005,95MM160005
N20001911,95MM160007,95MM160007
N20001912,95MM160007,95MM160007
N20001913,95MM160007,95MM160007
N20001914,95MM150001,95MM150002
N20001915,95MM150004,95MM150004
N20001916,95MM150005,95MM150007
N20001917,95MM150004,95MM150004
N20001918,95MM150009,95MM150009
N20001919,95MM150006,95MM150006
N20001920,95MM150010,95MM150005
N20001921,95MM160008,95MM160008
N20001922,95MM160001,95MM160001
N20001923,95MM090002,95MM090002
N20001924,95MM090004,95MM090004
N20001925,95MM210005,95MM210005
N20001926,95MM210005,95MM210005
N20001927,95MM090003,95MM090003
N20001928,95MM210001,95MM210001
N20001929,95MM180002,95MM180002
N20001930,95MM210009,95MM210009
N20001931,95MM210008,95MM210008
N20001932,95MM210002,95MM210002
N20001933,95MM180001,95MM180001
N20001934,95MM180001,95MM180001
N20001935,95MM180001,95MM180004
N20001936,95MM090004,95MM090005
N20001937,95MM090005,95MM090005
N20001938,95MM180003,95MM180003
N20001939,95ZZ130006,95ZZ130006
N20001940,95MM180001,95MM180001
N20001941,95ZZ130002,95ZZ130003
N20001942,95MM090008,95MM090008
N20001943,95MM090001,95MM090001
N20001944,95MM090007,95MM090001
N20001945,95ZZ130002,95ZZ130002
N20001946,95MM030001,95MM030001
N20001947,95ZZ130003,95ZZ130003
N20001948,95MM030007,95MM030007
N20001949,95MM030004,95MM030004
N20001950,95ZZ130004,95ZZ130005
N20001951,95ZZ010005,95ZZ010005
N20001952,95ZZ050002,95ZZ050001
N20001953,95MM030005,95MM030005
N20001954,95ZZ050004,95MM030006
N20001955,95ZZ010005,95ZZ010005
N20001956,95MM030003,95MM030003
N20001957,95ZZ010004,95ZZ010004
N20001958,95ZZ010001,95ZZ010001
N20001959,95ZZ050003,95ZZ050003
N20001960,95ZZ100001,95ZZ100001
N20001961,95ZZ010004,95ZZ010003
N20001962,95ZZ100002,95ZZ100002
N20001963,95ZZ100005,95ZZ100005
N20001964,95ZZ100004,95ZZ100004
N20001965,95ZZ100003,95ZZ100003
N20001966,95ZZ100004,95ZZ100004
N20001967,95ZZ100004,95ZZ100004
N20001968,95ZZ010006,95ZZ010006
N20001969,95ZZ100007,95ZZ100007
N20001970,95ZZ160009,95ZZ160009
N20001971,95ZZ050004,95ZZ050004
N20001972,95ZZ060001,95ZZ060001
N20001973,95ZZ100004,95ZZ060003
N20001974,95ZZ160001,95ZZ160001
N20001975,95ZZ060002,95ZZ020002
N20001976,95ZZ060004,95ZZ060004
N20001977,95ZZ160008,95ZZ160008
N20001978,95ZZ020004,95ZZ020005
N20001979,95ZZ020001,95ZZ020001
N20001980,95ZZ020006,95ZZ140008
N20001981,95ZZ110002,95ZZ110002
N20001982,95ZZ060005,95ZZ060006
N20001983,95ZZ020003,95ZZ020003
N20001984,95ZZ140008,95ZZ140008
N20001985,95ZZ140002,95ZZ140004
N20001986,95ZZ140003,95ZZ140003
N20001987,95ZZ140005,95ZZ140005
N20001988,95ZZ150003,95ZZ150003
N20001989,95ZZ110003,95ZZ110003
N20001990,95ZZ110005,95ZZ110006
N20001991,95ZZ150003,95ZZ150004
N20001992,95ZZ150005,95ZZ150005
N20001993,95ZZ110004,95ZZ110004
N20001994,95ZZ160002,95ZZ160002
N20001995,95ZZ160006,95ZZ160006
N20001996,95ZZ070004,95ZZ070004
N20001997,95ZZ140006,95ZZ140006
N20001998,95ZZ070004,95ZZ070004
N20001999,95ZZ070005,95ZZ070005
N20002000,95ZZ120001,95ZZ120003
N20002001,95ZZ120004,95ZZ120004
N20002002,95ZZ120006,95ZZ120006
N20002003,95ZZ070006,95ZZ070006
N20002004,95ZZ120007,95ZZ120007
N20002005,95ZZ070001,95ZZ070001
N20002006,95ZZ120007,95ZZ120007
N20002007,95ZZ150001,95ZZ150001
N20002008,95ZZ070001,95ZZ070001
N20002009,95ZZ090003,95ZZ090003
N20002010,95ZZ090001,95ZZ090005
N20002011,95ZZ090003,95ZZ090006
N20002012,95ZZ030006,95ZZ030006
N20002013,95ZZ070003,95ZZ070003
N20002014,95ZZ030002,95ZZ030002
N20002015,95ZZ080001,95ZZ080001
N20002016,95ZZ030005,95ZZ030005
N20002017,95ZZ090004,95ZZ090001
N20002018,95ZZ080001,95ZZ080001
N20002019,95ZZ080004,95ZZ080004
N20002020,95ZZ080003,95ZZ030003
N20002021,95ZZ030004,95ZZ030004
N20002022,95ZZ030001,95ZZ030001
N20002023,95ZZ080002,95ZZ080002
N20002024,95ZZ090004,95ZZ040001
N20002025,95ZZ040006,95ZZ040006
N20002026,95ZZ080002,95ZZ080002
N20002027,95ZZ080006,95ZZ080006
N20002028,95ZZ040005,95ZZ040005
N20002029,95PP050003,95PP050003
N20002030,95PP050003,95PP050002
N20002031,95PP050004,95PP050004
N20002032,95PP180004,95PP180001
N20002033,95PP180004,95PP180004
N20002034,95PP180002,95PP180002
N20002035,95PP180001,95PP180006
N20002036,95PP180005,95PP180002
N20002037,95PP100006,95PP100006
N20002038,95PP210005,95PP210005
N20002039,95PP180003,95PP180003
N20002040,95PP170003,95PP170003
N20002041,95PP180002,95PP180007
N20002042,95PP170002,95PP170002
N20002043,95PP170001,95PP170001
N20002044,95PP100001,95PP100001
N20002045,95PP170007,95PP170007
N20002046,95PP100003,95PP170005
N20002047,95PP170008,95PP170008
N20002048,95PP100002,95PP100002
N20002049,95PP210003,95PP210003
N20002050,95PP210001,95PP210001
N20002051,95PP100005,95PP100003
N20002052,95PP190001,95PP190001
N20002053,95PP190002,95PP190004
N20002054,95PP190005,95PP190003
N20002055,95PP190002,95PP190007
N20002056,95PP190001,95PP190001
N20002057,95PP020005,95PP020005
N20002058,95PP020006,95PP020006
N20002059,95PP020001,95PP020001
N20002060,95PP070005,95PP070005
N20002061,95PP070001,95PP070001
N20002062,95PP070006,95PP070006
N20002063,95PP020002,95PP020002
N20002064,95PP040005,95PP070006
N20002065,95PP040004,95PP040004
N20002066,95PP070005,95PP040006
N20002067,95PP040006,95PP040005
N20002068,95PP040001,95PP040003
N20002069,95PP040003,95PP040003
N20002070,95PP040002,95PP120003
N20002071,95PP120003,95PP120003
N20002072,95PP120004,95PP120004
N20002073,95PP120005,95PP120005
N20002074,95PP120001,95PP120001
N20002075,95PP080002,95PP080002
N20002076,95PP120002,95PP120002
N20002077,95PP080005,95PP080005
N20002078,95PP080005,95PP080005
N20002079,95PP080001,95PP080001
N20002080,95PP080007,95PP080006
N20002081,95PP160001,95PP160001
N20002082,95PP160003,95PP160003
N20002083,95PP160004,95PP160003
N20002084,95PP110005,95PP110005
N20002085,95PP200008,95PP200008
N20002086,95PP110005,95PP110005
N20002087,95PP220007,95PP200008
N20002088,95PP110005,95PP110005
N20002089,95PP110006,95PP110006
N20002090,95PP060004,95PP060004
N20002091,95PP110008,95PP110001
N20002092,95PP060002,95PP060001
N20002093,95PP060003,95PP060003
N20002094,95PP200009,95PP200009
N20002095,95PP090002,95PP090002
N20002096,95PP200001,95PP200001
N20002097,95PP060008,95PP060008
N20002098,95PP090005,95PP110003
N20002099,95PP110004,95PP110002
N20002100,95PP150002,95PP150002
N20002101,95PP090003,95PP090003
N20002102,95PP110002,95PP110002
N20002103,95PP200004,95PP200005
N20002104,95PP060006,95PP060006
N20002105,95PP200003,95PP200005
N20002106,95PP220007,95PP220007
N20002107,95PP200002,95PP200002
N20002108,95PP220008,95PP220007
N20002109,95PP150004,95PP150004
N20002110,95PP060009,95PP060009
N20002111,95PP200007,95PP200007
N20002112,95PP220001,95PP220001
N20002113,95PP060008,95PP060008
N20002114,95PP220006,95PP220002
N20002115,95PP220003,95PP220003
N20002116,95PP220005,95PP220005
N20002117,95PP150003,95PP150003
N20002118,95PP150004,95PP150004
N20002119,95PP150007,95PP150007
N20002120,95PP150007,95PP150007
N20002121,95PP030004,95PP030004
N20002122,95PP140007,95PP140005
N20002123,95PP140003,95PP140005
N20002124,95PP140004,95PP140004
N20002125,95PP030006,95PP030006
N20002126,95PP140001,95PP140001
N20002127,95PP140001,95PP140001
N20002128,95PP030007,95PP030007
N20002129,95PP140002,95PP140002
N20002130,95PP140009,95PP140009
N20002131,95PP030003,95PP030003
N20002132,95PP130003,95PP130006
N20002133,95PP130002,95PP130002
N20002134,95PP130005,95PP130005
N20002135,95PP130003,95PP130003
N20002136,95PP130004,95PP130004
N20002137,95PP030002,95PP030002
N20002138,95PP130001,95PP130001
N20002139,95PP010004,95PP010004
N20002140,95PP010005,95PP010005
N20002141,95PP010006,95PP010006
N20002142,95PP230003,95PP230003
N20002143,95PP010007,95PP010007
N20002144,95PP230001,95PP230001
N20002145,95PP010001,95PP010007
N20002146,95PP230002,95PP230002
N20002147,95PP230006,95PP230006
N20002148,95PP230002,95PP230001
N20002149,95PP060010,95PP060010
N20002150,95YY100005,95YY100005
N20002151,95YY100001,95YY100001
N20002152,95YY080004,95YY080004
N20002153,95YY100004,95YY100004
N20002154,95YY080003,95YY080003
N20002155,95YY080001,95YY080001
N20002156,95YY100004,95YY100004
N20002157,95YY080005,95YY080005
N20002158,95YY030004,95YY030004
N20002159,95YY030002,95YY030001
N20002160,95YY080005,95YY080005
N20002161,95YY030002,95YY030006
N20002162,95YY030003,95YY060002
N20002163,95YY060002,95YY060002
N20002164,95YY160001,95YY160005
N20002165,95YY030006,95YY030006
N20002166,95YY060003,95YY060003
N20002167,95YY060004,95YY060004
N20002168,95YY160004,95YY160004
N20002169,95YY060006,95YY060006
N20002170,95YY110003,95YY110003
N20002171,95YY110002,95YY110002
N20002172,95YY110005,95YY110005
N20002173,95YY160003,95YY160004
N20002174,95YY210002,95YY210002
N20002175,95YY210001,95YY210001
N20002176,95YY160002,95YY160002
N20002177,95YY110001,95YY110001
N20002178,95YY210002,95YY210002
N20002179,95YY210003,95YY210003
N20002180,95YY210005,95YY210005
N20002181,95YY190005,95YY190005
N20002182,95YY140004,95YY140004
N20002183,95YY150003,95YY150003
N20002184,95YY150006,95YY150005
N20002185,95YY140004,95YY020007
N20002186,95YY140005,95YY150008
N20002187,95YY140008,95YY140008
N20002188,95YY190005,95YY190006
N20002189,95YY020001,95YY020001
N20002190,95YY140007,95YY140007
N20002191,95YY140003,95YY140003
N20002192,95YY150002,95YY150002
N20002193,95YY190002,95YY190002
N20002194,95YY130001,95YY130001
N20002195,95YY150002,95YY150002
N20002196,95YY020005,95YY020004
N20002197,95YY020006,95YY020006
N20002198,95YY190003,95YY190003
N20002199,95YY050004,95YY050004
N20002200,95YY020006,95YY090002
N20002201,95YY090003,95YY090003
N20002202,95YY130001,95YY130001
N20002203,95YY130004,95YY130004
N20002204,95YY130003,95YY130003
N20002205,95YY050002,95YY050007
N20002206,95YY090006,95YY090006
N20002207,95YY090005,95YY090005
N20002208,95YY040003,95YY040005
N20002209,95YY090008,95YY090004
N20002210,95YY040001,95YY040004
N20002211,95YY050003,95YY050003
N20002212,95YY040002,95YY040002
N20002213,95YY040007,95YY040006
N20002214,95YY130008,95YY130008
N20002215,95YY130006,95YY130006
N20002216,95YY040006,95YY040005
N20002217,95YY090008,95YY090005
N20002218,95YY040006,95YY050005
N20002219,95YY040007,95YY040007
N20002220,95YY090008,95YY050006
N20002221,95YY170005,95YY170005
N20002222,95YY120002,95YY120002
N20002223,95YY170001,95YY170001
N20002224,95YY170002,95YY170002
N20002225,95YY170003,95YY170003
N20002226,95YY120003,95YY120003
N20002227,95YY120004,95YY120003
N20002228,95YY070006,95YY170003
N20002229,95YY170004,95YY070001
N20002230,95YY120005,95YY120005
N20002231,95YY200004,95YY200004
N20002232,95YY070004,95YY070004
N20002233,95YY120005,95YY120005
N20002234,95YY070001,95YY070001
N20002235,95YY070005,95YY070005
N20002236,95YY120005,95YY150003
N20002237,95YY200005,95YY200005
N20002238,95YY140002,95YY140002
N20002239,95YY070005,95YY070005
N20002240,95YY200003,95YY200001
N20002241,95YY200002,95YY200002
N20002242,95YY010003,95YY010003
N20002243,95YY180005,95YY180005
N20002244,95YY180001,95YY010005
N20002245,95YY010002,95YY010002
N20002246,95YY010003,95YY010003
N20002247,95YY010003,95YY010003
N20002248,95YY180004,95YY180004
N20002249,95YY010004,95YY010004
N20002250,95YY180003,95YY180003
N20002251,95YY180004,95YY180004
N20002252,95SS050004,95SS050004
N20002253,95SS050003,95SS050003
N20002254,95SS050008,95SS050008
N20002255,95SS050009,95SS050009
N20002256,95SS050001,95SS050001
N20002257,95SS050002,95SS050002
N20002258,95SS230002,95SS230002
N20002259,95SS230003,95SS230003
N20002260,95SS050002,95SS050002
N20002261,95SS230003,95SS230003
N20002262,95SS240009,95SS240009
N20002263,95SS240010,95SS240010
N20002264,95SS240001,95SS240001
N20002265,95SS240004,95SS240007
N20002266,95SS240005,95SS240005
N20002267,95SS240011,95SS240011
N20002268,95SS210005,95SS210005
N20002269,95SS230011,95SS230007
N20002270,95SS240006,95SS240007
N20002271,95SS240006,95SS240006
N20002272,95SS240003,95SS240007
N20002273,95SS240003,95SS240003
N20002274,95SS230010,95SS230010
N20002275,95SS240003,95SS240003
N20002276,95SS210002,95SS210002
N20002277,95SS150002,95SS150002
N20002278,95SS150005,95SS150005
N20002279,95SS150005,95SS150005
N20002280,95SS150006,95SS150006
N20002281,95SS150010,95SS150008
N20002282,95SS150009,95SS150009
N20002283,95SS150008,95SS150008
N20002284,95SS210003,95SS210003
N20002285,95SS150003,95SS150010
N20002286,95SS150001,95SS150001
N20002287,95SS110009,95SS110009
N20002288,95SS110003,95SS110003
N20002289,95SS110008,95SS110008
N20002290,95SS110003,95SS110011
N20002291,95SS110009,95SS110009
N20002292,95SS110003,95SS110003
N20002293,95SS110002,95SS110002
N20002294,95SS110007,95SS110007
N20002295,95SS110005,95SS110005
N20002296,95SS110008,95SS110008
N20002297,95SS040009,95SS040009
N20002298,95SS010007,95SS110006
N20002299,95SS010007,95SS010007
N20002300,95SS010011,95SS010011
N20002301,95SS040008,95SS010010
N20002302,95SS010010,95SS010010
N20002303,95SS010001,95SS010001
N20002304,95SS010002,95SS010002
N20002305,95SS020002,95SS020002
N20002306,95SS040008,95SS040008
N20002307,95SS020002,95SS020002
N20002308,95SS040008,95SS040008
N20002309,95SS040008,95SS040008
N20002310,95SS040008,95SS020002
N20002311,95SS010004,95SS010004
N20002312,95SS040011,95SS040011
N20002313,95SS040012,95SS040012
N20002314,95SS040010,95SS040010
N20002315,95SS040012,95SS040012
N20002316,95SS040010,95SS040010
N20002317,95SS010001,95SS010001
N20002318,95SS010002,95SS010002
N20002319,95SS010001,95SS010001
N20002320,95SS210001,95SS210001
N20002321,95SS210001,95SS210008
N20002322,95SS210007,95SS210007
N20002323,95SS210008,95SS210008
N20002324,95SS210004,95SS210004
N20002325,95SS210009,95SS210009
N20002326,95SS020001,95SS020001
N20002327,95SS020005,95SS020003
N20002328,95SS020003,95SS040013
N20002329,95SS040016,95SS040017
N20002330,95SS020006,95SS020009
N20002331,95SS020007,95SS020007
N20002332,95SS020008,95SS040002
N20002333,95SS020009,95SS020010
N20002334,95SS040001,95SS040002
N20002335,95SS040001,95SS040001
N20002336,95SS040016,95SS040004
N20002337,95SS020011,95SS020011
N20002338,95SS200006,95SS200006
N20002339,95SS200003,95SS200003
N20002340,95SS040007,95SS040007
N20002341,95SS040006,95SS040003
N20002342,95SS040016,95SS040016
N20002343,95SS200006,95SS200006
N20002344,95SS040005,95SS040005
N20002345,95SS170005,95SS170006
N20002346,95SS200008,95SS200008
N20002347,95SS170011,95SS170011
N20002348,95SS170010,95SS170010
N20002349,95SS040016,95SS040016
N20002350,95SS170009,95SS170009
N20002351,95SS040016,95SS040016
N20002352,95SS200002,95SS200002
N20002353,95SS170007,95SS170007
N20002354,95SS170001,95SS170001
N20002355,95SS280005,95SS280002
N20002356,95SS280001,95SS280001
N20002357,95SS280004,95SS280004
N20002358,95SS170002,95SS170002
N20002359,95SS280002,95SS280002
N20002360,95SS170002,95SS170002
N20002361,95SS250002,95SS250002
N20002362,95SS250003,95SS250001
N20002363,95SS280005,95SS280009
N20002364,95SS170003,95SS170003
N20002365,95SS250001,95SS250001
N20002366,95SS180002,95SS180002
N20002367,95SS170004,95SS250005
N20002368,95SS250006,95SS250005
N20002369,95SS170003,95SS170004
N20002370,95SS250007,95SS250008
N20002371,95SS250007,95SS250007
N20002372,95SS180001,95SS180001
N20002373,95SS180006,95SS180005
N20002374,95SS250007,95SS250007
N20002375,95SS180010,95SS180010
N20002376,95SS070009,95SS270007
N20002377,95SS070008,95SS070008
N20002378,95SS070017,95SS070007
N20002379,95SS270007,95SS270002
N20002380,95SS270004,95SS270004
N20002381,95SS070017,95SS070017
N20002382,95SS270003,95SS270003
N20002383,95SS070015,95SS070015
N20002384,95SS070014,95SS070014
N20002385,95SS070002,95SS070002
N20002386,95SS190009,95SS190005
N20002387,95SS070015,95SS070001
N20002388,95SS190007,95SS190007
N20002389,95SS190008,95SS190008
N20002390,95SS220002,95SS220003
N20002391,95SS220005,95SS220005
N20002392,95SS220005,95SS220005
N20002393,95SS220004,95SS220004
N20002394,95SS220010,95SS220006
N20002395,95SS220008,95SS220008
N20002396,95SS120009,95SS120009
N20002397,95SS120002,95SS120002
N20002398,95SS220009,95SS220009
N20002399,95SS220008,95SS220008
N20002400,95SS220007,95SS220007
N20002401,95SS120003,95SS120003
N20002402,95SS220001,95SS220001
N20002403,95SS190008,95SS190008
N20002404,95SS300005,95SS300001
N20002405,95SS120005,95SS120005
N20002406,95SS120007,95SS120007
N20002407,95SS190002,95SS190002
N20002408,95SS300008,95SS300008
N20002409,95SS190004,95SS190001
N20002410,95SS300009,95SS300009
N20002411,95SS130008,95SS130008
N20002412,95SS300003,95SS300002
N20002413,95SS300004,95SS300004
N20002414,95SS190004,95SS130010
N20002415,95SS130009,95SS130010
N20002416,95SS200007,95SS200007
N20002417,95SS300004,95SS300003
N20002418,95SS130001,95SS130001
N20002419,95SS130006,95SS130006
N20002420,95SS130003,95SS130005
N20002421,95SS130006,95SS130006
N20002422,95SS180002,95SS280001
N20002423,95SS130006,95SS130006
N20002424,95SS090009,95SS090010
N20002425,95SS090003,95SS090003
N20002426,95SS090002,95SS090002
N20002427,95SS140004,95SS140004
N20002428,95SS140006,95SS140006
N20002429,95SS140007,95SS140007
N20002430,95SS090001,95SS090001
N20002431,95SS140008,95SS140001
N20002432,95SS140006,95SS140006
N20002433,95SS090006,95SS090006
N20002434,95SS090006,95SS090006
N20002435,95SS140002,95SS140001
N20002436,95SS140003,95SS140003
N20002437,95SS050006,95SS140003
N20002438,95SS030001,95SS030001
N20002439,95SS030003,95SS030003
N20002440,95SS030001,95SS030004
N20002441,95SS150003,95SS150003
N20002442,95SS030002,95SS030002
N20002443,95SS150003,95SS150004
N20002444,95SS030004,95SS030008
N20002445,95SS030006,95SS030006
N20002446,95SS030008,95SS030008
N20002447,95SS030009,95SS030009
N20002448,95SS030008,95SS030008
N20002449,95SS080002,95SS080002
N20002450,95SS080001,95SS080011
N20002451,95SS080001,95SS080001
N20002452,95SS080004,95SS080004
N20002453,95SS080006,95SS080006
N20002454,95SS080007,95SS080007
N20002455,95FF020004,95FF020004
N20002456,95II110001,95II110001
N20002457,95II110004,95II110004
N20002458,95II110002,95II110005
N20002459,95II110007,95II110007
N20002460,95II030003,95II030003
N20002461,95II200005,95II200003
N20002462,95II200001,95II200001
N20002463,95II200009,95II200009
N20002464,95II030011,95II030001
N20002465,95II030004,95II030004
N20002466,95II200003,95II200003
N20002467,95II030002,95II030002
N20002468,95II150006,95II150009
N20002469,95II030007,95II030006
N20002470,95II200006,95II200006
N20002471,95II030008,95II030008
N20002472,95II150007,95II150007
N20002473,95II020008,95II020006
N20002474,95II020004,95II020004
N20002475,95II150003,95II150003
N20002476,95II150004,95II150004
N20002477,95II020014,95II020009
N20002478,95II020010,95II020010
N20002479,95II150001,95II150001
N20002480,95II030010,95II030010
N20002481,95II020012,95II020011
N20002482,95II150004,95II150004
N20002483,95II050006,95II050006
N20002484,95II060003,95II060003
N20002485,95II050006,95II050006
N20002486,95II050008,95II050008
N20002487,95II190010,95II050008
N20002488,95II050002,95II050010
N20002489,95II060004,95II060004
N20002490,95II060006,95II050010
N20002491,95II060005,95II060005
N20002492,95II190011,95II050003
N20002493,95II050003,95II050003
N20002494,95II060008,95II060008
N20002495,95II060009,95II060009
N20002496,95II050005,95II050005
N20002497,95II060002,95II060008
N20002498,95II190006,95II190006
N20002499,95II190001,95II190001
N20002500,95II040009,95II040009
N20002501,95II040009,95II040009
N20002502,95II090009,95II090009
N20002503,95II090011,95II090010
N20002504,95II090011,95II090011
N20002505,95II040009,95II040009
N20002506,95II130002,95II130002
N20002507,95II090001,95II090001
N20002508,95II090001,95II090001
N20002509,95II040009,95II040009
N20002510,95II130001,95II130001
N20002511,95II130006,95II130005
N20002512,95II130002,95II130004
N20002513,95II040005,95II040005
N20002514,95II040003,95II040006
N20002515,95II040008,95II040002
N20002516,95II090004,95II090004
N20002517,95II130008,95II130008
N20002518,95II040009,95II040009
N20002519,95II090006,95II090006
N20002520,95II130009,95II130009
N20002521,95II100003,95II100003
N20002522,95II100004,95II100004
N20002523,95II040004,95II040004
N20002524,95II130003,95II130003
N20002525,95II130010,95II130010
N20002526,95II040004,95II040004
N20002527,95II040007,95II100007
N20002528,95II040004,95II040004
N20002529,95II100009,95II100009
N20002530,95II100008,95II100008
N20002531,95II010005,95II010005
N20002532,95II010004,95II010004
N20002533,95II100002,95II100002
N20002534,95II010008,95II010007
N20002535,95II100002,95II100002
N20002536,95II010008,95II010009
N20002537,95II010002,95II010002
N20002538,95II040004,95II040004
N20002539,95II040004,95II040004
N20002540,95II010001,95II010001
N20002541,95II190004,95II010001
N20002542,95II190003,95II190004
N20002543,95II190002,95II190002
N20002544,95II190007,95II190007
N20002545,95II190009,95II190009
N20002546,95II190005,95II190008
N20002547,95II190006,95II190006
N20002548,95DD120005,95DD120006
N20002549,95DD120002,95DD120002
N20002550,95DD120001,95DD120004
N20002551,95DD120003,95DD120003
N20002552,95DD220001,95DD220001
N20002553,95DD220002,95DD220002
N20002554,95DD100003,95DD100006
N20002555,95DD100003,95DD100007
N20002556,95DD100008,95DD100007
N20002557,95DD100004,95DD100004
N20002558,95DD100008,95DD100008
N20002559,95DD100001,95DD100001
N20002560,95DD220002,95DD220002
N20002561,95DD220007,95DD220007
N20002562,95DD220003,95DD220006
N20002563,95DD220005,95DD220005
N20002564,95DD140001,95DD020002
N20002565,95DD140004,95DD140004
N20002566,95DD140001,95DD140003
N20002567,95DD140005,95DD140005
N20002568,95DD140001,95DD140001
N20002569,95DD140007,95DD140007
N20002570,95DD140006,95DD140006
N20002571,95DD020001,95DD020001
N20002572,95DD020011,95DD020011
N20002573,95DD140008,95DD140008
N20002574,95DD020002,95DD020002
N20002575,95DD020003,95DD020003
N20002576,95DD020007,95DD020007
N20002577,95DD220008,95DD220008
N20002578,95DD020009,95DD020009
N20002579,95DD020006,95DD020009
N20002580,95DD170003,95DD170003
N20002581,95DD170003,95DD020006
N20002582,95DD170002,95DD170002
N20002583,95DD170005,95DD170005
N20002584,95DD170007,95DD170007
N20002585,95DD170001,95DD170001
N20002586,95DD170007,95DD170007
N20002587,95DD110005,95DD110005
N20002588,95DD110006,95DD110006
N20002589,95DD110008,95DD110008
N20002590,95DD240005,95DD240005
N20002591,95DD210003,95DD210003
N20002592,95DD240001,95DD240007
N20002593,95DD240002,95DD240007
N20002594,95DD110008,95DD110008
N20002595,95DD060002,95DD060002
N20002596,95DD130004,95DD240001
N20002597,95DD210004,95DD210005
N20002598,95DD240004,95DD240006
N20002599,95DD060004,95DD060004
N20002600,95DD060006,95DD060006
N20002601,95DD130004,95DD130004
N20002602,95DD130004,95DD130006
N20002603,95DD060005,95DD060005
N20002604,95DD240003,95DD130006
N20002605,95DD130004,95DD130002
N20002606,95DD210005,95DD210005
N20002607,95DD060001,95DD060007
N20002608,95DD130005,95DD130005
N20002609,95DD010004,95DD010005
N20002610,95DD010006,95DD010006
N20002611,95DD080007,95DD080007
N20002612,95DD240004,95DD240004
N20002613,95DD210001,95DD210001
N20002614,95DD080004,95DD080007
N20002615,95DD010002,95DD010002
N20002616,95DD080004,95DD080004
N20002617,95DD080002,95DD080002
N20002618,95DD010006,95DD010006
N20002619,95DD050005,95DD050005
N20002620,95DD080004,95DD080003
N20002621,95DD010004,95DD010004
N20002622,95DD050003,95DD050003
N20002623,95DD010003,95DD010003
N20002624,95DD030007,95DD030007
N20002625,95DD080004,95DD200001
N20002626,95DD050006,95DD200005
N20002627,95DD200004,95DD200004
N20002628,95DD180003,95DD180003
N20002629,95DD200002,95DD200002
N20002630,95DD030002,95DD030002
N20002631,95DD050004,95DD050004
N20002632,95DD050002,95DD050002
N20002633,95DD030001,95DD030001
N20002634,95DD030002,95DD030004
N20002635,95DD030005,95DD030005
N20002636,95DD030005,95DD030005
N20002637,95DD030006,95DD030006
N20002638,95DD030006,95DD030006
N20002639,95DD150003,95DD150003
N20002640,95DD150003,95DD150003
N20002641,95DD150003,95DD150003
N20002642,95DD230006,95DD230004
N20002643,95DD150006,95DD150005
N20002644,95DD090001,95DD090001
N20002645,95DD090001,95DD090002
N20002646,95DD150007,95DD150007
N20002647,95DD090002,95DD090002
N20002648,95DD230004,95DD230004
N20002649,95DD230005,95DD230006
N20002650,95DD090003,95DD090005
N20002651,95DD230002,95DD230002
N20002652,95DD070001,95DD070004
N20002653,95DD090004,95DD090004
N20002654,95DD070003,95DD070002
N20002655,95DD090006,95DD090005
N20002656,95DD070004,95DD070004
N20002657,95DD070008,95DD070008
N20002658,95DD070005,95DD070005
N20002659,95DD070004,95DD070004
N20002660,95DD070008,95DD070009
N20002661,95DD070006,95DD070006
N20002662,95DD160004,95DD230001
N20002663,95DD230003,95DD230002
N20002664,95DD160005,95DD160005
N20002665,95DD040007,95DD200007
N20002666,95DD040007,95DD040007
N20002667,95DD180006,95DD180006
N20002668,95DD160004,95DD160004
N20002669,95DD040003,95DD040001
N20002670,95DD180007,95DD180005
N20002671,95DD040002,95DD040002
N20002672,95DD180001,95DD180001
N20002673,95DD040006,95DD040006
N20002674,95DD160002,95DD160002
N20002675,95DD160003,95DD160003
N20002676,95DD160006,95DD160003
N20002677,95DD160001,95DD160001
N20002678,95DD190003,95DD190003
N20002679,95DD160005,95DD160005
N20002680,95DD190009,95DD190009
N20002681,95DD190007,95DD190005
N20002682,95DD190008,95DD190008
N20002683,95DD190001,95DD190001
N20002684,95DD190004,95DD190005
N20002685,95QQ060002,95QQ060002
N20002686,95QQ060002,95QQ060003
N20002687,95QQ060004,95QQ060004
N20002688,95QQ060006,95QQ060006
N20002689,95QQ100001,95QQ100003
N20002690,95QQ060006,95QQ060006
N20002691,95QQ100001,95QQ100001
N20002692,95QQ050004,95QQ050004
N20002693,95QQ050005,95QQ050005
N20002694,95QQ100005,95QQ100005
N20002695,95QQ050007,95QQ050007
N20002696,95QQ040001,95QQ040001
N20002697,95QQ090005,95QQ090005
N20002698,95QQ040005,95QQ040005
N20002699,95QQ050001,95QQ050001
N20002700,95QQ050002,95QQ050002
N20002701,95QQ040006,95QQ040006
N20002702,95QQ050003,95QQ050003
N20002703,95QQ090006,95QQ090006
N20002704,95QQ030005,95QQ030005
N20002705,95QQ140002,95QQ140002
N20002706,95QQ140003,95QQ140003
N20002707,95QQ150005,95QQ150005
N20002708,95QQ080005,95QQ080005
N20002709,95QQ120006,95QQ040002
N20002710,95QQ030002,95QQ030002
N20002711,95QQ080003,95QQ080003
N20002712,95QQ080002,95QQ080002
N20002713,95QQ090006,95QQ090006
N20002714,95QQ150002,95QQ150001
N20002715,95QQ150006,95QQ150006
N20002716,95QQ140002,95QQ140002
N20002717,95QQ150006,95QQ150001
N20002718,95QQ150004,95QQ150004
N20002719,95QQ010004,95QQ010004
N20002720,95QQ090004,95QQ090004
N20002721,95QQ090003,95QQ090003
N20002722,95QQ010001,95QQ010001
N20002723,95QQ010003,95QQ010003
N20002724,95QQ010002,95QQ010006
N20002725,95QQ120002,95QQ120002
N20002726,95QQ120001,95QQ120001
N20002727,95QQ070002,95QQ070002
N20002728,95QQ120001,95QQ120004
N20002729,95QQ070005,95QQ070005
N20002730,95QQ140004,95QQ140004
N20002731,95QQ140002,95QQ140004
N20002732,95QQ070007,95QQ070007
N20002733,95QQ140004,95QQ140004
N20002734,95QQ070009,95QQ070009
N20002735,95QQ120005,95QQ120005
N20002736,95QQ070009,95QQ070009
N20002737,95QQ140007,95QQ140007
N20002738,95QQ140007,95QQ140007
N20002739,95QQ130007,95QQ130007
N20002740,95QQ140008,95QQ140006
N20002741,95QQ110001,95QQ110003
N20002742,95QQ140008,95QQ140009
N20002743,95QQ130003,95QQ130001
N20002744,95QQ110002,95QQ110005
N20002745,95QQ110002,95QQ110002
N20002746,95QQ140009,95QQ140009
N20002747,95QQ020002,95QQ020002
N20002748,95QQ130006,95QQ130006
N20002749,95QQ020006,95QQ020006
N20002750,95QQ020004,95QQ020004
N20002751,95QQ130004,95QQ130004
N20002752,95QQ020005,95QQ020004
N20002753,95QQ020006,95QQ020004
N20002754,95HH010005,95HH010005
N20002755,95HH010002,95HH010002
N20002756,95HH010006,95HH010006
N20002757,95HH160004,95HH160004
N20002758,95HH160002,95HH160002
N20002759,95HH160004,95HH160004
N20002760,95HH010007,95HH010007
N20002761,95HH010007,95HH160005
N20002762,95HH160001,95HH160001
N20002763,95HH060004,95HH060004
N20002764,95HH020003,95HH020003
N20002765,95HH060007,95HH060007
N20002766,95HH020004,95HH020004
N20002767,95HH060010,95HH060010
N20002768,95HH060004,95HH060005
N20002769,95HH020005,95HH020004
N20002770,95HH060005,95HH060005
N20002771,95HH020006,95HH020006
N20002772,95HH110003,95HH110003
N20002773,95HH120003,95HH120005
N20002774,95HH150001,95HH150001
N20002775,95HH060008,95HH060011
N20002776,95HH120002,95HH120002
N20002777,95HH020007,95HH020007
N20002778,95HH060009,95HH060002
N20002779,95HH060003,95HH060010
N20002780,95HH110003,95HH110003
N20002781,95HH110005,95HH110005
N20002782,95HH020008,95HH020008
N20002783,95HH030006,95HH030006
N20002784,95HH030001,95HH030001
N20002785,95HH030003,95HH030006
N20002786,95HH150002,95HH150002
N20002787,95HH150003,95HH150003
N20002788,95HH020002,95HH020002
N20002789,95HH030004,95HH030001
N20002790,95HH110002,95HH110005
N20002791,95HH150007,95HH150005
N20002792,95HH140006,95HH140006
N20002793,95HH150006,95HH150006
N20002794,95HH140002,95HH140001
N20002795,95HH090006,95HH090006
N20002796,95HH090009,95HH090007
N20002797,95HH090008,95HH090008
N20002798,95HH090003,95HH090010
N20002799,95HH090002,95HH090001
N20002800,95HH090003,95HH090003
N20002801,95HH090002,95HH090002
N20002802,95HH170006,95HH170006
N20002803,95HH120001,95HH120001
N20002804,95HH040001,95HH040001
N20002805,95HH040002,95HH040003
N20002806,95HH170002,95HH170001
N20002807,95HH170003,95HH170003
N20002808,95HH040004,95HH040004
N20002809,95HH170007,95HH170007
N20002810,95HH170001,95HH170001
N20002811,95HH040004,95HH130001
N20002812,95HH170004,95HH170004
N20002813,95HH130004,95HH130004
N20002814,95HH040007,95HH040007
N20002815,95HH130003,95HH130003
N20002816,95HH110001,95HH110001
N20002817,95HH130002,95HH130002
N20002818,95HH050002,95HH050002
N20002819,95HH050001,95HH050001
N20002820,95HH170005,95HH170005
N20002821,95HH050005,95HH050005
N20002822,95HH050004,95HH050004
N20002823,95HH080003,95HH080003
N20002824,95HH080004,95HH080004
N20002825,95HH100005,95HH100005
N20002826,95HH100006,95HH100006
N20002827,95HH100003,95HH100003
N20002828,95HH070003,95HH070003
N20002829,95HH100004,95HH100004
N20002830,95HH080001,95HH080001
N20002831,95HH070002,95HH070002
N20002832,95HH100001,95HH100001
N20002833,95HH070005,95HH070004
N20002834,95HH070001,95HH070001
N20002835,95HH080008,95HH080008
N20002836,95HH080007,95HH080007
N20002837,95TT110002,95TT110002
N20002838,95TT160001,95TT160001
N20002839,95TT150003,95TT110002
N20002840,95TT150001,95TT150001
N20002841,95TT110001,95TT110001
N20002842,95TT110002,95TT110002
N20002843,95TT160002,95TT160002
N20002844,95TT110004,95TT150004
N20002845,95TT110004,95TT110004
N20002846,95TT150005,95TT150005
N20002847,95TT110005,95TT110005
N20002848,95TT060005,95TT060005
N20002849,95TT160003,95TT160003
N20002850,95TT100001,95TT100001
N20002851,95TT100002,95TT100002
N20002852,95TT110006,95TT110006
N20002853,95TT060002,95TT060002
N20002854,95TT100004,95TT100004
N20002855,95TT100002,95TT100007
N20002856,95TT100005,95TT100005
N20002857,95TT060006,95TT060002
N20002858,95TT100006,95TT100006
N20002859,95TT060004,95TT060004
N20002860,95TT090001,95TT090001
N20002861,95TT060003,95TT060003
N20002862,95TT090004,95TT090004
N20002863,95TT090004,95TT090002
N20002864,95TT090003,95TT090003
N20002865,95TT020005,95TT020005
N20002866,95TT020001,95TT060005
N20002867,95TT120002,95TT120002
N20002868,95TT020004,95TT020004
N20002869,95TT020006,95TT020003
N20002870,95TT020003,95TT020003
N20002871,95TT070005,95TT070005
N20002872,95TT120004,95TT120004
N20002873,95TT040006,95TT040006
N20002874,95TT040006,95TT040002
N20002875,95TT040002,95TT040002
N20002876,95TT120006,95TT120006
N20002877,95TT070004,95TT030005
N20002878,95TT040003,95TT040003
N20002879,95TT070001,95TT070001
N20002880,95TT030009,95TT030009
N20002881,95TT030008,95TT030001
N20002882,95TT030005,95TT030005
N20002883,95TT030007,95TT030003
N20002884,95TT030003,95TT030004
N20002885,95TT040001,95TT040004
N20002886,95TT080002,95TT080002
N20002887,95TT010006,95TT010006
N20002888,95TT120001,95TT120001
N20002889,95TT010005,95TT030002
N20002890,95TT040005,95TT040005
N20002891,95TT010002,95TT010002
N20002892,95TT010001,95TT010001
N20002893,95TT010003,95TT010003
N20002894,95TT050008,95TT050008
N20002895,95TT050003,95TT050003
N20002896,95TT050001,95TT050001
N20002897,95TT050003,95TT050003
N20002898,95TT050001,95TT050001
N20002899,95TT050004,95TT050004
N20002900,95TT050002,95TT050002
N20002901,95TT050005,95TT050003
N20002902,95TT140004,95TT140005
N20002903,95TT140003,95TT140003
N20002904,95TT050005,95TT130007
N20002905,95TT140006,95TT140006
N20002906,95TT050006,95TT050006
N20002907,95TT130005,95TT130005
N20002908,95TT130004,95TT130004
N20002909,95TT130006,95TT130006
N20002910,95TT140002,95TT140002
N20002911,95TT080002,95TT080001
N20002912,95TT130001,95TT130001
N20002913,95TT080004,95TT080004
N20002914,95TT080005,95TT080005
N20002915,95TT080001,95TT080001
N20002916,95KK150006,95KK150006
N20002917,95KK150005,95KK150005
N20002918,95KK070003,95KK070003
N20002919,95KK150002,95KK150002
N20002920,95KK070002,95KK070002
N20002921,95KK080003,95KK080003
N20002922,95KK080003,95KK080005
N20002923,95KK080004,95KK080004
N20002924,95KK080006,95KK080006
N20002925,95KK150004,95KK150004
N20002926,95KK070005,95KK070005
N20002927,95KK150001,95KK150001
N20002928,95KK080001,95KK150002
N20002929,95KK030003,95KK030003
N20002930,95KK030001,95KK030001
N20002931,95KK100003,95KK100003
N20002932,95KK070001,95KK110005
N20002933,95KK010004,95KK020005
N20002934,95KK090005,95KK090005
N20002935,95KK110006,95KK110006
N20002936,95KK010004,95KK010004
N20002937,95KK090006,95KK090001
N20002938,95KK110002,95KK110007
N20002939,95KK020001,95KK020001
N20002940,95KK090002,95KK090002
N20002941,95KK110004,95KK110004
N20002942,95KK020004,95KK020002
N20002943,95KK070001,95KK070001
N20002944,95KK100004,95KK100004
N20002945,95KK110003,95KK110003
N20002946,95KK110003,95KK110003
N20002947,95KK090004,95KK090004
N20002948,95KK030005,95KK030005
N20002949,95KK160003,95KK160003
N20002950,95KK090003,95KK090003
N20002951,95KK020003,95KK020003
N20002952,95KK020003,95KK020005
N20002953,95KK160006,95KK160006
N20002954,95KK090003,95KK090003
N20002955,95KK160005,95KK160005
N20002956,95KK040007,95KK040007
N20002957,95KK160001,95KK160006
N20002958,95KK020004,95KK060006
N20002959,95KK020003,95KK020003
N20002960,95KK060003,95KK060003
N20002961,95KK040006,95KK040006
N20002962,95KK040002,95KK040003
N20002963,95KK040003,95KK040003
N20002964,95KK060005,95KK060005
N20002965,95KK130004,95KK130004
N20002966,95KK030005,95KK030005
N20002967,95KK100001,95KK100001
N20002968,95KK130003,95KK130003
N20002969,95KK130004,95KK130004
N20002970,95KK120002,95KK120002
N20002971,95KK130001,95KK100002
N20002972,95KK120004,95KK120004
N20002973,95KK120001,95KK120001
N20002974,95KK120003,95KK120003
N20002975,95KK010002,95KK010002
N20002976,95KK010003,95KK010003
N20002977,95KK050003,95KK050002
N20002978,95KK050001,95KK010005
N20002979,95KK140001,95KK140001
N20002980,95KK050001,95KK050001
N20002981,95KK140002,95KK140002
N20002982,95KK050004,95KK050004
N20002983,95KK140003,95KK140004
N20002984,95KK050005,95KK050005
N20002985,95KK130002,95KK130002
N20002986,95KK140001,95KK140003
N20002987,95OO140001,95KK130001
N20002988,95KK140003,95KK140003
N20002989,95OO220005,95OO220005
N20002990,95OO010004,95OO010004
N20002991,95OO220005,95OO220005
N20002992,95OO010003,95OO140001
N20002993,95OO100007,95OO100007
N20002994,95OO120003,95OO120003
N20002995,95OO120004,95OO120004
N20002996,95OO140001,95OO140001
N20002997,95OO100001,95OO100001
N20002998,95OO010003,95OO010003
N20002999,95OO120001,95OO120001
N20003000,95OO220001,95OO220001
N20003001,95OO100004,95OO100004
N20003002,95OO110002,95OO110002
N20003003,95OO110005,95OO110005
N20003004,95OO140002,95OO140002
N20003005,95OO100005,95OO100005
N20003006,95OO100002,95OO100002
N20003007,95OO010001,95OO010001
N20003008,95OO110007,95OO110007
N20003009,95OO120002,95OO120002
N20003010,95OO110004,95OO110006
N20003011,95OO110005,95OO110005
N20003012,95OO100006,95OO100006
N20003013,95OO110001,95OO110001
N20003014,95OO140003,95OO140005
N20003015,95OO220003,95OO220005
N20003016,95OO220004,95OO220004
N20003017,95OO220003,95OO220003
N20003018,95OO120002,95OO120002
N20003019,95OO110001,95OO110001
N20003020,95OO150002,95OO150002
N20003021,95OO220004,95OO170005
N20003022,95OO180005,95OO180005
N20003023,95OO210003,95OO210003
N20003024,95OO150001,95OO180005
N20003025,95OO210004,95OO210004
N20003026,95OO150002,95OO180006
N20003027,95OO180004,95OO180004
N20003028,95OO150003,95OO150003
N20003029,95OO150005,95OO150004
N20003030,95OO210005,95OO210006
N20003031,95OO180005,95OO180005
N20003032,95OO050004,95OO050004
N20003033,95OO050006,95OO050005
N20003034,95OO180006,95OO180006
N20003035,95OO210001,95OO210001
N20003036,95OO170006,95OO170005
N20003037,95OO210006,95OO210006
N20003038,95OO180002,95OO180001
N20003039,95OO180003,95OO180004
N20003040,95OO180003,95OO180003
N20003041,95OO050002,95OO050002
N20003042,95OO050001,95OO050001
N20003043,95OO050003,95OO050003
N20003044,95OO130004,95OO130004
N20003045,95OO130004,95OO130004
N20003046,95OO130006,95OO130006
N20003047,95OO130007,95OO130007
N20003048,95OO170003,95OO170006
N20003049,95OO130002,95OO130002
N20003050,95OO050001,95OO200001
N20003051,95OO130003,95OO190007
N20003052,95OO200002,95OO200002
N20003053,95OO200006,95OO200006
N20003054,95OO190007,95OO190007
N20003055,95OO190001,95OO190003
N20003056,95OO190001,95OO190007
N20003057,95OO060002,95OO060005
N20003058,95OO190002,95OO190002
N20003059,95OO190004,95OO190004
N20003060,95OO190005,95OO190005
N20003061,95OO190006,95OO190006
N20003062,95OO060002,95OO060002
N20003063,95OO040005,95OO010005
N20003064,95OO140003,95OO140003
N20003065,95OO010001,95OO080005
N20003066,95OO080005,95OO080005
N20003067,95OO080001,95OO080001
N20003068,95OO040006,95OO040006
N20003069,95OO080002,95OO080002
N20003070,95OO040005,95OO040005
N20003071,95OO080003,95OO080003
N20003072,95OO070004,95OO070004
N20003073,95OO020005,95OO020005
N20003074,95OO030005,95OO040001
N20003075,95OO070004,95OO070006
N20003076,95OO040002,95OO040002
N20003077,95OO060006,95OO060006
N20003078,95OO040004,95OO040003
N20003079,95OO070006,95OO070006
N20003080,95OO030006,95OO040004
N20003081,95OO090001,95OO020001
N20003082,95OO060001,95OO060001
N20003083,95OO030006,95OO030003
N20003084,95OO030001,95OO030001
N20003085,95OO090002,95OO090002
N20003086,95OO070005,95OO070005
N20003087,95OO090001,95OO020003
N20003088,95OO030002,95OO030002
N20003089,95OO020002,95OO020002
N20003090,95OO030003,95OO030004
N20003091,95OO090003,95OO090002
N20003092,95OO070001,95OO070001
N20003093,95OO160006,95OO090005
N20003094,95OO160003,95OO160001
N20003095,95OO070002,95OO070001
N20003096,95OO090005,95OO090005
N20003097,95OO160002,95OO160002
N20003098,95OO160001,95OO160004
N20003099,95OO160003,95OO160003
N20003100,95OO070002,95OO070002
N20003101,95VV290006,95VV290006
N20003102,95VV290001,95VV290001
N20003103,95VV290005,95VV290001
N20003104,95VV220005,95VV220005
N20003105,95VV290003,95VV030005
N20003106,95VV290002,95VV290002
N20003107,95VV220002,95VV220005
N20003108,95VV290004,95VV290004
N20003109,95VV030007,95VV030007
N20003110,95VV030005,95VV030005
N20003111,95VV030004,95VV030004
N20003112,95VV150007,95VV150002
N20003113,95VV030002,95VV030002
N20003114,95VV020001,95VV020001
N20003115,95VV120002,95VV120002
N20003116,95VV030003,95VV030003
N20003117,95VV120004,95VV120003
N20003118,95VV030002,95VV030002
N20003119,95VV220006,95VV220006
N20003120,95VV120006,95VV120006
N20003121,95VV290003,95VV290003
N20003122,95VV060001,95VV060001
N20003123,95VV120007,95VV120007
N20003124,95VV060005,95VV060006
N20003125,95VV220001,95VV220001
N20003126,95VV060003,95VV060003
N20003127,95VV250003,95VV250003
N20003128,95VV220003,95VV220003
N20003129,95VV060007,95VV060007
N20003130,95VV250002,95VV250002
N20003131,95VV080004,95VV080004
N20003132,95VV080002,95VV080002
N20003133,95VV250007,95VV250007
N20003134,95VV250004,95VV250004
N20003135,95VV170004,95VV170004
N20003136,95VV250001,95VV250004
N20003137,95VV080001,95VV080001
N20003138,95VV170002,95VV170002
N20003139,95VV170002,95VV170002
N20003140,95VV080002,95VV080002
N20003141,95VV250006,95VV250001
N20003142,95VV250001,95VV250001
N20003143,95VV170008,95VV170008
N20003144,95VV080003,95VV080003
N20003145,95VV170006,95VV170006
N20003146,95VV090005,95VV090006
N20003147,95VV090004,95VV090006
N20003148,95VV080006,95VV080003
N20003149,95VV170005,95VV170005
N20003150,95VV090002,95VV090002
N20003151,95VV080006,95VV080006
N20003152,95VV090001,95VV090001
N20003153,95VV090003,95VV090003
N20003154,95VV300003,95VV300002
N20003155,95VV110007,95VV110007
N20003156,95VV110008,95VV110009
N20003157,95VV150002,95VV150002
N20003158,95VV300001,95VV300001
N20003159,95VV150008,95VV150008
N20003160,95VV110009,95VV110009
N20003161,95VV150008,95VV150008
N20003162,95VV020001,95VV020001
N20003163,95VV300007,95VV300005
N20003164,95VV150003,95VV150003
N20003165,95VV300004,95VV300004
N20003166,95VV020002,95VV020002
N20003167,95VV020003,95VV020003
N20003168,95VV300006,95VV300006
N20003169,95VV280010,95VV280010
N20003170,95VV150006,95VV150006
N20003171,95VV020007,95VV020007
N20003172,95VV020006,95VV020006
N20003173,95VV120007,95VV120007
N20003174,95VV100008,95VV020006
N20003175,95VV280002,95VV280002
N20003176,95VV100009,95VV100006
N20003177,95VV100007,95VV100007
N20003178,95VV280003,95VV280003
N20003179,95VV300006,95VV100008
N20003180,95VV280004,95VV280004
N20003181,95VV280006,95VV280006
N20003182,95VV100005,95VV100005
N20003183,95VV100002,95VV100009
N20003184,95VV280007,95VV280007
N20003185,95VV140002,95VV140002
N20003186,95VV100004,95VV100004
N20003187,95VV270002,95VV270002
N20003188,95VV140004,95VV140004
N20003189,95VV270005,95VV270005
N20003190,95VV270007,95VV270003
N20003191,95VV140005,95VV140005
N20003192,95VV270007,95VV270006
N20003193,95VV140006,95VV140008
N20003194,95VV140005,95VV140005
N20003195,95VV140008,95VV140007
N20003196,95VV140005,95VV140005
N20003197,95VV270005,95VV270005
N20003198,95VV160004,95VV160004
N20003199,95VV160005,95VV160005
N20003200,95VV060007,95VV060007
N20003201,95VV160007,95VV160007
N20003202,95VV160001,95VV160001
N20003203,95VV170002,95VV170002
N20003204,95VV160006,95VV160006
N20003205,95VV160002,95VV170004
N20003206,95VV170002,95VV170002
N20003207,95VV130003,95VV130003
N20003208,95VV130004,95VV130004
N20003209,95VV210003,95VV210003
N20003210,95VV130006,95VV130006
N20003211,95VV130007,95VV130007
N20003212,95VV130001,95VV290007
N20003213,95VV210005,95VV260001
N20003214,95VV130007,95VV130007
N20003215,95VV130001,95VV130001
N20003216,95VV210004,95VV210004
N20003217,95VV260001,95VV260001
N20003218,95VV260001,95VV260001
N20003219,95VV210005,95VV210005
N20003220,95VV260002,95VV260003
N20003221,95VV210007,95VV210004
N20003222,95VV130007,95VV130007
N20003223,95VV110010,95VV110010
N20003224,95VV110001,95VV110001
N20003225,95VV210002,95VV210002
N20003226,95VV210001,95VV210001
N20003227,95VV110001,95VV110004
N20003228,95VV110004,95VV110004
N20003229,95VV050002,95VV050002
N20003230,95VV050001,95VV050001
N20003231,95VV050002,95VV050002
N20003232,95VV260002,95VV230006
N20003233,95VV050004,95VV050004
N20003234,95VV050005,95VV050005
N20003235,95VV050003,95VV050003
N20003236,95VV070011,95VV070011
N20003237,95VV050003,95VV050003
N20003238,95VV070004,95VV070004
N20003239,95VV050007,95VV050001
N20003240,95VV240008,95VV240008
N20003241,95VV070006,95VV070006
N20003242,95VV070009,95VV070002
N20003243,95VV070003,95VV070004
N20003244,95VV230004,95VV230004
N20003245,95VV070007,95VV070007
N20003246,95VV240009,95VV240009
N20003247,95VV070005,95VV070005
N20003248,95VV070008,95VV070007
N20003249,95VV240001,95VV240005
N20003250,95VV240008,95VV240008
N20003251,95VV240003,95VV240003
N20003252,95VV230003,95VV230005
N20003253,95VV240004,95VV240004
N20003254,95VV230005,95VV230002
N20003255,95VV070010,95VV240007
N20003256,95VV230006,95VV230006
N20003257,95NN230006,95NN230006
N20003258,95NN230005,95NN230005
N20003259,95NN170002,95NN170002
N20003260,95NN230006,95NN230006
N20003261,95VV260007,95VV260006
N20003262,95NN170005,95NN170005
N20003263,95NN170001,95NN170001
N20003264,95NN210004,95NN170001
N20003265,95NN170003,95NN170003
N20003266,95NN170002,95NN170002
N20003267,95NN210003,95NN210003
N20003268,95NN210004,95NN210004
N20003269,95NN210007,95NN210001
N20003270,95NN210006,95NN210005
N20003271,95NN210008,95NN210008
N20003272,95NN100001,95NN100001
N20003273,95NN100009,95NN100009
N20003274,95NN100009,95NN100009
N20003275,95NN230003,95NN230003
N20003276,95NN230001,95NN230001
N20003277,95NN100008,95NN100008
N20003278,95NN100002,95NN100002
N20003279,95NN100006,95NN100006
N20003280,95VV260002,95VV260002
N20003281,95VV010008,95VV010008
N20003282,95VV040007,95VV040007
N20003283,95VV010007,95VV010007
N20003284,95VV010009,95VV010001
N20003285,95VV010004,95VV010009
N20003286,95VV010003,95VV010003
N20003287,95VV010006,95VV010006
N20003288,95VV040002,95VV040002
N20003289,95VV040003,95VV040003
N20003290,95VV200001,95VV200005
N20003291,95VV200001,95VV200001
N20003292,95VV040005,95VV040005
N20003293,95VV200004,95VV200004
N20003294,95VV040001,95VV040003
N20003295,95VV230008,95VV230008
N20003296,95VV040006,95VV040006
N20003297,95VV040006,95VV040006
N20003298,95VV180003,95VV180002
N20003299,95VV190006,95VV190006
N20003300,95VV180010,95VV180003
N20003301,95VV180004,95VV180007
N20003302,95VV190008,95VV190008
N20003303,95VV180008,95VV180008
N20003304,95VV180005,95VV180008
N20003305,95VV190003,95VV190003
N20003306,95VV180010,95VV180010
N20003307,95VV190004,95VV190002
N20003308,95VV190005,95VV190005
N20003309,95VV190005,95VV190005
N20003310,95VV200003,95VV200003
N20003311,95NN130006,95NN130007
N20003312,95NN130007,95NN130007
N20003313,95NN110007,95NN110007
N20003314,95NN130007,95NN130007
N20003315,95NN110008,95NN110004
N20003316,95NN130002,95NN130002
N20003317,95NN130003,95NN130003
N20003318,95NN110005,95NN110005
N20003319,95NN110001,95NN110001
N20003320,95NN130005,95NN130005
N20003321,95NN200002,95NN110003
N20003322,95FF020004,95FF020004
N20003323,95FF100002,95FF020006
N20003324,95NN200001,95NN200001
N20003325,95NN130005,95NN130005
N20003326,95NN200004,95NN130001
N20003327,95FF020006,95FF020006
N20003328,95NN200006,95NN200006
N20003329,95NN200004,95NN200004
N20003330,95NN200007,95NN200007
N20003331,95FF020001,95FF020001
N20003332,95NN060001,95NN120007
N20003333,95NN120007,95NN120007
N20003334,95NN060002,95NN060002
N20003335,95NN140006,95NN140006
N20003336,95FF020003,95FF020003
N20003337,95NN120001,95NN120001
N20003338,95NN120003,95NN120003
N20003339,95NN120006,95NN120006
N20003340,95NN120005,95NN120005
N20003341,95NN060003,95NN060003
N20003342,95NN060004,95NN060004
N20003343,95NN120007,95NN120007
N20003344,95NN060005,95NN060005
N20003345,95NN060005,95NN060005
N20003346,95NN060007,95NN060007
N20003347,95NN190009,95NN190009
N20003348,95NN190001,95NN190001
N20003349,95NN190002,95NN190002
N20003350,95NN190001,95NN190006
N20003351,95NN190005,95NN190003
N20003352,95NN090003,95NN090001
N20003353,95NN190007,95NN190007
N20003354,95NN190003,95NN190003
N20003355,95NN160002,95NN160002
N20003356,95NN160006,95NN160006
N20003357,95NN090003,95NN160007
N20003358,95NN090004,95NN090006
N20003359,95NN090005,95NN090005
N20003360,95NN160004,95NN160004
N20003361,95NN160001,95NN160001
N20003362,95NN030001,95NN160003
N20003363,95NN160004,95NN160005
N20003364,95NN090008,95NN090008
N20003365,95NN090007,95NN090007
N20003366,95NN030001,95NN030001
N20003367,95NN050001,95NN050001
N20003368,95NN150005,95NN150004
N20003369,95NN030003,95NN030003
N20003370,95NN030004,95NN030004
N20003371,95NN080005,95NN150001
N20003372,95NN150007,95NN150004
N20003373,95NN050001,95NN050001
N20003374,95NN030003,95NN030003
N20003375,95NN150008,95NN150008
N20003376,95NN150003,95NN150003
N20003377,95NN150006,95NN150006
N20003378,95NN030005,95NN030005
N20003379,95NN050002,95NN050002
N20003380,95NN050005,95NN050005
N20003381,95NN150001,95NN150002
N20003382,95NN030007,95NN030008
N20003383,95NN080001,95NN080004
N20003384,95NN080004,95NN080002
N20003385,95NN050007,95NN050007
N20003386,95NN150002,95NN150002
N20003387,95NN160005,95NN160008
N20003388,95NN080003,95NN080006
N20003389,95NN050008,95NN050008
N20003390,95NN080006,95NN080006
N20003391,95NN220002,95NN220002
N20003392,95NN080007,95NN080007
N20003393,95NN220004,95NN220001
N20003394,95NN220005,95NN220005
N20003395,95NN080008,95NN180007
N20003396,95NN220006,95NN220006
N20003397,95NN180006,95NN180007
N20003398,95NN180002,95NN180002
N20003399,95NN180002,95NN180002
N20003400,95NN020004,95NN020004
N20003401,95NN180001,95NN180001
N20003402,95NN020004,95NN020002
N20003403,95NN020005,95NN020005
N20003404,95NN180005,95NN180005
N20003405,95NN020003,95NN020003
N20003406,95NN020005,95NN020005
N20003407,95NN020006,95NN020006
N20003408,95NN070009,95NN070009
N20003409,95NN040001,95NN040002
N20003410,95NN070001,95NN070001
N20003411,95NN040002,95NN040002
N20003412,95NN070009,95NN070009
N20003413,95NN040005,95NN040005
N20003414,95NN010006,95NN220001
N20003415,95NN070004,95NN070004
N20003416,95NN040007,95NN040007
N20003417,95NN040006,95NN040006
N20003418,95NN070003,95NN070004
N20003419,95NN070006,95NN070008
N20003420,95NN220006,95NN220006
N20003421,95NN070005,95NN070005
N20003422,95NN140003,95NN140003
N20003423,95NN010007,95NN010007
N20003424,95NN140001,95NN140002
N20003425,95NN010002,95NN010002
N20003426,95NN010001,95NN010002
N20003427,95NN010001,95NN010003
N20003428,95NN010004,95NN010004
N20003429,95NN140004,95NN140004
N20003430,95NN140001,95NN140001
N20003431,95NN140008,95NN140008
N20003432,95BB080008,95BB080009
N20003433,95BB090008,95BB090008
N20003434,95BB080009,95BB080009
N20003435,95BB080003,95BB080007
N20003436,95BB080001,95BB080001
N20003437,95BB090009,95BB090002
N20003438,95BB070009,95BB070009
N20003439,95BB070008,95BB070008
N20003440,95BB080002,95BB080002
N20003441,95BB080005,95BB080005
N20003442,95BB090002,95BB090002
N20003443,95BB070002,95BB070002
N20003444,95BB070007,95BB070007
N20003445,95BB070010,95BB070010
N20003446,95BB090003,95BB090003
N20003447,95BB070006,95BB070010
N20003448,95BB090004,95BB090006
N20003449,95BB070007,95BB070007
N20003450,95BB070004,95BB070004
N20003451,95BB090003,95BB090003
N20003452,95BB090007,95BB090007
N20003453,95BB160004,95BB160004
N20003454,95BB090007,95BB160001
N20003455,95BB160004,95BB160004
N20003456,95BB160007,95BB160007
N20003457,95BB160006,95BB160006
N20003458,95BB160008,95BB160005
N20003459,95BB160008,95BB160008
N20003460,95BB160006,95BB160006
N20003461,95BB010002,95BB010002
N20003462,95BB010001,95BB010001
N20003463,95BB010002,95BB010006
N20003464,95BB010004,95BB010004
N20003465,95BB010005,95BB010005
N20003466,95BB010009,95BB010009
N20003467,95BB140001,95BB160003
N20003468,95BB010008,95BB010001
N20003469,95BB140005,95BB140005
N20003470,95BB140008,95BB140003
N20003471,95BB010003,95BB010003
N20003472,95BB140005,95BB140005
N20003473,95BB140007,95BB140007
N20003474,95BB230002,95BB230002
N20003475,95BB040003,95BB040003
N20003476,95BB230003,95BB230003
N20003477,95BB190001,95BB190014
N20003478,95BB120009,95BB120009
N20003479,95BB230005,95BB230005
N20003480,95BB190014,95BB190014
N20003481,95BB190002,95BB190002
N20003482,95BB230007,95BB230007
N20003483,95BB040006,95BB040006
N20003484,95BB190001,95BB190001
N20003485,95BB120004,95BB120004
N20003486,95BB120002,95BB120001
N20003487,95BB230006,95BB230006
N20003488,95BB190006,95BB190006
N20003489,95BB190011,95BB190011
N20003490,95BB040009,95BB040009
N20003491,95BB190004,95BB190009
N20003492,95BB170005,95BB170005
N20003493,95BB120006,95BB120003
N20003494,95BB040008,95BB040008
N20003495,95BB120005,95BB120005
N20003496,95BB230009,95BB230009
N20003497,95BB190012,95BB190008
N20003498,95BB190010,95BB190010
N20003499,95BB120007,95BB120007
N20003500,95BB040010,95BB040010
N20003501,95BB190007,95BB190007
N20003502,95BB190011,95BB230001
N20003503,95BB060004,95BB060004
N20003504,95BB060006,95BB060011
N20003505,95BB170009,95BB170009
N20003506,95BB190013,95BB190013
N20003507,95BB130003,95BB130003
N20003508,95BB040004,95BB040002
N20003509,95BB060010,95BB060010
N20003510,95BB060011,95BB040001
N20003511,95BB130013,95BB130013
N20003512,95BB060009,95BB060009
N20003513,95BB060008,95BB060008
N20003514,95BB130001,95BB130002
N20003515,95BB170007,95BB170010
N20003516,95BB040001,95BB040001
N20003517,95BB130008,95BB130008
N20003518,95BB060001,95BB060001
N20003519,95BB130006,95BB130006
N20003520,95BB130010,95BB130010
N20003521,95BB020010,95BB020010
N20003522,95BB060003,95BB060003
N20003523,95BB020009,95BB020009
N20003524,95BB020005,95BB020005
N20003525,95BB130011,95BB130011
N20003526,95BB020007,95BB020002
N20003527,95BB020001,95BB020001
N20003528,95BB130012,95BB130011
N20003529,95BB060002,95BB060002
N20003530,95BB220001,95BB220001
N20003531,95BB220002,95BB220002
N20003532,95BB220005,95BB220005
N20003533,95BB220004,95BB220007
N20003534,95BB220008,95BB220008
N20003535,95BB220009,95BB220009
N20003536,95BB220009,95BB220008
N20003537,95XX120006,95XX120002
N20003538,95XX130005,95XX130005
N20003539,95XX120002,95XX120002
N20003540,95XX130007,95XX130007
N20003541,95XX210006,95XX210006
N20003542,95XX130001,95XX130001
N20003543,95XX210006,95XX210006
N20003544,95XX120002,95XX120008
N20003545,95XX120008,95XX120008
N20003546,95XX130002,95XX130002
N20003547,95XX130003,95XX130003
N20003548,95XX140008,95XX140008
N20003549,95XX140002,95XX140002
N20003550,95XX140004,95XX140004
N20003551,95XX140005,95XX140005
N20003552,95XX190004,95XX190004
N20003553,95XX140001,95XX140007
N20003554,95XX100003,95XX100003
N20003555,95XX190003,95XX190003
N20003556,95XX100006,95XX100006
N20003557,95XX100005,95XX100005
N20003558,95XX180005,95XX180005
N20003559,95XX190002,95XX180008
N20003560,95XX190003,95XX190003
N20003561,95XX180003,95XX180003
N20003562,95XX110003,95XX110014
N20003563,95XX200011,95XX200011
N20003564,95XX180001,95XX180001
N20003565,95XX190007,95XX190007
N20003566,95XX180004,95XX180004
N20003567,95XX190006,95XX190006
N20003568,95XX110005,95XX110005
N20003569,95XX120005,95XX120005
N20003570,95XX200003,95XX200003
N20003571,95XX200001,95XX200001
N20003572,95XX110006,95XX110006
N20003573,95XX200005,95XX200004
N20003574,95XX180010,95XX180010
N20003575,95XX180009,95XX180009
N20003576,95XX200008,95XX200006
N20003577,95XX200007,95XX200007
N20003578,95XX210008,95XX210008
N20003579,95XX210008,95XX210008
N20003580,95XX210001,95XX210001
N20003581,95XX210005,95XX210004
N20003582,95XX210002,95XX210002
N20003583,95XX080007,95XX080007
N20003584,95XX080005,95XX080005
N20003585,95XX240009,95XX240009
N20003586,95XX080002,95XX080002
N20003587,95XX240003,95XX240003
N20003588,95XX240002,95XX240002
N20003589,95XX080004,95XX080004
N20003590,95XX230004,95XX230004
N20003591,95XX240004,95XX240004
N20003592,95XX230010,95XX230010
N20003593,95XX230010,95XX230010
N20003594,95XX240007,95XX240007
N20003595,95XX080006,95XX080006
N20003596,95XX250004,95XX220006
N20003597,95XX230004,95XX230004
N20003598,95XX240008,95XX240008
N20003599,95XX230001,95XX230005
N20003600,95XX150004,95XX150005
N20003601,95XX230002,95XX230008
N20003602,95XX230006,95XX230006
N20003603,95XX230005,95XX230007
N20003604,95XX150005,95XX150005
N20003605,95XX220007,95XX220009
N20003606,95XX150007,95XX150007
N20003607,95XX150009,95XX150008
N20003608,95XX150006,95XX150006
N20003609,95XX100007,95XX100008
N20003610,95XX230009,95XX230009
N20003611,95XX100008,95XX100008
N20003612,95XX150003,95XX150003
N20003613,95XX100009,95XX100009
N20003614,95XX220001,95XX220001
N20003615,95XX220002,95XX220002
N20003616,95XX150003,95XX150001
N20003617,95XX100010,95XX100010
N20003618,95XX100012,95XX100012
N20003619,95XX100002,95XX100002
N20003620,95XX100013,95XX100002
N20003621,95XX020006,95XX170004
N20003622,95XX020007,95XX020007
N20003623,95XX170006,95XX170006
N20003624,95XX170008,95XX170007
N20003625,95XX090010,95XX090010
N20003626,95XX020006,95XX020006
N20003627,95XX020008,95XX020008
N20003628,95XX210003,95XX210003
N20003629,95XX020004,95XX020004
N20003630,95XX020003,95XX020001
N20003631,95XX170009,95XX170009
N20003632,95XX170011,95XX170011
N20003633,95XX070006,95XX070007
N20003634,95XX020002,95XX090001
N20003635,95XX090002,95XX090002
N20003636,95XX170011,95XX170011
N20003637,95XX090003,95XX090003
N20003638,95XX090001,95XX070005
N20003639,95XX070005,95XX070006
N20003640,95XX170011,95XX170002
N20003641,95XX070011,95XX070008
N20003642,95XX170001,95XX170001
N20003643,95XX090003,95XX090003
N20003644,95XX050010,95XX050010
N20003645,95XX070002,95XX070003
N20003646,95XX070004,95XX070004
N20003647,95XX070001,95XX070001
N20003648,95XX050001,95XX050001
N20003649,95XX250003,95XX250003
N20003650,95XX050006,95XX050007
N20003651,95XX250005,95XX250005
N20003652,95XX060005,95XX060005
N20003653,95XX250007,95XX250007
N20003654,95XX050008,95XX060006
N20003655,95XX060006,95XX060006
N20003656,95XX250001,95XX250001
N20003657,95XX250009,95XX250009
N20003658,95XX060004,95XX060004
N20003659,95XX060008,95XX060008
N20003660,95XX060007,95XX060009
N20003661,95XX060010,95XX060004
N20003662,95XX060012,95XX060012
N20003663,95XX110008,95XX110008
N20003664,95XX110009,95XX110009
N20003665,95XX110010,95XX110010
N20003666,95XX110008,95XX110011
N20003667,95XX060003,95XX060003
N20003668,95XX110013,95XX110013
N20003669,95XX110013,95XX110013
N20003670,95XX110001,95XX110001
N20003671,95XX110013,95XX110013
N20003672,95XX110013,95XX110013
N20003673,95XX110013,95XX110013
N20003674,95XX110002,95XX110002
N20003675,95XX110013,95XX110013
N20003676,95XX110013,95XX110013
N20003677,95XX110004,95XX110004
N20003678,95XX110007,95XX110007
N20003679,95XX160005,95XX160005
N20003680,95XX160006,95XX160006
N20003681,95XX160005,95XX160005
N20003682,95XX160007,95XX160007
N20003683,95XX160001,95XX160001
N20003684,95XX160002,95XX160002
N20003685,95XX160003,95XX160003
N20003686,95XX030008,95XX160004
N20003687,95XX160009,95XX160009
N20003688,95BB100007,95BB100005
N20003689,95XX030002,95XX030008
N20003690,95XX030001,95XX030001
N20003691,95XX090005,95XX090005
N20003692,95XX090006,95XX090006
N20003693,95BB100007,95BB100007
N20003694,95XX090007,95XX030005
N20003695,95XX040001,95XX040001
N20003696,95XX030005,95XX030005
N20003697,95XX030006,95XX030006
N20003698,95XX040005,95XX040005
N20003699,95XX040006,95XX040006
N20003700,95BB100005,95BB100005
N20003701,95XX010012,95XX010011
N20003702,95XX010012,95XX010012
N20003703,95XX040011,95XX040011
N20003704,95BB100011,95BB100010
N20003705,95XX040009,95XX040009
N20003706,95XX030007,95XX030007
N20003707,95BB100002,95BB100010
N20003708,95XX040011,95XX040010
N20003709,95XX010001,95XX010001
N20003710,95XX010003,95XX010003
N20003711,95BB100001,95BB100001
N20003712,95XX010004,95XX010004
N20003713,95BB100009,95BB100009
N20003714,95XX010007,95XX010007
N20003715,95BB110001,95BB110001
N20003716,95XX010008,95XX010008
N20003717,95XX010013,95XX010013
N20003718,95BB100004,95BB100004
N20003719,95XX010010,95XX010009
N20003720,95BB110004,95BB110004
N20003721,95BB100006,95BB100006
N20003722,95BB110005,95BB110005
N20003723,95BB110006,95BB110006
N20003724,95BB110008,95BB110008
N20003725,95BB110009,95BB110009
N20003726,95BB100005,95BB100005
N20003727,95BB110010,95BB110010
N20003728,95BB180008,95BB180008
N20003729,95BB180010,95BB180003
N20003730,95BB180009,95BB180003
N20003731,95BB170002,95BB170002
N20003732,95BB180003,95BB180003
N20003733,95BB180001,95BB180001
N20003734,95BB180006,95BB180006
N20003735,95BB180007,95BB180007
N20003736,95BB180002,95BB180002
N20003737,95BB050001,95BB050001
N20003738,95BB170006,95BB170006
N20003739,95BB170002,95BB170007
N20003740,95BB170001,95BB170001
N20003741,95BB050001,95BB050001
N20003742,95BB050005,95BB050005
N20003743,95BB050004,95BB050004
N20003744,95BB050003,95BB050003
N20003745,95BB050008,95BB050008
N20003746,95BB050003,95BB050009
N20003747,95BB030003,95BB030003
N20003748,95BB030009,95BB030009
N20003749,95BB030008,95BB030008
N20003750,95BB030011,95BB030011
N20003751,95BB030010,95BB030010
N20003752,95BB030004,95BB030004
N20003753,95BB030007,95BB030007
N20003754,95BB030003,95BB030003
N20003755,95BB030005,95BB030005
N20003756,95BB030005,95BB030005
N20003757,95BB030006,95BB030006
N20003758,95BB210009,95BB210009
N20003759,95BB150006,95BB150006
N20003760,95BB150005,95BB150005
N20003761,95BB210003,95BB210003
N20003762,95BB210011,95BB210004
N20003763,95BB150008,95BB150008
N20003764,95BB210001,95BB210001
N20003765,95BB210002,95BB210002
N20003766,95BB210006,95BB210006
N20003767,95BB210005,95BB210005
N20003768,95BB210005,95BB210005
N20003769,95BB210008,95BB210008
N20003770,95BB210008,95BB210008
N20003771,95BB150001,95BB150002
N20003772,95BB150002,95BB150002
N20003773,95BB150001,95BB150001
N20003774,95BB200003,95BB150003
N20003775,95BB200004,95BB200002
N20003776,95BB200004,95BB200004
N20003777,95BB200005,95BB200005
N20003778,95BB200002,95BB200002
N20003779,95BB200009,95BB200001
N20003780,95BB200001,95BB200001
