DZ2021_cd,DZ2021_nm,ward_key,dz_area_ha,ward_pop_1971,ward_pop_1981,ward_pop_change_pct,ward_male_pct_1981,ward_pop_density_1981
N20003396,Downpatrick_B2,down|strangford,1201.27,1987,2052,3.27,50.68,34.2
N20003420,Downpatrick_B3,down|strangford,1020.62,1987,2052,3.27,50.68,34.2
N20003423,Downpatrick_H3,down|ardglass,1553.51,2433,2880,18.37,53.72,66.6
N20003425,Downpatrick_J1,down|ardglass,12.3,2433,2880,18.37,53.72,66.6
N20003426,Downpatrick_J2,down|ardglass,21.41,2433,2880,18.37,53.72,66.6
N20003424,Downpatrick_H4,down|killough,1251.48,3295,3185,-3.34,56.36,60.1
N20003414,Downpatrick_H1,down|ardglass,2165.04,2433,2880,18.37,53.72,66.6
N20003402,Downpatrick_D1,down|quoile,66.85,2551,3233,26.73,50.39,236.6
N20003421,Downpatrick_F4,down|cathedral,24.06,2389,3940,64.92,49.77,260.1
N20003419,Downpatrick_G4,down|cathedral,13.12,2389,3940,64.92,49.77,260.1
N20003415,Downpatrick_F2,down|cathedral,14.02,2389,3940,64.92,49.77,260.1
N20003418,Downpatrick_F3,down|cathedral,10.96,2389,3940,64.92,49.77,260.1
N20003412,Downpatrick_F1,down|cathedral,83.44,2389,3940,64.92,49.77,260.1
N20003410,Downpatrick_E6,down|cathedral,18.77,2389,3940,64.92,49.77,260.1
N20003413,Downpatrick_G1,down|cathedral,37.78,2389,3940,64.92,49.77,260.1
N20003416,Downpatrick_G2,down|cathedral,7.53,2389,3940,64.92,49.77,260.1
N20003417,Downpatrick_G3,down|audleys acre,60.9,3628,3660,0.88,47.13,490.2
N20003411,Downpatrick_D4,down|audleys acre,66.15,3628,3660,0.88,47.13,490.2
N20003409,Downpatrick_D3,down|audleys acre,16.06,3628,3660,0.88,47.13,490.2
N20003407,Downpatrick_E4,down|audleys acre,9.49,3628,3660,0.88,47.13,490.2
N20003403,Downpatrick_E1,down|quoile,19.14,2551,3233,26.73,50.39,236.6
N20003405,Downpatrick_D2,down|quoile,61.84,2551,3233,26.73,50.39,236.6
N20003400,Downpatrick_C4,down|quoile,15.33,2551,3233,26.73,50.39,236.6
N20003399,Downpatrick_C3,down|quoile,53.22,2551,3233,26.73,50.39,236.6
N20003397,Downpatrick_C1,down|quoile,68.77,2551,3233,26.73,50.39,236.6
N20003398,Downpatrick_C2,down|quoile,39.8,2551,3233,26.73,50.39,236.6
N20003401,Downpatrick_C5,down|quoile,15.47,2551,3233,26.73,50.39,236.6
N20003406,Downpatrick_E3,down|audleys acre,9.07,3628,3660,0.88,47.13,490.2
N20003404,Downpatrick_E2,down|quoile,14.72,2551,3233,26.73,50.39,236.6
N20003408,Downpatrick_E5,down|cathedral,17.27,2389,3940,64.92,49.77,260.1
N20003328,Slieve_Croob_D4,down|cathedral,2384.45,2389,3940,64.92,49.77,260.1
N20003422,Downpatrick_H2,down|audleys acre,1522.3,3628,3660,0.88,47.13,490.2
N20003429,Downpatrick_K1,down|killough,2371.92,3295,3185,-3.34,56.36,60.1
N20003427,Downpatrick_J3,down|ardglass,25.04,2433,2880,18.37,53.72,66.6
N20003428,Downpatrick_J4,down|ardglass,29.97,2433,2880,18.37,53.72,66.6
N20003430,Downpatrick_K2,down|killough,23.95,3295,3185,-3.34,56.36,60.1
N20003431,Downpatrick_K3,down|killough,15.82,3295,3185,-3.34,56.36,60.1
N20003279,The_Mournes_D5,down|donard,39.98,2165,2115,-2.31,46.15,211.3
N20003277,The_Mournes_E4,down|donard,64.89,2165,2115,-2.31,46.15,211.3
N20003272,The_Mournes_E1,down|donard,30.51,2165,2115,-2.31,46.15,211.3
N20003275,The_Mournes_F2,down|tollymore,2173.26,1924,1941,0.88,51.42,29.0
N20003264,The_Mournes_C1,down|tollymore,16.03,1924,1941,0.88,51.42,29.0
N20003263,The_Mournes_B1,down|tollymore,15.03,1924,1941,0.88,51.42,29.0
N20003265,The_Mournes_B2,down|shimna,7.32,2709,3920,44.7,47.09,1136.0
N20003267,The_Mournes_B3,down|shimna,9.08,2709,3920,44.7,47.09,1136.0
N20003269,The_Mournes_B4,down|shimna,20.94,2709,3920,44.7,47.09,1136.0
N20003270,The_Mournes_C3,down|shimna,20.14,2709,3920,44.7,47.09,1136.0
N20003268,The_Mournes_C2,down|shimna,31.79,2709,3920,44.7,47.09,1136.0
N20003274,The_Mournes_E3,down|donard,33.89,2165,2115,-2.31,46.15,211.3
N20003273,The_Mournes_E2,down|donard,21.02,2165,2115,-2.31,46.15,211.3
N20003278,The_Mournes_D4,down|donard,39.25,2165,2115,-2.31,46.15,211.3
N20003271,The_Mournes_D3,down|shimna,17.94,2709,3920,44.7,47.09,1136.0
N20003266,The_Mournes_D2,down|shimna,128.08,2709,3920,44.7,47.09,1136.0
N20003259,The_Mournes_A3,down|dundrum,1120.14,2245,2284,1.74,51.23,72.2
N20003262,The_Mournes_D1,down|shimna,29.51,2709,3920,44.7,47.09,1136.0
N20003258,The_Mournes_A2,down|tollymore,219.51,1924,1941,0.88,51.42,29.0
N20003343,Slieve_Croob_G5,down|dundrum,491.03,2245,2284,1.74,51.23,72.2
N20003345,Slieve_Croob_J4,down|castlewellan,9.25,2057,2321,12.83,50.5,165.8
N20003342,Slieve_Croob_J2,down|castlewellan,20.71,2057,2321,12.83,50.5,165.8
N20003341,Slieve_Croob_J1,down|castlewellan,23.72,2057,2321,12.83,50.5,165.8
N20003337,Slieve_Croob_G4,down|dundrum,1309.09,2245,2284,1.74,51.23,72.2
N20003339,Slieve_Croob_H2,down|dundrum,7.01,2245,2284,1.74,51.23,72.2
N20003340,Slieve_Croob_H3,down|dundrum,35.18,2245,2284,1.74,51.23,72.2
N20003338,Slieve_Croob_H1,down|dundrum,16.84,2245,2284,1.74,51.23,72.2
N20003335,Slieve_Croob_F3,down|killough,1529.08,3295,3185,-3.34,56.36,60.1
N20003330,Slieve_Croob_F2,down|seaforde,914.55,1833,1881,2.62,50.08,30.4
N20003329,Slieve_Croob_F1,down|seaforde,289.82,1833,1881,2.62,50.08,30.4
N20003324,Slieve_Croob_C3,down|seaforde,1664.24,1833,1881,2.62,50.08,30.4
N20003326,Slieve_Croob_C5,down|dunmore,1176.48,2230,2279,2.2,51.65,42.0
N20003325,Slieve_Croob_C4,down|dunmore,1155.52,2230,2279,2.2,51.65,42.0
N20003332,Slieve_Croob_G1,down|dundrum,448.33,2245,2284,1.74,51.23,72.2
N20003333,Slieve_Croob_G2,down|dundrum,900.95,2245,2284,1.74,51.23,72.2
N20003334,Slieve_Croob_G3,down|castlewellan,128.39,2057,2321,12.83,50.5,165.8
N20003336,Slieve_Croob_E4,banbridge|garran,1705.35,1709,1500,-12.23,51.27,23.8
N20003327,Slieve_Croob_E2,banbridge|garran,2236.29,1709,1500,-12.23,51.27,23.8
N20003323,Slieve_Croob_E1,banbridge|garran,2368.67,1709,1500,-12.23,51.27,23.8
N20000591,Lagan_River_N3,banbridge|balloolymore,1020.61,1720,1676,-2.56,50.18,29.0
N20000593,Lagan_River_N5,banbridge|balloolymore,1035.07,1720,1676,-2.56,50.18,29.0
N20000650,Banbridge_P1,banbridge|drumadonnell,505.06,1501,1265,-15.72,49.17,29.0
N20003331,Slieve_Croob_E3,banbridge|garran,1831.59,1709,1500,-12.23,51.27,23.8
N20000655,Banbridge_P3,banbridge|drumadonnell,1012.82,1501,1265,-15.72,49.17,29.0
N20000656,Banbridge_P4,banbridge|drumadonnell,1046.99,1501,1265,-15.72,49.17,29.0
N20003261,The_Mournes_F1,newry and mourne|spelga,1707.85,1970,1999,1.47,50.58,28.9
N20003344,Slieve_Croob_J3,down|castlewellan,14.03,2057,2321,12.83,50.5,165.8
N20003346,Slieve_Croob_J5,down|castlewellan,12.08,2057,2321,12.83,50.5,165.8
N20003257,The_Mournes_A1,down|tollymore,1349.79,1924,1941,0.88,51.42,29.0
N20003260,The_Mournes_A4,down|tollymore,95.96,1924,1941,0.88,51.42,29.0
N20003276,The_Mournes_F3,down|tollymore,2568.2,1924,1941,0.88,51.42,29.0
N20003280,The_Mournes_F4,newry and mourne|spelga,3816.87,1970,1999,1.47,50.58,28.9
N20003282,The_Mournes_G2,newry and mourne|binnian,4958.71,2160,1993,-7.73,50.23,31.5
N20003281,The_Mournes_G1,newry and mourne|annalong,3623.28,2155,2500,16.01,50.12,64.8
N20003287,The_Mournes_H4,newry and mourne|annalong,46.0,2155,2500,16.01,50.12,64.8
N20003285,The_Mournes_H2,newry and mourne|annalong,50.01,2155,2500,16.01,50.12,64.8
N20003284,The_Mournes_H1,newry and mourne|annalong,16.59,2155,2500,16.01,50.12,64.8
N20003283,The_Mournes_J1,newry and mourne|annalong,271.66,2155,2500,16.01,50.12,64.8
N20003286,The_Mournes_H3,newry and mourne|annalong,26.77,2155,2500,16.01,50.12,64.8
N20003289,The_Mournes_J2,newry and mourne|binnian,412.14,2160,1993,-7.73,50.23,31.5
N20003309,The_Mournes_K4,newry and mourne|cranfield,595.11,2544,2630,3.38,49.13,149.6
N20003304,The_Mournes_N3,newry and mourne|kilkeel,64.06,2885,3840,33.1,47.08,1013.3
N20003303,The_Mournes_P2,newry and mourne|kilkeel,23.46,2885,3840,33.1,47.08,1013.3
N20003305,The_Mournes_P3,newry and mourne|kilkeel,11.9,2885,3840,33.1,47.08,1013.3
N20003308,The_Mournes_P6,newry and mourne|cranfield,50.25,2544,2630,3.38,49.13,149.6
N20003307,The_Mournes_P5,newry and mourne|kilkeel,10.99,2885,3840,33.1,47.08,1013.3
N20003306,The_Mournes_P4,newry and mourne|kilkeel,38.57,2885,3840,33.1,47.08,1013.3
N20003296,The_Mournes_J4,newry and mourne|binnian,249.81,2160,1993,-7.73,50.23,31.5
N20003297,The_Mournes_L1,newry and mourne|binnian,57.24,2160,1993,-7.73,50.23,31.5
N20003294,The_Mournes_J3,newry and mourne|binnian,136.76,2160,1993,-7.73,50.23,31.5
N20003288,The_Mournes_G3,newry and mourne|binnian,879.97,2160,1993,-7.73,50.23,31.5
N20003292,The_Mournes_G4,newry and mourne|binnian,1070.69,2160,1993,-7.73,50.23,31.5
N20003293,The_Mournes_G5,newry and mourne|lisnacree,985.91,2046,2028,-0.88,50.44,23.6
N20003298,The_Mournes_L2,newry and mourne|kilkeel,11.37,2885,3840,33.1,47.08,1013.3
N20003300,The_Mournes_L3,newry and mourne|kilkeel,111.53,2885,3840,33.1,47.08,1013.3
N20003301,The_Mournes_P1,newry and mourne|kilkeel,24.93,2885,3840,33.1,47.08,1013.3
N20003299,The_Mournes_N1,newry and mourne|cranfield,21.69,2544,2630,3.38,49.13,149.6
N20003302,The_Mournes_N2,newry and mourne|cranfield,12.5,2544,2630,3.38,49.13,149.6
N20003290,The_Mournes_K1,newry and mourne|lisnacree,1936.91,2046,2028,-0.88,50.44,23.6
N20003291,The_Mournes_K2,newry and mourne|lisnacree,2285.68,2046,2028,-0.88,50.44,23.6
N20003310,The_Mournes_K5,newry and mourne|cranfield,899.93,2544,2630,3.38,49.13,149.6
N20003255,Crotlieve_K7,newry and mourne|seaview,15.12,2643,2746,3.9,51.02,703.9
N20003251,Crotlieve_K5,newry and mourne|seaview,4.42,2643,2746,3.9,51.02,703.9
N20003249,Crotlieve_K4,newry and mourne|seaview,6.02,2643,2746,3.9,51.02,703.9
N20003253,Crotlieve_K6,newry and mourne|seaview,14.7,2643,2746,3.9,51.02,703.9
N20003250,Crotlieve_J3,newry and mourne|seaview,28.85,2643,2746,3.9,51.02,703.9
N20003252,Crotlieve_L3,newry and mourne|rostrevor,22.95,2292,2663,16.19,49.53,65.8
N20003254,Crotlieve_L4,newry and mourne|rostrevor,12.73,2292,2663,16.19,49.53,65.8
N20003256,Crotlieve_L5,newry and mourne|rostrevor,141.12,2292,2663,16.19,49.53,65.8
N20003295,The_Mournes_K3,newry and mourne|lisnacree,1506.05,2046,2028,-0.88,50.44,23.6
N20003244,Crotlieve_L2,newry and mourne|rostrevor,11.67,2292,2663,16.19,49.53,65.8
N20003239,Crotlieve_L1,newry and mourne|rostrevor,16.11,2292,2663,16.19,49.53,65.8
N20003230,Crotlieve_G2,newry and mourne|rostrevor,2213.35,2292,2663,16.19,49.53,65.8
N20003232,Crotlieve_G3,newry and mourne|rostrevor,3766.88,2292,2663,16.19,49.53,65.8
N20003225,Crotlieve_G1,newry and mourne|drumgath,1745.09,2187,2062,-5.72,50.1,38.0
N20003226,Crotlieve_E2,newry and mourne|ballycrossan,547.69,2404,2486,3.41,51.45,80.9
N20003221,Crotlieve_E1,newry and mourne|drumgath,23.89,2187,2062,-5.72,50.1,38.0
N20003222,Crotlieve_C3,newry and mourne|ballycrossan,734.85,2404,2486,3.41,51.45,80.9
N20003231,Crotlieve_E3,newry and mourne|clonallan,355.58,2685,2981,11.02,49.11,189.5
N20003234,Crotlieve_G4,newry and mourne|clonallan,164.93,2685,2981,11.02,49.11,189.5
N20003235,Crotlieve_G5,newry and mourne|seaview,716.71,2643,2746,3.9,51.02,703.9
N20003240,Crotlieve_J2,newry and mourne|seaview,53.21,2643,2746,3.9,51.02,703.9
N20003246,Crotlieve_K2,newry and mourne|seaview,7.27,2643,2746,3.9,51.02,703.9
N20003243,Crotlieve_H4,newry and mourne|clonallan,14.01,2685,2981,11.02,49.11,189.5
N20003245,Crotlieve_H5,newry and mourne|clonallan,6.37,2685,2981,11.02,49.11,189.5
N20003247,Crotlieve_H6,newry and mourne|clonallan,8.0,2685,2981,11.02,49.11,189.5
N20003248,Crotlieve_K3,newry and mourne|clonallan,9.8,2685,2981,11.02,49.11,189.5
N20003242,Crotlieve_K1,newry and mourne|clonallan,95.92,2685,2981,11.02,49.11,189.5
N20003241,Crotlieve_H3,newry and mourne|clonallan,9.17,2685,2981,11.02,49.11,189.5
N20003238,Crotlieve_H2,newry and mourne|clonallan,19.75,2685,2981,11.02,49.11,189.5
N20003237,Crotlieve_J1,newry and mourne|clonallan,60.07,2685,2981,11.02,49.11,189.5
N20003236,Crotlieve_H1,newry and mourne|clonallan,107.32,2685,2981,11.02,49.11,189.5
N20003204,Newry_N3,newry and mourne|fathom,1340.3,2498,2636,5.52,50.76,67.1
N20003205,Newry_P3,newry and mourne|forkhill,573.37,2386,2137,-10.44,48.53,46.5
N20003202,Newry_N2,newry and mourne|fathom,437.45,2498,2636,5.52,50.76,67.1
N20003201,Newry_P1,newry and mourne|fathom,12.4,2498,2636,5.52,50.76,67.1
N20003233,Crotlieve_F4,newry and mourne|ballycrossan,606.54,2404,2486,3.41,51.45,80.9
N20003229,Crotlieve_F3,newry and mourne|ballycrossan,472.75,2404,2486,3.41,51.45,80.9
N20003228,Crotlieve_F2,newry and mourne|ballycrossan,58.69,2404,2486,3.41,51.45,80.9
N20003192,Newry_J2,newry and mourne|st mary s,20.46,2604,2562,-1.61,48.09,1293.5
N20003197,Newry_J3,newry and mourne|st mary s,37.17,2604,2562,-1.61,48.09,1293.5
N20003227,Crotlieve_F1,newry and mourne|ballycrossan,463.97,2404,2486,3.41,51.45,80.9
N20003223,Crotlieve_C4,newry and mourne|ballycrossan,238.07,2404,2486,3.41,51.45,80.9
N20003169,Newry_D4,newry and mourne|windsor hill,21.09,2706,3503,29.45,48.64,694.4
N20003168,Newry_D3,newry and mourne|windsor hill,22.2,2706,3503,29.45,48.64,694.4
N20003175,Newry_G1,newry and mourne|windsor hill,8.54,2706,3503,29.45,48.64,694.4
N20003178,Newry_E4,newry and mourne|st patrick s,13.25,2395,2143,-10.52,48.3,1447.7
N20003181,Newry_G3,newry and mourne|st patrick s,8.93,2395,2143,-10.52,48.3,1447.7
N20003180,Newry_G2,newry and mourne|st patrick s,25.42,2395,2143,-10.52,48.3,1447.7
N20003187,Newry_L1,newry and mourne|st mary s,12.74,2604,2562,-1.61,48.09,1293.5
N20003184,Newry_G4,newry and mourne|st patrick s,74.94,2395,2143,-10.52,48.3,1447.7
N20003224,Crotlieve_C5,newry and mourne|ballycrossan,6.87,2404,2486,3.41,51.45,80.9
N20003189,Newry_J1,newry and mourne|st mary s,76.1,2604,2562,-1.61,48.09,1293.5
N20003190,Newry_L2,newry and mourne|st mary s,60.79,2604,2562,-1.61,48.09,1293.5
N20003191,Newry_K2,newry and mourne|drumalane,25.7,2513,2368,-5.77,48.18,978.9
N20003186,Newry_H3,newry and mourne|daisy hill,7.05,2931,3177,8.39,48.22,2195.0
N20003188,Newry_K1,newry and mourne|drumalane,13.59,2513,2368,-5.77,48.18,978.9
N20003183,Newry_H1,newry and mourne|daisy hill,17.07,2931,3177,8.39,48.22,2195.0
N20003185,Newry_H2,newry and mourne|drumalane,15.19,2513,2368,-5.77,48.18,978.9
N20003179,Newry_E5,newry and mourne|st patrick s,39.62,2395,2143,-10.52,48.3,1447.7
N20003170,Newry_E1,newry and mourne|drumgullion,6.4,3075,2874,-6.54,50.42,1691.9
N20003172,Newry_E2,newry and mourne|drumgullion,13.4,3075,2874,-6.54,50.42,1691.9
N20003174,Newry_E3,newry and mourne|drumgullion,35.76,3075,2874,-6.54,50.42,1691.9
N20003167,Newry_C3,newry and mourne|ballybot,6.12,3329,2646,-20.52,49.58,2287.5
N20003171,Newry_C4,newry and mourne|ballybot,23.59,3329,2646,-20.52,49.58,2287.5
N20003176,Newry_F2,newry and mourne|daisy hill,23.43,2931,3177,8.39,48.22,2195.0
N20003182,Newry_F4,newry and mourne|daisy hill,60.45,2931,3177,8.39,48.22,2195.0
N20003177,Newry_F3,newry and mourne|daisy hill,11.7,2931,3177,8.39,48.22,2195.0
N20003173,Newry_F1,newry and mourne|derrymore,48.31,2657,2160,-18.71,49.35,241.7
N20003194,Newry_K3,newry and mourne|drumalane,62.14,2513,2368,-5.77,48.18,978.9
N20003196,Newry_K4,newry and mourne|drumalane,12.5,2513,2368,-5.77,48.18,978.9
N20003193,Newry_L3,newry and mourne|drumalane,25.87,2513,2368,-5.77,48.18,978.9
N20003195,Newry_L4,newry and mourne|drumalane,19.24,2513,2368,-5.77,48.18,978.9
N20003198,Newry_L5,newry and mourne|fathom,108.25,2498,2636,5.52,50.76,67.1
N20003199,Newry_L6,newry and mourne|fathom,16.03,2498,2636,5.52,50.76,67.1
N20003200,Newry_N1,newry and mourne|fathom,1469.72,2498,2636,5.52,50.76,67.1
N20003129,Slieve_Gullion_F3,newry and mourne|camlough,1736.98,2102,1941,-7.66,50.33,37.8
N20003124,Slieve_Gullion_E5,newry and mourne|camlough,81.55,2102,1941,-7.66,50.33,37.8
N20003130,Slieve_Gullion_F4,newry and mourne|camlough,1348.29,2102,1941,-7.66,50.33,37.8
N20003203,Newry_P2,newry and mourne|fathom,26.48,2498,2636,5.52,50.76,67.1
N20003206,Newry_P4,newry and mourne|fathom,76.86,2498,2636,5.52,50.76,67.1
N20003135,Slieve_Gullion_L1,newry and mourne|forkhill,676.21,2386,2137,-10.44,48.53,46.5
N20003138,Slieve_Gullion_F5,newry and mourne|forkhill,950.41,2386,2137,-10.44,48.53,46.5
N20003143,Slieve_Gullion_J4,newry and mourne|forkhill,21.85,2386,2137,-10.44,48.53,46.5
N20003149,Slieve_Gullion_L4,newry and mourne|forkhill,1277.39,2386,2137,-10.44,48.53,46.5
N20003139,Slieve_Gullion_L2,newry and mourne|forkhill,389.26,2386,2137,-10.44,48.53,46.5
N20003145,Slieve_Gullion_L3,newry and mourne|forkhill,290.11,2386,2137,-10.44,48.53,46.5
N20003142,Slieve_Gullion_J3,newry and mourne|creggan,737.05,2102,1974,-6.09,51.01,38.1
N20003141,Slieve_Gullion_G4,newry and mourne|creggan,334.94,2102,1974,-6.09,51.01,38.1
N20003148,Slieve_Gullion_K4,newry and mourne|creggan,1166.66,2102,1974,-6.09,51.01,38.1
N20003151,Slieve_Gullion_K5,newry and mourne|creggan,1024.68,2102,1974,-6.09,51.01,38.1
N20003144,Slieve_Gullion_K3,newry and mourne|creggan,401.16,2102,1974,-6.09,51.01,38.1
N20003140,Slieve_Gullion_H3,newry and mourne|newtownhamilton,1214.23,1936,1649,-14.82,50.82,32.5
N20003146,Slieve_Gullion_N1,newry and mourne|crossmaglen,9.22,2309,1990,-13.82,50.4,72.5
N20003147,Slieve_Gullion_N2,newry and mourne|crossmaglen,44.82,2309,1990,-13.82,50.4,72.5
N20003150,Slieve_Gullion_N3,newry and mourne|crossmaglen,23.07,2309,1990,-13.82,50.4,72.5
N20003153,Slieve_Gullion_H5,newry and mourne|crossmaglen,976.56,2309,1990,-13.82,50.4,72.5
N20003152,Slieve_Gullion_H4,newry and mourne|crossmaglen,332.8,2309,1990,-13.82,50.4,72.5
N20003125,Slieve_Gullion_H1,newry and mourne|newtownhamilton,2280.76,1936,1649,-14.82,50.82,32.5
N20003128,Slieve_Gullion_G2,newry and mourne|newtownhamilton,1778.37,1936,1649,-14.82,50.82,32.5
N20003131,Slieve_Gullion_H2,newry and mourne|newtownhamilton,1448.71,1936,1649,-14.82,50.82,32.5
N20003132,Slieve_Gullion_K1,newry and mourne|newtownhamilton,232.15,1936,1649,-14.82,50.82,32.5
N20003137,Slieve_Gullion_K2,newry and mourne|creggan,1086.09,2102,1974,-6.09,51.01,38.1
N20003133,Slieve_Gullion_G3,newry and mourne|camlough,1349.89,2102,1941,-7.66,50.33,37.8
N20003134,Slieve_Gullion_J1,newry and mourne|creggan,105.32,2102,1974,-6.09,51.01,38.1
N20003136,Slieve_Gullion_J2,newry and mourne|creggan,436.13,2102,1974,-6.09,51.01,38.1
N20003127,Slieve_Gullion_G1,newry and mourne|camlough,1852.43,2102,1941,-7.66,50.33,37.8
N20003126,Slieve_Gullion_F2,newry and mourne|belleek,908.35,2102,1588,-24.45,51.95,22.8
N20003107,Slieve_Gullion_B3,newry and mourne|belleek,2134.45,2102,1588,-24.45,51.95,22.8
N20003106,Slieve_Gullion_B2,newry and mourne|belleek,335.54,2102,1588,-24.45,51.95,22.8
N20000704,Cusher_H3,armagh|poyntz pass,446.43,2053,2007,-2.24,49.38,37.1
N20000708,Cusher_H4,armagh|markethill,973.19,2352,2286,-2.81,48.99,56.4
N20000706,Cusher_L3,armagh|carrigatuke,1300.82,2371,2258,-4.77,50.93,37.5
N20000709,Cusher_K6,armagh|carrigatuke,3274.55,2371,2258,-4.77,50.93,37.5
N20003104,Slieve_Gullion_B1,newry and mourne|belleek,1039.38,2102,1588,-24.45,51.95,22.8
N20003119,Slieve_Gullion_B4,newry and mourne|newtownhamilton,6.65,1936,1649,-14.82,50.82,32.5
N20000710,Cusher_L5,armagh|carrigatuke,1671.97,2371,2258,-4.77,50.93,37.5
N20000355,Armagh_K6,armagh|derrynoose,1289.84,1903,2050,7.72,52.68,30.4
N20000354,Armagh_K5,armagh|derrynoose,1849.41,1903,2050,7.72,52.68,30.4
N20000705,Cusher_L2,armagh|carrigatuke,220.19,2371,2258,-4.77,50.93,37.5
N20000350,Armagh_L3,armagh|carrigatuke,53.81,2371,2258,-4.77,50.93,37.5
N20000352,Armagh_L5,armagh|keady,36.51,2145,2504,16.74,49.52,2833.9
N20000349,Armagh_L2,armagh|keady,17.56,2145,2504,16.74,49.52,2833.9
N20000348,Armagh_L1,armagh|keady,51.34,2145,2504,16.74,49.52,2833.9
N20000351,Armagh_L4,armagh|keady,22.65,2145,2504,16.74,49.52,2833.9
N20000353,Armagh_K4,armagh|derrynoose,1101.17,1903,2050,7.72,52.68,30.4
N20000707,Cusher_L4,armagh|carrigatuke,446.37,2371,2258,-4.77,50.93,37.5
N20000701,Cusher_L1,armagh|killeen,1361.82,2345,2976,26.91,51.31,45.9
N20000343,Armagh_J5,armagh|milford,1300.76,2016,1736,-13.89,52.59,44.1
N20000346,Armagh_K2,armagh|killylea,1840.97,2118,2164,2.17,49.45,33.8
N20000344,Armagh_K1,armagh|killylea,1817.96,2118,2164,2.17,49.45,33.8
N20000345,Armagh_J6,armagh|milford,891.58,2016,1736,-13.89,52.59,44.1
N20000338,Armagh_J2,armagh|milford,1424.12,2016,1736,-13.89,52.59,44.1
N20000341,Armagh_J4,armagh|milford,1047.28,2016,1736,-13.89,52.59,44.1
N20000337,Armagh_H5,armagh|killeen,8.84,2345,2976,26.91,51.31,45.9
N20000336,Armagh_H4,armagh|killeen,12.63,2345,2976,26.91,51.31,45.9
N20000339,Armagh_J3,armagh|killeen,415.46,2345,2976,26.91,51.31,45.9
N20000335,Armagh_G6,armagh|killeen,5.75,2345,2976,26.91,51.31,45.9
N20000329,Armagh_G3,armagh|downs,35.25,2669,1792,-32.86,48.38,1165.5
N20000327,Armagh_F6,armagh|downs,12.11,2669,1792,-32.86,48.38,1165.5
N20000330,Armagh_G4,armagh|downs,17.95,2669,1792,-32.86,48.38,1165.5
N20000325,Armagh_G1,armagh|demesne,13.04,2460,2707,10.04,47.8,1384.4
N20000331,Armagh_G5,armagh|demesne,173.3,2460,2707,10.04,47.8,1384.4
N20000334,Armagh_H3,armagh|demesne,30.42,2460,2707,10.04,47.8,1384.4
N20000332,Armagh_H1,armagh|killeen,21.17,2345,2976,26.91,51.31,45.9
N20000328,Armagh_G2,armagh|demesne,11.69,2460,2707,10.04,47.8,1384.4
N20000324,Armagh_C5,armagh|demesne,13.1,2460,2707,10.04,47.8,1384.4
N20000326,Armagh_C6,armagh|demesne,25.0,2460,2707,10.04,47.8,1384.4
N20000333,Armagh_H2,armagh|killeen,48.54,2345,2976,26.91,51.31,45.9
N20000688,Cusher_E5,armagh|killeen,1174.45,2345,2976,26.91,51.31,45.9
N20000693,Cusher_K1,armagh|killeen,832.73,2345,2976,26.91,51.31,45.9
N20000699,Cusher_K3,armagh|killeen,1413.28,2345,2976,26.91,51.31,45.9
N20000702,Cusher_K4,armagh|killeen,730.03,2345,2976,26.91,51.31,45.9
N20000697,Cusher_J2,armagh|markethill,18.77,2352,2286,-2.81,48.99,56.4
N20000698,Cusher_J3,armagh|markethill,8.01,2352,2286,-2.81,48.99,56.4
N20000696,Cusher_J1,armagh|markethill,30.99,2352,2286,-2.81,48.99,56.4
N20000700,Cusher_J4,armagh|markethill,35.32,2352,2286,-2.81,48.99,56.4
N20000703,Cusher_K5,armagh|markethill,1782.05,2352,2286,-2.81,48.99,56.4
N20000695,Cusher_K2,armagh|markethill,1444.37,2352,2286,-2.81,48.99,56.4
N20000691,Cusher_G4,armagh|laurelvale,1372.8,2297,2294,-0.13,48.91,56.1
N20000690,Cusher_G3,armagh|rich hill,188.34,2113,2993,41.65,49.88,81.3
N20000689,Cusher_G2,armagh|rich hill,1593.36,2113,2993,41.65,49.88,81.3
N20000687,Cusher_G1,armagh|rich hill,10.14,2113,2993,41.65,49.88,81.3
N20000692,Cusher_H1,armagh|poyntz pass,2141.77,2053,2007,-2.24,49.38,37.1
N20000644,Banbridge_F5,banbridge|loughbrickland,21.98,2056,2240,8.95,50.94,45.9
N20000642,Banbridge_F4,banbridge|loughbrickland,841.08,2056,2240,8.95,50.94,45.9
N20000646,Banbridge_N1,banbridge|loughbrickland,22.0,2056,2240,8.95,50.94,45.9
N20000647,Banbridge_N2,banbridge|loughbrickland,472.26,2056,2240,8.95,50.94,45.9
N20000649,Banbridge_N3,banbridge|loughbrickland,1205.05,2056,2240,8.95,50.94,45.9
N20000652,Banbridge_N4,banbridge|loughbrickland,1571.75,2056,2240,8.95,50.94,45.9
N20000654,Banbridge_N5,armagh|poyntz pass,433.76,2053,2007,-2.24,49.38,37.1
N20000694,Cusher_H2,armagh|poyntz pass,2283.31,2053,2007,-2.24,49.38,37.1
N20003101,Slieve_Gullion_A1,newry and mourne|tullyhappy,1384.13,2084,2115,1.49,50.54,35.9
N20003102,Slieve_Gullion_A2,newry and mourne|tullyhappy,971.9,2084,2115,1.49,50.54,35.9
N20003103,Slieve_Gullion_A3,newry and mourne|tullyhappy,2008.17,2084,2115,1.49,50.54,35.9
N20003121,Slieve_Gullion_F1,newry and mourne|belleek,1040.72,2102,1588,-24.45,51.95,22.8
N20003111,Slieve_Gullion_E1,newry and mourne|bessbrook,98.32,2472,3078,24.51,59.75,497.9
N20003122,Slieve_Gullion_E3,newry and mourne|derrymore,90.63,2657,2160,-18.71,49.35,241.7
N20003116,Slieve_Gullion_E2,newry and mourne|bessbrook,10.18,2472,3078,24.51,59.75,497.9
N20003118,Slieve_Gullion_D4,newry and mourne|bessbrook,8.42,2472,3078,24.51,59.75,497.9
N20003123,Slieve_Gullion_E4,newry and mourne|derrymore,181.27,2657,2160,-18.71,49.35,241.7
N20003117,Slieve_Gullion_D3,newry and mourne|derrymore,57.94,2657,2160,-18.71,49.35,241.7
N20003110,Slieve_Gullion_C2,newry and mourne|bessbrook,55.78,2472,3078,24.51,59.75,497.9
N20003113,Slieve_Gullion_D2,newry and mourne|bessbrook,32.69,2472,3078,24.51,59.75,497.9
N20003109,Slieve_Gullion_D1,newry and mourne|bessbrook,6.7,2472,3078,24.51,59.75,497.9
N20003105,Slieve_Gullion_A4,newry and mourne|bessbrook,1332.89,2472,3078,24.51,59.75,497.9
N20003212,Crotlieve_C1,newry and mourne|tullyhappy,1004.05,2084,2115,1.49,50.54,35.9
N20003108,Slieve_Gullion_C1,newry and mourne|tullyhappy,177.85,2084,2115,1.49,50.54,35.9
N20003115,Slieve_Gullion_C5,newry and mourne|derrymore,24.86,2657,2160,-18.71,49.35,241.7
N20003120,Slieve_Gullion_D5,newry and mourne|derrymore,8.75,2657,2160,-18.71,49.35,241.7
N20003114,Slieve_Gullion_C4,newry and mourne|ballybot,118.12,3329,2646,-20.52,49.58,2287.5
N20003157,Newry_A2,newry and mourne|drumgullion,27.34,3075,2874,-6.54,50.42,1691.9
N20003162,Newry_C1,newry and mourne|ballybot,25.4,3329,2646,-20.52,49.58,2287.5
N20003166,Newry_C2,newry and mourne|ballybot,5.72,3329,2646,-20.52,49.58,2287.5
N20003164,Newry_A5,newry and mourne|drumgullion,6.98,3075,2874,-6.54,50.42,1691.9
N20003159,Newry_A3,newry and mourne|drumgullion,8.01,3075,2874,-6.54,50.42,1691.9
N20003161,Newry_A4,newry and mourne|drumgullion,62.54,3075,2874,-6.54,50.42,1691.9
N20003154,Newry_A1,newry and mourne|windsor hill,29.55,2706,3503,29.45,48.64,694.4
N20003112,Slieve_Gullion_C3,newry and mourne|drumgullion,21.5,3075,2874,-6.54,50.42,1691.9
N20003156,Newry_B2,newry and mourne|windsor hill,39.74,2706,3503,29.45,48.64,694.4
N20003158,Newry_B3,newry and mourne|windsor hill,26.56,2706,3503,29.45,48.64,694.4
N20003163,Newry_D1,newry and mourne|windsor hill,20.22,2706,3503,29.45,48.64,694.4
N20003160,Newry_B4,newry and mourne|windsor hill,11.74,2706,3503,29.45,48.64,694.4
N20003165,Newry_D2,newry and mourne|windsor hill,28.17,2706,3503,29.45,48.64,694.4
N20003155,Newry_B1,newry and mourne|windsor hill,15.01,2706,3503,29.45,48.64,694.4
N20003215,Crotlieve_C2,newry and mourne|windsor hill,649.25,2706,3503,29.45,48.64,694.4
N20003211,Crotlieve_B1,newry and mourne|donaghmore,830.0,2048,1829,-10.69,50.63,35.6
N20003207,Crotlieve_A1,newry and mourne|tullyhappy,979.83,2084,2115,1.49,50.54,35.9
N20003210,Crotlieve_A4,newry and mourne|donaghmore,794.09,2048,1829,-10.69,50.63,35.6
N20003208,Crotlieve_A2,newry and mourne|donaghmore,1283.91,2048,1829,-10.69,50.63,35.6
N20003209,Crotlieve_A3,newry and mourne|drumgath,773.47,2187,2062,-5.72,50.1,38.0
N20003214,Crotlieve_B2,newry and mourne|drumgath,1482.06,2187,2062,-5.72,50.1,38.0
N20003216,Crotlieve_B3,newry and mourne|drumgath,928.15,2187,2062,-5.72,50.1,38.0
N20003219,Crotlieve_B4,newry and mourne|drumgath,1042.8,2187,2062,-5.72,50.1,38.0
N20003217,Crotlieve_D1,newry and mourne|spelga,18.61,1970,1999,1.47,50.58,28.9
N20003218,Crotlieve_D2,newry and mourne|drumgath,23.77,2187,2062,-5.72,50.1,38.0
N20003220,Crotlieve_D3,newry and mourne|spelga,34.65,1970,1999,1.47,50.58,28.9
N20003213,Crotlieve_A5,newry and mourne|drumgath,1756.84,2187,2062,-5.72,50.1,38.0
N20000661,Banbridge_Q3,newry and mourne|rathfriland,22.11,2148,2317,7.87,48.42,378.9
N20000663,Banbridge_Q5,newry and mourne|rathfriland,9.35,2148,2317,7.87,48.42,378.9
N20000659,Banbridge_Q1,newry and mourne|rathfriland,10.1,2148,2317,7.87,48.42,378.9
N20000662,Banbridge_Q4,newry and mourne|rathfriland,19.37,2148,2317,7.87,48.42,378.9
N20000660,Banbridge_Q2,newry and mourne|rathfriland,25.6,2148,2317,7.87,48.42,378.9
N20000657,Banbridge_L5,banbridge|annaclone,1488.09,1825,1509,-17.32,51.56,25.0
N20000658,Banbridge_P5,banbridge|drumadonnell,954.07,1501,1265,-15.72,49.17,29.0
N20000651,Banbridge_P2,banbridge|annaclone,1229.06,1825,1509,-17.32,51.56,25.0
N20000653,Banbridge_L4,banbridge|annaclone,1656.53,1825,1509,-17.32,51.56,25.0
N20000645,Banbridge_L2,banbridge|balloolymore,1595.59,1720,1676,-2.56,50.18,29.0
N20000648,Banbridge_L3,banbridge|annaclone,2062.79,1825,1509,-17.32,51.56,25.0
N20000643,Banbridge_K5,banbridge|ballydown,17.48,2081,2693,29.41,48.9,343.9
N20000641,Banbridge_K4,banbridge|ballydown,135.71,2081,2693,29.41,48.9,343.9
N20000640,Banbridge_K3,banbridge|central,40.05,2399,2764,15.21,47.58,1627.4
N20000639,Banbridge_H5,banbridge|central,12.42,2399,2764,15.21,47.58,1627.4
N20000638,Banbridge_K2,banbridge|central,18.02,2399,2764,15.21,47.58,1627.4
N20000636,Banbridge_H4,banbridge|central,13.64,2399,2764,15.21,47.58,1627.4
N20000632,Banbridge_G3,banbridge|central,11.64,2399,2764,15.21,47.58,1627.4
N20000630,Banbridge_G2,banbridge|central,17.13,2399,2764,15.21,47.58,1627.4
N20000634,Banbridge_G4,banbridge|central,6.24,2399,2764,15.21,47.58,1627.4
N20000637,Banbridge_K1,banbridge|ballydown,31.23,2081,2693,29.41,48.9,343.9
N20000631,Banbridge_E6,banbridge|ballydown,7.52,2081,2693,29.41,48.9,343.9
N20000633,Banbridge_J4,banbridge|ballydown,20.67,2081,2693,29.41,48.9,343.9
N20000635,Banbridge_J5,banbridge|ballydown,56.65,2081,2693,29.41,48.9,343.9
N20000592,Lagan_River_N4,banbridge|balloolymore,1460.42,1720,1676,-2.56,50.18,29.0
N20000588,Lagan_River_K4,banbridge|balloolymore,1261.02,1720,1676,-2.56,50.18,29.0
N20000614,Banbridge_L1,banbridge|balloolymore,1983.86,1720,1676,-2.56,50.18,29.0
N20000628,Banbridge_J3,banbridge|ballydown,15.84,2081,2693,29.41,48.9,343.9
N20000613,Banbridge_E2,banbridge|ballydown,9.35,2081,2693,29.41,48.9,343.9
N20000618,Banbridge_E4,banbridge|ballydown,13.04,2081,2693,29.41,48.9,343.9
N20000617,Banbridge_E3,banbridge|ballydown,5.98,2081,2693,29.41,48.9,343.9
N20000612,Banbridge_E1,banbridge|seapatrick,9.14,2048,2496,21.88,47.56,533.2
N20000623,Banbridge_J1,banbridge|ballydown,17.21,2081,2693,29.41,48.9,343.9
N20000626,Banbridge_J2,banbridge|ballydown,18.54,2081,2693,29.41,48.9,343.9
N20000624,Banbridge_G1,banbridge|central,19.08,2399,2764,15.21,47.58,1627.4
N20000622,Banbridge_D7,banbridge|edenderry,8.76,2256,2897,28.41,50.47,654.0
N20000627,Banbridge_H3,banbridge|edenderry,19.63,2256,2897,28.41,50.47,654.0
N20000625,Banbridge_H2,banbridge|edenderry,8.55,2256,2897,28.41,50.47,654.0
N20000619,Banbridge_D6,banbridge|edenderry,4.65,2256,2897,28.41,50.47,654.0
N20000615,Banbridge_D4,banbridge|edenderry,14.86,2256,2897,28.41,50.47,654.0
N20000621,Banbridge_H1,banbridge|edenderry,29.34,2256,2897,28.41,50.47,654.0
N20000611,Banbridge_D3,banbridge|edenderry,11.9,2256,2897,28.41,50.47,654.0
N20000616,Banbridge_D5,banbridge|edenderry,9.53,2256,2897,28.41,50.47,654.0
N20000620,Banbridge_E5,banbridge|central,41.26,2399,2764,15.21,47.58,1627.4
N20000610,Banbridge_C4,banbridge|seapatrick,38.26,2048,2496,21.88,47.56,533.2
N20000607,Banbridge_D2,banbridge|edenderry,30.04,2256,2897,28.41,50.47,654.0
N20000604,Banbridge_C1,banbridge|seapatrick,18.73,2048,2496,21.88,47.56,533.2
N20000608,Banbridge_C2,banbridge|seapatrick,20.68,2048,2496,21.88,47.56,533.2
N20000609,Banbridge_C3,banbridge|seapatrick,21.15,2048,2496,21.88,47.56,533.2
N20000603,Banbridge_D1,banbridge|seapatrick,16.62,2048,2496,21.88,47.56,533.2
N20000599,Banbridge_A5,banbridge|lawrencetown,154.79,1603,1685,5.12,50.39,84.1
N20000585,Lagan_River_J3,banbridge|lawrencetown,955.16,1603,1685,5.12,50.39,84.1
N20000586,Lagan_River_J4,banbridge|quilly,957.63,1607,1717,6.85,49.8,44.9
N20000581,Lagan_River_G4,craigavon|waringstown,13.57,2483,2968,19.53,48.92,111.7
N20000580,Lagan_River_G3,craigavon|waringstown,1423.45,2483,2968,19.53,48.92,111.7
N20000564,Lagan_River_E1,craigavon|waringstown,19.96,2483,2968,19.53,48.92,111.7
N20000567,Lagan_River_E2,craigavon|waringstown,15.59,2483,2968,19.53,48.92,111.7
N20000572,Lagan_River_E3,craigavon|waringstown,31.98,2483,2968,19.53,48.92,111.7
N20000578,Lagan_River_H3,banbridge|quilly,58.66,1607,1717,6.85,49.8,44.9
N20000579,Lagan_River_J2,banbridge|quilly,1019.45,1607,1717,6.85,49.8,44.9
N20000583,Lagan_River_K3,banbridge|skeagh,1001.45,1731,1641,-5.2,50.03,63.4
N20000577,Lagan_River_H2,banbridge|skeagh,11.95,1731,1641,-5.2,50.03,63.4
N20000576,Lagan_River_H1,banbridge|skeagh,11.07,1731,1641,-5.2,50.03,63.4
N20000573,Lagan_River_F3,banbridge|dromore,37.21,2316,2177,-6.0,48.37,2058.8
N20000574,Lagan_River_F4,banbridge|dromore,15.05,2316,2177,-6.0,48.37,2058.8
N20000575,Lagan_River_F5,banbridge|skeagh,15.87,1731,1641,-5.2,50.03,63.4
N20000571,Lagan_River_D3,banbridge|dromore,23.44,2316,2177,-6.0,48.37,2058.8
N20000566,Lagan_River_F1,banbridge|dromore,13.82,2316,2177,-6.0,48.37,2058.8
N20000570,Lagan_River_F2,banbridge|dromore,11.13,2316,2177,-6.0,48.37,2058.8
N20000563,Lagan_River_K1,banbridge|skeagh,1143.07,1731,1641,-5.2,50.03,63.4
N20000565,Lagan_River_D1,banbridge|skeagh,18.06,1731,1641,-5.2,50.03,63.4
N20000568,Lagan_River_D2,banbridge|skeagh,23.26,1731,1641,-5.2,50.03,63.4
N20000560,Lagan_River_J1,banbridge|quilly,593.58,1607,1717,6.85,49.8,44.9
N20002284,Downshire_West_G3,lisburn|moira,1740.16,2334,2914,24.85,49.83,81.2
N20002277,Downshire_West_B5,lisburn|hillsborough,852.54,2309,2536,9.83,48.42,63.9
N20002259,Downshire_West_B2,lisburn|maze,289.7,3390,3436,1.36,58.88,158.7
N20002324,Killultagh_G5,lisburn|magheragall,881.77,2467,2499,1.3,51.02,45.7
N20002323,Killultagh_H4,lisburn|magheragall,13.8,2467,2499,1.3,51.02,45.7
N20002322,Killultagh_H3,lisburn|magheragall,20.94,2467,2499,1.3,51.02,45.7
N20002325,Killultagh_H5,lisburn|magheragall,34.06,2467,2499,1.3,51.02,45.7
N20002268,Downshire_West_G1,lisburn|moira,2340.72,2334,2914,24.85,49.83,81.2
N20002276,Downshire_West_G2,lisburn|moira,624.56,2334,2914,24.85,49.83,81.2
N20002273,Downshire_West_C4,lisburn|moira,22.84,2334,2914,24.85,49.83,81.2
N20002275,Downshire_West_C5,lisburn|moira,14.04,2334,2914,24.85,49.83,81.2
N20002272,Downshire_West_D6,lisburn|moira,14.66,2334,2914,24.85,49.83,81.2
N20002267,Downshire_West_D3,lisburn|moira,8.1,2334,2914,24.85,49.83,81.2
N20002264,Downshire_West_C2,lisburn|moira,13.48,2334,2914,24.85,49.83,81.2
N20002266,Downshire_West_C3,lisburn|moira,22.54,2334,2914,24.85,49.83,81.2
N20002262,Downshire_West_C1,lisburn|moira,29.49,2334,2914,24.85,49.83,81.2
N20002263,Downshire_West_D1,lisburn|moira,19.78,2334,2914,24.85,49.83,81.2
N20002265,Downshire_West_D2,lisburn|moira,9.49,2334,2914,24.85,49.83,81.2
N20002270,Downshire_West_D4,lisburn|moira,5.97,2334,2914,24.85,49.83,81.2
N20002271,Downshire_West_D5,lisburn|moira,16.52,2334,2914,24.85,49.83,81.2
N20000482,Lurgan_A5,craigavon|aghagallon,1434.65,2512,2525,0.52,49.47,53.2
N20000501,Lurgan_H1,craigavon|magheralin,13.26,2546,2605,2.32,49.02,91.0
N20000502,Lurgan_H2,craigavon|magheralin,20.55,2546,2605,2.32,49.02,91.0
N20000518,Lurgan_J3,craigavon|magheralin,27.97,2546,2605,2.32,49.02,91.0
N20000521,Lurgan_B4,craigavon|magheralin,840.03,2546,2605,2.32,49.02,91.0
N20000513,Lurgan_H4,craigavon|magheralin,15.29,2546,2605,2.32,49.02,91.0
N20000507,Lurgan_H3,craigavon|magheralin,20.51,2546,2605,2.32,49.02,91.0
N20000562,Lagan_River_C3,banbridge|quilly,815.37,1607,1717,6.85,49.8,44.9
N20000559,Lagan_River_C2,craigavon|magheralin,702.17,2546,2605,2.32,49.02,91.0
N20000551,Lagan_River_C1,craigavon|magheralin,620.29,2546,2605,2.32,49.02,91.0
N20000561,Lagan_River_B3,craigavon|waringstown,24.67,2483,2968,19.53,48.92,111.7
N20000558,Lagan_River_B2,craigavon|waringstown,35.31,2483,2968,19.53,48.92,111.7
N20000557,Lagan_River_B1,craigavon|waringstown,15.34,2483,2968,19.53,48.92,111.7
N20000555,Lagan_River_A3,craigavon|waringstown,17.38,2483,2968,19.53,48.92,111.7
N20000556,Lagan_River_A4,craigavon|waringstown,8.39,2483,2968,19.53,48.92,111.7
N20000552,Lagan_River_A1,craigavon|waringstown,18.88,2483,2968,19.53,48.92,111.7
N20000554,Lagan_River_A2,craigavon|waringstown,13.36,2483,2968,19.53,48.92,111.7
N20000553,Lagan_River_G1,craigavon|bleary,239.55,2373,2473,4.21,48.81,106.4
N20000454,Craigavon_G5,craigavon|brownlow,4.51,2720,9904,264.12,49.09,1757.4
N20000458,Craigavon_L1,craigavon|kernan,435.11,1201,2428,102.16,46.5,139.4
N20000452,Craigavon_G3,craigavon|brownlow,7.96,2720,9904,264.12,49.09,1757.4
N20000448,Craigavon_G1,craigavon|brownlow,9.78,2720,9904,264.12,49.09,1757.4
N20000449,Craigavon_G2,craigavon|brownlow,10.96,2720,9904,264.12,49.09,1757.4
N20000453,Craigavon_G4,craigavon|brownlow,7.63,2720,9904,264.12,49.09,1757.4
N20000445,Craigavon_E5,craigavon|brownlow,23.44,2720,9904,264.12,49.09,1757.4
N20000442,Craigavon_E4,craigavon|brownlow,28.6,2720,9904,264.12,49.09,1757.4
N20000437,Craigavon_D3,craigavon|brownlow,14.13,2720,9904,264.12,49.09,1757.4
N20000439,Craigavon_E3,craigavon|brownlow,147.4,2720,9904,264.12,49.09,1757.4
N20000550,Lurgan_T4,craigavon|mourneview,21.71,3408,3226,-5.34,49.16,3678.7
N20000546,Lurgan_T2,craigavon|mourneview,8.04,3408,3226,-5.34,49.16,3678.7
N20000540,Lurgan_Q4,craigavon|mourneview,5.7,3408,3226,-5.34,49.16,3678.7
N20000534,Lurgan_Q2,craigavon|mourneview,9.53,3408,3226,-5.34,49.16,3678.7
N20000536,Lurgan_R3,craigavon|taghnevan,18.56,3549,3318,-6.51,48.46,3240.3
N20000544,Lurgan_T1,craigavon|mourneview,21.88,3408,3226,-5.34,49.16,3678.7
N20000541,Lurgan_R4,craigavon|taghnevan,6.79,3549,3318,-6.51,48.46,3240.3
N20000532,Lurgan_R2,craigavon|taghnevan,5.88,3549,3318,-6.51,48.46,3240.3
N20000538,Lurgan_N4,craigavon|taghnevan,9.79,3549,3318,-6.51,48.46,3240.3
N20000543,Lurgan_R5,craigavon|taghnevan,30.48,3549,3318,-6.51,48.46,3240.3
N20000432,Craigavon_E2,craigavon|brownlow,9.66,2720,9904,264.12,49.09,1757.4
N20000435,Craigavon_D2,craigavon|brownlow,68.55,2720,9904,264.12,49.09,1757.4
N20000429,Craigavon_B5,craigavon|brownlow,14.87,2720,9904,264.12,49.09,1757.4
N20000431,Craigavon_E1,craigavon|brownlow,10.35,2720,9904,264.12,49.09,1757.4
N20000535,Lurgan_N3,craigavon|brownlow,6.82,2720,9904,264.12,49.09,1757.4
N20000530,Lurgan_N2,craigavon|taghnevan,9.28,3549,3318,-6.51,48.46,3240.3
N20000511,Lurgan_F6,craigavon|court,10.47,2809,1777,-36.74,48.4,2557.4
N20000522,Lurgan_N1,craigavon|court,55.16,2809,1777,-36.74,48.4,2557.4
N20000528,Lurgan_R1,craigavon|taghnevan,4.8,3549,3318,-6.51,48.46,3240.3
N20000524,Lurgan_L2,craigavon|taghnevan,16.31,3549,3318,-6.51,48.46,3240.3
N20000527,Lurgan_Q1,craigavon|church,9.21,3158,1450,-54.08,45.79,2637.4
N20000525,Lurgan_L3,craigavon|church,9.7,3158,1450,-54.08,45.79,2637.4
N20000516,Lurgan_L1,craigavon|church,13.91,3158,1450,-54.08,45.79,2637.4
N20000508,Lurgan_F5,craigavon|court,6.78,2809,1777,-36.74,48.4,2557.4
N20000509,Lurgan_G4,craigavon|court,8.8,2809,1777,-36.74,48.4,2557.4
N20000512,Lurgan_K1,craigavon|parklake,20.31,2418,2175,-10.05,47.91,988.3
N20000515,Lurgan_K2,craigavon|parklake,38.17,2418,2175,-10.05,47.91,988.3
N20000519,Lurgan_K3,craigavon|parklake,20.29,2418,2175,-10.05,47.91,988.3
N20000523,Lurgan_P2,craigavon|parklake,20.51,2418,2175,-10.05,47.91,988.3
N20000529,Lurgan_P3,craigavon|parklake,9.31,2418,2175,-10.05,47.91,988.3
N20000526,Lurgan_K4,craigavon|parklake,16.66,2418,2175,-10.05,47.91,988.3
N20000539,Lurgan_Q3,craigavon|knocknashane,6.59,2770,2781,0.4,48.36,1417.2
N20000537,Lurgan_S1,craigavon|knocknashane,24.14,2770,2781,0.4,48.36,1417.2
N20000548,Lurgan_T3,craigavon|mourneview,8.17,3408,3226,-5.34,49.16,3678.7
N20000549,Lurgan_S5,craigavon|knocknashane,37.51,2770,2781,0.4,48.36,1417.2
N20000547,Lurgan_S4,craigavon|mourneview,22.58,3408,3226,-5.34,49.16,3678.7
N20000545,Lurgan_S3,craigavon|knocknashane,9.7,2770,2781,0.4,48.36,1417.2
N20000542,Lurgan_S2,craigavon|knocknashane,8.9,2770,2781,0.4,48.36,1417.2
N20000533,Lurgan_P5,craigavon|parklake,8.56,2418,2175,-10.05,47.91,988.3
N20000531,Lurgan_P4,craigavon|magheralin,49.35,2546,2605,2.32,49.02,91.0
N20000517,Lurgan_J2,craigavon|magheralin,11.04,2546,2605,2.32,49.02,91.0
N20000520,Lurgan_J4,craigavon|magheralin,21.54,2546,2605,2.32,49.02,91.0
N20000514,Lurgan_P1,craigavon|parklake,17.54,2418,2175,-10.05,47.91,988.3
N20000510,Lurgan_J1,craigavon|magheralin,15.8,2546,2605,2.32,49.02,91.0
N20000488,Lurgan_B3,craigavon|aghagallon,642.9,2512,2525,0.52,49.47,53.2
N20000495,Lurgan_D4,craigavon|belle vue,15.46,4028,3848,-4.47,49.9,3582.8
N20000499,Lurgan_D5,craigavon|parklake,60.8,2418,2175,-10.05,47.91,988.3
N20000503,Lurgan_G1,craigavon|parklake,28.87,2418,2175,-10.05,47.91,988.3
N20000505,Lurgan_G2,craigavon|woodville,8.4,2510,2457,-2.11,48.11,1430.8
N20000494,Lurgan_E4,craigavon|belle vue,7.89,4028,3848,-4.47,49.9,3582.8
N20000491,Lurgan_E2,craigavon|belle vue,6.15,4028,3848,-4.47,49.9,3582.8
N20000489,Lurgan_D3,craigavon|belle vue,7.01,4028,3848,-4.47,49.9,3582.8
N20000490,Lurgan_E1,craigavon|belle vue,13.94,4028,3848,-4.47,49.9,3582.8
N20000486,Lurgan_D2,craigavon|aghagallon,57.43,2512,2525,0.52,49.47,53.2
N20000485,Lurgan_D1,craigavon|aghagallon,47.45,2512,2525,0.52,49.47,53.2
N20000480,Lurgan_A4,craigavon|aghagallon,16.81,2512,2525,0.52,49.47,53.2
N20000481,Lurgan_B2,craigavon|aghagallon,860.27,2512,2525,0.52,49.47,53.2
N20000483,Lurgan_C1,craigavon|aghagallon,123.66,2512,2525,0.52,49.47,53.2
N20000487,Lurgan_C3,craigavon|woodville,14.62,2510,2457,-2.11,48.11,1430.8
N20000484,Lurgan_C2,craigavon|kinnegoe,48.72,2429,2238,-7.86,51.25,61.3
N20000492,Lurgan_E3,craigavon|woodville,8.75,2510,2457,-2.11,48.11,1430.8
N20000493,Lurgan_C4,craigavon|woodville,20.37,2510,2457,-2.11,48.11,1430.8
N20000500,Lurgan_F3,craigavon|woodville,6.05,2510,2457,-2.11,48.11,1430.8
N20000498,Lurgan_E5,craigavon|woodville,21.5,2510,2457,-2.11,48.11,1430.8
N20000506,Lurgan_G3,craigavon|woodville,13.24,2510,2457,-2.11,48.11,1430.8
N20000504,Lurgan_F4,craigavon|woodville,3.74,2510,2457,-2.11,48.11,1430.8
N20000496,Lurgan_F1,craigavon|kinnegoe,70.09,2429,2238,-7.86,51.25,61.3
N20000425,Craigavon_B1,craigavon|kinnegoe,256.93,2429,2238,-7.86,51.25,61.3
N20000497,Lurgan_F2,craigavon|kinnegoe,9.05,2429,2238,-7.86,51.25,61.3
N20000426,Craigavon_B2,craigavon|kinnegoe,12.64,2429,2238,-7.86,51.25,61.3
N20000427,Craigavon_B3,craigavon|kinnegoe,50.66,2429,2238,-7.86,51.25,61.3
N20000424,Craigavon_A4,craigavon|kinnegoe,1287.58,2429,2238,-7.86,51.25,61.3
N20000423,Craigavon_A3,craigavon|kinnegoe,792.47,2429,2238,-7.86,51.25,61.3
N20000422,Craigavon_A2,craigavon|kinnegoe,541.05,2429,2238,-7.86,51.25,61.3
N20000365,Portadown_B5,craigavon|breagh,840.56,2213,1998,-9.72,50.95,56.6
N20000428,Craigavon_B4,craigavon|kinnegoe,210.59,2429,2238,-7.86,51.25,61.3
N20000434,Craigavon_D1,craigavon|brownlow,25.21,2720,9904,264.12,49.09,1757.4
N20000433,Craigavon_C2,craigavon|kernan,81.37,1201,2428,102.16,46.5,139.4
N20000436,Craigavon_F1,craigavon|kernan,51.78,1201,2428,102.16,46.5,139.4
N20000430,Craigavon_C1,craigavon|kernan,253.51,1201,2428,102.16,46.5,139.4
N20000443,Craigavon_F3,craigavon|kernan,45.58,1201,2428,102.16,46.5,139.4
N20000446,Craigavon_J1,craigavon|kernan,11.42,1201,2428,102.16,46.5,139.4
N20000451,Craigavon_J2,craigavon|kernan,17.94,1201,2428,102.16,46.5,139.4
N20000455,Craigavon_F6,craigavon|kernan,32.96,1201,2428,102.16,46.5,139.4
N20000438,Craigavon_F2,craigavon|kernan,5.92,1201,2428,102.16,46.5,139.4
N20000444,Craigavon_F4,craigavon|kernan,5.98,1201,2428,102.16,46.5,139.4
N20000440,Craigavon_C3,craigavon|kernan,14.59,1201,2428,102.16,46.5,139.4
N20000441,Craigavon_C4,craigavon|kernan,52.86,1201,2428,102.16,46.5,139.4
N20000447,Craigavon_F5,craigavon|kernan,55.73,1201,2428,102.16,46.5,139.4
N20000464,Craigavon_N2,craigavon|kernan,27.5,1201,2428,102.16,46.5,139.4
N20000461,Craigavon_J4,craigavon|kernan,10.73,1201,2428,102.16,46.5,139.4
N20000457,Craigavon_J3,craigavon|kernan,56.02,1201,2428,102.16,46.5,139.4
N20000462,Craigavon_N1,craigavon|kernan,16.71,1201,2428,102.16,46.5,139.4
N20000463,Craigavon_K1,craigavon|killycomain,12.83,3364,3674,9.22,48.75,3087.1
N20000460,Craigavon_H4,craigavon|bachelors walk,36.15,2244,1899,-15.37,45.44,1094.5
N20000384,Portadown_H1,craigavon|bachelors walk,40.28,2244,1899,-15.37,45.44,1094.5
N20000377,Portadown_F1,craigavon|bachelors walk,54.77,2244,1899,-15.37,45.44,1094.5
N20000459,Craigavon_H3,craigavon|bachelors walk,11.37,2244,1899,-15.37,45.44,1094.5
N20000456,Craigavon_H2,craigavon|bachelors walk,23.19,2244,1899,-15.37,45.44,1094.5
N20000450,Craigavon_H1,craigavon|kernan,137.42,1201,2428,102.16,46.5,139.4
N20000370,Portadown_C1,craigavon|breagh,18.86,2213,1998,-9.72,50.95,56.6
N20000374,Portadown_C3,craigavon|edgarstown,8.86,2805,2080,-25.85,50.14,1481.6
N20000376,Portadown_D4,craigavon|woodside,3.04,3071,3747,22.01,48.44,3559.3
N20000371,Portadown_D1,craigavon|woodside,9.08,3071,3747,22.01,48.44,3559.3
N20000373,Portadown_D2,craigavon|breagh,33.23,2213,1998,-9.72,50.95,56.6
N20000375,Portadown_D3,craigavon|woodside,8.18,3071,3747,22.01,48.44,3559.3
N20000379,Portadown_D5,craigavon|woodside,20.1,3071,3747,22.01,48.44,3559.3
N20000381,Portadown_E2,craigavon|woodside,10.67,3071,3747,22.01,48.44,3559.3
N20000378,Portadown_E1,craigavon|woodside,10.56,3071,3747,22.01,48.44,3559.3
N20000382,Portadown_E3,craigavon|edgarstown,21.95,2805,2080,-25.85,50.14,1481.6
N20000385,Portadown_G1,craigavon|hartfield,7.43,3163,2814,-11.03,49.82,4446.9
N20000388,Portadown_G3,craigavon|hartfield,6.81,3163,2814,-11.03,49.82,4446.9
N20000387,Portadown_G2,craigavon|edgarstown,13.57,2805,2080,-25.85,50.14,1481.6
N20000391,Portadown_G5,craigavon|edgarstown,3.72,2805,2080,-25.85,50.14,1481.6
N20000394,Portadown_G6,craigavon|hartfield,4.76,3163,2814,-11.03,49.82,4446.9
N20000404,Portadown_N1,craigavon|brownstown,19.86,2901,2957,1.93,49.24,3354.5
N20000399,Portadown_K3,craigavon|brownstown,8.47,2901,2957,1.93,49.24,3354.5
N20000396,Portadown_K2,craigavon|tavanagh,4.92,2324,1878,-19.19,47.18,4742.9
N20000398,Portadown_L1,craigavon|tavanagh,10.52,2324,1878,-19.19,47.18,4742.9
N20000405,Portadown_N2,craigavon|tavanagh,14.82,2324,1878,-19.19,47.18,4742.9
N20000403,Portadown_L3,craigavon|tavanagh,12.19,2324,1878,-19.19,47.18,4742.9
N20000400,Portadown_L2,craigavon|annagh,4.14,2224,1550,-30.31,46.71,1335.6
N20000395,Portadown_F3,craigavon|annagh,14.59,2224,1550,-30.31,46.71,1335.6
N20000386,Portadown_E4,craigavon|edgarstown,26.48,2805,2080,-25.85,50.14,1481.6
N20000393,Portadown_F2,craigavon|annagh,50.07,2224,1550,-30.31,46.71,1335.6
N20000466,Craigavon_K2,craigavon|killycomain,6.4,3364,3674,9.22,48.75,3087.1
N20000392,Portadown_H2,craigavon|killycomain,9.93,3364,3674,9.22,48.75,3087.1
N20000472,Craigavon_N5,craigavon|bleary,14.43,2373,2473,4.21,48.81,106.4
N20000397,Portadown_H3,craigavon|killycomain,43.69,3364,3674,9.22,48.75,3087.1
N20000411,Portadown_L4,craigavon|annagh,28.07,2224,1550,-30.31,46.71,1335.6
N20000415,Portadown_Q3,craigavon|breagh,24.71,2213,1998,-9.72,50.95,56.6
N20000414,Portadown_Q2,craigavon|breagh,27.09,2213,1998,-9.72,50.95,56.6
N20000413,Portadown_Q1,craigavon|breagh,65.32,2213,1998,-9.72,50.95,56.6
N20000407,Portadown_N3,craigavon|brownstown,19.41,2901,2957,1.93,49.24,3354.5
N20000406,Portadown_P1,craigavon|brownstown,9.49,2901,2957,1.93,49.24,3354.5
N20000410,Portadown_P3,craigavon|brownstown,6.1,2901,2957,1.93,49.24,3354.5
N20000409,Portadown_P2,craigavon|brownstown,8.72,2901,2957,1.93,49.24,3354.5
N20000412,Portadown_P4,craigavon|brownstown,12.42,2901,2957,1.93,49.24,3354.5
N20000417,Portadown_Q4,craigavon|breagh,34.42,2213,1998,-9.72,50.95,56.6
N20000420,Portadown_R5,craigavon|breagh,1158.05,2213,1998,-9.72,50.95,56.6
N20000475,Craigavon_P3,craigavon|bleary,282.75,2373,2473,4.21,48.81,106.4
N20000471,Craigavon_N4,craigavon|bleary,13.58,2373,2473,4.21,48.81,106.4
N20000470,Craigavon_N3,craigavon|bleary,41.08,2373,2473,4.21,48.81,106.4
N20000468,Craigavon_K3,craigavon|killycomain,9.74,3364,3674,9.22,48.75,3087.1
N20000469,Craigavon_P1,craigavon|kernan,318.24,1201,2428,102.16,46.5,139.4
N20000474,Craigavon_P2,craigavon|bleary,588.35,2373,2473,4.21,48.81,106.4
N20000473,Craigavon_L4,craigavon|bleary,239.32,2373,2473,4.21,48.81,106.4
N20000467,Craigavon_L3,craigavon|bleary,12.08,2373,2473,4.21,48.81,106.4
N20000465,Craigavon_L2,craigavon|bleary,14.9,2373,2473,4.21,48.81,106.4
N20000569,Lagan_River_G2,craigavon|bleary,884.63,2373,2473,4.21,48.81,106.4
N20000594,Banbridge_A1,craigavon|bleary,345.86,2373,2473,4.21,48.81,106.4
N20000598,Banbridge_B1,banbridge|gilford,40.3,2086,1925,-7.72,50.55,144.9
N20000602,Banbridge_B4,banbridge|gilford,16.83,2086,1925,-7.72,50.55,144.9
N20000601,Banbridge_B3,banbridge|gilford,24.55,2086,1925,-7.72,50.55,144.9
N20000600,Banbridge_B2,banbridge|gilford,17.38,2086,1925,-7.72,50.55,144.9
N20000595,Banbridge_A2,banbridge|gilford,1240.72,2086,1925,-7.72,50.55,144.9
N20000596,Banbridge_A3,banbridge|lawrencetown,16.66,1603,1685,5.12,50.39,84.1
N20000597,Banbridge_A4,banbridge|lawrencetown,15.57,1603,1685,5.12,50.39,84.1
N20000605,Banbridge_F1,banbridge|edenderry,746.44,2256,2897,28.41,50.47,654.0
N20000606,Banbridge_F2,banbridge|lawrencetown,683.94,1603,1685,5.12,50.39,84.1
N20000629,Banbridge_F3,banbridge|loughbrickland,830.06,2056,2240,8.95,50.94,45.9
N20000686,Cusher_F4,armagh|tandragee,24.9,2422,3204,32.29,49.63,151.9
N20000682,Cusher_F1,armagh|tandragee,33.76,2422,3204,32.29,49.63,151.9
N20000684,Cusher_F3,armagh|tandragee,20.68,2422,3204,32.29,49.63,151.9
N20000683,Cusher_F2,armagh|tandragee,20.41,2422,3204,32.29,49.63,151.9
N20000679,Cusher_C2,armagh|tandragee,21.52,2422,3204,32.29,49.63,151.9
N20000678,Cusher_C1,armagh|tandragee,17.11,2422,3204,32.29,49.63,151.9
N20000672,Cusher_D1,armagh|tandragee,675.11,2422,3204,32.29,49.63,151.9
N20000667,Cusher_A1,armagh|laurelvale,45.35,2297,2294,-0.13,48.91,56.1
N20000670,Cusher_A2,armagh|laurelvale,22.75,2297,2294,-0.13,48.91,56.1
N20000675,Cusher_A3,armagh|laurelvale,22.71,2297,2294,-0.13,48.91,56.1
N20000680,Cusher_C3,armagh|tandragee,9.35,2422,3204,32.29,49.63,151.9
N20000685,Cusher_D3,armagh|laurelvale,1685.75,2297,2294,-0.13,48.91,56.1
N20000677,Cusher_B6,armagh|rich hill,9.89,2113,2993,41.65,49.88,81.3
N20000673,Cusher_B5,armagh|rich hill,14.36,2113,2993,41.65,49.88,81.3
N20000669,Cusher_B3,armagh|rich hill,31.08,2113,2993,41.65,49.88,81.3
N20000665,Cusher_E2,armagh|laurelvale,861.03,2297,2294,-0.13,48.91,56.1
N20000676,Cusher_D2,armagh|rich hill,1009.62,2113,2993,41.65,49.88,81.3
N20000664,Cusher_E1,armagh|hockley,351.94,2083,2281,9.51,54.76,48.5
N20000419,Portadown_R4,craigavon|breagh,714.11,2213,1998,-9.72,50.95,56.6
N20000402,Portadown_K4,craigavon|hartfield,46.4,3163,2814,-11.03,49.82,4446.9
N20000390,Portadown_G4,craigavon|hartfield,7.35,3163,2814,-11.03,49.82,4446.9
N20000389,Portadown_K1,craigavon|hartfield,13.44,3163,2814,-11.03,49.82,4446.9
N20000416,Portadown_R3,armagh|hockley,730.84,2083,2281,9.51,54.76,48.5
N20000401,Portadown_J3,armagh|loughgall,615.21,2140,2170,1.4,49.95,68.9
N20000408,Portadown_J4,armagh|loughgall,160.32,2140,2170,1.4,49.95,68.9
N20000418,Portadown_J5,armagh|hockley,1651.38,2083,2281,9.51,54.76,48.5
N20000674,Cusher_E3,armagh|hockley,1482.85,2083,2281,9.51,54.76,48.5
N20000666,Cusher_B1,armagh|rich hill,16.29,2113,2993,41.65,49.88,81.3
N20000668,Cusher_B2,armagh|rich hill,6.92,2113,2993,41.65,49.88,81.3
N20000671,Cusher_B4,armagh|rich hill,24.8,2113,2993,41.65,49.88,81.3
N20000681,Cusher_E4,armagh|rich hill,1378.72,2113,2993,41.65,49.88,81.3
N20000306,Armagh_B1,armagh|the mall,28.15,2891,2601,-10.03,56.4,643.4
N20000307,Armagh_B2,armagh|the mall,67.79,2891,2601,-10.03,56.4,643.4
N20000311,Armagh_B3,armagh|the mall,16.91,2891,2601,-10.03,56.4,643.4
N20000314,Armagh_B4,armagh|the mall,38.56,2891,2601,-10.03,56.4,643.4
N20000315,Armagh_C4,armagh|the mall,54.58,2891,2601,-10.03,56.4,643.4
N20000319,Armagh_F2,armagh|the mall,19.72,2891,2601,-10.03,56.4,643.4
N20000320,Armagh_F3,armagh|demesne,10.43,2460,2707,10.04,47.8,1384.4
N20000323,Armagh_F5,armagh|downs,8.69,2669,1792,-32.86,48.38,1165.5
N20000321,Armagh_F4,armagh|downs,8.08,2669,1792,-32.86,48.38,1165.5
N20000318,Armagh_D5,armagh|lurgyvallen,39.5,2713,3201,17.99,48.05,1112.0
N20000317,Armagh_D4,armagh|lurgyvallen,46.4,2713,3201,17.99,48.05,1112.0
N20000316,Armagh_D3,armagh|lurgyvallen,9.53,2713,3201,17.99,48.05,1112.0
N20000312,Armagh_D2,armagh|lurgyvallen,32.73,2713,3201,17.99,48.05,1112.0
N20000313,Armagh_F1,armagh|lisanally,12.96,3168,2829,-10.7,48.99,1026.3
N20000309,Armagh_D1,armagh|lurgyvallen,45.07,2713,3201,17.99,48.05,1112.0
N20000303,Armagh_C1,armagh|lisanally,67.91,3168,2829,-10.7,48.99,1026.3
N20000308,Armagh_C3,armagh|lisanally,15.51,3168,2829,-10.7,48.99,1026.3
N20000304,Armagh_C2,armagh|the mall,97.2,2891,2601,-10.03,56.4,643.4
N20000302,Armagh_A6,armagh|hockley,1632.84,2083,2281,9.51,54.76,48.5
N20000310,Armagh_J1,armagh|ballymartrim,1054.23,2024,1778,-12.15,50.62,33.7
N20000322,Armagh_D6,armagh|lurgyvallen,25.04,2713,3201,17.99,48.05,1112.0
N20000305,Armagh_E3,armagh|ballymartrim,929.59,2024,1778,-12.15,50.62,33.7
N20000301,Armagh_E2,armagh|ballymartrim,1123.91,2024,1778,-12.15,50.62,33.7
N20000299,Armagh_E1,armagh|ballymartrim,1182.37,2024,1778,-12.15,50.62,33.7
N20003062,Dungannon_K2,dungannon|benburb,1326.61,2072,2110,1.83,51.37,45.4
N20000297,Armagh_A3,armagh|charlemont,188.76,2166,2338,7.94,49.74,65.9
N20000300,Armagh_A5,armagh|ballymartrim,974.9,2024,1778,-12.15,50.62,33.7
N20000298,Armagh_A4,armagh|charlemont,600.83,2166,2338,7.94,49.74,65.9
N20000296,Armagh_A2,armagh|charlemont,764.34,2166,2338,7.94,49.74,65.9
N20000295,Armagh_A1,armagh|charlemont,1015.86,2166,2338,7.94,49.74,65.9
N20003059,Dungannon_J2,dungannon|moy,37.48,2349,2156,-8.22,50.19,66.0
N20003058,Dungannon_J1,dungannon|moy,17.86,2349,2156,-8.22,50.19,66.0
N20003060,Dungannon_J3,dungannon|moy,7.12,2349,2156,-8.22,50.19,66.0
N20003061,Dungannon_J4,dungannon|moy,37.73,2349,2156,-8.22,50.19,66.0
N20003082,Clogher_Valley_E4,dungannon|benburb,599.47,2072,2110,1.83,51.37,45.4
N20003077,Clogher_Valley_E2,dungannon|benburb,1094.65,2072,2110,1.83,51.37,45.4
N20003057,Dungannon_K1,dungannon|moy,1517.05,2349,2156,-8.22,50.19,66.0
N20003054,Dungannon_D5,dungannon|moy,334.1,2349,2156,-8.22,50.19,66.0
N20003053,Dungannon_H6,dungannon|moygashel,51.56,1807,1626,-10.02,48.77,266.3
N20003050,Dungannon_F6,dungannon|moygashel,285.03,1807,1626,-10.02,48.77,266.3
N20003042,Dungannon_F4,dungannon|killymaddy,64.78,1943,1331,-31.5,48.01,685.5
N20003035,Dungannon_F2,dungannon|lisnahull,15.02,2310,3071,32.94,49.85,674.3
N20003041,Dungannon_F3,dungannon|killymaddy,19.97,1943,1331,-31.5,48.01,685.5
N20003043,Dungannon_F5,dungannon|killymaddy,28.84,1943,1331,-31.5,48.01,685.5
N20003044,Dungannon_H1,dungannon|killymeal,15.88,2401,2698,12.37,49.22,611.9
N20003038,Dungannon_C3,dungannon|killymeal,27.45,2401,2698,12.37,49.22,611.9
N20003037,Dungannon_C2,dungannon|lisnahull,11.21,2310,3071,32.94,49.85,674.3
N20003040,Dungannon_E2,dungannon|killymeal,23.46,2401,2698,12.37,49.22,611.9
N20003039,Dungannon_E1,dungannon|killymeal,42.3,2401,2698,12.37,49.22,611.9
N20003046,Dungannon_E4,dungannon|killymeal,9.59,2401,2698,12.37,49.22,611.9
N20003045,Dungannon_E3,dungannon|killymeal,15.83,2401,2698,12.37,49.22,611.9
N20003047,Dungannon_H2,dungannon|killymeal,16.7,2401,2698,12.37,49.22,611.9
N20003052,Dungannon_H5,dungannon|moygashel,68.04,1807,1626,-10.02,48.77,266.3
N20003049,Dungannon_H3,dungannon|killymeal,31.16,2401,2698,12.37,49.22,611.9
N20003051,Dungannon_H4,dungannon|moy,80.1,2349,2156,-8.22,50.19,66.0
N20003036,Dungannon_G3,dungannon|killyman,653.1,2267,2310,1.9,50.17,53.7
N20003048,Dungannon_D4,dungannon|killyman,20.88,2267,2310,1.9,50.17,53.7
N20003056,Dungannon_G5,dungannon|moy,1140.23,2349,2156,-8.22,50.19,66.0
N20003055,Dungannon_G4,dungannon|moy,764.53,2349,2156,-8.22,50.19,66.0
N20000361,Portadown_A4,dungannon|killyman,701.18,2267,2310,1.9,50.17,53.7
N20000357,Portadown_A2,dungannon|killyman,837.95,2267,2310,1.9,50.17,53.7
N20000356,Portadown_A1,craigavon|the birches,774.21,2495,2279,-8.66,48.75,53.7
N20000362,Portadown_A5,dungannon|killyman,740.32,2267,2310,1.9,50.17,53.7
N20000369,Portadown_J2,armagh|loughgall,929.14,2140,2170,1.4,49.95,68.9
N20000367,Portadown_J1,armagh|loughgall,895.12,2140,2170,1.4,49.95,68.9
N20000363,Portadown_B3,craigavon|the birches,569.63,2495,2279,-8.66,48.75,53.7
N20000366,Portadown_B6,craigavon|the birches,750.46,2495,2279,-8.66,48.75,53.7
N20000383,Portadown_R2,craigavon|breagh,1290.86,2213,1998,-9.72,50.95,56.6
N20000368,Portadown_R1,craigavon|breagh,23.27,2213,1998,-9.72,50.95,56.6
N20000380,Portadown_C4,craigavon|edgarstown,22.02,2805,2080,-25.85,50.14,1481.6
N20000372,Portadown_C2,craigavon|edgarstown,52.66,2805,2080,-25.85,50.14,1481.6
N20000364,Portadown_B4,craigavon|the birches,1013.38,2495,2279,-8.66,48.75,53.7
N20000360,Portadown_B2,craigavon|the birches,936.8,2495,2279,-8.66,48.75,53.7
N20000358,Portadown_B1,craigavon|the birches,836.22,2495,2279,-8.66,48.75,53.7
N20000359,Portadown_A3,craigavon|the birches,45.14,2495,2279,-8.66,48.75,53.7
N20000421,Craigavon_A1,craigavon|kinnegoe,740.27,2429,2238,-7.86,51.25,61.3
N20002984,Torrent_D2,cookstown|killycolpy,1216.76,1713,1675,-2.22,50.51,41.8
N20002989,Torrent_D3,dungannon|washing bay,469.37,2081,1815,-12.78,49.53,59.2
N20003015,Torrent_D5,dungannon|washing bay,849.46,2081,1815,-12.78,49.53,59.2
N20003017,Torrent_D7,dungannon|washing bay,462.51,2081,1815,-12.78,49.53,59.2
N20003021,Dungannon_G2,dungannon|killyman,669.55,2267,2310,1.9,50.17,53.7
N20003016,Torrent_D6,dungannon|washing bay,459.54,2081,1815,-12.78,49.53,59.2
N20003000,Torrent_D4,dungannon|washing bay,496.36,2081,1815,-12.78,49.53,59.2
N20003012,Torrent_F5,dungannon|washing bay,10.41,2081,1815,-12.78,49.53,59.2
N20003008,Torrent_H5,dungannon|coalisland south,5.37,2481,2664,7.38,50.08,317.4
N20003010,Torrent_H6,dungannon|coalisland south,23.71,2481,2664,7.38,50.08,317.4
N20003013,Torrent_F6,dungannon|coalisland south,78.32,2481,2664,7.38,50.08,317.4
N20002997,Torrent_F2,dungannon|coalisland north,114.11,2498,2090,-16.33,49.57,222.0
N20003001,Torrent_H1,dungannon|coalisland north,13.54,2498,2090,-16.33,49.57,222.0
N20003006,Torrent_F4,dungannon|coalisland south,14.93,2481,2664,7.38,50.08,317.4
N20003005,Torrent_H4,dungannon|coalisland south,8.54,2481,2664,7.38,50.08,317.4
N20003003,Torrent_H3,dungannon|coalisland north,17.36,2498,2090,-16.33,49.57,222.0
N20003002,Torrent_H2,dungannon|coalisland north,9.76,2498,2090,-16.33,49.57,222.0
N20002999,Torrent_F3,dungannon|coalisland north,34.33,2498,2090,-16.33,49.57,222.0
N20003011,Torrent_H7,dungannon|coalisland south,18.72,2481,2664,7.38,50.08,317.4
N20003019,Dungannon_G1,dungannon|coalisland south,341.22,2481,2664,7.38,50.08,317.4
N20003027,Dungannon_D3,dungannon|killyman,9.73,2267,2310,1.9,50.17,53.7
N20003018,Dungannon_D1,dungannon|coalisland south,138.26,2481,2664,7.38,50.08,317.4
N20003020,Dungannon_A1,dungannon|drumglass,80.92,2360,2216,-6.1,47.92,367.2
N20003026,Dungannon_A3,dungannon|drumglass,10.85,2360,2216,-6.1,47.92,367.2
N20003024,Dungannon_D2,dungannon|drumglass,1123.81,2360,2216,-6.1,47.92,367.2
N20003022,Dungannon_A2,dungannon|drumglass,35.81,2360,2216,-6.1,47.92,367.2
N20003031,Dungannon_A6,dungannon|killymeal,126.07,2401,2698,12.37,49.22,611.9
N20003034,Dungannon_C1,dungannon|killymeal,21.56,2401,2698,12.37,49.22,611.9
N20003029,Dungannon_A5,dungannon|drumglass,8.32,2360,2216,-6.1,47.92,367.2
N20003028,Dungannon_A4,dungannon|drumglass,5.83,2360,2216,-6.1,47.92,367.2
N20003023,Dungannon_B1,dungannon|lisnahull,69.44,2310,3071,32.94,49.85,674.3
N20003030,Dungannon_B3,dungannon|lisnahull,37.6,2310,3071,32.94,49.85,674.3
N20003033,Dungannon_F1,dungannon|lisnahull,11.12,2310,3071,32.94,49.85,674.3
N20003032,Dungannon_B4,dungannon|lisnahull,33.0,2310,3071,32.94,49.85,674.3
N20003025,Dungannon_B2,dungannon|lisnahull,23.36,2310,3071,32.94,49.85,674.3
N20003004,Torrent_G2,dungannon|donaghmore,379.61,2450,2502,2.12,50.56,77.8
N20003009,Torrent_G3,dungannon|donaghmore,508.04,2450,2502,2.12,50.56,77.8
N20002994,Torrent_G1,dungannon|donaghmore,166.32,2450,2502,2.12,50.56,77.8
N20002996,Torrent_B6,dungannon|donaghmore,563.1,2450,2502,2.12,50.56,77.8
N20002985,Torrent_B3,cookstown|sandholes,1124.36,1892,1710,-9.62,51.17,38.5
N20002983,Torrent_C1,cookstown|stewartstown,174.23,1759,1534,-12.79,49.87,36.5
N20002988,Torrent_B5,cookstown|stewartstown,933.91,1759,1534,-12.79,49.87,36.5
N20002995,Torrent_F1,dungannon|coalisland north,48.62,2498,2090,-16.33,49.57,222.0
N20002993,Torrent_C4,dungannon|coalisland north,479.04,2498,2090,-16.33,49.57,222.0
N20002991,Torrent_C3,dungannon|washing bay,51.22,2081,1815,-12.78,49.53,59.2
N20002986,Torrent_C2,cookstown|stewartstown,991.87,1759,1534,-12.79,49.87,36.5
N20002979,Torrent_B1,cookstown|stewartstown,1635.38,1759,1534,-12.79,49.87,36.5
N20002981,Torrent_B2,cookstown|stewartstown,1736.25,1759,1534,-12.79,49.87,36.5
N20002969,Cookstown_G4,cookstown|sandholes,809.78,1892,1710,-9.62,51.17,38.5
N20002968,Cookstown_G3,cookstown|sandholes,648.17,1892,1710,-9.62,51.17,38.5
N20002964,Cookstown_H3,cookstown|gortalowry,33.27,1968,3056,55.28,49.97,1332.4
N20002960,Cookstown_F3,cookstown|gortalowry,8.33,1968,3056,55.28,49.97,1332.4
N20002947,Cookstown_C5,cookstown|newbuildings,9.4,1434,1356,-5.44,47.05,678.3
N20002954,Cookstown_B5,cookstown|newbuildings,97.2,1434,1356,-5.44,47.05,678.3
N20002958,Cookstown_B6,cookstown|gortalowry,18.96,1968,3056,55.28,49.97,1332.4
N20002957,Cookstown_F2,cookstown|tullagh,28.34,1627,2118,30.18,47.54,1374.8
N20002950,Cookstown_C6,cookstown|newbuildings,16.45,1434,1356,-5.44,47.05,678.3
N20002953,Cookstown_D4,cookstown|tullagh,27.87,1627,2118,30.18,47.54,1374.8
N20002949,Cookstown_D3,cookstown|tullagh,24.63,1627,2118,30.18,47.54,1374.8
N20002955,Cookstown_D5,cookstown|tullagh,24.98,1627,2118,30.18,47.54,1374.8
N20002956,Cookstown_F1,cookstown|tullagh,10.53,1627,2118,30.18,47.54,1374.8
N20002961,Cookstown_H1,cookstown|gortalowry,21.79,1968,3056,55.28,49.97,1332.4
N20002962,Cookstown_F4,cookstown|gortalowry,10.95,1968,3056,55.28,49.97,1332.4
N20002963,Cookstown_H2,cookstown|gortalowry,59.96,1968,3056,55.28,49.97,1332.4
N20002965,Cookstown_H4,cookstown|sandholes,100.74,1892,1710,-9.62,51.17,38.5
N20002943,Cookstown_D2,cookstown|lissan,35.01,1680,1630,-2.98,51.78,22.3
N20002932,Cookstown_B1,cookstown|oldtown,36.08,1953,1696,-13.16,49.82,1939.9
N20002935,Cookstown_B3,cookstown|oldtown,14.0,1953,1696,-13.16,49.82,1939.9
N20002941,Cookstown_D1,cookstown|tullagh,16.57,1627,2118,30.18,47.54,1374.8
N20002938,Cookstown_C1,cookstown|oldtown,10.25,1953,1696,-13.16,49.82,1939.9
N20002945,Cookstown_C3,cookstown|oldtown,11.18,1953,1696,-13.16,49.82,1939.9
N20002946,Cookstown_C4,cookstown|tullagh,12.66,1627,2118,30.18,47.54,1374.8
N20002940,Cookstown_C2,cookstown|newbuildings,19.47,1434,1356,-5.44,47.05,678.3
N20002934,Cookstown_B2,cookstown|oldtown,18.29,1953,1696,-13.16,49.82,1939.9
N20002937,Cookstown_B4,cookstown|newbuildings,39.38,1434,1356,-5.44,47.05,678.3
N20002942,Cookstown_G1,cookstown|coagh,1559.53,1811,1769,-2.32,47.37,59.2
N20002951,Cookstown_G2,cookstown|coagh,681.92,1811,1769,-2.32,47.37,59.2
N20002939,Cookstown_E3,cookstown|coagh,44.06,1811,1769,-2.32,47.37,59.2
N20002933,Cookstown_E1,cookstown|coagh,369.88,1811,1769,-2.32,47.37,59.2
N20002959,Cookstown_E5,cookstown|coagh,1146.79,1811,1769,-2.32,47.37,59.2
N20002952,Cookstown_E4,cookstown|coagh,127.64,1811,1769,-2.32,47.37,59.2
N20002982,Torrent_D1,cookstown|killycolpy,1144.13,1713,1675,-2.22,50.51,41.8
N20002977,Torrent_A3,cookstown|killycolpy,486.26,1713,1675,-2.22,50.51,41.8
N20002978,Torrent_A4,cookstown|ardboe,339.39,1752,1950,11.3,51.69,93.5
N20002976,Torrent_A2,cookstown|ardboe,205.15,1752,1950,11.3,51.69,93.5
N20002980,Torrent_A5,cookstown|killycolpy,532.71,1713,1675,-2.22,50.51,41.8
N20002975,Torrent_A1,cookstown|ardboe,584.81,1752,1950,11.3,51.69,93.5
N20002936,Cookstown_E2,cookstown|ardboe,403.67,1752,1950,11.3,51.69,93.5
N20000477,Lurgan_B1,craigavon|aghagallon,462.94,2512,2525,0.52,49.47,53.2
N20000479,Lurgan_A3,craigavon|aghagallon,7.17,2512,2525,0.52,49.47,53.2
N20000478,Lurgan_A2,craigavon|aghagallon,686.19,2512,2525,0.52,49.47,53.2
N20000476,Lurgan_A1,craigavon|aghagallon,1121.07,2512,2525,0.52,49.47,53.2
N20002293,Killultagh_C1,lisburn|glenavy,702.24,2360,2405,1.91,48.81,45.2
N20002299,Killultagh_C5,lisburn|glenavy,538.89,2360,2405,1.91,48.81,45.2
N20002295,Killultagh_C3,lisburn|glenavy,1217.9,2360,2405,1.91,48.81,45.2
N20002300,Killultagh_F1,lisburn|glenavy,14.36,2360,2405,1.91,48.81,45.2
N20002317,Killultagh_C6,lisburn|magheragall,103.09,2467,2499,1.3,51.02,45.7
N20002319,Killultagh_F4,lisburn|magheragall,702.05,2467,2499,1.3,51.02,45.7
N20002304,Killultagh_F3,lisburn|glenavy,401.72,2360,2405,1.91,48.81,45.2
N20002303,Killultagh_F2,lisburn|glenavy,262.99,2360,2405,1.91,48.81,45.2
N20002302,Killultagh_G2,lisburn|magheragall,785.5,2467,2499,1.3,51.02,45.7
N20002320,Killultagh_H1,lisburn|magheragall,14.6,2467,2499,1.3,51.02,45.7
N20002321,Killultagh_H2,lisburn|magheragall,9.53,2467,2499,1.3,51.02,45.7
N20002318,Killultagh_G4,lisburn|magheragall,900.17,2467,2499,1.3,51.02,45.7
N20002298,Killultagh_C4,lisburn|magheragall,815.12,2467,2499,1.3,51.02,45.7
N20002294,Killultagh_C2,lisburn|glenavy,1051.06,2360,2405,1.91,48.81,45.2
N20002287,Killultagh_B1,lisburn|tullyrusk,1014.95,2319,3872,66.97,49.64,64.7
N20002291,Killultagh_A3,lisburn|glenavy,17.55,2360,2405,1.91,48.81,45.2
N20002292,Killultagh_A4,lisburn|glenavy,14.39,2360,2405,1.91,48.81,45.2
N20002290,Killultagh_A2,lisburn|glenavy,31.44,2360,2405,1.91,48.81,45.2
N20002288,Killultagh_A1,lisburn|glenavy,97.59,2360,2405,1.91,48.81,45.2
N20000282,Airport_F3,antrim|aldergrove,1061.77,2186,2887,32.07,62.24,55.9
N20000287,Airport_H3,antrim|crumlin,10.62,1751,1965,12.22,52.21,87.8
N20000290,Airport_H5,antrim|crumlin,10.35,1751,1965,12.22,52.21,87.8
N20000293,Airport_F4,antrim|crumlin,1584.01,1751,1965,12.22,52.21,87.8
N20000294,Airport_J5,antrim|crumlin,18.31,1751,1965,12.22,52.21,87.8
N20000292,Airport_J4,antrim|crumlin,7.89,1751,1965,12.22,52.21,87.8
N20000291,Airport_J3,antrim|crumlin,9.57,1751,1965,12.22,52.21,87.8
N20000286,Airport_J1,antrim|crumlin,9.36,1751,1965,12.22,52.21,87.8
N20000289,Airport_J2,antrim|crumlin,11.68,1751,1965,12.22,52.21,87.8
N20000288,Airport_H4,antrim|crumlin,14.07,1751,1965,12.22,52.21,87.8
N20000284,Airport_H2,antrim|crumlin,17.72,1751,1965,12.22,52.21,87.8
N20000283,Airport_H1,antrim|aldergrove,22.82,2186,2887,32.07,62.24,55.9
N20000279,Airport_F2,antrim|aldergrove,1488.63,2186,2887,32.07,62.24,55.9
N20000281,Airport_G3,antrim|aldergrove,1344.2,2186,2887,32.07,62.24,55.9
N20000280,Airport_G2,antrim|ballyrobin,1139.3,2477,2387,-3.63,51.99,42.7
N20000278,Airport_C4,antrim|templepatrick,2309.77,1918,2089,8.92,48.88,58.3
N20000285,Airport_G4,antrim|crumlin,3076.58,1751,1965,12.22,52.21,87.8
N20002289,Killultagh_B2,lisburn|tullyrusk,3000.98,2319,3872,66.97,49.64,64.7
N20000724,Oldpark_D2,belfast|legoniel,7.7,7218,5465,-24.29,46.55,214.3
N20001378,Court_C4,belfast|ballygomartin,454.13,7734,8409,8.73,47.56,719.2
N20001309,Black_Mountain_D2,belfast|suffolk,1009.05,11031,9256,-16.09,49.14,1500.8
N20001323,Black_Mountain_H1,belfast|milltown,11.94,9864,7220,-26.8,47.94,3918.4
N20001325,Black_Mountain_F3,belfast|milltown,7.74,9864,7220,-26.8,47.94,3918.4
N20001317,Black_Mountain_F1,belfast|milltown,7.82,9864,7220,-26.8,47.94,3918.4
N20001308,Black_Mountain_D1,belfast|whiterock,18.08,10861,6775,-37.62,49.58,2725.3
N20001402,Court_L1,belfast|ballygomartin,18.81,7734,8409,8.73,47.56,719.2
N20001405,Court_L3,belfast|highfield,8.01,8516,5661,-33.53,48.3,4819.6
N20001403,Court_L2,belfast|highfield,3.96,8516,5661,-33.53,48.3,4819.6
N20001417,Court_R2,belfast|highfield,4.78,8516,5661,-33.53,48.3,4819.6
N20001422,Court_J4,belfast|highfield,4.9,8516,5661,-33.53,48.3,4819.6
N20001424,Court_R3,belfast|highfield,11.95,8516,5661,-33.53,48.3,4819.6
N20001299,Black_Mountain_A3,belfast|whiterock,6.26,10861,6775,-37.62,49.58,2725.3
N20001297,Black_Mountain_A1,belfast|highfield,11.85,8516,5661,-33.53,48.3,4819.6
N20001416,Court_R1,belfast|highfield,9.35,8516,5661,-33.53,48.3,4819.6
N20001298,Black_Mountain_A2,belfast|whiterock,32.42,10861,6775,-37.62,49.58,2725.3
N20001302,Black_Mountain_A5,belfast|whiterock,6.76,10861,6775,-37.62,49.58,2725.3
N20001301,Black_Mountain_A4,belfast|whiterock,9.6,10861,6775,-37.62,49.58,2725.3
N20001306,Black_Mountain_A6,belfast|whiterock,3.02,10861,6775,-37.62,49.58,2725.3
N20001310,Black_Mountain_E1,belfast|whiterock,6.8,10861,6775,-37.62,49.58,2725.3
N20001320,Black_Mountain_F2,belfast|whiterock,72.83,10861,6775,-37.62,49.58,2725.3
N20001314,Black_Mountain_E3,belfast|whiterock,4.4,10861,6775,-37.62,49.58,2725.3
N20001319,Black_Mountain_J2,belfast|st james,2.39,9202,7990,-13.17,46.47,6150.4
N20001316,Black_Mountain_E4,belfast|st james,15.43,9202,7990,-13.17,46.47,6150.4
N20001313,Black_Mountain_E2,belfast|whiterock,11.15,10861,6775,-37.62,49.58,2725.3
N20001305,Black_Mountain_B4,belfast|whiterock,5.59,10861,6775,-37.62,49.58,2725.3
N20001300,Black_Mountain_B1,belfast|whiterock,11.18,10861,6775,-37.62,49.58,2725.3
N20001303,Black_Mountain_B2,belfast|st james,15.77,9202,7990,-13.17,46.47,6150.4
N20001436,Court_T2,belfast|st james,4.98,9202,7990,-13.17,46.47,6150.4
N20001304,Black_Mountain_B3,belfast|st james,4.81,9202,7990,-13.17,46.47,6150.4
N20001442,Court_T3,belfast|st james,5.06,9202,7990,-13.17,46.47,6150.4
N20001439,Court_X2,belfast|clonard,2.86,8491,5428,-36.07,47.18,12931.2
N20001441,Court_X3,belfast|clonard,2.63,8491,5428,-36.07,47.18,12931.2
N20001311,Black_Mountain_C2,belfast|st james,12.54,9202,7990,-13.17,46.47,6150.4
N20001312,Black_Mountain_C3,belfast|st james,2.0,9202,7990,-13.17,46.47,6150.4
N20001307,Black_Mountain_C1,belfast|st james,2.5,9202,7990,-13.17,46.47,6150.4
N20001318,Black_Mountain_J1,belfast|st james,6.2,9202,7990,-13.17,46.47,6150.4
N20001321,Black_Mountain_J3,belfast|st james,5.45,9202,7990,-13.17,46.47,6150.4
N20001324,Black_Mountain_J5,belfast|st james,3.6,9202,7990,-13.17,46.47,6150.4
N20001322,Black_Mountain_J4,belfast|st james,14.13,9202,7990,-13.17,46.47,6150.4
N20001315,Black_Mountain_C4,belfast|st james,2.55,9202,7990,-13.17,46.47,6150.4
N20001096,Botanic_E2,belfast|donegall,9.35,7789,6203,-20.36,47.53,3100.3
N20001104,Botanic_G1,belfast|donegall,4.62,7789,6203,-20.36,47.53,3100.3
N20001098,Botanic_E3,belfast|donegall,4.1,7789,6203,-20.36,47.53,3100.3
N20001092,Botanic_E1,belfast|donegall,5.52,7789,6203,-20.36,47.53,3100.3
N20001445,Court_X5,belfast|grosvenor,30.23,7385,3308,-55.21,41.99,6222.5
N20001443,Court_X4,belfast|clonard,3.71,8491,5428,-36.07,47.18,12931.2
N20001437,Court_S5,belfast|grosvenor,5.67,7385,3308,-55.21,41.99,6222.5
N20001440,Court_S6,belfast|grosvenor,4.32,7385,3308,-55.21,41.99,6222.5
N20001432,Court_S4,belfast|falls,4.84,5655,2608,-53.88,46.4,10781.0
N20001421,Court_S2,belfast|north howard,14.26,6957,1872,-73.09,47.28,5132.0
N20001415,Court_P3,belfast|north howard,4.14,6957,1872,-73.09,47.28,5132.0
N20001425,Court_U1,belfast|clonard,3.1,8491,5428,-36.07,47.18,12931.2
N20001426,Court_P4,belfast|clonard,4.87,8491,5428,-36.07,47.18,12931.2
N20001434,Court_U3,belfast|clonard,4.02,8491,5428,-36.07,47.18,12931.2
N20001435,Court_X1,belfast|clonard,2.07,8491,5428,-36.07,47.18,12931.2
N20001427,Court_U2,belfast|clonard,6.55,8491,5428,-36.07,47.18,12931.2
N20001428,Court_T1,belfast|st james,29.29,9202,7990,-13.17,46.47,6150.4
N20001420,Court_N4,belfast|clonard,2.11,8491,5428,-36.07,47.18,12931.2
N20001419,Court_N3,belfast|clonard,6.18,8491,5428,-36.07,47.18,12931.2
N20001407,Court_N1,belfast|woodvale,6.5,7628,5879,-22.93,46.98,12047.6
N20001404,Court_J3,belfast|woodvale,3.32,7628,5879,-22.93,46.98,12047.6
N20001413,Court_N2,belfast|highfield,8.08,8516,5661,-33.53,48.3,4819.6
N20001401,Court_J2,belfast|highfield,54.22,8516,5661,-33.53,48.3,4819.6
N20001394,Court_F2,belfast|woodvale,4.22,7628,5879,-22.93,46.98,12047.6
N20001400,Court_F3,belfast|woodvale,1.76,7628,5879,-22.93,46.98,12047.6
N20001393,Court_H2,belfast|shankill,1.98,8337,5793,-30.51,47.92,15318.3
N20001397,Court_H3,belfast|shankill,9.27,8337,5793,-30.51,47.92,15318.3
N20001408,Court_P1,belfast|north howard,3.53,6957,1872,-73.09,47.28,5132.0
N20001411,Court_P2,belfast|north howard,6.35,6957,1872,-73.09,47.28,5132.0
N20001410,Court_S1,belfast|north howard,3.82,6957,1872,-73.09,47.28,5132.0
N20001409,Court_K4,belfast|north howard,6.7,6957,1872,-73.09,47.28,5132.0
N20001399,Court_H4,belfast|shankill,5.81,8337,5793,-30.51,47.92,15318.3
N20001395,Court_G3,belfast|shankill,3.99,8337,5793,-30.51,47.92,15318.3
N20001387,Court_G1,belfast|shankill,5.18,8337,5793,-30.51,47.92,15318.3
N20001383,Court_D2,belfast|shankill,6.42,8337,5793,-30.51,47.92,15318.3
N20001390,Court_H1,belfast|shankill,6.05,8337,5793,-30.51,47.92,15318.3
N20001385,Court_D3,belfast|woodvale,12.35,7628,5879,-22.93,46.98,12047.6
N20000770,Oldpark_Q3,belfast|crumlin,15.82,12414,3665,-70.48,50.61,4318.5
N20000767,Oldpark_N4,belfast|crumlin,10.62,12414,3665,-70.48,50.61,4318.5
N20000761,Oldpark_L4,belfast|crumlin,6.25,12414,3665,-70.48,50.61,4318.5
N20000749,Oldpark_N2,belfast|cliftonville,4.55,9637,7475,-22.43,45.83,6312.4
N20000755,Oldpark_N3,belfast|cliftonville,7.11,9637,7475,-22.43,45.83,6312.4
N20000751,Oldpark_H3,belfast|cliftonville,4.26,9637,7475,-22.43,45.83,6312.4
N20000768,Oldpark_P3,belfast|ardoyne,5.39,9547,5869,-38.53,47.76,11864.7
N20000762,Oldpark_P2,belfast|ardoyne,2.63,9547,5869,-38.53,47.76,11864.7
N20000765,Oldpark_Q2,belfast|ardoyne,4.59,9547,5869,-38.53,47.76,11864.7
N20000758,Oldpark_Q1,belfast|ardoyne,3.98,9547,5869,-38.53,47.76,11864.7
N20000752,Oldpark_J3,belfast|ardoyne,2.88,9547,5869,-38.53,47.76,11864.7
N20000760,Oldpark_P1,belfast|ardoyne,3.01,9547,5869,-38.53,47.76,11864.7
N20000756,Oldpark_K4,belfast|ardoyne,7.82,9547,5869,-38.53,47.76,11864.7
N20000753,Oldpark_K3,belfast|ardoyne,3.92,9547,5869,-38.53,47.76,11864.7
N20001374,Court_B1,belfast|ballygomartin,6.0,7734,8409,8.73,47.56,719.2
N20001375,Court_B2,belfast|ballygomartin,7.18,7734,8409,8.73,47.56,719.2
N20001382,Court_B4,belfast|ballygomartin,8.07,7734,8409,8.73,47.56,719.2
N20001377,Court_B3,belfast|woodvale,6.28,7628,5879,-22.93,46.98,12047.6
N20001381,Court_D1,belfast|woodvale,6.97,7628,5879,-22.93,46.98,12047.6
N20001384,Court_F1,belfast|woodvale,4.15,7628,5879,-22.93,46.98,12047.6
N20001379,Court_J1,belfast|ballygomartin,5.05,7734,8409,8.73,47.56,719.2
N20001376,Court_C3,belfast|ballygomartin,14.86,7734,8409,8.73,47.56,719.2
N20001386,Court_E2,belfast|ballygomartin,8.89,7734,8409,8.73,47.56,719.2
N20001392,Court_E5,belfast|ballygomartin,11.81,7734,8409,8.73,47.56,719.2
N20001391,Court_E4,belfast|ballygomartin,6.72,7734,8409,8.73,47.56,719.2
N20001388,Court_E3,belfast|ballygomartin,7.45,7734,8409,8.73,47.56,719.2
N20001380,Court_E1,belfast|ballygomartin,14.24,7734,8409,8.73,47.56,719.2
N20001373,Court_A3,belfast|legoniel,28.81,7218,5465,-24.29,46.55,214.3
N20000742,Oldpark_K2,belfast|legoniel,10.32,7218,5465,-24.29,46.55,214.3
N20000737,Oldpark_K1,belfast|legoniel,7.5,7218,5465,-24.29,46.55,214.3
N20000736,Oldpark_F3,belfast|legoniel,5.55,7218,5465,-24.29,46.55,214.3
N20001371,Court_A2,belfast|legoniel,8.33,7218,5465,-24.29,46.55,214.3
N20001370,Court_A1,belfast|ballygomartin,16.28,7734,8409,8.73,47.56,719.2
N20001372,Court_C2,belfast|ballygomartin,8.55,7734,8409,8.73,47.56,719.2
N20001369,Court_C1,belfast|ballygomartin,6.63,7734,8409,8.73,47.56,719.2
N20000731,Oldpark_D4,belfast|legoniel,27.44,7218,5465,-24.29,46.55,214.3
N20000725,Oldpark_D3,belfast|legoniel,14.28,7218,5465,-24.29,46.55,214.3
N20000728,Oldpark_F1,belfast|legoniel,12.54,7218,5465,-24.29,46.55,214.3
N20000730,Oldpark_F2,belfast|ballysillan,12.86,8181,5937,-27.43,48.81,4818.7
N20000729,Oldpark_E2,belfast|ballysillan,4.4,8181,5937,-27.43,48.81,4818.7
N20000723,Oldpark_C3,belfast|ballysillan,6.85,8181,5937,-27.43,48.81,4818.7
N20000722,Oldpark_C2,belfast|ballysillan,7.88,8181,5937,-27.43,48.81,4818.7
N20000726,Oldpark_E1,belfast|cliftonville,13.24,9637,7475,-22.43,45.83,6312.4
N20000727,Oldpark_C4,belfast|ballysillan,5.44,8181,5937,-27.43,48.81,4818.7
N20000733,Oldpark_E4,belfast|ballysillan,31.23,8181,5937,-27.43,48.81,4818.7
N20000744,Oldpark_J2,belfast|ardoyne,7.15,9547,5869,-38.53,47.76,11864.7
N20000743,Oldpark_J1,belfast|ardoyne,6.07,9547,5869,-38.53,47.76,11864.7
N20000739,Oldpark_E5,belfast|cliftonville,7.89,9637,7475,-22.43,45.83,6312.4
N20000735,Oldpark_G2,belfast|cliftonville,13.19,9637,7475,-22.43,45.83,6312.4
N20000740,Oldpark_H1,belfast|cliftonville,7.68,9637,7475,-22.43,45.83,6312.4
N20000748,Oldpark_H2,belfast|cliftonville,6.44,9637,7475,-22.43,45.83,6312.4
N20000746,Oldpark_N1,belfast|cliftonville,6.69,9637,7475,-22.43,45.83,6312.4
N20000741,Oldpark_G4,belfast|cliftonville,7.29,9637,7475,-22.43,45.83,6312.4
N20000732,Oldpark_E3,belfast|cliftonville,10.98,9637,7475,-22.43,45.83,6312.4
N20000827,Castle_J5,belfast|cavehill,47.15,8430,8136,-3.49,47.36,2171.8
N20000816,Castle_J4,belfast|cavehill,12.3,8430,8136,-3.49,47.36,2171.8
N20000820,Castle_G5,belfast|cavehill,6.71,8430,8136,-3.49,47.36,2171.8
N20000819,Castle_G4,belfast|cavehill,7.47,8430,8136,-3.49,47.36,2171.8
N20000716,Oldpark_C1,belfast|ballysillan,9.08,8181,5937,-27.43,48.81,4818.7
N20000717,Oldpark_B2,belfast|ballysillan,9.23,8181,5937,-27.43,48.81,4818.7
N20000714,Oldpark_B1,belfast|ballysillan,4.58,8181,5937,-27.43,48.81,4818.7
N20000806,Castle_G2,belfast|cavehill,14.89,8430,8136,-3.49,47.36,2171.8
N20000805,Castle_G1,belfast|cavehill,11.89,8430,8136,-3.49,47.36,2171.8
N20000809,Castle_G3,belfast|cavehill,14.15,8430,8136,-3.49,47.36,2171.8
N20000807,Castle_J1,belfast|cavehill,11.73,8430,8136,-3.49,47.36,2171.8
N20000796,Castle_D1,belfast|cavehill,298.46,8430,8136,-3.49,47.36,2171.8
N20000711,Oldpark_A1,belfast|legoniel,404.08,7218,5465,-24.29,46.55,214.3
N20000718,Oldpark_B3,belfast|ballysillan,7.51,8181,5937,-27.43,48.81,4818.7
N20000720,Oldpark_B4,belfast|ballysillan,5.66,8181,5937,-27.43,48.81,4818.7
N20000721,Oldpark_A5,belfast|legoniel,6.36,7218,5465,-24.29,46.55,214.3
N20000719,Oldpark_A4,belfast|legoniel,7.88,7218,5465,-24.29,46.55,214.3
N20000713,Oldpark_A3,belfast|legoniel,57.97,7218,5465,-24.29,46.55,214.3
N20000715,Oldpark_D1,belfast|legoniel,12.5,7218,5465,-24.29,46.55,214.3
N20000712,Oldpark_A2,belfast|legoniel,305.0,7218,5465,-24.29,46.55,214.3
N20000277,Airport_E6,newtownabbey|mallusk,11.34,2089,1961,-6.13,50.23,64.5
N20000251,Glengormley_Urban_L2,newtownabbey|mallusk,10.31,2089,1961,-6.13,50.23,64.5
N20000255,Glengormley_Urban_L4,newtownabbey|whitewell,11.99,3857,4090,6.04,50.66,981.1
N20000256,Glengormley_Urban_L5,newtownabbey|whitewell,346.78,3857,4090,6.04,50.66,981.1
N20000253,Glengormley_Urban_K3,newtownabbey|whitewell,17.23,3857,4090,6.04,50.66,981.1
N20000252,Glengormley_Urban_L3,newtownabbey|whitewell,27.4,3857,4090,6.04,50.66,981.1
N20000254,Glengormley_Urban_K4,newtownabbey|whitewell,16.77,3857,4090,6.04,50.66,981.1
N20000250,Glengormley_Urban_J5,newtownabbey|whitewell,6.54,3857,4090,6.04,50.66,981.1
N20000787,Castle_A1,belfast|bellevue,63.01,7530,6249,-17.01,47.45,1686.5
N20000788,Castle_A2,belfast|bellevue,15.22,7530,6249,-17.01,47.45,1686.5
N20000201,Macedon_J3,newtownabbey|whitehouse,99.21,3346,2831,-15.39,47.23,1414.1
N20000196,Macedon_J2,newtownabbey|bradan,4.03,3281,2317,-29.38,47.09,5599.3
N20000189,Macedon_J1,newtownabbey|dunanney,19.58,3736,2728,-26.98,48.09,4745.6
N20000190,Macedon_G1,newtownabbey|dunanney,8.14,3736,2728,-26.98,48.09,4745.6
N20000192,Macedon_G2,newtownabbey|dunanney,15.57,3736,2728,-26.98,48.09,4745.6
N20000195,Macedon_G4,newtownabbey|bradan,8.45,3281,2317,-29.38,47.09,5599.3
N20000194,Macedon_K1,newtownabbey|hopefield,9.96,3416,2471,-27.66,45.93,4423.1
N20000193,Macedon_G3,newtownabbey|dunanney,6.28,3736,2728,-26.98,48.09,4745.6
N20000187,Macedon_F4,newtownabbey|dunanney,4.65,3736,2728,-26.98,48.09,4745.6
N20000191,Macedon_E4,newtownabbey|whiteabbey,10.69,3187,2696,-15.41,45.22,1804.6
N20000198,Macedon_K3,newtownabbey|whiteabbey,11.6,3187,2696,-15.41,45.22,1804.6
N20000197,Macedon_K2,newtownabbey|hopefield,3.32,3416,2471,-27.66,45.93,4423.1
N20000200,Macedon_K4,newtownabbey|hopefield,18.97,3416,2471,-27.66,45.93,4423.1
N20000204,Macedon_J5,newtownabbey|whitehouse,11.87,3346,2831,-15.39,47.23,1414.1
N20000202,Macedon_K5,newtownabbey|hopefield,7.83,3416,2471,-27.66,45.93,4423.1
N20000199,Macedon_G5,newtownabbey|hopefield,7.97,3416,2471,-27.66,45.93,4423.1
N20000203,Macedon_J4,newtownabbey|whitehouse,9.09,3346,2831,-15.39,47.23,1414.1
N20000205,Macedon_H3,newtownabbey|whitehouse,10.62,3346,2831,-15.39,47.23,1414.1
N20000206,Macedon_H4,newtownabbey|whitehouse,36.7,3346,2831,-15.39,47.23,1414.1
N20000210,Macedon_L4,newtownabbey|whitehouse,16.51,3346,2831,-15.39,47.23,1414.1
N20000208,Macedon_L2,newtownabbey|whitehouse,73.01,3346,2831,-15.39,47.23,1414.1
N20000792,Castle_B3,belfast|bellevue,6.0,7530,6249,-17.01,47.45,1686.5
N20000793,Castle_B4,belfast|bellevue,7.78,7530,6249,-17.01,47.45,1686.5
N20000791,Castle_B2,belfast|bellevue,14.39,7530,6249,-17.01,47.45,1686.5
N20000790,Castle_B1,belfast|bellevue,8.21,7530,6249,-17.01,47.45,1686.5
N20000209,Macedon_L3,newtownabbey|whitehouse,7.1,3346,2831,-15.39,47.23,1414.1
N20000207,Macedon_L1,newtownabbey|whitehouse,8.6,3346,2831,-15.39,47.23,1414.1
N20000789,Castle_A3,belfast|bellevue,50.89,7530,6249,-17.01,47.45,1686.5
N20000797,Castle_C3,belfast|castleview,62.55,7653,6725,-12.13,47.09,4118.1
N20000799,Castle_D2,belfast|castleview,15.98,7653,6725,-12.13,47.09,4118.1
N20000802,Castle_F1,belfast|castleview,12.28,7653,6725,-12.13,47.09,4118.1
N20000808,Castle_D3,belfast|cavehill,18.69,8430,8136,-3.49,47.36,2171.8
N20000812,Castle_F3,belfast|fortwilliam,12.28,6690,5838,-12.74,45.96,5359.6
N20000814,Castle_J2,belfast|cavehill,3.99,8430,8136,-3.49,47.36,2171.8
N20000815,Castle_J3,belfast|cavehill,5.84,8430,8136,-3.49,47.36,2171.8
N20000824,Castle_L3,belfast|cavehill,8.74,8430,8136,-3.49,47.36,2171.8
N20000822,Castle_L2,belfast|fortwilliam,8.44,6690,5838,-12.74,45.96,5359.6
N20000818,Castle_L1,belfast|cavehill,7.24,8430,8136,-3.49,47.36,2171.8
N20000823,Castle_K2,belfast|fortwilliam,11.33,6690,5838,-12.74,45.96,5359.6
N20000817,Castle_H5,belfast|fortwilliam,23.22,6690,5838,-12.74,45.96,5359.6
N20000811,Castle_H3,belfast|castleview,14.29,7653,6725,-12.13,47.09,4118.1
N20000810,Castle_H2,belfast|castleview,6.83,7653,6725,-12.13,47.09,4118.1
N20000804,Castle_H1,belfast|castleview,5.41,7653,6725,-12.13,47.09,4118.1
N20000803,Castle_F2,belfast|castleview,12.68,7653,6725,-12.13,47.09,4118.1
N20000801,Castle_E3,belfast|castleview,8.87,7653,6725,-12.13,47.09,4118.1
N20000813,Castle_H4,belfast|castleview,4.61,7653,6725,-12.13,47.09,4118.1
N20000821,Castle_K1,belfast|fortwilliam,10.64,6690,5838,-12.74,45.96,5359.6
N20000800,Castle_E2,belfast|castleview,9.28,7653,6725,-12.13,47.09,4118.1
N20000798,Castle_E1,belfast|castleview,7.18,7653,6725,-12.13,47.09,4118.1
N20000795,Castle_C2,belfast|bellevue,9.39,7530,6249,-17.01,47.45,1686.5
N20000794,Castle_C1,belfast|bellevue,8.9,7530,6249,-17.01,47.45,1686.5
N20000188,Macedon_H2,newtownabbey|whiteabbey,46.1,3187,2696,-15.41,45.22,1804.6
N20003545,Holywood_and_Clandeboye_F3,north down|craigavad,150.29,2203,1961,-10.99,47.83,114.3
N20003548,Holywood_and_Clandeboye_D1,north down|cultra,119.11,2403,2767,15.15,49.19,413.6
N20003549,Holywood_and_Clandeboye_D2,north down|cultra,62.07,2403,2767,15.15,49.19,413.6
N20003551,Holywood_and_Clandeboye_D3,north down|cultra,22.35,2403,2767,15.15,49.19,413.6
N20003553,Holywood_and_Clandeboye_E2,north down|cultra,29.1,2403,2767,15.15,49.19,413.6
N20003567,Holywood_and_Clandeboye_K4,north down|holywood priory,20.91,2365,2575,8.88,46.49,588.9
N20003575,Holywood_and_Clandeboye_K5,north down|holywood demesne,86.92,2239,2201,-1.7,45.89,1359.4
N20003573,Holywood_and_Clandeboye_L3,north down|loughview,5.83,4460,3797,-14.87,55.83,1268.3
N20003574,Holywood_and_Clandeboye_L4,north down|holywood demesne,10.39,2239,2201,-1.7,45.89,1359.4
N20003570,Holywood_and_Clandeboye_L1,north down|loughview,4.09,4460,3797,-14.87,55.83,1268.3
N20003566,Holywood_and_Clandeboye_H6,north down|holywood demesne,25.48,2239,2201,-1.7,45.89,1359.4
N20003565,Holywood_and_Clandeboye_K3,north down|holywood priory,14.83,2365,2575,8.88,46.49,588.9
N20003560,Holywood_and_Clandeboye_K2,north down|holywood priory,19.27,2365,2575,8.88,46.49,588.9
N20003555,Holywood_and_Clandeboye_E3,north down|holywood priory,31.33,2365,2575,8.88,46.49,588.9
N20003550,Holywood_and_Clandeboye_E1,north down|cultra,37.82,2403,2767,15.15,49.19,413.6
N20003552,Holywood_and_Clandeboye_H1,north down|holywood priory,9.92,2365,2575,8.88,46.49,588.9
N20003558,Holywood_and_Clandeboye_H2,north down|holywood priory,8.2,2365,2575,8.88,46.49,588.9
N20003561,Holywood_and_Clandeboye_H3,north down|holywood demesne,4.1,2239,2201,-1.7,45.89,1359.4
N20003559,Holywood_and_Clandeboye_K1,north down|holywood priory,12.03,2365,2575,8.88,46.49,588.9
N20003563,Holywood_and_Clandeboye_H4,north down|loughview,14.12,4460,3797,-14.87,55.83,1268.3
N20003564,Holywood_and_Clandeboye_H5,north down|holywood demesne,35.77,2239,2201,-1.7,45.89,1359.4
N20003571,Holywood_and_Clandeboye_L2,north down|loughview,9.96,4460,3797,-14.87,55.83,1268.3
N20003576,Holywood_and_Clandeboye_L5,north down|loughview,118.72,4460,3797,-14.87,55.83,1268.3
N20000946,Ormiston_A1,north down|loughview,7.36,4460,3797,-14.87,55.83,1268.3
N20000947,Ormiston_A2,belfast|belmont,5.87,8948,7805,-12.77,46.83,2269.0
N20000945,Ormiston_B1,belfast|belmont,27.58,8948,7805,-12.77,46.83,2269.0
N20000948,Ormiston_B2,belfast|belmont,12.31,8948,7805,-12.77,46.83,2269.0
N20000949,Ormiston_A3,belfast|belmont,10.72,8948,7805,-12.77,46.83,2269.0
N20000951,Ormiston_A4,belfast|belmont,11.7,8948,7805,-12.77,46.83,2269.0
N20000950,Ormiston_B3,belfast|belmont,9.14,8948,7805,-12.77,46.83,2269.0
N20000956,Ormiston_B4,belfast|belmont,43.51,8948,7805,-12.77,46.83,2269.0
N20000954,Ormiston_A5,belfast|belmont,11.67,8948,7805,-12.77,46.83,2269.0
N20000953,Ormiston_C2,belfast|belmont,25.63,8948,7805,-12.77,46.83,2269.0
N20000952,Ormiston_C1,belfast|belmont,91.8,8948,7805,-12.77,46.83,2269.0
N20000955,Ormiston_C3,belfast|stormont,68.51,8778,7596,-13.47,45.17,1061.4
N20003577,Holywood_and_Clandeboye_L6,north down|loughview,7.5,4460,3797,-14.87,55.83,1268.3
N20002500,Castlereagh_East_A1,castlereagh|dundonald,307.79,3936,3331,-15.37,43.77,713.8
N20002503,Castlereagh_East_C2,castlereagh|dundonald,9.77,3936,3331,-15.37,43.77,713.8
N20002502,Castlereagh_East_C1,castlereagh|dundonald,6.62,3936,3331,-15.37,43.77,713.8
N20002501,Castlereagh_East_A2,castlereagh|carrowreagh,244.29,3732,4383,17.44,47.82,1177.0
N20002510,Castlereagh_East_E1,castlereagh|enler,6.19,3848,3224,-16.22,48.79,1337.4
N20002511,Castlereagh_East_A3,castlereagh|carrowreagh,15.95,3732,4383,17.44,47.82,1177.0
N20002505,Castlereagh_East_B1,castlereagh|carrowreagh,11.19,3732,4383,17.44,47.82,1177.0
N20002523,Castlereagh_East_F3,castlereagh|carrowreagh,5.52,3732,4383,17.44,47.82,1177.0
N20002513,Castlereagh_East_B3,castlereagh|carrowreagh,10.77,3732,4383,17.44,47.82,1177.0
N20002515,Castlereagh_East_B4,castlereagh|carrowreagh,9.31,3732,4383,17.44,47.82,1177.0
N20002518,Castlereagh_East_B5,castlereagh|carrowreagh,11.9,3732,4383,17.44,47.82,1177.0
N20002526,Castlereagh_East_H1,castlereagh|carrowreagh,17.59,3732,4383,17.44,47.82,1177.0
N20002527,Castlereagh_East_F4,castlereagh|enler,12.48,3848,3224,-16.22,48.79,1337.4
N20002514,Castlereagh_East_A4,castlereagh|carrowreagh,8.86,3732,4383,17.44,47.82,1177.0
N20002522,Castlereagh_East_F2,castlereagh|enler,4.77,3848,3224,-16.22,48.79,1337.4
N20002521,Castlereagh_East_F1,castlereagh|carrowreagh,7.59,3732,4383,17.44,47.82,1177.0
N20002517,Castlereagh_East_E3,castlereagh|enler,4.91,3848,3224,-16.22,48.79,1337.4
N20002529,Castlereagh_East_F5,castlereagh|enler,4.77,3848,3224,-16.22,48.79,1337.4
N20002530,Castlereagh_East_E5,castlereagh|enler,8.85,3848,3224,-16.22,48.79,1337.4
N20002525,Castlereagh_East_E4,castlereagh|ballyhanwood,13.61,3137,3564,13.61,48.63,394.8
N20002520,Castlereagh_East_C6,castlereagh|ballyhanwood,26.32,3137,3564,13.61,48.63,394.8
N20002512,Castlereagh_East_E2,castlereagh|enler,13.52,3848,3224,-16.22,48.79,1337.4
N20002506,Castlereagh_East_C4,castlereagh|dundonald,8.71,3936,3331,-15.37,43.77,713.8
N20002507,Castlereagh_East_C5,castlereagh|dundonald,4.91,3936,3331,-15.37,43.77,713.8
N20002504,Castlereagh_East_C3,castlereagh|dundonald,4.83,3936,3331,-15.37,43.77,713.8
N20002508,Castlereagh_East_D1,castlereagh|dundonald,37.02,3936,3331,-15.37,43.77,713.8
N20002516,Castlereagh_East_D2,castlereagh|dundonald,11.07,3936,3331,-15.37,43.77,713.8
N20002519,Castlereagh_East_D3,castlereagh|dundonald,4.6,3936,3331,-15.37,43.77,713.8
N20002524,Castlereagh_East_D4,castlereagh|ballyhanwood,12.19,3137,3564,13.61,48.63,394.8
N20000980,Ormiston_L1,belfast|stormont,22.97,8778,7596,-13.47,45.17,1061.4
N20000989,Ormiston_L2,castlereagh|tullycarnet,9.9,3524,3115,-11.61,49.28,6964.3
N20000996,Ormiston_L3,castlereagh|tullycarnet,9.08,3524,3115,-11.61,49.28,6964.3
N20000991,Ormiston_J5,castlereagh|tullycarnet,6.49,3524,3115,-11.61,49.28,6964.3
N20000992,Ormiston_P1,castlereagh|gilnahirk,12.89,3216,2825,-12.16,49.03,3023.3
N20000986,Ormiston_J4,belfast|stormont,6.16,8778,7596,-13.47,45.17,1061.4
N20000977,Ormiston_J1,belfast|stormont,9.43,8778,7596,-13.47,45.17,1061.4
N20000981,Ormiston_J3,belfast|stormont,8.74,8778,7596,-13.47,45.17,1061.4
N20000978,Ormiston_J2,belfast|stormont,8.92,8778,7596,-13.47,45.17,1061.4
N20000960,Ormiston_C4,belfast|stormont,361.82,8778,7596,-13.47,45.17,1061.4
N20000967,Ormiston_F3,belfast|stormont,55.83,8778,7596,-13.47,45.17,1061.4
N20000965,Ormiston_C5,belfast|stormont,19.29,8778,7596,-13.47,45.17,1061.4
N20000959,Ormiston_F1,belfast|belmont,19.8,8948,7805,-12.77,46.83,2269.0
N20000963,Ormiston_F2,belfast|belmont,26.92,8948,7805,-12.77,46.83,2269.0
N20000971,Ormiston_F4,belfast|stormont,20.71,8778,7596,-13.47,45.17,1061.4
N20000970,Ormiston_G1,belfast|stormont,6.55,8778,7596,-13.47,45.17,1061.4
N20000974,Ormiston_G2,belfast|stormont,8.94,8778,7596,-13.47,45.17,1061.4
N20000983,Ormiston_G4,belfast|stormont,24.3,8778,7596,-13.47,45.17,1061.4
N20000979,Ormiston_N1,belfast|stormont,10.11,8778,7596,-13.47,45.17,1061.4
N20000982,Ormiston_F5,belfast|stormont,16.73,8778,7596,-13.47,45.17,1061.4
N20000997,Ormiston_N3,belfast|shandon,17.17,8715,7921,-9.11,47.44,3952.5
N20000988,Ormiston_N2,belfast|shandon,18.09,8715,7921,-9.11,47.44,3952.5
N20000995,Ormiston_R1,belfast|shandon,21.32,8715,7921,-9.11,47.44,3952.5
N20000993,Ormiston_K3,belfast|shandon,9.79,8715,7921,-9.11,47.44,3952.5
N20000985,Ormiston_H5,belfast|ballyhackamore,7.03,7493,6415,-14.39,45.33,5382.5
N20000975,Ormiston_G3,belfast|ballyhackamore,17.41,7493,6415,-14.39,45.33,5382.5
N20000973,Ormiston_H2,belfast|ballyhackamore,8.8,7493,6415,-14.39,45.33,5382.5
N20000976,Ormiston_H3,belfast|ballyhackamore,6.76,7493,6415,-14.39,45.33,5382.5
N20000984,Ormiston_H4,belfast|ballyhackamore,9.88,7493,6415,-14.39,45.33,5382.5
N20000902,Titanic_R1,belfast|ballyhackamore,13.25,7493,6415,-14.39,45.33,5382.5
N20000897,Titanic_K4,belfast|ballyhackamore,8.53,7493,6415,-14.39,45.33,5382.5
N20000909,Titanic_R2,belfast|bloomfield,12.7,6455,5475,-15.18,47.36,9396.5
N20000923,Titanic_R3,belfast|bloomfield,4.19,6455,5475,-15.18,47.36,9396.5
N20000990,Ormiston_K2,belfast|shandon,4.62,8715,7921,-9.11,47.44,3952.5
N20000987,Ormiston_K1,belfast|shandon,6.95,8715,7921,-9.11,47.44,3952.5
N20000994,Ormiston_K4,belfast|shandon,7.38,8715,7921,-9.11,47.44,3952.5
N20001017,Lisnasharragh_B1,belfast|shandon,4.24,8715,7921,-9.11,47.44,3952.5
N20000935,Titanic_X2,belfast|orangefield,11.22,7921,6774,-14.48,46.52,4315.8
N20000929,Titanic_R4,belfast|bloomfield,2.72,6455,5475,-15.18,47.36,9396.5
N20000920,Titanic_Q5,belfast|bloomfield,2.18,6455,5475,-15.18,47.36,9396.5
N20000926,Titanic_X1,belfast|bloomfield,2.2,6455,5475,-15.18,47.36,9396.5
N20000917,Titanic_Q4,belfast|bloomfield,3.28,6455,5475,-15.18,47.36,9396.5
N20000937,Titanic_X3,belfast|orangefield,18.87,7921,6774,-14.48,46.52,4315.8
N20000932,Titanic_W2,belfast|orangefield,2.18,7921,6774,-14.48,46.52,4315.8
N20000936,Titanic_W3,belfast|orangefield,6.51,7921,6774,-14.48,46.52,4315.8
N20001018,Lisnasharragh_A1,belfast|orangefield,3.09,7921,6774,-14.48,46.52,4315.8
N20000940,Titanic_Z1,belfast|willowfield,1.86,7417,6257,-15.64,46.57,9380.0
N20000938,Titanic_U4,belfast|willowfield,2.02,7417,6257,-15.64,46.57,9380.0
N20000933,Titanic_U3,belfast|willowfield,2.45,7417,6257,-15.64,46.57,9380.0
N20000930,Titanic_U2,belfast|willowfield,3.03,7417,6257,-15.64,46.57,9380.0
N20000919,Titanic_T3,belfast|the mount,4.74,8765,4628,-47.2,47.06,8372.7
N20000921,Titanic_T4,belfast|the mount,3.98,8765,4628,-47.2,47.06,8372.7
N20000925,Titanic_U1,belfast|orangefield,2.04,7921,6774,-14.48,46.52,4315.8
N20000927,Titanic_W1,belfast|orangefield,5.17,7921,6774,-14.48,46.52,4315.8
N20000914,Titanic_T1,belfast|the mount,2.48,8765,4628,-47.2,47.06,8372.7
N20000903,Titanic_N3,belfast|the mount,3.52,8765,4628,-47.2,47.06,8372.7
N20000910,Titanic_L4,belfast|the mount,3.27,8765,4628,-47.2,47.06,8372.7
N20000908,Titanic_S1,belfast|the mount,4.96,8765,4628,-47.2,47.06,8372.7
N20000901,Titanic_L2,belfast|the mount,2.3,8765,4628,-47.2,47.06,8372.7
N20000905,Titanic_L3,belfast|the mount,7.19,8765,4628,-47.2,47.06,8372.7
N20000900,Titanic_N2,belfast|the mount,17.02,8765,4628,-47.2,47.06,8372.7
N20000899,Titanic_J4,belfast|bloomfield,9.87,6455,5475,-15.18,47.36,9396.5
N20000906,Titanic_J5,belfast|bloomfield,2.91,6455,5475,-15.18,47.36,9396.5
N20000915,Titanic_T2,belfast|the mount,1.9,8765,4628,-47.2,47.06,8372.7
N20000911,Titanic_N4,belfast|bloomfield,4.21,6455,5475,-15.18,47.36,9396.5
N20000907,Titanic_Q2,belfast|bloomfield,3.43,6455,5475,-15.18,47.36,9396.5
N20000916,Titanic_Q3,belfast|bloomfield,2.15,6455,5475,-15.18,47.36,9396.5
N20000898,Titanic_Q1,belfast|bloomfield,2.34,6455,5475,-15.18,47.36,9396.5
N20000895,Titanic_K3,belfast|ballyhackamore,2.21,7493,6415,-14.39,45.33,5382.5
N20000888,Titanic_J2,belfast|ballyhackamore,3.99,7493,6415,-14.39,45.33,5382.5
N20000879,Titanic_E4,belfast|sydenham,5.18,7931,6844,-13.71,49.87,1216.9
N20000871,Titanic_E2,belfast|sydenham,4.84,7931,6844,-13.71,49.87,1216.9
N20000878,Titanic_J1,belfast|island,3.64,8665,4073,-52.99,47.19,1488.6
N20000875,Titanic_E3,belfast|island,4.08,8665,4073,-52.99,47.19,1488.6
N20000874,Titanic_F3,belfast|island,3.39,8665,4073,-52.99,47.19,1488.6
N20000880,Titanic_F5,belfast|island,10.46,8665,4073,-52.99,47.19,1488.6
N20000891,Titanic_J3,belfast|bloomfield,12.23,6455,5475,-15.18,47.36,9396.5
N20000892,Titanic_N1,belfast|ballymacarrett,5.26,8743,4450,-49.1,46.74,7700.3
N20000893,Titanic_L1,belfast|ballymacarrett,4.05,8743,4450,-49.1,46.74,7700.3
N20000884,Titanic_B3,belfast|ballymacarrett,4.95,8743,4450,-49.1,46.74,7700.3
N20000873,Titanic_F2,belfast|island,7.05,8665,4073,-52.99,47.19,1488.6
N20000877,Titanic_F4,belfast|island,6.36,8665,4073,-52.99,47.19,1488.6
N20000870,Titanic_F1,belfast|island,6.72,8665,4073,-52.99,47.19,1488.6
N20000867,Titanic_E1,belfast|island,11.81,8665,4073,-52.99,47.19,1488.6
N20000864,Titanic_C5,belfast|sydenham,1.76,7931,6844,-13.71,49.87,1216.9
N20000862,Titanic_C3,belfast|sydenham,6.55,7931,6844,-13.71,49.87,1216.9
N20000861,Titanic_C2,belfast|sydenham,5.68,7931,6844,-13.71,49.87,1216.9
N20000863,Titanic_C4,belfast|sydenham,6.46,7931,6844,-13.71,49.87,1216.9
N20000869,Titanic_D4,belfast|sydenham,7.85,7931,6844,-13.71,49.87,1216.9
N20000865,Titanic_D1,belfast|sydenham,4.57,7931,6844,-13.71,49.87,1216.9
N20000866,Titanic_D2,belfast|sydenham,3.25,7931,6844,-13.71,49.87,1216.9
N20000868,Titanic_D3,belfast|sydenham,4.07,7931,6844,-13.71,49.87,1216.9
N20000872,Titanic_D5,belfast|sydenham,2.72,7931,6844,-13.71,49.87,1216.9
N20000876,Titanic_G1,belfast|sydenham,4.34,7931,6844,-13.71,49.87,1216.9
N20000883,Titanic_G3,belfast|ballyhackamore,6.16,7493,6415,-14.39,45.33,5382.5
N20000889,Titanic_K1,belfast|ballyhackamore,3.23,7493,6415,-14.39,45.33,5382.5
N20000881,Titanic_G2,belfast|ballyhackamore,7.84,7493,6415,-14.39,45.33,5382.5
N20000890,Titanic_K2,belfast|ballyhackamore,6.71,7493,6415,-14.39,45.33,5382.5
N20000966,Ormiston_E2,belfast|belmont,5.44,8948,7805,-12.77,46.83,2269.0
N20000964,Ormiston_E1,belfast|belmont,8.83,8948,7805,-12.77,46.83,2269.0
N20000972,Ormiston_H1,belfast|ballyhackamore,9.75,7493,6415,-14.39,45.33,5382.5
N20000969,Ormiston_E4,belfast|ballyhackamore,12.32,7493,6415,-14.39,45.33,5382.5
N20000968,Ormiston_E3,belfast|stormont,9.3,8778,7596,-13.47,45.17,1061.4
N20000961,Ormiston_D3,belfast|belmont,13.23,8948,7805,-12.77,46.83,2269.0
N20000962,Ormiston_D4,belfast|belmont,17.39,8948,7805,-12.77,46.83,2269.0
N20000958,Ormiston_D2,belfast|belmont,10.94,8948,7805,-12.77,46.83,2269.0
N20000957,Ormiston_D1,belfast|belmont,7.21,8948,7805,-12.77,46.83,2269.0
N20000858,Titanic_A2,belfast|sydenham,49.69,7931,6844,-13.71,49.87,1216.9
N20000859,Titanic_A3,belfast|sydenham,4.33,7931,6844,-13.71,49.87,1216.9
N20000856,Titanic_A1,belfast|sydenham,495.8,7931,6844,-13.71,49.87,1216.9
N20000825,Castle_Q1,belfast|central,800.99,7085,2391,-66.25,52.7,370.2
N20000857,Titanic_B1,belfast|island,285.86,8665,4073,-52.99,47.19,1488.6
N20000860,Titanic_C1,belfast|sydenham,33.08,7931,6844,-13.71,49.87,1216.9
N20000829,Castle_K4,belfast|fortwilliam,5.8,6690,5838,-12.74,45.96,5359.6
N20000835,Castle_P1,belfast|fortwilliam,11.09,6690,5838,-12.74,45.96,5359.6
N20000844,Castle_T2,belfast|grove,7.0,6230,4623,-25.79,47.2,5156.8
N20000842,Castle_T1,belfast|grove,29.3,6230,4623,-25.79,47.2,5156.8
N20000845,Castle_S3,belfast|grove,3.04,6230,4623,-25.79,47.2,5156.8
N20000843,Castle_S2,belfast|grove,12.84,6230,4623,-25.79,47.2,5156.8
N20000839,Castle_R4,belfast|grove,8.52,6230,4623,-25.79,47.2,5156.8
N20000841,Castle_S1,belfast|grove,9.12,6230,4623,-25.79,47.2,5156.8
N20000837,Castle_P2,belfast|fortwilliam,6.79,6690,5838,-12.74,45.96,5359.6
N20000828,Castle_K3,belfast|fortwilliam,4.92,6690,5838,-12.74,45.96,5359.6
N20000832,Castle_N3,belfast|fortwilliam,4.68,6690,5838,-12.74,45.96,5359.6
N20000826,Castle_N1,belfast|fortwilliam,10.29,6690,5838,-12.74,45.96,5359.6
N20000831,Castle_N2,belfast|fortwilliam,7.66,6690,5838,-12.74,45.96,5359.6
N20000836,Castle_R2,belfast|cavehill,4.34,8430,8136,-3.49,47.36,2171.8
N20000838,Castle_R3,belfast|grove,3.49,6230,4623,-25.79,47.2,5156.8
N20000833,Castle_R1,belfast|fortwilliam,5.61,6690,5838,-12.74,45.96,5359.6
N20000830,Castle_L4,belfast|cavehill,5.64,8430,8136,-3.49,47.36,2171.8
N20000834,Castle_L5,belfast|cavehill,3.51,8430,8136,-3.49,47.36,2171.8
N20000734,Oldpark_G1,belfast|cavehill,27.85,8430,8136,-3.49,47.36,2171.8
N20000840,Castle_R5,belfast|grove,3.42,6230,4623,-25.79,47.2,5156.8
N20000738,Oldpark_G3,belfast|grove,4.99,6230,4623,-25.79,47.2,5156.8
N20000846,Castle_U1,belfast|duncairn,2.93,8408,4184,-50.24,46.73,8776.3
N20000745,Oldpark_G5,belfast|cavehill,8.93,8430,8136,-3.49,47.36,2171.8
N20000750,Oldpark_L2,belfast|cliftonville,9.99,9637,7475,-22.43,45.83,6312.4
N20000754,Oldpark_R1,belfast|cliftonville,1.57,9637,7475,-22.43,45.83,6312.4
N20000757,Oldpark_L3,belfast|crumlin,2.27,12414,3665,-70.48,50.61,4318.5
N20000763,Oldpark_L5,belfast|crumlin,3.81,12414,3665,-70.48,50.61,4318.5
N20000764,Oldpark_R3,belfast|crumlin,6.58,12414,3665,-70.48,50.61,4318.5
N20000759,Oldpark_R2,belfast|cliftonville,4.84,9637,7475,-22.43,45.83,6312.4
N20000747,Oldpark_L1,belfast|cliftonville,3.09,9637,7475,-22.43,45.83,6312.4
N20000849,Castle_U3,belfast|duncairn,4.76,8408,4184,-50.24,46.73,8776.3
N20000851,Castle_U4,belfast|duncairn,6.44,8408,4184,-50.24,46.73,8776.3
N20000848,Castle_U2,belfast|duncairn,8.37,8408,4184,-50.24,46.73,8776.3
N20000847,Castle_T3,belfast|grove,3.2,6230,4623,-25.79,47.2,5156.8
N20000850,Castle_T4,belfast|duncairn,3.93,8408,4184,-50.24,46.73,8776.3
N20000852,Castle_U5,belfast|duncairn,7.99,8408,4184,-50.24,46.73,8776.3
N20000769,Oldpark_R5,belfast|new lodge,2.19,8090,5057,-37.49,47.08,13808.0
N20000766,Oldpark_R4,belfast|new lodge,2.51,8090,5057,-37.49,47.08,13808.0
N20000772,Oldpark_U1,belfast|crumlin,1.15,12414,3665,-70.48,50.61,4318.5
N20000777,Oldpark_S2,belfast|new lodge,2.02,8090,5057,-37.49,47.08,13808.0
N20000778,Oldpark_S3,belfast|new lodge,1.42,8090,5057,-37.49,47.08,13808.0
N20000771,Oldpark_S1,belfast|new lodge,2.99,8090,5057,-37.49,47.08,13808.0
N20000773,Oldpark_T1,belfast|new lodge,4.83,8090,5057,-37.49,47.08,13808.0
N20000853,Castle_T5,belfast|duncairn,11.53,8408,4184,-50.24,46.73,8776.3
N20000779,Oldpark_T2,belfast|new lodge,3.05,8090,5057,-37.49,47.08,13808.0
N20000781,Oldpark_T3,belfast|central,14.15,7085,2391,-66.25,52.7,370.2
N20000780,Oldpark_S4,belfast|new lodge,0.74,8090,5057,-37.49,47.08,13808.0
N20000782,Oldpark_S5,belfast|new lodge,3.78,8090,5057,-37.49,47.08,13808.0
N20000783,Oldpark_U3,belfast|new lodge,10.28,8090,5057,-37.49,47.08,13808.0
N20000774,Oldpark_U2,belfast|crumlin,2.08,12414,3665,-70.48,50.61,4318.5
N20000775,Oldpark_R6,belfast|crumlin,24.94,12414,3665,-70.48,50.61,4318.5
N20000776,Oldpark_Q4,belfast|crumlin,8.23,12414,3665,-70.48,50.61,4318.5
N20001389,Court_G2,belfast|court,11.87,7345,3319,-54.81,46.49,5570.1
N20001398,Court_K2,belfast|court,14.19,7345,3319,-54.81,46.49,5570.1
N20001396,Court_K1,belfast|central,9.75,7085,2391,-66.25,52.7,370.2
N20001406,Court_K3,belfast|court,7.92,7345,3319,-54.81,46.49,5570.1
N20001412,Court_K5,belfast|court,3.27,7345,3319,-54.81,46.49,5570.1
N20001431,Court_S3,belfast|falls,3.94,5655,2608,-53.88,46.4,10781.0
N20001433,Court_W2,belfast|central,6.5,7085,2391,-66.25,52.7,370.2
N20001429,Court_W1,belfast|falls,6.28,5655,2608,-53.88,46.4,10781.0
N20001423,Court_Q3,belfast|falls,1.36,5655,2608,-53.88,46.4,10781.0
N20001430,Court_Q4,belfast|central,4.63,7085,2391,-66.25,52.7,370.2
N20001418,Court_Q2,belfast|central,11.19,7085,2391,-66.25,52.7,370.2
N20001414,Court_Q1,belfast|court,10.62,7345,3319,-54.81,46.49,5570.1
N20001080,Botanic_A2,belfast|central,8.86,7085,2391,-66.25,52.7,370.2
N20001079,Botanic_A1,belfast|central,40.75,7085,2391,-66.25,52.7,370.2
N20000855,Castle_Q3,belfast|central,41.99,7085,2391,-66.25,52.7,370.2
N20000785,Oldpark_U4,belfast|central,7.45,7085,2391,-66.25,52.7,370.2
N20000786,Oldpark_U5,belfast|central,12.48,7085,2391,-66.25,52.7,370.2
N20000784,Oldpark_T4,belfast|central,6.3,7085,2391,-66.25,52.7,370.2
N20000854,Castle_Q2,belfast|central,17.95,7085,2391,-66.25,52.7,370.2
N20000886,Titanic_H1,belfast|ballymacarrett,5.88,8743,4450,-49.1,46.74,7700.3
N20000894,Titanic_H3,belfast|ballymacarrett,5.06,8743,4450,-49.1,46.74,7700.3
N20000887,Titanic_H2,belfast|ballymacarrett,8.71,8743,4450,-49.1,46.74,7700.3
N20000885,Titanic_B4,belfast|ballymacarrett,24.2,8743,4450,-49.1,46.74,7700.3
N20000882,Titanic_B2,belfast|island,14.35,8665,4073,-52.99,47.19,1488.6
N20001083,Botanic_B3,belfast|cromac,7.83,6991,2418,-65.41,47.02,2511.8
N20001086,Botanic_B4,belfast|cromac,2.77,6991,2418,-65.41,47.02,2511.8
N20001082,Botanic_B2,belfast|cromac,3.0,6991,2418,-65.41,47.02,2511.8
N20001081,Botanic_B1,belfast|cromac,32.76,6991,2418,-65.41,47.02,2511.8
N20000896,Titanic_H4,belfast|ballymacarrett,4.91,8743,4450,-49.1,46.74,7700.3
N20000904,Titanic_P1,belfast|the mount,12.82,8765,4628,-47.2,47.06,8372.7
N20000913,Titanic_S2,belfast|the mount,2.6,8765,4628,-47.2,47.06,8372.7
N20000912,Titanic_P2,belfast|ormeau,12.16,6710,4698,-29.99,46.4,2813.0
N20000924,Titanic_P4,belfast|ormeau,2.46,6710,4698,-29.99,46.4,2813.0
N20000918,Titanic_P3,belfast|ormeau,3.05,6710,4698,-29.99,46.4,2813.0
N20000922,Titanic_S3,belfast|the mount,4.48,8765,4628,-47.2,47.06,8372.7
N20000928,Titanic_S4,belfast|ormeau,1.95,6710,4698,-29.99,46.4,2813.0
N20000931,Titanic_T5,belfast|ormeau,4.56,6710,4698,-29.99,46.4,2813.0
N20000934,Titanic_Y1,belfast|ormeau,3.59,6710,4698,-29.99,46.4,2813.0
N20000941,Titanic_Z2,belfast|willowfield,5.34,7417,6257,-15.64,46.57,9380.0
N20000939,Titanic_Y2,belfast|ormeau,3.96,6710,4698,-29.99,46.4,2813.0
N20000942,Titanic_Y3,belfast|ormeau,3.65,6710,4698,-29.99,46.4,2813.0
N20001094,Botanic_D2,belfast|university,22.21,7830,4726,-39.64,45.94,5447.1
N20001105,Botanic_H3,belfast|university,2.55,7830,4726,-39.64,45.94,5447.1
N20001101,Botanic_D3,belfast|cromac,7.4,6991,2418,-65.41,47.02,2511.8
N20001097,Botanic_C4,belfast|cromac,6.31,6991,2418,-65.41,47.02,2511.8
N20001103,Botanic_H2,belfast|university,8.2,7830,4726,-39.64,45.94,5447.1
N20001099,Botanic_H1,belfast|st george s,1.98,7690,3003,-60.95,47.92,5048.7
N20001090,Botanic_C3,belfast|cromac,7.03,6991,2418,-65.41,47.02,2511.8
N20001088,Botanic_C2,belfast|st george s,4.31,7690,3003,-60.95,47.92,5048.7
N20001091,Botanic_D1,belfast|cromac,9.02,6991,2418,-65.41,47.02,2511.8
N20001085,Botanic_A4,belfast|cromac,3.67,6991,2418,-65.41,47.02,2511.8
N20001087,Botanic_C1,belfast|cromac,11.29,6991,2418,-65.41,47.02,2511.8
N20001084,Botanic_A3,belfast|st george s,43.31,7690,3003,-60.95,47.92,5048.7
N20001438,Court_W3,belfast|falls,5.38,5655,2608,-53.88,46.4,10781.0
N20001444,Court_W4,belfast|grosvenor,13.37,7385,3308,-55.21,41.99,6222.5
N20001095,Botanic_F2,belfast|st george s,8.72,7690,3003,-60.95,47.92,5048.7
N20001089,Botanic_A5,belfast|st george s,2.44,7690,3003,-60.95,47.92,5048.7
N20001093,Botanic_F1,belfast|st george s,4.71,7690,3003,-60.95,47.92,5048.7
N20001100,Botanic_F3,belfast|st george s,2.78,7690,3003,-60.95,47.92,5048.7
N20001102,Botanic_F4,belfast|st george s,1.68,7690,3003,-60.95,47.92,5048.7
N20001124,Botanic_L2,belfast|windsor,5.08,9925,7942,-19.98,41.99,6906.9
N20001122,Botanic_L1,belfast|windsor,1.15,9925,7942,-19.98,41.99,6906.9
N20001108,Botanic_F5,belfast|windsor,22.71,9925,7942,-19.98,41.99,6906.9
N20001110,Botanic_H5,belfast|windsor,2.65,9925,7942,-19.98,41.99,6906.9
N20001123,Botanic_H7,belfast|windsor,8.29,9925,7942,-19.98,41.99,6906.9
N20001132,Botanic_L3,belfast|windsor,7.43,9925,7942,-19.98,41.99,6906.9
N20001135,Botanic_R1,belfast|windsor,5.65,9925,7942,-19.98,41.99,6906.9
N20001133,Botanic_L4,belfast|windsor,4.13,9925,7942,-19.98,41.99,6906.9
N20001139,Botanic_R3,belfast|windsor,7.66,9925,7942,-19.98,41.99,6906.9
N20001148,Botanic_R5,belfast|windsor,11.31,9925,7942,-19.98,41.99,6906.9
N20001143,Botanic_R4,belfast|windsor,3.52,9925,7942,-19.98,41.99,6906.9
N20001137,Botanic_R2,belfast|windsor,4.63,9925,7942,-19.98,41.99,6906.9
N20001153,Botanic_Q4,belfast|stranmillis,9.55,7939,6653,-16.2,45.38,1936.4
N20001157,Botanic_Q5,belfast|stranmillis,3.88,7939,6653,-16.2,45.38,1936.4
N20001151,Botanic_Q3,belfast|university,7.59,7830,4726,-39.64,45.94,5447.1
N20001147,Botanic_T4,belfast|ballynafeigh,9.75,6674,5220,-21.79,45.31,9543.2
N20001142,Botanic_Q2,belfast|university,10.45,7830,4726,-39.64,45.94,5447.1
N20001134,Botanic_N5,belfast|university,5.92,7830,4726,-39.64,45.94,5447.1
N20001130,Botanic_N3,belfast|university,2.27,7830,4726,-39.64,45.94,5447.1
N20001136,Botanic_Q1,belfast|university,23.8,7830,4726,-39.64,45.94,5447.1
N20001112,Botanic_H6,belfast|university,4.7,7830,4726,-39.64,45.94,5447.1
N20001107,Botanic_H4,belfast|university,1.7,7830,4726,-39.64,45.94,5447.1
N20001119,Botanic_J3,belfast|university,4.7,7830,4726,-39.64,45.94,5447.1
N20001113,Botanic_J1,belfast|university,2.56,7830,4726,-39.64,45.94,5447.1
N20001120,Botanic_J4,belfast|university,2.32,7830,4726,-39.64,45.94,5447.1
N20001109,Botanic_D4,belfast|university,4.2,7830,4726,-39.64,45.94,5447.1
N20001118,Botanic_N1,belfast|university,3.08,7830,4726,-39.64,45.94,5447.1
N20001114,Botanic_J2,belfast|university,2.84,7830,4726,-39.64,45.94,5447.1
N20001131,Botanic_N4,belfast|university,3.61,7830,4726,-39.64,45.94,5447.1
N20001127,Botanic_N2,belfast|university,5.4,7830,4726,-39.64,45.94,5447.1
N20001121,Botanic_P1,belfast|ormeau,77.23,6710,4698,-29.99,46.4,2813.0
N20000944,Titanic_Y4,belfast|ormeau,2.48,6710,4698,-29.99,46.4,2813.0
N20001024,Lisnasharragh_C1,belfast|ormeau,8.11,6710,4698,-29.99,46.4,2813.0
N20001027,Lisnasharragh_C2,belfast|ormeau,4.01,6710,4698,-29.99,46.4,2813.0
N20001030,Lisnasharragh_C3,belfast|ormeau,5.25,6710,4698,-29.99,46.4,2813.0
N20001035,Lisnasharragh_F1,belfast|ormeau,9.37,6710,4698,-29.99,46.4,2813.0
N20001037,Lisnasharragh_F3,belfast|ormeau,22.63,6710,4698,-29.99,46.4,2813.0
N20001042,Lisnasharragh_F4,belfast|ormeau,26.43,6710,4698,-29.99,46.4,2813.0
N20001155,Botanic_W3,belfast|ballynafeigh,3.03,6674,5220,-21.79,45.31,9543.2
N20001145,Botanic_P2,belfast|ballynafeigh,1.07,6674,5220,-21.79,45.31,9543.2
N20001141,Botanic_T2,belfast|ballynafeigh,2.6,6674,5220,-21.79,45.31,9543.2
N20001138,Botanic_T1,belfast|ballynafeigh,6.82,6674,5220,-21.79,45.31,9543.2
N20001146,Botanic_T3,belfast|ballynafeigh,2.66,6674,5220,-21.79,45.31,9543.2
N20001150,Botanic_W1,belfast|ballynafeigh,2.29,6674,5220,-21.79,45.31,9543.2
N20001154,Botanic_W2,belfast|ballynafeigh,1.46,6674,5220,-21.79,45.31,9543.2
N20001160,Botanic_W5,belfast|ballynafeigh,2.2,6674,5220,-21.79,45.31,9543.2
N20001164,Botanic_W6,belfast|rosetta,7.66,7633,6635,-13.07,43.77,3843.4
N20001062,Lisnasharragh_K4,belfast|rosetta,4.72,7633,6635,-13.07,43.77,3843.4
N20001061,Lisnasharragh_K3,belfast|rosetta,7.18,7633,6635,-13.07,43.77,3843.4
N20001166,Botanic_P5,belfast|ballynafeigh,6.54,6674,5220,-21.79,45.31,9543.2
N20001165,Botanic_P4,belfast|rosetta,4.86,7633,6635,-13.07,43.77,3843.4
N20001159,Botanic_W4,belfast|ballynafeigh,4.1,6674,5220,-21.79,45.31,9543.2
N20001158,Botanic_P3,belfast|ballynafeigh,8.02,6674,5220,-21.79,45.31,9543.2
N20001053,Lisnasharragh_L1,belfast|rosetta,10.78,7633,6635,-13.07,43.77,3843.4
N20001057,Lisnasharragh_K1,belfast|rosetta,18.44,7633,6635,-13.07,43.77,3843.4
N20001063,Lisnasharragh_P2,castlereagh|wynchurch,11.1,3006,2553,-15.07,46.61,5495.2
N20001073,Lisnasharragh_R2,belfast|rosetta,7.41,7633,6635,-13.07,43.77,3843.4
N20001071,Lisnasharragh_R1,castlereagh|wynchurch,5.53,3006,2553,-15.07,46.61,5495.2
N20001072,Lisnasharragh_Q3,belfast|rosetta,9.83,7633,6635,-13.07,43.77,3843.4
N20001070,Lisnasharragh_Q2,belfast|rosetta,19.43,7633,6635,-13.07,43.77,3843.4
N20001066,Lisnasharragh_Q1,belfast|rosetta,9.28,7633,6635,-13.07,43.77,3843.4
N20001175,Botanic_Z1,belfast|stranmillis,8.9,7939,6653,-16.2,45.38,1936.4
N20001174,Botanic_Y5,belfast|stranmillis,10.1,7939,6653,-16.2,45.38,1936.4
N20001173,Botanic_Y4,belfast|stranmillis,6.09,7939,6653,-16.2,45.38,1936.4
N20001170,Botanic_Y2,belfast|stranmillis,6.6,7939,6653,-16.2,45.38,1936.4
N20001064,Lisnasharragh_K5,belfast|rosetta,4.03,7633,6635,-13.07,43.77,3843.4
N20001059,Lisnasharragh_K2,belfast|rosetta,7.95,7633,6635,-13.07,43.77,3843.4
N20001163,Botanic_T5,belfast|rosetta,5.38,7633,6635,-13.07,43.77,3843.4
N20001168,Botanic_Y1,belfast|stranmillis,18.12,7939,6653,-16.2,45.38,1936.4
N20001162,Botanic_X1,belfast|stranmillis,15.88,7939,6653,-16.2,45.38,1936.4
N20001169,Botanic_X3,belfast|stranmillis,17.92,7939,6653,-16.2,45.38,1936.4
N20001171,Botanic_X4,belfast|stranmillis,9.36,7939,6653,-16.2,45.38,1936.4
N20001172,Botanic_Y3,belfast|stranmillis,33.14,7939,6653,-16.2,45.38,1936.4
N20001176,Botanic_Z2,belfast|stranmillis,20.24,7939,6653,-16.2,45.38,1936.4
N20001177,Botanic_Z3,belfast|stranmillis,17.88,7939,6653,-16.2,45.38,1936.4
N20001178,Botanic_Z4,belfast|stranmillis,75.65,7939,6653,-16.2,45.38,1936.4
N20001199,Balmoral_E5,belfast|stranmillis,32.07,7939,6653,-16.2,45.38,1936.4
N20001217,Balmoral_F4,belfast|stranmillis,134.5,7939,6653,-16.2,45.38,1936.4
N20001228,Balmoral_P1,castlereagh|minnowburn,9.81,3349,3609,7.76,44.11,2143.8
N20001224,Balmoral_F5,castlereagh|minnowburn,6.22,3349,3609,7.76,44.11,2143.8
N20001229,Balmoral_P2,castlereagh|minnowburn,10.4,3349,3609,7.76,44.11,2143.8
N20002477,Castlereagh_South_D4,castlereagh|beechill,20.69,4724,5150,9.02,50.41,1348.2
N20001227,Balmoral_K4,castlereagh|minnowburn,5.74,3349,3609,7.76,44.11,2143.8
N20001225,Balmoral_K3,castlereagh|minnowburn,6.41,3349,3609,7.76,44.11,2143.8
N20001222,Balmoral_K1,castlereagh|newtownbreda,4.95,3599,2782,-22.7,45.76,1164.8
N20001223,Balmoral_K2,castlereagh|newtownbreda,13.87,3599,2782,-22.7,45.76,1164.8
N20002474,Castlereagh_South_D2,castlereagh|beechill,25.91,4724,5150,9.02,50.41,1348.2
N20002470,Castlereagh_South_C4,castlereagh|beechill,12.41,4724,5150,9.02,50.41,1348.2
N20002478,Castlereagh_South_D5,castlereagh|beechill,32.68,4724,5150,9.02,50.41,1348.2
N20002473,Castlereagh_South_D1,castlereagh|beechill,13.78,4724,5150,9.02,50.41,1348.2
N20002468,Castlereagh_South_A5,castlereagh|beechill,15.76,4724,5150,9.02,50.41,1348.2
N20002466,Castlereagh_South_C3,castlereagh|beechill,2.91,4724,5150,9.02,50.41,1348.2
N20002461,Castlereagh_South_C1,castlereagh|newtownbreda,30.44,3599,2782,-22.7,45.76,1164.8
N20002462,Castlereagh_South_C2,castlereagh|newtownbreda,9.02,3599,2782,-22.7,45.76,1164.8
N20002463,Castlereagh_South_A4,castlereagh|four winds,12.64,3616,3611,-0.14,49.93,2865.3
N20001200,Balmoral_F3,castlereagh|newtownbreda,135.83,3599,2782,-22.7,45.76,1164.8
N20001187,Balmoral_F1,belfast|rosetta,24.62,7633,6635,-13.07,43.77,3843.4
N20001188,Balmoral_F2,belfast|rosetta,9.47,7633,6635,-13.07,43.77,3843.4
N20001076,Lisnasharragh_R3,belfast|rosetta,15.25,7633,6635,-13.07,43.77,3843.4
N20001078,Lisnasharragh_R5,castlereagh|hillfoot,9.93,3260,3310,1.53,49.52,1312.6
N20002456,Castlereagh_South_A1,castlereagh|newtownbreda,57.61,3599,2782,-22.7,45.76,1164.8
N20001077,Lisnasharragh_R4,castlereagh|hillfoot,44.92,3260,3310,1.53,49.52,1312.6
N20002458,Castlereagh_South_B1,castlereagh|four winds,14.0,3616,3611,-0.14,49.93,2865.3
N20002457,Castlereagh_South_A2,castlereagh|four winds,9.07,3616,3611,-0.14,49.93,2865.3
N20002459,Castlereagh_South_A3,castlereagh|four winds,8.96,3616,3611,-0.14,49.93,2865.3
N20002464,Castlereagh_South_B3,castlereagh|four winds,7.67,3616,3611,-0.14,49.93,2865.3
N20002460,Castlereagh_South_B2,castlereagh|four winds,5.22,3616,3611,-0.14,49.93,2865.3
N20002467,Castlereagh_South_B5,castlereagh|four winds,13.01,3616,3611,-0.14,49.93,2865.3
N20002475,Castlereagh_South_D3,castlereagh|beechill,16.14,4724,5150,9.02,50.41,1348.2
N20002476,Castlereagh_South_E2,castlereagh|carryduff,12.53,3280,3793,15.64,48.46,418.7
N20002472,Castlereagh_South_E1,castlereagh|beechill,12.55,4724,5150,9.02,50.41,1348.2
N20002471,Castlereagh_South_B7,castlereagh|four winds,5.94,3616,3611,-0.14,49.93,2865.3
N20002469,Castlereagh_South_B6,castlereagh|four winds,6.06,3616,3611,-0.14,49.93,2865.3
N20002465,Castlereagh_South_B4,castlereagh|four winds,8.63,3616,3611,-0.14,49.93,2865.3
N20002543,Castlereagh_East_J4,castlereagh|moneyreagh,484.53,2249,2460,9.38,51.26,69.6
N20001067,Lisnasharragh_N5,castlereagh|hillfoot,42.43,3260,3310,1.53,49.52,1312.6
N20001047,Lisnasharragh_G3,castlereagh|upper braniel,12.59,3389,3017,-10.98,49.88,590.2
N20001045,Lisnasharragh_G2,castlereagh|lower braniel,8.33,2923,2545,-12.93,47.74,4567.2
N20001050,Lisnasharragh_N3,castlereagh|hillfoot,13.8,3260,3310,1.53,49.52,1312.6
N20001049,Lisnasharragh_N2,castlereagh|hillfoot,7.4,3260,3310,1.53,49.52,1312.6
N20001052,Lisnasharragh_N4,castlereagh|hillfoot,8.06,3260,3310,1.53,49.52,1312.6
N20001074,Lisnasharragh_N6,castlereagh|hillfoot,99.92,3260,3310,1.53,49.52,1312.6
N20001075,Lisnasharragh_P5,castlereagh|wynchurch,13.26,3006,2553,-15.07,46.61,5495.2
N20001069,Lisnasharragh_P4,castlereagh|wynchurch,8.43,3006,2553,-15.07,46.61,5495.2
N20001065,Lisnasharragh_L3,castlereagh|wynchurch,7.85,3006,2553,-15.07,46.61,5495.2
N20001068,Lisnasharragh_P3,castlereagh|wynchurch,13.93,3006,2553,-15.07,46.61,5495.2
N20001055,Lisnasharragh_H3,castlereagh|cregagh,3.79,3081,2442,-20.74,46.4,7727.3
N20001058,Lisnasharragh_L2,castlereagh|cregagh,6.2,3081,2442,-20.74,46.4,7727.3
N20001044,Lisnasharragh_H2,castlereagh|downshire,10.85,2732,2308,-15.52,45.8,5164.9
N20001046,Lisnasharragh_E3,castlereagh|lisnasharragh,10.9,3805,3085,-18.92,49.5,3047.5
N20001056,Lisnasharragh_P1,castlereagh|downshire,10.41,2732,2308,-15.52,45.8,5164.9
N20001054,Lisnasharragh_J4,castlereagh|downshire,6.28,2732,2308,-15.52,45.8,5164.9
N20001060,Lisnasharragh_J5,castlereagh|lisnasharragh,7.89,3805,3085,-18.92,49.5,3047.5
N20001051,Lisnasharragh_J3,castlereagh|lisnasharragh,10.05,3805,3085,-18.92,49.5,3047.5
N20001048,Lisnasharragh_J2,castlereagh|lisnasharragh,4.38,3805,3085,-18.92,49.5,3047.5
N20001043,Lisnasharragh_J1,castlereagh|lisnasharragh,4.41,3805,3085,-18.92,49.5,3047.5
N20001038,Lisnasharragh_E2,castlereagh|lisnasharragh,57.89,3805,3085,-18.92,49.5,3047.5
N20001041,Lisnasharragh_H1,castlereagh|cregagh,6.55,3081,2442,-20.74,46.4,7727.3
N20001036,Lisnasharragh_F2,belfast|willowfield,6.6,7417,6257,-15.64,46.57,9380.0
N20001028,Lisnasharragh_A4,belfast|orangefield,12.6,7921,6774,-14.48,46.52,4315.8
N20001032,Lisnasharragh_D4,belfast|willowfield,3.06,7417,6257,-15.64,46.57,9380.0
N20001026,Lisnasharragh_D2,belfast|willowfield,4.81,7417,6257,-15.64,46.57,9380.0
N20001029,Lisnasharragh_D3,belfast|willowfield,2.45,7417,6257,-15.64,46.57,9380.0
N20001021,Lisnasharragh_D1,belfast|willowfield,3.56,7417,6257,-15.64,46.57,9380.0
N20000943,Titanic_Z3,belfast|willowfield,2.74,7417,6257,-15.64,46.57,9380.0
N20001019,Lisnasharragh_A2,belfast|orangefield,6.4,7921,6774,-14.48,46.52,4315.8
N20001023,Lisnasharragh_A3,belfast|orangefield,6.17,7921,6774,-14.48,46.52,4315.8
N20001033,Lisnasharragh_E1,belfast|orangefield,8.0,7921,6774,-14.48,46.52,4315.8
N20001025,Lisnasharragh_B4,belfast|orangefield,4.46,7921,6774,-14.48,46.52,4315.8
N20001031,Lisnasharragh_B5,belfast|orangefield,5.0,7921,6774,-14.48,46.52,4315.8
N20001022,Lisnasharragh_B3,belfast|orangefield,7.8,7921,6774,-14.48,46.52,4315.8
N20001020,Lisnasharragh_B2,belfast|orangefield,59.08,7921,6774,-14.48,46.52,4315.8
N20001040,Lisnasharragh_N1,castlereagh|lisnasharragh,10.43,3805,3085,-18.92,49.5,3047.5
N20001034,Lisnasharragh_B6,castlereagh|lisnasharragh,29.52,3805,3085,-18.92,49.5,3047.5
N20001039,Lisnasharragh_G1,castlereagh|lower braniel,13.81,2923,2545,-12.93,47.74,4567.2
N20001014,Ormiston_T2,castlereagh|lower braniel,7.43,2923,2545,-12.93,47.74,4567.2
N20001012,Ormiston_T1,castlereagh|lower braniel,3.21,2923,2545,-12.93,47.74,4567.2
N20001009,Ormiston_Q3,belfast|shandon,15.14,8715,7921,-9.11,47.44,3952.5
N20001000,Ormiston_Q1,belfast|shandon,6.61,8715,7921,-9.11,47.44,3952.5
N20001003,Ormiston_Q2,belfast|shandon,11.02,8715,7921,-9.11,47.44,3952.5
N20001010,Ormiston_R3,belfast|shandon,55.61,8715,7921,-9.11,47.44,3952.5
N20001005,Ormiston_R2,belfast|shandon,16.58,8715,7921,-9.11,47.44,3952.5
N20001001,Ormiston_N4,belfast|shandon,11.53,8715,7921,-9.11,47.44,3952.5
N20000998,Ormiston_P2,castlereagh|gilnahirk,12.35,3216,2825,-12.16,49.03,3023.3
N20001008,Ormiston_P5,castlereagh|gilnahirk,16.0,3216,2825,-12.16,49.03,3023.3
N20001011,Ormiston_S2,castlereagh|upper braniel,10.68,3389,3017,-10.98,49.88,590.2
N20001013,Ormiston_S3,castlereagh|upper braniel,50.2,3389,3017,-10.98,49.88,590.2
N20001015,Ormiston_T3,castlereagh|upper braniel,16.78,3389,3017,-10.98,49.88,590.2
N20001016,Ormiston_T4,castlereagh|upper braniel,80.89,3389,3017,-10.98,49.88,590.2
N20001007,Ormiston_S1,castlereagh|ballyhanwood,49.04,3137,3564,13.61,48.63,394.8
N20001006,Ormiston_P4,castlereagh|gilnahirk,25.4,3216,2825,-12.16,49.03,3023.3
N20001002,Ormiston_P3,castlereagh|gilnahirk,7.68,3216,2825,-12.16,49.03,3023.3
N20001004,Ormiston_L5,castlereagh|tullycarnet,6.93,3524,3115,-11.61,49.28,6964.3
N20000999,Ormiston_L4,castlereagh|tullycarnet,8.29,3524,3115,-11.61,49.28,6964.3
N20002531,Castlereagh_East_G1,castlereagh|ballyhanwood,39.01,3137,3564,13.61,48.63,394.8
N20002534,Castlereagh_East_G3,castlereagh|ballyhanwood,16.18,3137,3564,13.61,48.63,394.8
N20002537,Castlereagh_East_G5,castlereagh|ballyhanwood,15.61,3137,3564,13.61,48.63,394.8
N20002536,Castlereagh_East_G4,castlereagh|ballyhanwood,12.61,3137,3564,13.61,48.63,394.8
N20002532,Castlereagh_East_G2,castlereagh|ballyhanwood,16.2,3137,3564,13.61,48.63,394.8
N20002535,Castlereagh_East_H4,castlereagh|ballyhanwood,7.21,3137,3564,13.61,48.63,394.8
N20002533,Castlereagh_East_H3,castlereagh|enler,15.18,3848,3224,-16.22,48.79,1337.4
N20002528,Castlereagh_East_H2,castlereagh|carrowreagh,12.55,3732,4383,17.44,47.82,1177.0
N20002538,Castlereagh_East_H5,castlereagh|enler,24.85,3848,3224,-16.22,48.79,1337.4
N20002539,Castlereagh_East_H6,castlereagh|enler,8.88,3848,3224,-16.22,48.79,1337.4
N20002541,Castlereagh_East_J2,castlereagh|ballyhanwood,1090.43,3137,3564,13.61,48.63,394.8
N20002540,Castlereagh_East_J1,castlereagh|upper braniel,824.7,3389,3017,-10.98,49.88,590.2
N20002542,Castlereagh_East_J3,castlereagh|moneyreagh,10.28,2249,2460,9.38,51.26,69.6
N20002547,Castlereagh_East_J5,castlereagh|moneyreagh,1225.08,2249,2460,9.38,51.26,69.6
N20002544,Castlereagh_East_K1,castlereagh|moneyreagh,7.59,2249,2460,9.38,51.26,69.6
N20002545,Castlereagh_East_K2,castlereagh|moneyreagh,12.44,2249,2460,9.38,51.26,69.6
N20002546,Castlereagh_East_K3,castlereagh|moneyreagh,62.05,2249,2460,9.38,51.26,69.6
N20003456,Comber_E2,ards|ballygowan,1165.86,2671,3226,20.78,49.94,72.0
N20003461,Comber_E3,ards|ballygowan,647.3,2671,3226,20.78,49.94,72.0
N20002492,Castlereagh_South_H1,castlereagh|carryduff,5.76,3280,3793,15.64,48.46,418.7
N20002496,Castlereagh_South_H4,castlereagh|carryduff,13.84,3280,3793,15.64,48.46,418.7
N20002497,Castlereagh_South_H5,castlereagh|carryduff,6.31,3280,3793,15.64,48.46,418.7
N20002495,Castlereagh_South_G4,castlereagh|carryduff,16.98,3280,3793,15.64,48.46,418.7
N20002491,Castlereagh_South_G3,castlereagh|carryduff,15.19,3280,3793,15.64,48.46,418.7
N20002494,Castlereagh_South_H3,castlereagh|carryduff,7.66,3280,3793,15.64,48.46,418.7
N20002493,Castlereagh_South_H2,castlereagh|carryduff,7.75,3280,3793,15.64,48.46,418.7
N20002490,Castlereagh_South_G2,castlereagh|carryduff,22.6,3280,3793,15.64,48.46,418.7
N20002489,Castlereagh_South_G1,castlereagh|carryduff,6.44,3280,3793,15.64,48.46,418.7
N20002487,Castlereagh_South_J3,castlereagh|carryduff,15.59,3280,3793,15.64,48.46,418.7
N20002486,Castlereagh_South_J2,castlereagh|carryduff,7.01,3280,3793,15.64,48.46,418.7
N20002488,Castlereagh_South_J4,castlereagh|carryduff,43.29,3280,3793,15.64,48.46,418.7
N20002483,Castlereagh_South_E6,castlereagh|carryduff,240.57,3280,3793,15.64,48.46,418.7
N20002480,Castlereagh_South_E4,castlereagh|carryduff,9.78,3280,3793,15.64,48.46,418.7
N20002482,Castlereagh_South_E5,castlereagh|carryduff,38.56,3280,3793,15.64,48.46,418.7
N20002479,Castlereagh_South_E3,castlereagh|beechill,6.74,4724,5150,9.02,50.41,1348.2
N20002485,Castlereagh_South_J1,castlereagh|carryduff,15.92,3280,3793,15.64,48.46,418.7
N20002484,Castlereagh_South_F2,castlereagh|carryduff,546.94,3280,3793,15.64,48.46,418.7
N20002481,Castlereagh_South_F1,castlereagh|beechill,12.08,4724,5150,9.02,50.41,1348.2
N20001232,Balmoral_P3,castlereagh|minnowburn,38.61,3349,3609,7.76,44.11,2143.8
N20002425,Downshire_East_A2,lisburn|drumbo,536.44,2220,2566,15.59,49.69,114.1
N20002430,Downshire_East_A5,lisburn|drumbo,520.75,2220,2566,15.59,49.69,114.1
N20002434,Downshire_East_A7,lisburn|drumbo,117.76,2220,2566,15.59,49.69,114.1
N20002433,Downshire_East_A6,lisburn|ballymacbrennan,601.47,2128,2204,3.57,49.91,38.2
N20002426,Downshire_East_A3,lisburn|drumbo,308.58,2220,2566,15.59,49.69,114.1
N20002435,Downshire_East_C1,lisburn|hillhall,24.7,2851,3752,31.6,47.76,372.0
N20002432,Downshire_East_B4,lisburn|hillhall,10.09,2851,3752,31.6,47.76,372.0
N20002429,Downshire_East_B2,lisburn|hillhall,5.02,2851,3752,31.6,47.76,372.0
N20002431,Downshire_East_B3,lisburn|hillhall,4.67,2851,3752,31.6,47.76,372.0
N20002428,Downshire_East_B1,lisburn|hillhall,10.67,2851,3752,31.6,47.76,372.0
N20002420,Lisburn_North_K3,lisburn|hilden,19.1,3546,2520,-28.93,49.4,4111.3
N20002415,Lisburn_North_J5,lisburn|hilden,6.28,3546,2520,-28.93,49.4,4111.3
N20002414,Lisburn_North_J4,lisburn|hilden,11.64,3546,2520,-28.93,49.4,4111.3
N20002411,Lisburn_North_J3,lisburn|lambeg,24.49,3008,3804,26.46,47.84,1984.6
N20002409,Lisburn_North_J2,lisburn|lambeg,18.7,3008,3804,26.46,47.84,1984.6
N20002407,Lisburn_North_J1,lisburn|lambeg,4.15,3008,3804,26.46,47.84,1984.6
N20002403,Lisburn_North_D4,lisburn|hillhall,242.22,2851,3752,31.6,47.76,372.0
N20002427,Downshire_East_A4,lisburn|hillhall,319.18,2851,3752,31.6,47.76,372.0
N20002396,Lisburn_North_F3,lisburn|lambeg,12.18,3008,3804,26.46,47.84,1984.6
N20002397,Lisburn_North_F4,lisburn|lambeg,14.85,3008,3804,26.46,47.84,1984.6
N20002389,Lisburn_North_D3,lisburn|lambeg,59.76,3008,3804,26.46,47.84,1984.6
N20002383,Lisburn_North_A3,lisburn|derryaghy,6.75,3308,2655,-19.74,47.23,1363.6
N20002387,Lisburn_North_C4,lisburn|derryaghy,8.82,3308,2655,-19.74,47.23,1363.6
N20002385,Lisburn_North_D2,lisburn|derryaghy,15.82,3308,2655,-19.74,47.23,1363.6
N20002379,Lisburn_North_A2,lisburn|seymour hill,15.44,4097,3438,-16.08,47.82,4170.1
N20002376,Lisburn_North_A1,lisburn|seymour hill,11.85,4097,3438,-16.08,47.82,4170.1
N20001294,Collin_R4,lisburn|dunmurry,4.6,3129,3061,-2.17,47.27,1607.1
N20002380,Lisburn_North_C1,lisburn|seymour hill,6.86,4097,3438,-16.08,47.82,4170.1
N20002382,Lisburn_North_C2,lisburn|seymour hill,10.75,4097,3438,-16.08,47.82,4170.1
N20002386,Lisburn_North_C3,lisburn|hillhall,113.69,2851,3752,31.6,47.76,372.0
N20002388,Lisburn_North_C5,lisburn|seymour hill,11.26,4097,3438,-16.08,47.82,4170.1
N20001296,Collin_R5,lisburn|dunmurry,29.43,3129,3061,-2.17,47.27,1607.1
N20001233,Balmoral_N4,belfast|upper malone,284.21,7920,6980,-11.87,47.29,1400.0
N20002424,Downshire_East_A1,lisburn|drumbo,148.08,2220,2566,15.59,49.69,114.1
N20001234,Balmoral_P4,lisburn|drumbo,111.31,2220,2566,15.59,49.69,114.1
N20001218,Balmoral_L1,belfast|upper malone,61.27,7920,6980,-11.87,47.29,1400.0
N20001214,Balmoral_J3,belfast|upper malone,6.1,7920,6980,-11.87,47.29,1400.0
N20001231,Balmoral_L4,lisburn|drumbo,187.6,2220,2566,15.59,49.69,114.1
N20001226,Balmoral_L2,belfast|upper malone,19.42,7920,6980,-11.87,47.29,1400.0
N20001230,Balmoral_L3,belfast|upper malone,22.67,7920,6980,-11.87,47.29,1400.0
N20001220,Balmoral_N2,belfast|upper malone,7.07,7920,6980,-11.87,47.29,1400.0
N20001215,Balmoral_N1,belfast|upper malone,17.12,7920,6980,-11.87,47.29,1400.0
N20001213,Balmoral_G5,belfast|upper malone,5.13,7920,6980,-11.87,47.29,1400.0
N20001221,Balmoral_N3,belfast|upper malone,7.88,7920,6980,-11.87,47.29,1400.0
N20001219,Balmoral_J5,belfast|upper malone,8.06,7920,6980,-11.87,47.29,1400.0
N20001216,Balmoral_J4,belfast|upper malone,5.39,7920,6980,-11.87,47.29,1400.0
N20001208,Balmoral_J1,belfast|upper malone,8.13,7920,6980,-11.87,47.29,1400.0
N20001211,Balmoral_J2,belfast|upper malone,7.48,7920,6980,-11.87,47.29,1400.0
N20001201,Balmoral_C3,belfast|finaghy,8.74,7376,7184,-2.6,43.83,2653.6
N20001203,Balmoral_G1,belfast|finaghy,6.1,7376,7184,-2.6,43.83,2653.6
N20001210,Balmoral_G4,belfast|finaghy,6.33,7376,7184,-2.6,43.83,2653.6
N20001206,Balmoral_G3,belfast|finaghy,1.01,7376,7184,-2.6,43.83,2653.6
N20001209,Balmoral_H3,belfast|finaghy,6.24,7376,7184,-2.6,43.83,2653.6
N20001202,Balmoral_H1,belfast|finaghy,7.76,7376,7184,-2.6,43.83,2653.6
N20001204,Balmoral_H2,belfast|finaghy,7.98,7376,7184,-2.6,43.83,2653.6
N20001205,Balmoral_G2,belfast|finaghy,11.31,7376,7184,-2.6,43.83,2653.6
N20001195,Balmoral_D3,belfast|finaghy,13.36,7376,7184,-2.6,43.83,2653.6
N20001190,Balmoral_D1,belfast|finaghy,11.6,7376,7184,-2.6,43.83,2653.6
N20001192,Balmoral_D2,belfast|finaghy,11.84,7376,7184,-2.6,43.83,2653.6
N20001194,Balmoral_C2,belfast|malone,46.42,6775,6427,-5.14,43.78,2680.7
N20001191,Balmoral_C1,belfast|malone,18.01,6775,6427,-5.14,43.78,2680.7
N20001189,Balmoral_E1,belfast|malone,16.4,6775,6427,-5.14,43.78,2680.7
N20001207,Balmoral_C4,belfast|upper malone,4.1,7920,6980,-11.87,47.29,1400.0
N20001198,Balmoral_E4,belfast|malone,24.89,6775,6427,-5.14,43.78,2680.7
N20001196,Balmoral_E3,belfast|malone,12.2,6775,6427,-5.14,43.78,2680.7
N20001193,Balmoral_E2,belfast|malone,13.21,6775,6427,-5.14,43.78,2680.7
N20001185,Balmoral_A6,belfast|malone,27.98,6775,6427,-5.14,43.78,2680.7
N20001182,Balmoral_A4,belfast|malone,11.43,6775,6427,-5.14,43.78,2680.7
N20001186,Balmoral_B2,belfast|malone,17.3,6775,6427,-5.14,43.78,2680.7
N20001183,Balmoral_A5,belfast|malone,14.37,6775,6427,-5.14,43.78,2680.7
N20001181,Balmoral_A3,belfast|malone,3.31,6775,6427,-5.14,43.78,2680.7
N20001161,Botanic_U3,belfast|malone,4.42,6775,6427,-5.14,43.78,2680.7
N20001179,Balmoral_A1,belfast|malone,2.58,6775,6427,-5.14,43.78,2680.7
N20001180,Balmoral_A2,belfast|malone,7.11,6775,6427,-5.14,43.78,2680.7
N20001167,Botanic_X2,belfast|malone,24.1,6775,6427,-5.14,43.78,2680.7
N20001156,Botanic_S4,belfast|windsor,13.14,9925,7942,-19.98,41.99,6906.9
N20001152,Botanic_S3,belfast|windsor,2.87,9925,7942,-19.98,41.99,6906.9
N20001140,Botanic_S1,belfast|windsor,5.47,9925,7942,-19.98,41.99,6906.9
N20001144,Botanic_S2,belfast|windsor,3.09,9925,7942,-19.98,41.99,6906.9
N20001126,Botanic_K3,belfast|donegall,4.68,7789,6203,-20.36,47.53,3100.3
N20001125,Botanic_K2,belfast|windsor,3.32,9925,7942,-19.98,41.99,6906.9
N20001115,Botanic_K1,belfast|windsor,3.18,9925,7942,-19.98,41.99,6906.9
N20001106,Botanic_E4,belfast|donegall,5.33,7789,6203,-20.36,47.53,3100.3
N20001116,Botanic_G3,belfast|donegall,3.5,7789,6203,-20.36,47.53,3100.3
N20001111,Botanic_G2,belfast|donegall,2.66,7789,6203,-20.36,47.53,3100.3
N20001117,Botanic_G4,belfast|donegall,2.7,7789,6203,-20.36,47.53,3100.3
N20001128,Botanic_U1,belfast|donegall,1.92,7789,6203,-20.36,47.53,3100.3
N20001129,Botanic_K4,belfast|donegall,3.7,7789,6203,-20.36,47.53,3100.3
N20001149,Botanic_U2,belfast|donegall,149.08,7789,6203,-20.36,47.53,3100.3
N20001336,Black_Mountain_J6,belfast|milltown,96.3,9864,7220,-26.8,47.94,3918.4
N20001329,Black_Mountain_G2,belfast|milltown,3.76,9864,7220,-26.8,47.94,3918.4
N20001330,Black_Mountain_G3,belfast|milltown,5.25,9864,7220,-26.8,47.94,3918.4
N20001327,Black_Mountain_G1,belfast|milltown,5.31,9864,7220,-26.8,47.94,3918.4
N20001326,Black_Mountain_F4,belfast|milltown,9.02,9864,7220,-26.8,47.94,3918.4
N20001331,Black_Mountain_G4,belfast|milltown,8.61,9864,7220,-26.8,47.94,3918.4
N20001337,Black_Mountain_H3,belfast|andersonstown,7.74,8433,6422,-23.85,48.22,2723.2
N20001334,Black_Mountain_G6,belfast|milltown,8.87,9864,7220,-26.8,47.94,3918.4
N20001333,Black_Mountain_G5,belfast|milltown,6.17,9864,7220,-26.8,47.94,3918.4
N20001340,Black_Mountain_H4,belfast|milltown,11.79,9864,7220,-26.8,47.94,3918.4
N20001345,Black_Mountain_L2,belfast|andersonstown,9.68,8433,6422,-23.85,48.22,2723.2
N20001354,Black_Mountain_L4,belfast|andersonstown,7.34,8433,6422,-23.85,48.22,2723.2
N20001361,Black_Mountain_R2,belfast|andersonstown,18.24,8433,6422,-23.85,48.22,2723.2
N20001350,Black_Mountain_R1,belfast|andersonstown,7.69,8433,6422,-23.85,48.22,2723.2
N20001347,Black_Mountain_H5,belfast|andersonstown,5.97,8433,6422,-23.85,48.22,2723.2
N20001184,Balmoral_B1,belfast|finaghy,84.27,7376,7184,-2.6,43.83,2653.6
N20001364,Black_Mountain_R3,belfast|ladybrook,11.49,11044,9981,-9.63,49.5,5277.9
N20001368,Black_Mountain_R6,belfast|ladybrook,4.03,11044,9981,-9.63,49.5,5277.9
N20001245,Collin_A4,belfast|ladybrook,8.81,11044,9981,-9.63,49.5,5277.9
N20001366,Black_Mountain_R4,belfast|ladybrook,6.28,11044,9981,-9.63,49.5,5277.9
N20001367,Black_Mountain_R5,belfast|ladybrook,10.42,11044,9981,-9.63,49.5,5277.9
N20001238,Collin_A3,belfast|ladybrook,18.84,11044,9981,-9.63,49.5,5277.9
N20001244,Collin_D2,belfast|ladybrook,13.14,11044,9981,-9.63,49.5,5277.9
N20001237,Collin_D1,belfast|ladybrook,7.05,11044,9981,-9.63,49.5,5277.9
N20001240,Collin_C1,belfast|ladybrook,8.62,11044,9981,-9.63,49.5,5277.9
N20001235,Collin_A1,belfast|ladybrook,4.02,11044,9981,-9.63,49.5,5277.9
N20001236,Collin_A2,belfast|suffolk,11.66,11031,9256,-16.09,49.14,1500.8
N20001362,Black_Mountain_Q2,belfast|suffolk,5.87,11031,9256,-16.09,49.14,1500.8
N20001356,Black_Mountain_Q1,belfast|suffolk,16.12,11031,9256,-16.09,49.14,1500.8
N20001348,Black_Mountain_N3,belfast|suffolk,7.1,11031,9256,-16.09,49.14,1500.8
N20001353,Black_Mountain_N5,belfast|suffolk,4.28,11031,9256,-16.09,49.14,1500.8
N20001349,Black_Mountain_N4,belfast|suffolk,5.4,11031,9256,-16.09,49.14,1500.8
N20001355,Black_Mountain_N6,belfast|suffolk,6.41,11031,9256,-16.09,49.14,1500.8
N20001357,Black_Mountain_L5,belfast|andersonstown,7.29,8433,6422,-23.85,48.22,2723.2
N20001352,Black_Mountain_L3,belfast|andersonstown,10.37,8433,6422,-23.85,48.22,2723.2
N20001342,Black_Mountain_L1,belfast|andersonstown,9.86,8433,6422,-23.85,48.22,2723.2
N20001343,Black_Mountain_N1,belfast|suffolk,8.67,11031,9256,-16.09,49.14,1500.8
N20001339,Black_Mountain_K4,belfast|andersonstown,14.13,8433,6422,-23.85,48.22,2723.2
N20001335,Black_Mountain_K2,belfast|andersonstown,3.39,8433,6422,-23.85,48.22,2723.2
N20001328,Black_Mountain_H2,belfast|andersonstown,49.68,8433,6422,-23.85,48.22,2723.2
N20001332,Black_Mountain_K1,belfast|andersonstown,25.92,8433,6422,-23.85,48.22,2723.2
N20001338,Black_Mountain_K3,belfast|suffolk,30.69,11031,9256,-16.09,49.14,1500.8
N20001344,Black_Mountain_N2,belfast|suffolk,4.5,11031,9256,-16.09,49.14,1500.8
N20001341,Black_Mountain_D3,belfast|suffolk,6.55,11031,9256,-16.09,49.14,1500.8
N20001346,Black_Mountain_P1,belfast|suffolk,8.45,11031,9256,-16.09,49.14,1500.8
N20001351,Black_Mountain_D4,belfast|suffolk,11.69,11031,9256,-16.09,49.14,1500.8
N20001360,Black_Mountain_P4,belfast|suffolk,17.59,11031,9256,-16.09,49.14,1500.8
N20001358,Black_Mountain_P2,belfast|suffolk,9.94,11031,9256,-16.09,49.14,1500.8
N20001363,Black_Mountain_Q3,belfast|suffolk,7.04,11031,9256,-16.09,49.14,1500.8
N20001359,Black_Mountain_P3,belfast|suffolk,9.48,11031,9256,-16.09,49.14,1500.8
N20001365,Black_Mountain_P5,belfast|suffolk,5.28,11031,9256,-16.09,49.14,1500.8
N20001242,Collin_C2,belfast|ladybrook,9.98,11044,9981,-9.63,49.5,5277.9
N20001246,Collin_F1,lisburn|collin,24.43,2970,8542,187.61,49.1,994.6
N20001248,Collin_E3,lisburn|collin,9.55,2970,8542,187.61,49.1,994.6
N20001243,Collin_E2,lisburn|collin,9.46,2970,8542,187.61,49.1,994.6
N20001241,Collin_E1,lisburn|collin,11.49,2970,8542,187.61,49.1,994.6
N20001252,Collin_E4,lisburn|collin,8.16,2970,8542,187.61,49.1,994.6
N20001256,Collin_G1,lisburn|collin,14.82,2970,8542,187.61,49.1,994.6
N20001255,Collin_B2,lisburn|collin,23.64,2970,8542,187.61,49.1,994.6
N20001262,Collin_G3,lisburn|collin,7.02,2970,8542,187.61,49.1,994.6
N20001266,Collin_G5,lisburn|collin,11.61,2970,8542,187.61,49.1,994.6
N20001263,Collin_G4,lisburn|collin,12.59,2970,8542,187.61,49.1,994.6
N20001257,Collin_G2,lisburn|collin,6.8,2970,8542,187.61,49.1,994.6
N20001259,Collin_K1,lisburn|collin,24.33,2970,8542,187.61,49.1,994.6
N20001265,Collin_H3,lisburn|collin,20.57,2970,8542,187.61,49.1,994.6
N20001254,Collin_F3,belfast|ladybrook,19.66,11044,9981,-9.63,49.5,5277.9
N20001250,Collin_F2,lisburn|collin,5.26,2970,8542,187.61,49.1,994.6
N20001249,Collin_C3,belfast|ladybrook,11.68,11044,9981,-9.63,49.5,5277.9
N20001251,Collin_D4,belfast|ladybrook,8.48,11044,9981,-9.63,49.5,5277.9
N20001247,Collin_D3,belfast|ladybrook,11.74,11044,9981,-9.63,49.5,5277.9
N20001253,Collin_J1,belfast|ladybrook,26.75,11044,9981,-9.63,49.5,5277.9
N20001197,Balmoral_D4,belfast|finaghy,14.18,7376,7184,-2.6,43.83,2653.6
N20001212,Balmoral_H4,belfast|finaghy,13.34,7376,7184,-2.6,43.83,2653.6
N20001260,Collin_J2,lisburn|dunmurry,12.08,3129,3061,-2.17,47.27,1607.1
N20001264,Collin_H2,lisburn|dunmurry,21.1,3129,3061,-2.17,47.27,1607.1
N20001258,Collin_H1,lisburn|dunmurry,47.81,3129,3061,-2.17,47.27,1607.1
N20001271,Collin_H4,lisburn|dunmurry,18.1,3129,3061,-2.17,47.27,1607.1
N20001281,Collin_R1,lisburn|dunmurry,4.54,3129,3061,-2.17,47.27,1607.1
N20001280,Collin_J4,lisburn|dunmurry,7.44,3129,3061,-2.17,47.27,1607.1
N20001275,Collin_J3,lisburn|dunmurry,31.71,3129,3061,-2.17,47.27,1607.1
N20001292,Collin_R3,lisburn|dunmurry,8.51,3129,3061,-2.17,47.27,1607.1
N20001289,Collin_R2,lisburn|dunmurry,16.17,3129,3061,-2.17,47.27,1607.1
N20001293,Collin_P6,lisburn|collin,8.87,2970,8542,187.61,49.1,994.6
N20001288,Collin_P5,lisburn|collin,8.4,2970,8542,187.61,49.1,994.6
N20001285,Collin_P3,lisburn|collin,12.37,2970,8542,187.61,49.1,994.6
N20001274,Collin_P1,lisburn|collin,10.79,2970,8542,187.61,49.1,994.6
N20001270,Collin_K3,lisburn|collin,8.7,2970,8542,187.61,49.1,994.6
N20001283,Collin_P2,lisburn|collin,21.51,2970,8542,187.61,49.1,994.6
N20001276,Collin_K4,lisburn|collin,6.57,2970,8542,187.61,49.1,994.6
N20001269,Collin_K2,lisburn|collin,13.53,2970,8542,187.61,49.1,994.6
N20001277,Collin_N2,lisburn|collin,10.69,2970,8542,187.61,49.1,994.6
N20001290,Collin_Q3,lisburn|collin,23.3,2970,8542,187.61,49.1,994.6
N20001286,Collin_P4,lisburn|collin,5.64,2970,8542,187.61,49.1,994.6
N20001287,Collin_Q2,lisburn|collin,5.4,2970,8542,187.61,49.1,994.6
N20001295,Collin_Q4,lisburn|collin,6.81,2970,8542,187.61,49.1,994.6
N20001291,Collin_N4,lisburn|collin,25.67,2970,8542,187.61,49.1,994.6
N20001282,Collin_Q1,lisburn|collin,7.61,2970,8542,187.61,49.1,994.6
N20001284,Collin_N3,lisburn|collin,15.12,2970,8542,187.61,49.1,994.6
N20001272,Collin_N1,lisburn|collin,14.09,2970,8542,187.61,49.1,994.6
N20001268,Collin_B4,lisburn|collin,11.92,2970,8542,187.61,49.1,994.6
N20001278,Collin_L3,lisburn|collin,13.74,2970,8542,187.61,49.1,994.6
N20001273,Collin_L2,lisburn|collin,5.34,2970,8542,187.61,49.1,994.6
N20001279,Collin_L4,lisburn|collin,13.31,2970,8542,187.61,49.1,994.6
N20001267,Collin_L1,lisburn|collin,49.32,2970,8542,187.61,49.1,994.6
N20001261,Collin_B3,lisburn|collin,19.13,2970,8542,187.61,49.1,994.6
N20001239,Collin_B1,lisburn|collin,190.78,2970,8542,187.61,49.1,994.6
N20002296,Killultagh_B3,lisburn|tullyrusk,527.31,2319,3872,66.97,49.64,64.7
N20002297,Killultagh_B4,lisburn|tullyrusk,1435.84,2319,3872,66.97,49.64,64.7
N20002301,Killultagh_G1,lisburn|magheragall,498.99,2467,2499,1.3,51.02,45.7
N20002311,Killultagh_G3,lisburn|magheragall,871.78,2467,2499,1.3,51.02,45.7
N20002309,Killultagh_E2,lisburn|tullyrusk,27.65,2319,3872,66.97,49.64,64.7
N20002314,Killultagh_E5,lisburn|tullyrusk,3.5,2319,3872,66.97,49.64,64.7
N20002316,Killultagh_E7,lisburn|tullyrusk,5.32,2319,3872,66.97,49.64,64.7
N20002313,Killultagh_E4,lisburn|tullyrusk,7.73,2319,3872,66.97,49.64,64.7
N20002315,Killultagh_E6,lisburn|tullyrusk,6.11,2319,3872,66.97,49.64,64.7
N20002377,Lisburn_North_B1,lisburn|collin,16.03,2970,8542,187.61,49.1,994.6
N20002378,Lisburn_North_D1,lisburn|derryaghy,291.38,3308,2655,-19.74,47.23,1363.6
N20002381,Lisburn_North_B2,lisburn|derryaghy,12.0,3308,2655,-19.74,47.23,1363.6
N20002384,Lisburn_North_B3,lisburn|derryaghy,7.43,3308,2655,-19.74,47.23,1363.6
N20002392,Lisburn_North_E3,lisburn|magheralave,43.5,4619,7857,70.1,58.7,2849.9
N20002390,Lisburn_North_E1,lisburn|lambeg,12.81,3008,3804,26.46,47.84,1984.6
N20002393,Lisburn_North_F1,lisburn|lambeg,16.12,3008,3804,26.46,47.84,1984.6
N20002391,Lisburn_North_E2,lisburn|lambeg,4.11,3008,3804,26.46,47.84,1984.6
N20002394,Lisburn_North_F2,lisburn|magheralave,7.9,4619,7857,70.1,58.7,2849.9
N20002398,Lisburn_North_F5,lisburn|magheralave,8.01,4619,7857,70.1,58.7,2849.9
N20002400,Lisburn_North_F6,lisburn|magheralave,4.98,4619,7857,70.1,58.7,2849.9
N20002399,Lisburn_North_G1,lisburn|magheralave,20.25,4619,7857,70.1,58.7,2849.9
N20002395,Lisburn_North_E4,lisburn|magheralave,5.77,4619,7857,70.1,58.7,2849.9
N20002326,Lisburn_South_A1,lisburn|lisnagarvy,10.61,4574,7294,59.47,48.19,2193.5
N20002310,Killultagh_D4,lisburn|lisnagarvy,26.9,4574,7294,59.47,48.19,2193.5
N20002307,Killultagh_D3,lisburn|lisnagarvy,8.47,4574,7294,59.47,48.19,2193.5
N20002305,Killultagh_D1,lisburn|lisnagarvy,24.13,4574,7294,59.47,48.19,2193.5
N20002308,Killultagh_E1,lisburn|tullyrusk,6.06,2319,3872,66.97,49.64,64.7
N20002306,Killultagh_D2,lisburn|tullyrusk,15.72,2319,3872,66.97,49.64,64.7
N20002327,Lisburn_South_A2,lisburn|lisnagarvy,12.84,4574,7294,59.47,48.19,2193.5
N20002312,Killultagh_E3,lisburn|tullyrusk,11.28,2319,3872,66.97,49.64,64.7
N20002328,Lisburn_South_A3,lisburn|tullyrusk,11.37,2319,3872,66.97,49.64,64.7
N20002332,Lisburn_South_B2,lisburn|tullyrusk,13.48,2319,3872,66.97,49.64,64.7
N20002340,Lisburn_South_D1,lisburn|tullyrusk,5.79,2319,3872,66.97,49.64,64.7
N20002345,Lisburn_South_D3,lisburn|tullyrusk,8.08,2319,3872,66.97,49.64,64.7
N20002337,Lisburn_South_C4,lisburn|lisnagarvy,25.94,4574,7294,59.47,48.19,2193.5
N20002338,Lisburn_South_C5,lisburn|lisnagarvy,8.24,4574,7294,59.47,48.19,2193.5
N20002339,Lisburn_South_C6,lisburn|lisnagarvy,7.58,4574,7294,59.47,48.19,2193.5
N20002343,Lisburn_South_C7,lisburn|lisnagarvy,6.36,4574,7294,59.47,48.19,2193.5
N20002416,Lisburn_North_G5,lisburn|lisnagarvy,12.41,4574,7294,59.47,48.19,2193.5
N20002333,Lisburn_South_C3,lisburn|lisnagarvy,10.04,4574,7294,59.47,48.19,2193.5
N20002330,Lisburn_South_C1,lisburn|lisnagarvy,16.23,4574,7294,59.47,48.19,2193.5
N20002331,Lisburn_South_C2,lisburn|lisnagarvy,5.02,4574,7294,59.47,48.19,2193.5
N20002404,Lisburn_North_G2,lisburn|lisnagarvy,68.94,4574,7294,59.47,48.19,2193.5
N20002402,Lisburn_North_F7,lisburn|magheralave,6.37,4619,7857,70.1,58.7,2849.9
N20002401,Lisburn_North_H1,lisburn|magheralave,12.41,4619,7857,70.1,58.7,2849.9
N20002405,Lisburn_North_H2,lisburn|magheralave,9.42,4619,7857,70.1,58.7,2849.9
N20002406,Lisburn_North_H3,lisburn|lambeg,27.35,3008,3804,26.46,47.84,1984.6
N20002408,Lisburn_North_G3,lisburn|magheralave,13.58,4619,7857,70.1,58.7,2849.9
N20002410,Lisburn_North_H4,lisburn|magheralave,11.83,4619,7857,70.1,58.7,2849.9
N20002413,Lisburn_North_H5,lisburn|magheralave,36.09,4619,7857,70.1,58.7,2849.9
N20002412,Lisburn_North_G4,lisburn|lisnagarvy,18.08,4574,7294,59.47,48.19,2193.5
N20002417,Lisburn_North_G6,lisburn|magheralave,17.64,4619,7857,70.1,58.7,2849.9
N20002418,Lisburn_North_K1,lisburn|hilden,6.27,3546,2520,-28.93,49.4,4111.3
N20002419,Lisburn_North_K2,lisburn|tonagh,11.17,3044,2682,-11.89,45.15,4673.1
N20002421,Lisburn_North_K4,lisburn|tonagh,21.27,3044,2682,-11.89,45.15,4673.1
N20002252,Downshire_West_A1,lisburn|blaris,8.36,2562,2448,-4.45,48.33,401.4
N20002253,Downshire_West_A2,lisburn|blaris,10.43,2562,2448,-4.45,48.33,401.4
N20002423,Lisburn_North_K6,lisburn|lagan valley,19.33,3366,2429,-27.84,48.17,2177.0
N20002422,Lisburn_North_K5,lisburn|tonagh,23.61,3044,2682,-11.89,45.15,4673.1
N20002356,Lisburn_South_J1,lisburn|tonagh,10.54,3044,2682,-11.89,45.15,4673.1
N20002366,Lisburn_South_J2,lisburn|lagan valley,24.84,3366,2429,-27.84,48.17,2177.0
N20002363,Lisburn_South_H6,lisburn|old warren,8.28,3986,4230,6.12,48.49,6834.7
N20002362,Lisburn_South_H5,lisburn|knockmore,21.86,3948,3566,-9.68,49.38,831.2
N20002359,Lisburn_South_H4,lisburn|tonagh,3.57,3044,2682,-11.89,45.15,4673.1
N20002357,Lisburn_South_H3,lisburn|tonagh,7.69,3044,2682,-11.89,45.15,4673.1
N20002355,Lisburn_South_H2,lisburn|tonagh,8.03,3044,2682,-11.89,45.15,4673.1
N20002352,Lisburn_South_F3,lisburn|lisnagarvy,20.73,4574,7294,59.47,48.19,2193.5
N20002346,Lisburn_South_F1,lisburn|lisnagarvy,7.29,4574,7294,59.47,48.19,2193.5
N20002350,Lisburn_South_F2,lisburn|lisnagarvy,10.61,4574,7294,59.47,48.19,2193.5
N20002354,Lisburn_South_H1,lisburn|lisnagarvy,7.49,4574,7294,59.47,48.19,2193.5
N20002348,Lisburn_South_D5,lisburn|knockmore,10.23,3948,3566,-9.68,49.38,831.2
N20002358,Lisburn_South_E5,lisburn|knockmore,15.12,3948,3566,-9.68,49.38,831.2
N20002361,Lisburn_South_G3,lisburn|knockmore,3.78,3948,3566,-9.68,49.38,831.2
N20002365,Lisburn_South_K1,lisburn|knockmore,7.5,3948,3566,-9.68,49.38,831.2
N20002368,Lisburn_South_K2,lisburn|knockmore,9.43,3948,3566,-9.68,49.38,831.2
N20002367,Lisburn_South_G5,lisburn|knockmore,10.64,3948,3566,-9.68,49.38,831.2
N20002360,Lisburn_South_E6,lisburn|knockmore,14.51,3948,3566,-9.68,49.38,831.2
N20002364,Lisburn_South_G4,lisburn|knockmore,267.62,3948,3566,-9.68,49.38,831.2
N20002351,Lisburn_South_G2,lisburn|tullyrusk,10.23,2319,3872,66.97,49.64,64.7
N20002349,Lisburn_South_E3,lisburn|tullyrusk,10.1,2319,3872,66.97,49.64,64.7
N20002353,Lisburn_South_E4,lisburn|knockmore,40.08,3948,3566,-9.68,49.38,831.2
N20002347,Lisburn_South_D4,lisburn|tullyrusk,11.72,2319,3872,66.97,49.64,64.7
N20002341,Lisburn_South_D2,lisburn|tullyrusk,15.97,2319,3872,66.97,49.64,64.7
N20002344,Lisburn_South_E2,lisburn|tullyrusk,15.13,2319,3872,66.97,49.64,64.7
N20002336,Lisburn_South_E1,lisburn|tullyrusk,11.62,2319,3872,66.97,49.64,64.7
N20002335,Lisburn_South_B4,lisburn|tullyrusk,6.74,2319,3872,66.97,49.64,64.7
N20002334,Lisburn_South_B3,lisburn|tullyrusk,8.75,2319,3872,66.97,49.64,64.7
N20002329,Lisburn_South_B1,lisburn|tullyrusk,16.74,2319,3872,66.97,49.64,64.7
N20002342,Lisburn_South_G1,lisburn|tullyrusk,72.35,2319,3872,66.97,49.64,64.7
N20002369,Lisburn_South_G6,lisburn|knockmore,10.22,3948,3566,-9.68,49.38,831.2
N20002258,Downshire_West_B1,lisburn|maze,274.01,3390,3436,1.36,58.88,158.7
N20002261,Downshire_West_B4,lisburn|maze,325.32,3390,3436,1.36,58.88,158.7
N20002274,Downshire_West_E2,lisburn|maze,22.15,3390,3436,1.36,58.88,158.7
N20002269,Downshire_West_E1,lisburn|maze,13.58,3390,3436,1.36,58.88,158.7
N20002443,Downshire_East_E3,lisburn|maze,22.43,3390,3436,1.36,58.88,158.7
N20002441,Downshire_East_E2,lisburn|maze,265.92,3390,3436,1.36,58.88,158.7
N20002260,Downshire_West_B3,lisburn|maze,660.03,3390,3436,1.36,58.88,158.7
N20002375,Lisburn_South_K6,lisburn|old warren,7.96,3986,4230,6.12,48.49,6834.7
N20002257,Downshire_West_A6,lisburn|blaris,191.54,2562,2448,-4.45,48.33,401.4
N20002370,Lisburn_South_K3,lisburn|old warren,9.6,3986,4230,6.12,48.49,6834.7
N20002371,Lisburn_South_K4,lisburn|old warren,14.81,3986,4230,6.12,48.49,6834.7
N20002374,Lisburn_South_K5,lisburn|old warren,14.76,3986,4230,6.12,48.49,6834.7
N20002372,Lisburn_South_J3,lisburn|lagan valley,42.24,3366,2429,-27.84,48.17,2177.0
N20002373,Lisburn_South_J4,lisburn|lagan valley,12.29,3366,2429,-27.84,48.17,2177.0
N20002256,Downshire_West_A5,lisburn|blaris,45.81,2562,2448,-4.45,48.33,401.4
N20002255,Downshire_West_A4,lisburn|blaris,16.72,2562,2448,-4.45,48.33,401.4
N20002254,Downshire_West_A3,lisburn|blaris,13.83,2562,2448,-4.45,48.33,401.4
N20002436,Downshire_East_C2,lisburn|hillhall,10.85,2851,3752,31.6,47.76,372.0
N20002437,Downshire_East_C3,lisburn|hillhall,23.19,2851,3752,31.6,47.76,372.0
N20002438,Downshire_East_D1,lisburn|ballymacbrennan,949.52,2128,2204,3.57,49.91,38.2
N20002442,Downshire_East_D3,lisburn|ballymacbrennan,1038.5,2128,2204,3.57,49.91,38.2
N20002440,Downshire_East_E1,lisburn|ballymacbrennan,581.99,2128,2204,3.57,49.91,38.2
N20002444,Downshire_East_E4,lisburn|ballymacbrennan,827.98,2128,2204,3.57,49.91,38.2
N20002447,Downshire_East_F1,lisburn|dromara,771.97,2159,2478,14.78,49.52,46.6
N20002448,Downshire_East_E6,lisburn|dromara,136.62,2159,2478,14.78,49.52,46.6
N20002446,Downshire_East_E5,lisburn|hillsborough,1044.26,2309,2536,9.83,48.42,63.9
N20002280,Downshire_West_F3,lisburn|hillsborough,10.73,2309,2536,9.83,48.42,63.9
N20002278,Downshire_West_F1,lisburn|hillsborough,11.14,2309,2536,9.83,48.42,63.9
N20002282,Downshire_West_F4,lisburn|hillsborough,8.54,2309,2536,9.83,48.42,63.9
N20002285,Downshire_West_G4,lisburn|hillsborough,1297.23,2309,2536,9.83,48.42,63.9
N20002283,Downshire_West_F5,lisburn|hillsborough,26.35,2309,2536,9.83,48.42,63.9
N20002279,Downshire_West_F2,lisburn|hillsborough,17.99,2309,2536,9.83,48.42,63.9
N20002281,Downshire_West_E3,lisburn|hillsborough,83.3,2309,2536,9.83,48.42,63.9
N20002286,Downshire_West_G5,lisburn|hillsborough,780.51,2309,2536,9.83,48.42,63.9
N20002451,Downshire_East_G1,lisburn|dromara,1243.3,2159,2478,14.78,49.52,46.6
N20000582,Lagan_River_K2,banbridge|skeagh,1076.52,1731,1641,-5.2,50.03,63.4
N20000589,Lagan_River_N1,banbridge|croob,494.9,1750,1646,-5.94,50.97,30.1
N20000590,Lagan_River_N2,banbridge|croob,952.84,1750,1646,-5.94,50.97,30.1
N20000587,Lagan_River_L2,banbridge|croob,533.06,1750,1646,-5.94,50.97,30.1
N20000584,Lagan_River_L1,banbridge|croob,54.47,1750,1646,-5.94,50.97,30.1
N20002454,Downshire_East_G3,banbridge|croob,41.69,1750,1646,-5.94,50.97,30.1
N20002455,Downshire_East_G4,banbridge|croob,32.82,1750,1646,-5.94,50.97,30.1
N20003322,Slieve_Croob_C2,banbridge|croob,2258.25,1750,1646,-5.94,50.97,30.1
N20002452,Downshire_East_F4,lisburn|dromara,1128.42,2159,2478,14.78,49.52,46.6
N20002453,Downshire_East_G2,lisburn|dromara,598.66,2159,2478,14.78,49.52,46.6
N20002450,Downshire_East_F3,lisburn|dromara,361.82,2159,2478,14.78,49.52,46.6
N20002449,Downshire_East_F2,lisburn|dromara,723.78,2159,2478,14.78,49.52,46.6
N20003370,Rowallane_G2,down|ballymaglave,27.25,2472,2893,17.03,48.7,144.8
N20003362,Rowallane_C4,down|market,818.25,2179,2834,30.06,49.58,205.4
N20003367,Rowallane_F1,down|market,60.35,2179,2834,30.06,49.58,205.4
N20003366,Rowallane_G1,down|ballymaglave,20.55,2472,2893,17.03,48.7,144.8
N20003369,Rowallane_F2,down|ballymaglave,22.02,2472,2893,17.03,48.7,144.8
N20003374,Rowallane_F4,down|ballymaglave,13.86,2472,2893,17.03,48.7,144.8
N20003378,Rowallane_G3,down|ballymaglave,36.6,2472,2893,17.03,48.7,144.8
N20003389,Rowallane_G6,down|market,35.45,2179,2834,30.06,49.58,205.4
N20003385,Rowallane_G5,down|market,9.38,2179,2834,30.06,49.58,205.4
N20003379,Rowallane_F5,down|market,17.03,2179,2834,30.06,49.58,205.4
N20003380,Rowallane_F6,down|market,29.56,2179,2834,30.06,49.58,205.4
N20003373,Rowallane_F3,down|market,13.92,2179,2834,30.06,49.58,205.4
N20003312,Slieve_Croob_A2,down|ballymaglave,396.25,2472,2893,17.03,48.7,144.8
N20003382,Rowallane_G4,down|ballymaglave,16.7,2472,2893,17.03,48.7,144.8
N20003311,Slieve_Croob_A1,down|ballymaglave,127.43,2472,2893,17.03,48.7,144.8
N20003314,Slieve_Croob_A3,down|ballymaglave,563.88,2472,2893,17.03,48.7,144.8
N20003316,Slieve_Croob_A4,down|ballymaglave,650.7,2472,2893,17.03,48.7,144.8
N20003320,Slieve_Croob_C1,down|dunmore,1064.72,2230,2279,2.2,51.65,42.0
N20003317,Slieve_Croob_A5,down|dunmore,1232.8,2230,2279,2.2,51.65,42.0
N20003313,Slieve_Croob_D1,down|kilmore,1030.85,2151,2455,14.13,49.49,49.7
N20003315,Slieve_Croob_B1,down|kilmore,21.09,2151,2455,14.13,49.49,49.7
N20003318,Slieve_Croob_B2,down|dunmore,29.91,2230,2279,2.2,51.65,42.0
N20003319,Slieve_Croob_D2,down|kilmore,1030.48,2151,2455,14.13,49.49,49.7
N20003321,Slieve_Croob_D3,down|seaforde,1769.88,1833,1881,2.62,50.08,30.4
N20003387,Rowallane_E5,down|kilmore,1085.65,2151,2455,14.13,49.49,49.7
N20003363,Rowallane_C5,down|kilmore,1054.22,2151,2455,14.13,49.49,49.7
N20003361,Rowallane_E4,down|saintfield,1358.81,2198,2646,20.38,49.02,66.8
N20003357,Rowallane_E2,down|kilmore,442.48,2151,2455,14.13,49.49,49.7
N20003354,Rowallane_B3,down|saintfield,12.54,2198,2646,20.38,49.02,66.8
N20003353,Rowallane_B2,down|saintfield,20.11,2198,2646,20.38,49.02,66.8
N20003355,Rowallane_B4,down|saintfield,62.73,2198,2646,20.38,49.02,66.8
N20003349,Rowallane_A2,down|saintfield,36.77,2198,2646,20.38,49.02,66.8
N20003348,Rowallane_A1,down|saintfield,18.12,2198,2646,20.38,49.02,66.8
N20003350,Rowallane_A3,down|saintfield,17.32,2198,2646,20.38,49.02,66.8
N20003351,Rowallane_B1,down|saintfield,18.29,2198,2646,20.38,49.02,66.8
N20003360,Rowallane_C3,down|saintfield,899.91,2198,2646,20.38,49.02,66.8
N20002445,Downshire_East_D4,lisburn|ballymacbrennan,1204.7,2128,2204,3.57,49.91,38.2
N20003356,Rowallane_C2,down|saintfield,1193.89,2198,2646,20.38,49.02,66.8
N20002439,Downshire_East_D2,lisburn|ballymacbrennan,1469.24,2128,2204,3.57,49.91,38.2
N20002499,Castlereagh_South_J6,castlereagh|moneyreagh,632.74,2249,2460,9.38,51.26,69.6
N20002498,Castlereagh_South_J5,castlereagh|moneyreagh,567.12,2249,2460,9.38,51.26,69.6
N20003347,Rowallane_C1,down|saintfield,1250.29,2198,2646,20.38,49.02,66.8
N20003463,Comber_G2,ards|ballygowan,22.74,2671,3226,20.78,49.94,72.0
N20003464,Comber_G3,ards|ballygowan,8.22,2671,3226,20.78,49.94,72.0
N20003465,Comber_G4,ards|ballygowan,18.73,2671,3226,20.78,49.94,72.0
N20003466,Comber_G5,ards|ballygowan,12.92,2671,3226,20.78,49.94,72.0
N20003468,Comber_G6,ards|ballygowan,20.65,2671,3226,20.78,49.94,72.0
N20003462,Comber_G1,ards|ballygowan,14.42,2671,3226,20.78,49.94,72.0
N20003471,Comber_H2,ards|ballygowan,1336.95,2671,3226,20.78,49.94,72.0
N20003470,Comber_H1,ards|killinchy,646.29,2168,2506,15.59,50.4,57.8
N20003467,Comber_F5,ards|killinchy,1377.55,2168,2506,15.59,50.4,57.8
N20003472,Comber_H3,ards|killinchy,205.78,2168,2506,15.59,50.4,57.8
N20003469,Comber_F6,ards|killinchy,427.08,2168,2506,15.59,50.4,57.8
N20003473,Comber_H4,ards|killinchy,1056.04,2168,2506,15.59,50.4,57.8
N20003358,Rowallane_D1,down|derryboy,2101.5,1995,1812,-9.17,50.17,37.5
N20003352,Rowallane_E1,down|derryboy,730.28,1995,1812,-9.17,50.17,37.5
N20003359,Rowallane_E3,down|derryboy,1231.96,1995,1812,-9.17,50.17,37.5
N20003365,Rowallane_D3,down|derryboy,924.5,1995,1812,-9.17,50.17,37.5
N20003383,Rowallane_J1,down|crossgar,24.4,2151,2288,6.37,50.61,63.7
N20003384,Rowallane_J2,down|crossgar,16.45,2151,2288,6.37,50.61,63.7
N20003388,Rowallane_J3,down|crossgar,32.97,2151,2288,6.37,50.61,63.7
N20003390,Rowallane_J4,down|crossgar,10.06,2151,2288,6.37,50.61,63.7
N20003392,Downpatrick_A1,down|crossgar,990.47,2151,2288,6.37,50.61,63.7
N20003395,Downpatrick_A4,down|quoile,1934.76,2551,3233,26.73,50.39,236.6
N20003394,Downpatrick_A3,down|strangford,734.91,1987,2052,3.27,50.68,34.2
N20003393,Downpatrick_A2,down|strangford,2582.61,1987,2052,3.27,50.68,34.2
N20003386,Rowallane_H7,down|killyleagh,18.38,2359,2365,0.25,50.19,391.8
N20003371,Rowallane_D4,down|killyleagh,1735.31,2359,2365,0.25,50.19,391.8
N20003376,Rowallane_H4,down|killyleagh,5.66,2359,2365,0.25,50.19,391.8
N20003377,Rowallane_H5,down|killyleagh,8.13,2359,2365,0.25,50.19,391.8
N20003381,Rowallane_H6,down|killyleagh,21.59,2359,2365,0.25,50.19,391.8
N20003375,Rowallane_H3,down|killyleagh,11.84,2359,2365,0.25,50.19,391.8
N20003372,Rowallane_H2,down|killyleagh,13.2,2359,2365,0.25,50.19,391.8
N20003368,Rowallane_H1,down|killyleagh,12.13,2359,2365,0.25,50.19,391.8
N20003364,Rowallane_D2,down|derryboy,7.44,1995,1812,-9.17,50.17,37.5
N20003773,Ards_Peninsula_L2,ards|portaferry,2111.87,2686,3183,18.5,49.36,77.4
N20003391,Downpatrick_B1,down|strangford,63.28,1987,2052,3.27,50.68,34.2
N20003779,Ards_Peninsula_N5,ards|portaferry,13.15,2686,3183,18.5,49.36,77.4
N20003778,Ards_Peninsula_N4,ards|portaferry,18.28,2686,3183,18.5,49.36,77.4
N20003777,Ards_Peninsula_N3,ards|portaferry,7.41,2686,3183,18.5,49.36,77.4
N20003775,Ards_Peninsula_N1,ards|portaferry,24.99,2686,3183,18.5,49.36,77.4
N20003776,Ards_Peninsula_N2,ards|portaferry,30.72,2686,3183,18.5,49.36,77.4
N20003780,Ards_Peninsula_L4,ards|portaferry,1722.81,2686,3183,18.5,49.36,77.4
N20003774,Ards_Peninsula_L3,ards|kircubbin,996.76,3006,3146,4.66,50.38,78.4
N20003770,Ards_Peninsula_K2,ards|kircubbin,49.01,3006,3146,4.66,50.38,78.4
N20003769,Ards_Peninsula_K1,ards|kircubbin,11.77,3006,3146,4.66,50.38,78.4
N20003768,Ards_Peninsula_J5,ards|ballyhalbert,37.8,2236,2409,7.74,48.4,89.1
N20003765,Ards_Peninsula_J3,ards|ballyhalbert,17.11,2236,2409,7.74,48.4,89.1
N20003764,Ards_Peninsula_J2,ards|ballyhalbert,23.18,2236,2409,7.74,48.4,89.1
N20003766,Ards_Peninsula_J4,ards|ballyhalbert,18.56,2236,2409,7.74,48.4,89.1
N20003767,Ards_Peninsula_H4,ards|ballyhalbert,753.76,2236,2409,7.74,48.4,89.1
N20003771,Ards_Peninsula_L1,ards|kircubbin,1127.0,3006,3146,4.66,50.38,78.4
N20003772,Ards_Peninsula_K3,ards|kircubbin,28.81,3006,3146,4.66,50.38,78.4
N20003763,Ards_Peninsula_H3,ards|kircubbin,751.51,3006,3146,4.66,50.38,78.4
N20003760,Ards_Peninsula_H1,ards|kircubbin,175.28,3006,3146,4.66,50.38,78.4
N20003759,Ards_Peninsula_F4,ards|kircubbin,34.74,3006,3146,4.66,50.38,78.4
N20003756,Ards_Peninsula_F3,ards|kircubbin,647.59,3006,3146,4.66,50.38,78.4
N20003761,Ards_Peninsula_H2,ards|ballyhalbert,1281.03,2236,2409,7.74,48.4,89.1
N20003762,Ards_Peninsula_J1,ards|ballyhalbert,21.77,2236,2409,7.74,48.4,89.1
N20003758,Ards_Peninsula_G2,ards|ballyhalbert,34.54,2236,2409,7.74,48.4,89.1
N20003757,Ards_Peninsula_G1,ards|ballyhalbert,28.69,2236,2409,7.74,48.4,89.1
N20003755,Ards_Peninsula_F2,ards|ballyhalbert,1526.51,2236,2409,7.74,48.4,89.1
N20003750,Ards_Peninsula_E3,ards|greyabbey,12.25,2646,2913,10.09,48.71,66.4
N20003753,Ards_Peninsula_E5,ards|greyabbey,9.56,2646,2913,10.09,48.71,66.4
N20003751,Ards_Peninsula_E4,ards|greyabbey,11.7,2646,2913,10.09,48.71,66.4
N20003743,Ards_Peninsula_C5,ards|greyabbey,1460.6,2646,2913,10.09,48.71,66.4
N20003749,Ards_Peninsula_E2,ards|greyabbey,12.0,2646,2913,10.09,48.71,66.4
N20003748,Ards_Peninsula_E1,ards|greyabbey,13.33,2646,2913,10.09,48.71,66.4
N20003747,Ards_Peninsula_D6,ards|greyabbey,1008.94,2646,2913,10.09,48.71,66.4
N20003745,Ards_Peninsula_D4,ards|greyabbey,449.56,2646,2913,10.09,48.71,66.4
N20003742,Ards_Peninsula_D2,ards|carrowdore,13.31,2548,2991,17.39,49.21,97.7
N20003741,Ards_Peninsula_D1,ards|carrowdore,205.88,2548,2991,17.39,49.21,97.7
N20003746,Ards_Peninsula_D5,ards|greyabbey,1150.95,2646,2913,10.09,48.71,66.4
N20003752,Ards_Peninsula_D7,ards|greyabbey,124.95,2646,2913,10.09,48.71,66.4
N20003754,Ards_Peninsula_F1,ards|greyabbey,323.01,2646,2913,10.09,48.71,66.4
N20003460,Comber_F4,ards|killinchy,73.08,2168,2506,15.59,50.4,57.8
N20003457,Comber_F1,ards|comber south,720.0,2664,3575,34.2,49.71,274.5
N20003459,Comber_F3,ards|ballygowan,839.8,2671,3226,20.78,49.94,72.0
N20003458,Comber_F2,ards|ballygowan,847.4,2671,3226,20.78,49.94,72.0
N20003454,Comber_D5,ards|comber south,18.38,2664,3575,34.2,49.71,274.5
N20003453,Comber_D4,ards|comber south,28.21,2664,3575,34.2,49.71,274.5
N20003455,Comber_D6,ards|comber south,27.84,2664,3575,34.2,49.71,274.5
N20003435,Comber_C3,ards|comber north,8.03,3546,4766,34.4,50.29,628.7
N20003439,Comber_C6,ards|comber north,5.67,3546,4766,34.4,50.29,628.7
N20003447,Comber_C7,ards|comber north,69.56,3546,4766,34.4,50.29,628.7
N20003450,Comber_B6,ards|comber south,21.75,2664,3575,34.2,49.71,274.5
N20003449,Comber_B5,ards|comber south,6.13,2664,3575,34.2,49.71,274.5
N20003444,Comber_B3,ards|comber north,6.1,3546,4766,34.4,50.29,628.7
N20003445,Comber_B4,ards|comber north,13.72,3546,4766,34.4,50.29,628.7
N20003438,Comber_C5,ards|comber north,9.86,3546,4766,34.4,50.29,628.7
N20003434,Comber_C2,ards|comber north,5.25,3546,4766,34.4,50.29,628.7
N20003436,Comber_C4,ards|comber north,9.68,3546,4766,34.4,50.29,628.7
N20003441,Comber_B2,ards|comber north,7.28,3546,4766,34.4,50.29,628.7
N20003440,Comber_B1,ards|comber north,19.22,3546,4766,34.4,50.29,628.7
N20003437,Comber_A1,ards|comber south,26.64,2664,3575,34.2,49.71,274.5
N20003443,Comber_A3,ards|comber south,16.53,2664,3575,34.2,49.71,274.5
N20003451,Comber_D2,ards|comber south,10.54,2664,3575,34.2,49.71,274.5
N20003452,Comber_D3,ards|comber south,20.5,2664,3575,34.2,49.71,274.5
N20003446,Comber_D1,ards|comber south,5.74,2664,3575,34.2,49.71,274.5
N20003448,Comber_A4,ards|comber south,18.44,2664,3575,34.2,49.71,274.5
N20003442,Comber_A2,ards|comber south,12.25,2664,3575,34.2,49.71,274.5
N20003433,Comber_E1,ards|comber south,1256.33,2664,3575,34.2,49.71,274.5
N20003432,Comber_C1,ards|comber north,5.25,3546,4766,34.4,50.29,628.7
N20003536,Newtownards_N4,ards|central,23.53,3068,5186,69.04,47.61,828.7
N20003534,Newtownards_S5,ards|central,6.44,3068,5186,69.04,47.61,828.7
N20003535,Newtownards_N3,ards|central,352.14,3068,5186,69.04,47.61,828.7
N20003532,Newtownards_S3,ards|central,13.0,3068,5186,69.04,47.61,828.7
N20003531,Newtownards_S2,ards|central,8.5,3068,5186,69.04,47.61,828.7
N20003533,Newtownards_S4,ards|central,15.96,3068,5186,69.04,47.61,828.7
N20003526,Newtownards_P3,ards|ulsterville,5.21,2943,2308,-21.58,48.09,6306.7
N20003527,Newtownards_P4,ards|central,31.68,3068,5186,69.04,47.61,828.7
N20003530,Newtownards_S1,ards|central,8.28,3068,5186,69.04,47.61,828.7
N20003529,Newtownards_R4,ards|central,162.85,3068,5186,69.04,47.61,828.7
N20003528,Newtownards_Q4,ards|loughries,31.02,2909,3847,32.24,50.35,276.3
N20003525,Newtownards_Q3,ards|loughries,20.77,2909,3847,32.24,50.35,276.3
N20003744,Ards_Peninsula_D3,ards|loughries,611.42,2909,3847,32.24,50.35,276.3
N20003740,Ards_Peninsula_C4,ards|loughries,1255.2,2909,3847,32.24,50.35,276.3
N20003731,Ards_Peninsula_C2,ards|movilla,1243.56,2563,5473,113.54,48.11,381.1
N20003678,Bangor_Central_Q5,north down|conlig,306.02,2915,7047,141.75,47.01,866.8
N20003476,Newtownards_A3,ards|movilla,16.33,2563,5473,113.54,48.11,381.1
N20003479,Newtownards_B2,ards|movilla,9.77,2563,5473,113.54,48.11,381.1
N20003482,Newtownards_C1,ards|movilla,33.78,2563,5473,113.54,48.11,381.1
N20003489,Newtownards_C3,ards|movilla,17.48,2563,5473,113.54,48.11,381.1
N20003487,Newtownards_C2,ards|movilla,17.5,2563,5473,113.54,48.11,381.1
N20003491,Newtownards_G1,ards|movilla,10.89,2563,5473,113.54,48.11,381.1
N20003488,Newtownards_D2,ards|movilla,10.05,2563,5473,113.54,48.11,381.1
N20003484,Newtownards_D1,ards|movilla,9.64,2563,5473,113.54,48.11,381.1
N20003481,Newtownards_B4,ards|movilla,8.51,2563,5473,113.54,48.11,381.1
N20003480,Newtownards_B3,ards|movilla,14.11,2563,5473,113.54,48.11,381.1
N20003477,Newtownards_B1,ards|movilla,35.19,2563,5473,113.54,48.11,381.1
N20003738,Ards_Peninsula_B1,ards|movilla,16.03,2563,5473,113.54,48.11,381.1
N20003492,Newtownards_D3,ards|movilla,11.97,2563,5473,113.54,48.11,381.1
N20003497,Newtownards_H1,ards|movilla,10.09,2563,5473,113.54,48.11,381.1
N20003505,Newtownards_H2,ards|loughries,12.42,2909,3847,32.24,50.35,276.3
N20003739,Ards_Peninsula_B2,ards|loughries,84.7,2909,3847,32.24,50.35,276.3
N20003515,Newtownards_H5,ards|loughries,20.58,2909,3847,32.24,50.35,276.3
N20003520,Newtownards_Q2,ards|loughries,9.83,2909,3847,32.24,50.35,276.3
N20003519,Newtownards_Q1,ards|loughries,13.59,2909,3847,32.24,50.35,276.3
N20003511,Newtownards_H4,ards|loughries,5.61,2909,3847,32.24,50.35,276.3
N20003507,Newtownards_H3,ards|loughries,20.69,2909,3847,32.24,50.35,276.3
N20003498,Newtownards_G2,ards|movilla,7.33,2563,5473,113.54,48.11,381.1
N20003501,Newtownards_G3,ards|loughries,13.09,2909,3847,32.24,50.35,276.3
N20003506,Newtownards_K2,ards|loughries,13.62,2909,3847,32.24,50.35,276.3
N20003502,Newtownards_K1,ards|movilla,14.2,2563,5473,113.54,48.11,381.1
N20003512,Newtownards_R2,ards|loughries,4.51,2909,3847,32.24,50.35,276.3
N20003509,Newtownards_R1,ards|movilla,8.19,2563,5473,113.54,48.11,381.1
N20003517,Newtownards_R3,ards|loughries,4.33,2909,3847,32.24,50.35,276.3
N20003514,Newtownards_G4,ards|loughries,14.36,2909,3847,32.24,50.35,276.3
N20003522,Newtownards_L4,ards|central,6.12,3068,5186,69.04,47.61,828.7
N20003521,Newtownards_P1,ards|ulsterville,9.11,2943,2308,-21.58,48.09,6306.7
N20003524,Newtownards_P2,ards|ulsterville,6.89,2943,2308,-21.58,48.09,6306.7
N20003516,Newtownards_L2,ards|scrabo,27.33,2739,3106,13.4,44.98,159.1
N20003518,Newtownards_L3,ards|central,18.15,3068,5186,69.04,47.61,828.7
N20003510,Newtownards_J4,ards|central,5.43,3068,5186,69.04,47.61,828.7
N20003500,Newtownards_L1,ards|scrabo,10.75,2739,3106,13.4,44.98,159.1
N20003499,Newtownards_J1,ards|glen,3.25,3291,3405,3.46,48.16,681.5
N20003504,Newtownards_J3,ards|central,10.14,3068,5186,69.04,47.61,828.7
N20003513,Newtownards_J5,ards|central,4.36,3068,5186,69.04,47.61,828.7
N20003503,Newtownards_J2,ards|movilla,16.04,2563,5473,113.54,48.11,381.1
N20003496,Newtownards_C4,ards|movilla,16.4,2563,5473,113.54,48.11,381.1
N20003493,Newtownards_F3,ards|glen,12.71,3291,3405,3.46,48.16,681.5
N20003495,Newtownards_F4,ards|glen,9.66,3291,3405,3.46,48.16,681.5
N20003485,Newtownards_F1,ards|glen,4.49,3291,3405,3.46,48.16,681.5
N20003486,Newtownards_F2,ards|glen,6.42,3291,3405,3.46,48.16,681.5
N20003478,Newtownards_A4,ards|glen,42.78,3291,3405,3.46,48.16,681.5
N20003483,Newtownards_E1,ards|glen,13.25,3291,3405,3.46,48.16,681.5
N20003490,Newtownards_E2,ards|glen,22.01,3291,3405,3.46,48.16,681.5
N20003494,Newtownards_E3,ards|scrabo,13.92,2739,3106,13.4,44.98,159.1
N20003508,Newtownards_N1,ards|scrabo,24.94,2739,3106,13.4,44.98,159.1
N20003523,Newtownards_N2,ards|scrabo,1165.02,2739,3106,13.4,44.98,159.1
N20002509,Castlereagh_East_B2,castlereagh|carrowreagh,28.67,3732,4383,17.44,47.82,1177.0
N20003475,Newtownards_A2,ards|scrabo,740.07,2739,3106,13.4,44.98,159.1
N20003474,Newtownards_A1,ards|movilla,362.01,2563,5473,113.54,48.11,381.1
N20003620,Bangor_West_J4,north down|clandeboye,13.85,3561,4643,30.38,46.72,827.3
N20003618,Bangor_West_H6,north down|clandeboye,6.24,3561,4643,30.38,46.72,827.3
N20003617,Bangor_West_H5,north down|clandeboye,5.46,3561,4643,30.38,46.72,827.3
N20003616,Bangor_West_H4,north down|clandeboye,25.19,3561,4643,30.38,46.72,827.3
N20003569,Holywood_and_Clandeboye_F4,north down|craigavad,3183.18,2203,1961,-10.99,47.83,114.3
N20003547,Holywood_and_Clandeboye_C2,north down|crawfordsburn,343.06,2248,2904,29.18,47.35,344.7
N20003544,Holywood_and_Clandeboye_F2,north down|craigavad,52.64,2203,1961,-10.99,47.83,114.3
N20003539,Holywood_and_Clandeboye_F1,north down|craigavad,68.83,2203,1961,-10.99,47.83,114.3
N20003540,Holywood_and_Clandeboye_A3,north down|crawfordsburn,12.27,2248,2904,29.18,47.35,344.7
N20003546,Holywood_and_Clandeboye_C1,north down|crawfordsburn,221.37,2248,2904,29.18,47.35,344.7
N20003591,Bangor_West_E1,north down|spring hill,44.36,2405,4039,67.94,47.04,2513.4
N20003594,Bangor_West_E2,north down|spring hill,9.5,2405,4039,67.94,47.04,2513.4
N20003588,Bangor_West_B3,north down|spring hill,9.52,2405,4039,67.94,47.04,2513.4
N20003598,Bangor_West_C4,north down|spring hill,5.54,2405,4039,67.94,47.04,2513.4
N20003600,Bangor_West_E3,north down|spring hill,8.33,2405,4039,67.94,47.04,2513.4
N20003604,Bangor_West_E4,north down|spring hill,11.08,2405,4039,67.94,47.04,2513.4
N20003612,Bangor_West_E6,north down|spring hill,20.24,2405,4039,67.94,47.04,2513.4
N20003606,Bangor_West_E5,north down|spring hill,6.66,2405,4039,67.94,47.04,2513.4
N20003607,Bangor_West_H1,north down|clandeboye,5.33,3561,4643,30.38,46.72,827.3
N20003608,Bangor_West_H2,north down|clandeboye,10.11,3561,4643,30.38,46.72,827.3
N20003609,Bangor_West_H3,north down|clandeboye,10.38,3561,4643,30.38,46.72,827.3
N20003602,Bangor_West_D5,north down|silverstream,6.52,2825,2568,-9.1,47.59,4597.6
N20003597,Bangor_West_D4,north down|silverstream,6.29,2825,2568,-9.1,47.59,4597.6
N20003595,Bangor_West_C3,north down|spring hill,19.11,2405,4039,67.94,47.04,2513.4
N20003587,Bangor_West_B2,north down|spring hill,12.99,2405,4039,67.94,47.04,2513.4
N20003589,Bangor_West_C2,north down|bryansburn,13.78,2660,2909,9.36,46.1,4473.7
N20003580,Bangor_West_A3,north down|princetown,19.35,2146,2495,16.26,46.73,1590.2
N20003582,Bangor_West_C1,north down|princetown,9.92,2146,2495,16.26,46.73,1590.2
N20003585,Bangor_West_B1,north down|spring hill,12.28,2405,4039,67.94,47.04,2513.4
N20003543,Holywood_and_Clandeboye_B3,north down|princetown,15.33,2146,2495,16.26,46.73,1590.2
N20003541,Holywood_and_Clandeboye_B1,north down|princetown,65.08,2146,2495,16.26,46.73,1590.2
N20003542,Holywood_and_Clandeboye_B2,north down|crawfordsburn,15.85,2248,2904,29.18,47.35,344.7
N20003578,Bangor_West_A1,north down|princetown,31.93,2146,2495,16.26,46.73,1590.2
N20003579,Bangor_West_A2,north down|princetown,17.23,2146,2495,16.26,46.73,1590.2
N20003584,Bangor_West_A6,north down|bryansburn,14.81,2660,2909,9.36,46.1,4473.7
N20003581,Bangor_West_A4,north down|princetown,22.36,2146,2495,16.26,46.73,1590.2
N20003583,Bangor_West_A5,north down|bryansburn,9.81,2660,2909,9.36,46.1,4473.7
N20003642,Bangor_Central_C4,north down|bangor castle,5.38,2023,1657,-18.09,45.2,1555.4
N20003640,Bangor_Central_C3,north down|bangor castle,4.35,2023,1657,-18.09,45.2,1555.4
N20003632,Bangor_Central_C2,north down|bangor castle,10.53,2023,1657,-18.09,45.2,1555.4
N20003628,Bangor_Central_C1,north down|princetown,18.03,2146,2495,16.26,46.73,1590.2
N20003624,Bangor_Central_A3,north down|bangor harbour,13.83,2395,2127,-11.19,45.23,3223.2
N20003623,Bangor_Central_A2,north down|ballyholme,12.87,2232,2246,0.63,43.86,2978.2
N20003630,Bangor_Central_D2,north down|ballyholme,13.3,2232,2246,0.63,43.86,2978.2
N20003626,Bangor_Central_D1,north down|ballyholme,14.8,2232,2246,0.63,43.86,2978.2
N20003639,Bangor_Central_D3,north down|bangor harbour,13.83,2395,2127,-11.19,45.23,3223.2
N20003633,Bangor_Central_F2,north down|bangor harbour,2.39,2395,2127,-11.19,45.23,3223.2
N20003631,Bangor_Central_F1,north down|bangor harbour,5.97,2395,2127,-11.19,45.23,3223.2
N20003636,Bangor_Central_F3,north down|bangor harbour,11.37,2395,2127,-11.19,45.23,3223.2
N20003644,Bangor_Central_F4,north down|bangor castle,47.79,2023,1657,-18.09,45.2,1555.4
N20003647,Bangor_Central_G3,north down|ballymagee,60.58,2094,7016,235.05,48.36,948.3
N20003650,Bangor_Central_J1,north down|conlig,24.88,2915,7047,141.75,47.01,866.8
N20003648,Bangor_Central_H1,north down|bangor castle,71.22,2023,1657,-18.09,45.2,1555.4
N20003653,Bangor_Central_K2,north down|whitehill,7.14,3245,2611,-19.54,47.95,6934.9
N20003651,Bangor_Central_K1,north down|whitehill,8.1,3245,2611,-19.54,47.95,6934.9
N20003649,Bangor_Central_H2,north down|whitehill,10.48,3245,2611,-19.54,47.95,6934.9
N20003596,Bangor_West_F2,north down|rathgael,7.3,2860,3383,18.29,50.58,1651.8
N20003599,Bangor_West_F3,north down|silverstream,6.7,2825,2568,-9.1,47.59,4597.6
N20003592,Bangor_West_F1,north down|silverstream,6.54,2825,2568,-9.1,47.59,4597.6
N20003586,Bangor_West_D1,north down|bryansburn,14.41,2660,2909,9.36,46.1,4473.7
N20003593,Bangor_West_D3,north down|silverstream,4.98,2825,2568,-9.1,47.59,4597.6
N20003590,Bangor_West_D2,north down|silverstream,3.5,2825,2568,-9.1,47.59,4597.6
N20003601,Bangor_West_G1,north down|silverstream,4.49,2825,2568,-9.1,47.59,4597.6
N20003603,Bangor_West_G2,north down|silverstream,9.8,2825,2568,-9.1,47.59,4597.6
N20003605,Bangor_West_F4,north down|rathgael,17.77,2860,3383,18.29,50.58,1651.8
N20003614,Bangor_West_G4,north down|rathgael,10.12,2860,3383,18.29,50.58,1651.8
N20003610,Bangor_West_G3,north down|silverstream,3.48,2825,2568,-9.1,47.59,4597.6
N20003611,Bangor_West_J1,north down|clandeboye,7.11,3561,4643,30.38,46.72,827.3
N20003613,Bangor_West_J2,north down|clandeboye,7.73,3561,4643,30.38,46.72,827.3
N20003619,Bangor_West_J3,north down|rathgael,51.33,2860,3383,18.29,50.58,1651.8
N20003615,Bangor_West_G5,north down|rathgael,16.59,2860,3383,18.29,50.58,1651.8
N20003657,Bangor_Central_K4,north down|whitehill,8.56,3245,2611,-19.54,47.95,6934.9
N20003663,Bangor_Central_N1,north down|conlig,91.32,2915,7047,141.75,47.01,866.8
N20003557,Holywood_and_Clandeboye_G3,north down|rathgael,6.43,2860,3383,18.29,50.58,1651.8
N20003556,Holywood_and_Clandeboye_G2,north down|rathgael,8.78,2860,3383,18.29,50.58,1651.8
N20003554,Holywood_and_Clandeboye_G1,north down|rathgael,26.68,2860,3383,18.29,50.58,1651.8
N20003562,Holywood_and_Clandeboye_J1,north down|conlig,17.84,2915,7047,141.75,47.01,866.8
N20003568,Holywood_and_Clandeboye_J2,north down|conlig,21.98,2915,7047,141.75,47.01,866.8
N20003572,Holywood_and_Clandeboye_J3,north down|conlig,10.65,2915,7047,141.75,47.01,866.8
N20003677,Bangor_Central_Q4,north down|conlig,14.13,2915,7047,141.75,47.01,866.8
N20003674,Bangor_Central_Q2,north down|conlig,6.46,2915,7047,141.75,47.01,866.8
N20003670,Bangor_Central_N3,north down|conlig,4.45,2915,7047,141.75,47.01,866.8
N20003671,Bangor_Central_N4,north down|conlig,3.97,2915,7047,141.75,47.01,866.8
N20003675,Bangor_Central_P5,north down|conlig,6.02,2915,7047,141.75,47.01,866.8
N20003673,Bangor_Central_Q1,north down|conlig,9.16,2915,7047,141.75,47.01,866.8
N20003676,Bangor_Central_Q3,north down|conlig,8.55,2915,7047,141.75,47.01,866.8
N20003672,Bangor_Central_P4,north down|ballymagee,103.96,2094,7016,235.05,48.36,948.3
N20003668,Bangor_Central_L5,north down|conlig,6.72,2915,7047,141.75,47.01,866.8
N20003667,Bangor_Central_P2,north down|conlig,10.05,2915,7047,141.75,47.01,866.8
N20003662,Bangor_Central_L2,north down|conlig,6.99,2915,7047,141.75,47.01,866.8
N20003664,Bangor_Central_L3,north down|conlig,7.49,2915,7047,141.75,47.01,866.8
N20003665,Bangor_Central_L4,north down|conlig,4.49,2915,7047,141.75,47.01,866.8
N20003666,Bangor_Central_N2,north down|conlig,9.04,2915,7047,141.75,47.01,866.8
N20003659,Bangor_Central_L1,north down|conlig,9.34,2915,7047,141.75,47.01,866.8
N20003660,Bangor_Central_K5,north down|conlig,26.64,2915,7047,141.75,47.01,866.8
N20003656,Bangor_Central_K3,north down|whitehill,6.75,3245,2611,-19.54,47.95,6934.9
N20003654,Bangor_Central_H3,north down|conlig,10.43,2915,7047,141.75,47.01,866.8
N20003655,Bangor_Central_J3,north down|conlig,32.24,2915,7047,141.75,47.01,866.8
N20003658,Bangor_Central_J4,north down|conlig,9.68,2915,7047,141.75,47.01,866.8
N20003661,Bangor_Central_P1,north down|conlig,27.55,2915,7047,141.75,47.01,866.8
N20003712,Bangor_East_and_Donaghadee_H2,north down|ballymagee,13.09,2094,7016,235.05,48.36,948.3
N20003716,Bangor_East_and_Donaghadee_H4,north down|ballymagee,8.49,2094,7016,235.05,48.36,948.3
N20003708,Bangor_East_and_Donaghadee_G5,north down|ballymagee,9.36,2094,7016,235.05,48.36,948.3
N20003709,Bangor_East_and_Donaghadee_G6,north down|ballymagee,13.4,2094,7016,235.05,48.36,948.3
N20003710,Bangor_East_and_Donaghadee_H1,north down|ballymagee,4.29,2094,7016,235.05,48.36,948.3
N20003714,Bangor_East_and_Donaghadee_H3,north down|ballymagee,11.84,2094,7016,235.05,48.36,948.3
N20003717,Bangor_East_and_Donaghadee_H5,north down|ballymagee,12.31,2094,7016,235.05,48.36,948.3
N20003719,Bangor_East_and_Donaghadee_H6,north down|ballymagee,16.57,2094,7016,235.05,48.36,948.3
N20003669,Bangor_Central_P3,north down|ballymagee,149.88,2094,7016,235.05,48.36,948.3
N20003706,Bangor_East_and_Donaghadee_F5,north down|ballymagee,11.85,2094,7016,235.05,48.36,948.3
N20003697,Bangor_East_and_Donaghadee_F2,north down|ballymagee,22.22,2094,7016,235.05,48.36,948.3
N20003702,Bangor_East_and_Donaghadee_F4,north down|ballymagee,10.66,2094,7016,235.05,48.36,948.3
N20003699,Bangor_East_and_Donaghadee_G2,north down|ballymagee,10.73,2094,7016,235.05,48.36,948.3
N20003701,Bangor_East_and_Donaghadee_F3,north down|ballymagee,15.58,2094,7016,235.05,48.36,948.3
N20003703,Bangor_East_and_Donaghadee_G3,north down|ballymagee,5.55,2094,7016,235.05,48.36,948.3
N20003705,Bangor_East_and_Donaghadee_G4,north down|ballymagee,9.58,2094,7016,235.05,48.36,948.3
N20003652,Bangor_Central_J2,north down|conlig,15.78,2915,7047,141.75,47.01,866.8
N20003698,Bangor_East_and_Donaghadee_G1,north down|ballymagee,12.75,2094,7016,235.05,48.36,948.3
N20003695,Bangor_East_and_Donaghadee_D3,north down|ballymagee,14.23,2094,7016,235.05,48.36,948.3
N20003646,Bangor_Central_G2,north down|ballymagee,15.63,2094,7016,235.05,48.36,948.3
N20003645,Bangor_Central_G1,north down|ballymagee,14.11,2094,7016,235.05,48.36,948.3
N20003643,Bangor_Central_B5,north down|ballymagee,7.5,2094,7016,235.05,48.36,948.3
N20003692,Bangor_East_and_Donaghadee_D1,north down|ballymagee,3.97,2094,7016,235.05,48.36,948.3
N20003694,Bangor_East_and_Donaghadee_D2,north down|ballymagee,14.33,2094,7016,235.05,48.36,948.3
N20003696,Bangor_East_and_Donaghadee_F1,north down|ballymagee,16.03,2094,7016,235.05,48.36,948.3
N20003691,Bangor_East_and_Donaghadee_B7,north down|groomsport,12.2,2750,4158,51.2,48.05,486.9
N20003690,Bangor_East_and_Donaghadee_B6,north down|groomsport,8.9,2750,4158,51.2,48.05,486.9
N20003635,Bangor_Central_B3,north down|churchill,16.36,2582,2588,0.23,45.21,3534.7
N20003641,Bangor_Central_E5,north down|ballymagee,5.6,2094,7016,235.05,48.36,948.3
N20003634,Bangor_Central_E3,north down|churchill,9.3,2582,2588,0.23,45.21,3534.7
N20003638,Bangor_Central_E4,north down|ballymagee,10.04,2094,7016,235.05,48.36,948.3
N20003637,Bangor_Central_B4,north down|churchill,11.2,2582,2588,0.23,45.21,3534.7
N20003627,Bangor_Central_E1,north down|churchill,11.26,2582,2588,0.23,45.21,3534.7
N20003629,Bangor_Central_E2,north down|ballyholme,9.8,2232,2246,0.63,43.86,2978.2
N20003622,Bangor_Central_B1,north down|ballyholme,19.15,2232,2246,0.63,43.86,2978.2
N20003625,Bangor_Central_B2,north down|churchill,15.98,2582,2588,0.23,45.21,3534.7
N20003687,Bangor_East_and_Donaghadee_B4,north down|groomsport,14.55,2750,4158,51.2,48.05,486.9
N20003684,Bangor_East_and_Donaghadee_B2,north down|groomsport,15.91,2750,4158,51.2,48.05,486.9
N20003683,Bangor_East_and_Donaghadee_B1,north down|groomsport,7.89,2750,4158,51.2,48.05,486.9
N20003686,Bangor_East_and_Donaghadee_B3,north down|groomsport,9.26,2750,4158,51.2,48.05,486.9
N20003689,Bangor_East_and_Donaghadee_B5,north down|groomsport,6.23,2750,4158,51.2,48.05,486.9
N20003688,Bangor_East_and_Donaghadee_C1,ards|donaghadee north,32.72,2226,2248,0.99,46.89,137.6
N20003693,Bangor_East_and_Donaghadee_C2,ards|donaghadee north,33.88,2226,2248,0.99,46.89,137.6
N20003700,Bangor_East_and_Donaghadee_C3,ards|donaghadee north,32.18,2226,2248,0.99,46.89,137.6
N20003713,Bangor_East_and_Donaghadee_J3,ards|donaghadee north,47.89,2226,2248,0.99,46.89,137.6
N20003723,Bangor_East_and_Donaghadee_J7,ards|donaghadee south,6.75,2868,3310,15.41,45.86,339.0
N20003720,Bangor_East_and_Donaghadee_J6,ards|donaghadee south,5.39,2868,3310,15.41,45.86,339.0
N20003707,Bangor_East_and_Donaghadee_J1,ards|donaghadee north,7.84,2226,2248,0.99,46.89,137.6
N20003704,Bangor_East_and_Donaghadee_C4,ards|donaghadee north,22.71,2226,2248,0.99,46.89,137.6
N20003711,Bangor_East_and_Donaghadee_J2,ards|donaghadee south,7.34,2868,3310,15.41,45.86,339.0
N20003715,Bangor_East_and_Donaghadee_J4,ards|donaghadee south,5.83,2868,3310,15.41,45.86,339.0
N20003718,Bangor_East_and_Donaghadee_J5,ards|donaghadee south,20.81,2868,3310,15.41,45.86,339.0
N20003725,Bangor_East_and_Donaghadee_K3,ards|donaghadee south,15.78,2868,3310,15.41,45.86,339.0
N20003722,Bangor_East_and_Donaghadee_K1,ards|donaghadee south,20.8,2868,3310,15.41,45.86,339.0
N20003728,Bangor_East_and_Donaghadee_K5,ards|donaghadee south,18.41,2868,3310,15.41,45.86,339.0
N20003729,Bangor_East_and_Donaghadee_K6,ards|donaghadee south,16.14,2868,3310,15.41,45.86,339.0
N20003727,Bangor_East_and_Donaghadee_K4,ards|donaghadee south,14.32,2868,3310,15.41,45.86,339.0
N20003724,Bangor_East_and_Donaghadee_K2,ards|donaghadee south,7.85,2868,3310,15.41,45.86,339.0
N20003726,Bangor_East_and_Donaghadee_E4,ards|donaghadee north,520.28,2226,2248,0.99,46.89,137.6
N20003721,Bangor_East_and_Donaghadee_E3,ards|donaghadee north,780.81,2226,2248,0.99,46.89,137.6
N20003730,Ards_Peninsula_C1,ards|donaghadee south,774.6,2868,3310,15.41,45.86,339.0
N20003737,Ards_Peninsula_C3,ards|carrowdore,684.16,2548,2991,17.39,49.21,97.7
N20003736,Ards_Peninsula_A5,ards|carrowdore,22.88,2548,2991,17.39,49.21,97.7
N20003734,Ards_Peninsula_A3,ards|carrowdore,11.17,2548,2991,17.39,49.21,97.7
N20003735,Ards_Peninsula_A4,ards|carrowdore,8.96,2548,2991,17.39,49.21,97.7
N20003732,Ards_Peninsula_A1,ards|carrowdore,27.58,2548,2991,17.39,49.21,97.7
N20003733,Ards_Peninsula_A2,ards|carrowdore,12.03,2548,2991,17.39,49.21,97.7
N20003685,Bangor_East_and_Donaghadee_E2,north down|groomsport,1232.39,2750,4158,51.2,48.05,486.9
N20003679,Bangor_East_and_Donaghadee_E1,north down|groomsport,53.29,2750,4158,51.2,48.05,486.9
N20002743,Larne_Lough_E2,larne|island magee,1446.8,1581,1534,-2.97,48.57,57.8
N20002752,Larne_Lough_G3,larne|ballycarry,10.85,1683,1650,-1.96,50.06,54.3
N20002750,Larne_Lough_G2,larne|ballycarry,9.38,1683,1650,-1.96,50.06,54.3
N20002749,Larne_Lough_G1,larne|ballycarry,29.92,1683,1650,-1.96,50.06,54.3
N20002753,Larne_Lough_G4,larne|ballycarry,30.42,1683,1650,-1.96,50.06,54.3
N20002748,Larne_Lough_F4,larne|island magee,8.41,1581,1534,-2.97,48.57,57.8
N20002751,Larne_Lough_E3,larne|island magee,270.63,1581,1534,-2.97,48.57,57.8
N20002757,Larne_Lough_J2,carrickfergus|blackhead,11.68,1488,2264,52.15,46.69,879.4
N20002754,Larne_Lough_H1,carrickfergus|blackhead,5.83,1488,2264,52.15,46.69,879.4
N20002755,Larne_Lough_J1,carrickfergus|blackhead,29.38,1488,2264,52.15,46.69,879.4
N20002756,Larne_Lough_H2,carrickfergus|blackhead,9.37,1488,2264,52.15,46.69,879.4
N20002760,Larne_Lough_H4,carrickfergus|blackhead,15.88,1488,2264,52.15,46.69,879.4
N20002761,Larne_Lough_J3,carrickfergus|whitehead,13.78,1444,1403,-2.84,46.47,224.8
N20002762,Larne_Lough_J4,carrickfergus|whitehead,32.98,1444,1403,-2.84,46.47,224.8
N20002759,Larne_Lough_H3,carrickfergus|blackhead,4.74,1488,2264,52.15,46.69,879.4
N20002758,Larne_Lough_F5,carrickfergus|whitehead,961.85,1444,1403,-2.84,46.47,224.8
N20002767,Carrick_Castle_B1,carrickfergus|eden,607.35,1999,2123,6.2,49.69,96.4
N20002779,Carrick_Castle_B3,carrickfergus|eden,9.19,1999,2123,6.2,49.69,96.4
N20003680,Bangor_East_and_Donaghadee_A1,north down|groomsport,22.05,2750,4158,51.2,48.05,486.9
N20003682,Bangor_East_and_Donaghadee_A3,north down|groomsport,8.36,2750,4158,51.2,48.05,486.9
N20003681,Bangor_East_and_Donaghadee_A2,north down|groomsport,10.62,2750,4158,51.2,48.05,486.9
N20003621,Bangor_Central_A1,north down|bangor harbour,18.79,2395,2127,-11.19,45.23,3223.2
N20003538,Holywood_and_Clandeboye_A2,north down|crawfordsburn,45.33,2248,2904,29.18,47.35,344.7
N20003537,Holywood_and_Clandeboye_A1,north down|crawfordsburn,50.43,2248,2904,29.18,47.35,344.7
N20002830,Knockagh_J1,carrickfergus|lower greenisland,40.8,2179,1928,-11.52,47.3,817.3
N20002800,Carrick_Castle_J3,carrickfergus|trooperslane,21.68,1714,1373,-19.89,45.01,535.1
N20002798,Carrick_Castle_J1,carrickfergus|castle,12.6,1363,979,-28.17,45.86,1979.3
N20002796,Carrick_Castle_H2,carrickfergus|castle,11.13,1363,979,-28.17,45.86,1979.3
N20002795,Carrick_Castle_G4,carrickfergus|castle,32.18,1363,979,-28.17,45.86,1979.3
N20002792,Carrick_Castle_G2,carrickfergus|sunnylands,13.2,1871,1442,-22.93,48.06,4970.8
N20002794,Carrick_Castle_H1,carrickfergus|sunnylands,8.34,1871,1442,-22.93,48.06,4970.8
N20002821,Knockagh_E3,carrickfergus|clipperstown,17.08,1895,2524,33.19,48.38,4664.8
N20002817,Knockagh_E1,carrickfergus|northland,6.25,2173,1875,-13.71,49.71,12071.9
N20002811,Knockagh_D1,carrickfergus|northland,6.56,2173,1875,-13.71,49.71,12071.9
N20002816,Knockagh_D4,carrickfergus|love lane,5.56,2527,3591,42.11,48.45,3234.8
N20002815,Knockagh_D3,carrickfergus|northland,3.63,2173,1875,-13.71,49.71,12071.9
N20002790,Carrick_Castle_G1,carrickfergus|love lane,41.36,2527,3591,42.11,48.45,3234.8
N20002786,Carrick_Castle_E5,carrickfergus|victoria,15.82,1800,1399,-22.28,47.61,1252.9
N20002782,Carrick_Castle_E4,carrickfergus|boneybefore,5.23,1828,2320,26.91,49.31,1924.7
N20002785,Carrick_Castle_F1,carrickfergus|boneybefore,7.75,1828,2320,26.91,49.31,1924.7
N20002788,Carrick_Castle_F3,carrickfergus|boneybefore,8.79,1828,2320,26.91,49.31,1924.7
N20002787,Carrick_Castle_F2,carrickfergus|victoria,5.67,1800,1399,-22.28,47.61,1252.9
N20002791,Carrick_Castle_F5,carrickfergus|victoria,7.56,1800,1399,-22.28,47.61,1252.9
N20002793,Carrick_Castle_G3,carrickfergus|victoria,14.17,1800,1399,-22.28,47.61,1252.9
N20002789,Carrick_Castle_F4,carrickfergus|boneybefore,19.72,1828,2320,26.91,49.31,1924.7
N20002783,Carrick_Castle_C4,carrickfergus|boneybefore,11.08,1828,2320,26.91,49.31,1924.7
N20002784,Carrick_Castle_B4,carrickfergus|eden,14.05,1999,2123,6.2,49.69,96.4
N20002778,Carrick_Castle_B2,carrickfergus|eden,14.1,1999,2123,6.2,49.69,96.4
N20002777,Carrick_Castle_E3,carrickfergus|boneybefore,10.37,1828,2320,26.91,49.31,1924.7
N20002775,Carrick_Castle_C3,carrickfergus|eden,46.78,1999,2123,6.2,49.69,96.4
N20002771,Carrick_Castle_E1,carrickfergus|boneybefore,13.01,1828,2320,26.91,49.31,1924.7
N20002769,Carrick_Castle_A5,carrickfergus|boneybefore,15.11,1828,2320,26.91,49.31,1924.7
N20002770,Carrick_Castle_C2,carrickfergus|eden,13.92,1999,2123,6.2,49.69,96.4
N20002768,Carrick_Castle_C1,carrickfergus|eden,119.39,1999,2123,6.2,49.69,96.4
N20002764,Carrick_Castle_A2,carrickfergus|boneybefore,10.55,1828,2320,26.91,49.31,1924.7
N20002765,Carrick_Castle_A3,carrickfergus|eden,10.34,1999,2123,6.2,49.69,96.4
N20002766,Carrick_Castle_A4,carrickfergus|boneybefore,11.39,1828,2320,26.91,49.31,1924.7
N20002773,Carrick_Castle_D2,carrickfergus|love lane,11.08,2527,3591,42.11,48.45,3234.8
N20002772,Carrick_Castle_D1,carrickfergus|love lane,16.04,2527,3591,42.11,48.45,3234.8
N20002774,Carrick_Castle_E2,carrickfergus|victoria,68.74,1800,1399,-22.28,47.61,1252.9
N20002780,Carrick_Castle_D4,carrickfergus|love lane,9.99,2527,3591,42.11,48.45,3234.8
N20002781,Carrick_Castle_D5,carrickfergus|love lane,8.42,2527,3591,42.11,48.45,3234.8
N20002776,Carrick_Castle_D3,carrickfergus|love lane,4.45,2527,3591,42.11,48.45,3234.8
N20002803,Knockagh_B1,carrickfergus|woodburn,11.26,1251,2004,60.19,50.45,53.3
N20002804,Knockagh_B2,carrickfergus|woodburn,22.28,1251,2004,60.19,50.45,53.3
N20002805,Knockagh_C1,carrickfergus|woodburn,8.37,1251,2004,60.19,50.45,53.3
N20002807,Knockagh_C3,carrickfergus|woodburn,7.2,1251,2004,60.19,50.45,53.3
N20002806,Knockagh_C2,carrickfergus|woodburn,8.86,1251,2004,60.19,50.45,53.3
N20002809,Knockagh_A2,carrickfergus|woodburn,2620.91,1251,2004,60.19,50.45,53.3
N20002812,Knockagh_F1,carrickfergus|woodburn,21.66,1251,2004,60.19,50.45,53.3
N20002810,Knockagh_C4,carrickfergus|woodburn,11.91,1251,2004,60.19,50.45,53.3
N20002808,Knockagh_B3,carrickfergus|woodburn,58.21,1251,2004,60.19,50.45,53.3
N20002813,Knockagh_D2,carrickfergus|northland,5.87,2173,1875,-13.71,49.71,12071.9
N20002814,Knockagh_C5,carrickfergus|woodburn,17.39,1251,2004,60.19,50.45,53.3
N20002819,Knockagh_F2,carrickfergus|clipperstown,12.75,1895,2524,33.19,48.38,4664.8
N20002818,Knockagh_E2,carrickfergus|clipperstown,6.75,1895,2524,33.19,48.38,4664.8
N20002822,Knockagh_F4,carrickfergus|clipperstown,25.43,1895,2524,33.19,48.38,4664.8
N20002820,Knockagh_F3,carrickfergus|woodburn,13.96,1251,2004,60.19,50.45,53.3
N20002797,Carrick_Castle_H3,carrickfergus|castle,14.87,1363,979,-28.17,45.86,1979.3
N20002799,Carrick_Castle_J2,carrickfergus|trooperslane,12.98,1714,1373,-19.89,45.01,535.1
N20002801,Carrick_Castle_J4,carrickfergus|trooperslane,9.79,1714,1373,-19.89,45.01,535.1
N20002823,Knockagh_F5,carrickfergus|trooperslane,92.31,1714,1373,-19.89,45.01,535.1
N20002824,Knockagh_F6,carrickfergus|trooperslane,58.25,1714,1373,-19.89,45.01,535.1
N20000121,Ballyclare_F5,newtownabbey|ballynure,1916.24,2196,2102,-4.28,49.9,46.8
N20000135,Three_Mile_Water_D2,newtownabbey|carnmoney,19.46,3290,8099,146.17,48.75,5605.4
N20000144,Three_Mile_Water_D4,newtownabbey|carnmoney,6.36,3290,8099,146.17,48.75,5605.4
N20000151,Three_Mile_Water_H2,newtownabbey|carnmoney,9.46,3290,8099,146.17,48.75,5605.4
N20000148,Three_Mile_Water_H1,newtownabbey|carnmoney,7.21,3290,8099,146.17,48.75,5605.4
N20000136,Three_Mile_Water_D3,newtownabbey|carnmoney,14.63,3290,8099,146.17,48.75,5605.4
N20000142,Three_Mile_Water_F1,newtownabbey|carnmoney,5.07,3290,8099,146.17,48.75,5605.4
N20000145,Three_Mile_Water_F2,newtownabbey|carnmoney,5.19,3290,8099,146.17,48.75,5605.4
N20000147,Three_Mile_Water_F3,newtownabbey|carnmoney,9.05,3290,8099,146.17,48.75,5605.4
N20000139,Three_Mile_Water_B3,newtownabbey|jordanstown,44.46,2913,3890,33.54,48.28,495.7
N20000137,Three_Mile_Water_B2,newtownabbey|jordanstown,13.59,2913,3890,33.54,48.28,495.7
N20000138,Three_Mile_Water_K1,newtownabbey|jordanstown,12.55,2913,3890,33.54,48.28,495.7
N20000146,Three_Mile_Water_J1,newtownabbey|monkstown,5.1,4461,3674,-17.64,48.42,2781.6
N20000128,Three_Mile_Water_C2,newtownabbey|jordanstown,14.66,2913,3890,33.54,48.28,495.7
N20000133,Three_Mile_Water_C3,newtownabbey|jordanstown,20.12,2913,3890,33.54,48.28,495.7
N20000126,Three_Mile_Water_C1,newtownabbey|jordanstown,13.22,2913,3890,33.54,48.28,495.7
N20000125,Three_Mile_Water_B1,newtownabbey|jordanstown,545.51,2913,3890,33.54,48.28,495.7
N20002825,Knockagh_G1,carrickfergus|knockagh,33.8,1531,1589,3.79,48.77,497.2
N20002828,Knockagh_H1,carrickfergus|middle greenisland,14.05,1981,1574,-20.55,47.14,6523.1
N20002827,Knockagh_G3,carrickfergus|knockagh,10.05,1531,1589,3.79,48.77,497.2
N20002826,Knockagh_G2,carrickfergus|knockagh,32.69,1531,1589,3.79,48.77,497.2
N20002832,Knockagh_G4,carrickfergus|knockagh,46.29,1531,1589,3.79,48.77,497.2
N20002833,Knockagh_H4,carrickfergus|middle greenisland,6.92,1981,1574,-20.55,47.14,6523.1
N20002829,Knockagh_H2,carrickfergus|knockagh,9.41,1531,1589,3.79,48.77,497.2
N20002831,Knockagh_H3,carrickfergus|middle greenisland,6.84,1981,1574,-20.55,47.14,6523.1
N20002834,Knockagh_H5,carrickfergus|lower greenisland,8.29,2179,1928,-11.52,47.3,817.3
N20002835,Knockagh_J2,carrickfergus|lower greenisland,9.74,2179,1928,-11.52,47.3,817.3
N20002836,Knockagh_J3,carrickfergus|lower greenisland,19.36,2179,1928,-11.52,47.3,817.3
N20000140,Three_Mile_Water_G1,carrickfergus|lower greenisland,95.15,2179,1928,-11.52,47.3,817.3
N20000132,Three_Mile_Water_E1,newtownabbey|jordanstown,22.63,2913,3890,33.54,48.28,495.7
N20000134,Three_Mile_Water_E2,newtownabbey|jordanstown,19.43,2913,3890,33.54,48.28,495.7
N20000143,Three_Mile_Water_E3,newtownabbey|jordanstown,30.55,2913,3890,33.54,48.28,495.7
N20000149,Three_Mile_Water_E4,newtownabbey|jordanstown,21.13,2913,3890,33.54,48.28,495.7
N20000160,Three_Mile_Water_G4,newtownabbey|jordanstown,10.06,2913,3890,33.54,48.28,495.7
N20000169,Macedon_B3,newtownabbey|rostulla,12.53,2834,3025,6.74,46.88,1601.5
N20000167,Macedon_B2,newtownabbey|rostulla,16.39,2834,3025,6.74,46.88,1601.5
N20000166,Macedon_B1,newtownabbey|rostulla,16.05,2834,3025,6.74,46.88,1601.5
N20000162,Three_Mile_Water_G5,newtownabbey|rostulla,47.88,2834,3025,6.74,46.88,1601.5
N20000158,Three_Mile_Water_G3,newtownabbey|rostulla,19.02,2834,3025,6.74,46.88,1601.5
N20000152,Three_Mile_Water_G2,newtownabbey|rostulla,26.95,2834,3025,6.74,46.88,1601.5
N20000177,Macedon_B5,newtownabbey|whiteabbey,8.52,3187,2696,-15.41,45.22,1804.6
N20000172,Macedon_B4,newtownabbey|rostulla,11.32,2834,3025,6.74,46.88,1601.5
N20000178,Macedon_E1,newtownabbey|whiteabbey,10.11,3187,2696,-15.41,45.22,1804.6
N20000186,Macedon_H1,newtownabbey|whiteabbey,17.32,3187,2696,-15.41,45.22,1804.6
N20000185,Macedon_E3,newtownabbey|whiteabbey,13.14,3187,2696,-15.41,45.22,1804.6
N20000179,Macedon_E2,newtownabbey|whiteabbey,30.27,3187,2696,-15.41,45.22,1804.6
N20000183,Macedon_F2,newtownabbey|coole,13.73,3610,2665,-26.18,49.42,7877.2
N20000184,Macedon_F3,newtownabbey|coole,5.53,3610,2665,-26.18,49.42,7877.2
N20000182,Macedon_D3,newtownabbey|dunanney,9.69,3736,2728,-26.98,48.09,4745.6
N20000181,Macedon_F1,newtownabbey|coole,8.54,3610,2665,-26.18,49.42,7877.2
N20000174,Macedon_D1,newtownabbey|cloughfern,16.7,4326,3723,-13.94,48.86,1111.1
N20000176,Macedon_C5,newtownabbey|cloughfern,6.17,4326,3723,-13.94,48.86,1111.1
N20000175,Macedon_C4,newtownabbey|cloughfern,5.47,4326,3723,-13.94,48.86,1111.1
N20000171,Macedon_C3,newtownabbey|monkstown,9.32,4461,3674,-17.64,48.42,2781.6
N20000163,Three_Mile_Water_K4,newtownabbey|monkstown,6.24,4461,3674,-17.64,48.42,2781.6
N20000168,Macedon_C1,newtownabbey|monkstown,12.3,4461,3674,-17.64,48.42,2781.6
N20000170,Macedon_C2,newtownabbey|monkstown,8.28,4461,3674,-17.64,48.42,2781.6
N20000159,Three_Mile_Water_J4,newtownabbey|monkstown,14.59,4461,3674,-17.64,48.42,2781.6
N20000150,Three_Mile_Water_J2,newtownabbey|monkstown,4.21,4461,3674,-17.64,48.42,2781.6
N20000155,Three_Mile_Water_J3,newtownabbey|monkstown,15.54,4461,3674,-17.64,48.42,2781.6
N20000161,Three_Mile_Water_K3,newtownabbey|monkstown,58.45,4461,3674,-17.64,48.42,2781.6
N20000153,Three_Mile_Water_K2,newtownabbey|jordanstown,28.16,2913,3890,33.54,48.28,495.7
N20000165,Macedon_A2,newtownabbey|cloughfern,113.31,4326,3723,-13.94,48.86,1111.1
N20000154,Three_Mile_Water_F4,newtownabbey|carnmoney,15.54,3290,8099,146.17,48.75,5605.4
N20000156,Three_Mile_Water_H3,newtownabbey|carnmoney,12.02,3290,8099,146.17,48.75,5605.4
N20000157,Three_Mile_Water_H4,newtownabbey|carnmoney,11.29,3290,8099,146.17,48.75,5605.4
N20000164,Macedon_A1,newtownabbey|cloughfern,58.9,4326,3723,-13.94,48.86,1111.1
N20000173,Macedon_A3,newtownabbey|cloughfern,69.09,4326,3723,-13.94,48.86,1111.1
N20000180,Macedon_D2,newtownabbey|cloughfern,76.49,4326,3723,-13.94,48.86,1111.1
N20000244,Glengormley_Urban_J2,newtownabbey|whitewell,32.06,3857,4090,6.04,50.66,981.1
N20000245,Glengormley_Urban_J3,newtownabbey|whitewell,5.51,3857,4090,6.04,50.66,981.1
N20000249,Glengormley_Urban_J4,newtownabbey|whitewell,9.3,3857,4090,6.04,50.66,981.1
N20000246,Glengormley_Urban_K1,newtownabbey|whitewell,20.55,3857,4090,6.04,50.66,981.1
N20000240,Glengormley_Urban_F4,newtownabbey|glengormley,6.63,3784,4453,17.68,49.18,4455.7
N20000243,Glengormley_Urban_J1,newtownabbey|whitewell,5.38,3857,4090,6.04,50.66,981.1
N20000238,Glengormley_Urban_F3,newtownabbey|glengormley,10.97,3784,4453,17.68,49.18,4455.7
N20000231,Glengormley_Urban_F1,newtownabbey|glengormley,14.19,3784,4453,17.68,49.18,4455.7
N20000233,Glengormley_Urban_F2,newtownabbey|glengormley,8.62,3784,4453,17.68,49.18,4455.7
N20000230,Glengormley_Urban_D4,newtownabbey|glengormley,8.61,3784,4453,17.68,49.18,4455.7
N20000237,Glengormley_Urban_H2,newtownabbey|glengormley,12.08,3784,4453,17.68,49.18,4455.7
N20000236,Glengormley_Urban_H1,newtownabbey|ballyhenry,9.91,3169,4415,39.32,48.74,2728.1
N20000232,Glengormley_Urban_G1,newtownabbey|ballyhenry,12.53,3169,4415,39.32,48.74,2728.1
N20000235,Glengormley_Urban_G3,newtownabbey|ballyhenry,6.55,3169,4415,39.32,48.74,2728.1
N20000241,Glengormley_Urban_G5,newtownabbey|mossgrove,6.82,3247,3185,-1.91,49.04,5160.2
N20000242,Glengormley_Urban_H3,newtownabbey|mossgrove,7.83,3247,3185,-1.91,49.04,5160.2
N20000247,Glengormley_Urban_K2,newtownabbey|mossgrove,9.22,3247,3185,-1.91,49.04,5160.2
N20000248,Glengormley_Urban_L1,newtownabbey|mallusk,34.22,2089,1961,-6.13,50.23,64.5
N20000273,Airport_E3,newtownabbey|mallusk,7.32,2089,1961,-6.13,50.23,64.5
N20000276,Airport_E5,newtownabbey|mallusk,14.06,2089,1961,-6.13,50.23,64.5
N20000270,Airport_E1,newtownabbey|mallusk,48.79,2089,1961,-6.13,50.23,64.5
N20000239,Glengormley_Urban_G4,newtownabbey|mossgrove,15.05,3247,3185,-1.91,49.04,5160.2
N20000234,Glengormley_Urban_G2,newtownabbey|mossgrove,7.63,3247,3185,-1.91,49.04,5160.2
N20000227,Glengormley_Urban_C4,newtownabbey|ballyhenry,20.95,3169,4415,39.32,48.74,2728.1
N20000267,Airport_D2,newtownabbey|mallusk,76.77,2089,1961,-6.13,50.23,64.5
N20000219,Glengormley_Urban_C3,newtownabbey|ballyhenry,20.91,3169,4415,39.32,48.74,2728.1
N20000215,Glengormley_Urban_C2,newtownabbey|ballyhenry,10.03,3169,4415,39.32,48.74,2728.1
N20000217,Glengormley_Urban_A3,newtownabbey|ballyhenry,12.85,3169,4415,39.32,48.74,2728.1
N20000218,Glengormley_Urban_B3,newtownabbey|mossley,16.94,3220,5321,65.25,48.13,2701.4
N20000222,Glengormley_Urban_E1,newtownabbey|ballyhenry,9.1,3169,4415,39.32,48.74,2728.1
N20000225,Glengormley_Urban_E2,newtownabbey|ballyhenry,6.18,3169,4415,39.32,48.74,2728.1
N20000228,Glengormley_Urban_E3,newtownabbey|ballyhenry,23.61,3169,4415,39.32,48.74,2728.1
N20000229,Glengormley_Urban_E4,newtownabbey|glengormley,6.2,3784,4453,17.68,49.18,4455.7
N20000221,Glengormley_Urban_D1,newtownabbey|ballyhenry,9.36,3169,4415,39.32,48.74,2728.1
N20000223,Glengormley_Urban_D2,newtownabbey|ballyhenry,6.93,3169,4415,39.32,48.74,2728.1
N20000226,Glengormley_Urban_D3,newtownabbey|ballyhenry,8.71,3169,4415,39.32,48.74,2728.1
N20000224,Glengormley_Urban_B5,newtownabbey|carnmoney,13.73,3290,8099,146.17,48.75,5605.4
N20000220,Glengormley_Urban_B4,newtownabbey|mossley,11.07,3220,5321,65.25,48.13,2701.4
N20000216,Glengormley_Urban_B2,newtownabbey|mossley,9.78,3220,5321,65.25,48.13,2701.4
N20000214,Glengormley_Urban_B1,newtownabbey|carnmoney,9.48,3290,8099,146.17,48.75,5605.4
N20000213,Glengormley_Urban_A2,newtownabbey|mossley,26.7,3220,5321,65.25,48.13,2701.4
N20000212,Glengormley_Urban_A1,newtownabbey|mossley,6.27,3220,5321,65.25,48.13,2701.4
N20000141,Three_Mile_Water_A5,newtownabbey|mossley,15.86,3220,5321,65.25,48.13,2701.4
N20000129,Three_Mile_Water_A3,newtownabbey|mossley,84.46,3220,5321,65.25,48.13,2701.4
N20000127,Three_Mile_Water_A2,newtownabbey|mossley,6.71,3220,5321,65.25,48.13,2701.4
N20000131,Three_Mile_Water_A4,newtownabbey|mossley,5.48,3220,5321,65.25,48.13,2701.4
N20000130,Three_Mile_Water_D1,newtownabbey|mossley,16.29,3220,5321,65.25,48.13,2701.4
N20000211,Glengormley_Urban_C1,newtownabbey|ballyhenry,13.28,3169,4415,39.32,48.74,2728.1
N20000262,Airport_C2,newtownabbey|mallusk,867.69,2089,1961,-6.13,50.23,64.5
N20000266,Airport_C3,newtownabbey|mallusk,354.44,2089,1961,-6.13,50.23,64.5
N20000265,Airport_D1,newtownabbey|mallusk,188.51,2089,1961,-6.13,50.23,64.5
N20000269,Airport_D3,newtownabbey|mallusk,16.73,2089,1961,-6.13,50.23,64.5
N20000271,Airport_D4,newtownabbey|mallusk,77.45,2089,1961,-6.13,50.23,64.5
N20000272,Airport_E2,newtownabbey|mallusk,9.07,2089,1961,-6.13,50.23,64.5
N20000275,Airport_E4,newtownabbey|mallusk,7.02,2089,1961,-6.13,50.23,64.5
N20000261,Airport_C1,antrim|templepatrick,2290.9,1918,2089,8.92,48.88,58.3
N20000259,Airport_A2,antrim|templepatrick,38.15,1918,2089,8.92,48.88,58.3
N20000257,Airport_A1,antrim|templepatrick,18.8,1918,2089,8.92,48.88,58.3
N20000260,Airport_A3,antrim|templepatrick,29.01,1918,2089,8.92,48.88,58.3
N20000031,Dunsilly_B6,antrim|parkgate,25.4,1664,1702,2.28,50.29,30.2
N20000026,Dunsilly_B4,antrim|parkgate,1114.93,1664,1702,2.28,50.29,30.2
N20000119,Ballyclare_G4,newtownabbey|doagh,22.18,2450,2968,21.14,47.68,228.6
N20000118,Ballyclare_G3,newtownabbey|doagh,10.92,2450,2968,21.14,47.68,228.6
N20000116,Ballyclare_G1,newtownabbey|doagh,19.7,2450,2968,21.14,47.68,228.6
N20000117,Ballyclare_G2,newtownabbey|doagh,10.82,2450,2968,21.14,47.68,228.6
N20000114,Ballyclare_E4,newtownabbey|doagh,9.58,2450,2968,21.14,47.68,228.6
N20000112,Ballyclare_C6,newtownabbey|doagh,7.63,2450,2968,21.14,47.68,228.6
N20000113,Ballyclare_D6,newtownabbey|ballynure,46.08,2196,2102,-4.28,49.9,46.8
N20000115,Ballyclare_E5,newtownabbey|doagh,53.6,2450,2968,21.14,47.68,228.6
N20000120,Ballyclare_H1,newtownabbey|doagh,790.61,2450,2968,21.14,47.68,228.6
N20000122,Ballyclare_H2,newtownabbey|mallusk,1035.92,2089,1961,-6.13,50.23,64.5
N20000123,Ballyclare_H3,newtownabbey|mallusk,18.11,2089,1961,-6.13,50.23,64.5
N20000124,Three_Mile_Water_A1,newtownabbey|ballynure,546.42,2196,2102,-4.28,49.9,46.8
N20000106,Ballyclare_D4,newtownabbey|ballyclare,10.43,1999,1541,-22.91,50.42,934.0
N20000101,Ballyclare_D2,newtownabbey|ballyclare,10.48,1999,1541,-22.91,50.42,934.0
N20000100,Ballyclare_F4,newtownabbey|ballynure,1144.91,2196,2102,-4.28,49.9,46.8
N20000086,Ballyclare_F1,newtownabbey|ballynure,56.24,2196,2102,-4.28,49.9,46.8
N20000087,Ballyclare_A1,newtownabbey|ballyeaston,732.76,2504,3762,50.24,49.73,175.8
N20000094,Ballyclare_B4,newtownabbey|ballyeaston,41.38,2504,3762,50.24,49.73,175.8
N20000092,Ballyclare_B2,newtownabbey|ballyclare,52.37,1999,1541,-22.91,50.42,934.0
N20000093,Ballyclare_B3,newtownabbey|ballyeaston,12.04,2504,3762,50.24,49.73,175.8
N20000090,Ballyclare_B1,newtownabbey|ballyeaston,16.5,2504,3762,50.24,49.73,175.8
N20000097,Ballyclare_B5,newtownabbey|ballyeaston,25.81,2504,3762,50.24,49.73,175.8
N20000103,Ballyclare_C2,newtownabbey|ballyeaston,11.16,2504,3762,50.24,49.73,175.8
N20000095,Ballyclare_C1,newtownabbey|ballyeaston,5.45,2504,3762,50.24,49.73,175.8
N20000098,Ballyclare_D1,newtownabbey|ballyclare,12.49,1999,1541,-22.91,50.42,934.0
N20000102,Ballyclare_D3,newtownabbey|ballyclare,13.97,1999,1541,-22.91,50.42,934.0
N20000107,Ballyclare_D5,newtownabbey|ballyclare,11.32,1999,1541,-22.91,50.42,934.0
N20000108,Ballyclare_C5,newtownabbey|ballyclare,30.71,1999,1541,-22.91,50.42,934.0
N20000105,Ballyclare_C4,newtownabbey|ballyeaston,12.88,2504,3762,50.24,49.73,175.8
N20000111,Ballyclare_E3,newtownabbey|doagh,10.69,2450,2968,21.14,47.68,228.6
N20000109,Ballyclare_E1,newtownabbey|ballyeaston,15.89,2504,3762,50.24,49.73,175.8
N20000110,Ballyclare_E2,newtownabbey|ballyeaston,84.23,2504,3762,50.24,49.73,175.8
N20000104,Ballyclare_C3,newtownabbey|ballyeaston,12.57,2504,3762,50.24,49.73,175.8
N20000096,Ballyclare_A3,newtownabbey|ballyeaston,15.36,2504,3762,50.24,49.73,175.8
N20000099,Ballyclare_A4,newtownabbey|ballyeaston,619.97,2504,3762,50.24,49.73,175.8
N20000091,Ballyclare_A2,antrim|parkgate,8.46,1664,1702,2.28,50.29,30.2
N20000005,Dunsilly_B2,antrim|parkgate,1740.82,1664,1702,2.28,50.29,30.2
N20000002,Dunsilly_B1,newtownabbey|ballyeaston,1253.69,2504,3762,50.24,49.73,175.8
N20002679,Braid_F5,ballymena|glenwhirry,2301.56,1965,1940,-1.27,51.55,16.6
N20002742,Larne_Lough_D1,larne|kilwaughter,3529.11,1775,1576,-11.21,51.59,24.9
N20002746,Larne_Lough_D3,larne|kilwaughter,2137.21,1775,1576,-11.21,51.59,24.9
N20000088,Ballyclare_F2,newtownabbey|ballynure,142.07,2196,2102,-4.28,49.9,46.8
N20000089,Ballyclare_F3,newtownabbey|ballynure,745.18,2196,2102,-4.28,49.9,46.8
N20002802,Knockagh_A1,carrickfergus|woodburn,2568.54,1251,2004,60.19,50.45,53.3
N20002763,Carrick_Castle_A1,carrickfergus|eden,1138.23,1999,2123,6.2,49.69,96.4
N20002747,Larne_Lough_F3,larne|ballycarry,1662.0,1683,1650,-1.96,50.06,54.3
N20002744,Larne_Lough_D2,larne|glynn,1777.65,1872,1690,-9.72,50.06,50.9
N20002741,Larne_Lough_F1,larne|glynn,13.03,1872,1690,-9.72,50.06,50.9
N20002745,Larne_Lough_F2,larne|glynn,897.77,1872,1690,-9.72,50.06,50.9
N20002735,Larne_Lough_B5,larne|harbour,92.74,1946,1789,-8.07,51.09,1170.9
N20002738,Larne_Lough_C5,larne|ballyloran,10.76,2250,2038,-9.42,49.66,763.9
N20002733,Larne_Lough_C3,larne|ballyloran,13.44,2250,2038,-9.42,49.66,763.9
N20002737,Larne_Lough_C4,larne|ballyloran,15.08,2250,2038,-9.42,49.66,763.9
N20002736,Larne_Lough_B6,larne|glynn,29.8,1872,1690,-9.72,50.06,50.9
N20002732,Larne_Lough_B3,larne|glynn,18.6,1872,1690,-9.72,50.06,50.9
N20002734,Larne_Lough_B4,larne|central,14.53,1836,1398,-23.86,47.57,3045.5
N20002729,Larne_Lough_B2,larne|central,13.04,1836,1398,-23.86,47.57,3045.5
N20002724,Coast_Road_J5,larne|gardenmore,7.42,2032,2221,9.3,47.32,1852.7
N20002721,Coast_Road_J3,larne|gardenmore,6.98,2032,2221,9.3,47.32,1852.7
N20002720,Coast_Road_J2,larne|town parks,9.64,2107,1637,-22.31,46.67,3715.1
N20002715,Coast_Road_E5,larne|town parks,32.89,2107,1637,-22.31,46.67,3715.1
N20002713,Coast_Road_J1,larne|gardenmore,23.15,2032,2221,9.3,47.32,1852.7
N20002712,Coast_Road_H3,larne|craigyhill,6.27,2402,2009,-16.36,48.18,8432.0
N20002711,Coast_Road_H2,larne|craigyhill,7.03,2402,2009,-16.36,48.18,8432.0
N20002719,Coast_Road_H4,larne|antiville,19.3,2646,2337,-11.68,49.55,3977.4
N20002723,Coast_Road_H5,larne|antiville,7.0,2646,2337,-11.68,49.55,3977.4
N20002722,Coast_Road_J4,larne|antiville,32.53,2646,2337,-11.68,49.55,3977.4
N20002731,Larne_Lough_C2,larne|ballyloran,42.67,2250,2038,-9.42,49.66,763.9
N20002730,Larne_Lough_C1,larne|ballyloran,8.69,2250,2038,-9.42,49.66,763.9
N20002716,Coast_Road_F5,larne|ballyloran,39.0,2250,2038,-9.42,49.66,763.9
N20002710,Coast_Road_H1,larne|ballyloran,11.87,2250,2038,-9.42,49.66,763.9
N20002704,Coast_Road_E3,larne|ballyloran,10.74,2250,2038,-9.42,49.66,763.9
N20002706,Coast_Road_F4,larne|ballyloran,5.45,2250,2038,-9.42,49.66,763.9
N20002705,Coast_Road_F3,larne|ballyloran,7.26,2250,2038,-9.42,49.66,763.9
N20002700,Coast_Road_F2,larne|carncastle,9.37,1651,2245,35.98,49.09,49.3
N20002699,Coast_Road_F1,larne|carncastle,9.74,1651,2245,35.98,49.09,49.3
N20002702,Coast_Road_E1,larne|carncastle,7.46,1651,2245,35.98,49.09,49.3
N20002708,Coast_Road_E4,larne|craigyhill,7.21,2402,2009,-16.36,48.18,8432.0
N20002703,Coast_Road_E2,larne|gardenmore,52.5,2032,2221,9.3,47.32,1852.7
N20002697,Coast_Road_D3,larne|gardenmore,18.5,2032,2221,9.3,47.32,1852.7
N20002698,Coast_Road_D4,larne|blackcave,17.83,2284,3547,55.3,48.66,3333.7
N20002709,Coast_Road_G2,larne|blackcave,9.24,2284,3547,55.3,48.66,3333.7
N20002701,Coast_Road_D5,larne|blackcave,35.81,2284,3547,55.3,48.66,3333.7
N20002707,Coast_Road_G1,larne|blackcave,5.88,2284,3547,55.3,48.66,3333.7
N20002714,Coast_Road_G3,larne|blackcave,8.15,2284,3547,55.3,48.66,3333.7
N20002725,Larne_Lough_A1,larne|blackcave,9.72,2284,3547,55.3,48.66,3333.7
N20002718,Coast_Road_G4,larne|town parks,11.96,2107,1637,-22.31,46.67,3715.1
N20002717,Coast_Road_E6,larne|town parks,4.93,2107,1637,-22.31,46.67,3715.1
N20002727,Larne_Lough_B1,larne|central,15.0,1836,1398,-23.86,47.57,3045.5
N20002728,Larne_Lough_A3,larne|harbour,10.13,1946,1789,-8.07,51.09,1170.9
N20002726,Larne_Lough_A2,larne|harbour,44.29,1946,1789,-8.07,51.09,1170.9
N20002693,Coast_Road_C3,larne|carncastle,244.73,1651,2245,35.98,49.09,49.3
N20002695,Coast_Road_D1,larne|carncastle,50.46,1651,2245,35.98,49.09,49.3
N20002696,Coast_Road_D2,larne|blackcave,35.46,2284,3547,55.3,48.66,3333.7
N20002694,Coast_Road_C4,larne|carncastle,3185.96,1651,2245,35.98,49.09,49.3
N20002692,Coast_Road_C2,larne|carncastle,92.27,1651,2245,35.98,49.09,49.3
N20002740,Larne_Lough_C6,larne|kilwaughter,80.83,1775,1576,-11.21,51.59,24.9
N20002668,Braid_F3,ballymena|glenwhirry,6464.44,1965,1940,-1.27,51.55,16.6
N20002662,Braid_F1,ballymena|slemish,4907.35,1994,1731,-13.19,51.94,14.2
N20002690,Coast_Road_B3,larne|glenarm,1678.02,1728,1524,-11.81,49.8,20.1
N20002649,Braid_B3,ballymena|slemish,1417.29,1994,1731,-13.19,51.94,14.2
N20002642,Braid_B1,ballymena|slemish,6752.36,1994,1731,-13.19,51.94,14.2
N20002688,Coast_Road_A3,larne|carnlough,34.88,2104,2280,8.37,52.28,43.2
N20002689,Coast_Road_B2,larne|glenarm,583.43,1728,1524,-11.81,49.8,20.1
N20002691,Coast_Road_C1,larne|carncastle,3521.45,1651,2245,35.98,49.09,49.3
N20002739,Larne_Lough_E1,larne|island magee,997.43,1581,1534,-2.97,48.57,57.8
N20001667,The_Glens_E1,moyle|glendun,3153.77,1003,1045,4.19,50.81,10.1
N20001680,The_Glens_G2,moyle|glenariff,218.72,763,1060,38.93,49.72,20.0
N20001679,The_Glens_G1,moyle|glenariff,20.96,763,1060,38.93,49.72,20.0
N20001677,The_Glens_E4,moyle|glenaan,21.87,1148,1087,-5.31,50.05,68.5
N20001673,The_Glens_E2,moyle|glendun,1086.92,1003,1045,4.19,50.81,10.1
N20002687,Coast_Road_A2,larne|carnlough,34.94,2104,2280,8.37,52.28,43.2
N20002686,Coast_Road_A1,larne|carnlough,11.74,2104,2280,8.37,52.28,43.2
N20002685,Coast_Road_B1,larne|carnlough,4864.64,2104,2280,8.37,52.28,43.2
N20001682,The_Glens_G3,moyle|glenariff,14.59,763,1060,38.93,49.72,20.0
N20001684,The_Glens_G4,moyle|glenariff,5445.69,763,1060,38.93,49.72,20.0
N20002640,Braid_A2,ballymena|glenravel,288.62,2387,2510,5.15,50.4,27.7
N20001683,The_Glens_F5,ballymoney|ballyhoe and corkey,2907.2,1342,1395,3.95,52.54,17.8
N20002639,Braid_A1,ballymena|glenravel,3792.61,2387,2510,5.15,50.4,27.7
N20001723,Ballymoney_J2,ballymoney|clogh mills,28.15,1517,1558,2.7,48.91,64.6
N20001721,Ballymoney_J1,ballymoney|clogh mills,17.41,1517,1558,2.7,48.91,64.6
N20001725,Ballymoney_H6,ballymoney|clogh mills,1246.04,1517,1558,2.7,48.91,64.6
N20001719,Ballymoney_H3,ballymoney|dunloy,30.04,1385,1597,15.31,52.1,71.3
N20001724,Ballymoney_H5,ballymoney|dunloy,363.48,1385,1597,15.31,52.1,71.3
N20001722,Ballymoney_H4,ballymoney|killoquin lower,2672.36,1630,1400,-14.11,49.57,35.0
N20001718,Ballymoney_H2,ballymoney|dunloy,116.65,1385,1597,15.31,52.1,71.3
N20001716,Ballymoney_G2,ballymoney|kilraghts,3404.48,1142,1063,-6.92,53.34,29.8
N20001649,Causeway_L6,ballymoney|kilraghts,544.24,1142,1063,-6.92,53.34,29.8
N20001715,Ballymoney_G1,ballymoney|castlequarter,2264.55,1138,1030,-9.49,50.1,26.6
N20001681,The_Glens_F4,ballymoney|ballyhoe and corkey,255.5,1342,1395,3.95,52.54,17.8
N20001676,The_Glens_F2,ballymoney|castlequarter,1285.31,1138,1030,-9.49,50.1,26.6
N20001674,The_Glens_F1,ballymoney|stranocum,1718.13,1165,1050,-9.87,51.81,37.9
N20001672,The_Glens_D4,ballymoney|stranocum,701.1,1165,1050,-9.87,51.81,37.9
N20001645,Causeway_L3,ballymoney|dervock,2257.67,1191,1143,-4.03,48.73,36.0
N20001669,The_Glens_D1,moyle|moss side,958.55,703,679,-3.41,53.9,24.7
N20001670,The_Glens_D2,ballymoney|stranocum,779.64,1165,1050,-9.87,51.81,37.9
N20001671,The_Glens_D3,moyle|armoy,145.33,1051,1019,-3.04,51.72,25.1
N20001678,The_Glens_F3,ballymoney|ballyhoe and corkey,7583.58,1342,1395,3.95,52.54,17.8
N20001675,The_Glens_E3,moyle|glendun,6517.79,1003,1045,4.19,50.81,10.1
N20001665,The_Glens_C3,moyle|glenshesk,6071.01,1005,990,-1.49,51.01,10.5
N20001668,The_Glens_C5,moyle|armoy,5072.52,1051,1019,-3.04,51.72,25.1
N20001659,The_Glens_B3,moyle|quay,64.73,805,837,3.98,44.8,643.1
N20001657,The_Glens_B2,moyle|dalriada,27.64,1155,1314,13.77,46.88,1159.3
N20001661,The_Glens_B4,moyle|dalriada,19.12,1155,1314,13.77,46.88,1159.3
N20001663,The_Glens_B6,moyle|knocklayd,15.23,1063,1368,28.69,50.95,926.0
N20001662,The_Glens_B5,moyle|knocklayd,12.83,1063,1368,28.69,50.95,926.0
N20001660,The_Glens_A5,moyle|kinbane,22.41,786,728,-7.38,52.61,21.1
N20001664,The_Glens_B7,moyle|knocklayd,13.22,1063,1368,28.69,50.95,926.0
N20001656,The_Glens_A4,moyle|dalriada,28.35,1155,1314,13.77,46.88,1159.3
N20001655,The_Glens_A3,moyle|dalriada,16.74,1155,1314,13.77,46.88,1159.3
N20001654,The_Glens_A2,moyle|dalriada,4.15,1155,1314,13.77,46.88,1159.3
N20001653,The_Glens_A1,moyle|dalriada,45.78,1155,1314,13.77,46.88,1159.3
N20001651,The_Glens_B1,moyle|rathlin,1441.7,109,108,-0.92,52.78,7.5
N20001597,Causeway_A1,moyle|dunseverick,3699.72,746,697,-6.57,52.8,23.3
N20001652,The_Glens_C1,moyle|kinbane,2081.56,786,728,-7.38,52.61,21.1
N20001658,The_Glens_C2,moyle|ballintoy,2777.87,763,708,-7.21,48.59,27.9
N20001666,The_Glens_C4,moyle|moss side,2455.4,703,679,-3.41,53.9,24.7
N20001619,Causeway_A3,moyle|carnmoon,1950.06,890,758,-14.83,49.6,30.9
N20001639,Causeway_L1,moyle|carnmoon,864.93,890,758,-14.83,49.6,30.9
N20001636,Causeway_J3,moyle|ballylough,1700.85,1055,980,-7.11,50.61,62.7
N20001640,Causeway_K3,coleraine|knockantern,1313.89,2063,1906,-7.61,50.05,54.0
N20001627,Causeway_K1,coleraine|ballywillin,1537.31,2358,2672,13.32,49.25,103.4
N20001617,Causeway_J2,coleraine|dunluce,1706.93,1762,1780,1.02,49.27,42.8
N20001602,Causeway_J1,coleraine|dunluce,708.06,1762,1780,1.02,49.27,42.8
N20001598,Causeway_A2,coleraine|dunluce,290.21,1762,1780,1.02,49.27,42.8
N20001606,Causeway_C4,moyle|ballylough,14.94,1055,980,-7.11,50.61,62.7
N20001605,Causeway_C3,moyle|ballylough,7.0,1055,980,-7.11,50.61,62.7
N20001601,Causeway_C2,moyle|bushmills,70.33,934,994,6.42,50.2,95.8
N20001600,Causeway_C1,moyle|bushmills,7.4,934,994,6.42,50.2,95.8
N20001599,Causeway_B1,coleraine|portrush,25.08,2458,1817,-26.08,41.33,586.3
N20001603,Causeway_B2,coleraine|portrush,25.07,2458,1817,-26.08,41.33,586.3
N20001608,Causeway_D2,coleraine|dhu varren,7.03,2098,2135,1.76,45.48,3518.2
N20001607,Causeway_D1,coleraine|portrush,17.12,2458,1817,-26.08,41.33,586.3
N20001609,Causeway_E1,coleraine|portrush,15.29,2458,1817,-26.08,41.33,586.3
N20001613,Causeway_E3,coleraine|portrush,24.04,2458,1817,-26.08,41.33,586.3
N20001611,Causeway_E2,coleraine|dhu varren,22.58,2098,2135,1.76,45.48,3518.2
N20001612,Causeway_D4,coleraine|ballywillin,10.34,2358,2672,13.32,49.25,103.4
N20001610,Causeway_D3,coleraine|ballywillin,24.69,2358,2672,13.32,49.25,103.4
N20001604,Causeway_B3,coleraine|portrush,72.1,2458,1817,-26.08,41.33,586.3
N20001616,Causeway_F1,coleraine|portstewart,43.05,1967,1676,-14.79,45.29,2585.6
N20001620,Causeway_F2,coleraine|ballywillin,15.54,2358,2672,13.32,49.25,103.4
N20001623,Causeway_F3,coleraine|ballywillin,18.85,2358,2672,13.32,49.25,103.4
N20001624,Causeway_F4,coleraine|strand,23.32,2596,3152,21.42,45.62,855.6
N20001622,Causeway_G2,coleraine|portstewart,8.09,1967,1676,-14.79,45.29,2585.6
N20001621,Causeway_G1,coleraine|portstewart,36.08,1967,1676,-14.79,45.29,2585.6
N20001626,Causeway_G3,coleraine|strand,20.91,2596,3152,21.42,45.62,855.6
N20001629,Causeway_G4,coleraine|strand,9.82,2596,3152,21.42,45.62,855.6
N20001631,Causeway_H2,coleraine|strand,19.27,2596,3152,21.42,45.62,855.6
N20001633,Causeway_G6,coleraine|strand,5.25,2596,3152,21.42,45.62,855.6
N20001635,Causeway_H4,coleraine|strand,25.33,2596,3152,21.42,45.62,855.6
N20001634,Causeway_K2,coleraine|ballywillin,2153.6,2358,2672,13.32,49.25,103.4
N20001630,Causeway_G5,coleraine|strand,10.02,2596,3152,21.42,45.62,855.6
N20001625,Causeway_F5,coleraine|ballywillin,15.42,2358,2672,13.32,49.25,103.4
N20001614,Causeway_E4,coleraine|ballywillin,19.86,2358,2672,13.32,49.25,103.4
N20001618,Causeway_E6,coleraine|ballywillin,18.83,2358,2672,13.32,49.25,103.4
N20001615,Causeway_E5,coleraine|ballywillin,16.0,2358,2672,13.32,49.25,103.4
N20001547,Coleraine_A1,coleraine|university,22.14,2266,4712,107.94,48.71,1613.9
N20001638,Causeway_H6,coleraine|ballywillin,21.63,2358,2672,13.32,49.25,103.4
N20001637,Causeway_H5,coleraine|strand,25.59,2596,3152,21.42,45.62,855.6
N20001516,Bann_B1,coleraine|castlerock,701.66,2265,2328,2.78,49.53,61.2
N20001632,Causeway_H3,coleraine|strand,39.2,2596,3152,21.42,45.62,855.6
N20001628,Causeway_H1,coleraine|strand,18.07,2596,3152,21.42,45.62,855.6
N20001515,Bann_A2,coleraine|castlerock,16.69,2265,2328,2.78,49.53,61.2
N20001514,Bann_A1,coleraine|castlerock,49.04,2265,2328,2.78,49.53,61.2
N20001519,Bann_B4,coleraine|castlerock,204.48,2265,2328,2.78,49.53,61.2
N20001522,Bann_C2,coleraine|macosquin,832.78,2337,2264,-3.12,51.02,34.8
N20001525,Bann_C5,coleraine|macosquin,3402.71,2337,2264,-3.12,51.02,34.8
N20001523,Bann_C3,coleraine|macosquin,196.38,2337,2264,-3.12,51.02,34.8
N20001526,Bann_D1,coleraine|agivey,1316.46,2165,1960,-9.47,50.05,28.5
N20001524,Bann_C4,coleraine|the cuts,262.37,2353,2544,8.12,49.17,321.5
N20001596,Coleraine_K4,coleraine|knockantern,64.63,2063,1906,-7.61,50.05,54.0
N20001591,Coleraine_H5,coleraine|mount sandel,15.37,2126,2884,35.65,50.49,999.2
N20001587,Coleraine_K2,coleraine|mount sandel,31.55,2126,2884,35.65,50.49,999.2
N20001586,Coleraine_H3,coleraine|mount sandel,9.92,2126,2884,35.65,50.49,999.2
N20001585,Coleraine_K1,coleraine|knockantern,61.02,2063,1906,-7.61,50.05,54.0
N20001582,Coleraine_H2,coleraine|mount sandel,78.72,2126,2884,35.65,50.49,999.2
N20001577,Coleraine_H1,coleraine|mount sandel,16.13,2126,2884,35.65,50.49,999.2
N20001572,Coleraine_E4,coleraine|cross glebe,86.51,2547,3553,39.5,48.44,1817.0
N20001570,Coleraine_D3,coleraine|mount sandel,10.48,2126,2884,35.65,50.49,999.2
N20001576,Coleraine_G4,coleraine|mount sandel,17.5,2126,2884,35.65,50.49,999.2
N20001571,Coleraine_G1,coleraine|central,11.5,1699,1153,-32.14,44.93,1662.5
N20001578,Coleraine_G5,coleraine|the cuts,18.83,2353,2544,8.12,49.17,321.5
N20001584,Coleraine_J2,coleraine|the cuts,57.84,2353,2544,8.12,49.17,321.5
N20001590,Coleraine_H4,coleraine|mount sandel,28.22,2126,2884,35.65,50.49,999.2
N20001594,Coleraine_H6,coleraine|mount sandel,31.79,2126,2884,35.65,50.49,999.2
N20001592,Coleraine_J5,coleraine|the cuts,9.37,2353,2544,8.12,49.17,321.5
N20001593,Coleraine_J6,coleraine|the cuts,21.16,2353,2544,8.12,49.17,321.5
N20001588,Coleraine_J3,coleraine|the cuts,18.32,2353,2544,8.12,49.17,321.5
N20001583,Coleraine_J1,coleraine|the cuts,14.86,2353,2544,8.12,49.17,321.5
N20001589,Coleraine_J4,coleraine|the cuts,18.44,2353,2544,8.12,49.17,321.5
N20001521,Bann_C1,coleraine|macosquin,1105.86,2337,2264,-3.12,51.02,34.8
N20001580,Coleraine_F4,coleraine|churchland,14.56,2454,1910,-22.17,49.37,2978.7
N20001581,Coleraine_F5,coleraine|the cuts,10.03,2353,2544,8.12,49.17,321.5
N20001579,Coleraine_G6,coleraine|churchland,4.96,2454,1910,-22.17,49.37,2978.7
N20001574,Coleraine_G2,coleraine|churchland,10.02,2454,1910,-22.17,49.37,2978.7
N20001575,Coleraine_G3,coleraine|churchland,6.19,2454,1910,-22.17,49.37,2978.7
N20001573,Coleraine_F3,coleraine|waterside,17.64,2565,2909,13.41,51.74,806.9
N20001568,Coleraine_F1,coleraine|waterside,17.89,2565,2909,13.41,51.74,806.9
N20001569,Coleraine_F2,coleraine|waterside,16.65,2565,2909,13.41,51.74,806.9
N20001558,Coleraine_B4,coleraine|waterside,50.71,2565,2909,13.41,51.74,806.9
N20001560,Coleraine_B5,coleraine|waterside,35.77,2565,2909,13.41,51.74,806.9
N20001518,Bann_B3,coleraine|macosquin,352.76,2337,2264,-3.12,51.02,34.8
N20001548,Coleraine_B1,coleraine|university,155.82,2266,4712,107.94,48.71,1613.9
N20001549,Coleraine_B2,coleraine|university,23.1,2266,4712,107.94,48.71,1613.9
N20001550,Coleraine_A2,coleraine|university,7.13,2266,4712,107.94,48.71,1613.9
N20001551,Coleraine_A3,coleraine|university,23.03,2266,4712,107.94,48.71,1613.9
N20001553,Coleraine_A4,coleraine|university,25.64,2266,4712,107.94,48.71,1613.9
N20001554,Coleraine_A5,coleraine|university,17.27,2266,4712,107.94,48.71,1613.9
N20001555,Coleraine_B3,coleraine|university,33.91,2266,4712,107.94,48.71,1613.9
N20001567,Coleraine_D2,coleraine|waterside,53.92,2565,2909,13.41,51.74,806.9
N20001562,Coleraine_D1,coleraine|central,10.55,1699,1153,-32.14,44.93,1662.5
N20001565,Coleraine_E3,coleraine|cross glebe,6.3,2547,3553,39.5,48.44,1817.0
N20001564,Coleraine_E2,coleraine|cross glebe,13.51,2547,3553,39.5,48.44,1817.0
N20001561,Coleraine_E1,coleraine|central,11.29,1699,1153,-32.14,44.93,1662.5
N20001556,Coleraine_C2,coleraine|cross glebe,31.3,2547,3553,39.5,48.44,1817.0
N20001557,Coleraine_C3,coleraine|knockantern,35.23,2063,1906,-7.61,50.05,54.0
N20001559,Coleraine_C4,coleraine|cross glebe,8.12,2547,3553,39.5,48.44,1817.0
N20001563,Coleraine_C5,coleraine|cross glebe,10.4,2547,3553,39.5,48.44,1817.0
N20001566,Coleraine_C6,coleraine|cross glebe,7.57,2547,3553,39.5,48.44,1817.0
N20001552,Coleraine_C1,coleraine|university,16.68,2266,4712,107.94,48.71,1613.9
N20001595,Coleraine_K3,coleraine|knockantern,90.42,2063,1906,-7.61,50.05,54.0
N20001644,Causeway_K4,coleraine|knockantern,783.53,2063,1906,-7.61,50.05,54.0
N20001641,Causeway_J4,coleraine|dunluce,1016.91,1762,1780,1.02,49.27,42.8
N20001642,Causeway_L2,ballymoney|benvardin,23.76,1322,1296,-1.97,47.92,50.7
N20001643,Causeway_J5,ballymoney|benvardin,1531.12,1322,1296,-1.97,47.92,50.7
N20001685,Ballymoney_A1,ballymoney|seacon,2072.9,1396,1479,5.95,50.1,58.2
N20001646,Causeway_L4,ballymoney|dervock,459.3,1191,1143,-4.03,48.73,36.0
N20001648,Causeway_L5,ballymoney|dervock,631.47,1191,1143,-4.03,48.73,36.0
N20001692,Ballymoney_B4,ballymoney|newhill,33.75,1676,2001,19.39,47.03,2057.9
N20001696,Ballymoney_E1,ballymoney|town parks,17.14,1729,2534,46.56,49.45,1456.8
N20001697,Ballymoney_E2,ballymoney|town parks,16.42,1729,2534,46.56,49.45,1456.8
N20001695,Ballymoney_B5,ballymoney|newhill,10.55,1676,2001,19.39,47.03,2057.9
N20001693,Ballymoney_D1,ballymoney|newhill,7.86,1676,2001,19.39,47.03,2057.9
N20001694,Ballymoney_D2,ballymoney|the hills,14.1,1289,1593,23.58,47.02,479.8
N20001691,Ballymoney_C3,ballymoney|the hills,14.58,1289,1593,23.58,47.02,479.8
N20001689,Ballymoney_C2,ballymoney|the hills,32.34,1289,1593,23.58,47.02,479.8
N20001687,Ballymoney_B1,ballymoney|the hills,14.68,1289,1593,23.58,47.02,479.8
N20001690,Ballymoney_B3,ballymoney|newhill,8.81,1676,2001,19.39,47.03,2057.9
N20001688,Ballymoney_B2,ballymoney|newhill,9.37,1676,2001,19.39,47.03,2057.9
N20001686,Ballymoney_C1,ballymoney|the hills,36.99,1289,1593,23.58,47.02,479.8
N20001647,Causeway_K5,coleraine|knockantern,1539.29,2063,1906,-7.61,50.05,54.0
N20001528,Bann_D3,coleraine|agivey,1568.93,2165,1960,-9.47,50.05,28.5
N20001717,Ballymoney_K2,ballymoney|the vow,555.59,1379,1306,-5.29,52.53,38.9
N20001713,Ballymoney_A5,ballymoney|the vow,11.2,1379,1306,-5.29,52.53,38.9
N20001705,Ballymoney_A2,ballymoney|seacon,779.27,1396,1479,5.95,50.1,58.2
N20001707,Ballymoney_A3,ballymoney|seacon,20.67,1396,1479,5.95,50.1,58.2
N20001708,Ballymoney_A4,ballymoney|seacon,552.94,1396,1479,5.95,50.1,58.2
N20001711,Ballymoney_F4,ballymoney|fairhill,11.47,1234,1069,-13.37,48.36,278.3
N20001710,Ballymoney_F3,ballymoney|fairhill,18.53,1234,1069,-13.37,48.36,278.3
N20001709,Ballymoney_F2,ballymoney|fairhill,23.43,1234,1069,-13.37,48.36,278.3
N20001703,Ballymoney_D5,ballymoney|fairhill,34.43,1234,1069,-13.37,48.36,278.3
N20001699,Ballymoney_C4,ballymoney|the hills,62.24,1289,1593,23.58,47.02,479.8
N20001700,Ballymoney_D4,ballymoney|the hills,14.95,1289,1593,23.58,47.02,479.8
N20001698,Ballymoney_D3,ballymoney|fairhill,15.36,1234,1069,-13.37,48.36,278.3
N20001702,Ballymoney_F1,ballymoney|town parks,33.94,1729,2534,46.56,49.45,1456.8
N20001704,Ballymoney_E4,ballymoney|town parks,8.86,1729,2534,46.56,49.45,1456.8
N20001706,Ballymoney_E5,ballymoney|town parks,64.27,1729,2534,46.56,49.45,1456.8
N20001701,Ballymoney_E3,ballymoney|town parks,13.02,1729,2534,46.56,49.45,1456.8
N20001650,Causeway_L7,ballymoney|kilraghts,327.24,1142,1063,-6.92,53.34,29.8
N20001712,Ballymoney_H1,ballymoney|dervock,1004.39,1191,1143,-4.03,48.73,36.0
N20001714,Ballymoney_K1,ballymoney|killoquin lower,925.53,1630,1400,-14.11,49.57,35.0
N20001720,Ballymoney_K3,ballymoney|killoquin lower,1612.42,1630,1400,-14.11,49.57,35.0
N20001530,Bann_E1,coleraine|agivey,1586.81,2165,1960,-9.47,50.05,28.5
N20001533,Bann_E2,coleraine|agivey,1603.33,2165,1960,-9.47,50.05,28.5
N20001534,Bann_D7,coleraine|ringsend,1383.4,1937,1751,-9.6,51.4,19.4
N20001531,Bann_D5,coleraine|ringsend,695.2,1937,1751,-9.6,51.4,19.4
N20001529,Bann_D4,coleraine|agivey,1037.28,2165,1960,-9.47,50.05,28.5
N20001527,Bann_D2,coleraine|macosquin,2397.66,2337,2264,-3.12,51.02,34.8
N20001532,Bann_D6,coleraine|ringsend,3504.82,1937,1751,-9.6,51.4,19.4
N20001538,Bann_G1,coleraine|ringsend,1534.61,1937,1751,-9.6,51.4,19.4
N20001537,Bann_F3,coleraine|garvagh,53.44,2363,2214,-6.31,48.42,39.3
N20001536,Bann_F2,coleraine|garvagh,23.59,2363,2214,-6.31,48.42,39.3
N20001535,Bann_F1,coleraine|garvagh,11.83,2363,2214,-6.31,48.42,39.3
N20001542,Bann_G2,coleraine|garvagh,2872.38,2363,2214,-6.31,48.42,39.3
N20001544,Bann_G3,coleraine|kilrea,1455.76,2229,2204,-1.12,48.55,69.2
N20002837,Carntogher_B1,magherafelt|swatragh,701.23,1698,1408,-17.08,51.42,23.8
N20001546,Bann_G5,coleraine|garvagh,1768.24,2363,2214,-6.31,48.42,39.3
N20002841,Carntogher_D1,magherafelt|swatragh,2535.33,1698,1408,-17.08,51.42,23.8
N20002860,Carntogher_D3,magherafelt|lower glenshane,1338.94,2149,1846,-14.1,50.65,24.9
N20002847,Carntogher_D2,magherafelt|lower glenshane,1605.06,2149,1846,-14.1,50.65,24.9
N20002856,Carntogher_E4,magherafelt|maghera,22.35,2368,2836,19.76,49.51,298.7
N20002852,Carntogher_E3,magherafelt|maghera,51.49,2368,2836,19.76,49.51,298.7
N20002854,Carntogher_F1,magherafelt|maghera,12.71,2368,2836,19.76,49.51,298.7
N20002855,Carntogher_F2,magherafelt|maghera,28.6,2368,2836,19.76,49.51,298.7
N20002857,Carntogher_F3,magherafelt|maghera,39.26,2368,2836,19.76,49.51,298.7
N20002858,Carntogher_F4,magherafelt|maghera,63.31,2368,2836,19.76,49.51,298.7
N20002853,Carntogher_C3,magherafelt|gulladuff,1998.79,1705,1641,-3.75,53.32,43.7
N20002851,Carntogher_E2,magherafelt|maghera,43.1,2368,2836,19.76,49.51,298.7
N20002850,Carntogher_E1,magherafelt|maghera,9.07,2368,2836,19.76,49.51,298.7
N20002844,Carntogher_B4,magherafelt|upperlands,420.83,2089,1888,-9.62,50.26,59.2
N20002845,Carntogher_B5,magherafelt|swatragh,1314.53,1698,1408,-17.08,51.42,23.8
N20002842,Carntogher_B3,magherafelt|swatragh,337.6,1698,1408,-17.08,51.42,23.8
N20002840,Carntogher_A2,magherafelt|upperlands,1493.93,2089,1888,-9.62,50.26,59.2
N20002846,Carntogher_A4,magherafelt|upperlands,747.19,2089,1888,-9.62,50.26,59.2
N20002861,Carntogher_C5,magherafelt|gulladuff,9.91,1705,1641,-3.75,53.32,43.7
N20002859,Carntogher_C4,magherafelt|gulladuff,975.33,1705,1641,-3.75,53.32,43.7
N20002848,Carntogher_C1,magherafelt|gulladuff,1724.35,1705,1641,-3.75,53.32,43.7
N20002866,Moyola_A1,magherafelt|gulladuff,1048.62,1705,1641,-3.75,53.32,43.7
N20002865,Moyola_C1,magherafelt|bellaghy,457.24,2265,1805,-20.31,49.92,64.5
N20002849,Carntogher_C2,magherafelt|valley,430.98,2040,1975,-3.19,50.28,56.9
N20002562,Bannside_D3,ballymena|portglenone,34.78,2061,2050,-0.53,50.63,60.2
N20002561,Bannside_D2,ballymena|portglenone,24.74,2061,2050,-0.53,50.63,60.2
N20002560,Bannside_D1,ballymena|portglenone,18.76,2061,2050,-0.53,50.63,60.2
N20002843,Carntogher_A3,magherafelt|valley,837.15,2040,1975,-3.19,50.28,56.9
N20002552,Bannside_C2,ballymena|portglenone,953.63,2061,2050,-0.53,50.63,60.2
N20001731,Ballymoney_K6,ballymoney|killoquin upper,1150.22,1385,1418,2.38,50.56,58.8
N20002838,Carntogher_A1,magherafelt|valley,1926.48,2040,1975,-3.19,50.28,56.9
N20002839,Carntogher_B2,magherafelt|swatragh,989.72,1698,1408,-17.08,51.42,23.8
N20001545,Bann_G4,coleraine|kilrea,884.32,2229,2204,-1.12,48.55,69.2
N20001543,Bann_H3,coleraine|kilrea,63.9,2229,2204,-1.12,48.55,69.2
N20001541,Bann_H2,coleraine|kilrea,40.41,2229,2204,-1.12,48.55,69.2
N20001540,Bann_H1,coleraine|kilrea,19.03,2229,2204,-1.12,48.55,69.2
N20001539,Bann_E3,coleraine|kilrea,2241.06,2229,2204,-1.12,48.55,69.2
N20001726,Ballymoney_K4,ballymoney|the vow,1546.07,1379,1306,-5.29,52.53,38.9
N20001729,Ballymoney_L2,ballymoney|killoquin upper,60.2,1385,1418,2.38,50.56,58.8
N20001728,Ballymoney_L1,ballymoney|killoquin upper,17.02,1385,1418,2.38,50.56,58.8
N20001727,Ballymoney_K5,ballymoney|killoquin lower,1479.61,1630,1400,-14.11,49.57,35.0
N20002548,Bannside_A1,ballymena|dunminning,1919.15,1948,1812,-6.98,50.77,38.7
N20001730,Ballymoney_L3,ballymoney|killoquin upper,1021.7,1385,1418,2.38,50.56,58.8
N20002549,Bannside_A2,ballymena|dunminning,1253.41,1948,1812,-6.98,50.77,38.7
N20002647,Braid_C3,ballymena|craigywarren,1743.93,2128,1957,-8.04,51.1,33.9
N20002645,Braid_A5,ballymena|craigywarren,1946.49,2128,1957,-8.04,51.1,33.9
N20002644,Braid_A4,ballymena|craigywarren,372.21,2128,1957,-8.04,51.1,33.9
N20002643,Braid_C1,ballymena|glenravel,1128.54,2387,2510,5.15,50.4,27.7
N20002641,Braid_A3,ballymena|glenravel,369.11,2387,2510,5.15,50.4,27.7
N20002648,Braid_B2,ballymena|slemish,1990.3,1994,1731,-13.19,51.94,14.2
N20002646,Braid_C2,ballymena|glenravel,1544.79,2387,2510,5.15,50.4,27.7
N20002650,Braid_C4,ballymena|craigywarren,997.93,2128,1957,-8.04,51.1,33.9
N20002658,Braid_H1,ballymena|broughshane,784.93,2104,2179,3.56,49.2,115.7
N20002587,Ballymena_A1,ballymena|dunclug,8.0,3253,6313,94.07,47.52,2419.4
N20002588,Ballymena_A2,ballymena|dunclug,10.8,3253,6313,94.07,47.52,2419.4
N20002589,Ballymena_A3,ballymena|dunclug,5.88,3253,6313,94.07,47.52,2419.4
N20002591,Ballymena_B1,ballymena|ballyloughan,20.46,2056,3378,64.3,48.61,1285.8
N20002597,Ballymena_B3,ballymena|ballyloughan,25.96,2056,3378,64.3,48.61,1285.8
N20002599,Ballymena_B4,ballymena|ballyloughan,14.28,2056,3378,64.3,48.61,1285.8
N20002606,Ballymena_E1,ballymena|park,23.47,2468,1856,-24.8,45.8,2793.6
N20002601,Ballymena_C3,ballymena|fair green,14.88,2713,2374,-12.5,46.84,5861.5
N20002608,Ballymena_C6,ballymena|fair green,5.47,2713,2374,-12.5,46.84,5861.5
N20002605,Ballymena_C5,ballymena|fair green,15.66,2713,2374,-12.5,46.84,5861.5
N20002594,Ballymena_A4,ballymena|dunclug,30.2,3253,6313,94.07,47.52,2419.4
N20002596,Ballymena_C2,ballymena|dunclug,6.15,3253,6313,94.07,47.52,2419.4
N20002593,Ballymena_D2,ballymena|dunclug,10.8,3253,6313,94.07,47.52,2419.4
N20002598,Ballymena_D3,ballymena|dunclug,25.72,3253,6313,94.07,47.52,2419.4
N20002602,Ballymena_C4,ballymena|dunclug,9.9,3253,6313,94.07,47.52,2419.4
N20002604,Ballymena_D4,ballymena|dunclug,26.67,3253,6313,94.07,47.52,2419.4
N20002590,Ballymena_D1,ballymena|dunclug,19.59,3253,6313,94.07,47.52,2419.4
N20002592,Ballymena_C1,ballymena|dunclug,10.68,3253,6313,94.07,47.52,2419.4
N20002661,Braid_E4,ballymena|broughshane,37.25,2104,2179,3.56,49.2,115.7
N20002660,Braid_E3,ballymena|broughshane,15.09,2104,2179,3.56,49.2,115.7
N20002656,Braid_D2,ballymena|broughshane,25.93,2104,2179,3.56,49.2,115.7
N20002654,Braid_E1,ballymena|broughshane,27.1,2104,2179,3.56,49.2,115.7
N20002657,Braid_E2,ballymena|broughshane,17.46,2104,2179,3.56,49.2,115.7
N20002652,Braid_D1,ballymena|broughshane,16.81,2104,2179,3.56,49.2,115.7
N20002659,Braid_D3,ballymena|broughshane,14.16,2104,2179,3.56,49.2,115.7
N20002651,Braid_B4,ballymena|slemish,1199.39,1994,1731,-13.19,51.94,14.2
N20002663,Braid_H2,ballymena|glenwhirry,1870.83,1965,1940,-1.27,51.55,16.6
N20002664,Braid_F2,ballymena|glenwhirry,1951.01,1965,1940,-1.27,51.55,16.6
N20002675,Braid_H4,ballymena|glenwhirry,354.35,1965,1940,-1.27,51.55,16.6
N20002629,Ballymena_J3,ballymena|harryville,14.58,3101,2011,-35.15,48.04,4764.8
N20002627,Ballymena_J2,ballymena|ballykeel,3.21,2391,3861,61.48,49.29,3126.5
N20002631,Ballymena_H4,ballymena|ballykeel,16.48,2391,3861,61.48,49.29,3126.5
N20002632,Ballymena_H5,ballymena|ballykeel,42.99,2391,3861,61.48,49.29,3126.5
N20002622,Ballymena_H2,ballymena|ballykeel,8.78,2391,3861,61.48,49.29,3126.5
N20002619,Ballymena_H1,ballymena|ballykeel,14.18,2391,3861,61.48,49.29,3126.5
N20002612,Ballymena_D5,ballymena|dunclug,152.95,3253,6313,94.07,47.52,2419.4
N20002626,Ballymena_H3,ballymena|ballykeel,9.35,2391,3861,61.48,49.29,3126.5
N20002625,Ballymena_J1,ballymena|harryville,9.23,3101,2011,-35.15,48.04,4764.8
N20002620,Ballymena_G4,ballymena|castle demesne,29.38,2493,1673,-32.89,52.24,1980.4
N20002616,Ballymena_G2,ballymena|castle demesne,9.16,2493,1673,-32.89,52.24,1980.4
N20002614,Ballymena_G1,ballymena|castle demesne,9.77,2493,1673,-32.89,52.24,1980.4
N20002611,Ballymena_E2,ballymena|park,22.69,2468,1856,-24.8,45.8,2793.6
N20002615,Ballymena_E4,ballymena|park,7.7,2468,1856,-24.8,45.8,2793.6
N20002613,Ballymena_E3,ballymena|park,27.39,2468,1856,-24.8,45.8,2793.6
N20002617,Ballymena_G3,ballymena|waveney,9.44,2094,2116,1.05,47.59,1756.3
N20002624,Ballymena_F7,ballymena|waveney,20.3,2094,2116,1.05,47.59,1756.3
N20002630,Ballymena_K1,ballymena|waveney,8.15,2094,2116,1.05,47.59,1756.3
N20002628,Ballymena_G5,ballymena|ballee,22.91,2460,4249,72.72,47.02,554.4
N20002665,Braid_G1,ballymena|harryville,3.64,3101,2011,-35.15,48.04,4764.8
N20002666,Braid_G2,ballymena|ballee,23.64,2460,4249,72.72,47.02,554.4
N20002670,Braid_J2,ballymena|ballee,21.4,2460,4249,72.72,47.02,554.4
N20002669,Braid_G3,ballymena|ballee,10.08,2460,4249,72.72,47.02,554.4
N20002667,Braid_J1,ballymena|ballee,11.93,2460,4249,72.72,47.02,554.4
N20002672,Braid_J3,ballymena|ballee,120.11,2460,4249,72.72,47.02,554.4
N20002673,Braid_G5,ballymena|ballee,8.42,2460,4249,72.72,47.02,554.4
N20002671,Braid_G4,ballymena|ballee,119.14,2460,4249,72.72,47.02,554.4
N20002674,Braid_H3,ballymena|ballee,896.56,2460,4249,72.72,47.02,554.4
N20002637,Ballymena_K6,ballymena|galgorm,15.99,2507,3127,24.73,49.95,221.4
N20002638,Ballymena_K7,ballymena|galgorm,169.1,2507,3127,24.73,49.95,221.4
N20002581,Bannside_J1,ballymena|ahoghill,1075.9,1929,2424,25.66,48.93,98.2
N20002574,Bannside_F3,ballymena|ahoghill,16.63,1929,2424,25.66,48.93,98.2
N20002575,Bannside_F4,ballymena|ahoghill,3.41,1929,2424,25.66,48.93,98.2
N20002578,Bannside_G2,ballymena|ahoghill,19.18,1929,2424,25.66,48.93,98.2
N20002579,Bannside_G3,ballymena|ahoghill,16.34,1929,2424,25.66,48.93,98.2
N20002576,Bannside_G1,ballymena|ahoghill,8.99,1929,2424,25.66,48.93,98.2
N20002571,Bannside_F1,ballymena|ahoghill,19.15,1929,2424,25.66,48.93,98.2
N20002572,Bannside_F2,ballymena|ahoghill,14.76,1929,2424,25.66,48.93,98.2
N20002566,Bannside_E2,ballymena|galgorm,9.3,2507,3127,24.73,49.95,221.4
N20002565,Bannside_E1,ballymena|galgorm,8.25,2507,3127,24.73,49.95,221.4
N20002569,Bannside_E5,ballymena|galgorm,10.78,2507,3127,24.73,49.95,221.4
N20002568,Bannside_E4,ballymena|galgorm,12.34,2507,3127,24.73,49.95,221.4
N20002567,Bannside_E3,ballymena|galgorm,62.52,2507,3127,24.73,49.95,221.4
N20002573,Bannside_E7,ballymena|galgorm,24.61,2507,3127,24.73,49.95,221.4
N20002570,Bannside_E6,ballymena|galgorm,45.45,2507,3127,24.73,49.95,221.4
N20002635,Ballymena_K4,ballymena|galgorm,11.87,2507,3127,24.73,49.95,221.4
N20002636,Ballymena_K5,ballymena|galgorm,8.53,2507,3127,24.73,49.95,221.4
N20002634,Ballymena_K3,ballymena|galgorm,43.33,2507,3127,24.73,49.95,221.4
N20002633,Ballymena_K2,ballymena|galgorm,37.38,2507,3127,24.73,49.95,221.4
N20002618,Ballymena_F4,ballymena|waveney,80.76,2094,2116,1.05,47.59,1756.3
N20002623,Ballymena_F6,ballymena|galgorm,12.08,2507,3127,24.73,49.95,221.4
N20002621,Ballymena_F5,ballymena|galgorm,16.01,2507,3127,24.73,49.95,221.4
N20002610,Ballymena_F3,ballymena|park,13.74,2468,1856,-24.8,45.8,2793.6
N20002607,Ballymena_F1,ballymena|ballyloughan,9.44,2056,3378,64.3,48.61,1285.8
N20002603,Ballymena_B6,ballymena|ballyloughan,17.1,2056,3378,64.3,48.61,1285.8
N20002595,Ballymena_B2,ballymena|ballyloughan,21.37,2056,3378,64.3,48.61,1285.8
N20002600,Ballymena_B5,ballymena|ballyloughan,42.27,2056,3378,64.3,48.61,1285.8
N20002609,Ballymena_F2,ballymena|galgorm,107.41,2507,3127,24.73,49.95,221.4
N20002655,Braid_C6,ballymena|craigywarren,307.43,2128,1957,-8.04,51.1,33.9
N20002653,Braid_C5,ballymena|craigywarren,800.52,2128,1957,-8.04,51.1,33.9
N20002557,Bannside_B4,ballymena|cullybackey,53.5,2217,2594,17.0,47.73,257.5
N20002556,Bannside_B3,ballymena|cullybackey,8.42,2217,2594,17.0,47.73,257.5
N20002554,Bannside_B1,ballymena|cullybackey,23.71,2217,2594,17.0,47.73,257.5
N20002555,Bannside_B2,ballymena|cullybackey,31.37,2217,2594,17.0,47.73,257.5
N20002558,Bannside_B5,ballymena|cullybackey,18.54,2217,2594,17.0,47.73,257.5
N20002559,Bannside_B6,ballymena|cullybackey,49.85,2217,2594,17.0,47.73,257.5
N20002564,Bannside_A4,ballymena|cullybackey,1306.2,2217,2594,17.0,47.73,257.5
N20002551,Bannside_A3,ballymena|dunminning,537.25,1948,1812,-6.98,50.77,38.7
N20002550,Bannside_C1,ballymena|dunminning,890.16,1948,1812,-6.98,50.77,38.7
N20002553,Bannside_C3,ballymena|portglenone,787.79,2061,2050,-0.53,50.63,60.2
N20002563,Bannside_C4,ballymena|portglenone,1344.09,2061,2050,-0.53,50.63,60.2
N20002577,Bannside_H1,ballymena|portglenone,1220.22,2061,2050,-0.53,50.63,60.2
N20002580,Bannside_H2,ballymena|ahoghill,1047.25,1929,2424,25.66,48.93,98.2
N20002583,Bannside_H3,ballymena|grange,826.83,2169,1975,-8.94,50.23,39.0
N20002584,Bannside_J3,ballymena|grange,902.46,2169,1975,-8.94,50.23,39.0
N20002586,Bannside_J4,ballymena|grange,582.51,2169,1975,-8.94,50.23,39.0
N20002585,Bannside_H4,ballymena|grange,1115.41,2169,1975,-8.94,50.23,39.0
N20000007,Dunsilly_C1,antrim|toome,1648.63,2058,2098,1.94,49.09,54.2
N20000015,Dunsilly_C2,antrim|toome,76.49,2058,2098,1.94,49.09,54.2
N20000022,Dunsilly_C3,antrim|toome,21.06,2058,2098,1.94,49.09,54.2
N20000003,Dunsilly_A2,antrim|drumanaway,792.91,1779,1819,2.25,50.58,92.5
N20000009,Dunsilly_A6,antrim|drumanaway,624.6,1779,1819,2.25,50.58,92.5
N20000008,Dunsilly_A5,antrim|randalstown,1328.75,1799,1910,6.17,47.38,88.3
N20000012,Dunsilly_D2,antrim|drumanaway,25.3,1779,1819,2.25,50.58,92.5
N20000014,Dunsilly_D3,antrim|drumanaway,18.57,1779,1819,2.25,50.58,92.5
N20000019,Dunsilly_D4,antrim|randalstown,18.32,1799,1910,6.17,47.38,88.3
N20000016,Dunsilly_E1,antrim|randalstown,32.24,1799,1910,6.17,47.38,88.3
N20000011,Dunsilly_D1,antrim|drumanaway,10.14,1779,1819,2.25,50.58,92.5
N20000017,Dunsilly_E2,antrim|randalstown,25.19,1799,1910,6.17,47.38,88.3
N20000018,Dunsilly_E3,antrim|randalstown,9.08,1799,1910,6.17,47.38,88.3
N20002582,Bannside_J2,ballymena|grange,1584.33,2169,1975,-8.94,50.23,39.0
N20002678,Braid_H6,ballymena|kells,1280.7,2560,2566,0.23,48.99,103.5
N20002684,Braid_F6,ballymena|kells,557.67,2560,2566,0.23,48.99,103.5
N20002680,Braid_K1,ballymena|kells,8.57,2560,2566,0.23,48.99,103.5
N20002681,Braid_K2,ballymena|kells,24.8,2560,2566,0.23,48.99,103.5
N20002682,Braid_K3,ballymena|kells,22.44,2560,2566,0.23,48.99,103.5
N20002683,Braid_K4,ballymena|kells,14.24,2560,2566,0.23,48.99,103.5
N20002676,Braid_H5,ballymena|glenwhirry,950.2,1965,1940,-1.27,51.55,16.6
N20002677,Braid_F4,ballymena|glenwhirry,793.5,1965,1940,-1.27,51.55,16.6
N20000001,Dunsilly_A1,antrim|tardree,2070.68,1665,1599,-3.96,47.59,25.2
N20000010,Dunsilly_B3,antrim|parkgate,1689.67,1664,1702,2.28,50.29,30.2
N20000013,Dunsilly_F1,antrim|tardree,1244.04,1665,1599,-3.96,47.59,25.2
N20000006,Dunsilly_A4,antrim|tardree,693.95,1665,1599,-3.96,47.59,25.2
N20000004,Dunsilly_A3,antrim|tardree,1100.52,1665,1599,-3.96,47.59,25.2
N20000029,Dunsilly_F5,antrim|randalstown,1098.73,1799,1910,6.17,47.38,88.3
N20000044,Antrim_C2,antrim|randalstown,347.3,1799,1910,6.17,47.38,88.3
N20000057,Antrim_G2,antrim|massereene,18.34,2172,3251,49.68,53.06,608.8
N20000077,Antrim_N2,antrim|balloo,7.37,2471,2011,-18.62,48.68,875.4
N20000076,Antrim_N1,antrim|massereene,10.47,2172,3251,49.68,53.06,608.8
N20000068,Antrim_G4,antrim|massereene,9.62,2172,3251,49.68,53.06,608.8
N20000071,Antrim_G5,antrim|massereene,8.78,2172,3251,49.68,53.06,608.8
N20000075,Antrim_L3,antrim|massereene,6.74,2172,3251,49.68,53.06,608.8
N20000069,Antrim_L1,antrim|massereene,10.95,2172,3251,49.68,53.06,608.8
N20000062,Antrim_H3,antrim|stiles,12.55,3579,11637,225.15,49.47,3032.3
N20000063,Antrim_G3,antrim|massereene,39.47,2172,3251,49.68,53.06,608.8
N20000054,Antrim_D4,antrim|parkhall,29.89,3943,5680,44.05,49.17,818.0
N20000048,Antrim_C4,antrim|massereene,20.56,2172,3251,49.68,53.06,608.8
N20000049,Antrim_G1,antrim|massereene,15.67,2172,3251,49.68,53.06,608.8
N20000045,Antrim_C3,antrim|massereene,10.38,2172,3251,49.68,53.06,608.8
N20000043,Antrim_D1,antrim|parkhall,10.88,3943,5680,44.05,49.17,818.0
N20000047,Antrim_D3,antrim|parkhall,46.89,3943,5680,44.05,49.17,818.0
N20000039,Antrim_B2,antrim|parkhall,84.44,3943,5680,44.05,49.17,818.0
N20000037,Antrim_A3,antrim|parkhall,16.03,3943,5680,44.05,49.17,818.0
N20000036,Antrim_A2,antrim|parkhall,7.77,3943,5680,44.05,49.17,818.0
N20000035,Antrim_A1,antrim|parkhall,112.78,3943,5680,44.05,49.17,818.0
N20000040,Antrim_A4,antrim|parkhall,8.51,3943,5680,44.05,49.17,818.0
N20000041,Antrim_C1,antrim|massereene,68.83,2172,3251,49.68,53.06,608.8
N20000025,Dunsilly_F2,antrim|randalstown,22.31,1799,1910,6.17,47.38,88.3
N20000027,Dunsilly_F3,antrim|massereene,13.39,2172,3251,49.68,53.06,608.8
N20000038,Antrim_B1,antrim|parkhall,231.93,3943,5680,44.05,49.17,818.0
N20000030,Dunsilly_B5,antrim|parkgate,1471.69,1664,1702,2.28,50.29,30.2
N20000073,Antrim_F4,antrim|stiles,8.2,3579,11637,225.15,49.47,3032.3
N20000052,Antrim_F2,antrim|stiles,234.27,3579,11637,225.15,49.47,3032.3
N20000051,Antrim_F1,antrim|stiles,28.18,3579,11637,225.15,49.47,3032.3
N20000053,Antrim_E2,antrim|parkhall,14.98,3943,5680,44.05,49.17,818.0
N20000042,Antrim_B3,antrim|parkhall,32.26,3943,5680,44.05,49.17,818.0
N20000046,Antrim_D2,antrim|parkhall,10.36,3943,5680,44.05,49.17,818.0
N20000050,Antrim_E1,antrim|parkhall,11.47,3943,5680,44.05,49.17,818.0
N20000055,Antrim_E3,antrim|parkhall,9.22,3943,5680,44.05,49.17,818.0
N20000058,Antrim_H1,antrim|stiles,4.86,3579,11637,225.15,49.47,3032.3
N20000061,Antrim_H2,antrim|stiles,12.83,3579,11637,225.15,49.47,3032.3
N20000060,Antrim_J1,antrim|stiles,5.94,3579,11637,225.15,49.47,3032.3
N20000056,Antrim_E4,antrim|stiles,8.85,3579,11637,225.15,49.47,3032.3
N20000059,Antrim_F3,antrim|stiles,18.96,3579,11637,225.15,49.47,3032.3
N20000064,Antrim_J2,antrim|stiles,9.0,3579,11637,225.15,49.47,3032.3
N20000070,Antrim_J4,antrim|stiles,9.47,3579,11637,225.15,49.47,3032.3
N20000066,Antrim_K1,antrim|stiles,8.02,3579,11637,225.15,49.47,3032.3
N20000067,Antrim_K2,antrim|stiles,15.49,3579,11637,225.15,49.47,3032.3
N20000074,Antrim_K3,antrim|ballycraigy,11.34,2513,2334,-7.12,51.63,4917.3
N20000065,Antrim_J3,antrim|stiles,15.92,3579,11637,225.15,49.47,3032.3
N20000072,Antrim_L2,antrim|stiles,26.57,3579,11637,225.15,49.47,3032.3
N20000085,Antrim_L4,antrim|massereene,81.98,2172,3251,49.68,53.06,608.8
N20000080,Antrim_J5,antrim|stiles,32.83,3579,11637,225.15,49.47,3032.3
N20000079,Antrim_K4,antrim|ballycraigy,8.19,2513,2334,-7.12,51.63,4917.3
N20000082,Antrim_K5,antrim|ballycraigy,9.03,2513,2334,-7.12,51.63,4917.3
N20000264,Airport_B3,antrim|ballyrobin,175.45,2477,2387,-3.63,51.99,42.7
N20000078,Antrim_F5,antrim|stiles,7.53,3579,11637,225.15,49.47,3032.3
N20000258,Airport_B1,antrim|templepatrick,771.06,1918,2089,8.92,48.88,58.3
N20000263,Airport_B2,antrim|ballyrobin,294.77,2477,2387,-3.63,51.99,42.7
N20000274,Airport_G1,antrim|ballyrobin,1285.18,2477,2387,-3.63,51.99,42.7
N20000268,Airport_F1,antrim|ballyrobin,1856.49,2477,2387,-3.63,51.99,42.7
N20000083,Antrim_N4,antrim|balloo,4.65,2471,2011,-18.62,48.68,875.4
N20000081,Antrim_N3,antrim|balloo,6.09,2471,2011,-18.62,48.68,875.4
N20000084,Antrim_N5,antrim|balloo,173.85,2471,2011,-18.62,48.68,875.4
N20000032,Dunsilly_F6,antrim|cranfield,1007.88,2023,1934,-4.4,50.05,74.4
N20000021,Dunsilly_E4,antrim|randalstown,14.43,1799,1910,6.17,47.38,88.3
N20000023,Dunsilly_D6,antrim|cranfield,23.23,2023,1934,-4.4,50.05,74.4
N20000020,Dunsilly_D5,antrim|cranfield,16.05,2023,1934,-4.4,50.05,74.4
N20000028,Dunsilly_F4,antrim|cranfield,872.72,2023,1934,-4.4,50.05,74.4
N20000034,Dunsilly_F8,antrim|cranfield,604.55,2023,1934,-4.4,50.05,74.4
N20000024,Dunsilly_C4,antrim|toome,1048.19,2058,2098,1.94,49.09,54.2
N20000033,Dunsilly_F7,antrim|toome,1378.51,2058,2098,1.94,49.09,54.2
N20002925,Magherafelt_G3,cookstown|the loop,887.43,1787,1698,-4.98,51.3,35.5
N20002927,Magherafelt_G4,cookstown|the loop,747.2,1787,1698,-4.98,51.3,35.5
N20002928,Magherafelt_E4,cookstown|the loop,2372.11,1787,1698,-4.98,51.3,35.5
N20002919,Magherafelt_E3,cookstown|the loop,1182.87,1787,1698,-4.98,51.3,35.5
N20002917,Magherafelt_G2,cookstown|the loop,958.88,1787,1698,-4.98,51.3,35.5
N20002914,Magherafelt_E2,magherafelt|lecumpher,1164.4,2015,2052,1.84,50.73,32.2
N20002912,Magherafelt_C6,magherafelt|lecumpher,59.16,2015,2052,1.84,50.73,32.2
N20002910,Magherafelt_C5,magherafelt|town parks west,32.64,2280,2358,3.42,48.81,848.7
N20002909,Magherafelt_C4,magherafelt|town parks east,33.27,2424,3187,31.48,48.7,1455.3
N20002908,Magherafelt_B5,magherafelt|town parks east,50.82,2424,3187,31.48,48.7,1455.3
N20002891,Moyola_H2,magherafelt|ballymaguigan,918.64,2044,1635,-20.01,52.72,44.4
N20002892,Moyola_H3,magherafelt|ballymaguigan,497.88,2044,1635,-20.01,52.72,44.4
N20002893,Moyola_H4,magherafelt|ballymaguigan,517.82,2044,1635,-20.01,52.72,44.4
N20002916,Magherafelt_G1,cookstown|the loop,43.03,1787,1698,-4.98,51.3,35.5
N20002887,Moyola_C4,magherafelt|ballymaguigan,1271.84,2044,1635,-20.01,52.72,44.4
N20002882,Moyola_C3,magherafelt|castledawson,604.05,2325,2376,2.19,50.08,131.5
N20002868,Moyola_C2,magherafelt|bellaghy,1761.73,2265,1805,-20.31,49.92,64.5
N20002869,Moyola_A2,magherafelt|bellaghy,14.35,2265,1805,-20.31,49.92,64.5
N20002870,Moyola_A3,magherafelt|bellaghy,37.49,2265,1805,-20.31,49.92,64.5
N20002871,Moyola_E1,magherafelt|knockcloghrim,1204.83,1963,1762,-10.24,50.62,37.1
N20002879,Moyola_E4,magherafelt|knockcloghrim,1933.56,1963,1762,-10.24,50.62,37.1
N20002877,Moyola_E3,magherafelt|castledawson,1257.55,2325,2376,2.19,50.08,131.5
N20002881,Moyola_F2,magherafelt|castledawson,27.4,2325,2376,2.19,50.08,131.5
N20002880,Moyola_F1,magherafelt|castledawson,20.77,2325,2376,2.19,50.08,131.5
N20002883,Moyola_F3,magherafelt|castledawson,22.95,2325,2376,2.19,50.08,131.5
N20002884,Moyola_F4,magherafelt|castledawson,21.37,2325,2376,2.19,50.08,131.5
N20002889,Moyola_H1,magherafelt|castledawson,604.81,2325,2376,2.19,50.08,131.5
N20002906,Magherafelt_B3,magherafelt|town parks east,10.54,2424,3187,31.48,48.7,1455.3
N20002907,Magherafelt_B4,magherafelt|town parks east,10.11,2424,3187,31.48,48.7,1455.3
N20002905,Magherafelt_A7,magherafelt|town parks west,17.22,2280,2358,3.42,48.81,848.7
N20002904,Magherafelt_B2,magherafelt|town parks east,18.1,2424,3187,31.48,48.7,1455.3
N20002901,Magherafelt_A5,magherafelt|town parks east,25.39,2424,3187,31.48,48.7,1455.3
N20002899,Magherafelt_B1,magherafelt|town parks east,28.68,2424,3187,31.48,48.7,1455.3
N20002897,Magherafelt_A3,magherafelt|town parks east,26.78,2424,3187,31.48,48.7,1455.3
N20002895,Magherafelt_A2,magherafelt|town parks east,9.77,2424,3187,31.48,48.7,1455.3
N20002898,Magherafelt_A4,magherafelt|town parks west,28.37,2280,2358,3.42,48.81,848.7
N20002896,Magherafelt_C1,magherafelt|town parks west,10.66,2280,2358,3.42,48.81,848.7
N20002894,Magherafelt_A1,magherafelt|town parks east,33.27,2424,3187,31.48,48.7,1455.3
N20002900,Magherafelt_C2,magherafelt|town parks west,16.03,2280,2358,3.42,48.81,848.7
N20002902,Magherafelt_A6,magherafelt|town parks west,7.64,2280,2358,3.42,48.81,848.7
N20002903,Magherafelt_C3,magherafelt|town parks west,11.86,2280,2358,3.42,48.81,848.7
N20002886,Moyola_G2,magherafelt|lecumpher,414.37,2015,2052,1.84,50.73,32.2
N20002867,Moyola_B1,magherafelt|tobermore,1244.81,1848,1661,-10.12,50.45,40.3
N20002876,Moyola_E2,magherafelt|tobermore,1434.72,1848,1661,-10.12,50.45,40.3
N20002872,Moyola_B2,magherafelt|tobermore,1014.01,1848,1661,-10.12,50.45,40.3
N20002873,Moyola_D1,magherafelt|draperstown,29.4,2247,2351,4.63,49.3,31.0
N20002875,Moyola_D3,magherafelt|draperstown,45.65,2247,2351,4.63,49.3,31.0
N20002878,Moyola_D4,magherafelt|draperstown,15.26,2247,2351,4.63,49.3,31.0
N20002874,Moyola_D2,magherafelt|draperstown,63.43,2247,2351,4.63,49.3,31.0
N20002885,Moyola_G1,magherafelt|draperstown,811.65,2247,2351,4.63,49.3,31.0
N20002888,Moyola_G3,magherafelt|tobermore,1380.06,1848,1661,-10.12,50.45,40.3
N20002911,Magherafelt_D1,magherafelt|lecumpher,3033.2,2015,2052,1.84,50.73,32.2
N20002913,Magherafelt_E1,magherafelt|lecumpher,1300.49,2015,2052,1.84,50.73,32.2
N20002915,Magherafelt_D2,magherafelt|lecumpher,1781.11,2015,2052,1.84,50.73,32.2
N20002922,Magherafelt_F2,cookstown|moneymore,22.31,1695,1728,1.95,47.45,78.7
N20002923,Magherafelt_F3,cookstown|moneymore,44.53,1695,1728,1.95,47.45,78.7
N20002921,Magherafelt_F1,cookstown|moneymore,13.8,1695,1728,1.95,47.45,78.7
N20002924,Magherafelt_F4,cookstown|moneymore,32.91,1695,1728,1.95,47.45,78.7
N20002926,Magherafelt_D5,cookstown|lissan,1576.6,1680,1630,-2.98,51.78,22.3
N20002918,Magherafelt_D3,cookstown|lissan,1313.96,1680,1630,-2.98,51.78,22.3
N20002931,Cookstown_A3,cookstown|oaklands,966.37,1556,1426,-8.35,51.47,28.6
N20002920,Magherafelt_D4,cookstown|lissan,3746.89,1680,1630,-2.98,51.78,22.3
N20002929,Cookstown_A1,cookstown|dunnamore,3158.29,1657,1465,-11.59,51.06,14.9
N20002930,Cookstown_A2,cookstown|dunnamore,3900.41,1657,1465,-11.59,51.06,14.9
N20002890,Moyola_G4,magherafelt|draperstown,5012.35,2247,2351,4.63,49.3,31.0
N20002863,Carntogher_D5,magherafelt|lower glenshane,1774.45,2149,1846,-14.1,50.65,24.9
N20002864,Carntogher_D6,magherafelt|draperstown,2165.59,2247,2351,4.63,49.3,31.0
N20001981,Sperrin_F4,strabane|plumbridge,7932.17,2145,1842,-14.13,54.23,9.7
N20002223,Mid_Tyrone_A2,omagh|owenglen,2152.77,1698,1407,-17.14,50.89,8.4
N20002221,Mid_Tyrone_A1,omagh|owenglen,8332.03,1698,1407,-17.14,50.89,8.4
N20002224,Mid_Tyrone_A3,omagh|owenglen,3677.75,1698,1407,-17.14,50.89,8.4
N20002225,Mid_Tyrone_B2,omagh|owenglen,3295.7,1698,1407,-17.14,50.89,8.4
N20002222,Mid_Tyrone_B1,omagh|gortin,1143.61,2033,1874,-7.82,48.4,20.7
N20002226,Mid_Tyrone_B3,omagh|gortin,4910.27,2033,1874,-7.82,48.4,20.7
N20002227,Mid_Tyrone_B4,omagh|gortin,997.52,2033,1874,-7.82,48.4,20.7
N20002150,West_Tyrone_A1,omagh|fairy water,1831.29,1814,1667,-8.1,52.61,18.8
N20002024,Derg_G2,strabane|clare,3999.63,2356,2193,-6.92,51.3,24.1
N20002017,Derg_G1,strabane|newtownstewart,3340.86,2398,2239,-6.63,49.93,49.2
N20002007,Derg_D1,strabane|victoria bridge,682.03,2014,1751,-13.06,52.43,23.6
N20002010,Derg_E2,strabane|newtownstewart,27.22,2398,2239,-6.63,49.93,49.2
N20002011,Derg_E3,strabane|newtownstewart,52.97,2398,2239,-6.63,49.93,49.2
N20002009,Derg_E1,strabane|newtownstewart,49.78,2398,2239,-6.63,49.93,49.2
N20001991,Sperrin_K3,strabane|victoria bridge,3242.44,2014,1751,-13.06,52.43,23.6
N20001992,Sperrin_K4,strabane|victoria bridge,1029.3,2014,1751,-13.06,52.43,23.6
N20002004,Derg_B4,strabane|sion mills,13.08,2136,2404,12.55,51.0,58.8
N20002000,Derg_B1,strabane|finn,14.73,2330,2258,-3.09,50.58,177.9
N20002002,Derg_B3,strabane|sion mills,7.12,2136,2404,12.55,51.0,58.8
N20002001,Derg_B2,strabane|sion mills,73.4,2136,2404,12.55,51.0,58.8
N20001988,Sperrin_K1,strabane|victoria bridge,2252.94,2014,1751,-13.06,52.43,23.6
N20001997,Derg_A4,strabane|south,32.4,3010,3925,30.4,49.4,1669.3
N20001982,Sperrin_G5,strabane|east,51.27,2531,2367,-6.48,49.98,2010.7
N20001983,Sperrin_G6,strabane|south,15.85,3010,3925,30.4,49.4,1669.3
N20001986,Sperrin_J1,strabane|south,74.86,3010,3925,30.4,49.4,1669.3
N20001987,Sperrin_J2,strabane|south,46.68,3010,3925,30.4,49.4,1669.3
N20001985,Sperrin_H6,strabane|south,6.32,3010,3925,30.4,49.4,1669.3
N20001996,Derg_A3,strabane|finn,22.52,2330,2258,-3.09,50.58,177.9
N20001995,Derg_A2,strabane|finn,10.01,2330,2258,-3.09,50.58,177.9
N20001984,Sperrin_H5,strabane|south,31.02,3010,3925,30.4,49.4,1669.3
N20001980,Sperrin_H4,strabane|south,26.89,3010,3925,30.4,49.4,1669.3
N20001974,Sperrin_H1,strabane|west,14.16,2058,2898,40.82,48.03,2828.9
N20001977,Sperrin_H3,strabane|west,8.77,2058,2898,40.82,48.03,2828.9
N20001994,Derg_A1,strabane|finn,21.04,2330,2258,-3.09,50.58,177.9
N20001970,Sperrin_E3,strabane|west,24.48,2058,2898,40.82,48.03,2828.9
N20001965,Sperrin_E1,strabane|north,10.14,1908,1558,-18.34,48.01,378.6
N20001969,Sperrin_E2,strabane|east,13.03,2531,2367,-6.48,49.98,2010.7
N20001972,Sperrin_E4,strabane|west,11.36,2058,2898,40.82,48.03,2828.9
N20001976,Sperrin_H2,strabane|west,12.76,2058,2898,40.82,48.03,2828.9
N20001979,Sperrin_G4,strabane|south,5.69,3010,3925,30.4,49.4,1669.3
N20001978,Sperrin_G3,strabane|south,7.49,3010,3925,30.4,49.4,1669.3
N20001975,Sperrin_G2,strabane|south,18.21,3010,3925,30.4,49.4,1669.3
N20001973,Sperrin_G1,strabane|east,13.4,2531,2367,-6.48,49.98,2010.7
N20001966,Sperrin_D5,strabane|north,26.89,1908,1558,-18.34,48.01,378.6
N20001967,Sperrin_D6,strabane|east,23.05,2531,2367,-6.48,49.98,2010.7
N20001968,Sperrin_C6,strabane|artigarvan,1662.89,2380,2387,0.29,50.86,39.6
N20001971,Sperrin_F3,strabane|dunnamanagh,3257.76,2242,2199,-1.92,50.93,23.3
N20001990,Sperrin_K2,strabane|plumbridge,5875.41,2145,1842,-14.13,54.23,9.7
N20001993,Sperrin_K5,strabane|plumbridge,392.61,2145,1842,-14.13,54.23,9.7
N20001989,Sperrin_F5,strabane|plumbridge,9521.39,2145,1842,-14.13,54.23,9.7
N20001954,Sperrin_F1,londonderry|banagher,3818.57,2614,2487,-4.86,51.87,26.0
N20001948,Sperrin_B2,londonderry|claudy,3622.8,2507,2512,0.2,50.76,26.7
N20001952,Sperrin_C1,strabane|dunnamanagh,45.38,2242,2199,-1.92,50.93,23.3
N20001959,Sperrin_C4,strabane|artigarvan,1897.77,2380,2387,0.29,50.86,39.6
N20001955,Sperrin_B5,strabane|artigarvan,68.11,2380,2387,0.29,50.86,39.6
N20001958,Sperrin_C3,strabane|artigarvan,33.62,2380,2387,0.29,50.86,39.6
N20001960,Sperrin_D1,strabane|north,23.0,1908,1558,-18.34,48.01,378.6
N20001961,Sperrin_C5,strabane|artigarvan,932.16,2380,2387,0.29,50.86,39.6
N20001964,Sperrin_D4,strabane|north,10.93,1908,1558,-18.34,48.01,378.6
N20001962,Sperrin_D2,strabane|north,47.24,1908,1558,-18.34,48.01,378.6
N20001963,Sperrin_D3,strabane|north,49.79,1908,1558,-18.34,48.01,378.6
N20001957,Sperrin_C2,strabane|artigarvan,16.48,2380,2387,0.29,50.86,39.6
N20001951,Sperrin_B4,strabane|artigarvan,1036.98,2380,2387,0.29,50.86,39.6
N20001945,Faughan_G7,strabane|slievekirk,890.2,2245,2078,-7.44,52.36,34.6
N20001950,Sperrin_B3,strabane|slievekirk,1654.07,2245,2078,-7.44,52.36,34.6
N20001947,Sperrin_B1,strabane|slievekirk,1690.19,2245,2078,-7.44,52.36,34.6
N20001940,Faughan_G5,londonderry|prehen,701.16,2662,4222,58.6,49.48,124.0
N20001939,Faughan_G4,strabane|slievekirk,20.22,2245,2078,-7.44,52.36,34.6
N20001941,Faughan_G6,strabane|slievekirk,1394.24,2245,2078,-7.44,52.36,34.6
N20001767,The_Moor_H3,londonderry|crevagh,1833.9,4648,2434,-47.63,51.03,182.7
N20001928,Faughan_F1,londonderry|prehen,49.93,2662,4222,58.6,49.48,124.0
N20001930,Faughan_F2,londonderry|prehen,8.66,2662,4222,58.6,49.48,124.0
N20001933,Faughan_F5,londonderry|prehen,17.62,2662,4222,58.6,49.48,124.0
N20001932,Faughan_F4,londonderry|prehen,35.05,2662,4222,58.6,49.48,124.0
N20001934,Faughan_F6,londonderry|prehen,12.63,2662,4222,58.6,49.48,124.0
N20001931,Faughan_F3,londonderry|prehen,14.07,2662,4222,58.6,49.48,124.0
N20001904,Waterside_L4,londonderry|prehen,178.44,2662,4222,58.6,49.48,124.0
N20001925,Faughan_G1,londonderry|prehen,25.28,2662,4222,58.6,49.48,124.0
N20001926,Faughan_G2,londonderry|prehen,149.51,2662,4222,58.6,49.48,124.0
N20001763,The_Moor_D6,londonderry|crevagh,5.19,4648,2434,-47.63,51.03,182.7
N20001762,The_Moor_E2,londonderry|crevagh,29.62,4648,2434,-47.63,51.03,182.7
N20001765,The_Moor_F4,londonderry|brandywell,6.81,2978,1642,-44.86,49.03,2344.6
N20001766,The_Moor_F5,londonderry|brandywell,19.45,2978,1642,-44.86,49.03,2344.6
N20001889,Waterside_L3,londonderry|victoria,69.2,2579,1932,-25.09,48.19,3369.8
N20001764,The_Moor_G4,londonderry|riverside,26.29,2727,1491,-45.32,45.34,8124.9
N20001887,Waterside_N1,londonderry|clondermot,6.39,3213,2594,-19.27,49.54,4261.2
N20001883,Waterside_L2,londonderry|victoria,11.72,2579,1932,-25.09,48.19,3369.8
N20001882,Waterside_G4,londonderry|clondermot,11.63,3213,2594,-19.27,49.54,4261.2
N20001886,Waterside_J1,londonderry|altnagelvin,27.35,3618,6699,85.16,47.17,1756.0
N20001885,Waterside_G5,londonderry|clondermot,18.03,3213,2594,-19.27,49.54,4261.2
N20001895,Waterside_J2,londonderry|altnagelvin,16.85,3618,6699,85.16,47.17,1756.0
N20001896,Waterside_J3,londonderry|altnagelvin,33.81,3618,6699,85.16,47.17,1756.0
N20001892,Waterside_N3,londonderry|prehen,13.61,2662,4222,58.6,49.48,124.0
N20001890,Waterside_N2,londonderry|clondermot,7.09,3213,2594,-19.27,49.54,4261.2
N20001901,Waterside_N4,londonderry|prehen,103.5,2662,4222,58.6,49.48,124.0
N20001900,Waterside_J4,londonderry|altnagelvin,14.61,3618,6699,85.16,47.17,1756.0
N20001897,Waterside_K3,londonderry|altnagelvin,15.12,3618,6699,85.16,47.17,1756.0
N20001902,Waterside_P1,londonderry|faughan,12.62,3221,4149,28.81,50.86,153.7
N20001907,Waterside_P5,londonderry|prehen,94.8,2662,4222,58.6,49.48,124.0
N20001905,Waterside_P3,londonderry|faughan,6.29,3221,4149,28.81,50.86,153.7
N20001903,Waterside_P2,londonderry|faughan,16.73,3221,4149,28.81,50.86,153.7
N20001906,Waterside_P4,londonderry|faughan,9.57,3221,4149,28.81,50.86,153.7
N20001891,Waterside_H3,londonderry|altnagelvin,36.14,3618,6699,85.16,47.17,1756.0
N20001884,Waterside_H1,londonderry|altnagelvin,30.96,3618,6699,85.16,47.17,1756.0
N20001888,Waterside_H2,londonderry|altnagelvin,54.72,3618,6699,85.16,47.17,1756.0
N20001894,Waterside_K2,londonderry|altnagelvin,56.78,3618,6699,85.16,47.17,1756.0
N20001893,Waterside_K1,londonderry|faughan,22.32,3221,4149,28.81,50.86,153.7
N20001898,Waterside_K4,londonderry|faughan,66.63,3221,4149,28.81,50.86,153.7
N20001899,Waterside_K5,londonderry|faughan,12.95,3221,4149,28.81,50.86,153.7
N20001929,Faughan_E3,londonderry|faughan,1012.19,3221,4149,28.81,50.86,153.7
N20001935,Faughan_G3,londonderry|prehen,2571.09,2662,4222,58.6,49.48,124.0
N20001938,Faughan_E6,londonderry|claudy,590.85,2507,2512,0.2,50.76,26.7
N20001937,Faughan_E5,londonderry|claudy,1193.47,2507,2512,0.2,50.76,26.7
N20001944,Faughan_H3,londonderry|claudy,76.05,2507,2512,0.2,50.76,26.7
N20001942,Faughan_H1,londonderry|claudy,17.54,2507,2512,0.2,50.76,26.7
N20001943,Faughan_H2,londonderry|claudy,10.38,2507,2512,0.2,50.76,26.7
N20001936,Faughan_E4,londonderry|claudy,2406.89,2507,2512,0.2,50.76,26.7
N20001924,Faughan_D5,londonderry|eglinton,63.84,2748,2669,-2.87,51.22,53.6
N20001927,Faughan_E2,londonderry|claudy,4418.17,2507,2512,0.2,50.76,26.7
N20001465,Benbradagh_D6,limavady|the highlands,4722.9,1724,1658,-3.83,51.81,26.3
N20001477,Benbradagh_E5,limavady|feeny,2157.58,1459,1415,-3.02,51.66,14.5
N20001472,Benbradagh_E4,limavady|the highlands,394.25,1724,1658,-3.83,51.81,26.3
N20001946,Sperrin_A1,londonderry|banagher,1105.94,2614,2487,-4.86,51.87,26.0
N20001949,Sperrin_A2,londonderry|banagher,2759.0,2614,2487,-4.86,51.87,26.0
N20001956,Sperrin_F2,londonderry|banagher,2521.5,2614,2487,-4.86,51.87,26.0
N20001953,Sperrin_A3,londonderry|banagher,45.57,2614,2487,-4.86,51.87,26.0
N20001479,Benbradagh_E6,limavady|feeny,26.18,1459,1415,-3.02,51.66,14.5
N20001480,Benbradagh_G3,limavady|feeny,5103.72,1459,1415,-3.02,51.66,14.5
N20002862,Carntogher_D4,magherafelt|lower glenshane,2566.47,2149,1846,-14.1,50.65,24.9
N20001478,Benbradagh_G2,limavady|upper glenshane,10304.71,1287,1034,-19.66,51.74,8.4
N20001476,Benbradagh_F7,limavady|dungiven,12.5,1785,2212,23.92,50.77,307.9
N20001475,Benbradagh_F6,limavady|dungiven,27.78,1785,2212,23.92,50.77,307.9
N20001473,Benbradagh_F4,limavady|dungiven,29.43,1785,2212,23.92,50.77,307.9
N20001471,Benbradagh_F3,limavady|dungiven,10.35,1785,2212,23.92,50.77,307.9
N20001474,Benbradagh_F5,limavady|dungiven,28.85,1785,2212,23.92,50.77,307.9
N20001468,Benbradagh_E3,limavady|the highlands,1002.46,1724,1658,-3.83,51.81,26.3
N20001469,Benbradagh_F1,limavady|dungiven,27.11,1785,2212,23.92,50.77,307.9
N20001470,Benbradagh_F2,limavady|dungiven,7.37,1785,2212,23.92,50.77,307.9
N20001467,Benbradagh_E2,limavady|the highlands,195.76,1724,1658,-3.83,51.81,26.3
N20001464,Benbradagh_E1,limavady|the highlands,1724.55,1724,1658,-3.83,51.81,26.3
N20001466,Benbradagh_G1,limavady|upper glenshane,4893.81,1287,1034,-19.66,51.74,8.4
N20001512,Limavady_F3,limavady|forest,320.42,1450,1579,8.9,51.17,32.4
N20001511,Limavady_F2,limavady|forest,4013.87,1450,1579,8.9,51.17,32.4
N20001508,Limavady_G2,limavady|rathbrady,19.65,1912,3627,89.7,49.66,1684.8
N20001506,Limavady_D6,limavady|aghanloo,15.37,1401,1294,-7.64,49.85,20.4
N20001501,Limavady_D4,limavady|aghanloo,12.75,1401,1294,-7.64,49.85,20.4
N20001503,Limavady_D5,limavady|aghanloo,10.69,1401,1294,-7.64,49.85,20.4
N20001502,Limavady_C5,limavady|aghanloo,8.94,1401,1294,-7.64,49.85,20.4
N20001497,Limavady_D3,limavady|aghanloo,17.02,1401,1294,-7.64,49.85,20.4
N20001491,Limavady_D1,limavady|aghanloo,17.9,1401,1294,-7.64,49.85,20.4
N20001492,Limavady_D2,limavady|aghanloo,12.6,1401,1294,-7.64,49.85,20.4
N20001487,Limavady_C1,limavady|rathbrady,22.69,1912,3627,89.7,49.66,1684.8
N20001486,Limavady_B1,limavady|rathbrady,36.29,1912,3627,89.7,49.66,1684.8
N20001488,Limavady_B2,limavady|roeside,37.62,1230,955,-22.36,50.16,214.5
N20001493,Limavady_B4,limavady|roeside,5.94,1230,955,-22.36,50.16,214.5
N20001495,Limavady_E1,limavady|binevenagh,4.22,1520,1410,-7.24,51.13,9877.6
N20001490,Limavady_B3,limavady|rathbrady,30.56,1912,3627,89.7,49.66,1684.8
N20001489,Limavady_C2,limavady|rathbrady,38.53,1912,3627,89.7,49.66,1684.8
N20001494,Limavady_C3,limavady|rathbrady,24.18,1912,3627,89.7,49.66,1684.8
N20001499,Limavady_C4,limavady|rathbrady,6.7,1912,3627,89.7,49.66,1684.8
N20001505,Limavady_G1,limavady|rathbrady,13.13,1912,3627,89.7,49.66,1684.8
N20001504,Limavady_E5,limavady|rathbrady,24.13,1912,3627,89.7,49.66,1684.8
N20001500,Limavady_E4,limavady|coolessan,4.46,1615,2824,74.86,48.69,1669.8
N20001496,Limavady_E2,limavady|coolessan,7.55,1615,2824,74.86,48.69,1669.8
N20001498,Limavady_E3,limavady|coolessan,34.95,1615,2824,74.86,48.69,1669.8
N20001509,Limavady_E7,limavady|coolessan,41.76,1615,2824,74.86,48.69,1669.8
N20001507,Limavady_E6,limavady|coolessan,9.58,1615,2824,74.86,48.69,1669.8
N20001510,Limavady_G3,limavady|forest,20.72,1450,1579,8.9,51.17,32.4
N20001457,Benbradagh_B2,limavady|glack,1042.84,1648,1548,-6.07,50.32,30.3
N20001459,Benbradagh_B3,limavady|forest,268.83,1450,1579,8.9,51.17,32.4
N20001513,Limavady_F4,limavady|forest,1026.64,1450,1579,8.9,51.17,32.4
N20001461,Benbradagh_D3,limavady|glack,1031.6,1648,1548,-6.07,50.32,30.3
N20001463,Benbradagh_D5,limavady|glack,272.6,1648,1548,-6.07,50.32,30.3
N20001462,Benbradagh_D4,limavady|gresteel,1344.5,1798,1932,7.45,50.98,72.3
N20001460,Benbradagh_D2,limavady|gresteel,610.1,1798,1932,7.45,50.98,72.3
N20001458,Benbradagh_D1,limavady|glack,1888.74,1648,1548,-6.07,50.32,30.3
N20001455,Benbradagh_C2,limavady|gresteel,46.22,1798,1932,7.45,50.98,72.3
N20001454,Benbradagh_C1,limavady|gresteel,94.53,1798,1932,7.45,50.98,72.3
N20001456,Benbradagh_C3,limavady|gresteel,51.41,1798,1932,7.45,50.98,72.3
N20001448,Benbradagh_A2,limavady|walworth,14.44,1337,2173,62.53,61.34,445.8
N20001450,Benbradagh_A4,limavady|myroe,29.8,1943,1442,-25.78,50.97,46.5
N20001453,Benbradagh_A7,limavady|walworth,19.04,1337,2173,62.53,61.34,445.8
N20001452,Benbradagh_A6,limavady|walworth,20.15,1337,2173,62.53,61.34,445.8
N20001447,Benbradagh_A1,limavady|walworth,96.47,1337,2173,62.53,61.34,445.8
N20001451,Benbradagh_A5,limavady|myroe,8.76,1943,1442,-25.78,50.97,46.5
N20001449,Benbradagh_A3,limavady|myroe,23.81,1943,1442,-25.78,50.97,46.5
N20001446,Benbradagh_B1,limavady|myroe,1706.42,1943,1442,-25.78,50.97,46.5
N20001484,Limavady_A4,limavady|myroe,2326.76,1943,1442,-25.78,50.97,46.5
N20001483,Limavady_A3,limavady|aghanloo,603.7,1401,1294,-7.64,49.85,20.4
N20001485,Limavady_F1,limavady|aghanloo,3294.49,1401,1294,-7.64,49.85,20.4
N20001520,Bann_B5,coleraine|castlerock,1884.9,2265,2328,2.78,49.53,61.2
N20001482,Limavady_A2,limavady|magilligan,5464.29,1700,1348,-20.71,53.12,22.6
N20001517,Bann_B2,coleraine|castlerock,1059.12,2265,2328,2.78,49.53,61.2
N20001481,Limavady_A1,limavady|magilligan,1828.24,1700,1348,-20.71,53.12,22.6
N20001808,Ballyarnett_D1,londonderry|culmore,7.89,4580,4918,7.38,50.61,524.5
N20001814,Ballyarnett_D4,londonderry|culmore,22.09,4580,4918,7.38,50.61,524.5
N20001812,Ballyarnett_C2,londonderry|culmore,786.81,4580,4918,7.38,50.61,524.5
N20001816,Ballyarnett_D5,londonderry|shantallow,11.92,4051,11109,174.23,48.96,1427.4
N20001819,Ballyarnett_F1,londonderry|shantallow,10.67,4051,11109,174.23,48.96,1427.4
N20001827,Ballyarnett_F2,londonderry|shantallow,17.94,4051,11109,174.23,48.96,1427.4
N20001826,Ballyarnett_D6,londonderry|culmore,9.43,4580,4918,7.38,50.61,524.5
N20001825,Ballyarnett_H2,londonderry|culmore,5.74,4580,4918,7.38,50.61,524.5
N20001809,Ballyarnett_D2,londonderry|culmore,76.64,4580,4918,7.38,50.61,524.5
N20001810,Ballyarnett_D3,londonderry|culmore,12.33,4580,4918,7.38,50.61,524.5
N20001824,Ballyarnett_H1,londonderry|pennyburn,19.72,2935,3359,14.45,48.47,956.1
N20001806,Ballyarnett_C1,londonderry|culmore,11.35,4580,4918,7.38,50.61,524.5
N20001804,Ballyarnett_A2,londonderry|culmore,49.37,4580,4918,7.38,50.61,524.5
N20001805,Ballyarnett_A3,londonderry|culmore,25.41,4580,4918,7.38,50.61,524.5
N20001807,Ballyarnett_A4,londonderry|culmore,94.68,4580,4918,7.38,50.61,524.5
N20001909,Faughan_A1,londonderry|enagh,24.49,3760,2704,-28.09,51.74,141.7
N20001910,Faughan_A2,londonderry|enagh,28.23,3760,2704,-28.09,51.74,141.7
N20001911,Faughan_A3,londonderry|enagh,8.5,3760,2704,-28.09,51.74,141.7
N20001803,Ballyarnett_A1,londonderry|culmore,251.72,4580,4918,7.38,50.61,524.5
N20001908,Faughan_D1,londonderry|eglinton,2032.59,2748,2669,-2.87,51.22,53.6
N20001915,Faughan_D2,londonderry|eglinton,298.99,2748,2669,-2.87,51.22,53.6
N20001917,Faughan_C1,londonderry|eglinton,18.93,2748,2669,-2.87,51.22,53.6
N20001919,Faughan_C3,londonderry|eglinton,20.73,2748,2669,-2.87,51.22,53.6
N20001918,Faughan_C2,londonderry|eglinton,19.66,2748,2669,-2.87,51.22,53.6
N20001916,Faughan_B2,londonderry|eglinton,35.69,2748,2669,-2.87,51.22,53.6
N20001914,Faughan_B1,londonderry|eglinton,21.28,2748,2669,-2.87,51.22,53.6
N20001920,Faughan_C4,londonderry|eglinton,13.6,2748,2669,-2.87,51.22,53.6
N20001923,Faughan_E1,londonderry|eglinton,985.93,2748,2669,-2.87,51.22,53.6
N20001922,Faughan_D4,londonderry|enagh,2249.49,3760,2704,-28.09,51.74,141.7
N20001872,Waterside_C5,londonderry|faughan,31.72,3221,4149,28.81,50.86,153.7
N20001861,Waterside_C3,londonderry|faughan,11.72,3221,4149,28.81,50.86,153.7
N20001858,Waterside_C1,londonderry|enagh,8.0,3760,2704,-28.09,51.74,141.7
N20001912,Faughan_A4,londonderry|enagh,11.43,3760,2704,-28.09,51.74,141.7
N20001913,Faughan_A5,londonderry|enagh,30.71,3760,2704,-28.09,51.74,141.7
N20001921,Faughan_D3,londonderry|enagh,379.62,3760,2704,-28.09,51.74,141.7
N20001850,Waterside_A1,londonderry|caw,98.97,4415,5778,30.87,51.56,2472.7
N20001834,Ballyarnett_H3,londonderry|pennyburn,17.31,2935,3359,14.45,48.47,956.1
N20001840,Ballyarnett_H4,londonderry|pennyburn,19.3,2935,3359,14.45,48.47,956.1
N20001838,Ballyarnett_K3,londonderry|culmore,6.17,4580,4918,7.38,50.61,524.5
N20001836,Ballyarnett_K2,londonderry|culmore,12.98,4580,4918,7.38,50.61,524.5
N20001830,Ballyarnett_K1,londonderry|culmore,7.37,4580,4918,7.38,50.61,524.5
N20001828,Ballyarnett_F3,londonderry|shantallow,7.8,4051,11109,174.23,48.96,1427.4
N20001843,Ballyarnett_L1,londonderry|shantallow,24.93,4051,11109,174.23,48.96,1427.4
N20001844,Ballyarnett_K4,londonderry|culmore,15.37,4580,4918,7.38,50.61,524.5
N20001847,Ballyarnett_L3,londonderry|shantallow,9.99,4051,11109,174.23,48.96,1427.4
N20001777,Foyleside_B3,londonderry|pennyburn,27.23,2935,3359,14.45,48.47,956.1
N20001772,Foyleside_B2,londonderry|pennyburn,15.95,2935,3359,14.45,48.47,956.1
N20001771,Foyleside_B1,londonderry|pennyburn,32.96,2935,3359,14.45,48.47,956.1
N20001781,Foyleside_B4,londonderry|pennyburn,91.02,2935,3359,14.45,48.47,956.1
N20001789,Foyleside_F1,londonderry|pennyburn,50.37,2935,3359,14.45,48.47,956.1
N20001854,Waterside_A3,londonderry|ebrington,128.65,2293,1025,-55.3,45.95,1445.7
N20001860,Waterside_A5,londonderry|caw,22.72,4415,5778,30.87,51.56,2472.7
N20001851,Waterside_A2,londonderry|caw,15.16,4415,5778,30.87,51.56,2472.7
N20001852,Waterside_B1,londonderry|caw,20.28,4415,5778,30.87,51.56,2472.7
N20001853,Waterside_B2,londonderry|caw,11.48,4415,5778,30.87,51.56,2472.7
N20001856,Waterside_B3,londonderry|altnagelvin,15.47,3618,6699,85.16,47.17,1756.0
N20001859,Waterside_C2,londonderry|altnagelvin,16.03,3618,6699,85.16,47.17,1756.0
N20001857,Waterside_B4,londonderry|caw,7.46,4415,5778,30.87,51.56,2472.7
N20001855,Waterside_A4,londonderry|caw,30.86,4415,5778,30.87,51.56,2472.7
N20001864,Waterside_D3,londonderry|caw,9.22,4415,5778,30.87,51.56,2472.7
N20001868,Waterside_E2,londonderry|caw,5.79,4415,5778,30.87,51.56,2472.7
N20001865,Waterside_D4,londonderry|caw,5.55,4415,5778,30.87,51.56,2472.7
N20001862,Waterside_D1,londonderry|caw,9.0,4415,5778,30.87,51.56,2472.7
N20001863,Waterside_D2,londonderry|altnagelvin,13.16,3618,6699,85.16,47.17,1756.0
N20001867,Waterside_C4,londonderry|altnagelvin,9.65,3618,6699,85.16,47.17,1756.0
N20001871,Waterside_D5,londonderry|altnagelvin,21.38,3618,6699,85.16,47.17,1756.0
N20001878,Waterside_F3,londonderry|altnagelvin,15.99,3618,6699,85.16,47.17,1756.0
N20001879,Waterside_F4,londonderry|altnagelvin,10.97,3618,6699,85.16,47.17,1756.0
N20001875,Waterside_F2,londonderry|altnagelvin,17.99,3618,6699,85.16,47.17,1756.0
N20001873,Waterside_F1,londonderry|altnagelvin,13.94,3618,6699,85.16,47.17,1756.0
N20001880,Waterside_G2,londonderry|clondermot,8.48,3213,2594,-19.27,49.54,4261.2
N20001881,Waterside_G3,londonderry|victoria,4.91,2579,1932,-25.09,48.19,3369.8
N20001874,Waterside_E5,londonderry|ebrington,9.52,2293,1025,-55.3,45.95,1445.7
N20001870,Waterside_E4,londonderry|caw,6.06,4415,5778,30.87,51.56,2472.7
N20001876,Waterside_G1,londonderry|altnagelvin,10.66,3618,6699,85.16,47.17,1756.0
N20001869,Waterside_E3,londonderry|caw,16.81,4415,5778,30.87,51.56,2472.7
N20001866,Waterside_E1,londonderry|caw,3.72,4415,5778,30.87,51.56,2472.7
N20001877,Waterside_L1,londonderry|ebrington,23.5,2293,1025,-55.3,45.95,1445.7
N20001756,The_Moor_G2,londonderry|the diamond,8.61,2553,1195,-53.19,44.6,3196.3
N20001754,The_Moor_G1,londonderry|the diamond,4.94,2553,1195,-53.19,44.6,3196.3
N20001750,The_Moor_C4,londonderry|the diamond,30.17,2553,1195,-53.19,44.6,3196.3
N20001758,The_Moor_F2,londonderry|st columb s wells,14.13,2822,1039,-63.18,48.32,6594.2
N20001761,The_Moor_G3,londonderry|riverside,6.3,2727,1491,-45.32,45.34,8124.9
N20001759,The_Moor_F3,londonderry|brandywell,18.24,2978,1642,-44.86,49.03,2344.6
N20001753,The_Moor_E1,londonderry|brandywell,35.35,2978,1642,-44.86,49.03,2344.6
N20001751,The_Moor_F1,londonderry|st columb s wells,5.06,2822,1039,-63.18,48.32,6594.2
N20001748,The_Moor_B7,londonderry|westland,3.78,3006,2410,-19.83,46.27,9882.9
N20001747,The_Moor_B6,londonderry|westland,14.01,3006,2410,-19.83,46.27,9882.9
N20001739,The_Moor_A3,londonderry|beechwood,8.48,3344,2546,-23.86,46.03,7907.4
N20001737,The_Moor_B2,londonderry|beechwood,10.23,3344,2546,-23.86,46.03,7907.4
N20001740,The_Moor_B4,londonderry|beechwood,6.15,3344,2546,-23.86,46.03,7907.4
N20001741,The_Moor_C1,londonderry|waterloo,6.58,2514,1302,-48.21,47.39,4920.8
N20001738,The_Moor_B3,londonderry|westland,6.46,3006,2410,-19.83,46.27,9882.9
N20001746,The_Moor_B5,londonderry|westland,4.38,3006,2410,-19.83,46.27,9882.9
N20001745,The_Moor_C3,londonderry|waterloo,6.14,2514,1302,-48.21,47.39,4920.8
N20001743,The_Moor_C2,londonderry|the diamond,7.71,2553,1195,-53.19,44.6,3196.3
N20001802,Foyleside_F5,londonderry|waterloo,5.25,2514,1302,-48.21,47.39,4920.8
N20001801,Foyleside_F4,londonderry|waterloo,18.87,2514,1302,-48.21,47.39,4920.8
N20001800,Foyleside_G4,londonderry|strand,5.71,2967,2526,-14.86,48.02,3890.3
N20001798,Foyleside_F3,londonderry|strand,3.54,2967,2526,-14.86,48.02,3890.3
N20001797,Foyleside_F2,londonderry|strand,29.38,2967,2526,-14.86,48.02,3890.3
N20001790,Foyleside_D4,londonderry|pennyburn,16.98,2935,3359,14.45,48.47,956.1
N20001793,Foyleside_D6,londonderry|springtown,2.93,2760,3287,19.09,49.22,233.5
N20001794,Foyleside_D7,londonderry|springtown,3.01,2760,3287,19.09,49.22,233.5
N20001795,Foyleside_G1,londonderry|strand,8.68,2967,2526,-14.86,48.02,3890.3
N20001791,Foyleside_D5,londonderry|springtown,7.83,2760,3287,19.09,49.22,233.5
N20001792,Foyleside_E6,londonderry|springtown,20.34,2760,3287,19.09,49.22,233.5
N20001796,Foyleside_G2,londonderry|springtown,25.15,2760,3287,19.09,49.22,233.5
N20001799,Foyleside_G3,londonderry|strand,10.11,2967,2526,-14.86,48.02,3890.3
N20001735,The_Moor_B1,londonderry|strand,8.57,2967,2526,-14.86,48.02,3890.3
N20001734,The_Moor_A1,londonderry|rosemount,5.39,2872,2286,-20.4,49.69,9929.4
N20001732,The_Moor_H1,londonderry|springtown,5.56,2760,3287,19.09,49.22,233.5
N20001733,The_Moor_H2,londonderry|springtown,253.86,2760,3287,19.09,49.22,233.5
N20001736,The_Moor_A2,londonderry|creggan central,53.26,3163,2596,-17.93,50.85,3377.6
N20001742,The_Moor_A4,londonderry|creggan central,8.29,3163,2596,-17.93,50.85,3377.6
N20001749,The_Moor_D1,londonderry|creggan central,4.77,3163,2596,-17.93,50.85,3377.6
N20001744,The_Moor_A5,londonderry|creggan central,5.02,3163,2596,-17.93,50.85,3377.6
N20001752,The_Moor_D2,londonderry|creggan south,5.34,3351,1951,-41.78,50.85,5999.9
N20001755,The_Moor_D3,londonderry|creggan south,6.98,3351,1951,-41.78,50.85,5999.9
N20001760,The_Moor_D5,londonderry|crevagh,8.14,4648,2434,-47.63,51.03,182.7
N20001757,The_Moor_D4,londonderry|crevagh,26.77,4648,2434,-47.63,51.03,182.7
N20001768,Foyleside_A1,londonderry|springtown,447.41,2760,3287,19.09,49.22,233.5
N20001833,Ballyarnett_J2,londonderry|shantallow,9.02,4051,11109,174.23,48.96,1427.4
N20001770,Foyleside_A3,londonderry|springtown,10.85,2760,3287,19.09,49.22,233.5
N20001774,Foyleside_A5,londonderry|springtown,24.57,2760,3287,19.09,49.22,233.5
N20001779,Foyleside_C1,londonderry|springtown,10.39,2760,3287,19.09,49.22,233.5
N20001782,Foyleside_C3,londonderry|springtown,7.85,2760,3287,19.09,49.22,233.5
N20001786,Foyleside_C4,londonderry|springtown,9.38,2760,3287,19.09,49.22,233.5
N20001780,Foyleside_C2,londonderry|springtown,13.31,2760,3287,19.09,49.22,233.5
N20001785,Foyleside_E4,londonderry|springtown,13.23,2760,3287,19.09,49.22,233.5
N20001778,Foyleside_E2,londonderry|springtown,8.94,2760,3287,19.09,49.22,233.5
N20001773,Foyleside_A4,londonderry|springtown,11.73,2760,3287,19.09,49.22,233.5
N20001776,Foyleside_E1,londonderry|springtown,12.33,2760,3287,19.09,49.22,233.5
N20001783,Foyleside_E3,londonderry|springtown,19.37,2760,3287,19.09,49.22,233.5
N20001788,Foyleside_E5,londonderry|springtown,12.03,2760,3287,19.09,49.22,233.5
N20001787,Foyleside_D3,londonderry|springtown,7.6,2760,3287,19.09,49.22,233.5
N20001784,Foyleside_D2,londonderry|pennyburn,44.95,2935,3359,14.45,48.47,956.1
N20001775,Foyleside_D1,londonderry|springtown,51.52,2760,3287,19.09,49.22,233.5
N20001849,Ballyarnett_J5,londonderry|shantallow,10.77,4051,11109,174.23,48.96,1427.4
N20001848,Ballyarnett_L4,londonderry|shantallow,13.61,4051,11109,174.23,48.96,1427.4
N20001845,Ballyarnett_L2,londonderry|shantallow,16.01,4051,11109,174.23,48.96,1427.4
N20001846,Ballyarnett_J4,londonderry|shantallow,35.28,4051,11109,174.23,48.96,1427.4
N20001769,Foyleside_A2,londonderry|springtown,43.59,2760,3287,19.09,49.22,233.5
N20001842,Ballyarnett_G6,londonderry|shantallow,11.42,4051,11109,174.23,48.96,1427.4
N20001839,Ballyarnett_J3,londonderry|shantallow,27.4,4051,11109,174.23,48.96,1427.4
N20001829,Ballyarnett_E4,londonderry|shantallow,9.74,4051,11109,174.23,48.96,1427.4
N20001835,Ballyarnett_G3,londonderry|shantallow,8.31,4051,11109,174.23,48.96,1427.4
N20001832,Ballyarnett_G2,londonderry|shantallow,10.51,4051,11109,174.23,48.96,1427.4
N20001841,Ballyarnett_G5,londonderry|shantallow,10.14,4051,11109,174.23,48.96,1427.4
N20001837,Ballyarnett_G4,londonderry|shantallow,11.87,4051,11109,174.23,48.96,1427.4
N20001831,Ballyarnett_F4,londonderry|shantallow,14.17,4051,11109,174.23,48.96,1427.4
N20001821,Ballyarnett_E2,londonderry|shantallow,7.45,4051,11109,174.23,48.96,1427.4
N20001822,Ballyarnett_G1,londonderry|shantallow,16.73,4051,11109,174.23,48.96,1427.4
N20001817,Ballyarnett_B4,londonderry|shantallow,9.31,4051,11109,174.23,48.96,1427.4
N20001811,Ballyarnett_B1,londonderry|shantallow,37.86,4051,11109,174.23,48.96,1427.4
N20001813,Ballyarnett_B2,londonderry|shantallow,22.76,4051,11109,174.23,48.96,1427.4
N20001815,Ballyarnett_B3,londonderry|shantallow,7.98,4051,11109,174.23,48.96,1427.4
N20001818,Ballyarnett_E1,londonderry|shantallow,6.41,4051,11109,174.23,48.96,1427.4
N20001823,Ballyarnett_E3,londonderry|shantallow,11.06,4051,11109,174.23,48.96,1427.4
N20001820,Ballyarnett_J1,londonderry|shantallow,94.33,4051,11109,174.23,48.96,1427.4
N20001998,Derg_C1,strabane|finn,962.98,2330,2258,-3.09,50.58,177.9
N20001999,Derg_C2,strabane|finn,10.12,2330,2258,-3.09,50.58,177.9
N20002003,Derg_C3,strabane|finn,25.3,2330,2258,-3.09,50.58,177.9
N20002005,Derg_C4,strabane|sion mills,1066.87,2136,2404,12.55,51.0,58.8
N20002006,Derg_C5,strabane|sion mills,917.44,2136,2404,12.55,51.0,58.8
N20002019,Derg_H2,strabane|glenderg,1750.93,2125,1787,-15.91,54.73,11.0
N20002015,Derg_H1,strabane|castlederg,2208.5,2486,3026,21.72,48.88,151.8
N20002018,Derg_F4,strabane|castlederg,16.69,2486,3026,21.72,48.88,151.8
N20002012,Derg_F1,strabane|castlederg,8.99,2486,3026,21.72,48.88,151.8
N20002014,Derg_F2,strabane|castlederg,21.52,2486,3026,21.72,48.88,151.8
N20002020,Derg_F5,strabane|castlederg,36.71,2486,3026,21.72,48.88,151.8
N20002021,Derg_F6,strabane|castlederg,12.84,2486,3026,21.72,48.88,151.8
N20002016,Derg_F3,strabane|castlederg,24.81,2486,3026,21.72,48.88,151.8
N20002008,Derg_D2,strabane|sion mills,3013.67,2136,2404,12.55,51.0,58.8
N20002013,Derg_D3,strabane|sion mills,53.81,2136,2404,12.55,51.0,58.8
N20002025,Derg_G3,strabane|clare,2612.19,2356,2193,-6.92,51.3,24.1
N20002022,Derg_F7,strabane|castlederg,88.91,2486,3026,21.72,48.88,151.8
N20002023,Derg_H3,strabane|glenderg,3385.58,2125,1787,-15.91,54.73,11.0
N20002026,Derg_H4,strabane|glenderg,10955.25,2125,1787,-15.91,54.73,11.0
N20002125,Erne_North_B2,fermanagh|belleek boa,4334.27,2487,2153,-13.43,51.32,16.3
N20002131,Erne_North_B4,fermanagh|belleek boa,68.67,2487,2153,-13.43,51.32,16.3
N20002137,Erne_North_B5,fermanagh|belleek boa,682.55,2487,2153,-13.43,51.32,16.3
N20002058,Erne_West_A2,fermanagh|garrison,4594.08,2318,1968,-15.1,52.9,10.2
N20002059,Erne_West_A3,fermanagh|garrison,309.45,2318,1968,-15.1,52.9,10.2
N20002063,Erne_West_A4,fermanagh|garrison,6422.89,2318,1968,-15.1,52.9,10.2
N20002066,Erne_West_B2,fermanagh|belcoo belmore,9210.26,2455,2603,6.03,51.06,20.2
N20002057,Erne_West_A1,fermanagh|garrison,8502.79,2318,1968,-15.1,52.9,10.2
N20002128,Erne_North_B3,fermanagh|belleek boa,2458.22,2487,2153,-13.43,51.32,16.3
N20002130,Erne_North_C3,fermanagh|kesh ederny lack,2311.06,2497,2601,4.16,51.67,28.9
N20002081,Enniskillen_A1,fermanagh|irvinestown,1811.84,2708,3062,13.07,49.15,57.6
N20002083,Enniskillen_A3,fermanagh|ballinamallard,1501.99,2396,2853,19.07,58.36,41.6
N20002060,Erne_West_B1,fermanagh|derrygonnelly,607.85,2539,2610,2.8,51.07,20.2
N20002062,Erne_West_D1,fermanagh|derrygonnelly,1130.07,2539,2610,2.8,51.07,20.2
N20002064,Erne_West_D2,fermanagh|derrygonnelly,1964.97,2539,2610,2.8,51.07,20.2
N20002065,Erne_West_C2,fermanagh|belcoo belmore,2312.03,2455,2603,6.03,51.06,20.2
N20002106,Enniskillen_D4,fermanagh|rossorry,273.77,2836,3698,30.39,49.7,143.6
N20002087,Enniskillen_D2,fermanagh|rossorry,74.56,2836,3698,30.39,49.7,143.6
N20002085,Enniskillen_D1,fermanagh|rossorry,76.72,2836,3698,30.39,49.7,143.6
N20002061,Erne_West_C1,fermanagh|derrygonnelly,3815.55,2539,2610,2.8,51.07,20.2
N20002141,Erne_North_E2,fermanagh|ballinamallard,46.71,2396,2853,19.07,58.36,41.6
N20002143,Erne_North_E3,fermanagh|ballinamallard,63.35,2396,2853,19.07,58.36,41.6
N20002145,Erne_North_G1,fermanagh|ballinamallard,2305.07,2396,2853,19.07,58.36,41.6
N20002084,Enniskillen_A4,fermanagh|devenish,1087.25,3454,3268,-5.39,48.47,687.9
N20002094,Enniskillen_D3,fermanagh|rossorry,91.02,2836,3698,30.39,49.7,143.6
N20002103,Enniskillen_E3,fermanagh|rossorry,7.94,2836,3698,30.39,49.7,143.6
N20002105,Enniskillen_E4,fermanagh|rossorry,8.72,2836,3698,30.39,49.7,143.6
N20002101,Enniskillen_E2,fermanagh|devenish,15.16,3454,3268,-5.39,48.47,687.9
N20002096,Enniskillen_E1,fermanagh|rossorry,49.18,2836,3698,30.39,49.7,143.6
N20002091,Enniskillen_B3,fermanagh|erne,6.39,2755,3416,23.99,49.56,337.9
N20002098,Enniskillen_B5,fermanagh|erne,89.93,2755,3416,23.99,49.56,337.9
N20002095,Enniskillen_B4,fermanagh|devenish,9.12,3454,3268,-5.39,48.47,687.9
N20002102,Enniskillen_F3,fermanagh|erne,38.33,2755,3416,23.99,49.56,337.9
N20002099,Enniskillen_F2,fermanagh|erne,40.59,2755,3416,23.99,49.56,337.9
N20002088,Enniskillen_F1,fermanagh|erne,119.2,2755,3416,23.99,49.56,337.9
N20002089,Enniskillen_B2,fermanagh|erne,16.16,2755,3416,23.99,49.56,337.9
N20002086,Enniskillen_B1,fermanagh|devenish,65.62,3454,3268,-5.39,48.47,687.9
N20002149,Erne_North_G4,fermanagh|erne,15.75,2755,3416,23.99,49.56,337.9
N20002092,Enniskillen_C2,fermanagh|erne,13.88,2755,3416,23.99,49.56,337.9
N20002093,Enniskillen_C3,fermanagh|erne,25.95,2755,3416,23.99,49.56,337.9
N20002104,Enniskillen_F4,fermanagh|castlecoole,34.91,2307,1667,-27.74,50.87,275.6
N20002097,Enniskillen_C4,fermanagh|erne,71.99,2755,3416,23.99,49.56,337.9
N20002100,Enniskillen_G1,fermanagh|lisbellaw,1610.45,2265,2397,5.83,50.52,33.7
N20002090,Enniskillen_C1,fermanagh|lisbellaw,74.24,2265,2397,5.83,50.52,33.7
N20002148,Erne_North_G3,fermanagh|lisbellaw,2442.36,2265,2397,5.83,50.52,33.7
N20002144,Erne_North_F3,fermanagh|tempo,1919.19,2282,2156,-5.52,50.46,21.4
N20002180,West_Tyrone_E5,omagh|trillick,1827.3,2167,2033,-6.18,51.89,24.2
N20002140,Erne_North_E1,fermanagh|ballinamallard,25.84,2396,2853,19.07,58.36,41.6
N20002139,Erne_North_F1,fermanagh|ballinamallard,2730.58,2396,2853,19.07,58.36,41.6
N20002082,Enniskillen_A2,fermanagh|ballinamallard,1108.33,2396,2853,19.07,58.36,41.6
N20002138,Erne_North_D6,fermanagh|irvinestown,41.19,2708,3062,13.07,49.15,57.6
N20002133,Erne_North_D2,fermanagh|irvinestown,31.12,2708,3062,13.07,49.15,57.6
N20002136,Erne_North_D5,fermanagh|irvinestown,20.07,2708,3062,13.07,49.15,57.6
N20002134,Erne_North_D3,fermanagh|irvinestown,27.38,2708,3062,13.07,49.15,57.6
N20002135,Erne_North_D4,fermanagh|irvinestown,81.71,2708,3062,13.07,49.15,57.6
N20002132,Erne_North_D1,fermanagh|irvinestown,18.81,2708,3062,13.07,49.15,57.6
N20002129,Erne_North_C2,fermanagh|irvinestown,2659.66,2708,3062,13.07,49.15,57.6
N20002175,West_Tyrone_E4,omagh|trillick,2012.13,2167,2033,-6.18,51.89,24.2
N20002160,West_Tyrone_E1,omagh|dromore,3788.66,2224,2282,2.61,52.67,43.3
N20002124,Erne_North_A2,fermanagh|kesh ederny lack,66.05,2497,2601,4.16,51.67,28.9
N20002123,Erne_North_C1,fermanagh|kesh ederny lack,2686.71,2497,2601,4.16,51.67,28.9
N20002126,Erne_North_A3,fermanagh|kesh ederny lack,67.29,2497,2601,4.16,51.67,28.9
N20002127,Erne_North_A4,fermanagh|kesh ederny lack,32.72,2497,2601,4.16,51.67,28.9
N20002121,Erne_North_B1,fermanagh|belleek boa,5171.54,2487,2153,-13.43,51.32,16.3
N20002122,Erne_North_A1,fermanagh|kesh ederny lack,3541.56,2497,2601,4.16,51.67,28.9
N20002027,Derg_H5,strabane|glenderg,821.05,2125,1787,-15.91,54.73,11.0
N20002028,Derg_H6,strabane|clare,2555.35,2356,2193,-6.92,51.3,24.1
N20002155,West_Tyrone_B3,omagh|drumquin,7556.55,1982,1833,-7.52,52.05,14.3
N20002152,West_Tyrone_B1,omagh|drumquin,1305.5,1982,1833,-7.52,52.05,14.3
N20002151,West_Tyrone_A2,omagh|fairy water,2702.19,1814,1667,-8.1,52.61,18.8
N20002153,West_Tyrone_A3,omagh|fairy water,2402.53,1814,1667,-8.1,52.61,18.8
N20002181,Omagh_C1,omagh|strule,106.36,2407,1869,-22.35,48.05,1181.9
N20002194,Omagh_C4,omagh|west,99.09,2586,3481,34.61,49.58,1136.9
N20002202,Omagh_C5,omagh|west,34.26,2586,3481,34.61,49.58,1136.9
N20002214,Omagh_C6,omagh|west,24.0,2586,3481,34.61,49.58,1136.9
N20002215,Omagh_F4,omagh|west,15.1,2586,3481,34.61,49.58,1136.9
N20002156,West_Tyrone_A4,omagh|fairy water,1952.12,1814,1667,-8.1,52.61,18.8
N20002154,West_Tyrone_B2,omagh|drumquin,484.04,1982,1833,-7.52,52.05,14.3
N20002157,West_Tyrone_C1,omagh|drumquin,2665.93,1982,1833,-7.52,52.05,14.3
N20002163,West_Tyrone_E3,omagh|dromore,964.38,2224,2282,2.61,52.67,43.3
N20002167,West_Tyrone_G2,omagh|dromore,9.36,2224,2282,2.61,52.67,43.3
N20002169,West_Tyrone_G3,omagh|dromore,215.81,2224,2282,2.61,52.67,43.3
N20002166,West_Tyrone_G1,omagh|dromore,16.59,2224,2282,2.61,52.67,43.3
N20002162,West_Tyrone_E2,omagh|dromore,980.56,2224,2282,2.61,52.67,43.3
N20002161,West_Tyrone_C3,omagh|clanabogan,2430.02,1792,1657,-7.53,51.78,20.0
N20002165,West_Tyrone_C4,omagh|clanabogan,2603.58,1792,1657,-7.53,51.78,20.0
N20002158,West_Tyrone_A5,omagh|clanabogan,1405.22,1792,1657,-7.53,51.78,20.0
N20002159,West_Tyrone_C2,omagh|clanabogan,391.4,1792,1657,-7.53,51.78,20.0
N20002219,Omagh_H6,omagh|fairgreen,120.28,1904,1397,-26.63,48.17,662.6
N20002220,Omagh_G6,omagh|dergmoney,133.98,1557,1204,-22.67,49.25,542.8
N20002245,Mid_Tyrone_F1,omagh|beragh,1598.77,2137,2045,-4.31,51.64,31.8
N20002164,West_Tyrone_F1,omagh|newtownsaville,1455.46,1801,1830,1.61,52.08,27.2
N20002249,Mid_Tyrone_F3,omagh|beragh,1496.58,2137,2045,-4.31,51.64,31.8
N20002168,West_Tyrone_F2,omagh|newtownsaville,2366.21,1801,1830,1.61,52.08,27.2
N20002247,Mid_Tyrone_G2,omagh|beragh,122.7,2137,2045,-4.31,51.64,31.8
N20002246,Mid_Tyrone_F2,omagh|beragh,1961.85,2137,2045,-4.31,51.64,31.8
N20002234,Mid_Tyrone_D2,omagh|drumnakilly,1148.18,2241,1947,-13.12,52.08,24.1
N20002242,Mid_Tyrone_D5,omagh|beragh,1479.38,2137,2045,-4.31,51.64,31.8
N20002196,Omagh_E1,omagh|east,80.66,1921,1911,-0.52,48.14,1298.7
N20002207,Omagh_E5,omagh|drumragh,99.76,1619,1672,3.27,48.44,445.3
N20002217,Omagh_G4,omagh|drumragh,150.99,1619,1672,3.27,48.44,445.3
N20002206,Omagh_E4,omagh|drumragh,6.77,1619,1672,3.27,48.44,445.3
N20002209,Omagh_G2,omagh|drumragh,58.0,1619,1672,3.27,48.44,445.3
N20002211,Omagh_G3,omagh|dergmoney,35.17,1557,1204,-22.67,49.25,542.8
N20002218,Omagh_G5,omagh|dergmoney,15.45,1557,1204,-22.67,49.25,542.8
N20002216,Omagh_H5,omagh|fairgreen,14.05,1904,1397,-26.63,48.17,662.6
N20002212,Omagh_H3,omagh|west,8.56,2586,3481,34.61,49.58,1136.9
N20002210,Omagh_F3,omagh|west,20.2,2586,3481,34.61,49.58,1136.9
N20002213,Omagh_H4,omagh|fairgreen,47.97,1904,1397,-26.63,48.17,662.6
N20002208,Omagh_H2,omagh|fairgreen,9.74,1904,1397,-26.63,48.17,662.6
N20002199,Omagh_D4,omagh|dergmoney,21.71,1557,1204,-22.67,49.25,542.8
N20002205,Omagh_H1,omagh|fairgreen,6.75,1904,1397,-26.63,48.17,662.6
N20002204,Omagh_F2,omagh|west,21.02,2586,3481,34.61,49.58,1136.9
N20002203,Omagh_F1,omagh|west,7.69,2586,3481,34.61,49.58,1136.9
N20002198,Omagh_D3,omagh|fairgreen,21.8,1904,1397,-26.63,48.17,662.6
N20002193,Omagh_C3,omagh|strule,38.9,2407,1869,-22.35,48.05,1181.9
N20002192,Omagh_D1,omagh|killyclogher,27.24,3134,5559,77.38,51.23,1274.2
N20002195,Omagh_D2,omagh|killyclogher,102.35,3134,5559,77.38,51.23,1274.2
N20002201,Omagh_G1,omagh|drumragh,19.42,1619,1672,3.27,48.44,445.3
N20002200,Omagh_E3,omagh|east,9.6,1921,1911,-0.52,48.14,1298.7
N20002197,Omagh_E2,omagh|east,24.94,1921,1911,-0.52,48.14,1298.7
N20002191,Omagh_A7,omagh|killyclogher,14.79,3134,5559,77.38,51.23,1274.2
N20002185,Omagh_A2,omagh|killyclogher,7.42,3134,5559,77.38,51.23,1274.2
N20002182,Omagh_A1,omagh|killyclogher,32.68,3134,5559,77.38,51.23,1274.2
N20002189,Omagh_A5,omagh|killyclogher,12.7,3134,5559,77.38,51.23,1274.2
N20002186,Omagh_A3,omagh|killyclogher,16.35,3134,5559,77.38,51.23,1274.2
N20002184,Omagh_B2,omagh|killyclogher,65.97,3134,5559,77.38,51.23,1274.2
N20002188,Omagh_C2,omagh|strule,27.74,2407,1869,-22.35,48.05,1181.9
N20002183,Omagh_B1,omagh|killyclogher,18.22,3134,5559,77.38,51.23,1274.2
N20002236,Mid_Tyrone_C2,omagh|gortin,96.14,2033,1874,-7.82,48.4,20.7
N20002233,Mid_Tyrone_C1,omagh|gortin,313.36,2033,1874,-7.82,48.4,20.7
N20002187,Omagh_A4,omagh|killyclogher,41.48,3134,5559,77.38,51.23,1274.2
N20002190,Omagh_A6,omagh|killyclogher,26.12,3134,5559,77.38,51.23,1274.2
N20002238,Mid_Tyrone_C3,omagh|killyclogher,18.65,3134,5559,77.38,51.23,1274.2
N20002232,Mid_Tyrone_D1,omagh|drumnakilly,1176.89,2241,1947,-13.12,52.08,24.1
N20002230,Mid_Tyrone_B6,omagh|gortin,802.16,2033,1874,-7.82,48.4,20.7
N20002229,Mid_Tyrone_B5,omagh|drumnakilly,1428.02,2241,1947,-13.12,52.08,24.1
N20002228,Mid_Tyrone_A4,omagh|owenglen,2389.16,1698,1407,-17.14,50.89,8.4
N20002235,Mid_Tyrone_D3,omagh|drumnakilly,823.82,2241,1947,-13.12,52.08,24.1
N20002239,Mid_Tyrone_D4,omagh|drumnakilly,1611.24,2241,1947,-13.12,52.08,24.1
N20002237,Mid_Tyrone_E1,omagh|carrickmore,574.56,1951,1568,-19.63,51.47,17.8
N20002241,Mid_Tyrone_E3,omagh|carrickmore,61.2,1951,1568,-19.63,51.47,17.8
N20002240,Mid_Tyrone_E2,omagh|carrickmore,2408.92,1951,1568,-19.63,51.47,17.8
N20002231,Mid_Tyrone_A5,omagh|carrickmore,3293.7,1951,1568,-19.63,51.47,17.8
N20002948,Cookstown_A5,cookstown|dunnamore,1932.68,1657,1465,-11.59,51.06,14.9
N20002944,Cookstown_A4,cookstown|oaklands,1097.34,1556,1426,-8.35,51.47,28.6
N20002966,Cookstown_J1,cookstown|dunnamore,1701.82,1657,1465,-11.59,51.06,14.9
N20002967,Cookstown_J2,cookstown|oaklands,1632.08,1556,1426,-8.35,51.47,28.6
N20002971,Cookstown_J3,cookstown|oaklands,1938.09,1556,1426,-8.35,51.47,28.6
N20002973,Cookstown_J4,cookstown|pomeroy,1556.69,1786,1512,-15.34,52.45,38.8
N20002970,Cookstown_K1,cookstown|pomeroy,797.2,1786,1512,-15.34,52.45,38.8
N20002972,Cookstown_K2,cookstown|pomeroy,275.12,1786,1512,-15.34,52.45,38.8
N20002990,Torrent_E1,dungannon|altmore,1840.66,2147,1851,-13.79,50.78,29.2
N20002974,Cookstown_K3,cookstown|pomeroy,1286.96,1786,1512,-15.34,52.45,38.8
N20002987,Torrent_B4,cookstown|sandholes,1174.71,1892,1710,-9.62,51.17,38.5
N20002992,Torrent_E2,dungannon|donaghmore,1047.72,2450,2502,2.12,50.56,77.8
N20002998,Torrent_E3,dungannon|altmore,997.76,2147,1851,-13.79,50.78,29.2
N20003007,Torrent_E4,dungannon|altmore,273.25,2147,1851,-13.79,50.78,29.2
N20003014,Torrent_G4,dungannon|donaghmore,83.75,2450,2502,2.12,50.56,77.8
N20003064,Clogher_Valley_A1,dungannon|donaghmore,321.05,2450,2502,2.12,50.56,77.8
N20003066,Clogher_Valley_A2,dungannon|castlecaulfield,118.23,2039,1842,-9.66,50.33,43.8
N20003065,Clogher_Valley_B2,dungannon|altmore,1587.99,2147,1851,-13.79,50.78,29.2
N20003063,Clogher_Valley_B1,dungannon|altmore,2582.56,2147,1851,-13.79,50.78,29.2
N20002248,Mid_Tyrone_E5,omagh|sixmilecross,3578.53,1980,1603,-19.04,53.15,22.8
N20002243,Mid_Tyrone_E4,omagh|sixmilecross,1407.03,1980,1603,-19.04,53.15,22.8
N20002244,Mid_Tyrone_G1,omagh|beragh,970.09,2137,2045,-4.31,51.64,31.8
N20002250,Mid_Tyrone_G3,omagh|sixmilecross,1627.83,1980,1603,-19.04,53.15,22.8
N20002251,Mid_Tyrone_G4,omagh|sixmilecross,1989.86,1980,1603,-19.04,53.15,22.8
N20003073,Clogher_Valley_D1,dungannon|ballygawley,2550.21,2165,2094,-3.28,53.34,30.7
N20003081,Clogher_Valley_D3,dungannon|augher,2369.61,1986,1875,-5.59,52.59,26.9
N20003078,Clogher_Valley_C3,dungannon|ballygawley,119.49,2165,2094,-3.28,53.34,30.7
N20003080,Clogher_Valley_D2,dungannon|ballygawley,1501.6,2165,2094,-3.28,53.34,30.7
N20003083,Clogher_Valley_D4,dungannon|aughnacloy,1190.81,1885,1654,-12.25,50.18,29.1
N20003076,Clogher_Valley_C2,dungannon|ballygawley,174.48,2165,2094,-3.28,53.34,30.7
N20003070,Clogher_Valley_C1,dungannon|ballygawley,2621.46,2165,2094,-3.28,53.34,30.7
N20003074,Clogher_Valley_B5,dungannon|ballygawley,2005.84,2165,2094,-3.28,53.34,30.7
N20003071,Clogher_Valley_B4,dungannon|castlecaulfield,1050.58,2039,1842,-9.66,50.33,43.8
N20003068,Clogher_Valley_B3,dungannon|castlecaulfield,317.7,2039,1842,-9.66,50.33,43.8
N20003069,Clogher_Valley_A4,dungannon|castlecaulfield,773.2,2039,1842,-9.66,50.33,43.8
N20003067,Clogher_Valley_A3,dungannon|castlecaulfield,366.78,2039,1842,-9.66,50.33,43.8
N20003072,Clogher_Valley_A5,dungannon|benburb,539.44,2072,2110,1.83,51.37,45.4
N20003075,Clogher_Valley_E1,dungannon|benburb,740.15,2072,2110,1.83,51.37,45.4
N20003079,Clogher_Valley_E3,dungannon|benburb,1531.48,2072,2110,1.83,51.37,45.4
N20003086,Clogher_Valley_E6,dungannon|caledon,1255.24,1828,1641,-10.23,51.49,21.0
N20003084,Clogher_Valley_E5,dungannon|aughnacloy,2002.92,1885,1654,-12.25,50.18,29.1
N20003088,Clogher_Valley_G1,dungannon|aughnacloy,363.07,1885,1654,-12.25,50.18,29.1
N20003092,Clogher_Valley_E7,dungannon|caledon,3092.05,1828,1641,-10.23,51.49,21.0
N20003100,Clogher_Valley_G4,dungannon|caledon,781.74,1828,1641,-10.23,51.49,21.0
N20003095,Clogher_Valley_G3,dungannon|caledon,2741.76,1828,1641,-10.23,51.49,21.0
N20003090,Clogher_Valley_G2,dungannon|aughnacloy,32.94,1885,1654,-12.25,50.18,29.1
N20003089,Clogher_Valley_D5,dungannon|augher,2629.66,1986,1875,-5.59,52.59,26.9
N20003096,Clogher_Valley_F6,dungannon|clogher,4416.34,1888,1790,-5.19,50.95,18.8
N20003098,Clogher_Valley_H2,dungannon|fivemiletown,53.93,1649,1751,6.19,50.89,23.9
N20003093,Clogher_Valley_F4,dungannon|clogher,7507.42,1888,1790,-5.19,50.95,18.8
N20003094,Clogher_Valley_F5,dungannon|fivemiletown,2280.99,1649,1751,6.19,50.89,23.9
N20003091,Clogher_Valley_F3,dungannon|clogher,34.68,1888,1790,-5.19,50.95,18.8
N20003087,Clogher_Valley_F2,dungannon|augher,615.99,1986,1875,-5.59,52.59,26.9
N20003085,Clogher_Valley_F1,dungannon|clogher,2394.03,1888,1790,-5.19,50.95,18.8
N20002173,West_Tyrone_F3,omagh|newtownsaville,1483.61,1801,1830,1.61,52.08,27.2
N20002176,West_Tyrone_F4,omagh|fintona,2387.56,2227,2298,3.19,49.7,49.9
N20002171,West_Tyrone_D2,omagh|fintona,68.99,2227,2298,3.19,49.7,49.9
N20002177,West_Tyrone_C5,omagh|fintona,2841.5,2227,2298,3.19,49.7,49.9
N20002172,West_Tyrone_D3,omagh|fintona,92.55,2227,2298,3.19,49.7,49.9
N20002170,West_Tyrone_D1,omagh|fintona,24.96,2227,2298,3.19,49.7,49.9
N20002174,West_Tyrone_G4,omagh|trillick,3225.36,2167,2033,-6.18,51.89,24.2
N20002178,West_Tyrone_G5,omagh|trillick,1756.49,2167,2033,-6.18,51.89,24.2
N20002179,West_Tyrone_G6,omagh|trillick,1261.34,2167,2033,-6.18,51.89,24.2
N20002142,Erne_North_F2,fermanagh|tempo,3231.78,2282,2156,-5.52,50.46,21.4
N20003097,Clogher_Valley_H1,dungannon|fivemiletown,39.97,1649,1751,6.19,50.89,23.9
N20003099,Clogher_Valley_H3,dungannon|fivemiletown,76.49,1649,1751,6.19,50.89,23.9
N20002029,Erne_East_A1,fermanagh|tempo,2919.92,2282,2156,-5.52,50.46,21.4
N20002147,Erne_North_F4,fermanagh|tempo,1678.36,2282,2156,-5.52,50.46,21.4
N20002146,Erne_North_G2,fermanagh|tempo,89.52,2282,2156,-5.52,50.46,21.4
N20002033,Erne_East_A4,fermanagh|maguires bridge,899.47,2353,2315,-1.61,50.06,28.6
N20002030,Erne_East_A2,fermanagh|brookeborough,2284.86,2534,2257,-10.93,51.13,17.7
N20002037,Erne_East_B2,fermanagh|brookeborough,4456.49,2534,2257,-10.93,51.13,17.7
N20002034,Erne_East_C1,fermanagh|maguires bridge,562.17,2353,2315,-1.61,50.06,28.6
N20002035,Erne_East_C2,fermanagh|maguires bridge,22.36,2353,2315,-1.61,50.06,28.6
N20002036,Erne_East_C3,fermanagh|maguires bridge,144.85,2353,2315,-1.61,50.06,28.6
N20002041,Erne_East_C4,fermanagh|maguires bridge,2160.26,2353,2315,-1.61,50.06,28.6
N20002042,Erne_East_D2,fermanagh|lisnaskea,12.07,2850,3468,21.68,49.68,71.0
N20002040,Erne_East_D1,fermanagh|maguires bridge,87.64,2353,2315,-1.61,50.06,28.6
N20002044,Erne_East_E1,fermanagh|lisnaskea,1558.76,2850,3468,21.68,49.68,71.0
N20002046,Erne_East_D5,fermanagh|lisnaskea,117.51,2850,3468,21.68,49.68,71.0
N20002043,Erne_East_D3,fermanagh|lisnaskea,42.81,2850,3468,21.68,49.68,71.0
N20002045,Erne_East_D4,fermanagh|lisnaskea,14.43,2850,3468,21.68,49.68,71.0
N20002047,Erne_East_D6,fermanagh|lisnaskea,44.06,2850,3468,21.68,49.68,71.0
N20002051,Erne_East_F1,fermanagh|lisnaskea,2759.97,2850,3468,21.68,49.68,71.0
N20002053,Erne_East_E5,fermanagh|newtownbutler,1588.64,2663,2650,-0.49,51.02,27.2
N20002048,Erne_East_E2,fermanagh|rosslea,3351.72,2609,2452,-6.02,53.92,22.5
N20002052,Erne_East_E4,fermanagh|rosslea,2792.21,2609,2452,-6.02,53.92,22.5
N20002049,Erne_East_B4,fermanagh|rosslea,608.6,2609,2452,-6.02,53.92,22.5
N20002050,Erne_East_E3,fermanagh|rosslea,2053.48,2609,2452,-6.02,53.92,22.5
N20002038,Erne_East_B3,fermanagh|rosslea,3679.21,2609,2452,-6.02,53.92,22.5
N20002031,Erne_East_B1,fermanagh|brookeborough,5701.9,2534,2257,-10.93,51.13,17.7
N20000340,Armagh_E4,armagh|killylea,2247.6,2118,2164,2.17,49.45,33.8
N20000342,Armagh_E5,armagh|killylea,305.0,2118,2164,2.17,49.45,33.8
N20000347,Armagh_K3,armagh|killylea,1471.86,2118,2164,2.17,49.45,33.8
N20002056,Erne_East_F4,fermanagh|newtownbutler,1742.44,2663,2650,-0.49,51.02,27.2
N20002054,Erne_East_F2,fermanagh|newtownbutler,26.04,2663,2650,-0.49,51.02,27.2
N20002055,Erne_East_F3,fermanagh|newtownbutler,4778.67,2663,2650,-0.49,51.02,27.2
N20002079,Erne_West_F4,fermanagh|derrylin,3367.45,2358,2263,-4.03,53.03,21.4
N20002080,Erne_West_F5,fermanagh|derrylin,2674.29,2358,2263,-4.03,53.03,21.4
N20002078,Erne_West_F3,fermanagh|derrylin,2072.62,2358,2263,-4.03,53.03,21.4
N20002077,Erne_West_E4,fermanagh|derrylin,308.62,2358,2263,-4.03,53.03,21.4
N20002076,Erne_West_F2,fermanagh|florence court kinawley,2126.71,2313,2116,-8.52,54.4,14.2
N20002075,Erne_West_E3,fermanagh|derrylin,1517.44,2358,2263,-4.03,53.03,21.4
N20002074,Erne_West_F1,fermanagh|florence court kinawley,1449.59,2313,2116,-8.52,54.4,14.2
N20002039,Erne_East_A5,fermanagh|maguires bridge,3055.37,2353,2315,-1.61,50.06,28.6
N20002118,Enniskillen_G4,fermanagh|lisbellaw,809.06,2265,2397,5.83,50.52,33.7
N20002032,Erne_East_A3,fermanagh|maguires bridge,1655.13,2353,2315,-1.61,50.06,28.6
N20002109,Enniskillen_G2,fermanagh|lisbellaw,872.83,2265,2397,5.83,50.52,33.7
N20002117,Enniskillen_G3,fermanagh|lisbellaw,136.51,2265,2397,5.83,50.52,33.7
N20002119,Enniskillen_G5,fermanagh|lisbellaw,93.04,2265,2397,5.83,50.52,33.7
N20002120,Enniskillen_G6,fermanagh|lisbellaw,2007.39,2265,2397,5.83,50.52,33.7
N20002113,Enniskillen_F5,fermanagh|castlecoole,115.53,2307,1667,-27.74,50.87,275.6
N20002110,Enniskillen_H1,fermanagh|castlecoole,10.07,2307,1667,-27.74,50.87,275.6
N20002107,Enniskillen_E5,fermanagh|castlecoole,26.13,2307,1667,-27.74,50.87,275.6
N20002111,Enniskillen_H2,fermanagh|castlecoole,159.56,2307,1667,-27.74,50.87,275.6
N20002108,Enniskillen_D5,fermanagh|rossorry,19.28,2836,3698,30.39,49.7,143.6
N20002112,Enniskillen_H3,fermanagh|rossorry,31.5,2836,3698,30.39,49.7,143.6
N20002115,Enniskillen_H5,fermanagh|rossorry,24.54,2836,3698,30.39,49.7,143.6
N20002114,Enniskillen_H4,fermanagh|rossorry,47.9,2836,3698,30.39,49.7,143.6
N20002069,Erne_West_E1,fermanagh|rossorry,1323.51,2836,3698,30.39,49.7,143.6
N20002070,Erne_West_E2,fermanagh|belcoo belmore,1056.47,2455,2603,6.03,51.06,20.2
N20002071,Erne_West_C4,fermanagh|florence court kinawley,1908.03,2313,2116,-8.52,54.4,14.2
N20002068,Erne_West_C3,fermanagh|rossorry,1613.11,2836,3698,30.39,49.7,143.6
N20002116,Enniskillen_H6,fermanagh|rossorry,98.26,2836,3698,30.39,49.7,143.6
N20002067,Erne_West_D3,fermanagh|belcoo belmore,3758.13,2455,2603,6.03,51.06,20.2
N20002072,Erne_West_D4,fermanagh|florence court kinawley,5435.27,2313,2116,-8.52,54.4,14.2
N20002073,Erne_West_D5,fermanagh|florence court kinawley,5081.91,2313,2116,-8.52,54.4,14.2
