code,name,LGD,MDM_score,MDM_rank,MDM_decile,Income_score,Income_rank,Employment_score,Employment_rank,Health Depr. and Disability_score,Health Depr. and Disability_rank,Education Skills and Training_score,Education Skills and Training_rank,Proximity to Services_score,Proximity to Services_rank,Crime and Disorder_score,Crime and Disorder_rank,Living Environment_score,Living Environment_rank,IDAC and IDAOP_score,IDAC and IDAOP_rank
95AA01S1,Aldergrove_1,Antrim,7,767,9,0,890,0,890,-0.63,704,10.42,585,0.96,135,11.22,556,3.1,869,0.01,890
95AA01S2,Aldergrove_2,Antrim,15.26,512,6,0.09,697,0.11,616,0.64,172,6.27,700,1,117,12.51,524,11.5,653,0.1,673
95AA01S3,Aldergrove_3,Antrim,28.67,229,3,0.05,815,0.28,52,0.81,136,18.51,399,0.62,219,10.47,576,8.13,742,0.05,795
95AA02W1,Balloo,Antrim,23.44,315,4,0.16,496,0.17,305,0.72,156,28.44,244,-0.57,678,43.5,122,23.33,342,0.13,589
95AA03W1,Ballycraigy,Antrim,27.71,243,3,0.24,311,0.19,244,0.28,290,45.14,115,-0.06,428,18.18,403,27.55,263,0.3,269
95AA04W1,Clady,Antrim,9.65,673,8,0.07,767,0.07,822,-0.6,685,7.99,656,0.99,125,28.54,250,16.66,513,0.08,725
95AA05W1,Cranfield,Antrim,13.75,554,7,0.13,588,0.1,667,-0.17,492,13.45,500,0.78,186,9.13,614,34.23,169,0.13,606
95AA06S1,Crumlin_1_Antrim,Antrim,12.27,593,7,0.13,600,0.11,636,0.05,388,9.19,620,0.5,248,14.95,474,13.9,582,0.13,591
95AA06S2,Crumlin_2_Antrim,Antrim,15.75,499,6,0.15,513,0.13,545,0.1,358,18.47,400,0.31,293,21.72,346,13.73,588,0.18,498
95AA07W1,Drumanaway,Antrim,16.4,484,6,0.15,539,0.12,568,0.01,411,19.35,388,0.6,221,15.2,467,32.51,193,0.19,479
95AA08W1,Farranshane,Antrim,39.35,120,2,0.34,156,0.2,177,0.77,142,49.78,87,0.04,387,59.84,46,33.24,185,0.45,135
95AA09W1,Fountain Hill,Antrim,25.46,286,4,0.25,288,0.18,257,0.57,186,25.41,286,-0.49,634,32.56,204,16.37,520,0.33,233
95AA10W1,Greystone_Antrim,Antrim,19.75,392,5,0.22,345,0.15,430,0.23,308,19.91,382,-0.17,484,39.65,144,12.72,618,0.31,258
95AA11S1,Massereene_1,Antrim,11.23,627,8,0.15,531,0.13,525,-0.08,456,10.47,581,-0.9,784,21.59,348,8.81,727,0.12,611
95AA11S2,Massereene_2,Antrim,7.85,741,9,0.06,787,0.1,705,-0.17,494,12.61,528,-0.36,569,18.12,404,6.43,794,0.05,822
95AA12W1,Parkgate,Antrim,9.54,680,8,0.05,816,0.08,808,-0.17,493,8.07,653,1.03,107,6.71,690,13.21,604,0.05,810
95AA13S1,Randalstown_1,Antrim,14.32,540,7,0.13,591,0.11,629,0.2,322,7.89,659,0.34,285,26.67,274,32.14,202,0.05,797
95AA13S2,Randalstown_2,Antrim,12.45,591,7,0.14,571,0.13,527,-0.13,475,11.21,559,-0.23,514,16.44,439,24.8,309,0.12,633
95AA14W1,Shilvodan,Antrim,8.02,735,9,0.08,742,0.1,706,-0.72,739,7,679,0.8,181,6.11,713,10.28,691,0.06,788
95AA15S1,Springfarm_1,Antrim,19.87,389,5,0.18,447,0.14,480,0.51,208,17.98,404,-0.41,591,19.67,379,46.52,55,0.15,550
95AA15S2,Springfarm_2,Antrim,35.48,152,2,0.23,329,0.21,151,1.29,55,29.32,234,-0.19,494,42.61,126,45.83,59,0.28,297
95AA16W1,Steeple,Antrim,27.72,241,3,0.22,366,0.19,229,0.58,184,37.13,162,-0.41,589,35.28,176,27.21,271,0.3,275
95AA17W1,Stiles,Antrim,23.8,308,4,0.18,441,0.15,432,0.75,148,30.73,216,-0.22,508,57.58,57,18.2,467,0.24,366
95AA18W1,Templepatrick,Antrim,5.6,799,9,0.06,798,0.09,766,-1.43,877,1.95,831,0.34,281,24.31,315,4.19,847,0.06,771
95AA19W1,Toome,Antrim,21.79,350,4,0.25,287,0.13,535,-0.47,629,26.12,273,1.08,96,7.06,677,38.42,130,0.25,352
95BB01S1,Ballygowan_1,Ards,6.5,779,9,0.07,770,0.09,751,-1.08,841,5.96,708,0.71,199,7.32,669,3.48,856,0.07,759
95BB01S2,Ballygowan_2,Ards,7.27,756,9,0.07,747,0.09,736,-0.79,765,15.08,466,0.18,338,5.67,724,3.64,853,0.06,770
95BB02W1,Ballyrainey,Ards,25.69,283,4,0.24,296,0.2,199,0.04,395,25.45,285,-0.49,636,18.06,406,44.96,65,0.29,283
95BB03S1,Ballywalter_1,Ards,21.88,345,4,0.21,384,0.17,299,0.04,396,25.92,279,0.69,205,17.84,411,7.11,776,0.26,328
95BB03S2,Ballywalter_2,Ards,10.67,650,8,0.08,718,0.1,663,-0.27,538,11.29,557,0.9,151,7.03,679,8,749,0.06,762
95BB04S1,Bradshaw's Brae_1,Ards,8.02,736,9,0.12,605,0.12,598,-0.65,711,6,706,-1.06,820,31.09,219,9,717,0.08,708
95BB04S2,Bradshaw's Brae_2,Ards,3.9,857,10,0.04,858,0.08,806,-1.04,835,4.23,751,0.06,376,7.03,678,4.03,848,0.04,845
95BB05S1,Carrowdore_1,Ards,8.63,712,8,0.1,688,0.1,691,-1.03,829,8.73,632,0.92,142,3.87,772,4.27,846,0.1,665
95BB05S2,Carrowdore_2,Ards,14.2,542,7,0.14,581,0.14,478,-0.78,758,13.99,487,1.07,99,13.51,503,7.26,772,0.15,540
95BB06W1,Central_Ards,Ards,28.02,235,3,0.25,290,0.2,183,0.13,344,36.93,164,-1.33,855,40.63,139,33.88,175,0.29,281
95BB07S1,Comber East_1,Ards,20.63,373,5,0.22,348,0.17,331,0.26,297,20.93,362,-0.67,723,32.48,206,20.17,408,0.16,520
95BB07S2,Comber East_2,Ards,9.48,682,8,0.08,717,0.11,645,-0.25,526,16.34,440,-0.1,452,7.57,664,11.65,649,0.12,630
95BB08S1,Comber North_1,Ards,21.34,362,5,0.24,301,0.15,391,-0.4,595,46.33,110,-0.28,537,11.95,534,15.45,551,0.32,246
95BB08S2,Comber North_2,Ards,4.85,825,10,0.04,867,0.07,830,-1.22,859,13.09,512,0.02,391,4.15,762,9.13,715,0.03,867
95BB09S1,Comber West_1,Ards,7.94,738,9,0.07,756,0.09,734,-0.05,442,5.04,730,0.07,372,13.41,507,8.97,720,0.07,743
95BB09S2,Comber West_2,Ards,4.81,827,10,0.06,803,0.07,825,-0.72,740,5.44,721,-0.01,404,6.09,714,12.07,630,0.07,731
95BB10S1,Donaghadee North_1,Ards,13.46,564,7,0.16,506,0.12,600,-0.18,497,8.07,652,-0.08,440,56,67,15.57,546,0.14,557
95BB10S2,Donaghadee North_2,Ards,6.11,787,9,0.06,784,0.07,840,-0.65,707,2.93,799,0.74,189,6.11,711,7.3,771,0.07,735
95BB11S1,Donaghadee South_1,Ards,21.1,365,5,0.22,364,0.15,374,-0.28,543,41.24,144,0.32,292,12.35,527,10.2,694,0.23,394
95BB11S2,Donaghadee South_2,Ards,11.88,604,7,0.13,602,0.13,536,-0.28,547,16.67,435,0.19,330,6.93,683,7.04,780,0.09,694
95BB12S1,Glen_1,Ards,31.66,184,3,0.3,195,0.2,206,0.01,417,51.66,79,-0.85,770,32.07,209,41.26,95,0.41,163
95BB12S2,Glen_2,Ards,8.79,704,8,0.11,651,0.09,741,-0.66,716,5.66,715,-0.07,434,28.4,252,28.23,250,0.18,497
95BB13S1,Gregstown_1,Ards,11.33,619,7,0.17,484,0.12,596,-0.65,709,15.39,456,-0.06,429,7.83,652,15.49,550,0.19,474
95BB13S2,Gregstown_2,Ards,18.31,429,5,0.17,482,0.16,338,0.03,400,32.04,204,-0.51,649,7.95,648,16.47,514,0.22,415
95BB13S3,Gregstown_3,Ards,8.09,732,9,0.08,733,0.09,768,0.08,368,10.33,588,-0.3,550,6.64,693,11.6,650,0.1,662
95BB14S1,Killinchy_1,Ards,8.25,727,9,0.05,832,0.08,817,-0.62,695,3.29,784,1.13,80,6.94,682,14.34,572,0.06,783
95BB14S2,Killinchy_2,Ards,9.81,669,8,0.06,786,0.09,764,-0.67,722,3.87,764,1.28,60,17.28,418,10.1,698,0.06,784
95BB15S1,Kircubbin_1,Ards,15.39,509,6,0.11,634,0.13,529,-0.39,591,11.75,551,1.35,42,3.37,786,19.34,435,0.08,712
95BB15S2,Kircubbin_2,Ards,23.14,325,4,0.24,315,0.15,400,0.35,267,26,276,0.53,240,15.29,464,22.98,346,0.26,333
95BB16S1,Lisbane_1,Ards,5.12,816,10,0.05,831,0.08,786,-1.26,864,5.17,726,0.51,244,4.21,758,6.13,803,0.06,773
95BB16S2,Lisbane_2,Ards,5.96,791,9,0.07,763,0.08,810,-0.58,679,2.7,805,0.53,241,6.58,697,3.88,852,0.05,812
95BB17S1,Loughries_1,Ards,11.49,615,7,0.12,622,0.11,653,-0.13,473,21.36,354,-0.12,463,11.11,559,12.58,621,0.17,507
95BB17S2,Loughries_2,Ards,14.5,533,6,0.17,467,0.12,606,-0.17,491,16.58,438,0.35,280,23.92,321,13.84,584,0.25,340
95BB18S1,Millisle_1,Ards,25.1,292,4,0.23,323,0.18,290,0.14,342,36.79,165,0.2,325,29.21,239,13.19,606,0.26,334
95BB18S2,Millisle_2,Ards,8.44,720,9,0.09,702,0.09,712,-0.9,795,8.3,644,0.7,201,17.71,414,6.29,799,0.11,658
95BB19S1,Movilla_1,Ards,9.07,698,8,0.09,708,0.11,615,-0.14,485,12.68,525,-0.35,564,13.47,504,6.27,800,0.1,680
95BB19S2,Movilla_2,Ards,4.03,850,10,0.03,871,0.07,831,-0.86,785,6.51,695,0.08,366,4.34,754,3.23,864,0.04,848
95BB19S3,Movilla_3,Ards,5.34,810,10,0.03,874,0.07,841,-0.21,510,10,597,-0.17,483,5.22,731,3.3,860,0.03,855
95BB20S1,Portaferry_1,Ards,16.77,478,6,0.19,436,0.14,467,-0.37,581,11.93,541,0.99,119,14.95,475,18.48,456,0.18,487
95BB20S2,Portaferry_2,Ards,25.83,280,4,0.26,267,0.19,233,0.06,379,31.28,208,0.28,300,8.72,626,20.42,401,0.24,368
95BB21S1,Portavogie_1,Ards,23.43,317,4,0.19,416,0.17,315,-0.52,649,43.26,126,1.13,83,2.68,809,11.76,645,0.16,521
95BB21S2,Portavogie_2,Ards,14.87,521,6,0.14,558,0.12,610,-0.41,600,13.07,513,1.32,50,7.7,659,10.6,681,0.15,542
95BB22S1,Scrabo_1,Ards,28.97,226,3,0.22,360,0.16,337,0.65,168,46.69,106,-0.04,422,37.82,157,38.29,132,0.28,300
95BB22S2,Scrabo_2,Ards,34.48,160,2,0.31,190,0.19,210,0.39,254,52.34,74,-0.38,580,35.89,168,41.67,90,0.36,203
95BB23S1,Whitespots_1,Ards,4.62,833,10,0.07,774,0.1,701,-0.65,708,4.68,738,-0.6,696,7.64,662,6.52,791,0.05,799
95BB23S2,Whitespots_2,Ards,5.4,808,10,0.05,819,0.08,779,-0.48,634,5.59,716,0.07,371,4.09,765,5.88,813,0.04,837
95CC01W1,Abbey Park,Armagh,28.92,228,3,0.26,260,0.21,169,0.53,195,22.39,335,0.16,339,25.1,302,20.62,395,0.33,232
95CC02W1,Ballymartrim,Armagh,17.97,443,5,0.17,476,0.15,417,-0.27,534,13.54,496,1.14,76,8,646,16.97,500,0.18,492
95CC03W1,Callan Bridge,Armagh,37.77,128,2,0.48,65,0.2,201,0.29,283,41.78,132,-0.01,406,28.3,255,33.43,181,0.61,53
95CC04W1,Carrigatuke,Armagh,25.03,293,4,0.23,333,0.18,294,-0.04,439,22.19,340,0.99,126,2.91,800,47.06,49,0.23,385
95CC05W1,Charlemont,Armagh,19.12,410,5,0.22,347,0.16,355,-0.57,673,16.65,436,1.04,106,1.82,839,13.67,590,0.21,422
95CC06S1,Demesne_1,Armagh,11.06,634,8,0.12,615,0.12,580,-0.28,546,3.49,775,0.27,306,34.36,185,8.7,730,0.16,517
95CC06S2,Demesne_2,Armagh,13.77,553,7,0.15,517,0.14,477,-0.13,477,11.04,563,0.07,370,25.75,291,8.76,729,0.22,414
95CC07W1,Derrynoose,Armagh,18.99,412,5,0.19,435,0.14,450,-0.59,683,18.58,398,1.16,71,1.46,849,34.31,168,0.18,490
95CC08W1,Downs,Armagh,27.28,247,3,0.35,152,0.18,274,0.51,206,15.1,465,-0.29,539,19.17,386,31.04,215,0.4,179
95CC09S1,Hamiltonsbawn_1,Armagh,11.29,623,7,0.08,735,0.11,637,-0.25,529,10.45,583,0.89,153,1.29,856,23.73,333,0.08,727
95CC09S2,Hamiltonsbawn_2,Armagh,12.57,585,7,0.09,699,0.11,649,0.15,339,10.55,578,0.65,213,4.71,741,25.78,295,0.11,648
95CC10W1,Hockley,Armagh,9.45,683,8,0.1,679,0.11,621,-0.62,699,6.17,703,0.69,207,4,766,18.96,442,0.06,779
95CC11W1,Keady,Armagh,31.09,193,3,0.37,127,0.2,190,0.06,382,33.54,192,-0.24,519,15,473,32.27,197,0.47,121
95CC12W1,Killeen,Armagh,18.39,426,5,0.17,477,0.15,413,-0.46,624,16,447,1,116,4.91,737,39.23,119,0.18,494
95CC13W1,Killylea,Armagh,21.55,354,4,0.18,454,0.15,372,-0.78,761,23.24,322,1.46,24,4.3,756,24.19,321,0.22,416
95CC14W1,Laurelvale,Armagh,9.4,689,8,0.1,684,0.1,661,-0.4,594,11.22,558,0.54,239,3.58,779,6.57,790,0.11,644
95CC15W1,Loughgall,Armagh,15.77,497,6,0.15,536,0.14,452,-0.6,689,15.48,453,1.13,82,1.33,853,16.31,524,0.12,616
95CC16W1,Markethill,Armagh,20.8,368,5,0.19,417,0.16,352,-0.44,617,24.41,305,0.58,230,9.88,591,45.26,62,0.2,453
95CC17W1,Milford,Armagh,17.22,461,6,0.15,532,0.14,440,-0.2,507,16.15,443,1.02,109,3.88,771,25.19,303,0.15,536
95CC18W1,Observatory,Armagh,18.05,440,5,0.17,466,0.15,376,0.32,275,5.36,723,0,400,27.42,265,32.21,200,0.12,626
95CC19W1,Poyntz Pass,Armagh,16.9,471,6,0.15,524,0.14,475,-0.11,466,16.42,439,0.78,182,11.65,545,31.7,208,0.16,523
95CC20S1,Rich Hill_1,Armagh,7.85,742,9,0.07,754,0.11,651,-0.14,484,5.85,710,0.14,351,3.61,778,2.5,876,0.08,709
95CC20S2,Rich Hill_2,Armagh,13.1,578,7,0.11,640,0.14,483,0.34,268,13.31,504,-0.08,443,3.21,788,4.39,845,0.09,695
95CC21W1,Tandragee,Armagh,10.2,656,8,0.1,676,0.11,639,-0.75,749,16.94,425,0.33,290,19.32,384,7.39,765,0.1,676
95CC22W1,The Mall,Armagh,14.84,525,6,0.16,497,0.14,488,-0.02,429,21.13,356,-0.41,590,12.11,530,22.13,360,0.21,435
95DD01W1,Academy,Ballymena,6.6,777,9,0.1,673,0.09,735,-0.6,688,2.98,796,0.08,369,7.71,657,10.95,674,0.15,543
95DD02S1,Ahoghill_1,Ballymena,11.33,618,7,0.12,621,0.12,609,-0.42,608,21.04,359,0.28,302,2.74,807,8.13,743,0.13,599
95DD02S2,Ahoghill_2,Ballymena,7.08,766,9,0.07,761,0.09,753,-0.4,598,8.24,649,0.33,289,2.42,818,7.24,773,0.05,796
95DD03W1,Ardeevin,Ballymena,3.64,865,10,0.05,830,0.08,807,-0.82,770,2.75,803,-0.06,427,2.87,802,3.46,857,0.03,860
95DD04W1,Ballee,Ballymena,37.24,137,2,0.36,138,0.2,176,0.41,243,58.32,57,-0.15,478,24.84,310,35.28,161,0.49,110
95DD05W1,Ballykeel,Ballymena,35.65,150,2,0.35,147,0.19,242,0.19,324,61.89,47,-0.11,460,35.64,170,37.74,140,0.48,119
95DD06W1,Ballyloughan,Ballymena,4.56,840,10,0.05,821,0.09,740,-1.06,836,4.48,742,0.06,374,5.6,726,1.61,882,0.03,858
95DD07S1,Broughshane_1,Ballymena,8.71,706,8,0.1,671,0.09,754,-0.6,686,13.32,503,0.42,261,1.79,840,14.05,577,0.13,605
95DD07S2,Broughshane_2,Ballymena,9.3,693,8,0.11,653,0.08,812,-0.08,459,13.2,508,0.29,299,6.58,696,6.07,807,0.13,601
95DD08W1,Castle Demesne,Ballymena,29.78,210,3,0.28,219,0.21,162,0.11,354,35.47,178,-1.09,827,44.5,113,28.44,247,0.39,186
95DD09W1,Craigywarren,Ballymena,8.58,714,9,0.08,723,0.09,733,-1.47,881,8.54,638,0.93,139,10.02,587,14.45,568,0.09,702
95DD10W1,Cullybackey,Ballymena,16.05,492,6,0.17,485,0.13,498,-0.12,469,22.17,341,0.31,294,9.5,603,21.13,382,0.21,417
95DD11W1,Dunclug,Ballymena,30.11,206,3,0.34,161,0.16,361,-0.03,438,43.92,123,-0.29,541,89.35,4,16.38,519,0.47,123
95DD12W1,Dunminning,Ballymena,11.69,608,7,0.09,711,0.1,694,-0.91,796,13.37,501,1.32,49,1.66,843,11.44,655,0.05,815
95DD13W1,Fair Green,Ballymena,30.4,199,3,0.31,186,0.19,246,0.38,260,34.38,183,-0.57,674,76.64,17,10.98,673,0.45,133
95DD14S1,Galgorm_1,Ballymena,5.86,794,9,0.06,788,0.08,771,-1.01,820,9.88,600,0.3,295,1.28,857,7.48,762,0.05,807
95DD14S2,Galgorm_2,Ballymena,4.06,847,10,0.05,813,0.07,839,-1.04,833,1.93,834,0.3,296,4.16,761,5.05,827,0.05,826
95DD15W1,Glenravel,Ballymena,16.05,494,6,0.12,617,0.09,750,-0.29,549,14.75,472,1.5,20,2.99,796,26.32,286,0.12,631
95DD16W1,Glenwhirry,Ballymena,10.8,642,8,0.08,736,0.09,765,-0.52,648,10.96,567,1.1,93,6.16,710,21.81,368,0.06,768
95DD17W1,Grange,Ballymena,10.92,639,8,0.1,687,0.09,728,-1.39,873,12,540,1.25,63,3.42,783,16.41,517,0.08,718
95DD18W1,Harryville,Ballymena,21.83,348,4,0.24,313,0.17,301,-0.19,499,29.57,231,-0.57,673,35.05,180,20.27,403,0.33,240
95DD19S1,Kells_1,Ballymena,16.82,476,6,0.16,503,0.12,583,-0.02,428,30.54,218,0.26,307,8.96,619,24.22,320,0.16,526
95DD19S2,Kells_2,Ballymena,9.02,702,8,0.08,728,0.08,773,-0.3,551,5.73,714,0.68,208,6.57,698,24.16,322,0.07,749
95DD20W1,Moat,Ballymena,30.9,195,3,0.29,202,0.19,249,0.4,246,50.66,84,-0.59,687,26.34,282,28.55,246,0.39,180
95DD21W1,Park,Ballymena,9.63,674,8,0.12,610,0.09,748,-0.48,633,13.12,511,-0.43,603,47.66,103,7.41,764,0.15,548
95DD22S1,Portglenone_1,Ballymena,14.5,534,6,0.15,528,0.13,506,-0.67,724,13.76,491,0.96,133,13.24,510,18.37,460,0.14,578
95DD22S2,Portglenone_2,Ballymena,16.98,469,6,0.2,407,0.14,476,-0.37,582,15.58,451,0.92,143,13.82,498,15.07,559,0.2,445
95DD23W1,Slemish,Ballymena,11.94,602,7,0.08,719,0.08,816,-0.52,647,14.05,486,1.28,62,0.85,868,25.96,292,0.09,701
95DD24W1,Summerfield,Ballymena,8.55,715,9,0.12,609,0.09,769,-0.33,561,8.76,629,-0.12,470,25.85,287,4.85,833,0.14,570
95EE01W1,Ballyhoe and Corkey,Ballymoney,24.6,298,4,0.2,396,0.12,579,-0.34,567,29.67,225,1.88,3,1.05,864,32.79,188,0.19,473
95EE02W1,Benvardin,Ballymoney,23.7,311,4,0.25,277,0.17,332,-0.16,490,24.28,307,0.91,146,9.55,600,29.31,241,0.29,284
95EE03W1,Carnany,Ballymoney,21.55,355,4,0.24,305,0.18,279,-0.07,454,24.54,303,0.01,398,7.03,680,20.77,392,0.27,319
95EE04W1,Clogh Mills,Ballymoney,16.88,472,6,0.15,537,0.11,622,-0.4,599,23.12,323,1.28,61,3.11,790,25.77,296,0.14,566
95EE05W1,Dervock,Ballymoney,14.88,519,6,0.14,561,0.14,492,-0.19,501,19.65,385,0.52,243,5.69,723,21.07,383,0.14,563
95EE06W1,Dunloy,Ballymoney,17.74,450,6,0.15,519,0.12,585,-0.43,609,23.41,320,1.35,43,1.27,858,21.93,364,0.14,576
95EE07W1,Fairhill,Ballymoney,15.76,498,6,0.17,475,0.14,494,-0.64,706,33.91,188,0.04,386,3.07,792,19.44,428,0.2,449
95EE08W1,Glebe,Ballymoney,7.67,749,9,0.12,626,0.12,571,-0.88,789,7.78,663,-0.38,582,7.7,660,12.91,612,0.11,642
95EE09W1,Killoquin Lower,Ballymoney,18.72,416,5,0.18,443,0.14,438,-0.36,577,22.74,327,1.03,108,0.83,869,24.84,308,0.19,476
95EE10W1,Killoquin Upper,Ballymoney,19.74,393,5,0.2,392,0.13,550,-0.72,742,31.15,211,1.11,89,2.81,806,32.64,189,0.19,480
95EE11W1,Knockaholet,Ballymoney,19.72,395,5,0.14,549,0.13,514,-0.28,545,21.01,360,1.31,53,2.49,816,45.51,60,0.14,565
95EE12W1,Newhill,Ballymoney,27.06,254,3,0.29,208,0.19,255,-0.29,548,44.61,117,-0.27,536,5.77,720,38.08,135,0.32,244
95EE13W1,Route,Ballymoney,21.73,351,4,0.24,310,0.19,223,0.05,390,14.13,482,-0.31,551,19.53,381,23.46,339,0.22,410
95EE14W1,Seacon,Ballymoney,14.39,535,7,0.16,505,0.14,493,-0.34,566,17.03,424,0.55,236,3.38,785,16.79,505,0.2,447
95EE15W1,Stranocum,Ballymoney,19.83,390,5,0.19,428,0.12,567,-0.43,615,27,262,1.33,47,2.68,810,26.97,278,0.19,465
95EE16W1,The Vow,Ballymoney,13.28,571,7,0.15,535,0.12,605,-0.45,620,17.08,422,0.89,155,1.23,862,14.31,573,0.16,519
95FF01S1,Ballydown_1,Banbridge,5.4,807,10,0.06,802,0.1,683,-0.84,776,8.96,625,-0.27,534,8.61,627,4.44,843,0.06,777
95FF01S2,Ballydown_2,Banbridge,4.33,842,10,0.06,801,0.08,790,-1.44,878,3.4,778,-0.05,423,16.16,445,4.49,841,0.05,800
95FF02W1,Ballyward,Banbridge,18.64,419,5,0.14,566,0.13,509,0.13,346,16.68,433,1.29,58,1.25,861,26.62,281,0.14,569
95FF03W1,Banbridge West,Banbridge,12.49,589,7,0.14,551,0.14,454,-0.41,602,17.88,406,-0.19,493,9.31,610,7.9,751,0.17,506
95FF04W1,Bannside,Banbridge,10.04,662,8,0.1,667,0.11,634,-1.18,853,12.2,537,0.96,134,2.97,798,9.76,703,0.1,660
95FF05W1,Dromore North,Banbridge,13.17,575,7,0.19,421,0.13,557,-0.48,635,17.75,409,0.02,393,6.85,687,11.39,658,0.24,373
95FF06S1,Dromore South_1,Banbridge,9.45,684,8,0.11,655,0.1,664,-0.51,646,13.56,495,0.21,323,8.35,633,9.95,701,0.1,663
95FF06S2,Dromore South_2,Banbridge,6.85,773,9,0.07,772,0.08,788,-0.53,653,6.31,697,0.56,232,2.28,823,11.21,664,0.07,734
95FF07W1,Edenderry,Banbridge,23.8,309,4,0.26,263,0.18,285,-0.2,509,39,150,-0.36,570,22.99,330,15.57,547,0.32,247
95FF08W1,Fort,Banbridge,13.52,562,7,0.14,565,0.13,502,0.25,300,12.81,522,-0.3,547,15.5,457,11.23,662,0.12,612
95FF09W1,Gilford,Banbridge,19.61,397,5,0.18,460,0.17,316,-0.4,593,29.54,232,0.41,267,13.81,499,18.4,458,0.19,468
95FF10W1,Gransha,Banbridge,11.26,625,8,0.09,703,0.1,693,-0.96,808,12.71,524,1.29,59,2.23,826,11.99,636,0.08,711
95FF11W1,Katesbridge,Banbridge,15.57,503,6,0.11,633,0.12,578,-0.98,813,16.77,432,1.46,23,1.93,834,18.68,447,0.11,655
95FF12W1,Lawrencetown,Banbridge,15.81,496,6,0.16,511,0.17,309,-0.66,714,13.32,502,0.58,229,14.5,484,9.58,705,0.14,582
95FF13W1,Loughbrickland,Banbridge,14.13,543,7,0.14,570,0.14,444,-0.57,668,17.57,412,0.64,214,11.31,552,11.12,667,0.13,588
95FF14W1,Quilly,Banbridge,7.72,745,9,0.08,714,0.09,711,-1.23,861,6.79,692,0.83,170,2.71,808,12.16,628,0.07,746
95FF15W1,Rathfriland,Banbridge,22.51,333,4,0.25,275,0.16,359,0.16,337,25.04,295,0.14,349,17.98,408,18.5,454,0.22,409
95FF16W1,Seapatrick,Banbridge,8.66,710,8,0.12,613,0.12,589,-0.61,693,6.98,680,-0.11,458,10.55,574,12.74,617,0.11,646
95FF17W1,The Cut,Banbridge,26.17,271,4,0.24,300,0.21,174,0.1,356,26.73,265,-1.04,818,52.32,76,19.62,423,0.24,380
95GG01S1,Andersonstown_1,Belfast,23.9,305,4,0.26,273,0.19,218,0.27,294,16.23,442,-0.82,763,22.7,335,33.52,180,0.33,236
95GG01S2,Andersonstown_2,Belfast,40.29,115,2,0.36,139,0.28,61,0.82,129,32.12,203,-1.51,872,28.49,251,41.72,89,0.31,256
95GG01S3,Andersonstown_3,Belfast,36.9,141,2,0.35,144,0.26,85,1.01,97,21.54,350,-1.02,811,31.67,213,30.49,222,0.35,208
95GG02S1,Ardoyne_1,Belfast,61.18,28,1,0.58,30,0.29,45,1.41,47,71.85,23,-1.14,839,29.2,240,73.23,2,0.69,28
95GG02S2,Ardoyne_2,Belfast,65.86,20,1,0.59,25,0.31,32,1.84,21,73.32,19,-0.86,772,22.01,341,77.59,1,0.69,26
95GG02S3,Ardoyne_3,Belfast,70.32,13,1,0.67,8,0.32,26,1.69,25,76.42,16,-1.44,867,35.1,178,59.56,8,0.72,23
95GG03S1,Ballyhackamore_1,Belfast,9.84,667,8,0.09,694,0.1,707,0.29,281,1.38,851,-1.14,840,40.22,141,20.06,409,0.07,757
95GG03S2,Ballyhackamore_2,Belfast,9.19,694,8,0.08,729,0.08,794,0.18,328,2.49,810,-1.11,831,53.57,72,18.88,444,0.09,703
95GG03S3,Ballyhackamore_3,Belfast,20.08,383,5,0.16,493,0.14,481,1.19,70,4.3,750,-0.94,793,50.15,89,29.93,228,0.19,477
95GG04S1,Ballymacarrett_1,Belfast,62.43,27,1,0.57,34,0.31,39,1.89,15,59.18,56,-0.73,739,51.37,79,55.66,14,0.67,34
95GG04S2,Ballymacarrett_2,Belfast,56.65,37,1,0.53,43,0.28,55,1.1,80,63.16,43,-0.98,802,66,34,54.53,17,0.61,54
95GG04S3,Ballymacarrett_3,Belfast,72.94,10,1,0.56,35,0.38,8,2.16,7,79.2,12,-1.13,838,68.45,30,50.37,32,0.65,40
95GG05S1,Ballynafeigh_1,Belfast,20.04,385,5,0.2,394,0.1,696,1.01,98,6.95,683,-1.41,862,76.78,16,32.43,195,0.38,191
95GG05S2,Ballynafeigh_2,Belfast,17.75,449,6,0.15,515,0.09,746,0.93,114,10.01,596,-0.84,768,63.1,40,33.54,179,0.3,265
95GG05S3,Ballynafeigh_3,Belfast,29.19,219,3,0.28,222,0.15,399,1.04,92,31.01,214,-1.06,821,54.76,69,31.1,214,0.43,151
95GG06S1,Ballysillan_1,Belfast,44.02,92,2,0.37,125,0.24,100,1.18,71,63.68,41,-0.45,615,20.64,364,22.98,347,0.55,84
95GG06S2,Ballysillan_2,Belfast,26.15,272,4,0.22,358,0.17,300,0.82,131,37.96,156,-0.7,733,23.47,326,23.52,337,0.35,209
95GG06S3,Ballysillan_3,Belfast,26.62,264,3,0.24,314,0.18,278,0.87,119,29.15,236,-0.48,625,32.85,202,15.75,540,0.29,287
95GG07S1,Beechmount_1,Belfast,37.36,135,2,0.35,142,0.21,172,1.25,61,20.74,367,-1.38,860,34.15,187,58.71,9,0.42,156
95GG07S2,Beechmount_2,Belfast,50.09,61,1,0.49,60,0.28,65,1.52,36,41.35,140,-1.6,879,42.79,125,42.72,83,0.65,42
95GG07S3,Beechmount_3,Belfast,46.71,72,1,0.42,87,0.24,105,1.5,38,49.75,88,-1.03,813,15.83,449,49.66,35,0.46,129
95GG08S1,Bellevue_1,Belfast,16.75,479,6,0.14,545,0.14,472,0.56,187,4.36,747,-0.2,495,50.6,86,16.73,507,0.2,443
95GG08S2,Bellevue_2,Belfast,31.26,189,3,0.32,175,0.19,227,0.64,173,32.33,202,-1.07,823,51.18,81,25.25,300,0.43,146
95GG08S3,Bellevue_3,Belfast,26.75,260,3,0.27,245,0.17,307,0.74,152,22.92,325,-0.6,695,54.53,70,19.62,422,0.37,197
95GG09S1,Belmont_1,Belfast,4.62,832,10,0.04,860,0.07,849,-0.49,638,0.85,863,-0.32,557,28.34,253,12.76,616,0.01,886
95GG09S2,Belmont_2,Belfast,14.85,523,6,0.13,598,0.13,533,0.68,165,9.67,605,-0.06,432,16.51,436,10.19,695,0.18,499
95GG09S3,Belmont_3,Belfast,27.86,240,3,0.27,242,0.16,350,0.91,115,33.12,196,-0.27,535,33.73,192,14.9,563,0.37,196
95GG10S1,Blackstaff_1,Belfast,42.28,99,2,0.32,172,0.21,167,1.28,57,52.08,77,-0.99,805,34.04,189,69.19,3,0.56,76
95GG10S2,Blackstaff_2,Belfast,50.47,59,1,0.35,145,0.24,103,1.68,27,64.06,38,-1.45,868,51.27,80,68.93,4,0.58,66
95GG11S1,Bloomfield_1_Belfast,Belfast,40.36,114,2,0.4,110,0.2,198,0.88,118,48.64,94,-1.16,841,56.06,66,47.35,42,0.56,78
95GG11S2,Bloomfield_2_Belfast,Belfast,14.74,528,6,0.14,547,0.12,569,0.25,303,4.39,744,-0.63,711,64.89,37,26.51,283,0.09,687
95GG11S3,Bloomfield_3_Belfast,Belfast,28,237,3,0.25,281,0.19,248,0.71,159,25.35,288,-0.78,757,38.23,155,41.03,98,0.41,158
95GG12S1,Botanic_1,Belfast,13.18,574,7,0.07,776,0.05,877,0.52,201,0.41,879,-1.56,875,62.32,41,53.85,19,0.1,669
95GG12S2,Botanic_2,Belfast,16.42,482,6,0.11,659,0.06,864,0.64,174,9.08,622,-1.23,846,81.89,10,48.44,37,0.34,225
95GG12S3,Botanic_3,Belfast,15.57,504,6,0.1,689,0.07,854,0.62,178,5.88,709,-1.24,847,93.01,1,42.35,85,0.12,624
95GG12S4,Botanic_4,Belfast,18.25,432,5,0.14,556,0.09,756,0.55,191,6.35,696,-1.77,888,75.11,18,66.88,5,0.25,360
95GG12S5,Botanic_5,Belfast,44.58,85,1,0.47,70,0.22,135,1.08,87,44.17,121,-1.22,844,58.58,55,44.48,70,0.62,52
95GG13S1,Castleview_1,Belfast,34.99,156,2,0.32,174,0.22,136,0.4,247,50.29,85,-0.59,689,24.91,307,31.02,216,0.41,161
95GG13S2,Castleview_2,Belfast,10.63,651,8,0.12,616,0.12,575,0.02,401,1.3,852,-0.55,667,39.38,146,15.11,557,0.06,772
95GG13S3,Castleview_3,Belfast,27.71,242,3,0.26,255,0.21,164,0.65,169,22.57,332,-0.67,725,19.8,377,20.49,399,0.33,242
95GG14S1,Cavehill_1,Belfast,8.32,723,9,0.07,777,0.11,647,-0.04,440,2.95,798,-0.43,604,38.36,153,6.14,802,0.06,764
95GG14S2,Cavehill_2,Belfast,4.64,831,10,0.05,843,0.05,872,-0.5,643,0.7,871,-0.5,638,41.64,133,6.89,786,0.04,839
95GG14S3,Cavehill_3,Belfast,11.1,633,8,0.07,768,0.11,642,0.44,236,3.3,783,-0.12,468,36.74,162,6.31,798,0.06,781
95GG15S1,Cherryvalley_1,Belfast,5.09,817,10,0.07,778,0.06,856,-0.36,573,0.46,877,-0.5,637,30,229,9.28,712,0.04,842
95GG15S2,Cherryvalley_2,Belfast,5.86,793,9,0.05,828,0.07,824,0.02,405,1.27,853,-0.55,665,25.69,292,9.4,709,0.05,823
95GG15S3,Cherryvalley_3,Belfast,13.6,560,7,0.19,429,0.13,552,0.1,357,12.86,518,-0.55,663,10.38,579,17.12,495,0.26,335
95GG16S1,Chichester Park_1,Belfast,42.1,100,2,0.41,105,0.25,93,1.35,51,16.11,445,-1.59,878,82.74,8,33.18,186,0.5,104
95GG16S2,Chichester Park_2,Belfast,24,304,4,0.24,307,0.16,360,0.93,111,3.63,771,-0.92,787,68.68,29,31.47,212,0.26,326
95GG16S3,Chichester Park_3,Belfast,24.06,302,4,0.24,295,0.17,329,1.02,96,6.61,693,-0.7,731,50.91,84,21.46,378,0.35,214
95GG17S1,Cliftonville_1,Belfast,38.94,121,2,0.4,111,0.21,165,0.96,105,33.18,195,-1.18,842,68.73,28,37.79,137,0.5,99
95GG17S2,Cliftonville_2,Belfast,18.62,420,5,0.17,471,0.16,366,0.52,200,8.69,633,-0.91,785,45.42,111,25.29,299,0.19,469
95GG17S3,Cliftonville_3,Belfast,45.74,76,1,0.37,128,0.23,118,1.45,44,48.17,95,-0.56,670,79.64,13,34.74,165,0.4,177
95GG18S1,Clonard_1,Belfast,58.21,34,1,0.55,36,0.32,28,1.25,63,62.21,45,-1.12,835,28.56,249,47.28,43,0.6,58
95GG18S2,Clonard_2,Belfast,54.96,47,1,0.52,47,0.28,50,1.64,30,55.49,67,-1.66,885,33.97,190,44.3,73,0.6,57
95GG19S1,Crumlin_1_Belfast,Belfast,65.89,19,1,0.53,42,0.35,17,1.6,33,90.6,6,-1.52,873,35.83,169,48.67,36,0.67,35
95GG19S2,Crumlin_2_Belfast,Belfast,80.36,4,1,0.61,21,0.43,3,2.56,2,93.26,4,-1.4,861,68.32,31,62.22,6,0.76,13
95GG20S1,Duncairn_1,Belfast,67.05,17,1,0.54,37,0.37,10,1.97,11,69.98,25,-0.72,736,44.49,114,32.53,192,0.68,30
95GG20S2,Duncairn_2,Belfast,55.76,44,1,0.45,78,0.28,57,1.56,35,67.84,29,-0.95,797,80.87,11,35.34,159,0.55,86
95GG21S1,Falls_1,Belfast,69.5,14,1,0.65,15,0.34,21,2.06,10,75.3,18,-1.9,890,47.7,102,41.1,96,0.73,18
95GG21S2,Falls_2,Belfast,81.52,3,1,0.78,1,0.4,5,2.53,3,85.98,8,-1.74,887,58.61,54,40.33,107,0.85,5
95GG21S3,Falls_3,Belfast,77.09,6,1,0.69,6,0.37,9,2.22,5,75.3,17,-1.56,876,77.18,15,37.1,146,0.75,14
95GG22S1,Falls Park_1,Belfast,36.62,142,2,0.35,150,0.23,115,1.2,69,19.42,387,-1.07,825,47.04,105,31.74,207,0.39,187
95GG22S2,Falls Park_2,Belfast,27.64,244,3,0.25,285,0.2,187,0.81,133,9.32,614,-1.08,826,64.11,39,27.84,257,0.22,411
95GG22S3,Falls Park_3,Belfast,37.55,132,2,0.38,124,0.25,92,0.86,122,23.8,318,-0.96,799,41.65,132,32.17,201,0.43,153
95GG23S1,Finaghy_1,Belfast,5.62,798,9,0.05,827,0.08,795,-0.38,589,4.04,758,-0.2,500,22.25,338,7.94,750,0.08,717
95GG23S2,Finaghy_2,Belfast,8.15,730,9,0.08,738,0.09,761,0.18,330,0.73,867,-0.55,662,33.58,195,11.75,646,0.03,864
95GG23S3,Finaghy_3,Belfast,8.69,708,8,0.09,705,0.1,702,0.14,343,2.06,826,-0.43,608,27.94,260,10.07,699,0.05,813
95GG24S1,Fortwilliam_1,Belfast,20.8,367,5,0.18,462,0.15,426,1.2,68,5.58,717,-0.98,804,49.96,92,22.32,357,0.07,730
95GG24S2,Fortwilliam_2,Belfast,26.08,276,4,0.2,405,0.16,367,0.76,147,40.02,146,-0.8,761,43.04,124,37.19,144,0.27,310
95GG24S3,Fortwilliam_3,Belfast,17.85,445,5,0.18,451,0.14,484,0.6,179,3.33,781,-0.59,686,59.1,51,22.4,354,0.13,607
95GG25S1,Glen Road_1,Belfast,44.91,82,1,0.39,116,0.28,51,1.16,72,29.86,224,-0.48,624,39.07,149,41.63,91,0.41,157
95GG25S2,Glen Road_2,Belfast,47.84,69,1,0.49,57,0.31,40,1.24,64,27.62,255,-0.56,672,15.48,458,38.61,124,0.48,118
95GG25S3,Glen Road_3,Belfast,44.33,90,2,0.42,90,0.26,80,1.21,67,34.3,185,-0.36,567,25.79,288,41.34,93,0.43,150
95GG26S1,Glencairn_1,Belfast,58.65,33,1,0.47,68,0.32,30,1.38,49,79.06,13,-0.26,531,35.31,175,34.81,164,0.57,73
95GG26S2,Glencairn_2,Belfast,40.45,113,2,0.31,183,0.23,120,1.12,77,54.45,68,-0.57,675,35.63,171,30.68,219,0.38,190
95GG27S1,Glencolin_1,Belfast,26.69,262,3,0.25,276,0.16,346,0.72,157,24.59,300,0.21,321,20.82,360,35.85,153,0.26,336
95GG27S2,Glencolin_2,Belfast,50.34,60,1,0.45,77,0.29,46,1.24,65,47.74,98,0.02,396,24.86,309,38.47,128,0.46,128
95GG27S3,Glencolin_3,Belfast,40.88,108,2,0.42,88,0.26,82,0.63,176,36.19,172,-0.49,630,25.85,286,37.75,138,0.49,106
95GG27S4,Glencolin_4,Belfast,56.4,39,1,0.52,48,0.31,31,1.64,31,49.08,92,-0.43,601,26.7,273,43.41,77,0.56,77
95GG28S1,Highfield_1,Belfast,17.76,448,6,0.12,607,0.14,458,0.07,375,37.16,160,-0.1,456,21.28,353,16.09,530,0.14,579
95GG28S2,Highfield_2,Belfast,33.81,163,2,0.26,256,0.23,125,0.82,130,37.78,158,-0.54,659,41.06,136,20.93,386,0.41,164
95GG28S3,Highfield_3,Belfast,56,42,1,0.48,67,0.28,60,1.49,39,86.16,7,-0.45,614,26.38,281,30.39,224,0.62,49
95GG29S1,Island_1,Belfast,54.68,48,1,0.4,108,0.26,86,1.61,32,72.5,21,-0.67,724,59.31,50,60.14,7,0.5,102
95GG29S2,Island_2,Belfast,37.46,133,2,0.32,179,0.19,238,1.49,40,33.75,189,-1.12,836,48.55,94,48.02,39,0.41,159
95GG30S1,Knock_1,Belfast,21.35,361,5,0.21,383,0.17,322,0.5,211,22.57,333,-0.2,498,10.97,563,19.69,421,0.25,341
95GG30S2,Knock_2,Belfast,4.06,848,10,0.05,840,0.07,838,-0.38,587,1.93,833,-0.6,694,13.6,501,14.41,570,0.05,820
95GG30S3,Knock_3,Belfast,10.58,652,8,0.06,806,0.11,620,0.11,353,17.14,421,-0.47,623,20.52,366,13.58,591,0.07,741
95GG31S1,Ladybrook_1,Belfast,21.46,358,5,0.2,400,0.17,298,0.75,150,12.55,530,-0.66,720,27.56,263,24.92,306,0.25,356
95GG31S2,Ladybrook_2,Belfast,32.57,172,2,0.3,198,0.22,137,0.95,109,22.11,343,-0.49,633,38.84,151,19.09,436,0.29,288
95GG31S3,Ladybrook_3,Belfast,44.13,91,2,0.44,83,0.26,89,1.25,62,38.7,151,-0.61,703,33.58,194,30.96,217,0.54,88
95GG32S1,Legoniel_1,Belfast,51.24,57,1,0.41,99,0.27,70,1.46,43,56.59,64,-0.04,420,68.21,32,32.46,194,0.44,138
95GG32S2,Legoniel_2,Belfast,40.26,116,2,0.28,218,0.24,111,1.06,89,52.72,73,-0.66,721,57.8,56,30.78,218,0.39,183
95GG32S3,Legoniel_3,Belfast,22.97,329,4,0.19,420,0.18,267,0.4,245,21.79,346,-0.61,700,62.16,42,16.07,532,0.21,432
95GG33S1,Malone_1,Belfast,4.91,822,10,0.03,875,0.06,868,-0.32,559,0.09,888,-0.36,571,37.62,158,6.39,796,0.02,883
95GG33S2,Malone_2,Belfast,3.64,866,10,0.04,861,0.06,866,-0.69,729,0.08,889,-0.51,646,30.07,227,11.16,666,0.02,882
95GG33S3,Malone_3,Belfast,5.09,818,10,0.05,822,0.06,863,0.01,412,0.1,887,-1.03,816,23.86,322,13.83,586,0.03,863
95GG34S1,Musgrave_1,Belfast,24.65,296,4,0.26,262,0.18,264,0.76,145,16.92,426,-0.58,681,26.31,283,13.86,583,0.35,211
95GG34S2,Musgrave_2,Belfast,9.92,666,8,0.11,637,0.12,563,-0.16,489,4.17,755,-0.45,612,29.11,241,14.19,575,0.11,647
95GG34S3,Musgrave_3,Belfast,10.14,660,8,0.1,668,0.09,724,0.28,286,1.12,857,-0.48,626,39.27,147,15.54,548,0.14,561
95GG35S1,New Lodge_1,Belfast,73.5,9,1,0.68,7,0.36,16,1.84,20,68.99,26,-1.54,874,77.48,14,53.43,24,0.87,3
95GG35S2,New Lodge_2,Belfast,74.09,8,1,0.69,5,0.37,12,2.09,9,66.79,31,-1.61,884,50.74,85,47.21,45,0.74,15
95GG35S3,New Lodge_3,Belfast,68.76,15,1,0.63,16,0.32,27,1.96,12,73.24,20,-1.83,889,45.56,110,51.1,30,0.83,6
95GG36S1,Orangefield_1,Belfast,19.98,386,5,0.16,498,0.12,561,1.12,76,20.43,374,-1.32,854,35.05,179,24.36,318,0.11,653
95GG36S2,Orangefield_2,Belfast,9.73,671,8,0.06,804,0.1,680,0.54,192,7.49,669,-0.76,748,12.02,533,14.44,569,0.06,789
95GG36S3,Orangefield_3,Belfast,8.41,721,9,0.08,734,0.08,802,0.01,413,6.84,688,-0.44,611,33.08,199,17.36,484,0.07,747
95GG37S1,Ravenhill_1,Belfast,13.36,569,7,0.08,715,0.07,845,0.81,135,0.6,874,-0.73,740,72.01,25,27.03,276,0.04,836
95GG37S2,Ravenhill_2,Belfast,15.68,500,6,0.16,502,0.11,641,0.54,193,12.63,527,-1.1,830,35.89,167,31.52,209,0.26,329
95GG37S3,Ravenhill_3,Belfast,14.34,538,7,0.15,541,0.1,682,0.34,269,11.21,560,-0.9,782,44.29,118,34,171,0.28,302
95GG38S1,Rosetta_1,Belfast,11.18,630,8,0.1,670,0.09,770,0.42,242,1.16,856,-0.72,737,59.48,48,16.71,508,0.07,738
95GG38S2,Rosetta_2,Belfast,16.82,477,6,0.2,391,0.13,508,0.5,213,3.07,792,-0.94,790,51.17,82,20.22,406,0.25,350
95GG38S3,Rosetta_3,Belfast,9.07,699,8,0.07,766,0.07,855,0.49,216,0.83,864,-0.83,764,42.52,128,16.32,523,0.05,805
95GG39S1,Shaftesbury_1,Belfast,56.09,40,1,0.53,45,0.26,83,1.87,18,63.71,40,-1.48,871,40.64,138,47.06,50,0.73,20
95GG39S2,Shaftesbury_2,Belfast,53.81,49,1,0.49,59,0.26,87,1.87,17,51.26,80,-1.67,886,82.32,9,35.63,155,0.63,46
95GG39S3,Shaftesbury_3,Belfast,46.66,73,1,0.41,100,0.23,128,1.48,41,60.62,52,-1.61,883,51.09,83,38.46,129,0.63,47
95GG40S1,Shankill_1,Belfast,74.94,7,1,0.62,19,0.37,11,2.11,8,98.18,2,-1.43,865,48.61,93,47.24,44,0.74,16
95GG40S2,Shankill_2,Belfast,81.92,2,1,0.66,9,0.38,7,2.56,1,99.05,1,-1.43,866,85.24,6,43.1,79,0.78,11
95GG41S1,Stormont_1,Belfast,4.98,820,10,0.03,882,0.06,860,-0.13,481,0.31,880,-0.01,407,12.55,522,8.18,740,0.01,885
95GG41S2,Stormont_2,Belfast,4.09,846,10,0.03,878,0.04,884,-0.58,680,0.23,883,-0.24,518,30.47,221,8.62,733,0.02,884
95GG41S3,Stormont_3,Belfast,10,663,8,0.11,643,0.1,700,0.47,227,1.83,837,-0.76,747,25.46,294,11.09,669,0.07,740
95GG42S1,Stranmillis_1,Belfast,3.38,872,10,0.02,885,0.04,882,-0.49,636,0.15,886,-0.19,492,13.97,492,5.79,815,0.01,887
95GG42S2,Stranmillis_2,Belfast,4.75,828,10,0.01,889,0.02,889,0.02,409,0.06,890,-0.79,759,25.17,301,14.07,576,0.02,875
95GG42S3,Stranmillis_3,Belfast,7.24,758,9,0.05,841,0.03,886,0.19,325,0.15,885,-0.89,779,32.77,203,29.39,237,0.09,688
95GG42S4,Stranmillis_4,Belfast,3.61,867,10,0.05,820,0.06,867,-0.54,654,0.2,884,-0.55,668,20.38,367,9.27,713,0.09,698
95GG43S1,Sydenham_1,Belfast,33.58,166,2,0.27,244,0.21,166,1.09,83,41.74,134,-0.21,502,6.91,684,25.07,304,0.27,313
95GG43S2,Sydenham_2,Belfast,18.29,431,5,0.15,525,0.15,392,0.66,167,17.53,413,-0.5,642,19.15,388,18.52,453,0.2,455
95GG43S3,Sydenham_3,Belfast,26.77,259,3,0.24,302,0.15,381,1.09,85,33.31,193,-0.95,795,34.51,182,21.49,375,0.35,212
95GG44S1,The Mount_1,Belfast,65.55,21,1,0.49,58,0.31,33,1.89,16,83.54,10,-1.43,864,72.07,24,57.77,10,0.62,51
95GG44S2,The Mount_2,Belfast,49.31,62,1,0.41,104,0.24,101,1.28,56,59.88,55,-1.22,845,61.63,43,54.65,16,0.53,91
95GG45S1,Upper Malone_1,Belfast,6.72,776,9,0.04,847,0.07,843,0.06,383,0.67,872,-0.05,424,24.12,317,11.33,660,0.05,803
95GG45S2,Upper Malone_2,Belfast,37.4,134,2,0.33,167,0.21,156,0.96,104,54.2,69,-0.25,526,12.83,517,22.55,350,0.41,165
95GG45S3,Upper Malone_3,Belfast,9.84,668,8,0.12,619,0.1,703,0.18,332,4.68,737,-0.22,510,15.48,459,13,610,0.19,472
95GG46S1,Upper Springfield_1,Belfast,60.95,29,1,0.54,39,0.33,22,1.16,73,65.57,35,-0.53,656,37.5,159,54.71,15,0.59,63
95GG46S2,Upper Springfield_2,Belfast,65.11,23,1,0.6,23,0.31,38,1.92,13,63.24,42,-0.55,666,42.56,127,56.78,12,0.67,36
95GG46S3,Upper Springfield_3,Belfast,70.52,12,1,0.6,24,0.41,4,1.66,28,78.4,14,-0.7,732,27.05,269,46.65,54,0.62,50
95GG47S1,Water Works_1,Belfast,65.19,22,1,0.63,17,0.33,23,1.65,29,50.18,86,-1.61,881,73.87,19,53.69,22,0.74,17
95GG47S2,Water Works_2,Belfast,53.6,50,1,0.48,62,0.27,73,1.85,19,43.91,124,-1.35,858,84.88,7,41.61,92,0.51,95
95GG47S3,Water Works_3,Belfast,52.42,54,1,0.47,69,0.28,53,1.77,23,25.22,291,-1.34,856,88.91,5,48.08,38,0.58,65
95GG48S1,Whiterock_1,Belfast,59.13,31,1,0.5,51,0.34,20,1.57,34,61.57,49,-0.88,777,28.14,257,44.61,67,0.58,70
95GG48S2,Whiterock_2,Belfast,83.06,1,1,0.78,2,0.44,1,2.28,4,94.28,3,-0.56,669,19.09,390,47.73,41,0.87,4
95GG48S3,Whiterock_3,Belfast,77.75,5,1,0.66,11,0.43,2,2.17,6,85.24,9,-1.1,829,30.99,220,47.05,51,0.68,32
95GG49S1,Windsor_1,Belfast,10.06,661,8,0.11,656,0.07,850,0.44,234,0.24,882,-1.03,815,35.42,174,29.42,236,0.16,529
95GG49S2,Windsor_2,Belfast,17.21,462,6,0.12,630,0.09,745,0.98,101,2.73,804,-1.25,848,52.5,75,53.74,21,0.24,378
95GG49S3,Windsor_3,Belfast,19.17,407,5,0.16,491,0.08,776,0.96,106,20.06,380,-1.29,850,56.39,65,38.28,133,0.49,111
95GG49S4,Windsor_4,Belfast,17.93,444,5,0.14,548,0.08,801,0.99,100,10.34,587,-1.35,857,65.4,36,40.99,99,0.57,72
95GG50S1,Woodstock_1,Belfast,37.64,129,2,0.32,168,0.18,271,1.11,79,53.54,72,-1.32,852,59.07,52,39.39,115,0.44,143
95GG50S2,Woodstock_2,Belfast,49.16,64,1,0.43,86,0.24,112,1.51,37,57.16,62,-1.47,870,59.61,47,44.55,68,0.6,60
95GG50S3,Woodstock_3,Belfast,40.73,112,2,0.35,153,0.2,182,1.33,53,52.25,76,-1.37,859,37.96,156,44.5,69,0.56,79
95GG51S1,Woodvale_1,Belfast,51.01,58,1,0.36,137,0.25,95,1.84,22,71.91,22,-1.11,833,28.86,245,53.63,23,0.51,98
95GG51S2,Woodvale_2,Belfast,55.96,43,1,0.44,84,0.29,44,1.44,46,80.87,11,-1.26,849,29.25,237,45.16,63,0.64,44
95GG51S3,Woodvale_3,Belfast,66,18,1,0.54,40,0.33,24,1.92,14,93.26,4,-0.94,791,31.38,214,40.31,108,0.67,37
95HH01W1,Blackhead,Carrickfergus,11.14,631,8,0.15,516,0.12,581,-0.63,705,7.58,668,0.38,274,9.61,599,18.4,459,0.19,481
95HH02S1,Bluefield_1,Carrickfergus,3.67,864,10,0.04,846,0.08,798,-0.71,738,6.86,685,-0.6,698,9.2,613,8.93,723,0.05,798
95HH02S2,Bluefield_2,Carrickfergus,4.01,851,10,0.03,883,0.07,827,-0.84,778,4.83,734,0.09,362,3.5,780,8.81,725,0.03,872
95HH03W1,Boneybefore,Carrickfergus,5.58,801,9,0.06,800,0.1,666,-0.31,556,3,795,-0.75,744,8.22,638,15.29,555,0.07,755
95HH04S1,Burleigh Hill_1,Carrickfergus,7.7,748,9,0.05,810,0.11,617,-0.69,730,14.78,468,0.05,381,6.19,709,3.21,865,0.05,824
95HH04S2,Burleigh Hill_2,Carrickfergus,6.28,783,9,0.04,850,0.08,797,-0.15,486,3.53,773,0.05,380,17.91,410,3.24,862,0.06,787
95HH05W1,Clipperstown,Carrickfergus,25.75,281,4,0.21,373,0.17,321,0.21,317,44.25,119,-0.29,544,35.99,165,35.19,162,0.25,353
95HH06S1,Eden_1,Carrickfergus,6.5,780,9,0.06,808,0.07,821,-0.53,652,8.52,639,0.36,277,3.14,789,14.81,565,0.06,785
95HH06S2,Eden_2,Carrickfergus,7.84,743,9,0.08,716,0.12,607,-0.54,661,9.26,616,-0.11,462,4.6,747,13.67,589,0.1,683
95HH07W1,Gortalee,Carrickfergus,29.71,212,3,0.27,247,0.21,175,0.48,217,41.08,145,-0.49,631,15.89,448,22.71,349,0.32,243
95HH08W1,Greenisland,Carrickfergus,8.68,709,8,0.1,681,0.11,618,-0.62,698,10.63,575,-0.02,411,12.73,520,12.32,626,0.13,604
95HH09W1,Killycrot,Carrickfergus,22.25,338,4,0.21,380,0.18,289,-0.02,430,26.13,272,-0.76,745,39,150,39.24,117,0.26,331
95HH10W1,Knockagh,Carrickfergus,4.74,829,10,0.07,769,0.08,780,-1.02,826,1.8,839,0.1,360,10.26,581,7.23,774,0.07,758
95HH11W1,Love Lane,Carrickfergus,33.71,164,2,0.33,163,0.19,251,0.38,257,52.28,75,-0.43,602,30.12,226,40.75,102,0.48,115
95HH12W1,Milebush,Carrickfergus,10.19,657,8,0.13,596,0.12,604,-1,818,21.37,353,-0.17,486,7.55,665,16.02,535,0.23,386
95HH13W1,Northland,Carrickfergus,41.05,106,2,0.39,114,0.23,114,0.51,207,62.09,46,-0.52,651,29.29,236,31.76,205,0.54,90
95HH14W1,Sunnylands,Carrickfergus,29.02,224,3,0.24,299,0.22,142,0.17,335,41.27,143,-0.76,746,28.25,256,28.66,245,0.31,261
95HH15W1,Victoria_Carrickfergus,Carrickfergus,12.77,580,7,0.14,574,0.13,524,0.17,333,10.94,569,-0.74,741,9.52,602,30.59,221,0.15,554
95HH16W1,Whitehead,Carrickfergus,7.49,752,9,0.1,683,0.11,655,-0.76,750,2.96,797,0.13,353,14.86,477,13.83,585,0.06,780
95HH17W1,Woodburn,Carrickfergus,7.45,754,9,0.07,750,0.09,723,-1.15,850,12.27,535,0.4,270,12.98,516,5.19,822,0.1,667
95II01S1,Ballyhanwood_1,Castlereagh,5.51,803,10,0.06,794,0.1,669,-0.79,764,4.48,741,-0.24,522,13.28,509,8.81,726,0.07,737
95II01S2,Ballyhanwood_2,Castlereagh,5.63,797,9,0.04,866,0.09,760,-0.53,651,2.17,821,0.08,367,20.7,363,8.09,745,0.02,873
95II02S1,Beechill_1,Castlereagh,8.13,731,9,0.1,662,0.1,659,-0.12,468,1.22,854,-0.09,444,7.48,666,14.4,571,0.17,513
95II02S2,Beechill_2,Castlereagh,7.2,762,9,0.08,743,0.09,725,-0.07,455,2.62,809,-0.2,496,11.27,554,14.91,562,0.06,790
95II02S3,Beechill_3,Castlereagh,13.98,548,7,0.16,495,0.14,474,0.13,345,9.84,602,-0.31,554,15.31,463,18.1,468,0.11,640
95II03S1,Cairnshill_1,Castlereagh,3.44,871,10,0.03,876,0.05,874,-0.31,554,1.04,858,-0.3,545,6.66,692,5.21,821,0.02,880
95II03S2,Cairnshill_2,Castlereagh,2.54,885,10,0.04,845,0.06,862,-1.02,827,2.86,801,-0.49,635,12.03,532,4.85,832,0.07,756
95II04S1,Carrowreagh_1,Castlereagh,9.1,697,8,0.08,720,0.1,704,0.05,389,10.93,570,-0.29,542,9.82,594,16.78,506,0.08,710
95II04S2,Carrowreagh_2,Castlereagh,23.41,318,4,0.23,337,0.19,247,-0.06,449,37.39,159,-0.38,584,18.09,405,18.96,441,0.3,271
95II05S1,Carryduff East_1,Castlereagh,4.34,841,10,0.06,796,0.08,818,-0.94,804,0.89,862,0.14,347,11.61,547,4.62,837,0.04,849
95II05S2,Carryduff East_2,Castlereagh,8.7,707,8,0.11,635,0.1,684,-0.36,576,5.47,719,-0.23,517,32.02,210,8.37,737,0.09,697
95II06S1,Carryduff West_1,Castlereagh,3.98,853,10,0.03,868,0.07,826,-0.81,769,2.14,823,0.09,364,9.53,601,7.35,769,0.03,865
95II06S2,Carryduff West_2,Castlereagh,4.18,843,10,0.06,793,0.07,837,-0.68,727,3.16,789,-0.18,488,11.43,550,7.01,783,0.07,732
95II07W1,Cregagh,Castlereagh,28.55,231,3,0.29,203,0.19,231,-0.13,476,49.45,91,-1.18,843,18.37,401,37.11,145,0.4,175
95II08W1,Downshire,Castlereagh,12.2,596,7,0.12,608,0.13,517,-0.27,535,20,381,-0.95,798,9.62,597,31.75,206,0.12,637
95II09S1,Dundonald_1,Castlereagh,3.92,856,10,0.07,775,0.09,732,-0.94,802,5.46,720,-0.86,771,8.27,636,8.56,735,0.04,844
95II09S2,Dundonald_2,Castlereagh,5.45,805,10,0.06,797,0.08,783,-0.78,760,19.22,391,-1.13,837,5.34,729,12.03,634,0.08,715
95II10W1,Enler,Castlereagh,31.79,183,3,0.28,226,0.22,145,0.31,278,46.95,102,-0.48,627,16.7,432,26.39,285,0.35,207
95II11W1,Galwally,Castlereagh,2.8,879,10,0.04,851,0.07,847,-0.97,812,2.69,807,-0.59,690,17.22,422,7.37,768,0.05,814
95II12W1,Gilnahirk,Castlereagh,3.12,874,10,0.05,829,0.08,803,-1.08,839,1.71,842,-0.5,644,15.08,468,9.5,708,0.05,829
95II13W1,Graham's Bridge,Castlereagh,18.88,413,5,0.2,411,0.18,282,-0.32,557,29.98,221,-0.84,769,16.25,444,16.68,511,0.22,412
95II14W1,Hillfoot,Castlereagh,2.28,889,10,0.05,839,0.07,829,-1.39,872,1.62,847,-0.46,622,8.75,625,4.51,839,0.04,847
95II15S1,Knockbracken_1,Castlereagh,2.37,888,10,0.02,886,0.05,880,-0.99,815,1.82,838,-0.34,563,12.99,515,5.16,823,0.02,877
95II15S2,Knockbracken_2,Castlereagh,3.77,859,10,0.05,838,0.09,722,-1.02,825,0.95,859,-0.48,629,19.86,376,4.71,835,0.08,722
95II16W1,Lisnasharragh,Castlereagh,19.51,399,5,0.18,452,0.15,382,-0.09,463,33.72,190,-0.61,705,10.85,567,41.06,97,0.28,292
95II17W1,Lower Braniel,Castlereagh,11.33,621,7,0.13,597,0.13,530,-0.22,515,13.9,490,-0.41,592,15.81,450,15.03,560,0.13,598
95II18W1,Minnowburn,Castlereagh,27.08,251,3,0.22,353,0.18,261,0.28,284,41.35,141,-0.02,410,31.22,218,31.52,210,0.3,268
95II19S1,Moneyreagh_1,Castlereagh,4.57,839,10,0.04,854,0.06,858,-1.41,876,1.9,835,0.45,255,17.64,416,7.34,770,0.03,852
95II19S2,Moneyreagh_2,Castlereagh,7.24,757,9,0.09,710,0.09,713,-1.02,824,6.61,694,0.49,249,9.08,615,10.27,692,0.09,692
95II20W1,Newtownbreda,Castlereagh,6,790,9,0.1,674,0.08,793,-0.63,703,4.73,736,-0.78,755,16.27,442,24.02,327,0.14,558
95II21W1,Tullycarnet,Castlereagh,36.22,145,2,0.31,185,0.21,149,-0.11,465,71.12,24,-0.44,610,12.08,531,42.38,84,0.45,134
95II22W1,Upper Braniel,Castlereagh,10.97,635,8,0.11,638,0.12,573,-0.24,522,13.97,488,-0.32,556,7.72,654,26.87,280,0.1,664
95II23W1,Wynchurch,Castlereagh,6.84,774,9,0.11,649,0.1,681,-1,819,3.32,782,-1.02,810,24.72,312,27.74,260,0.14,559
95JJ01W1,Agivey,Coleraine,12.46,590,7,0.12,627,0.1,665,-0.28,544,10.53,579,1,114,4.6,746,20.53,397,0.11,652
95JJ02W1,Atlantic,Coleraine,16.88,473,6,0.22,368,0.13,516,-0.18,498,8.99,624,0.08,368,60.88,44,12.06,632,0.28,305
95JJ03S1,Ballysally_1,Coleraine,45.18,81,1,0.48,64,0.21,161,0.53,196,57.64,60,-0.25,528,64.2,38,45.31,61,0.6,59
95JJ03S2,Ballysally_2,Coleraine,30.25,204,3,0.27,246,0.17,310,0.19,327,47.02,100,-0.21,507,47.79,100,44.35,71,0.33,235
95JJ04S1,Castlerock_1,Coleraine,20.64,372,5,0.23,340,0.15,383,-0.33,563,23.79,319,0.78,184,23.77,324,18.31,462,0.25,342
95JJ04S2,Castlerock_2,Coleraine,9.02,701,8,0.12,632,0.1,687,-1.03,830,8.4,640,0.52,242,18.44,399,12.41,625,0.12,619
95JJ05W1,Central_Coleraine,Coleraine,31.98,181,3,0.32,171,0.23,129,0.17,336,27.43,258,-1.43,863,32.12,208,44.99,64,0.28,298
95JJ06W1,Churchland,Coleraine,35.38,154,2,0.35,141,0.22,130,0.48,219,38.27,155,-0.92,788,44.05,121,27.82,258,0.38,194
95JJ07W1,Cross Glebe,Coleraine,37.31,136,2,0.39,112,0.21,163,0.56,188,47.97,97,-0.54,657,32.2,207,29.43,235,0.47,125
95JJ08S1,Dundooan_1,Coleraine,14.36,537,7,0.15,538,0.13,507,-0.13,483,14.7,474,0.42,263,21.39,351,10.53,683,0.1,666
95JJ08S2,Dundooan_2,Coleraine,5.76,796,9,0.08,739,0.07,819,-0.57,671,5.12,727,0.13,354,5.57,727,8.99,718,0.08,721
95JJ09W1,Dunluce,Coleraine,11.58,613,7,0.12,611,0.12,613,-0.5,644,9.63,608,0.99,122,8.95,621,5.9,812,0.11,651
95JJ10W1,Garvagh,Coleraine,21.53,356,4,0.25,292,0.15,395,-0.44,618,24.08,309,1,118,9.62,598,20.52,398,0.28,301
95JJ11S1,Hopefield_1,Coleraine,13.59,561,7,0.2,401,0.13,541,-0.06,447,6.96,682,0.23,316,7.36,668,11.34,659,0.23,392
95JJ11S2,Hopefield_2,Coleraine,7.72,747,9,0.1,677,0.1,697,-0.9,793,4.96,731,0.05,382,31.88,212,7.45,763,0.13,597
95JJ12W1,Kilrea,Coleraine,18.44,424,5,0.23,341,0.14,496,-0.32,558,17.14,420,0.84,163,17.14,427,21.03,384,0.23,388
95JJ13S1,Knocklynn_1,Coleraine,7.64,750,9,0.1,666,0.08,789,-0.24,524,11.82,546,-0.24,521,11.89,538,3.6,854,0.12,632
95JJ13S2,Knocklynn_2,Coleraine,3.55,869,10,0.07,771,0.09,758,-1.15,851,3.41,777,-0.38,583,4.5,751,3.16,866,0.07,748
95JJ14W1,Macosquin,Coleraine,14.87,522,6,0.17,480,0.15,405,-1.01,822,16.59,437,0.61,220,12.52,523,13.93,580,0.19,466
95JJ15W1,Mount Sandel,Coleraine,6.92,771,9,0.12,629,0.11,640,-0.53,650,2.27,816,-0.79,760,23.23,327,8.1,744,0.07,729
95JJ16W1,Portstewart,Coleraine,21.22,363,5,0.27,241,0.16,353,0.05,384,13.31,505,-0.44,609,52.15,77,11.3,661,0.31,263
95JJ17W1,Ringsend,Coleraine,15.25,513,6,0.14,552,0.13,560,-0.96,806,17.32,418,1.29,57,1.37,851,21.77,369,0.14,575
95JJ18W1,Royal Portrush,Coleraine,24.29,299,4,0.27,243,0.17,302,-0.44,616,16.26,441,-0.15,479,92.74,2,21.16,381,0.32,250
95JJ19S1,Strand_1_Coleraine,Coleraine,3.67,863,10,0.05,844,0.09,759,-0.84,775,0.61,873,-0.08,437,6.69,691,1.51,883,0.05,794
95JJ19S2,Strand_2_Coleraine,Coleraine,3.74,860,10,0.04,848,0.05,879,-0.59,681,1.63,845,-0.13,475,17.21,423,2.7,873,0.03,862
95JJ20S1,The Cuts_1,Coleraine,6.19,785,9,0.1,686,0.08,811,-0.75,748,12.54,531,-0.24,524,10.79,570,6.06,808,0.13,590
95JJ20S2,The Cuts_2,Coleraine,10.18,658,8,0.14,544,0.14,495,-0.61,694,14.76,470,-0.58,679,6.53,700,7.07,778,0.18,501
95JJ21W1,University,Coleraine,14.85,524,6,0.18,446,0.14,485,-0.31,553,20.83,365,-0.61,704,17.82,412,28.74,244,0.21,429
95JJ22W1,Waterside,Coleraine,3.96,854,10,0.08,730,0.09,730,-1.32,866,2.39,812,-0.57,676,12.8,518,3.5,855,0.07,744
95KK01W1,Ardboe,Cookstown,33.92,162,2,0.38,122,0.22,141,-1.41,875,31.2,209,1.38,33,0.46,882,18.3,463,0.39,182
95KK02W1,Coagh,Cookstown,21.83,347,4,0.21,381,0.18,286,-0.27,537,28.19,246,0.67,209,3.9,770,24.48,314,0.23,381
95KK03W1,Dunnamore,Cookstown,32.52,173,2,0.26,269,0.2,193,-0.12,472,30.24,219,1.7,8,2.56,814,27.17,272,0.23,383
95KK04W1,Gortalowry,Cookstown,18.57,422,5,0.27,239,0.15,424,-1.41,874,24.64,299,-0.23,515,16.68,433,24.63,311,0.33,231
95KK05W1,Killycolpy,Cookstown,27.45,245,3,0.32,177,0.18,288,-0.94,801,20.71,368,1.52,18,0.78,871,18.48,455,0.33,234
95KK06W1,Killymoon,Cookstown,21.97,342,4,0.26,253,0.19,237,-1.14,849,27.68,254,-0.32,559,22.09,340,20.78,391,0.29,279
95KK07W1,Lissan,Cookstown,15.49,505,6,0.14,582,0.14,465,-0.86,784,23.83,316,0.87,158,1.7,842,30.33,225,0.12,617
95KK08W1,Moneymore,Cookstown,16.99,468,6,0.2,404,0.14,446,-1.21,858,25.15,292,0.45,254,17.02,429,23.27,343,0.24,362
95KK09W1,Newbuildings,Cookstown,19.91,388,5,0.22,344,0.18,283,-0.43,612,18.8,396,-0.52,653,57.43,58,12.41,624,0.25,344
95KK10W1,Oaklands,Cookstown,15.36,511,6,0.14,577,0.13,515,-1.74,888,22.43,334,1.15,73,2.51,815,20.24,404,0.13,584
95KK11W1,Oldtown,Cookstown,22.79,330,4,0.24,298,0.19,214,-0.07,453,26.18,271,-0.7,734,29.08,242,12.92,611,0.25,349
95KK12W1,Pomeroy,Cookstown,28.96,227,3,0.33,165,0.18,266,-0.78,755,27.03,261,1.31,55,1.61,845,35.93,151,0.34,227
95KK13W1,Sandholes,Cookstown,12.88,579,7,0.14,563,0.12,565,-0.89,791,19.45,386,0.78,185,10.15,583,13.55,592,0.2,457
95KK14W1,Stewartstown,Cookstown,28.1,234,3,0.29,206,0.2,188,-1.19,855,27.89,253,0.85,159,8.95,620,42.17,86,0.35,213
95KK15W1,The Loop,Cookstown,18.34,428,5,0.2,403,0.17,328,-1.38,871,19.35,389,1.06,100,1.63,844,13.43,597,0.19,478
95KK16W1,Tullagh,Cookstown,15.15,514,6,0.21,378,0.17,324,-1.01,821,14.28,480,-0.63,710,26.73,271,12.02,635,0.21,420
95LL01S1,Aghagallon_1,Craigavon,13.39,567,7,0.14,578,0.15,398,-0.6,690,7.86,661,0.71,200,3.06,793,22.13,359,0.11,649
95LL01S2,Aghagallon_2,Craigavon,17.08,465,6,0.17,488,0.17,318,-0.47,626,11.11,561,0.93,140,6.38,703,17.95,472,0.14,567
95LL02S1,Annagh_1,Craigavon,14.52,532,6,0.12,625,0.13,518,0.07,371,8.88,627,0.45,256,27.99,259,23.52,338,0.09,690
95LL02S2,Annagh_2,Craigavon,37.16,138,2,0.31,191,0.23,123,1.08,86,36.04,175,-0.83,766,49.97,91,30.62,220,0.34,229
95LL03W1,Ballybay,Craigavon,28.17,232,3,0.23,326,0.18,291,0.54,194,44.22,120,0.18,334,22.73,334,23.83,331,0.31,252
95LL04W1,Ballyoran,Craigavon,26.1,274,4,0.25,282,0.18,260,0.36,263,28.3,245,0.36,278,15.62,454,19.86,414,0.27,308
95LL05S1,Bleary_1,Craigavon,5.29,813,10,0.06,785,0.09,763,-1.25,862,4.35,748,0.29,297,2.84,804,12.06,633,0.05,817
95LL05S2,Bleary_2,Craigavon,12.04,600,7,0.14,559,0.13,503,-0.68,725,8.96,626,0.47,252,15.39,462,17.28,489,0.16,522
95LL06S1,Brownstown_1,Craigavon,7.9,739,9,0.07,764,0.07,842,-0.09,461,12.27,536,0.23,313,6.44,702,6.12,804,0.08,719
95LL06S2,Brownstown_2,Craigavon,18.83,414,5,0.18,445,0.16,364,0.02,408,30.04,220,-0.11,459,15.81,452,8.92,724,0.17,502
95LL07W1,Church,Craigavon,37.59,131,2,0.3,197,0.22,143,0.83,128,46.68,107,-0.95,796,34.8,181,49.93,34,0.47,126
95LL08S1,Corcrain_1,Craigavon,38.51,124,2,0.37,135,0.21,170,0.95,108,43.72,125,0.01,399,21.05,356,40.88,101,0.41,162
95LL08S2,Corcrain_2,Craigavon,49,65,1,0.42,92,0.23,121,1.39,48,60.44,53,-0.08,439,56.63,62,40.47,104,0.51,96
95LL09S1,Court_1,Craigavon,44.41,87,1,0.38,121,0.27,75,0.88,117,47.97,96,-1.3,851,65.52,35,38.57,126,0.44,144
95LL09S2,Court_2,Craigavon,37.62,130,2,0.31,192,0.27,71,0.72,158,33.2,194,-0.99,807,33.73,191,40.58,103,0.22,402
95LL10S1,Derrytrasna_1,Craigavon,11.13,632,8,0.11,652,0.16,344,-1.37,869,8.69,634,0.19,331,9.81,595,4.47,842,0.07,751
95LL10S2,Derrytrasna_2,Craigavon,11.85,605,7,0.11,642,0.11,632,-0.77,754,13.61,494,1.11,90,3.09,791,10.4,686,0.1,675
95LL11S1,Donaghcloney_1,Craigavon,14.62,531,6,0.14,567,0.15,390,-0.26,532,10.47,582,0.6,224,6.31,707,19.52,426,0.14,573
95LL11S2,Donaghcloney_2,Craigavon,9.56,678,8,0.09,709,0.1,677,-0.3,550,5.22,725,0.73,191,7.93,650,15.67,543,0.06,792
95LL12S1,Drumgask_1,Craigavon,40.14,119,2,0.37,130,0.21,148,0.78,139,46.29,111,0.18,332,38.3,154,38.63,123,0.41,160
95LL12S2,Drumgask_2,Craigavon,56.06,41,1,0.57,32,0.29,47,0.86,123,68.11,28,-0.15,477,26.03,285,42.15,87,0.65,41
95LL13S1,Drumgor_1,Craigavon,27.23,249,3,0.3,200,0.19,222,-0.05,445,24.98,296,-0.45,613,56.69,61,25.87,294,0.45,132
95LL13S2,Drumgor_2,Craigavon,46.37,74,1,0.41,98,0.23,122,1.1,82,51.26,81,-0.38,579,90.92,3,31.76,204,0.47,124
95LL14S1,Drumnamoe_1,Craigavon,49.29,63,1,0.46,72,0.29,48,0.82,132,66.66,32,-0.42,599,2.9,801,35.43,158,0.56,80
95LL14S2,Drumnamoe_2,Craigavon,26.51,266,3,0.24,309,0.22,146,0.49,214,20.86,364,-0.21,503,2.41,819,26.17,289,0.27,321
95LL15S1,Edenderry_1,Craigavon,15.46,506,6,0.15,520,0.14,447,0.4,250,9.05,623,-0.32,558,27.08,268,16.36,521,0.16,530
95LL15S2,Edenderry_2,Craigavon,14.09,544,7,0.14,557,0.15,407,0.3,280,7.27,672,-0.09,448,4.2,759,12.31,627,0.11,645
95LL16S1,Kernan_1,Craigavon,11.33,620,7,0.09,691,0.13,558,0.2,321,2.7,806,0.1,358,25.39,295,6.86,787,0.06,774
95LL16S2,Kernan_2,Craigavon,17.49,452,6,0.2,414,0.15,401,0.25,301,14.24,481,0.14,348,10.17,582,10.38,687,0.28,303
95LL17W1,Killycomain,Craigavon,9.61,675,8,0.12,624,0.12,612,-0.59,684,15.78,450,-0.04,419,8.34,634,7.08,777,0.14,556
95LL18S1,Knocknashane_1,Craigavon,9.42,686,8,0.08,721,0.13,513,-0.26,530,10.13,591,-0.42,598,13.83,496,11.8,642,0.06,775
95LL18S2,Knocknashane_2,Craigavon,4.86,824,10,0.05,837,0.1,674,-0.9,794,3.93,762,-0.09,451,4.32,755,9.54,706,0.05,808
95LL19S1,Magheralin_1,Craigavon,6.92,770,9,0.07,748,0.09,721,-0.54,656,5.38,722,0.19,329,5.99,716,13.76,587,0.04,835
95LL19S2,Magheralin_2,Craigavon,8.08,734,9,0.09,692,0.1,708,-0.57,670,6.94,684,0.34,284,4.87,739,17.3,487,0.1,678
95LL20W1,Mourneview,Craigavon,24.11,300,4,0.22,350,0.18,277,0.24,304,34.17,186,-0.42,600,8.38,632,38.27,134,0.26,330
95LL21W1,Parklake,Craigavon,23.19,323,4,0.21,371,0.19,216,0.44,235,12.77,523,-0.55,664,32.96,201,32.25,199,0.18,482
95LL22W1,Taghnevan,Craigavon,33.53,167,2,0.27,238,0.23,117,0.74,153,28.76,242,-0.45,617,29.33,235,39.4,114,0.3,264
95LL23W1,Tavanagh,Craigavon,32.08,178,2,0.27,234,0.23,127,0.18,331,44.16,122,-0.49,632,31.93,211,28.04,252,0.35,210
95LL24S1,The Birches_1,Craigavon,11.27,624,8,0.08,722,0.1,678,-0.57,675,9.57,609,1.11,91,1.73,841,24.91,307,0.07,753
95LL24S2,The Birches_2,Craigavon,23.85,306,4,0.19,418,0.14,445,-0.26,531,22.05,344,1.54,16,5.19,732,40.35,106,0.2,459
95LL25S1,Waringstown_1,Craigavon,9.38,690,8,0.1,690,0.1,656,-0.18,496,4.91,732,0.2,326,16.91,430,13.39,600,0.1,686
95LL25S2,Waringstown_2,Craigavon,6.41,782,9,0.04,849,0.09,720,-0.38,586,3.75,766,0.13,352,12.24,529,10.45,685,0.05,832
95LL26S1,Woodville_1,Craigavon,40.16,118,2,0.35,149,0.27,76,0.76,146,32.01,205,-0.76,751,34.33,186,51.67,28,0.43,149
95LL26S2,Woodville_2,Craigavon,9.51,681,8,0.11,644,0.13,512,-0.85,782,4.33,749,-0.22,509,22.19,339,24.06,325,0.13,592
95MM01S1,Altnagelvin_1,Derry,47.77,70,1,0.45,74,0.26,77,0.88,116,61.1,50,0.15,342,20.62,365,29.84,230,0.55,82
95MM01S2,Altnagelvin_2,Derry,10.74,647,8,0.13,585,0.1,679,0.39,253,4.48,740,-0.62,707,22.58,336,10.94,675,0.19,470
95MM01S3,Altnagelvin_3,Derry,17.08,466,6,0.15,514,0.15,375,0.48,221,12.59,529,0.01,397,6.96,681,13.98,578,0.19,461
95MM02S1,Ballynashallog_1,Derry,34.31,161,2,0.5,54,0.26,91,0.29,282,3.53,774,-0.37,574,18.59,397,11.21,663,0.94,1
95MM02S2,Ballynashallog_2,Derry,10.96,637,8,0.08,724,0.11,650,0.56,190,0.9,861,-0.01,409,14.2,488,9.03,716,0.07,733
95MM03W1,Banagher,Derry,23.5,312,4,0.2,393,0.15,385,-0.23,519,24.56,301,1.4,29,3.05,795,27.07,274,0.19,475
95MM04W1,Beechwood,Derry,44.8,83,1,0.5,56,0.3,43,0.77,144,26.74,264,-0.78,758,14.61,483,40.38,105,0.66,39
95MM05W1,Brandywell,Derry,67.1,16,1,0.66,12,0.35,19,1.74,24,57.3,61,-0.71,735,55.44,68,46.98,52,0.8,8
95MM06S1,Carn Hill_1,Derry,37.1,139,2,0.41,97,0.24,104,0.32,272,27.17,260,-0.01,408,22.93,333,36.76,148,0.48,117
95MM06S2,Carn Hill_2,Derry,47.89,68,1,0.5,53,0.26,84,1.11,78,50.82,83,-0.43,606,24.32,314,33.88,174,0.59,61
95MM07W1,Caw,Derry,28.64,230,3,0.3,199,0.22,140,0.36,266,22.8,326,-0.36,568,11.83,542,20.48,400,0.39,184
95MM08S1,Clondermot_1,Derry,48.36,67,1,0.5,52,0.32,29,0.81,137,35.02,180,-0.81,762,25.39,296,34.56,167,0.58,68
95MM08S2,Clondermot_2,Derry,13.97,549,7,0.12,614,0.16,356,0,418,8.26,647,-0.29,543,22.94,332,18.97,440,0.1,670
95MM09S1,Claudy_1,Derry,20.61,374,5,0.24,303,0.15,380,-0.2,504,21.48,351,0.7,203,10.93,565,19.43,432,0.26,324
95MM09S2,Claudy_2,Derry,22.39,335,4,0.18,461,0.17,313,0.15,340,20.4,375,1.15,75,8.48,630,18.73,446,0.15,534
95MM10S1,Creggan Central_1,Derry,71.72,11,1,0.74,3,0.35,18,1.68,26,68.86,27,-0.21,501,11.1,560,54.5,18,0.82,7
95MM10S2,Creggan Central_2,Derry,52.07,55,1,0.47,71,0.3,42,1.3,54,49.6,89,-0.3,548,12.46,525,50.93,31,0.5,103
95MM11W1,Creggan South,Derry,57.22,35,1,0.62,18,0.33,25,0.52,204,59.91,54,-0.06,430,10.81,569,42.87,82,0.73,19
95MM12S1,Crevagh_1,Derry,28.98,225,3,0.29,204,0.19,228,0.59,182,15.98,448,0.35,279,26.95,270,29.35,239,0.32,248
95MM12S2,Crevagh_2,Derry,64.14,25,1,0.66,10,0.31,35,1.24,66,63.89,39,-0.16,482,46.07,108,46.94,53,0.73,21
95MM12S3,Crevagh_3,Derry,32.47,174,2,0.37,133,0.21,171,0.46,230,25.07,294,0.04,385,11.15,558,35.86,152,0.4,168
95MM13S1,Culmore_1,Derry,14.62,530,6,0.15,522,0.15,423,-0.03,431,3.1,791,0.44,257,17.17,426,20.24,405,0.17,508
95MM13S2,Culmore_2,Derry,53.11,52,1,0.58,28,0.28,64,0.99,99,56.99,63,-0.31,552,28.05,258,39.62,113,0.72,24
95MM13S3,Culmore_3,Derry,35.25,155,2,0.4,106,0.2,195,0.31,277,43.09,129,-0.1,453,16.37,440,39.67,112,0.44,141
95MM13S4,Culmore_4,Derry,19.24,404,5,0.27,235,0.15,377,-0.57,677,11.76,550,0.24,310,13.89,494,26.49,284,0.31,253
95MM13S5,Culmore_5,Derry,8.33,722,9,0.11,647,0.1,690,-0.19,502,1.71,841,0.18,337,3.78,776,16.01,536,0.12,623
95MM14S1,Ebrington_1,Derry,18.01,441,5,0.19,432,0.13,531,1.02,95,7.42,670,-0.63,709,16.49,438,26.89,279,0.13,608
95MM14S2,Ebrington_2,Derry,45.31,80,1,0.4,107,0.28,59,1.13,74,33.02,197,-1.61,882,72.97,22,33.88,176,0.47,120
95MM15S1,Eglinton_1,Derry,15.36,510,6,0.17,468,0.13,548,0.45,233,7.58,667,0.41,264,7.1,674,12.82,615,0.14,564
95MM15S2,Eglinton_2,Derry,11.91,603,7,0.14,543,0.13,543,-0.13,480,6.83,689,0.4,271,10.67,572,7.05,779,0.2,456
95MM16S1,Enagh_1_Derry,Derry,43.02,96,2,0.42,89,0.25,98,0.5,210,53.94,70,0.42,262,28.94,244,18.98,439,0.5,101
95MM16S2,Enagh_2_Derry,Derry,16.54,481,6,0.14,579,0.18,293,0.22,314,3.94,761,0.38,275,20.27,369,6.91,784,0.15,538
95MM17S1,Foyle Springs_1,Derry,14.01,547,7,0.18,448,0.16,335,-0.45,619,5.99,707,-0.12,467,8.14,641,18.35,461,0.2,442
95MM17S2,Foyle Springs_2,Derry,38.93,122,2,0.4,109,0.28,62,1.1,81,14.75,471,-0.39,585,10.84,568,27.07,275,0.45,137
95MM18S1,Holly Mount_1,Derry,29.84,209,3,0.25,283,0.19,252,0.59,183,31.35,207,0.82,177,19.35,383,29.85,229,0.26,327
95MM18S2,Holly Mount_2,Derry,19.31,403,5,0.22,346,0.14,435,0.23,309,13.47,499,0.04,389,26.23,284,25.24,302,0.24,365
95MM19S1,Kilfennan_1,Derry,10.4,654,8,0.1,669,0.14,456,0,419,7.87,660,-0.52,654,10.46,577,8.45,736,0.18,491
95MM19S2,Kilfennan_2,Derry,12.36,592,7,0.14,555,0.12,594,0.12,347,15.5,452,-0.41,588,13.77,500,10.31,689,0.19,471
95MM20S1,Lisnagelvin_1,Derry,24.09,301,4,0.23,317,0.19,256,0.75,149,23.82,317,-0.65,716,9.93,589,19.53,425,0.34,230
95MM20S2,Lisnagelvin_2,Derry,17.19,463,6,0.18,442,0.16,342,-0.3,552,26.54,269,-0.89,778,24.95,304,16.8,504,0.27,317
95MM21S1,New Buildings_1,Derry,30.3,202,3,0.22,361,0.2,196,0.97,103,44.34,118,-0.12,469,15.55,455,17.07,498,0.25,354
95MM21S2,New Buildings_2,Derry,10.77,643,8,0.11,636,0.13,520,-0.01,424,2.12,825,0.21,322,11.09,561,8.29,738,0.12,620
95MM22S1,Pennyburn_1,Derry,22,340,4,0.26,254,0.19,254,0.23,312,5.77,712,-0.65,717,39.48,145,23.43,340,0.32,245
95MM22S2,Pennyburn_2,Derry,13.86,551,7,0.15,527,0.16,357,0.04,397,2.19,820,-0.38,581,20.81,361,17.97,470,0.18,493
95MM23W1,Rosemount,Derry,40.79,111,2,0.41,101,0.28,58,0.69,161,15.41,455,-1.01,809,41.13,135,52.04,27,0.49,108
95MM24W1,Shantallow East,Derry,52.53,53,1,0.57,33,0.31,36,0.69,160,46.66,108,-0.72,738,13.28,508,57.46,11,0.78,10
95MM25S1,Shantallow West_1,Derry,58.75,32,1,0.61,22,0.26,81,1.44,45,65.93,34,-0.1,455,36.29,164,47.07,48,0.71,25
95MM25S2,Shantallow West_2,Derry,64.7,24,1,0.73,4,0.31,37,1.25,60,58.26,58,-0.04,418,39.72,143,43.6,76,0.89,2
95MM25S3,Shantallow West_3,Derry,32.84,171,2,0.42,93,0.18,270,0.28,285,36.08,174,-0.12,471,23.17,328,33.79,177,0.49,112
95MM25S4,Shantallow West_4,Derry,16.92,470,6,0.21,387,0.13,519,0.41,244,4.86,733,0.24,312,15.39,461,22.08,362,0.22,397
95MM26S1,Springtown_1,Derry,36.45,143,2,0.43,85,0.25,97,0.33,271,22.67,328,-0.12,472,11.29,553,35.66,154,0.52,93
95MM26S2,Springtown_2,Derry,23.32,320,4,0.27,250,0.2,178,0.18,329,4.82,735,0.06,375,6.55,699,20.92,387,0.39,185
95MM27S1,Strand_1_Derry,Derry,59.64,30,1,0.59,26,0.4,6,0.93,112,25.25,290,-1.58,877,70.94,26,53.84,20,0.66,38
95MM27S2,Strand_2_Derry,Derry,29.15,221,3,0.31,180,0.2,180,0.43,238,4.22,754,-0.95,794,58.79,53,45.97,58,0.6,56
95MM28W1,The Diamond,Derry,57.16,36,1,0.54,41,0.36,15,1.35,50,29.32,235,-1.46,869,70.84,27,44.33,72,0.55,83
95MM29W1,Victoria_Derry,Derry,44.35,89,1,0.45,76,0.28,54,0.78,141,29.64,228,-0.99,806,50.2,88,39.17,120,0.58,69
95MM30W1,Westland,Derry,55.26,46,1,0.58,29,0.36,13,1.04,91,28.18,248,-0.91,786,13.56,502,51.67,29,0.69,27
95NN01S1,Ardglass_1,Down,23.82,307,4,0.29,205,0.16,347,-0.03,435,24.06,310,0.41,268,18.41,400,17.22,492,0.37,202
95NN01S2,Ardglass_2,Down,25.61,284,4,0.25,274,0.19,236,-0.01,426,24.25,308,0.82,174,19.86,375,19.38,434,0.31,254
95NN02W1,Audley's Acre,Down,12.55,586,7,0.16,489,0.15,420,-0.2,506,4.44,743,-0.59,688,29.36,233,10.14,697,0.23,389
95NN03S1,Ballymaglave_1,Down,12.67,584,7,0.13,586,0.11,638,0.03,398,14.32,478,-0.58,680,28.58,248,29.63,232,0.1,671
95NN03S2,Ballymaglave_2,Down,16.87,474,6,0.2,413,0.14,439,-0.43,614,25.62,283,0.05,383,7.25,670,24.32,319,0.21,421
95NN04W1,Ballymote,Down,44.39,88,1,0.41,96,0.3,41,0.77,143,42.85,130,-1.02,812,30.24,224,27.89,256,0.55,85
95NN05W1,Ballynahinch East,Down,17.11,464,6,0.22,365,0.14,471,-0.23,518,19.17,393,-0.24,523,41.62,134,15.43,552,0.28,296
95NN06S1,Castlewellan_1,Down,26.9,257,3,0.27,236,0.18,272,0.6,181,21.37,352,0.22,320,11.93,536,27.92,255,0.31,262
95NN06S2,Castlewellan_2,Down,17.49,453,6,0.21,388,0.15,378,-0.59,682,14.11,484,0.73,192,17.11,428,17.68,474,0.2,454
95NN07S1,Cathedral_1,Down,18.67,418,5,0.23,342,0.15,429,0.38,258,23.99,312,-0.68,726,7.95,649,16.16,528,0.27,316
95NN07S2,Cathedral_2,Down,32.05,179,3,0.26,251,0.24,110,0.63,175,25.6,284,-0.59,692,56.4,64,16.67,512,0.22,395
95NN08S1,Crossgar_1,Down,11.29,622,7,0.14,573,0.11,631,-0.62,697,9.52,610,0.5,247,17.98,407,21.01,385,0.14,574
95NN08S2,Crossgar_2,Down,9.7,672,8,0.11,654,0.12,611,-0.72,741,6.3,699,0.41,265,10.67,571,23.97,329,0.09,696
95NN09S1,Derryboy_1,Down,8.77,705,8,0.06,799,0.07,846,-1.1,844,4.23,752,1.35,41,6.3,708,9.29,711,0.04,846
95NN09S2,Derryboy_2,Down,13.42,566,7,0.14,572,0.12,602,-0.37,583,11.02,565,1.02,112,13.82,497,13.43,598,0.15,555
95NN10S1,Donard_1,Down,19.53,398,5,0.17,481,0.18,269,0.02,407,6.81,690,0.48,251,47.72,101,15.35,554,0.11,641
95NN10S2,Donard_2,Down,7.09,765,9,0.09,700,0.1,668,-0.85,781,2.37,813,0.11,357,25.37,297,3.16,867,0.09,699
95NN11S1,Drumaness_1,Down,21.95,343,4,0.2,397,0.14,461,0.09,362,29.61,230,0.98,127,17.22,421,20.2,407,0.19,467
95NN11S2,Drumaness_2,Down,12.15,598,7,0.12,623,0.13,555,-0.46,625,9.64,606,0.97,132,8.98,617,9.76,704,0.14,568
95NN12W1,Dundrum,Down,19.13,409,5,0.22,363,0.15,419,-0.01,425,16.78,431,0.6,222,19.59,380,18.44,457,0.25,355
95NN13W1,Dunmore,Down,10.8,641,8,0.11,648,0.1,675,-0.49,641,7.7,664,0.94,138,10.42,578,17.14,494,0.12,618
95NN14S1,Killough_1,Down,20.55,376,5,0.23,334,0.16,348,-0.08,458,15.81,449,0.7,202,13.99,491,24.14,323,0.25,347
95NN14S2,Killough_2,Down,15.43,508,6,0.08,731,0.08,815,0.04,391,23.33,321,1.34,46,9.63,596,18.25,465,0.13,603
95NN15W1,Killyleagh,Down,20.71,369,5,0.21,379,0.16,363,-0.06,451,27.47,257,0.16,340,21.15,354,23.77,332,0.22,404
95NN16S1,Kilmore_1,Down,7.46,753,9,0.07,765,0.08,787,-0.49,639,4.06,757,0.78,183,7.72,653,10.87,676,0.07,739
95NN16S2,Kilmore_2,Down,8.28,725,9,0.06,782,0.08,777,-0.33,564,5.76,713,0.81,178,11,562,11.1,668,0.04,841
95NN17W1,Murlough,Down,26.92,256,3,0.31,189,0.18,280,0.21,320,20.49,372,0.24,311,45.3,112,17.01,499,0.4,176
95NN18S1,Quoile_1,Down,29.26,218,3,0.28,225,0.22,133,0.36,262,19.89,383,-0.74,742,60.47,45,11.85,640,0.33,237
95NN18S2,Quoile_2,Down,7.17,763,9,0.08,741,0.12,592,-0.37,584,2,829,-0.11,461,13,514,2.02,878,0.03,857
95NN19S1,Saintfield_1,Down,8.49,717,9,0.12,631,0.1,671,-0.7,732,10.86,571,0.06,379,13.1,512,7.81,754,0.12,634
95NN19S2,Saintfield_2,Down,4.82,826,10,0.04,865,0.07,833,-0.89,790,2.21,819,0.34,286,16.51,437,8.19,739,0.02,878
95NN20W1,Seaforde,Down,13.68,556,7,0.11,658,0.13,546,-0.23,517,10.08,592,1.07,98,11.53,548,15.08,558,0.08,713
95NN21W1,Shimna,Down,21.7,352,4,0.22,354,0.16,368,0.44,237,8.59,637,-0.03,413,73.39,21,11,671,0.26,325
95NN22W1,Strangford,Down,12.74,582,7,0.12,606,0.14,473,-0.83,773,9.64,607,0.9,150,10.85,566,17.57,478,0.11,650
95NN23S1,Tollymore_1,Down,25.93,278,4,0.24,308,0.15,421,0.09,363,26.57,267,1.35,39,4.25,757,33.26,184,0.28,294
95NN23S2,Tollymore_2,Down,14.76,526,6,0.17,464,0.13,549,-0.39,592,11.61,554,0.64,215,15.76,453,27.59,262,0.2,450
95OO01W1,Altmore,Dungannon,26.17,270,4,0.29,212,0.17,325,-0.73,745,22.58,331,1.51,19,0.77,872,16.4,518,0.25,346
95OO02W1,Augher,Dungannon,18.06,439,5,0.19,427,0.14,463,-0.83,771,10.44,584,1.41,28,1.36,852,21.49,374,0.16,528
95OO03W1,Aughnacloy,Dungannon,23.32,321,4,0.23,331,0.16,362,-0.48,632,22.39,337,1.37,35,4.65,743,24.04,326,0.23,382
95OO04W1,Ballygawley,Dungannon,23.74,310,4,0.23,318,0.16,339,-0.33,562,20.2,379,1.39,31,2.58,812,19.74,420,0.16,532
95OO05W1,Ballysaggart,Dungannon,38.92,123,2,0.45,75,0.21,160,0.48,222,32.5,198,-0.22,513,50.11,90,40.01,109,0.56,81
95OO06W1,Benburb,Dungannon,18.38,427,5,0.19,437,0.14,441,-0.42,606,15.27,459,1.09,94,2.81,805,32.84,187,0.2,439
95OO07W1,Caledon,Dungannon,20.07,384,5,0.19,434,0.13,539,-0.57,667,15.2,462,1.6,11,4.46,752,24.49,313,0.21,437
95OO08W1,Castlecaulfield,Dungannon,15.97,495,6,0.17,473,0.15,412,-0.85,779,8.74,630,1.14,78,8.29,635,17.25,490,0.15,546
95OO09W1,Clogher,Dungannon,22.49,334,4,0.21,382,0.14,457,-0.13,474,19.21,392,1.47,21,2.22,828,25.25,301,0.19,464
95OO10W1,Coalisland North,Dungannon,25.39,287,4,0.38,117,0.18,263,-0.78,757,16.68,434,0.56,235,8.57,629,20.58,396,0.44,142
95OO11W1,Coalisland South,Dungannon,42.57,98,2,0.54,38,0.24,106,0.21,319,32.41,201,0.14,350,28.62,246,36.93,147,0.59,62
95OO12W1,Coalisland West and Newmills,Dungannon,17.52,451,6,0.27,237,0.15,379,-1.13,847,8.63,635,0.59,227,10.15,584,12.11,629,0.34,219
95OO13W1,Coolhill,Dungannon,9.93,665,8,0.13,601,0.13,551,-0.36,571,6.86,687,0.06,378,7.72,655,10.47,684,0.18,496
95OO14W1,Donaghmore,Dungannon,18.69,417,5,0.22,367,0.16,371,-0.37,580,14.33,477,0.91,145,4.58,748,20.73,393,0.21,430
95OO15W1,Drumglass,Dungannon,29.55,213,3,0.34,157,0.2,205,0.37,261,17.76,408,0.23,314,25.76,290,25.87,293,0.38,192
95OO16W1,Fivemiletown,Dungannon,20.22,382,5,0.18,453,0.13,511,-0.78,762,26.86,263,1.23,64,9.86,592,40.96,100,0.17,510
95OO17W1,Killyman,Dungannon,13.84,552,7,0.14,546,0.12,576,-0.67,720,15.18,464,1.02,111,6.36,704,18.63,448,0.13,596
95OO18W1,Killymeal,Dungannon,13.32,570,7,0.16,500,0.14,491,-0.03,437,4.38,745,0.07,373,20.78,362,17.24,491,0.14,577
95OO19W1,Moy,Dungannon,11.68,609,7,0.14,576,0.13,542,-0.79,763,6.05,704,0.89,156,17.35,417,11.01,670,0.12,629
95OO20W1,Moygashel,Dungannon,12.74,581,7,0.15,518,0.12,564,-0.06,446,8.26,648,0.41,266,9.44,606,14.28,574,0.17,515
95OO21W1,Mullaghmore,Dungannon,26.47,267,3,0.31,188,0.2,179,0.06,380,8.07,654,-0.17,485,42.47,129,27.35,267,0.34,224
95OO22W1,Washing Bay,Dungannon,22.69,331,4,0.28,229,0.16,334,-0.34,565,13.53,497,1.08,95,4.93,735,19.78,417,0.29,278
95PP01W1,Ballinamallard,Fermanagh,9.35,691,8,0.1,663,0.1,692,-0.7,731,9.81,604,0.91,149,1.46,850,8.16,741,0.09,691
95PP02W1,Belcoo and Garrison,Fermanagh,23.45,313,4,0.25,279,0.13,522,-0.66,718,12.65,526,2.15,2,0.67,874,29.98,227,0.24,367
95PP03W1,Belleek and Boa,Fermanagh,26.58,265,3,0.24,304,0.16,358,-0.6,687,19.84,384,2.25,1,3.4,784,29.58,233,0.21,423
95PP04W1,Boho Cleenish and Letterbreen,Fermanagh,16.3,488,6,0.18,458,0.13,510,-0.01,423,10.95,568,1,115,1.86,838,17.96,471,0.16,531
95PP05W1,Brookeborough,Fermanagh,18.5,423,5,0.18,439,0.13,537,-0.28,541,17.26,419,1.3,56,1.32,854,27.3,270,0.2,444
95PP06S1,Castlecoole_1,Fermanagh,16.15,490,6,0.24,293,0.14,490,-0.43,613,17.4,415,-0.31,553,20.08,371,16.02,534,0.34,217
95PP06S2,Castlecoole_2,Fermanagh,9.41,688,8,0.15,540,0.13,547,-0.31,555,2.78,802,-0.23,516,8.9,623,8.06,746,0.12,638
95PP07W1,Derrygonnelly,Fermanagh,17.3,457,6,0.21,377,0.14,470,-0.35,569,10.06,594,0.97,131,0.59,877,31.99,203,0.17,505
95PP08W1,Derrylin,Fermanagh,19.07,411,5,0.2,409,0.12,562,-0.66,719,14.46,475,1.47,22,0.42,884,30.42,223,0.14,562
95PP09W1,Devenish,Fermanagh,43.93,93,2,0.45,79,0.26,79,1.02,94,31.64,206,-1.1,828,50.23,87,39.79,110,0.58,64
95PP10W1,Donagh,Fermanagh,20.59,375,5,0.23,343,0.14,434,-0.58,678,14.36,476,1.38,32,0.51,879,22.5,351,0.21,436
95PP11W1,Erne,Fermanagh,19.39,401,5,0.28,224,0.17,330,-0.37,579,11.9,543,-0.51,650,38.83,152,8.61,734,0.35,216
95PP12W1,Florence Court and Kinawley,Fermanagh,18.43,425,5,0.21,389,0.14,466,-0.54,659,13.49,498,1.19,68,0.04,890,29.33,240,0.18,500
95PP13W1,Irvinestown,Fermanagh,26.64,263,3,0.31,184,0.18,284,0.04,392,26.64,266,0.34,283,18.88,391,22.19,358,0.31,255
95PP14S1,Kesh Ederney and Lack_1,Fermanagh,23.3,322,4,0.26,261,0.15,425,-0.47,630,22.39,336,1.35,40,0.53,878,23.63,335,0.33,239
95PP14S2,Kesh Ederney and Lack_2,Fermanagh,20.64,371,5,0.2,406,0.15,415,0.07,374,16.91,427,1.19,67,5.24,730,16.09,531,0.18,484
95PP15W1,Lisbellaw,Fermanagh,10.71,648,8,0.11,639,0.1,688,-0.03,433,10.39,586,0.66,211,0.92,867,8.8,728,0.11,639
95PP16W1,Lisnarrick,Fermanagh,11.55,614,7,0.12,618,0.12,593,-0.65,712,10.56,576,0.99,121,2.63,811,12.07,631,0.1,684
95PP17W1,Lisnaskea,Fermanagh,30.07,207,3,0.36,136,0.21,168,-0.38,588,29.87,223,0.27,304,11.63,546,26.27,287,0.4,178
95PP18W1,Maguires Bridge,Fermanagh,13.43,565,7,0.17,478,0.14,482,-1.21,856,13,516,0.85,161,0.78,870,16.16,527,0.17,516
95PP19W1,Newtownbutler,Fermanagh,30.83,196,3,0.35,148,0.18,259,-0.7,733,21.32,355,1.61,10,2.27,824,27.3,269,0.38,189
95PP20W1,Portora,Fermanagh,24.01,303,4,0.25,284,0.19,219,0.5,212,9.88,601,-0.5,643,41.82,131,17.33,486,0.24,363
95PP21W1,Rosslea,Fermanagh,34.61,158,2,0.37,129,0.16,343,-0.03,434,25.98,277,1.79,4,0.71,873,42.9,81,0.42,155
95PP22W1,Rossorry,Fermanagh,11.79,607,7,0.19,423,0.12,570,-0.45,621,8.35,643,-0.22,511,24.94,305,8.97,719,0.25,348
95PP23W1,Tempo,Fermanagh,18.12,434,5,0.22,359,0.13,526,-0.54,662,21.6,349,1.01,113,2.44,817,24.37,317,0.21,434
95QQ01W1,Antiville,Larne,29.04,223,3,0.3,193,0.19,224,0.23,310,37.95,157,-0.1,454,25.25,299,16.47,515,0.48,116
95QQ02W1,Ballycarry,Larne,10.96,636,8,0.09,698,0.11,625,-0.36,574,9.19,620,0.97,130,3.82,775,12.7,619,0.09,707
95QQ03W1,Ballyloran,Larne,34.56,159,2,0.29,211,0.18,258,0.48,218,44.86,116,0.39,272,33.06,200,52.84,26,0.4,167
95QQ04W1,Blackcave,Larne,24.99,294,4,0.24,294,0.15,393,0.38,259,36.54,169,0.18,336,10.13,585,32.61,191,0.34,223
95QQ05W1,Carncastle,Larne,6.76,775,9,0.06,807,0.09,767,-0.62,696,3.01,794,0.82,175,4.68,742,10.06,700,0.05,804
95QQ06W1,Carnlough,Larne,29.45,215,3,0.23,335,0.16,341,0.22,313,26,275,1.6,12,13.44,506,35.29,160,0.25,359
95QQ07W1,Central_Larne,Larne,27.01,255,3,0.25,289,0.19,234,0.84,127,22.22,338,-0.78,756,39.21,148,22.48,352,0.27,311
95QQ08W1,Craigy Hill,Larne,30.43,198,3,0.26,252,0.2,184,0.43,241,43.24,127,0.22,318,11.93,535,18.24,466,0.34,221
95QQ09W1,Gardenmore,Larne,11.8,606,7,0.14,583,0.15,418,-0.4,597,8.6,636,-0.33,561,24.09,318,12.43,623,0.12,613
95QQ10W1,Glenarm,Larne,20.34,380,5,0.14,554,0.12,599,-0.27,539,17.6,411,1.56,14,5.94,718,41.86,88,0.15,544
95QQ11W1,Glynn,Larne,11.44,617,7,0.07,752,0.1,658,0.06,381,13.3,507,0.82,176,4.13,763,7.38,767,0.07,760
95QQ12W1,Harbour,Larne,15.44,507,6,0.15,526,0.16,345,0,421,11.5,556,-0.08,441,14.28,486,17.33,485,0.18,486
95QQ13W1,Island Magee,Larne,14.75,527,6,0.09,695,0.11,630,-0.57,676,11.68,552,1.55,15,6.46,701,11.55,652,0.12,621
95QQ14S1,Kilwaughter_1,Larne,6.08,789,9,0.05,812,0.08,791,-1.16,852,10.76,572,0.51,245,6.81,688,2.81,871,0.06,791
95QQ14S2,Kilwaughter_2,Larne,11.63,610,7,0.09,701,0.09,718,-0.42,604,9.84,603,1.13,81,7.18,673,19.43,431,0.09,700
95QQ15W1,Town Parks,Larne,19.45,400,5,0.17,465,0.15,394,0.25,302,29.88,222,-0.56,671,15.29,465,28.75,243,0.21,427
95RR01S1,Aghanloo_1,Limavady,9.11,695,8,0.14,564,0.11,619,-0.57,672,13.14,510,-0.21,505,4.9,738,5.85,814,0.16,527
95RR01S2,Aghanloo_2,Limavady,14.88,520,6,0.17,486,0.13,499,-0.47,627,18.75,397,0.72,195,7.2,672,14.8,566,0.19,460
95RR02W1,Ballykelly,Limavady,19.13,408,5,0.19,419,0.16,340,-0.43,610,22.59,330,0.43,260,27.85,262,16.91,501,0.23,390
95RR03W1,Coolessan,Limavady,42,101,2,0.42,95,0.23,124,0.45,231,48.94,93,-0.25,530,72.69,23,33.36,182,0.54,89
95RR04W1,Dungiven,Limavady,25.74,282,4,0.34,160,0.19,225,-0.49,637,25.88,280,-0.02,412,6.71,689,27.44,264,0.34,228
95RR05S1,Enagh_1_Limavady,Limavady,9.99,664,8,0.08,745,0.13,534,-0.4,596,12.32,534,-0.04,421,23.47,325,6.9,785,0.08,723
95RR05S2,Enagh_2_Limavady,Limavady,40.87,109,2,0.38,120,0.21,173,1.47,42,46.44,109,-0.31,555,37.19,161,19.89,412,0.45,136
95RR06W1,Feeny,Limavady,27.14,250,3,0.26,264,0.17,317,-1.02,828,46.98,101,1.15,74,3.95,768,27.97,253,0.23,384
95RR07W1,Forest,Limavady,14.03,545,7,0.14,553,0.14,453,-0.7,736,20.34,377,0.73,194,2.36,821,13.26,603,0.14,581
95RR08W1,Glack,Limavady,21.45,359,5,0.2,399,0.16,336,-0.5,645,28.15,249,1.14,79,1.5,847,17.11,497,0.18,483
95RR09S1,Gresteel_1,Limavady,29.1,222,3,0.29,215,0.19,220,0.28,289,31.03,213,0.75,188,5.87,719,21.19,380,0.32,249
95RR09S2,Gresteel_2,Limavady,13.39,568,7,0.1,680,0.07,835,0.1,360,28.86,241,0.82,172,0.49,880,11.18,665,0.15,535
95RR10W1,Greystone_Limavady,Limavady,45.61,78,1,0.46,73,0.26,90,0.52,202,61.85,48,-0.32,560,47.17,104,29.51,234,0.6,55
95RR11W1,Magilligan,Limavady,22,341,4,0.18,440,0.15,389,-0.15,487,22.61,329,1.35,44,7.72,656,23.87,330,0.15,541
95RR12W1,Rathbrady,Limavady,11.26,626,8,0.14,575,0.15,402,-0.65,713,8.74,631,-0.37,577,23.78,323,8.65,731,0.16,518
95RR13W1,Roeside,Limavady,23.02,327,4,0.23,320,0.19,212,0.39,252,12.81,521,-0.61,706,39.73,142,15.63,544,0.25,343
95RR14W1,The Highlands,Limavady,30.13,205,3,0.25,286,0.2,207,0.34,270,31.17,210,1.18,70,3.28,787,21.69,371,0.28,295
95RR15W1,Upper Glenshane,Limavady,21.2,364,5,0.23,316,0.14,464,-0.33,560,24.52,304,1.05,105,1.31,855,32.41,196,0.29,285
95SS01S1,Ballinderry_1,Lisburn,9.55,679,8,0.08,740,0.1,695,-0.66,715,4.22,753,1.05,103,15.03,470,10.19,696,0.06,766
95SS01S2,Ballinderry_2,Lisburn,9.61,676,8,0.08,713,0.1,676,-0.25,528,4.52,739,0.89,154,6.33,706,7.79,755,0.07,736
95SS02S1,Ballymacash_1,Lisburn,4.05,849,10,0.05,823,0.08,784,-1.07,838,6.3,698,-0.34,562,15.91,447,1.46,885,0.07,754
95SS02S2,Ballymacash_2,Lisburn,2.39,887,10,0.03,880,0.06,869,-1.1,845,1.45,850,-0.12,466,7.96,647,1.2,887,0.01,889
95SS03S1,Ballymacbrennan_1,Lisburn,5.6,800,9,0.04,856,0.07,834,-0.97,809,2.01,828,0.85,162,7.7,658,9.85,702,0.05,831
95SS03S2,Ballymacbrennan_2,Lisburn,6.94,769,9,0.05,814,0.07,820,-0.56,665,3.04,793,0.8,180,11.18,557,13.46,596,0.04,843
95SS04S1,Ballymacoss_1,Lisburn,13.67,557,7,0.14,569,0.12,614,0.07,372,23.06,324,-0.08,442,9.21,612,16.7,509,0.16,524
95SS04S2,Ballymacoss_2,Lisburn,16.34,486,6,0.19,430,0.14,497,-0.22,513,26.54,268,0,401,14.04,490,14.9,564,0.22,406
95SS04S3,Ballymacoss_3,Lisburn,9.11,696,8,0.09,707,0.09,744,-0.76,752,17.44,414,0.29,298,19.31,385,7.73,756,0.09,689
95SS05S1,Blaris_1,Lisburn,12.23,594,7,0.13,599,0.14,460,-0.28,542,18.11,401,-0.86,774,22.38,337,13.09,609,0.13,609
95SS05S2,Blaris_2,Lisburn,5.49,804,10,0.06,790,0.08,782,-0.87,786,3.11,790,0.15,345,19.69,378,6.32,797,0.06,793
95SS06S1,Collin Glen_1,Lisburn,44.71,84,1,0.52,49,0.24,109,0.05,385,49.58,90,0.33,287,46.28,106,38.6,125,0.62,48
95SS06S2,Collin Glen_2,Lisburn,55.38,45,1,0.65,14,0.27,74,0.73,155,62.33,44,-0.2,497,30.03,228,44.29,74,0.76,12
95SS06S3,Collin Glen_3,Lisburn,56.58,38,1,0.65,13,0.26,88,1.25,59,55.89,66,-0.29,540,45.73,109,38.32,131,0.79,9
95SS07S1,Derryaghy_1,Lisburn,21.81,349,4,0.29,210,0.15,422,-0.7,734,28.03,252,0.2,324,34.11,188,15.73,542,0.38,193
95SS07S2,Derryaghy_2,Lisburn,30.32,200,3,0.41,102,0.21,152,0.02,404,20.92,363,-0.06,433,14.75,479,13.46,595,0.48,113
95SS07S3,Derryaghy_3,Lisburn,10.75,646,8,0.14,560,0.11,624,-0.05,444,6.25,701,0.02,395,19.13,389,7.02,782,0.12,615
95SS08S1,Dromara_1,Lisburn,6.21,784,9,0.06,781,0.05,870,-0.55,663,2.35,814,0.83,166,2.98,797,6.46,793,0.06,778
95SS08S2,Dromara_2,Lisburn,8.9,703,8,0.08,727,0.09,738,-0.67,721,7.09,676,0.92,141,11.37,551,11.78,643,0.07,750
95SS09S1,Drumbo_1,Lisburn,4.59,837,10,0.04,863,0.05,881,-1.02,823,0.42,878,0.49,250,16.65,435,11.69,648,0.03,861
95SS09S2,Drumbo_2,Lisburn,6.58,778,9,0.06,805,0.08,796,-0.81,768,3.2,787,0.71,198,15.52,456,10.77,680,0.05,821
95SS10S1,Dunmurry_1,Lisburn,14.69,529,6,0.19,424,0.12,586,0.21,318,6.86,686,-0.57,677,56.83,60,8.03,747,0.2,440
95SS10S2,Dunmurry_2,Lisburn,8.08,733,9,0.08,726,0.1,698,-0.03,432,1.17,855,-0.3,546,34.38,184,4.5,840,0.05,802
95SS11S1,Glenavy_1,Lisburn,9.32,692,8,0.11,657,0.09,709,-0.94,805,8.28,646,0.83,167,14.21,487,13.18,607,0.1,681
95SS11S2,Glenavy_2,Lisburn,11.47,616,7,0.08,737,0.09,719,-0.63,701,8.29,645,1.21,66,25.34,298,11.59,651,0.07,745
95SS12W1,Harmony Hill,Lisburn,4.61,835,10,0.07,758,0.09,726,-1.19,854,3.88,763,-0.24,525,11.85,539,5.14,824,0.06,782
95SS13S1,Hilden_1,Lisburn,24.62,297,4,0.23,336,0.15,409,0.67,166,35.44,179,-1.04,817,33.58,196,33.99,172,0.34,218
95SS13S2,Hilden_2,Lisburn,23.43,316,4,0.23,324,0.17,326,0.08,369,42.18,131,-0.64,713,19.52,382,25.72,297,0.26,332
95SS14S1,Hillhall_1,Lisburn,32.36,175,2,0.31,181,0.2,189,0.32,273,56.23,65,-0.54,658,25.05,303,11.43,657,0.49,107
95SS14S2,Hillhall_2,Lisburn,10.75,645,8,0.13,587,0.12,587,-0.27,536,12.02,539,-0.08,438,18.32,402,5.12,825,0.18,489
95SS15S1,Hillsborough_1,Lisburn,2.92,878,10,0.06,791,0.08,805,-1.08,842,1.75,840,-0.35,566,5.64,725,1.8,880,0.05,828
95SS15S2,Hillsborough_2,Lisburn,4.92,821,10,0.05,836,0.07,852,-0.94,803,1.66,844,0.63,216,11.83,541,2.72,872,0.03,868
95SS16S1,Kilwee_1,Lisburn,22.02,339,4,0.22,356,0.15,414,1.06,90,6.23,702,-0.78,754,52.82,74,22.4,355,0.21,425
95SS16S2,Kilwee_2,Lisburn,41.46,102,2,0.52,50,0.27,66,0.01,414,34.33,184,-0.61,701,44.44,115,23.2,345,0.64,45
95SS17S1,Knockmore_1,Lisburn,11.59,612,7,0.13,593,0.12,608,-0.42,607,17.03,423,-0.35,565,35.99,166,11.93,638,0.12,628
95SS17S2,Knockmore_2,Lisburn,24.9,295,4,0.21,386,0.16,354,0.86,121,43.09,128,-0.42,596,15.81,451,7.85,753,0.22,398
95SS18S1,Lagan Valley_1,Lisburn,25.11,291,4,0.25,280,0.15,408,0.53,197,36.93,163,-0.19,491,25.76,289,19.44,429,0.37,198
95SS18S2,Lagan Valley_2,Lisburn,19.79,391,5,0.2,402,0.15,427,0.02,406,26.51,270,-1.11,834,66.15,33,19.4,433,0.24,374
95SS19S1,Lambeg_1,Lisburn,10.85,640,8,0.1,685,0.09,715,-0.57,674,20.57,369,-0.09,449,22.96,331,29.81,231,0.09,706
95SS19S2,Lambeg_2,Lisburn,25.39,288,4,0.25,291,0.17,312,0.27,292,41.71,135,-0.03,415,11.24,555,19.84,415,0.31,259
95SS20W1,Lisnagarvey,Lisburn,5.13,815,10,0.07,759,0.09,714,-0.83,772,7.69,665,-0.86,773,21.68,347,5.39,818,0.1,685
95SS21S1,Maghaberry_1,Lisburn,7.23,759,9,0.04,864,0.08,799,-0.8,766,15.44,454,0.55,237,9.48,605,8.64,732,0.03,856
95SS21S2,Maghaberry_2,Lisburn,7.99,737,9,0.06,795,0.09,752,-0.61,691,9.23,618,0.72,196,11.84,540,10.99,672,0.05,816
95SS22S1,Magheralave_1,Lisburn,3.94,855,10,0.05,824,0.06,857,-0.66,717,7.64,666,-0.5,639,14.04,489,6.1,806,0.04,834
95SS22S2,Magheralave_2,Lisburn,4.57,838,10,0.05,825,0.09,743,-1.06,837,2.92,800,-0.13,474,19.94,373,6.11,805,0.06,761
95SS23S1,Maze_1,Lisburn,5.91,792,9,0.07,753,0.08,813,-0.83,774,3.58,772,0.5,246,6.58,694,10.31,690,0.11,643
95SS23S2,Maze_2,Lisburn,12.53,587,7,0.12,604,0.11,643,-0.54,655,24.06,311,0.43,258,9.49,604,16.91,502,0.18,495
95SS24S1,Moira_1,Lisburn,5.38,809,10,0.04,862,0.08,792,-0.49,640,2.04,827,0.4,269,8.15,640,4.89,830,0.03,853
95SS24S2,Moira_2,Lisburn,8.47,719,9,0.1,665,0.1,673,-0.2,508,3.66,768,0.18,333,8.93,622,7.55,759,0.08,728
95SS25W1,Old Warren,Lisburn,40.16,117,2,0.37,126,0.2,192,0.56,189,60.88,51,-0.83,765,73.64,20,37.62,142,0.46,127
95SS26S1,Poleglass_1,Lisburn,43.83,94,2,0.53,46,0.22,144,0.43,240,51.83,78,0,402,29.41,231,37.71,141,0.68,31
95SS26S2,Poleglass_2,Lisburn,13.48,563,7,0.18,450,0.14,462,-0.21,511,10.05,595,-0.64,714,28.62,247,17.57,479,0.22,407
95SS27W1,Seymour Hill,Lisburn,15.14,515,6,0.17,479,0.15,388,0.06,377,19.3,390,-0.68,728,8.39,631,11.93,637,0.15,539
95SS28W1,Tonagh,Lisburn,28.01,236,3,0.26,270,0.17,308,0.65,171,41.62,136,-1.6,880,53.75,71,18.29,464,0.34,226
95SS29S1,Twinbrook_1,Lisburn,52,56,1,0.59,27,0.27,72,0.85,125,57.8,59,-0.09,446,33.11,197,27.68,261,0.72,22
95SS29S2,Twinbrook_2,Lisburn,53.35,51,1,0.53,44,0.31,34,0.68,163,65.99,33,-0.12,465,23.03,329,25.45,298,0.68,29
95SS30S1,Wallace Park_1,Lisburn,3.09,875,10,0.02,888,0.02,888,-0.18,495,1.67,843,-0.52,652,1.01,865,6.4,795,0.01,888
95SS30S2,Wallace Park_2,Lisburn,4.61,834,10,0.04,855,0.08,774,-0.43,611,1.5,848,-0.39,586,21.89,343,5.78,816,0.03,869
95TT01W1,Ballymaguigan,Magherafelt,12.04,599,7,0.15,533,0.13,553,-1.54,884,11.93,542,0.8,179,4.56,749,20.84,390,0.13,595
95TT02W1,Bellaghy,Magherafelt,16.83,475,6,0.22,357,0.13,544,-0.76,751,20.37,376,0.89,152,0.44,883,28.19,251,0.26,337
95TT03S1,Castledawson_1,Magherafelt,13.64,559,7,0.16,499,0.12,590,-0.06,448,17.96,405,0.04,384,11.45,549,15.94,537,0.21,426
95TT03S2,Castledawson_2,Magherafelt,13.18,573,7,0.15,523,0.15,416,-0.72,743,14.3,479,0.26,308,3.87,773,16.05,533,0.11,654
95TT04W1,Draperstown,Magherafelt,17.05,467,6,0.21,374,0.15,397,-0.92,798,16.79,430,0.63,217,1.1,863,30.32,226,0.2,446
95TT05S1,Glebe_1_Magherafelt,Magherafelt,5.26,814,10,0.11,645,0.11,654,-0.94,800,2.22,818,-0.94,792,12.45,526,7.02,781,0.1,674
95TT05S2,Glebe_2_Magherafelt,Magherafelt,27.06,253,3,0.35,154,0.2,209,-0.46,623,36.61,168,-1.07,824,16.81,431,27.39,265,0.42,154
95TT06W1,Gulladuff,Magherafelt,14.94,518,6,0.18,456,0.14,436,-0.97,810,12.88,517,0.91,148,1.87,835,19.87,413,0.13,585
95TT07W1,Knockcloghrim,Magherafelt,10.32,655,8,0.12,612,0.12,597,-0.55,664,8.86,628,0.6,223,4.55,750,13.13,608,0.1,682
95TT08W1,Lecumpher,Magherafelt,12.18,597,7,0.13,584,0.12,588,-0.63,702,15.05,467,0.72,197,2.22,827,21.46,377,0.1,668
95TT09S1,Lower Glenshane_1,Magherafelt,18.09,436,5,0.18,444,0.14,442,-0.54,657,17.84,407,1.12,86,0.3,889,27.37,266,0.15,552
95TT09S2,Lower Glenshane_2,Magherafelt,10.95,638,8,0.14,550,0.11,623,-0.99,814,10.69,574,0.84,165,0.34,888,16.43,516,0.14,560
95TT10W1,Maghera,Magherafelt,27.89,238,3,0.33,164,0.18,276,0.08,370,28.12,250,0.12,356,17.26,420,32.26,198,0.4,166
95TT11S1,Swatragh_1,Magherafelt,13.66,558,7,0.16,501,0.13,554,-0.68,726,12.17,538,1.05,102,1.86,836,13.33,602,0.12,625
95TT11S2,Swatragh_2,Magherafelt,17.3,458,6,0.2,408,0.14,487,-0.78,759,13.05,514,1.34,45,0.38,886,16.82,503,0.19,463
95TT12W1,Tobermore,Magherafelt,16.59,480,6,0.15,534,0.14,433,-0.42,605,25.82,281,0.82,173,0.99,866,17.65,476,0.13,602
95TT13S1,Town Parks East_1,Magherafelt,9.42,687,8,0.17,483,0.1,657,-1.25,863,11.81,547,-0.4,587,18.46,398,16.36,522,0.24,375
95TT13S2,Town Parks East_2,Magherafelt,21.4,360,5,0.29,209,0.14,448,-0.03,436,28.05,251,-0.9,783,21.48,350,27.32,268,0.37,201
95TT14W1,Town Parks West,Magherafelt,13.15,576,7,0.18,455,0.16,351,-0.99,816,15.21,461,-0.68,727,9.96,588,16.69,510,0.18,488
95TT15W1,Upperlands,Magherafelt,19.22,405,5,0.16,490,0.15,411,-1.09,843,24.56,302,1.22,65,1.95,833,34.16,170,0.13,587
95TT16W1,Valley,Magherafelt,17.42,455,6,0.19,415,0.14,489,-0.7,735,18.82,395,1.13,84,2.94,799,21.75,370,0.2,451
95UU06W1,Dalriada,Moyle,19.73,394,5,0.21,376,0.14,451,0.36,264,12.86,520,0.69,206,20.37,368,19.02,438,0.25,345
95UU09W1,Glenariff,Moyle,22.35,336,4,0.2,410,0.14,469,0.11,351,11.89,544,1.59,13,2.3,822,22.47,353,0.22,400
95UU14W1,Knocklayd,Moyle,26.73,261,3,0.33,166,0.17,304,-0.09,464,29.65,227,0.58,228,15.25,466,17.57,480,0.44,139
95UU99C1,Armoy_&_Moss-side and Moyarget,Moyle,30.95,194,3,0.28,227,0.16,365,0.4,248,29.02,239,1.43,26,3.49,781,36.69,149,0.34,220
95UU99C2,Ballylough_&_Bushmills,Moyle,30.31,201,3,0.3,194,0.18,287,0.12,350,46.74,105,0.56,234,24.93,306,21.2,379,0.38,195
95UU99C3,Bonamargy and Rathlin_&_Glenshesk,Moyle,18.3,430,5,0.16,504,0.14,479,-0.24,523,6.81,691,1.36,36,25.61,293,19.5,427,0.15,553
95UU99C4,Carnmoon_&_Dunseverick,Moyle,23.15,324,4,0.19,431,0.16,369,-0.07,452,17.64,410,1.42,27,2.58,813,32.61,190,0.2,441
95UU99C5,Glenaan_&_Glendun,Moyle,23.02,326,4,0.21,390,0.15,384,-0.85,780,13.91,489,1.64,9,6.11,712,37.74,139,0.22,399
95UU99C6,Glentaisie_&_Kinbane,Moyle,29.4,216,3,0.28,228,0.17,320,0.24,305,25.36,287,1.11,92,29.37,232,37.22,143,0.35,215
95VV01S1,Annalong_1,Newry and Mourne,21.86,346,4,0.15,521,0.13,501,0.38,256,13.75,492,1.54,17,3.45,782,24.63,310,0.15,547
95VV01S2,Annalong_2,Newry and Mourne,27.06,252,3,0.26,272,0.16,349,0.48,223,32.49,199,0.91,147,8.61,628,21.91,365,0.31,251
95VV02W1,Ballybot,Newry and Mourne,44.56,86,1,0.5,55,0.27,68,0.74,154,38.39,153,-0.76,749,46.11,107,21.52,373,0.57,74
95VV03W1,Bessbrook,Newry and Mourne,35.83,147,2,0.37,131,0.23,119,0.31,279,46.18,113,-0.26,532,30.36,223,15.42,553,0.4,171
95VV04W1,Binnian,Newry and Mourne,17.97,442,5,0.16,492,0.11,633,-0.36,575,20.43,373,1.36,38,1.49,848,28.97,242,0.15,545
95VV05S1,Burren and Kilbroney_1,Newry and Mourne,17.33,456,6,0.15,530,0.13,500,0.17,334,13,515,0.73,190,12.73,519,34.69,166,0.16,533
95VV05S2,Burren and Kilbroney_2,Newry and Mourne,10.69,649,8,0.1,672,0.11,644,-0.41,603,7.08,677,0.75,187,3.93,769,27.11,273,0.08,716
95VV06W1,Camlough,Newry and Mourne,32.01,180,3,0.34,158,0.19,235,1.02,93,16.12,444,0.43,259,7.91,651,35.44,157,0.4,172
95VV07S1,Clonallan_1,Newry and Mourne,34.96,157,2,0.42,94,0.24,107,0.47,228,16,446,-0.37,576,44.32,117,17.51,482,0.57,71
95VV07S2,Clonallan_2,Newry and Mourne,8.49,718,9,0.13,603,0.12,577,-0.89,792,4.01,759,0.2,328,8.19,639,8.96,721,0.14,580
95VV08W1,Creggan,Newry and Mourne,38.13,127,2,0.44,82,0.22,134,0.27,293,25.1,293,1.31,54,0.66,875,20.91,389,0.47,122
95VV09W1,Crossmaglen,Newry and Mourne,48.45,66,1,0.58,31,0.27,67,0.68,164,36.36,170,0.92,144,2.4,820,27.02,277,0.64,43
95VV10S1,Daisy hill_1,Newry and Mourne,41.36,104,2,0.49,61,0.22,132,0.87,120,46.92,103,-0.98,803,21.75,345,23.42,341,0.57,75
95VV10S2,Daisy hill_2,Newry and Mourne,35.85,146,2,0.38,119,0.21,154,0.95,107,28.87,240,-1.32,853,44.41,116,24,328,0.43,152
95VV11S1,Derryleckagh_1,Newry and Mourne,14.03,546,7,0.19,433,0.14,459,-0.25,527,8.37,641,0.32,291,4.41,753,16.11,529,0.21,433
95VV11S2,Derryleckagh_2,Newry and Mourne,13.18,572,7,0.16,512,0.12,574,0.26,296,3.96,760,0.22,319,11.91,537,12.49,622,0.21,424
95VV12S1,Derrymore_1,Newry and Mourne,35.76,148,2,0.42,91,0.19,240,0.75,151,36.01,176,-0.07,436,40.72,137,18.94,443,0.51,97
95VV12S2,Derrymore_2,Newry and Mourne,30.28,203,3,0.33,162,0.19,226,0.48,220,28.18,247,0.04,388,31.35,216,16.31,525,0.4,169
95VV13S1,Donaghmore_1,Newry and Mourne,17.43,454,6,0.18,463,0.14,455,-0.49,642,10.74,573,1.12,85,4.09,764,36.11,150,0.17,509
95VV13S2,Donaghmore_2,Newry and Mourne,16.17,489,6,0.14,562,0.12,572,0.08,366,10.22,590,0.99,123,13.46,505,31.37,213,0.15,537
95VV14S1,Drumalane_1,Newry and Mourne,25.26,290,4,0.29,213,0.2,186,0.47,225,10.49,580,-0.46,621,26.59,277,9.52,707,0.36,204
95VV14S2,Drumalane_2,Newry and Mourne,25.6,285,4,0.26,258,0.21,147,0.6,180,2.48,811,-0.76,750,44.29,119,10.86,677,0.22,396
95VV15S1,Drumgullion_1,Newry and Mourne,45.88,75,1,0.48,66,0.27,69,1.27,58,41.56,137,-0.88,775,28.96,243,19.78,418,0.58,67
95VV15S2,Drumgullion_2,Newry and Mourne,18.1,435,5,0.23,338,0.18,297,0.09,364,7.93,658,-0.13,473,13.84,495,10.36,688,0.25,358
95VV16W1,Fathom,Newry and Mourne,20.42,377,5,0.28,233,0.17,314,-0.35,568,11.56,555,0.46,253,15.41,460,10.78,679,0.3,266
95VV17S1,Forkhill_1,Newry and Mourne,26.3,269,4,0.37,132,0.18,273,0,420,16.84,429,0.65,212,6.88,686,14.67,567,0.44,140
95VV17S2,Forkhill_2,Newry and Mourne,26.79,258,3,0.37,134,0.17,327,0.23,307,17.32,417,0.83,171,4.86,740,15.62,545,0.4,174
95VV18S1,Kilkeel Central_1,Newry and Mourne,11.23,629,8,0.13,592,0.11,652,-0.97,811,20.93,361,0.22,317,9.08,616,22.07,363,0.14,571
95VV18S2,Kilkeel Central_2,Newry and Mourne,33.06,169,2,0.3,196,0.2,194,0.1,359,41.49,138,0.09,365,31.35,215,47.13,47,0.3,274
95VV19S1,Kilkeel South_1,Newry and Mourne,21.91,344,4,0.23,328,0.13,505,0.47,224,29.03,238,0.18,335,13.96,493,23.66,334,0.24,372
95VV19S2,Kilkeel South_2,Newry and Mourne,31.21,191,3,0.27,248,0.19,217,0.53,198,38.38,154,0.54,238,9.43,607,33.74,178,0.29,289
95VV20W1,Lisnacree,Newry and Mourne,22.68,332,4,0.16,507,0.15,396,0.02,403,23.89,314,1.12,87,8.78,624,47.15,46,0.13,610
95VV21S1,Mayobridge_1,Newry and Mourne,23.44,314,4,0.21,372,0.15,404,0.65,170,21.05,358,0.95,136,5.74,721,21.84,367,0.23,387
95VV21S2,Mayobridge_2,Newry and Mourne,18.07,438,5,0.13,590,0.14,437,0.23,311,10.55,577,1.14,77,3.99,767,24.11,324,0.11,657
95VV22W1,Newtownhamilton,Newry and Mourne,31.41,187,3,0.31,182,0.18,275,0.19,326,28.58,243,1.06,101,8.11,644,46.33,57,0.37,199
95VV23W1,Rostrevor,Newry and Mourne,19.95,387,5,0.24,306,0.18,295,-0.26,533,8.18,651,0.7,204,20.96,358,15.91,538,0.29,282
95VV24S1,Seaview_1,Newry and Mourne,14.33,539,7,0.16,508,0.13,559,0.47,226,2.68,808,0.1,359,21.34,352,13.51,593,0.12,635
95VV24S2,Seaview_2,Newry and Mourne,25.26,289,4,0.32,169,0.18,265,-0.08,460,24.95,298,-0.25,529,16.27,443,26.16,290,0.37,200
95VV25S1,Silver Bridge_1,Newry and Mourne,35.63,151,2,0.41,103,0.21,158,-0.12,470,34.14,187,1.33,48,1.26,859,11.45,654,0.43,148
95VV25S2,Silver Bridge_2,Newry and Mourne,22.98,328,4,0.26,271,0.17,311,0.15,341,12.5,532,1.11,88,0.6,876,9.24,714,0.24,379
95VV26W1,Spelga,Newry and Mourne,20.89,366,5,0.23,339,0.17,319,-0.84,777,20.52,371,1.08,97,7.23,671,22.1,361,0.27,322
95VV27W1,St Mary's,Newry and Mourne,32.27,176,2,0.35,151,0.19,241,0.84,126,22.21,339,-0.42,597,17.94,409,50.28,33,0.43,145
95VV28S1,St Patrick's_1,Newry and Mourne,26.14,273,4,0.31,187,0.19,243,0.78,140,11.76,549,-0.66,719,27.37,266,13.47,594,0.34,222
95VV28S2,St Patrick's_2,Newry and Mourne,32.19,177,2,0.32,178,0.25,94,0.43,239,20.8,366,-1.11,832,47.9,98,18.73,445,0.29,280
95VV29W1,Tullyhappy,Newry and Mourne,21.53,357,5,0.23,322,0.15,410,0.07,373,23.93,313,0.85,160,3.86,774,20.92,388,0.3,273
95VV30S1,Windsor Hill_1,Newry and Mourne,11.23,628,8,0.1,682,0.13,556,0.16,338,1.85,836,-0.21,504,30.2,225,17.67,475,0.09,705
95VV30S2,Windsor Hill_2,Newry and Mourne,29.74,211,3,0.28,220,0.22,138,0.28,288,21.85,345,-0.06,426,28.31,254,28.36,248,0.35,206
95WW01S1,Abbey_1,Newtownabbey,15.68,501,6,0.21,385,0.14,486,-0.01,427,12.86,519,-0.55,661,35.52,173,17.29,488,0.24,377
95WW01S2,Abbey_2,Newtownabbey,13.94,550,7,0.14,568,0.12,584,0.21,315,21.06,357,-1.07,822,26.46,280,20.42,402,0.24,370
95WW02S1,Ballyclare North_1,Newtownabbey,18.74,415,5,0.24,297,0.13,523,-0.25,525,23.89,315,0.02,394,43.15,123,7.85,752,0.28,304
95WW02S2,Ballyclare North_2,Newtownabbey,12,601,7,0.17,470,0.1,699,-0.27,540,15.23,460,-0.01,405,24.88,308,5.07,826,0.2,448
95WW03S1,Ballyclare South_1,Newtownabbey,25.93,279,4,0.24,312,0.2,197,0.24,306,32.49,200,-0.43,607,29.55,230,15.74,541,0.24,361
95WW03S2,Ballyclare South_2,Newtownabbey,9.73,670,8,0.11,641,0.09,710,-0.37,585,14.76,469,0.02,392,18.74,395,8.01,748,0.12,622
95WW04S1,Ballyduff_1,Newtownabbey,13.73,555,7,0.16,494,0.11,635,-0.54,660,31.13,212,-0.37,575,17.69,415,18.6,450,0.24,364
95WW04S2,Ballyduff_2,Newtownabbey,9.57,677,8,0.07,755,0.1,660,0.04,393,14.07,485,-0.69,729,24.8,311,13.39,601,0.1,677
95WW05S1,Ballyhenry_1,Newtownabbey,7.31,755,9,0.09,704,0.09,731,-0.37,578,8.37,642,-0.43,605,26.73,272,3.93,850,0.14,572
95WW05S2,Ballyhenry_2,Newtownabbey,15.13,516,6,0.13,589,0.13,528,0.36,265,17.35,416,-0.77,753,48.48,95,10.54,682,0.12,627
95WW06S1,Ballynure_1,Newtownabbey,7.72,746,9,0.08,744,0.09,737,-0.62,700,4.37,746,0.73,193,14.63,482,4.81,834,0.05,801
95WW06S2,Ballynure_2,Newtownabbey,5.08,819,10,0.05,809,0.05,873,-1.21,857,3.75,767,0.63,218,11.67,544,4.44,844,0.03,854
95WW07S1,Ballyrobert_1,Newtownabbey,8.27,726,9,0.08,732,0.09,742,-0.39,590,5.35,724,0.56,233,18.84,393,4.66,836,0.09,704
95WW07S2,Ballyrobert_2,Newtownabbey,4.17,844,10,0.03,869,0.07,828,-1.86,889,7.24,674,0.15,343,10.04,586,3.14,868,0.03,859
95WW08S1,Burnthill_1,Newtownabbey,10.77,644,8,0.1,675,0.12,582,-0.47,631,20.24,378,-0.58,682,37.4,160,7.66,758,0.13,600
95WW08S2,Burnthill_2,Newtownabbey,6.95,768,9,0.09,712,0.11,627,-0.76,753,9.22,619,-0.58,685,24.06,319,6.26,801,0.12,636
95WW09S1,Carnmoney_1,Newtownabbey,30.57,197,3,0.29,207,0.19,253,0.62,177,46.91,104,-0.24,520,24.23,316,12.59,620,0.4,173
95WW09S2,Carnmoney_2,Newtownabbey,4,852,10,0.04,853,0.07,832,-1.04,834,5.06,729,-0.51,647,30.42,222,7.39,766,0.11,659
95WW10S1,Cloughfern_1,Newtownabbey,16.36,485,6,0.18,449,0.13,521,0.02,410,26.06,274,-0.46,619,27.21,267,17.11,496,0.2,438
95WW10S2,Cloughfern_2,Newtownabbey,17.24,460,6,0.15,529,0.15,428,0.04,394,36.35,171,-0.93,789,16.65,434,18.58,452,0.22,403
95WW11S1,Collinbridge_1,Newtownabbey,7.86,740,9,0.08,725,0.09,729,0.03,399,3.24,786,-0.19,490,20.18,370,3.98,849,0.1,679
95WW11S2,Collinbridge_2,Newtownabbey,8.6,713,9,0.1,664,0.11,648,-0.24,520,3.4,779,-0.45,616,36.63,163,5.98,811,0.16,525
95WW12W1,Coole,Newtownabbey,42.66,97,2,0.35,146,0.23,113,1.13,75,64.61,37,-0.9,781,17.18,425,33.32,183,0.48,114
95WW13S1,Doagh_1,Newtownabbey,8.2,728,9,0.07,746,0.09,762,-0.41,601,7.37,671,0.67,210,8.97,618,11.44,656,0.06,767
95WW13S2,Doagh_2,Newtownabbey,8.18,729,9,0.06,789,0.08,804,-0.45,622,9.48,611,0.83,169,9.41,609,9.4,710,0.05,818
95WW14W1,Dunanney,Newtownabbey,45.7,77,1,0.39,113,0.24,99,0.85,124,78.24,15,-0.69,730,19.92,374,35.05,163,0.53,92
95WW15S1,Glebe_1_Newtownabbey,Newtownabbey,6.44,781,9,0.1,661,0.09,717,-0.87,787,7.27,673,-0.36,573,21.12,355,5.55,817,0.12,614
95WW15S2,Glebe_2_Newtownabbey,Newtownabbey,8.31,724,9,0.09,706,0.12,601,-0.22,512,7.82,662,-0.5,640,21.04,357,4.91,829,0.08,714
95WW16S1,Glengormley_1,Newtownabbey,10.15,659,8,0.1,678,0.11,628,-0.15,488,7.16,675,-0.58,684,57.4,59,5.02,828,0.13,594
95WW16S2,Glengormley_2,Newtownabbey,18.58,421,5,0.21,375,0.12,595,-0.13,478,45.68,114,-0.83,767,32.49,205,13.97,579,0.27,307
95WW17W1,Hawthorne,Newtownabbey,16.05,493,6,0.16,510,0.16,333,-0.12,471,21.75,347,-0.36,572,11.82,543,12.86,613,0.21,428
95WW18W1,Hightown,Newtownabbey,14.28,541,7,0.14,580,0.14,449,0.4,251,11.08,562,-0.97,800,26.62,275,15.79,539,0.17,504
95WW19S1,Jordanstown_1,Newtownabbey,6.89,772,9,0.11,660,0.11,626,-1.13,848,11.64,553,-0.41,594,8.24,637,5.37,819,0.11,656
95WW19S2,Jordanstown_2,Newtownabbey,2.47,886,10,0.03,881,0.05,871,-0.91,797,2.31,815,-0.14,476,3.05,794,3.33,858,0.04,850
95WW19S3,Jordanstown_3,Newtownabbey,2.2,890,10,0.02,887,0.05,876,-1.7,886,0.5,876,-0.04,416,5.98,717,3.24,863,0.02,881
95WW20S1,Mallusk_1,Newtownabbey,9.03,700,8,0.07,762,0.08,781,-0.23,516,6.96,681,0.57,231,31.23,217,2.42,877,0.06,769
95WW20S2,Mallusk_2,Newtownabbey,7.2,761,9,0.06,783,0.08,814,-0.04,441,5.57,718,0.15,346,14.37,485,1.63,881,0.06,765
95WW20S3,Mallusk_3,Newtownabbey,2.7,882,10,0.03,873,0.05,875,-1.51,883,2.17,822,-0.05,425,10.49,575,1.29,886,0.05,811
95WW21S1,Monkstown_1,Newtownabbey,40.91,107,2,0.36,140,0.24,102,0.49,215,67.18,30,-0.41,593,4.18,760,37.87,136,0.5,105
95WW21S2,Monkstown_2,Newtownabbey,23.36,319,4,0.21,370,0.14,468,0.57,185,39.26,148,-0.65,715,17.19,424,38.48,127,0.27,312
95WW22S1,Mossley_1,Newtownabbey,8.5,716,9,0.09,696,0.08,800,-0.09,462,13.19,509,-0.25,527,20.08,372,7.54,760,0.09,693
95WW22S2,Mossley_2,Newtownabbey,33.71,165,2,0.35,143,0.18,268,0.8,138,46.29,111,0.06,377,27.51,264,11.74,647,0.46,130
95WW23S1,Rostulla_1,Newtownabbey,12.23,595,7,0.17,469,0.13,540,-0.71,737,5.78,711,-0.77,752,59.39,49,19.57,424,0.22,413
95WW23S2,Rostulla_2,Newtownabbey,3.07,876,10,0.04,852,0.04,885,-1,817,0.31,881,-0.2,499,14.86,478,12.86,614,0.05,833
95WW24S1,Valley_1,Newtownabbey,31.62,185,3,0.29,217,0.2,200,0.81,134,29.63,229,-0.89,780,44.16,120,35.56,156,0.33,238
95WW24S2,Valley_2,Newtownabbey,41.46,103,2,0.38,118,0.23,116,0.68,162,53.8,71,-0.52,655,56.49,63,27.94,254,0.5,100
95WW25W1,Whitehouse,Newtownabbey,38.47,125,2,0.32,173,0.26,78,0.97,102,41.78,133,-0.67,722,25.2,300,18.59,451,0.29,286
95XX01S1,Ballycrochan_1,North Down,3.28,873,10,0.02,884,0.06,859,-1.63,885,3.35,780,0.2,327,6.04,715,3.3,859,0.03,866
95XX01S2,Ballycrochan_2,North Down,5.29,812,10,0.05,833,0.07,823,-0.13,482,3.18,788,-0.03,414,4.61,745,1.84,879,0.03,870
95XX01S3,Ballycrochan_3,North Down,5.86,795,9,0.05,826,0.1,686,-0.65,710,9.41,612,-0.06,431,5.45,728,2.55,875,0.05,830
95XX02W1,Ballyholme,North Down,2.77,881,10,0.07,773,0.06,865,-1.44,879,0.71,868,-0.58,683,18.7,396,6.66,788,0.05,825
95XX03S1,Ballymaconnell_1,North Down,4.86,823,10,0.05,842,0.09,727,-1.04,832,3.76,765,0.28,303,4.64,744,1.16,889,0.05,806
95XX03S2,Ballymaconnell_2,North Down,3.59,868,10,0.04,859,0.07,851,-1.31,865,1.96,830,0.39,273,2.85,803,1.18,888,0.06,763
95XX04S1,Ballymagee_1,North Down,2.79,880,10,0.04,857,0.07,844,-1.72,887,3.24,785,-0.09,450,5.7,722,2.9,870,0.05,809
95XX04S2,Ballymagee_2,North Down,6.09,788,9,0.07,751,0.1,685,-0.86,783,8.05,655,-0.09,445,10.94,564,3.91,851,0.1,672
95XX05W1,Bangor Castle,North Down,16.4,483,6,0.17,472,0.16,370,0.02,402,6.03,705,-0.42,595,53.01,73,17.61,477,0.19,462
95XX06S1,Bloomfield_1_NorthDown,North Down,20.32,381,5,0.23,327,0.15,406,-0.2,505,21.63,348,-0.27,533,29.24,238,41.27,94,0.26,323
95XX06S2,Bloomfield_2_NorthDown,North Down,12.5,588,7,0.13,595,0.11,646,-0.19,500,18.02,402,0.15,341,17.75,413,17.52,481,0.13,593
95XX07S1,Broadway_1,North Down,3.72,861,10,0.06,792,0.08,772,-1.37,868,1.94,832,-0.07,435,5,734,4.56,838,0.08,726
95XX07S2,Broadway_2,North Down,2.65,883,10,0.05,818,0.08,785,-1.38,870,0.9,860,-0.46,620,6.58,695,6.66,789,0.06,776
95XX08S1,Bryansburn_1,North Down,3.79,858,10,0.07,757,0.09,757,-0.88,788,1.46,849,-0.62,708,14.65,481,6.5,792,0.06,786
95XX08S2,Bryansburn_2,North Down,3.05,877,10,0.05,835,0.07,836,-0.74,746,2.26,817,-0.5,641,12.29,528,4.86,831,0.08,724
95XX09S1,Churchill_1,North Down,7.53,751,9,0.11,646,0.09,749,-0.36,572,3.65,769,0.09,363,7.07,676,11.81,641,0.07,742
95XX09S2,Churchill_2,North Down,5.41,806,10,0.07,749,0.08,778,-0.56,666,2.13,824,-0.18,487,7.1,675,17.77,473,0.08,720
95XX10S1,Clandeboye_1,North Down,19.18,406,5,0.22,349,0.14,443,-0.11,467,25.32,289,-0.04,417,40.51,140,7.52,761,0.28,293
95XX10S2,Clandeboye_2,North Down,5.53,802,10,0.05,811,0.06,861,-1.12,846,10,598,0.03,390,26.48,279,5.23,820,0.07,752
95XX10S3,Clandeboye_3,North Down,15.6,502,6,0.2,398,0.1,670,-0.24,521,29.11,237,-0.22,512,33.68,193,7.72,757,0.26,338
95XX11S1,Conlig_1,North Down,13.15,577,7,0.2,412,0.12,603,-0.61,692,11.02,564,0.27,305,23.95,320,16.29,526,0.3,272
95XX11S2,Conlig_2,North Down,9.43,685,8,0.12,620,0.09,747,-0.68,728,7.97,657,0.12,355,41.97,130,13.21,605,0.13,586
95XX11S3,Conlig_3,North Down,36.39,144,2,0.28,223,0.2,191,1.34,52,47.09,99,0.15,344,7.68,661,22.89,348,0.27,309
95XX12W1,Craigavad,North Down,5.29,811,10,0.05,834,0.08,809,-0.92,799,0.76,866,0.6,225,14.75,480,5.98,809,0.02,874
95XX13W1,Crawfordsburn,North Down,3.69,862,10,0.03,870,0.05,878,-1.46,880,0.7,869,0.26,309,15.03,471,8.96,722,0.02,879
95XX14W1,Cultra,North Down,4.17,845,10,0.03,877,0.04,883,-2.06,890,0.7,870,0.28,301,29.34,234,0.59,890,0.02,876
95XX15W1,Dufferin,North Down,27.28,248,3,0.26,268,0.19,221,0.32,274,38.52,152,-0.3,549,24.61,313,15.51,549,0.28,299
95XX16W1,Groomsport,North Down,6.16,786,9,0.07,779,0.1,662,-1.23,860,4.12,756,0.33,288,10.3,580,1.51,884,0.05,819
95XX17S1,Harbour_1,North Down,32.86,170,2,0.29,201,0.21,153,0.28,287,15.34,457,-1.03,814,79.95,12,55.83,13,0.43,147
95XX17S2,Harbour_2,North Down,8.64,711,8,0.12,628,0.1,672,-0.81,767,1.63,846,-0.99,808,52.02,78,29.39,238,0.15,549
95XX18W1,Holywood Demesne,North Down,7.74,744,9,0.13,594,0.1,689,-0.96,807,3.48,776,-0.66,718,35.13,177,20.03,410,0.17,503
95XX19W1,Holywood Priory,North Down,4.59,836,10,0.06,780,0.09,739,-1.08,840,0.79,865,-0.1,457,18.85,392,3.24,861,0.04,840
95XX20S1,Loughview_1,North Down,20.39,378,5,0.22,362,0.15,431,0.05,386,25.95,278,-0.28,538,47.89,99,20.02,411,0.3,270
95XX20S2,Loughview_2,North Down,7.22,760,9,0.03,872,0.03,887,-0.13,479,18,403,-0.12,464,1.98,832,18.06,469,0.04,838
95XX21W1,Princetown,North Down,4.68,830,10,0.07,760,0.09,755,-1.03,831,0.53,875,-0.18,489,20.83,359,7.17,775,0.03,851
95XX22W1,Rathgael,North Down,7.14,764,9,0.11,650,0.09,716,-1.36,867,14.12,483,-0.63,712,12.7,521,19.44,430,0.17,511
95XX23W1,Silverstream,North Down,11.61,611,7,0.16,509,0.12,591,-0.74,747,19.1,394,-0.45,618,18.79,394,21.85,366,0.22,405
95XX24S1,Springhill_1,North Down,2.61,884,10,0.03,879,0.07,848,-1.47,882,3.64,770,-0.15,480,6.9,685,2.64,874,0.03,871
95XX24S2,Springhill_2,North Down,3.46,870,10,0.05,817,0.08,775,-0.72,744,5.11,728,-0.61,702,5.17,733,5.98,810,0.05,827
95XX25W1,Whitehill,North Down,21.65,353,4,0.23,325,0.15,373,0.26,295,30.94,215,-0.74,743,21.52,349,23.23,344,0.33,241
95YY01W1,Beragh,Omagh,17.8,446,6,0.19,426,0.15,386,0.08,367,10.99,566,0.83,168,3.67,777,13.9,581,0.2,452
95YY02W1,Camowen,Omagh,19.36,402,5,0.23,330,0.17,323,0.4,249,13.3,506,-0.88,776,14.9,476,19.08,437,0.27,318
95YY03W1,Clanabogan,Omagh,18.12,433,5,0.2,395,0.18,296,-0.57,669,12.33,533,0.95,137,2.01,830,11.77,644,0.24,376
95YY04W1,Coolnagard,Omagh,17.78,447,6,0.23,321,0.19,239,-0.22,514,9.35,613,-0.59,693,13.17,511,10.81,678,0.26,339
95YY05W1,Dergmoney,Omagh,20.69,370,5,0.23,332,0.19,213,0.25,298,7.06,678,-0.98,801,27.88,261,19.79,416,0.21,431
95YY06W1,Dromore,Omagh,27.29,246,3,0.29,216,0.19,245,0,422,24.37,306,0.98,128,6.36,705,27.79,259,0.29,291
95YY07W1,Drumnakilly,Omagh,25.97,277,4,0.26,265,0.19,211,0.21,316,15.18,463,1.02,110,1.86,837,17.19,493,0.29,277
95YY08W1,Drumquin,Omagh,31.8,182,3,0.27,240,0.19,230,0.05,387,27.39,259,1.39,30,2.13,829,42.92,80,0.22,408
95YY09W1,Drumragh,Omagh,16.07,491,6,0.18,457,0.18,292,0.11,352,8.24,650,-0.61,699,15.01,472,15.24,556,0.23,393
95YY10W1,Fairy Water,Omagh,14.99,517,6,0.15,542,0.15,387,-0.47,628,9.26,617,0.98,129,4.92,736,15.02,561,0.17,514
95YY11W1,Fintona,Omagh,31.55,186,3,0.32,170,0.19,232,0.39,255,29.45,233,0.59,226,34.5,183,24.5,312,0.4,170
95YY12W1,Gortin,Omagh,16.31,487,6,0.17,474,0.13,538,0.1,355,9.3,615,0.99,120,8.13,642,17.47,483,0.14,583
95YY13S1,Gortrush_1,Omagh,14.38,536,7,0.18,459,0.13,532,0.32,276,9.97,599,-0.16,481,2.23,825,20.7,394,0.2,458
95YY13S2,Gortrush_2,Omagh,29.35,217,3,0.29,214,0.21,155,0.2,323,34.58,181,-0.37,578,9.43,608,28.25,249,0.25,351
95YY14S1,Killyclogher_1,Omagh,20.35,379,5,0.26,257,0.18,262,0.12,349,10.23,589,-0.54,660,17.28,419,11.9,639,0.3,267
95YY14S2,Killyclogher_2,Omagh,12.69,583,7,0.19,422,0.12,566,0.01,415,10.08,593,-0.09,447,2,831,10.27,693,0.24,369
95YY15S1,Lisanelly_1,Omagh,10.53,653,8,0.09,693,0.07,853,0.06,376,11.79,548,-1.04,819,35.6,172,39.34,116,0.1,661
95YY15S2,Lisanelly_2,Omagh,41.24,105,2,0.44,80,0.2,202,1.07,88,36.7,167,-0.51,645,48.24,97,47.79,40,0.52,94
95YY16W1,Newtownsaville,Omagh,17.29,459,6,0.17,487,0.15,403,-0.67,723,13.73,493,1.19,69,1.59,846,22.4,356,0.15,551
95YY17W1,Owenkillew,Omagh,26.09,275,4,0.23,319,0.17,303,-0.78,756,24.98,297,1.77,6,0.35,887,18.6,449,0.21,419
95YY18W1,Sixmilecross,Omagh,27.86,239,3,0.27,249,0.19,215,-0.36,570,22.17,342,1.36,37,0.47,881,25.01,305,0.27,315
95YY19W1,Strule,Omagh,31.15,192,3,0.28,230,0.22,139,0.93,113,20.54,370,-0.48,628,26.56,278,26.55,282,0.31,260
95YY20W1,Termon,Omagh,31.24,190,3,0.28,231,0.23,126,0.27,291,11.88,545,1.38,34,0.39,885,13.42,599,0.27,320
95YY21W1,Trillick,Omagh,18.07,437,5,0.19,425,0.13,504,-0.54,658,15.34,458,1.32,51,1.25,860,24.38,316,0.18,485
95ZZ01W1,Artigarvan,Strabane,26.4,268,4,0.22,352,0.2,203,-0.06,450,33.61,191,0.84,164,8.05,645,25.98,291,0.24,371
95ZZ02W1,Ballycolman,Strabane,46.99,71,1,0.48,63,0.28,63,0.94,110,50.93,82,-0.51,648,9.85,593,38.93,121,0.55,87
95ZZ03W1,Castlederg,Strabane,43.1,95,2,0.44,81,0.28,56,0.06,378,41.32,142,0.37,276,21.84,344,39.23,118,0.49,109
95ZZ04W1,Clare,Strabane,36.93,140,2,0.26,266,0.21,159,0.52,203,39.15,149,1.44,25,7.59,663,33.93,173,0.22,401
95ZZ05W1,Dunnamanagh,Strabane,33.26,168,2,0.28,232,0.2,185,0.12,348,37.15,161,1.15,72,7.41,667,38.9,122,0.27,306
95ZZ06W1,East,Strabane,63.36,26,1,0.62,20,0.36,14,1.09,84,64.68,36,-0.6,697,33.11,198,46.46,56,0.68,33
95ZZ07W1,Finn,Strabane,35.46,153,2,0.32,176,0.22,131,0.25,299,29.66,226,0.99,124,15.92,446,39.69,111,0.39,181
95ZZ08W1,Glenderg,Strabane,45.57,79,1,0.38,123,0.25,96,0.46,229,36.71,166,1.71,7,8.12,643,43.85,75,0.39,188
95ZZ09W1,Newtownstewart,Strabane,40.79,110,2,0.34,155,0.24,108,0.45,232,41.37,139,0.89,157,21.99,342,53.42,25,0.36,205
95ZZ10W1,North,Strabane,29.5,214,3,0.28,221,0.21,157,0.52,199,14.71,473,-0.21,506,48.36,96,23.57,336,0.31,257
95ZZ11W1,Plumbridge,Strabane,31.31,188,3,0.22,355,0.19,250,-0.05,443,27.57,256,1.77,5,9.23,611,43.32,78,0.23,391
95ZZ12W1,Sion Mills,Strabane,30.02,208,3,0.26,259,0.2,181,0.09,365,39.64,147,0.34,282,19.16,387,31.49,211,0.29,290
95ZZ13W1,Slievekirk,Strabane,29.17,220,3,0.22,369,0.2,204,0.01,416,36.12,173,1.32,52,9.92,590,26.21,288,0.21,418
95ZZ14S1,South_1,Strabane,35.74,149,2,0.39,115,0.21,150,0.52,205,35.94,177,0.23,315,13.06,513,24.44,315,0.46,131
95ZZ14S2,South_2,Strabane,19.66,396,5,0.19,438,0.18,281,0.1,361,16.89,428,0.09,361,15.07,469,19.74,419,0.17,512
95ZZ15W1,Victoria Bridge,Strabane,28.17,233,3,0.22,351,0.2,208,-0.19,503,30.71,217,1.05,104,10.62,573,44.9,66,0.27,314
95ZZ16S1,West_1,Strabane,22.29,337,4,0.25,278,0.17,306,-0.08,457,25.68,282,0,403,16.28,441,21.63,372,0.29,276
95ZZ16S2,West_2,Strabane,38.28,126,2,0.34,159,0.29,49,0.5,209,34.42,182,-0.59,691,26.61,276,21.47,376,0.25,357
