SA2011,ward_key
N00002784,down|strangford
N00002638,down|ardglass
N00002639,down|ardglass
N00002636,down|ardglass
N00002720,down|ardglass
N00002637,down|ardglass
N00002779,down|strangford
N00002783,down|strangford
N00002641,down|strangford
N00002674,down|cathedral
N00002673,down|cathedral
N00002672,down|cathedral
N00002671,down|cathedral
N00002657,down|cathedral
N00002653,down|audleys acre
N00002656,down|audleys acre
N00002659,down|cathedral
N00002658,down|audleys acre
N00002654,down|audleys acre
N00002640,down|audleys acre
N00002645,down|audleys acre
N00002642,down|quoile
N00002644,down|quoile
N00002750,down|quoile
N00002643,down|quoile
N00002753,down|quoile
N00002749,down|quoile
N00002752,down|quoile
N00002751,down|quoile
N00002655,down|audleys acre
N00002765,down|cathedral
N00002722,down|ardglass
N00002725,down|killough
N00002721,down|killough
N00002632,down|ardglass
N00002633,down|ardglass
N00002635,down|ardglass
N00002634,down|ardglass
N00002724,down|killough
N00002723,down|killough
N00002693,down|donard
N00002692,down|donard
N00002694,down|donard
N00002691,down|donard
N00002788,down|tollymore
N00002774,down|shimna
N00002745,down|shimna
N00002744,down|shimna
N00002746,down|shimna
N00002773,down|shimna
N00002771,down|shimna
N00002777,down|shimna
N00002776,down|shimna
N00002775,down|shimna
N00002695,down|donard
N00002772,down|shimna
N00002698,down|donard
N00002696,down|donard
N00002697,down|donard
N00002690,down|donard
N00002778,down|shimna
N00002747,down|shimna
N00002748,down|dundrum
N00002742,down|tollymore
N00002791,down|tollymore
N00002789,down|castlewellan
N00002790,down|tollymore
N00002668,down|castlewellan
N00002667,down|castlewellan
N00002710,down|dundrum
N00002711,down|dundrum
N00002743,down|dundrum
N00002726,down|killough
N00002709,down|dundrum
N00002768,down|seaforde
N00002770,down|seaforde
N00002769,down|seaforde
N00002764,down|seaforde
N00002766,down|seaforde
N00002713,down|dunmore
N00002717,down|dunmore
N00002669,down|dunmore
N00002767,down|seaforde
N00002707,down|dundrum
N00002708,down|dundrum
N00002712,down|dundrum
N00002670,down|castlewellan
N00000723,banbridge|garran
N00000721,banbridge|garran
N00000726,banbridge|garran
N00000725,banbridge|garran
N00000788,banbridge|balloolymore
N00000784,banbridge|annaclone
N00000722,banbridge|garran
N00000785,banbridge|drumadonnell
N00000786,banbridge|drumadonnell
N00002787,down|tollymore
N00002786,down|tollymore
N00002785,down|tollymore
N00003861,newry and mourne|spelga
N00003858,newry and mourne|spelga
N00003817,newry and mourne|lisnacree
N00003820,newry and mourne|lisnacree
N00003691,newry and mourne|binnian
N00003696,newry and mourne|binnian
N00003670,newry and mourne|annalong
N00003673,newry and mourne|annalong
N00003672,newry and mourne|annalong
N00003671,newry and mourne|annalong
N00003675,newry and mourne|annalong
N00003669,newry and mourne|annalong
N00003667,newry and mourne|annalong
N00003668,newry and mourne|annalong
N00003692,newry and mourne|binnian
N00003674,newry and mourne|annalong
N00003812,newry and mourne|cranfield
N00003813,newry and mourne|cranfield
N00003807,newry and mourne|kilkeel
N00003810,newry and mourne|kilkeel
N00003808,newry and mourne|kilkeel
N00003811,newry and mourne|kilkeel
N00003809,newry and mourne|kilkeel
N00003803,newry and mourne|kilkeel
N00003800,newry and mourne|kilkeel
N00003799,newry and mourne|kilkeel
N00003695,newry and mourne|binnian
N00003693,newry and mourne|binnian
N00003690,newry and mourne|binnian
N00003694,newry and mourne|binnian
N00003804,newry and mourne|lisnacree
N00003801,newry and mourne|kilkeel
N00003802,newry and mourne|kilkeel
N00003806,newry and mourne|kilkeel
N00003815,newry and mourne|cranfield
N00003805,newry and mourne|kilkeel
N00003814,newry and mourne|cranfield
N00003816,newry and mourne|cranfield
N00003821,newry and mourne|lisnacree
N00003822,newry and mourne|cranfield
N00003818,newry and mourne|cranfield
N00003819,newry and mourne|cranfield
N00003843,newry and mourne|seaview
N00003717,newry and mourne|clonallan
N00003846,newry and mourne|seaview
N00003841,newry and mourne|seaview
N00003842,newry and mourne|seaview
N00003838,newry and mourne|rostrevor
N00003837,newry and mourne|rostrevor
N00003840,newry and mourne|lisnacree
N00003839,newry and mourne|rostrevor
N00003834,newry and mourne|rostrevor
N00003835,newry and mourne|rostrevor
N00003699,newry and mourne|rostrevor
N00003697,newry and mourne|rostrevor
N00003860,newry and mourne|spelga
N00003825,newry and mourne|ballycrossan
N00003826,newry and mourne|ballycrossan
N00003701,newry and mourne|ballycrossan
N00003704,newry and mourne|clonallan
N00003703,newry and mourne|clonallan
N00003698,newry and mourne|clonallan
N00003700,newry and mourne|rostrevor
N00003836,newry and mourne|rostrevor
N00003844,newry and mourne|seaview
N00003845,newry and mourne|seaview
N00003847,newry and mourne|seaview
N00003848,newry and mourne|seaview
N00003714,newry and mourne|clonallan
N00003712,newry and mourne|clonallan
N00003715,newry and mourne|clonallan
N00003716,newry and mourne|clonallan
N00003713,newry and mourne|clonallan
N00003719,newry and mourne|clonallan
N00003718,newry and mourne|clonallan
N00003720,newry and mourne|clonallan
N00003789,newry and mourne|fathom
N00003784,newry and mourne|fathom
N00003785,newry and mourne|fathom
N00003790,newry and mourne|fathom
N00003702,newry and mourne|ballycrossan
N00003747,newry and mourne|ballycrossan
N00003746,newry and mourne|ballycrossan
N00003868,newry and mourne|st mary s
N00003867,newry and mourne|st mary s
N00003745,newry and mourne|ballycrossan
N00003744,newry and mourne|ballycrossan
N00003743,newry and mourne|ballycrossan
N00003752,newry and mourne|ballycrossan
N00003871,newry and mourne|windsor hill
N00003883,newry and mourne|windsor hill
N00003870,newry and mourne|st patrick s
N00003869,newry and mourne|windsor hill
N00003864,newry and mourne|st mary s
N00003873,newry and mourne|st patrick s
N00003866,newry and mourne|st mary s
N00003865,newry and mourne|st mary s
N00003769,newry and mourne|drumalane
N00003774,newry and mourne|drumalane
N00003736,newry and mourne|daisy hill
N00003734,newry and mourne|daisy hill
N00003735,newry and mourne|daisy hill
N00003738,newry and mourne|daisy hill
N00003772,newry and mourne|drumalane
N00003773,newry and mourne|drumalane
N00003863,newry and mourne|st mary s
N00003741,newry and mourne|st patrick s
N00003872,newry and mourne|st patrick s
N00003779,newry and mourne|drumgullion
N00003681,newry and mourne|drumgullion
N00003778,newry and mourne|drumgullion
N00003682,newry and mourne|ballybot
N00003679,newry and mourne|ballybot
N00003678,newry and mourne|ballybot
N00003739,newry and mourne|daisy hill
N00003742,newry and mourne|daisy hill
N00003737,newry and mourne|daisy hill
N00003740,newry and mourne|daisy hill
N00003756,newry and mourne|daisy hill
N00003754,newry and mourne|derrymore
N00003755,newry and mourne|derrymore
N00003786,newry and mourne|drumalane
N00003775,newry and mourne|drumalane
N00003770,newry and mourne|drumalane
N00003771,newry and mourne|drumalane
N00003768,newry and mourne|drumalane
N00003788,newry and mourne|fathom
N00003787,newry and mourne|fathom
N00003710,newry and mourne|camlough
N00003708,newry and mourne|camlough
N00003707,newry and mourne|camlough
N00003853,newry and mourne|camlough
N00003711,newry and mourne|fathom
N00003792,newry and mourne|fathom
N00003791,newry and mourne|forkhill
N00003798,newry and mourne|forkhill
N00003795,newry and mourne|forkhill
N00003796,newry and mourne|forkhill
N00003797,newry and mourne|forkhill
N00003794,newry and mourne|forkhill
N00003793,newry and mourne|forkhill
N00003849,newry and mourne|creggan
N00003850,newry and mourne|creggan
N00003723,newry and mourne|creggan
N00003726,newry and mourne|creggan
N00003725,newry and mourne|creggan
N00003721,newry and mourne|creggan
N00003722,newry and mourne|newtownhamilton
N00003731,newry and mourne|crossmaglen
N00003732,newry and mourne|crossmaglen
N00003733,newry and mourne|crossmaglen
N00003729,newry and mourne|crossmaglen
N00003730,newry and mourne|crossmaglen
N00003728,newry and mourne|crossmaglen
N00003828,newry and mourne|newtownhamilton
N00003830,newry and mourne|newtownhamilton
N00003724,newry and mourne|newtownhamilton
N00003727,newry and mourne|newtownhamilton
N00003854,newry and mourne|camlough
N00003851,newry and mourne|camlough
N00003855,newry and mourne|camlough
N00003852,newry and mourne|creggan
N00003856,newry and mourne|forkhill
N00003706,newry and mourne|belleek
N00003829,newry and mourne|belleek
N00003875,newry and mourne|belleek
N00000453,armagh|poyntz pass
N00000431,armagh|markethill
N00000407,armagh|killeen
N00000363,armagh|carrigatuke
N00003832,newry and mourne|belleek
N00003831,newry and mourne|belleek
N00003833,newry and mourne|newtownhamilton
N00000364,armagh|carrigatuke
N00000365,armagh|carrigatuke
N00000382,armagh|derrynoose
N00000380,armagh|derrynoose
N00000384,armagh|derrynoose
N00000383,armagh|derrynoose
N00000385,armagh|derrynoose
N00000402,armagh|keady
N00000400,armagh|keady
N00000405,armagh|keady
N00000404,armagh|keady
N00000403,armagh|keady
N00000401,armagh|keady
N00000381,armagh|derrynoose
N00000360,armagh|carrigatuke
N00000362,armagh|killeen
N00000438,armagh|milford
N00000361,armagh|carrigatuke
N00000440,armagh|milford
N00000439,armagh|milford
N00000416,armagh|killylea
N00000415,armagh|killylea
N00000441,armagh|milford
N00000442,armagh|milford
N00000437,armagh|killeen
N00000373,armagh|killeen
N00000374,armagh|demesne
N00000389,armagh|downs
N00000386,armagh|downs
N00000388,armagh|downs
N00000375,armagh|demesne
N00000377,armagh|demesne
N00000472,armagh|demesne
N00000376,armagh|demesne
N00000471,armagh|demesne
N00000409,armagh|killeen
N00000378,armagh|killeen
N00000379,armagh|killeen
N00000372,armagh|killeen
N00000410,armagh|killeen
N00000390,armagh|rich hill
N00000408,armagh|killeen
N00000406,armagh|killeen
N00000434,armagh|markethill
N00000433,armagh|markethill
N00000435,armagh|markethill
N00000436,armagh|markethill
N00000430,armagh|markethill
N00000391,armagh|laurelvale
N00000432,armagh|markethill
N00000450,armagh|poyntz pass
N00000454,armagh|tandragee
N00000463,armagh|tandragee
N00000799,banbridge|loughbrickland
N00000728,banbridge|edenderry
N00000794,banbridge|loughbrickland
N00000796,banbridge|loughbrickland
N00000797,banbridge|loughbrickland
N00000795,banbridge|loughbrickland
N00000798,banbridge|loughbrickland
N00000451,armagh|poyntz pass
N00000449,armagh|poyntz pass
N00000452,armagh|poyntz pass
N00003879,newry and mourne|tullyhappy
N00003874,newry and mourne|tullyhappy
N00003878,newry and mourne|tullyhappy
N00003876,newry and mourne|belleek
N00003688,newry and mourne|bessbrook
N00003683,newry and mourne|bessbrook
N00003709,newry and mourne|camlough
N00003705,newry and mourne|derrymore
N00003686,newry and mourne|bessbrook
N00003685,newry and mourne|bessbrook
N00003684,newry and mourne|bessbrook
N00003753,newry and mourne|derrymore
N00003759,newry and mourne|derrymore
N00003689,newry and mourne|bessbrook
N00003687,newry and mourne|bessbrook
N00003877,newry and mourne|tullyhappy
N00003758,newry and mourne|derrymore
N00003757,newry and mourne|derrymore
N00003760,newry and mourne|derrymore
N00003677,newry and mourne|ballybot
N00003676,newry and mourne|ballybot
N00003781,newry and mourne|drumgullion
N00003780,newry and mourne|drumgullion
N00003680,newry and mourne|ballybot
N00003777,newry and mourne|drumgullion
N00003783,newry and mourne|drumgullion
N00003776,newry and mourne|drumgullion
N00003884,newry and mourne|windsor hill
N00003886,newry and mourne|windsor hill
N00003885,newry and mourne|windsor hill
N00003782,newry and mourne|drumgullion
N00003751,newry and mourne|windsor hill
N00003750,newry and mourne|windsor hill
N00003882,newry and mourne|windsor hill
N00003881,newry and mourne|windsor hill
N00003749,newry and mourne|windsor hill
N00003748,newry and mourne|donaghmore
N00003765,newry and mourne|donaghmore
N00003880,newry and mourne|tullyhappy
N00003767,newry and mourne|tullyhappy
N00003766,newry and mourne|donaghmore
N00003763,newry and mourne|donaghmore
N00003762,newry and mourne|donaghmore
N00003823,newry and mourne|drumgath
N00003761,newry and mourne|donaghmore
N00003764,newry and mourne|donaghmore
N00003824,newry and mourne|drumgath
N00003827,newry and mourne|drumgath
N00003857,newry and mourne|drumgath
N00003859,newry and mourne|spelga
N00003862,newry and mourne|spelga
N00000809,newry and mourne|rathfriland
N00000810,newry and mourne|rathfriland
N00000812,newry and mourne|rathfriland
N00000807,newry and mourne|rathfriland
N00000811,newry and mourne|rathfriland
N00000808,newry and mourne|rathfriland
N00000806,newry and mourne|rathfriland
N00000787,banbridge|annaclone
N00000783,banbridge|annaclone
N00000740,banbridge|annaclone
N00000739,banbridge|annaclone
N00000718,banbridge|ballydown
N00000770,banbridge|central
N00000769,banbridge|central
N00000730,banbridge|central
N00000767,banbridge|central
N00000729,banbridge|central
N00000734,banbridge|central
N00000771,banbridge|central
N00000768,banbridge|central
N00000737,banbridge|balloolymore
N00000736,banbridge|annaclone
N00000738,banbridge|annaclone
N00000804,banbridge|balloolymore
N00000735,banbridge|balloolymore
N00000720,banbridge|ballydown
N00000716,banbridge|ballydown
N00000719,banbridge|ballydown
N00000715,banbridge|ballydown
N00000823,banbridge|seapatrick
N00000821,banbridge|seapatrick
N00000824,banbridge|ballydown
N00000717,banbridge|ballydown
N00000820,banbridge|ballydown
N00000819,banbridge|ballydown
N00000766,banbridge|central
N00000727,banbridge|central
N00000733,banbridge|edenderry
N00000732,banbridge|edenderry
N00000731,banbridge|edenderry
N00000758,banbridge|edenderry
N00000759,banbridge|edenderry
N00000763,banbridge|edenderry
N00000761,banbridge|edenderry
N00000765,banbridge|edenderry
N00000762,banbridge|edenderry
N00000822,banbridge|central
N00000817,banbridge|seapatrick
N00000816,banbridge|seapatrick
N00000760,banbridge|edenderry
N00000814,banbridge|seapatrick
N00000818,banbridge|seapatrick
N00000815,banbridge|seapatrick
N00000813,banbridge|seapatrick
N00000805,banbridge|quilly
N00000792,banbridge|lawrencetown
N00002261,craigavon|waringstown
N00002258,craigavon|magheralin
N00002259,craigavon|waringstown
N00002257,craigavon|waringstown
N00002260,craigavon|waringstown
N00000801,banbridge|quilly
N00000803,banbridge|quilly
N00000802,banbridge|quilly
N00000756,banbridge|skeagh
N00000754,banbridge|skeagh
N00000755,banbridge|skeagh
N00000749,banbridge|skeagh
N00000757,banbridge|skeagh
N00000751,banbridge|skeagh
N00000748,banbridge|quilly
N00000752,banbridge|skeagh
N00000750,banbridge|dromore
N00000746,banbridge|dromore
N00000747,banbridge|dromore
N00000742,banbridge|dromore
N00000743,banbridge|dromore
N00000744,banbridge|dromore
N00000745,banbridge|skeagh
N00000741,banbridge|skeagh
N00000800,banbridge|quilly
N00003448,lisburn|moira
N00003449,lisburn|hillsborough
N00003393,lisburn|hillsborough
N00003463,lisburn|maze
N00003469,lisburn|maze
N00003444,lisburn|magheragall
N00003452,lisburn|moira
N00003451,lisburn|magheragall
N00003443,lisburn|magheragall
N00003447,lisburn|magheragall
N00003446,lisburn|magheragall
N00003450,lisburn|moira
N00003481,lisburn|moira
N00003482,lisburn|moira
N00003478,lisburn|moira
N00003479,lisburn|moira
N00003474,lisburn|moira
N00003477,lisburn|moira
N00003480,lisburn|moira
N00003476,lisburn|magheragall
N00002172,craigavon|aghagallon
N00002173,craigavon|aghagallon
N00002332,craigavon|magheralin
N00002333,craigavon|magheralin
N00002330,craigavon|magheralin
N00002326,craigavon|magheralin
N00002334,craigavon|magheralin
N00002335,craigavon|magheralin
N00003475,lisburn|moira
N00002262,craigavon|magheralin
N00002263,craigavon|magheralin
N00002377,craigavon|waringstown
N00002381,craigavon|waringstown
N00002378,craigavon|bleary
N00002384,craigavon|waringstown
N00002385,craigavon|waringstown
N00002383,craigavon|waringstown
N00002382,craigavon|waringstown
N00002379,craigavon|waringstown
N00002376,craigavon|bleary
N00002207,craigavon|bleary
N00002265,craigavon|brownlow
N00002264,craigavon|brownlow
N00002267,craigavon|brownlow
N00002278,craigavon|brownlow
N00002279,craigavon|brownlow
N00002268,craigavon|brownlow
N00002380,craigavon|bleary
N00002341,craigavon|mourneview
N00002336,craigavon|mourneview
N00002228,craigavon|mourneview
N00002225,craigavon|mourneview
N00002343,craigavon|taghnevan
N00002339,craigavon|mourneview
N00002337,craigavon|taghnevan
N00002342,craigavon|taghnevan
N00002355,craigavon|taghnevan
N00002353,craigavon|taghnevan
N00002269,craigavon|brownlow
N00002266,craigavon|brownlow
N00002272,craigavon|brownlow
N00002271,craigavon|brownlow
N00002277,craigavon|brownlow
N00002356,craigavon|brownlow
N00002274,craigavon|brownlow
N00002354,craigavon|brownlow
N00002270,craigavon|brownlow
N00002242,craigavon|court
N00002244,craigavon|court
N00002357,craigavon|taghnevan
N00002358,craigavon|taghnevan
N00002359,craigavon|taghnevan
N00002245,craigavon|taghnevan
N00002240,craigavon|taghnevan
N00002241,craigavon|taghnevan
N00002224,craigavon|church
N00002243,craigavon|church
N00002236,craigavon|church
N00002238,craigavon|court
N00002239,craigavon|court
N00002237,craigavon|court
N00002344,craigavon|parklake
N00002345,craigavon|parklake
N00002352,craigavon|parklake
N00002347,craigavon|parklake
N00002349,craigavon|parklake
N00002348,craigavon|parklake
N00002346,craigavon|parklake
N00002223,craigavon|knocknashane
N00002222,craigavon|church
N00002226,craigavon|church
N00002227,craigavon|mourneview
N00002320,craigavon|knocknashane
N00002318,craigavon|knocknashane
N00002221,craigavon|mourneview
N00002338,craigavon|mourneview
N00002340,craigavon|mourneview
N00002319,craigavon|mourneview
N00002323,craigavon|knocknashane
N00002322,craigavon|knocknashane
N00002324,craigavon|knocknashane
N00002317,craigavon|knocknashane
N00002321,craigavon|knocknashane
N00002350,craigavon|parklake
N00002325,craigavon|knocknashane
N00002327,craigavon|magheralin
N00002328,craigavon|magheralin
N00002329,craigavon|magheralin
N00002331,craigavon|aghagallon
N00002386,craigavon|woodville
N00002282,craigavon|belle vue
N00002283,craigavon|belle vue
N00002284,craigavon|belle vue
N00002288,craigavon|belle vue
N00002392,craigavon|belle vue
N00002287,craigavon|belle vue
N00002286,craigavon|belle vue
N00002281,craigavon|belle vue
N00002351,craigavon|belle vue
N00002285,craigavon|belle vue
N00002171,craigavon|aghagallon
N00002175,craigavon|kinnegoe
N00002176,craigavon|kinnegoe
N00002391,craigavon|woodville
N00002395,craigavon|woodville
N00002393,craigavon|woodville
N00002394,craigavon|woodville
N00002389,craigavon|woodville
N00002387,craigavon|woodville
N00002390,craigavon|woodville
N00002388,craigavon|woodville
N00002251,craigavon|woodville
N00002249,craigavon|kinnegoe
N00002250,craigavon|kinnegoe
N00002247,craigavon|kinnegoe
N00002246,craigavon|kinnegoe
N00002254,craigavon|kinnegoe
N00002253,craigavon|kinnegoe
N00002307,craigavon|kernan
N00002303,craigavon|kernan
N00002248,craigavon|kinnegoe
N00002273,craigavon|kernan
N00002275,craigavon|brownlow
N00002276,craigavon|kernan
N00002305,craigavon|kernan
N00002301,craigavon|kernan
N00002306,craigavon|kernan
N00002304,craigavon|kernan
N00002280,craigavon|brownlow
N00002300,craigavon|kernan
N00002313,craigavon|bachelors walk
N00002315,craigavon|killycomain
N00002314,craigavon|bachelors walk
N00002292,craigavon|bachelors walk
N00002291,craigavon|bachelors walk
N00002299,craigavon|kernan
N00002298,craigavon|bachelors walk
N00002197,craigavon|breagh
N00002200,craigavon|woodside
N00002230,craigavon|woodside
N00002198,craigavon|woodside
N00002201,craigavon|woodside
N00002199,craigavon|woodside
N00002231,craigavon|woodside
N00002229,craigavon|woodside
N00002235,craigavon|woodside
N00002233,craigavon|woodside
N00002232,craigavon|edgarstown
N00002188,craigavon|hartfield
N00002191,craigavon|hartfield
N00002362,craigavon|edgarstown
N00002363,craigavon|edgarstown
N00002193,craigavon|hartfield
N00002216,craigavon|brownstown
N00002361,craigavon|brownstown
N00002215,craigavon|brownstown
N00002365,craigavon|brownstown
N00002364,craigavon|tavanagh
N00002366,craigavon|tavanagh
N00002184,craigavon|tavanagh
N00002367,craigavon|tavanagh
N00002186,craigavon|tavanagh
N00002185,craigavon|annagh
N00002234,craigavon|edgarstown
N00002183,craigavon|edgarstown
N00002290,craigavon|killycomain
N00002310,craigavon|killycomain
N00002309,craigavon|killycomain
N00002289,craigavon|killycomain
N00002293,craigavon|killycomain
N00002297,craigavon|bleary
N00002296,craigavon|killycomain
N00002295,craigavon|killycomain
N00002294,craigavon|killycomain
N00002180,craigavon|annagh
N00002205,craigavon|bleary
N00002179,craigavon|breagh
N00002187,craigavon|annagh
N00002360,craigavon|tavanagh
N00002212,craigavon|brownstown
N00002218,craigavon|brownstown
N00002217,craigavon|brownstown
N00002219,craigavon|brownstown
N00002220,craigavon|breagh
N00002214,craigavon|breagh
N00002182,craigavon|breagh
N00002181,craigavon|breagh
N00002203,craigavon|bleary
N00002312,craigavon|killycomain
N00002311,craigavon|killycomain
N00002316,craigavon|killycomain
N00002308,craigavon|killycomain
N00002302,craigavon|kernan
N00002208,craigavon|bleary
N00002210,craigavon|bleary
N00002209,craigavon|bleary
N00002206,craigavon|bleary
N00002256,craigavon|waringstown
N00000789,banbridge|lawrencetown
N00002204,craigavon|bleary
N00000774,banbridge|gilford
N00000776,banbridge|gilford
N00000773,banbridge|gilford
N00000791,banbridge|lawrencetown
N00000790,banbridge|edenderry
N00000764,banbridge|edenderry
N00000793,banbridge|lawrencetown
N00000772,banbridge|gilford
N00000465,armagh|tandragee
N00000464,armagh|tandragee
N00000469,armagh|tandragee
N00000422,armagh|tandragee
N00000467,armagh|tandragee
N00000468,armagh|tandragee
N00000775,banbridge|gilford
N00000466,armagh|tandragee
N00000420,armagh|laurelvale
N00000421,armagh|laurelvale
N00000417,armagh|tandragee
N00000418,armagh|laurelvale
N00000393,armagh|laurelvale
N00000392,armagh|rich hill
N00000457,armagh|rich hill
N00000455,armagh|rich hill
N00000458,armagh|rich hill
N00000419,armagh|laurelvale
N00002213,craigavon|breagh
N00000398,armagh|laurelvale
N00002211,craigavon|breagh
N00002192,craigavon|breagh
N00002194,craigavon|hartfield
N00002190,craigavon|breagh
N00000425,armagh|loughgall
N00000396,armagh|hockley
N00000399,armagh|hockley
N00000397,armagh|hockley
N00000424,armagh|loughgall
N00000426,armagh|loughgall
N00000443,armagh|the mall
N00000395,armagh|hockley
N00000461,armagh|rich hill
N00000462,armagh|rich hill
N00000460,armagh|rich hill
N00000459,armagh|rich hill
N00000394,armagh|hockley
N00000456,armagh|rich hill
N00000446,armagh|the mall
N00000445,armagh|the mall
N00000476,armagh|demesne
N00000470,armagh|demesne
N00000475,armagh|the mall
N00000473,armagh|the mall
N00000359,armagh|lurgyvallen
N00000474,armagh|the mall
N00000387,armagh|downs
N00000356,armagh|lurgyvallen
N00000357,armagh|lurgyvallen
N00000348,armagh|lurgyvallen
N00000347,armagh|lurgyvallen
N00000448,armagh|lisanally
N00000345,armagh|lisanally
N00000349,armagh|lurgyvallen
N00000346,armagh|lisanally
N00000444,armagh|lisanally
N00000447,armagh|the mall
N00000344,armagh|lisanally
N00000353,armagh|hockley
N00000355,armagh|ballymartrim
N00000358,armagh|lurgyvallen
N00000354,armagh|ballymartrim
N00000350,armagh|ballymartrim
N00000351,armagh|ballymartrim
N00002822,dungannon|benburb
N00000367,armagh|charlemont
N00000352,armagh|ballymartrim
N00000368,armagh|charlemont
N00000371,armagh|charlemont
N00000369,armagh|charlemont
N00002893,dungannon|moy
N00002895,dungannon|moy
N00002891,dungannon|moy
N00002894,dungannon|moy
N00000366,armagh|charlemont
N00002821,dungannon|benburb
N00002820,dungannon|benburb
N00002825,dungannon|benburb
N00002824,dungannon|moy
N00002899,dungannon|moygashel
N00002900,dungannon|moygashel
N00002901,dungannon|moygashel
N00002823,dungannon|benburb
N00002897,dungannon|moygashel
N00002814,dungannon|killymaddy
N00002819,dungannon|lisnahull
N00002815,dungannon|killymaddy
N00002816,dungannon|moygashel
N00002885,dungannon|killymeal
N00002903,dungannon|lisnahull
N00002886,dungannon|killymeal
N00002862,dungannon|killymeal
N00002863,dungannon|killymeal
N00002858,dungannon|killymeal
N00002861,dungannon|killymeal
N00002898,dungannon|moygashel
N00002864,dungannon|killymeal
N00002859,dungannon|killymeal
N00002860,dungannon|killymeal
N00002884,dungannon|killyman
N00002881,dungannon|killyman
N00002896,dungannon|moy
N00002890,dungannon|moy
N00002892,dungannon|killyman
N00002879,dungannon|killyman
N00002882,dungannon|killyman
N00002374,craigavon|the birches
N00002880,dungannon|killyman
N00000428,armagh|loughgall
N00000370,armagh|charlemont
N00000423,armagh|loughgall
N00000429,armagh|loughgall
N00000427,armagh|loughgall
N00002369,craigavon|the birches
N00002370,craigavon|breagh
N00002195,craigavon|breagh
N00002189,craigavon|hartfield
N00002202,craigavon|woodside
N00002196,craigavon|breagh
N00002368,craigavon|the birches
N00002371,craigavon|the birches
N00002372,craigavon|the birches
N00002255,craigavon|kinnegoe
N00002252,craigavon|kinnegoe
N00002375,craigavon|the birches
N00002112,cookstown|killycolpy
N00002911,dungannon|washing bay
N00002373,craigavon|the birches
N00002909,dungannon|washing bay
N00002910,dungannon|washing bay
N00002907,dungannon|washing bay
N00002846,dungannon|washing bay
N00002852,dungannon|coalisland south
N00002842,dungannon|coalisland south
N00002843,dungannon|coalisland north
N00002844,dungannon|coalisland north
N00002845,dungannon|coalisland south
N00002850,dungannon|coalisland south
N00002849,dungannon|coalisland north
N00002853,dungannon|coalisland south
N00002851,dungannon|coalisland south
N00002848,dungannon|coalisland south
N00002883,dungannon|killyman
N00002887,dungannon|killyman
N00002870,dungannon|drumglass
N00002871,dungannon|drumglass
N00002888,dungannon|drumglass
N00002889,dungannon|killymeal
N00002873,dungannon|drumglass
N00002874,dungannon|drumglass
N00002872,dungannon|drumglass
N00002906,dungannon|lisnahull
N00002902,dungannon|lisnahull
N00002818,dungannon|lisnahull
N00002817,dungannon|lisnahull
N00002905,dungannon|lisnahull
N00002904,dungannon|lisnahull
N00002869,dungannon|donaghmore
N00002867,dungannon|donaghmore
N00002854,dungannon|coalisland south
N00002857,dungannon|donaghmore
N00002855,dungannon|donaghmore
N00002866,dungannon|donaghmore
N00002865,dungannon|donaghmore
N00002149,cookstown|sandholes
N00002156,cookstown|stewartstown
N00002155,cookstown|stewartstown
N00002157,cookstown|stewartstown
N00002856,dungannon|donaghmore
N00002841,dungannon|coalisland north
N00002847,dungannon|coalisland north
N00002908,dungannon|washing bay
N00002153,cookstown|stewartstown
N00002154,cookstown|stewartstown
N00002152,cookstown|sandholes
N00002148,cookstown|sandholes
N00002151,cookstown|sandholes
N00002150,cookstown|sandholes
N00002114,cookstown|sandholes
N00002118,cookstown|gortalowry
N00002116,cookstown|gortalowry
N00002117,cookstown|gortalowry
N00002130,cookstown|newbuildings
N00002119,cookstown|newbuildings
N00002115,cookstown|gortalowry
N00002164,cookstown|tullagh
N00002169,cookstown|tullagh
N00002167,cookstown|tullagh
N00002166,cookstown|tullagh
N00002165,cookstown|tullagh
N00002168,cookstown|tullagh
N00002108,cookstown|tullagh
N00002107,cookstown|tullagh
N00002106,cookstown|gortalowry
N00002103,cookstown|gortalowry
N00002104,cookstown|gortalowry
N00002105,cookstown|gortalowry
N00002131,cookstown|oaklands
N00002120,cookstown|lissan
N00002141,cookstown|oldtown
N00002139,cookstown|tullagh
N00002137,cookstown|oldtown
N00002142,cookstown|oldtown
N00002136,cookstown|oldtown
N00002138,cookstown|oldtown
N00002140,cookstown|oldtown
N00002128,cookstown|newbuildings
N00002129,cookstown|newbuildings
N00002097,cookstown|coagh
N00002095,cookstown|coagh
N00002093,cookstown|ardboe
N00002090,cookstown|ardboe
N00002094,cookstown|coagh
N00002096,cookstown|coagh
N00002113,cookstown|killycolpy
N00002111,cookstown|killycolpy
N00002110,cookstown|killycolpy
N00002109,cookstown|killycolpy
N00002091,cookstown|ardboe
N00002092,cookstown|ardboe
N00000004,antrim|aldergrove
N00002178,craigavon|aghagallon
N00002174,craigavon|aghagallon
N00002177,craigavon|aghagallon
N00003350,lisburn|glenavy
N00003355,lisburn|glenavy
N00003243,lisburn|glenavy
N00003247,lisburn|glenavy
N00003249,lisburn|glenavy
N00002170,craigavon|aghagallon
N00003246,lisburn|magheragall
N00003245,lisburn|magheragall
N00003248,lisburn|glenavy
N00003240,lisburn|magheragall
N00003445,lisburn|magheragall
N00003241,lisburn|magheragall
N00003244,lisburn|magheragall
N00003357,lisburn|magheragall
N00003356,lisburn|tullyrusk
N00003358,lisburn|glenavy
N00003354,lisburn|tullyrusk
N00000027,antrim|crumlin
N00003352,lisburn|glenavy
N00003351,lisburn|glenavy
N00003353,lisburn|glenavy
N00000038,antrim|crumlin
N00003349,lisburn|glenavy
N00000043,antrim|crumlin
N00000039,antrim|crumlin
N00000037,antrim|crumlin
N00000040,antrim|crumlin
N00000042,antrim|crumlin
N00000041,antrim|crumlin
N00000028,antrim|crumlin
N00000044,antrim|crumlin
N00000002,antrim|aldergrove
N00000006,antrim|aldergrove
N00000001,antrim|aldergrove
N00000010,antrim|aldergrove
N00000003,antrim|aldergrove
N00000026,antrim|ballyrobin
N00000024,antrim|ballyrobin
N00000030,belfast|legoniel
N00000025,antrim|ballyrobin
N00003359,lisburn|tullyrusk
N00001219,belfast|ballygomartin
N00001248,belfast|ballygomartin
N00001231,belfast|suffolk
N00001533,belfast|andersonstown
N00001534,belfast|milltown
N00001538,belfast|whiterock
N00001532,belfast|whiterock
N00001250,belfast|ballygomartin
N00001247,belfast|ballygomartin
N00001246,belfast|ballygomartin
N00001254,belfast|ballygomartin
N00001251,belfast|highfield
N00001255,belfast|highfield
N00001253,belfast|highfield
N00001259,belfast|highfield
N00001257,belfast|highfield
N00001258,belfast|highfield
N00001252,belfast|highfield
N00001262,belfast|highfield
N00001260,belfast|highfield
N00001261,belfast|highfield
N00001536,belfast|highfield
N00001535,belfast|whiterock
N00001531,belfast|whiterock
N00001539,belfast|whiterock
N00001574,belfast|whiterock
N00001537,belfast|whiterock
N00001572,belfast|whiterock
N00001575,belfast|whiterock
N00001578,belfast|whiterock
N00001577,belfast|whiterock
N00001576,belfast|whiterock
N00001540,belfast|milltown
N00001541,belfast|whiterock
N00001543,belfast|milltown
N00001542,belfast|milltown
N00001567,belfast|whiterock
N00001565,belfast|whiterock
N00001159,belfast|milltown
N00001161,belfast|st james
N00001569,belfast|st james
N00001566,belfast|st james
N00001571,belfast|whiterock
N00001573,belfast|whiterock
N00001570,belfast|whiterock
N00000937,belfast|st james
N00000938,belfast|st james
N00001114,belfast|clonard
N00001108,belfast|clonard
N00001115,belfast|clonard
N00000931,belfast|st james
N00000932,belfast|st james
N00000933,belfast|st james
N00000939,belfast|st james
N00000940,belfast|st james
N00001568,belfast|st james
N00000926,belfast|st james
N00000928,belfast|st james
N00000929,belfast|st james
N00000930,belfast|st james
N00000927,belfast|st james
N00000935,belfast|st james
N00000934,belfast|st james
N00001147,belfast|grosvenor
N00000986,belfast|donegall
N00000989,belfast|donegall
N00000990,belfast|donegall
N00000988,belfast|donegall
N00000987,belfast|donegall
N00000985,belfast|donegall
N00000983,belfast|donegall
N00001148,belfast|grosvenor
N00001116,belfast|clonard
N00001145,belfast|grosvenor
N00001146,belfast|grosvenor
N00001153,belfast|grosvenor
N00001151,belfast|falls
N00001436,belfast|north howard
N00001435,belfast|north howard
N00001113,belfast|clonard
N00001106,belfast|clonard
N00001111,belfast|clonard
N00001112,belfast|clonard
N00001107,belfast|clonard
N00000936,belfast|st james
N00001109,belfast|highfield
N00001110,belfast|clonard
N00001433,belfast|woodvale
N00001623,belfast|woodvale
N00001626,belfast|woodvale
N00001627,belfast|highfield
N00001628,belfast|highfield
N00001625,belfast|ballygomartin
N00001634,belfast|woodvale
N00001624,belfast|woodvale
N00001122,belfast|woodvale
N00001118,belfast|shankill
N00001432,belfast|north howard
N00001431,belfast|north howard
N00001434,belfast|north howard
N00001119,belfast|court
N00001123,belfast|shankill
N00001120,belfast|shankill
N00001117,belfast|shankill
N00001121,belfast|court
N00001124,belfast|shankill
N00001125,belfast|shankill
N00001129,belfast|woodvale
N00001639,belfast|woodvale
N00001127,belfast|crumlin
N00000854,belfast|crumlin
N00001555,belfast|crumlin
N00000853,belfast|crumlin
N00000847,belfast|ardoyne
N00000846,belfast|ardoyne
N00000845,belfast|ardoyne
N00000852,belfast|crumlin
N00000849,belfast|ardoyne
N00000851,belfast|ardoyne
N00000848,belfast|ardoyne
N00000841,belfast|ardoyne
N00000844,belfast|ardoyne
N00000843,belfast|ardoyne
N00000842,belfast|ardoyne
N00001230,belfast|ballygomartin
N00001635,belfast|ballygomartin
N00001225,belfast|ballygomartin
N00001637,belfast|woodvale
N00001636,belfast|woodvale
N00001638,belfast|woodvale
N00001630,belfast|woodvale
N00001640,belfast|woodvale
N00001632,belfast|woodvale
N00001633,belfast|woodvale
N00001631,belfast|woodvale
N00001629,belfast|ballygomartin
N00001224,belfast|ballygomartin
N00001226,belfast|ballygomartin
N00001217,belfast|ballygomartin
N00001218,belfast|ballygomartin
N00001256,belfast|ballygomartin
N00001249,belfast|ballygomartin
N00001223,belfast|ballygomartin
N00001228,belfast|ballygomartin
N00001229,belfast|ballygomartin
N00001319,belfast|legoniel
N00001321,belfast|legoniel
N00001324,belfast|legoniel
N00001323,belfast|legoniel
N00001322,belfast|legoniel
N00001318,belfast|legoniel
N00001320,belfast|legoniel
N00001222,belfast|ballygomartin
N00001221,belfast|ballygomartin
N00001227,belfast|ballygomartin
N00001220,belfast|ballygomartin
N00001313,belfast|legoniel
N00001312,belfast|legoniel
N00001315,belfast|legoniel
N00001316,belfast|legoniel
N00000912,belfast|ballysillan
N00001317,belfast|legoniel
N00000911,belfast|ballysillan
N00000909,belfast|ballysillan
N00000910,belfast|ballysillan
N00000908,belfast|ballysillan
N00000917,belfast|ballysillan
N00000918,belfast|ballysillan
N00001099,belfast|cliftonville
N00000919,belfast|ballysillan
N00001104,belfast|cliftonville
N00001101,belfast|ballysillan
N00001102,belfast|ballysillan
N00001103,belfast|ardoyne
N00000850,belfast|ardoyne
N00001105,belfast|cliftonville
N00001097,belfast|cliftonville
N00001094,belfast|cliftonville
N00001092,belfast|cliftonville
N00001093,belfast|cliftonville
N00001095,belfast|cliftonville
N00001091,belfast|cliftonville
N00001096,belfast|cliftonville
N00001089,belfast|cavehill
N00001098,belfast|cliftonville
N00001100,belfast|cliftonville
N00001090,belfast|cavehill
N00001086,belfast|cavehill
N00001050,belfast|cavehill
N00001048,belfast|cavehill
N00000922,belfast|cavehill
N00000915,belfast|ballysillan
N00000924,belfast|cavehill
N00000916,belfast|ballysillan
N00000914,belfast|ballysillan
N00000913,belfast|ballysillan
N00000925,belfast|ballysillan
N00000923,belfast|ballysillan
N00000920,belfast|cavehill
N00000921,belfast|ballysillan
N00001060,belfast|cavehill
N00001049,belfast|cavehill
N00001047,belfast|cavehill
N00001046,belfast|cavehill
N00001059,belfast|cavehill
N00001057,belfast|cavehill
N00001056,belfast|cavehill
N00001308,belfast|legoniel
N00001309,belfast|legoniel
N00000907,belfast|ballysillan
N00000906,belfast|ballysillan
N00001314,belfast|legoniel
N00001311,belfast|legoniel
N00001310,belfast|legoniel
N00004061,newtownabbey|mallusk
N00003974,newtownabbey|whitewell
N00003975,newtownabbey|whitewell
N00003973,newtownabbey|whitewell
N00003980,newtownabbey|whitewell
N00003976,newtownabbey|whitewell
N00003978,newtownabbey|whitewell
N00003977,newtownabbey|whitewell
N00003979,newtownabbey|whitewell
N00004011,newtownabbey|whitewell
N00000942,belfast|bellevue
N00000944,belfast|bellevue
N00000943,belfast|bellevue
N00004097,newtownabbey|whitehouse
N00004005,newtownabbey|bradan
N00004002,newtownabbey|dunanney
N00004001,newtownabbey|dunanney
N00004003,newtownabbey|bradan
N00004004,newtownabbey|bradan
N00004006,newtownabbey|bradan
N00004096,newtownabbey|bradan
N00004108,newtownabbey|hopefield
N00004105,newtownabbey|dunanney
N00003986,newtownabbey|coole
N00003989,newtownabbey|coole
N00004104,newtownabbey|whiteabbey
N00003887,newtownabbey|whiteabbey
N00004107,newtownabbey|hopefield
N00004106,newtownabbey|hopefield
N00004109,newtownabbey|hopefield
N00004101,newtownabbey|hopefield
N00004103,newtownabbey|hopefield
N00004102,newtownabbey|hopefield
N00004098,newtownabbey|hopefield
N00004099,newtownabbey|whitehouse
N00004094,newtownabbey|whitehouse
N00004092,newtownabbey|whitehouse
N00004093,newtownabbey|whitehouse
N00003888,newtownabbey|whitehouse
N00004095,newtownabbey|whitehouse
N00000947,belfast|bellevue
N00000949,belfast|bellevue
N00000948,belfast|bellevue
N00000953,belfast|bellevue
N00000955,belfast|bellevue
N00000952,belfast|bellevue
N00000954,belfast|bellevue
N00004100,newtownabbey|whitehouse
N00000956,belfast|bellevue
N00000945,belfast|bellevue
N00000941,belfast|bellevue
N00000951,belfast|bellevue
N00001039,belfast|castleview
N00001042,belfast|castleview
N00001053,belfast|bellevue
N00001058,belfast|bellevue
N00001055,belfast|cavehill
N00001054,belfast|castleview
N00001051,belfast|cavehill
N00001052,belfast|cavehill
N00001088,belfast|cavehill
N00001087,belfast|cavehill
N00001084,belfast|cavehill
N00001083,belfast|cavehill
N00001189,belfast|fortwilliam
N00001198,belfast|fortwilliam
N00001036,belfast|castleview
N00001035,belfast|castleview
N00001200,belfast|fortwilliam
N00001201,belfast|fortwilliam
N00001038,belfast|castleview
N00001037,belfast|castleview
N00001040,belfast|castleview
N00001032,belfast|castleview
N00001034,belfast|castleview
N00001033,belfast|castleview
N00001197,belfast|fortwilliam
N00001045,belfast|castleview
N00001044,belfast|castleview
N00001043,belfast|castleview
N00001041,belfast|castleview
N00000946,belfast|bellevue
N00000950,belfast|bellevue
N00001133,belfast|central
N00004219,north down|craigavad
N00004242,north down|cultra
N00004236,north down|cultra
N00004237,north down|cultra
N00004239,north down|cultra
N00004240,north down|cultra
N00004241,north down|cultra
N00004283,north down|cultra
N00004284,north down|cultra
N00004235,north down|cultra
N00004278,north down|holywood demesne
N00004277,north down|holywood demesne
N00004288,north down|loughview
N00004289,north down|loughview
N00004276,north down|holywood demesne
N00004279,north down|holywood priory
N00004285,north down|holywood priory
N00004280,north down|holywood priory
N00004281,north down|cultra
N00004238,north down|cultra
N00004282,north down|holywood priory
N00004271,north down|holywood priory
N00004275,north down|holywood demesne
N00004274,north down|holywood demesne
N00004272,north down|holywood demesne
N00004273,north down|holywood demesne
N00004293,north down|loughview
N00004292,north down|loughview
N00004270,north down|holywood demesne
N00004287,north down|loughview
N00004291,north down|loughview
N00004294,north down|loughview
N00000968,belfast|belmont
N00000970,belfast|belmont
N00000969,belfast|belmont
N00000973,belfast|belmont
N00000971,belfast|belmont
N00000972,belfast|belmont
N00000974,belfast|belmont
N00001446,belfast|belmont
N00000963,belfast|belmont
N00000967,belfast|belmont
N00000964,belfast|belmont
N00000957,belfast|belmont
N00001447,belfast|belmont
N00004290,north down|loughview
N00004286,north down|holywood priory
N00001824,castlereagh|dundonald
N00001820,castlereagh|dundonald
N00001829,castlereagh|dundonald
N00001828,castlereagh|dundonald
N00001827,castlereagh|dundonald
N00001826,castlereagh|dundonald
N00001780,castlereagh|carrowreagh
N00001781,castlereagh|dundonald
N00001782,castlereagh|dundonald
N00001783,castlereagh|dundonald
N00001860,castlereagh|enler
N00001858,castlereagh|carrowreagh
N00001859,castlereagh|carrowreagh
N00001786,castlereagh|carrowreagh
N00001784,castlereagh|carrowreagh
N00001789,castlereagh|carrowreagh
N00001778,castlereagh|carrowreagh
N00001788,castlereagh|carrowreagh
N00001787,castlereagh|carrowreagh
N00001785,castlereagh|carrowreagh
N00001832,castlereagh|carrowreagh
N00001833,castlereagh|enler
N00001861,castlereagh|enler
N00001835,castlereagh|enler
N00001834,castlereagh|enler
N00001836,castlereagh|enler
N00001863,castlereagh|ballyhanwood
N00001751,castlereagh|ballyhanwood
N00001862,castlereagh|ballyhanwood
N00001857,castlereagh|enler
N00001855,castlereagh|dundonald
N00001854,castlereagh|enler
N00001825,castlereagh|dundonald
N00001821,castlereagh|dundonald
N00001822,castlereagh|dundonald
N00001823,castlereagh|dundonald
N00001856,castlereagh|dundonald
N00001750,castlereagh|ballyhanwood
N00001757,castlereagh|ballyhanwood
N00001073,belfast|stormont
N00001921,castlereagh|tullycarnet
N00001923,castlereagh|tullycarnet
N00001925,castlereagh|tullycarnet
N00001922,castlereagh|tullycarnet
N00001072,belfast|stormont
N00001920,castlereagh|tullycarnet
N00001074,belfast|stormont
N00001075,belfast|stormont
N00001078,belfast|stormont
N00001076,belfast|stormont
N00001077,belfast|stormont
N00001445,belfast|stormont
N00001454,belfast|stormont
N00001453,belfast|stormont
N00001452,belfast|stormont
N00001450,belfast|stormont
N00001448,belfast|belmont
N00001449,belfast|belmont
N00000960,belfast|belmont
N00001459,belfast|stormont
N00001457,belfast|stormont
N00001456,belfast|stormont
N00001281,belfast|stormont
N00001282,belfast|stormont
N00001451,belfast|stormont
N00001455,belfast|stormont
N00001071,belfast|stormont
N00001069,belfast|stormont
N00001070,belfast|stormont
N00001067,belfast|stormont
N00001066,belfast|stormont
N00001852,castlereagh|gilnahirk
N00001853,castlereagh|gilnahirk
N00001068,belfast|shandon
N00001062,belfast|shandon
N00001061,belfast|shandon
N00001283,belfast|shandon
N00001284,belfast|shandon
N00001279,belfast|shandon
N00001285,belfast|shandon
N00000861,belfast|ballyhackamore
N00000857,belfast|ballyhackamore
N00000856,belfast|ballyhackamore
N00000855,belfast|ballyhackamore
N00000858,belfast|ballyhackamore
N00000859,belfast|ballyhackamore
N00000860,belfast|ballyhackamore
N00000997,belfast|ballyhackamore
N00000996,belfast|bloomfield
N00001000,belfast|bloomfield
N00001376,belfast|shandon
N00001286,belfast|shandon
N00001287,belfast|shandon
N00001288,belfast|shandon
N00001289,belfast|shandon
N00001290,belfast|shandon
N00001379,belfast|shandon
N00001375,belfast|orangefield
N00000995,belfast|bloomfield
N00001003,belfast|bloomfield
N00001005,belfast|bloomfield
N00001002,belfast|bloomfield
N00001508,belfast|orangefield
N00001513,belfast|orangefield
N00001511,belfast|willowfield
N00001607,belfast|willowfield
N00001604,belfast|willowfield
N00001605,belfast|willowfield
N00001510,belfast|willowfield
N00001512,belfast|willowfield
N00001615,belfast|willowfield
N00001507,belfast|the mount
N00001502,belfast|the mount
N00001509,belfast|orangefield
N00001501,belfast|the mount
N00001499,belfast|the mount
N00001505,belfast|the mount
N00001498,belfast|the mount
N00001504,belfast|the mount
N00001503,belfast|the mount
N00000991,belfast|bloomfield
N00001506,belfast|the mount
N00000994,belfast|bloomfield
N00001004,belfast|bloomfield
N00001001,belfast|bloomfield
N00000998,belfast|bloomfield
N00000999,belfast|bloomfield
N00000993,belfast|bloomfield
N00000992,belfast|ballyhackamore
N00001273,belfast|ballyhackamore
N00001270,belfast|sydenham
N00001264,belfast|island
N00001266,belfast|island
N00001271,belfast|island
N00000883,belfast|ballymacarrett
N00000881,belfast|ballymacarrett
N00000882,belfast|ballymacarrett
N00000885,belfast|ballymacarrett
N00000878,belfast|ballymacarrett
N00001268,belfast|island
N00000884,belfast|island
N00001267,belfast|island
N00001263,belfast|island
N00001496,belfast|sydenham
N00001495,belfast|sydenham
N00001492,belfast|sydenham
N00001487,belfast|sydenham
N00001488,belfast|sydenham
N00001486,belfast|sydenham
N00001489,belfast|sydenham
N00001491,belfast|sydenham
N00001497,belfast|sydenham
N00001490,belfast|sydenham
N00001493,belfast|sydenham
N00001494,belfast|sydenham
N00001272,belfast|sydenham
N00001269,belfast|sydenham
N00000870,belfast|ballyhackamore
N00000868,belfast|ballyhackamore
N00000869,belfast|ballyhackamore
N00000865,belfast|ballyhackamore
N00000867,belfast|ballyhackamore
N00000866,belfast|ballyhackamore
N00000871,belfast|belmont
N00000872,belfast|belmont
N00000863,belfast|belmont
N00000864,belfast|ballyhackamore
N00000862,belfast|ballyhackamore
N00001460,belfast|stormont
N00001458,belfast|stormont
N00000961,belfast|belmont
N00000959,belfast|belmont
N00000958,belfast|belmont
N00000966,belfast|belmont
N00000962,belfast|belmont
N00000965,belfast|belmont
N00001483,belfast|sydenham
N00001481,belfast|sydenham
N00001485,belfast|sydenham
N00001482,belfast|sydenham
N00001480,belfast|sydenham
N00001265,belfast|island
N00001484,belfast|sydenham
N00001131,belfast|central
N00001132,belfast|duncairn
N00001136,belfast|grove
N00001135,belfast|central
N00001193,belfast|fortwilliam
N00001199,belfast|fortwilliam
N00001191,belfast|fortwilliam
N00001134,belfast|fortwilliam
N00001141,belfast|grove
N00001562,belfast|grove
N00001563,belfast|duncairn
N00001081,belfast|grove
N00001139,belfast|grove
N00001140,belfast|grove
N00001196,belfast|fortwilliam
N00001194,belfast|fortwilliam
N00001192,belfast|fortwilliam
N00001190,belfast|fortwilliam
N00001188,belfast|fortwilliam
N00001195,belfast|fortwilliam
N00001080,belfast|grove
N00001082,belfast|grove
N00001079,belfast|fortwilliam
N00001085,belfast|cavehill
N00001561,belfast|cavehill
N00001560,belfast|grove
N00001559,belfast|cavehill
N00001552,belfast|cavehill
N00001556,belfast|cliftonville
N00001554,belfast|cliftonville
N00001557,belfast|crumlin
N00001126,belfast|crumlin
N00001546,belfast|crumlin
N00001549,belfast|crumlin
N00001548,belfast|crumlin
N00001547,belfast|cliftonville
N00001553,belfast|cliftonville
N00001564,belfast|duncairn
N00001558,belfast|duncairn
N00001545,belfast|duncairn
N00001137,belfast|duncairn
N00001142,belfast|grove
N00001143,belfast|duncairn
N00001130,belfast|duncairn
N00001138,belfast|duncairn
N00001144,belfast|duncairn
N00001359,belfast|new lodge
N00001358,belfast|new lodge
N00001355,belfast|new lodge
N00001356,belfast|new lodge
N00001357,belfast|new lodge
N00001361,belfast|new lodge
N00001360,belfast|new lodge
N00001362,belfast|new lodge
N00001350,belfast|central
N00001354,belfast|new lodge
N00001551,belfast|crumlin
N00001550,belfast|crumlin
N00001128,belfast|crumlin
N00001441,belfast|court
N00001442,belfast|court
N00001444,belfast|central
N00001437,belfast|court
N00001438,belfast|court
N00001443,belfast|court
N00001440,belfast|north howard
N00001150,belfast|falls
N00001156,belfast|falls
N00001439,belfast|central
N00001155,belfast|central
N00001352,belfast|central
N00001353,belfast|central
N00001351,belfast|central
N00000877,belfast|island
N00000875,belfast|ballymacarrett
N00000879,belfast|ballymacarrett
N00000873,belfast|ballymacarrett
N00001415,belfast|cromac
N00001419,belfast|cromac
N00001418,belfast|cromac
N00000874,belfast|ballymacarrett
N00000880,belfast|ballymacarrett
N00000876,belfast|the mount
N00001500,belfast|the mount
N00001611,belfast|the mount
N00001612,belfast|ormeau
N00001610,belfast|ormeau
N00001620,belfast|ormeau
N00001616,belfast|ormeau
N00001619,belfast|ormeau
N00001613,belfast|the mount
N00001614,belfast|ormeau
N00001621,belfast|ormeau
N00001622,belfast|ormeau
N00001617,belfast|ormeau
N00001608,belfast|ormeau
N00001618,belfast|ormeau
N00001423,belfast|cromac
N00001420,belfast|cromac
N00001028,belfast|university
N00001422,belfast|cromac
N00001425,belfast|cromac
N00001024,belfast|university
N00001023,belfast|university
N00001421,belfast|st george s
N00001424,belfast|cromac
N00001416,belfast|central
N00001417,belfast|st george s
N00001152,belfast|falls
N00001154,belfast|grosvenor
N00001149,belfast|grosvenor
N00001428,belfast|st george s
N00001427,belfast|st george s
N00001430,belfast|st george s
N00001426,belfast|st george s
N00001429,belfast|windsor
N00001601,belfast|windsor
N00001599,belfast|windsor
N00001006,belfast|windsor
N00001007,belfast|windsor
N00001603,belfast|windsor
N00001585,belfast|windsor
N00001586,belfast|windsor
N00001590,belfast|windsor
N00001580,belfast|windsor
N00001466,belfast|stranmillis
N00001591,belfast|windsor
N00001009,belfast|windsor
N00001008,belfast|stranmillis
N00001014,belfast|stranmillis
N00001471,belfast|stranmillis
N00001015,belfast|university
N00001468,belfast|stranmillis
N00001470,belfast|stranmillis
N00000900,belfast|ballynafeigh
N00001012,belfast|university
N00001011,belfast|university
N00001017,belfast|university
N00001019,belfast|university
N00001018,belfast|university
N00001022,belfast|university
N00001025,belfast|university
N00001026,belfast|university
N00001021,belfast|university
N00001016,belfast|university
N00001030,belfast|university
N00001029,belfast|university
N00001031,belfast|university
N00001020,belfast|university
N00001010,belfast|university
N00001013,belfast|university
N00001027,belfast|university
N00001381,belfast|ormeau
N00001396,belfast|ormeau
N00001392,belfast|ormeau
N00001393,belfast|ormeau
N00001394,belfast|ormeau
N00001382,belfast|ormeau
N00001383,belfast|ormeau
N00001385,belfast|ormeau
N00000890,belfast|ballynafeigh
N00000891,belfast|ballynafeigh
N00000897,belfast|ballynafeigh
N00001380,belfast|ormeau
N00000901,belfast|ballynafeigh
N00000899,belfast|ballynafeigh
N00000903,belfast|ballynafeigh
N00000902,belfast|ballynafeigh
N00000904,belfast|ballynafeigh
N00000905,belfast|ballynafeigh
N00000896,belfast|ballynafeigh
N00000895,belfast|ballynafeigh
N00000898,belfast|ballynafeigh
N00000894,belfast|rosetta
N00000892,belfast|rosetta
N00001402,belfast|rosetta
N00001403,belfast|rosetta
N00001407,belfast|rosetta
N00000888,belfast|rosetta
N00000887,belfast|rosetta
N00000886,belfast|ballynafeigh
N00000889,belfast|ballynafeigh
N00001405,belfast|rosetta
N00001406,belfast|rosetta
N00001408,belfast|rosetta
N00001412,belfast|rosetta
N00001413,belfast|rosetta
N00001940,castlereagh|wynchurch
N00001414,belfast|rosetta
N00001410,belfast|rosetta
N00001409,belfast|rosetta
N00001404,belfast|rosetta
N00001399,belfast|rosetta
N00001478,belfast|stranmillis
N00001479,belfast|stranmillis
N00001476,belfast|stranmillis
N00001477,belfast|stranmillis
N00001475,belfast|stranmillis
N00001401,belfast|rosetta
N00001473,belfast|stranmillis
N00000893,belfast|rosetta
N00001469,belfast|stranmillis
N00001467,belfast|stranmillis
N00001472,belfast|stranmillis
N00001474,belfast|stranmillis
N00001463,belfast|stranmillis
N00001462,belfast|stranmillis
N00001461,belfast|stranmillis
N00001464,belfast|stranmillis
N00001465,belfast|stranmillis
N00001517,belfast|stranmillis
N00001899,castlereagh|minnowburn
N00001896,castlereagh|minnowburn
N00001895,castlereagh|minnowburn
N00001893,castlereagh|minnowburn
N00001897,castlereagh|minnowburn
N00001765,castlereagh|minnowburn
N00001898,castlereagh|minnowburn
N00001764,castlereagh|newtownbreda
N00001762,castlereagh|newtownbreda
N00001766,castlereagh|newtownbreda
N00001763,castlereagh|beechill
N00001915,castlereagh|beechill
N00001877,castlereagh|beechill
N00001876,castlereagh|beechill
N00001914,castlereagh|beechill
N00001913,castlereagh|beechill
N00001911,castlereagh|newtownbreda
N00001918,castlereagh|four winds
N00001917,castlereagh|newtownbreda
N00001842,castlereagh|newtownbreda
N00001916,castlereagh|newtownbreda
N00001912,castlereagh|newtownbreda
N00001400,belfast|rosetta
N00001411,belfast|rosetta
N00001865,castlereagh|hillfoot
N00001839,castlereagh|newtownbreda
N00001870,castlereagh|hillfoot
N00001864,castlereagh|hillfoot
N00001840,castlereagh|four winds
N00001843,castlereagh|four winds
N00001841,castlereagh|four winds
N00001844,castlereagh|four winds
N00001845,castlereagh|four winds
N00001846,castlereagh|four winds
N00001777,castlereagh|four winds
N00001772,castlereagh|four winds
N00001773,castlereagh|four winds
N00001775,castlereagh|four winds
N00001879,castlereagh|beechill
N00001878,castlereagh|beechill
N00001875,castlereagh|beechill
N00001874,castlereagh|beechill
N00001776,castlereagh|four winds
N00001769,castlereagh|four winds
N00001770,castlereagh|carryduff
N00001771,castlereagh|carryduff
N00001768,castlereagh|four winds
N00001767,castlereagh|four winds
N00001774,castlereagh|four winds
N00001905,castlereagh|moneyreagh
N00001891,castlereagh|hillfoot
N00001932,castlereagh|upper braniel
N00001933,castlereagh|upper braniel
N00001890,castlereagh|lower braniel
N00001868,castlereagh|hillfoot
N00001866,castlereagh|hillfoot
N00001883,castlereagh|lisnasharragh
N00001867,castlereagh|hillfoot
N00001869,castlereagh|hillfoot
N00001819,castlereagh|downshire
N00001937,castlereagh|wynchurch
N00001936,castlereagh|wynchurch
N00001941,castlereagh|wynchurch
N00001939,castlereagh|wynchurch
N00001938,castlereagh|wynchurch
N00001935,castlereagh|wynchurch
N00001808,castlereagh|cregagh
N00001806,castlereagh|cregagh
N00001809,castlereagh|cregagh
N00001807,castlereagh|cregagh
N00001813,castlereagh|cregagh
N00001812,castlereagh|cregagh
N00001815,castlereagh|lisnasharragh
N00001816,castlereagh|downshire
N00001818,castlereagh|downshire
N00001817,castlereagh|downshire
N00001882,castlereagh|lisnasharragh
N00001880,castlereagh|lisnasharragh
N00001884,castlereagh|lisnasharragh
N00001814,castlereagh|downshire
N00001811,castlereagh|cregagh
N00001810,castlereagh|cregagh
N00001384,belfast|willowfield
N00001391,belfast|willowfield
N00001390,belfast|willowfield
N00001388,belfast|willowfield
N00001364,belfast|orangefield
N00001366,belfast|orangefield
N00001389,belfast|willowfield
N00001395,belfast|willowfield
N00001387,belfast|willowfield
N00001386,belfast|willowfield
N00001398,belfast|willowfield
N00001397,belfast|willowfield
N00001609,belfast|willowfield
N00001606,belfast|willowfield
N00001367,belfast|orangefield
N00001363,belfast|orangefield
N00001365,belfast|orangefield
N00001370,belfast|orangefield
N00001369,belfast|orangefield
N00001372,belfast|orangefield
N00001368,belfast|orangefield
N00001373,belfast|orangefield
N00001378,belfast|orangefield
N00001377,belfast|orangefield
N00001374,belfast|orangefield
N00001371,belfast|orangefield
N00001881,castlereagh|lisnasharragh
N00001892,castlereagh|lower braniel
N00001888,castlereagh|lower braniel
N00001887,castlereagh|lower braniel
N00001885,castlereagh|lower braniel
N00001276,belfast|shandon
N00001274,belfast|shandon
N00001280,belfast|shandon
N00001275,belfast|shandon
N00001277,belfast|shandon
N00001278,belfast|shandon
N00001063,belfast|shandon
N00001064,belfast|shandon
N00001848,castlereagh|gilnahirk
N00001851,castlereagh|gilnahirk
N00001927,castlereagh|upper braniel
N00001934,castlereagh|upper braniel
N00001931,castlereagh|upper braniel
N00001930,castlereagh|upper braniel
N00001928,castlereagh|upper braniel
N00001065,belfast|shandon
N00001886,castlereagh|lower braniel
N00001889,castlereagh|lower braniel
N00001929,castlereagh|upper braniel
N00001759,castlereagh|upper braniel
N00001919,castlereagh|tullycarnet
N00001850,castlereagh|gilnahirk
N00001849,castlereagh|gilnahirk
N00001847,castlereagh|gilnahirk
N00001926,castlereagh|tullycarnet
N00001924,castlereagh|ballyhanwood
N00001754,castlereagh|ballyhanwood
N00001752,castlereagh|ballyhanwood
N00001758,castlereagh|ballyhanwood
N00001753,castlereagh|ballyhanwood
N00001837,castlereagh|enler
N00001838,castlereagh|enler
N00001831,castlereagh|ballyhanwood
N00001830,castlereagh|enler
N00001756,castlereagh|ballyhanwood
N00001755,castlereagh|ballyhanwood
N00000203,ards|comber south
N00000205,ards|comber south
N00001906,castlereagh|moneyreagh
N00001901,castlereagh|moneyreagh
N00001908,castlereagh|moneyreagh
N00001910,castlereagh|moneyreagh
N00001909,castlereagh|moneyreagh
N00001907,castlereagh|moneyreagh
N00000269,ards|ballygowan
N00000135,ards|ballygowan
N00001902,castlereagh|moneyreagh
N00001904,castlereagh|moneyreagh
N00001794,castlereagh|carryduff
N00001802,castlereagh|carryduff
N00001801,castlereagh|carryduff
N00001804,castlereagh|carryduff
N00001805,castlereagh|carryduff
N00001796,castlereagh|carryduff
N00001797,castlereagh|carryduff
N00001803,castlereagh|carryduff
N00001800,castlereagh|carryduff
N00001791,castlereagh|carryduff
N00001793,castlereagh|carryduff
N00001792,castlereagh|carryduff
N00001903,castlereagh|moneyreagh
N00001873,castlereagh|carryduff
N00001871,castlereagh|beechill
N00001872,castlereagh|beechill
N00001790,castlereagh|carryduff
N00001761,castlereagh|beechill
N00001760,castlereagh|beechill
N00001894,castlereagh|minnowburn
N00003333,lisburn|drumbo
N00001799,castlereagh|carryduff
N00003332,lisburn|drumbo
N00003334,lisburn|drumbo
N00003335,lisburn|drumbo
N00003327,lisburn|drumbo
N00003385,lisburn|hillhall
N00003383,lisburn|hillhall
N00003378,lisburn|hillhall
N00003379,lisburn|hillhall
N00003380,lisburn|hillhall
N00003381,lisburn|hillhall
N00003370,lisburn|hilden
N00003374,lisburn|hilden
N00003373,lisburn|hilden
N00003368,lisburn|hilden
N00003386,lisburn|hillhall
N00003427,lisburn|hillhall
N00003428,lisburn|lambeg
N00003377,lisburn|hilden
N00003376,lisburn|hilden
N00003375,lisburn|hilden
N00003432,lisburn|hillhall
N00003426,lisburn|hillhall
N00003361,lisburn|lambeg
N00003367,lisburn|lambeg
N00003433,lisburn|seymour hill
N00003314,lisburn|derryaghy
N00003315,lisburn|derryaghy
N00003313,lisburn|derryaghy
N00003498,lisburn|seymour hill
N00003502,lisburn|seymour hill
N00003497,lisburn|seymour hill
N00003505,lisburn|seymour hill
N00003499,lisburn|seymour hill
N00003430,lisburn|seymour hill
N00003431,lisburn|seymour hill
N00003429,lisburn|hillhall
N00003504,lisburn|dunmurry
N00001174,belfast|upper malone
N00001515,belfast|upper malone
N00003330,lisburn|drumbo
N00003331,lisburn|drumbo
N00003329,lisburn|drumbo
N00003328,lisburn|drumbo
N00001518,belfast|stranmillis
N00001514,belfast|upper malone
N00001527,belfast|upper malone
N00001187,belfast|upper malone
N00001175,belfast|upper malone
N00001186,belfast|upper malone
N00001177,belfast|upper malone
N00001176,belfast|finaghy
N00001184,belfast|finaghy
N00001173,belfast|upper malone
N00001185,belfast|upper malone
N00001183,belfast|upper malone
N00001525,belfast|upper malone
N00001526,belfast|upper malone
N00001529,belfast|upper malone
N00001530,belfast|upper malone
N00001516,belfast|upper malone
N00001528,belfast|upper malone
N00001521,belfast|upper malone
N00001522,belfast|upper malone
N00001519,belfast|upper malone
N00001338,belfast|finaghy
N00001339,belfast|upper malone
N00001340,belfast|finaghy
N00001180,belfast|finaghy
N00001181,belfast|finaghy
N00001178,belfast|finaghy
N00001348,belfast|finaghy
N00001342,belfast|finaghy
N00001343,belfast|finaghy
N00001341,belfast|finaghy
N00001346,belfast|finaghy
N00001325,belfast|malone
N00001523,belfast|upper malone
N00001524,belfast|upper malone
N00001520,belfast|upper malone
N00001326,belfast|malone
N00001327,belfast|malone
N00001330,belfast|malone
N00001329,belfast|malone
N00001331,belfast|malone
N00001337,belfast|malone
N00001328,belfast|malone
N00001335,belfast|malone
N00001584,belfast|malone
N00001332,belfast|malone
N00001336,belfast|malone
N00001333,belfast|malone
N00001334,belfast|malone
N00001581,belfast|malone
N00001582,belfast|windsor
N00001589,belfast|windsor
N00001579,belfast|malone
N00001583,belfast|malone
N00001588,belfast|windsor
N00001592,belfast|windsor
N00001595,belfast|windsor
N00001597,belfast|windsor
N00001587,belfast|windsor
N00001596,belfast|windsor
N00001594,belfast|windsor
N00001593,belfast|windsor
N00001602,belfast|windsor
N00001600,belfast|windsor
N00001598,belfast|windsor
N00000984,belfast|donegall
N00000979,belfast|donegall
N00000976,belfast|donegall
N00000978,belfast|donegall
N00000977,belfast|donegall
N00000980,belfast|donegall
N00000982,belfast|donegall
N00000975,belfast|donegall
N00001160,belfast|st james
N00000981,belfast|donegall
N00001157,belfast|milltown
N00001162,belfast|milltown
N00001164,belfast|milltown
N00001170,belfast|milltown
N00001544,belfast|milltown
N00001169,belfast|milltown
N00001171,belfast|milltown
N00001172,belfast|milltown
N00001205,belfast|andersonstown
N00001167,belfast|andersonstown
N00001165,belfast|milltown
N00001166,belfast|milltown
N00000836,belfast|andersonstown
N00000838,belfast|andersonstown
N00000832,belfast|andersonstown
N00000840,belfast|andersonstown
N00000839,belfast|andersonstown
N00001163,belfast|andersonstown
N00001158,belfast|andersonstown
N00001349,belfast|finaghy
N00001347,belfast|finaghy
N00000831,belfast|ladybrook
N00000828,belfast|ladybrook
N00001345,belfast|finaghy
N00001294,belfast|ladybrook
N00000829,belfast|ladybrook
N00000835,belfast|ladybrook
N00000825,belfast|ladybrook
N00001301,belfast|ladybrook
N00001300,belfast|ladybrook
N00001306,belfast|ladybrook
N00001305,belfast|ladybrook
N00001303,belfast|ladybrook
N00001304,belfast|ladybrook
N00000827,belfast|ladybrook
N00000826,belfast|ladybrook
N00001238,belfast|suffolk
N00001239,belfast|suffolk
N00001216,belfast|suffolk
N00001245,belfast|suffolk
N00001244,belfast|suffolk
N00001214,belfast|suffolk
N00001215,belfast|suffolk
N00001212,belfast|suffolk
N00001209,belfast|suffolk
N00001211,belfast|andersonstown
N00001210,belfast|suffolk
N00000830,belfast|ladybrook
N00000833,belfast|andersonstown
N00000834,belfast|ladybrook
N00001206,belfast|andersonstown
N00000837,belfast|andersonstown
N00001208,belfast|andersonstown
N00001207,belfast|andersonstown
N00001204,belfast|andersonstown
N00001203,belfast|andersonstown
N00001168,belfast|andersonstown
N00001202,belfast|andersonstown
N00001213,belfast|suffolk
N00001242,belfast|suffolk
N00001234,belfast|suffolk
N00001232,belfast|suffolk
N00001233,belfast|suffolk
N00001235,belfast|suffolk
N00001236,belfast|suffolk
N00001237,belfast|suffolk
N00001243,belfast|suffolk
N00001241,belfast|suffolk
N00001240,belfast|suffolk
N00001302,belfast|ladybrook
N00001307,belfast|ladybrook
N00003495,lisburn|collin
N00003494,lisburn|collin
N00003491,lisburn|collin
N00003493,lisburn|collin
N00003490,lisburn|collin
N00003492,lisburn|collin
N00003294,lisburn|collin
N00003303,lisburn|collin
N00003304,lisburn|collin
N00003305,lisburn|collin
N00003302,lisburn|collin
N00003401,lisburn|collin
N00003402,lisburn|collin
N00003400,lisburn|collin
N00003399,lisburn|collin
N00003398,lisburn|collin
N00003301,lisburn|collin
N00003496,lisburn|collin
N00003397,lisburn|collin
N00001296,belfast|ladybrook
N00001298,belfast|ladybrook
N00001299,belfast|ladybrook
N00003345,lisburn|dunmurry
N00001297,belfast|ladybrook
N00001295,belfast|ladybrook
N00001293,belfast|ladybrook
N00001344,belfast|finaghy
N00001291,belfast|ladybrook
N00001292,belfast|ladybrook
N00001179,belfast|finaghy
N00003348,lisburn|dunmurry
N00003347,lisburn|dunmurry
N00003346,lisburn|dunmurry
N00003341,lisburn|dunmurry
N00003338,lisburn|dunmurry
N00003342,lisburn|dunmurry
N00003337,lisburn|dunmurry
N00001182,belfast|finaghy
N00003344,lisburn|dunmurry
N00003503,lisburn|dunmurry
N00003500,lisburn|dunmurry
N00003501,lisburn|dunmurry
N00003339,lisburn|dunmurry
N00003340,lisburn|dunmurry
N00003516,lisburn|collin
N00003514,lisburn|collin
N00003343,lisburn|collin
N00003405,lisburn|collin
N00003403,lisburn|collin
N00003515,lisburn|collin
N00003519,lisburn|collin
N00003518,lisburn|collin
N00003404,lisburn|collin
N00003300,lisburn|collin
N00003298,lisburn|collin
N00003312,lisburn|collin
N00003517,lisburn|collin
N00003520,lisburn|collin
N00003306,lisburn|collin
N00003311,lisburn|collin
N00003297,lisburn|collin
N00003308,lisburn|collin
N00003299,lisburn|collin
N00003296,lisburn|collin
N00003295,lisburn|collin
N00003293,lisburn|tullyrusk
N00003281,lisburn|tullyrusk
N00003276,lisburn|tullyrusk
N00003280,lisburn|tullyrusk
N00003307,lisburn|collin
N00003309,lisburn|derryaghy
N00003316,lisburn|derryaghy
N00003460,lisburn|magheralave
N00003310,lisburn|derryaghy
N00003459,lisburn|lambeg
N00003458,lisburn|lambeg
N00003454,lisburn|lambeg
N00003461,lisburn|magheralave
N00003455,lisburn|magheralave
N00003360,lisburn|lambeg
N00003457,lisburn|magheralave
N00003453,lisburn|magheralave
N00003456,lisburn|magheralave
N00003462,lisburn|magheralave
N00003261,lisburn|lisnagarvy
N00003257,lisburn|lisnagarvy
N00003258,lisburn|lisnagarvy
N00003260,lisburn|lisnagarvy
N00003277,lisburn|tullyrusk
N00003253,lisburn|lisnagarvy
N00003250,lisburn|lisnagarvy
N00003252,lisburn|lisnagarvy
N00003279,lisburn|tullyrusk
N00003275,lisburn|tullyrusk
N00003274,lisburn|tullyrusk
N00003412,lisburn|tullyrusk
N00003413,lisburn|tullyrusk
N00003256,lisburn|tullyrusk
N00003438,lisburn|lisnagarvy
N00003437,lisburn|lisnagarvy
N00003436,lisburn|lisnagarvy
N00003441,lisburn|lisnagarvy
N00003439,lisburn|lisnagarvy
N00003440,lisburn|lisnagarvy
N00003251,lisburn|lisnagarvy
N00003255,lisburn|lisnagarvy
N00003254,lisburn|lisnagarvy
N00003259,lisburn|lisnagarvy
N00003524,lisburn|magheralave
N00003363,lisburn|magheralave
N00003362,lisburn|magheralave
N00003364,lisburn|magheralave
N00003525,lisburn|magheralave
N00003365,lisburn|lambeg
N00003366,lisburn|lambeg
N00003526,lisburn|magheralave
N00003523,lisburn|magheralave
N00003521,lisburn|lisnagarvy
N00003522,lisburn|lisnagarvy
N00003434,lisburn|lisnagarvy
N00003369,lisburn|tonagh
N00003371,lisburn|lagan valley
N00003382,lisburn|hillhall
N00003284,lisburn|blaris
N00003285,lisburn|blaris
N00003372,lisburn|lagan valley
N00003506,lisburn|tonagh
N00003423,lisburn|lagan valley
N00003512,lisburn|old warren
N00003513,lisburn|old warren
N00003511,lisburn|old warren
N00003508,lisburn|tonagh
N00003507,lisburn|tonagh
N00003510,lisburn|tonagh
N00003442,lisburn|lisnagarvy
N00003414,lisburn|lisnagarvy
N00003435,lisburn|lisnagarvy
N00003406,lisburn|lisnagarvy
N00003415,lisburn|tullyrusk
N00003410,lisburn|knockmore
N00003484,lisburn|knockmore
N00003509,lisburn|tonagh
N00003485,lisburn|knockmore
N00003487,lisburn|knockmore
N00003483,lisburn|knockmore
N00003486,lisburn|knockmore
N00003409,lisburn|knockmore
N00003407,lisburn|knockmore
N00003408,lisburn|knockmore
N00003411,lisburn|tullyrusk
N00003416,lisburn|tullyrusk
N00003273,lisburn|tullyrusk
N00003272,lisburn|tullyrusk
N00003271,lisburn|tullyrusk
N00003278,lisburn|tullyrusk
N00003282,lisburn|tullyrusk
N00003242,lisburn|magheragall
N00003471,lisburn|maze
N00003470,lisburn|maze
N00003466,lisburn|maze
N00003468,lisburn|maze
N00003467,lisburn|maze
N00003464,lisburn|maze
N00003465,lisburn|maze
N00003472,lisburn|maze
N00003387,lisburn|maze
N00003473,lisburn|maze
N00003292,lisburn|blaris
N00003290,lisburn|blaris
N00003417,lisburn|lagan valley
N00003418,lisburn|old warren
N00003421,lisburn|old warren
N00003420,lisburn|old warren
N00003488,lisburn|knockmore
N00003489,lisburn|old warren
N00003425,lisburn|lagan valley
N00003424,lisburn|lagan valley
N00003422,lisburn|lagan valley
N00003419,lisburn|lagan valley
N00003289,lisburn|blaris
N00003288,lisburn|blaris
N00003286,lisburn|blaris
N00003283,lisburn|blaris
N00003287,lisburn|blaris
N00003384,lisburn|hillhall
N00003291,lisburn|blaris
N00003336,lisburn|drumbo
N00003266,lisburn|ballymacbrennan
N00003267,lisburn|ballymacbrennan
N00003262,lisburn|ballymacbrennan
N00003264,lisburn|ballymacbrennan
N00003263,lisburn|ballymacbrennan
N00003265,lisburn|dromara
N00003320,lisburn|dromara
N00003319,lisburn|dromara
N00003318,lisburn|dromara
N00003390,lisburn|hillsborough
N00003389,lisburn|hillsborough
N00003391,lisburn|hillsborough
N00003394,lisburn|hillsborough
N00003396,lisburn|hillsborough
N00003395,lisburn|hillsborough
N00003388,lisburn|hillsborough
N00003392,lisburn|hillsborough
N00003322,lisburn|dromara
N00000780,banbridge|skeagh
N00000753,banbridge|skeagh
N00000781,banbridge|croob
N00000777,banbridge|croob
N00000782,banbridge|croob
N00000778,banbridge|croob
N00000779,banbridge|croob
N00003326,lisburn|dromara
N00003324,lisburn|dromara
N00000724,banbridge|croob
N00003323,lisburn|dromara
N00003325,lisburn|dromara
N00003321,lisburn|dromara
N00003317,lisburn|dromara
N00002649,down|ballymaglave
N00002651,down|ballymaglave
N00002660,down|market
N00002650,down|ballymaglave
N00002646,down|ballymaglave
N00002652,down|ballymaglave
N00002648,down|ballymaglave
N00002666,down|market
N00002665,down|market
N00002663,down|market
N00002664,down|market
N00002662,down|market
N00002661,down|market
N00002719,down|ballymaglave
N00002647,down|ballymaglave
N00002718,down|ballymaglave
N00002714,down|dunmore
N00002716,down|dunmore
N00002715,down|ballymaglave
N00002703,down|kilmore
N00002700,down|kilmore
N00002702,down|kilmore
N00002699,down|dunmore
N00002701,down|seaforde
N00002705,down|seaforde
N00002704,down|kilmore
N00002741,down|kilmore
N00002706,down|kilmore
N00002739,down|kilmore
N00002740,down|kilmore
N00002738,down|saintfield
N00002684,down|derryboy
N00002734,down|saintfield
N00002759,down|saintfield
N00002761,down|saintfield
N00002757,down|saintfield
N00002758,down|saintfield
N00002760,down|saintfield
N00002756,down|saintfield
N00002762,down|saintfield
N00002736,down|market
N00002737,down|saintfield
N00002735,down|saintfield
N00003270,lisburn|ballymacbrennan
N00003269,lisburn|ballymacbrennan
N00003268,lisburn|ballymacbrennan
N00001798,castlereagh|carryduff
N00001795,castlereagh|carryduff
N00001900,castlereagh|moneyreagh
N00002763,down|saintfield
N00000132,ards|ballygowan
N00000133,ards|ballygowan
N00000138,ards|ballygowan
N00000131,ards|ballygowan
N00000134,ards|ballygowan
N00000137,ards|ballygowan
N00000136,ards|ballygowan
N00000130,ards|ballygowan
N00000253,ards|ballygowan
N00000254,ards|killinchy
N00000252,ards|killinchy
N00000256,ards|killinchy
N00000257,ards|killinchy
N00000258,ards|killinchy
N00002686,down|derryboy
N00002687,down|derryboy
N00002685,down|derryboy
N00000255,ards|killinchy
N00002683,down|derryboy
N00002682,down|derryboy
N00002688,down|derryboy
N00002675,down|crossgar
N00002676,down|crossgar
N00002679,down|crossgar
N00002678,down|crossgar
N00002680,down|crossgar
N00002681,down|crossgar
N00002755,down|quoile
N00002754,down|quoile
N00002677,down|crossgar
N00002782,down|strangford
N00002730,down|killyleagh
N00002728,down|killyleagh
N00002727,down|killyleagh
N00002731,down|killyleagh
N00002733,down|killyleagh
N00002732,down|killyleagh
N00002729,down|killyleagh
N00002689,down|derryboy
N00000259,ards|portaferry
N00000313,ards|portaferry
N00000311,ards|portaferry
N00002781,down|strangford
N00002780,down|strangford
N00000317,ards|portaferry
N00000315,ards|portaferry
N00000314,ards|portaferry
N00000316,ards|portaferry
N00000310,ards|portaferry
N00000312,ards|portaferry
N00000261,ards|kircubbin
N00000325,ards|kircubbin
N00000319,ards|ballyhalbert
N00000321,ards|ballyhalbert
N00000320,ards|ballyhalbert
N00000324,ards|kircubbin
N00000260,ards|kircubbin
N00000262,ards|kircubbin
N00000266,ards|kircubbin
N00000265,ards|kircubbin
N00000263,ards|kircubbin
N00000264,ards|kircubbin
N00000323,ards|ballyhalbert
N00000318,ards|ballyhalbert
N00000322,ards|ballyhalbert
N00000326,ards|ballyhalbert
N00000158,ards|ballyhalbert
N00000148,ards|greyabbey
N00000149,ards|greyabbey
N00000152,ards|greyabbey
N00000151,ards|greyabbey
N00000173,ards|greyabbey
N00000150,ards|greyabbey
N00000174,ards|carrowdore
N00000175,ards|carrowdore
N00000170,ards|carrowdore
N00000171,ards|greyabbey
N00000153,ards|greyabbey
N00000154,ards|greyabbey
N00000156,ards|greyabbey
N00000155,ards|greyabbey
N00000157,ards|kircubbin
N00000272,ards|killinchy
N00000274,ards|killinchy
N00000271,ards|ballygowan
N00000270,ards|ballygowan
N00000268,ards|ballygowan
N00000267,ards|comber south
N00000209,ards|comber south
N00000273,ards|comber south
N00000330,ards|central
N00000197,ards|comber north
N00000190,ards|comber north
N00000191,ards|comber north
N00000189,ards|comber north
N00000187,ards|comber north
N00000188,ards|comber north
N00000186,ards|comber south
N00000182,ards|comber north
N00000194,ards|comber north
N00000192,ards|comber north
N00000196,ards|comber north
N00000193,ards|comber north
N00000195,ards|comber north
N00000204,ards|comber south
N00000206,ards|comber south
N00000183,ards|comber south
N00000184,ards|comber south
N00000185,ards|comber south
N00000207,ards|comber south
N00000208,ards|comber south
N00000202,ards|comber south
N00000201,ards|comber south
N00000199,ards|comber north
N00000200,ards|comber north
N00000198,ards|comber north
N00001779,castlereagh|enler
N00000146,ards|scrabo
N00000139,ards|scrabo
N00000140,ards|scrabo
N00000329,ards|central
N00000328,ards|central
N00000333,ards|central
N00000327,ards|central
N00000334,ards|central
N00000332,ards|central
N00000331,ards|central
N00000145,ards|ulsterville
N00000144,ards|central
N00000143,ards|central
N00000177,ards|central
N00000241,ards|loughries
N00000242,ards|loughries
N00000169,ards|loughries
N00000281,ards|carrowdore
N00000282,ards|movilla
N00004211,north down|conlig
N00004210,north down|conlig
N00000340,ards|movilla
N00000341,ards|movilla
N00000343,ards|movilla
N00000338,ards|movilla
N00000339,ards|movilla
N00000299,ards|movilla
N00000336,ards|movilla
N00000296,ards|movilla
N00000298,ards|movilla
N00000307,ards|movilla
N00000306,ards|movilla
N00000305,ards|movilla
N00000302,ards|movilla
N00000303,ards|movilla
N00000342,ards|movilla
N00000301,ards|movilla
N00000278,ards|movilla
N00000276,ards|movilla
N00000304,ards|movilla
N00000277,ards|movilla
N00000275,ards|movilla
N00000279,ards|loughries
N00000285,ards|loughries
N00000284,ards|loughries
N00000283,ards|loughries
N00000280,ards|loughries
N00000240,ards|loughries
N00000247,ards|loughries
N00000250,ards|loughries
N00000239,ards|loughries
N00000251,ards|loughries
N00000309,ards|movilla
N00000308,ards|movilla
N00000297,ards|movilla
N00000249,ards|loughries
N00000248,ards|loughries
N00000300,ards|loughries
N00000335,ards|movilla
N00000180,ards|loughries
N00000246,ards|loughries
N00000244,ards|loughries
N00000243,ards|loughries
N00000245,ards|loughries
N00000147,ards|ulsterville
N00000142,ards|ulsterville
N00000141,ards|ulsterville
N00000159,ards|scrabo
N00000176,ards|central
N00000163,ards|scrabo
N00000234,ards|glen
N00000179,ards|central
N00000181,ards|central
N00000178,ards|movilla
N00000233,ards|glen
N00000232,ards|glen
N00000231,ards|glen
N00000230,ards|glen
N00000337,ards|movilla
N00000236,ards|glen
N00000235,ards|glen
N00000166,ards|glen
N00000162,ards|glen
N00000168,ards|scrabo
N00000167,ards|scrabo
N00000160,ards|scrabo
N00000161,ards|scrabo
N00000165,ards|scrabo
N00000164,ards|scrabo
N00000238,ards|glen
N00000237,ards|glen
N00004196,north down|clandeboye
N00004206,north down|clandeboye
N00004195,north down|clandeboye
N00004223,north down|craigavad
N00004230,north down|crawfordsburn
N00004221,north down|craigavad
N00004222,north down|craigavad
N00004225,north down|craigavad
N00004226,north down|craigavad
N00004220,north down|craigavad
N00004229,north down|crawfordsburn
N00004232,north down|crawfordsburn
N00004227,north down|crawfordsburn
N00004228,north down|crawfordsburn
N00004321,north down|spring hill
N00004322,north down|spring hill
N00004327,north down|spring hill
N00004328,north down|spring hill
N00004323,north down|spring hill
N00004247,north down|spring hill
N00004245,north down|spring hill
N00004243,north down|clandeboye
N00004249,north down|spring hill
N00004246,north down|spring hill
N00004248,north down|clandeboye
N00004244,north down|clandeboye
N00004198,north down|clandeboye
N00004251,north down|clandeboye
N00004197,north down|clandeboye
N00004203,north down|clandeboye
N00004250,north down|clandeboye
N00004316,north down|silverstream
N00004313,north down|silverstream
N00004185,north down|spring hill
N00004314,north down|silverstream
N00004186,north down|bryansburn
N00004296,north down|princetown
N00004324,north down|spring hill
N00004326,north down|spring hill
N00004325,north down|spring hill
N00004234,north down|crawfordsburn
N00004300,north down|princetown
N00004233,north down|crawfordsburn
N00004295,north down|princetown
N00004302,north down|princetown
N00004184,north down|bryansburn
N00004180,north down|bryansburn
N00004182,north down|bryansburn
N00004299,north down|princetown
N00004298,north down|princetown
N00004181,north down|bryansburn
N00004261,north down|bangor castle
N00004263,north down|bangor castle
N00004262,north down|bangor castle
N00004265,north down|bangor castle
N00004297,north down|princetown
N00004301,north down|princetown
N00004267,north down|bangor harbour
N00004268,north down|ballyholme
N00004128,north down|ballyholme
N00004127,north down|ballyholme
N00004123,north down|ballyholme
N00004177,north down|ballymagee
N00004125,north down|ballyholme
N00004175,north down|ballymagee
N00004178,north down|ballymagee
N00004176,north down|bangor harbour
N00004269,north down|bangor harbour
N00004264,north down|bangor castle
N00004148,north down|bangor castle
N00004150,north down|bangor castle
N00004174,north down|ballymagee
N00004151,north down|conlig
N00004152,north down|conlig
N00004154,north down|conlig
N00004153,north down|conlig
N00004158,north down|conlig
N00004149,north down|conlig
N00004156,north down|bangor castle
N00004155,north down|conlig
N00004335,north down|whitehill
N00004334,north down|whitehill
N00004336,north down|whitehill
N00004309,north down|rathgael
N00004333,north down|rathgael
N00004330,north down|whitehill
N00004331,north down|whitehill
N00004306,north down|silverstream
N00004332,north down|rathgael
N00004307,north down|rathgael
N00004317,north down|silverstream
N00004311,north down|silverstream
N00004179,north down|bryansburn
N00004320,north down|silverstream
N00004183,north down|bryansburn
N00004312,north down|silverstream
N00004318,north down|silverstream
N00004315,north down|silverstream
N00004308,north down|rathgael
N00004305,north down|rathgael
N00004310,north down|rathgael
N00004319,north down|silverstream
N00004204,north down|clandeboye
N00004205,north down|rathgael
N00004202,north down|rathgael
N00004303,north down|rathgael
N00004304,north down|rathgael
N00004337,north down|whitehill
N00004201,north down|rathgael
N00004200,north down|rathgael
N00004199,north down|rathgael
N00004207,north down|conlig
N00004209,north down|conlig
N00004208,north down|conlig
N00004214,north down|conlig
N00004212,north down|ballymagee
N00004165,north down|conlig
N00004166,north down|conlig
N00004215,north down|conlig
N00004216,north down|conlig
N00004218,north down|conlig
N00004217,north down|conlig
N00004213,north down|conlig
N00004162,north down|conlig
N00004168,north down|conlig
N00004161,north down|conlig
N00004160,north down|conlig
N00004329,north down|whitehill
N00004159,north down|conlig
N00004167,north down|conlig
N00004157,north down|conlig
N00004118,north down|ballymagee
N00004120,north down|ballymagee
N00004119,north down|ballymagee
N00004121,north down|ballymagee
N00004114,north down|ballymagee
N00004146,north down|ballymagee
N00004147,north down|ballymagee
N00004112,north down|ballymagee
N00004110,north down|ballymagee
N00004116,north down|ballymagee
N00004115,north down|ballymagee
N00004117,north down|ballymagee
N00004122,north down|ballymagee
N00004163,north down|conlig
N00004164,north down|conlig
N00004113,north down|ballymagee
N00004132,north down|ballymagee
N00004136,north down|ballymagee
N00004137,north down|ballymagee
N00004111,north down|ballymagee
N00004143,north down|ballymagee
N00004144,north down|ballymagee
N00004142,north down|ballymagee
N00004140,north down|ballymagee
N00004141,north down|ballymagee
N00004145,north down|ballymagee
N00004171,north down|ballymagee
N00004170,north down|ballymagee
N00004169,north down|ballymagee
N00004190,north down|ballymagee
N00004139,north down|ballymagee
N00004133,north down|ballymagee
N00004134,north down|ballymagee
N00004131,north down|groomsport
N00004192,north down|churchill
N00004187,north down|churchill
N00004189,north down|groomsport
N00004188,north down|churchill
N00004172,north down|ballymagee
N00004173,north down|ballymagee
N00004124,north down|churchill
N00004191,north down|churchill
N00004126,north down|ballyholme
N00004130,north down|ballyholme
N00004129,north down|ballyholme
N00004193,north down|churchill
N00004194,north down|churchill
N00004253,north down|groomsport
N00004260,north down|groomsport
N00004252,north down|groomsport
N00004255,north down|groomsport
N00004135,north down|groomsport
N00004138,north down|groomsport
N00004254,north down|groomsport
N00000215,ards|donaghadee north
N00000218,ards|donaghadee north
N00000219,ards|donaghadee south
N00000220,ards|donaghadee south
N00000213,ards|donaghadee north
N00000211,ards|donaghadee north
N00000214,ards|donaghadee north
N00000225,ards|donaghadee south
N00000224,ards|donaghadee south
N00000210,ards|donaghadee south
N00000212,ards|donaghadee north
N00000227,ards|donaghadee south
N00000229,ards|donaghadee south
N00000226,ards|donaghadee south
N00000293,ards|donaghadee south
N00000223,ards|donaghadee south
N00000228,ards|donaghadee south
N00000221,ards|donaghadee south
N00000222,ards|donaghadee south
N00000216,ards|donaghadee north
N00000294,ards|carrowdore
N00000172,ards|carrowdore
N00000288,ards|carrowdore
N00000289,ards|carrowdore
N00000290,ards|carrowdore
N00000287,ards|carrowdore
N00000286,ards|carrowdore
N00000291,ards|carrowdore
N00000292,ards|donaghadee south
N00000295,ards|donaghadee south
N00000217,ards|donaghadee north
N00004256,north down|groomsport
N00003141,larne|island magee
N00003139,larne|island magee
N00003076,larne|ballycarry
N00003077,larne|ballycarry
N00003078,larne|ballycarry
N00003075,larne|ballycarry
N00003142,larne|island magee
N00003143,larne|island magee
N00001740,carrickfergus|whitehead
N00001643,carrickfergus|blackhead
N00001642,carrickfergus|blackhead
N00001644,carrickfergus|blackhead
N00001645,carrickfergus|blackhead
N00001641,carrickfergus|blackhead
N00001646,carrickfergus|blackhead
N00001738,carrickfergus|whitehead
N00001743,carrickfergus|whitehead
N00001741,carrickfergus|whitehead
N00001742,carrickfergus|whitehead
N00001739,carrickfergus|whitehead
N00001681,carrickfergus|eden
N00004257,north down|groomsport
N00004258,north down|groomsport
N00004259,north down|groomsport
N00004266,north down|ballyholme
N00004231,north down|crawfordsburn
N00004224,north down|crawfordsburn
N00001693,carrickfergus|lower greenisland
N00001696,carrickfergus|trooperslane
N00001704,carrickfergus|castle
N00001703,carrickfergus|castle
N00001705,carrickfergus|castle
N00001713,carrickfergus|love lane
N00001731,carrickfergus|sunnylands
N00001727,carrickfergus|sunnylands
N00001674,carrickfergus|clipperstown
N00001726,carrickfergus|sunnylands
N00001725,carrickfergus|clipperstown
N00001722,carrickfergus|northland
N00001730,carrickfergus|sunnylands
N00001729,carrickfergus|sunnylands
N00001728,carrickfergus|love lane
N00001723,carrickfergus|northland
N00001721,carrickfergus|northland
N00001724,carrickfergus|northland
N00001668,carrickfergus|woodburn
N00001712,carrickfergus|love lane
N00001733,carrickfergus|victoria
N00001650,carrickfergus|boneybefore
N00001647,carrickfergus|boneybefore
N00001660,carrickfergus|boneybefore
N00001657,carrickfergus|boneybefore
N00001648,carrickfergus|boneybefore
N00001734,carrickfergus|victoria
N00001735,carrickfergus|victoria
N00001737,carrickfergus|victoria
N00001736,carrickfergus|victoria
N00001658,carrickfergus|boneybefore
N00001655,carrickfergus|eden
N00001656,carrickfergus|eden
N00001659,carrickfergus|eden
N00001682,carrickfergus|eden
N00001683,carrickfergus|eden
N00001686,carrickfergus|eden
N00001685,carrickfergus|eden
N00001687,carrickfergus|eden
N00001654,carrickfergus|boneybefore
N00001649,carrickfergus|boneybefore
N00001653,carrickfergus|boneybefore
N00001652,carrickfergus|boneybefore
N00001680,carrickfergus|eden
N00001684,carrickfergus|eden
N00001677,carrickfergus|eden
N00001679,carrickfergus|eden
N00001651,carrickfergus|boneybefore
N00001718,carrickfergus|woodburn
N00001720,carrickfergus|love lane
N00001719,carrickfergus|love lane
N00001732,carrickfergus|victoria
N00001714,carrickfergus|love lane
N00001715,carrickfergus|love lane
N00001717,carrickfergus|love lane
N00001716,carrickfergus|woodburn
N00001666,carrickfergus|woodburn
N00001669,carrickfergus|woodburn
N00001667,carrickfergus|woodburn
N00001661,carrickfergus|woodburn
N00001662,carrickfergus|woodburn
N00001746,carrickfergus|woodburn
N00001745,carrickfergus|woodburn
N00001744,carrickfergus|woodburn
N00001749,carrickfergus|woodburn
N00001676,carrickfergus|clipperstown
N00001664,carrickfergus|woodburn
N00001663,carrickfergus|woodburn
N00001665,carrickfergus|woodburn
N00001670,carrickfergus|clipperstown
N00001671,carrickfergus|clipperstown
N00001672,carrickfergus|clipperstown
N00001675,carrickfergus|clipperstown
N00001673,carrickfergus|clipperstown
N00001695,carrickfergus|trooperslane
N00001701,carrickfergus|trooperslane
N00001702,carrickfergus|trooperslane
N00001694,carrickfergus|trooperslane
N00001710,carrickfergus|knockagh
N00001747,carrickfergus|woodburn
N00003934,newtownabbey|ballynure
N00004075,newtownabbey|mossley
N00004077,newtownabbey|carnmoney
N00003922,newtownabbey|carnmoney
N00003921,newtownabbey|carnmoney
N00003917,newtownabbey|carnmoney
N00004029,newtownabbey|carnmoney
N00004027,newtownabbey|carnmoney
N00004026,newtownabbey|carnmoney
N00004030,newtownabbey|carnmoney
N00004032,newtownabbey|carnmoney
N00004031,newtownabbey|carnmoney
N00004033,newtownabbey|carnmoney
N00004044,newtownabbey|jordanstown
N00004028,newtownabbey|jordanstown
N00004045,newtownabbey|jordanstown
N00004043,newtownabbey|jordanstown
N00004046,newtownabbey|jordanstown
N00004070,newtownabbey|jordanstown
N00004069,newtownabbey|monkstown
N00004067,newtownabbey|monkstown
N00004049,newtownabbey|jordanstown
N00004047,newtownabbey|jordanstown
N00004042,newtownabbey|jordanstown
N00003932,newtownabbey|jordanstown
N00001711,carrickfergus|knockagh
N00001707,carrickfergus|knockagh
N00001690,carrickfergus|middle greenisland
N00001709,carrickfergus|knockagh
N00001708,carrickfergus|knockagh
N00001692,carrickfergus|middle greenisland
N00001691,carrickfergus|middle greenisland
N00001689,carrickfergus|middle greenisland
N00001698,carrickfergus|lower greenisland
N00001688,carrickfergus|lower greenisland
N00001700,carrickfergus|lower greenisland
N00001699,carrickfergus|lower greenisland
N00001697,carrickfergus|lower greenisland
N00004051,newtownabbey|jordanstown
N00001706,carrickfergus|knockagh
N00004048,newtownabbey|jordanstown
N00004052,newtownabbey|jordanstown
N00004050,newtownabbey|jordanstown
N00004072,newtownabbey|monkstown
N00004086,newtownabbey|rostulla
N00004085,newtownabbey|rostulla
N00004084,newtownabbey|rostulla
N00004088,newtownabbey|rostulla
N00004089,newtownabbey|rostulla
N00004091,newtownabbey|rostulla
N00004090,newtownabbey|rostulla
N00004087,newtownabbey|rostulla
N00003890,newtownabbey|whiteabbey
N00003889,newtownabbey|whiteabbey
N00003894,newtownabbey|whiteabbey
N00003984,newtownabbey|coole
N00003982,newtownabbey|whiteabbey
N00003985,newtownabbey|coole
N00003988,newtownabbey|dunanney
N00003987,newtownabbey|dunanney
N00004000,newtownabbey|dunanney
N00004007,newtownabbey|dunanney
N00003983,newtownabbey|coole
N00003981,newtownabbey|coole
N00003966,newtownabbey|cloughfern
N00003972,newtownabbey|cloughfern
N00003971,newtownabbey|cloughfern
N00003891,newtownabbey|cloughfern
N00003892,newtownabbey|cloughfern
N00003895,newtownabbey|cloughfern
N00003893,newtownabbey|cloughfern
N00004074,newtownabbey|monkstown
N00004073,newtownabbey|monkstown
N00003969,newtownabbey|monkstown
N00003970,newtownabbey|monkstown
N00004071,newtownabbey|monkstown
N00004065,newtownabbey|monkstown
N00004068,newtownabbey|monkstown
N00004066,newtownabbey|monkstown
N00003965,newtownabbey|cloughfern
N00003968,newtownabbey|cloughfern
N00003918,newtownabbey|carnmoney
N00003915,newtownabbey|carnmoney
N00003916,newtownabbey|carnmoney
N00003914,newtownabbey|carnmoney
N00003920,newtownabbey|carnmoney
N00003967,newtownabbey|cloughfern
N00004014,newtownabbey|glengormley
N00003964,newtownabbey|cloughfern
N00004008,newtownabbey|whitewell
N00004010,newtownabbey|whitewell
N00004020,newtownabbey|whitewell
N00004019,newtownabbey|whitewell
N00004018,newtownabbey|glengormley
N00004009,newtownabbey|glengormley
N00004013,newtownabbey|glengormley
N00004016,newtownabbey|glengormley
N00004012,newtownabbey|glengormley
N00004021,newtownabbey|glengormley
N00004025,newtownabbey|glengormley
N00004017,newtownabbey|glengormley
N00003928,newtownabbey|ballyhenry
N00004022,newtownabbey|glengormley
N00003929,newtownabbey|ballyhenry
N00004041,newtownabbey|mossgrove
N00004035,newtownabbey|mossgrove
N00004034,newtownabbey|mossgrove
N00004036,newtownabbey|mossgrove
N00004038,newtownabbey|mossgrove
N00004037,newtownabbey|mossgrove
N00004060,newtownabbey|mallusk
N00003926,newtownabbey|mossgrove
N00003923,newtownabbey|mossgrove
N00004040,newtownabbey|mossgrove
N00004039,newtownabbey|mossgrove
N00003927,newtownabbey|ballyhenry
N00003925,newtownabbey|ballyhenry
N00004062,newtownabbey|mallusk
N00004064,newtownabbey|ballyhenry
N00004063,newtownabbey|ballyhenry
N00003957,newtownabbey|mossley
N00003959,newtownabbey|mossley
N00003952,newtownabbey|ballyhenry
N00003924,newtownabbey|ballyhenry
N00003930,newtownabbey|ballyhenry
N00003931,newtownabbey|ballyhenry
N00003949,newtownabbey|glengormley
N00003948,newtownabbey|ballyhenry
N00003951,newtownabbey|ballyhenry
N00003953,newtownabbey|ballyhenry
N00003956,newtownabbey|ballyhenry
N00004023,newtownabbey|glengormley
N00004024,newtownabbey|glengormley
N00003950,newtownabbey|ballyhenry
N00004015,newtownabbey|glengormley
N00003962,newtownabbey|carnmoney
N00003963,newtownabbey|carnmoney
N00003954,newtownabbey|mossley
N00003955,newtownabbey|ballyhenry
N00003960,newtownabbey|mossley
N00003919,newtownabbey|carnmoney
N00003961,newtownabbey|mossley
N00004078,newtownabbey|carnmoney
N00004083,newtownabbey|mossley
N00003958,newtownabbey|mossley
N00004080,newtownabbey|mossley
N00004082,newtownabbey|mossley
N00004079,newtownabbey|mossley
N00004076,newtownabbey|mossley
N00004081,newtownabbey|mossley
N00003938,newtownabbey|ballynure
N00004058,newtownabbey|mallusk
N00004055,newtownabbey|mallusk
N00004054,newtownabbey|mallusk
N00004059,newtownabbey|mallusk
N00004056,newtownabbey|mallusk
N00004053,newtownabbey|mallusk
N00000029,antrim|templepatrick
N00000123,antrim|templepatrick
N00000121,antrim|templepatrick
N00000118,antrim|templepatrick
N00000119,antrim|templepatrick
N00004057,newtownabbey|mallusk
N00000120,antrim|templepatrick
N00000080,antrim|parkgate
N00000081,antrim|parkgate
N00003993,newtownabbey|doagh
N00003992,newtownabbey|doagh
N00003991,newtownabbey|doagh
N00003990,newtownabbey|doagh
N00003947,newtownabbey|doagh
N00003946,newtownabbey|doagh
N00003945,newtownabbey|doagh
N00003910,newtownabbey|ballyclare
N00003940,newtownabbey|doagh
N00003942,newtownabbey|mallusk
N00003941,newtownabbey|mallusk
N00003939,newtownabbey|ballynure
N00003943,newtownabbey|ballynure
N00003911,newtownabbey|ballyclare
N00003937,newtownabbey|ballynure
N00003936,newtownabbey|ballynure
N00003935,newtownabbey|ballyeaston
N00003901,newtownabbey|ballyeaston
N00003900,newtownabbey|ballyeaston
N00003903,newtownabbey|ballyeaston
N00003904,newtownabbey|ballyeaston
N00003902,newtownabbey|ballyeaston
N00003896,newtownabbey|ballyeaston
N00003906,newtownabbey|ballyclare
N00003913,newtownabbey|ballyclare
N00003912,newtownabbey|ballyclare
N00003907,newtownabbey|ballyclare
N00003909,newtownabbey|ballyclare
N00003908,newtownabbey|ballyclare
N00003905,newtownabbey|doagh
N00003944,newtownabbey|doagh
N00003899,newtownabbey|ballyeaston
N00003897,newtownabbey|ballyeaston
N00003997,newtownabbey|ballyeaston
N00003898,newtownabbey|ballyeaston
N00003994,newtownabbey|doagh
N00003998,antrim|parkgate
N00003999,antrim|parkgate
N00003996,antrim|parkgate
N00000084,antrim|parkgate
N00003995,newtownabbey|ballyeaston
N00003150,larne|kilwaughter
N00003153,larne|kilwaughter
N00003131,larne|glynn
N00003154,larne|kilwaughter
N00003933,newtownabbey|ballynure
N00001748,carrickfergus|woodburn
N00001678,carrickfergus|eden
N00003074,larne|ballycarry
N00003073,larne|ballycarry
N00003129,larne|glynn
N00003128,larne|glynn
N00003137,larne|harbour
N00003135,larne|harbour
N00003130,larne|glynn
N00003149,larne|ballyloran
N00003148,larne|ballyloran
N00003108,larne|glynn
N00003132,larne|glynn
N00003109,larne|glynn
N00003106,larne|central
N00003107,larne|glynn
N00003072,larne|gardenmore
N00003118,larne|gardenmore
N00003119,larne|town parks
N00003117,larne|gardenmore
N00003160,larne|town parks
N00003116,larne|gardenmore
N00003122,larne|gardenmore
N00003113,larne|craigyhill
N00003111,larne|craigyhill
N00003112,larne|craigyhill
N00003070,larne|antiville
N00003071,larne|antiville
N00003069,larne|antiville
N00003068,larne|antiville
N00003067,larne|antiville
N00003147,larne|kilwaughter
N00003145,larne|ballyloran
N00003081,larne|antiville
N00003080,larne|ballyloran
N00003079,larne|ballyloran
N00003083,larne|ballyloran
N00003082,larne|ballyloran
N00003146,larne|ballyloran
N00003091,larne|carncastle
N00003090,larne|carncastle
N00003092,larne|carncastle
N00003114,larne|craigyhill
N00003115,larne|craigyhill
N00003110,larne|craigyhill
N00003121,larne|gardenmore
N00003159,larne|town parks
N00003120,larne|gardenmore
N00003087,larne|blackcave
N00003084,larne|blackcave
N00003088,larne|blackcave
N00003089,larne|blackcave
N00003134,larne|blackcave
N00003085,larne|blackcave
N00003138,larne|blackcave
N00003155,larne|blackcave
N00003086,larne|blackcave
N00003156,larne|town parks
N00003157,larne|town parks
N00003158,larne|town parks
N00003104,larne|central
N00003105,larne|central
N00003103,larne|harbour
N00003136,larne|harbour
N00003133,larne|harbour
N00003094,larne|carncastle
N00003095,larne|carncastle
N00003097,larne|carncastle
N00003096,larne|carncastle
N00003093,larne|carncastle
N00003127,larne|glenarm
N00003151,larne|kilwaughter
N00003152,larne|kilwaughter
N00000585,ballymena|glenwhirry
N00003126,larne|glenarm
N00000635,ballymena|slemish
N00000636,ballymena|slemish
N00003100,larne|carnlough
N00003101,larne|carnlough
N00003102,larne|carnlough
N00003125,larne|glenarm
N00003124,larne|glenarm
N00003123,larne|carncastle
N00003144,larne|island magee
N00003140,larne|island magee
N00003650,moyle|glendun
N00003651,moyle|glendun
N00003645,moyle|glenaan
N00003644,moyle|glenaan
N00003098,larne|carnlough
N00003099,larne|carnlough
N00003646,moyle|glenariff
N00003647,moyle|glenariff
N00003643,moyle|glenaan
N00003648,moyle|glenariff
N00000576,ballymena|glenravel
N00000646,ballymoney|ballyhoe and corkey
N00000577,ballymena|glenravel
N00000660,ballymoney|clogh mills
N00000659,ballymoney|clogh mills
N00000657,ballymoney|clogh mills
N00000667,ballymoney|dunloy
N00000669,ballymoney|dunloy
N00000666,ballymoney|dunloy
N00000665,ballymoney|dunloy
N00000668,ballymoney|dunloy
N00000689,ballymoney|kilraghts
N00000687,ballymoney|kilraghts
N00000688,ballymoney|castlequarter
N00000686,ballymoney|castlequarter
N00000645,ballymoney|ballyhoe and corkey
N00000644,ballymoney|castlequarter
N00000706,ballymoney|stranocum
N00000708,ballymoney|castlequarter
N00000662,ballymoney|kilraghts
N00000664,ballymoney|dervock
N00000707,ballymoney|stranocum
N00000709,ballymoney|stranocum
N00000647,ballymoney|benvardin
N00003635,moyle|carnmoon
N00003625,moyle|armoy
N00003624,moyle|armoy
N00000643,ballymoney|ballyhoe and corkey
N00003649,moyle|glendun
N00003652,moyle|glenshesk
N00003639,moyle|quay
N00003629,moyle|dalriada
N00003657,moyle|dalriada
N00003655,moyle|knocklayd
N00003654,moyle|knocklayd
N00003662,moyle|dalriada
N00003664,moyle|kinbane
N00003663,moyle|knocklayd
N00003660,moyle|knocklayd
N00003661,moyle|kinbane
N00003656,moyle|dalriada
N00003638,moyle|dalriada
N00003640,moyle|dalriada
N00003637,moyle|dalriada
N00003653,moyle|glenshesk
N00003630,moyle|quay
N00003641,moyle|dunseverick
N00003659,moyle|kinbane
N00003658,moyle|kinbane
N00003665,moyle|kinbane
N00003666,moyle|moss side
N00003636,moyle|carnmoon
N00003634,moyle|carnmoon
N00003626,moyle|ballylough
N00002004,coleraine|dunluce
N00002001,coleraine|knockantern
N00001995,coleraine|ballywillin
N00002003,coleraine|dunluce
N00002002,coleraine|dunluce
N00002005,coleraine|dunluce
N00002061,coleraine|portrush
N00003632,moyle|bushmills
N00002006,coleraine|dunluce
N00002007,coleraine|dunluce
N00003628,moyle|ballylough
N00003627,moyle|ballylough
N00003631,moyle|bushmills
N00003633,moyle|bushmills
N00003642,moyle|dunseverick
N00002060,coleraine|portrush
N00002062,coleraine|dhu varren
N00002059,coleraine|dhu varren
N00002016,coleraine|dhu varren
N00002015,coleraine|portrush
N00002017,coleraine|portrush
N00002020,coleraine|dhu varren
N00001948,coleraine|ballywillin
N00002019,coleraine|dhu varren
N00001955,coleraine|ballywillin
N00001951,coleraine|portstewart
N00001952,coleraine|ballywillin
N00001954,coleraine|strand
N00002053,coleraine|portstewart
N00001953,coleraine|ballywillin
N00002052,coleraine|portstewart
N00002051,coleraine|portstewart
N00002050,coleraine|strand
N00002048,coleraine|strand
N00002049,coleraine|strand
N00002068,coleraine|strand
N00002064,coleraine|strand
N00002067,coleraine|strand
N00001998,coleraine|ballywillin
N00002000,coleraine|ballywillin
N00001949,coleraine|ballywillin
N00001950,coleraine|ballywillin
N00002018,coleraine|ballywillin
N00002014,coleraine|ballywillin
N00001994,coleraine|ballywillin
N00001957,coleraine|ballywillin
N00002063,coleraine|strand
N00001999,coleraine|ballywillin
N00002066,coleraine|strand
N00002065,coleraine|strand
N00002047,coleraine|strand
N00001972,coleraine|castlerock
N00001971,coleraine|castlerock
N00001969,coleraine|castlerock
N00001970,coleraine|castlerock
N00001966,coleraine|castlerock
N00001968,coleraine|castlerock
N00002036,coleraine|macosquin
N00002037,coleraine|macosquin
N00002040,coleraine|macosquin
N00002039,coleraine|macosquin
N00002038,coleraine|macosquin
N00002041,coleraine|macosquin
N00001947,coleraine|agivey
N00002069,coleraine|the cuts
N00002028,coleraine|knockantern
N00002032,coleraine|knockantern
N00002034,coleraine|mount sandel
N00002031,coleraine|mount sandel
N00002029,coleraine|knockantern
N00001986,coleraine|cross glebe
N00002045,coleraine|mount sandel
N00002042,coleraine|mount sandel
N00002043,coleraine|mount sandel
N00001974,coleraine|central
N00001981,coleraine|churchland
N00001979,coleraine|the cuts
N00002044,coleraine|mount sandel
N00002071,coleraine|the cuts
N00002035,coleraine|mount sandel
N00002046,coleraine|mount sandel
N00002033,coleraine|mount sandel
N00002070,coleraine|the cuts
N00002076,coleraine|the cuts
N00002077,coleraine|the cuts
N00002075,coleraine|the cuts
N00002072,coleraine|the cuts
N00001982,coleraine|churchland
N00002074,coleraine|the cuts
N00002073,coleraine|the cuts
N00001983,coleraine|churchland
N00001985,coleraine|churchland
N00001984,coleraine|waterside
N00001980,coleraine|churchland
N00002087,coleraine|waterside
N00002088,coleraine|waterside
N00002083,coleraine|waterside
N00002084,coleraine|waterside
N00002085,coleraine|waterside
N00002086,coleraine|waterside
N00002089,coleraine|waterside
N00002082,coleraine|university
N00001959,coleraine|university
N00001958,coleraine|university
N00001960,coleraine|university
N00001962,coleraine|university
N00001956,coleraine|university
N00001964,coleraine|university
N00001963,coleraine|university
N00002080,coleraine|university
N00002079,coleraine|university
N00001973,coleraine|central
N00001975,coleraine|central
N00001977,coleraine|cross glebe
N00001976,coleraine|cross glebe
N00001978,coleraine|cross glebe
N00001992,coleraine|cross glebe
N00002081,coleraine|university
N00002078,coleraine|university
N00001988,coleraine|cross glebe
N00001989,coleraine|cross glebe
N00001991,coleraine|cross glebe
N00001990,coleraine|cross glebe
N00001993,coleraine|cross glebe
N00001987,coleraine|cross glebe
N00001961,coleraine|university
N00001996,coleraine|knockantern
N00002030,coleraine|knockantern
N00000650,ballymoney|benvardin
N00000648,ballymoney|benvardin
N00000649,ballymoney|benvardin
N00000661,ballymoney|dervock
N00000656,ballymoney|town parks
N00000653,ballymoney|newhill
N00000652,ballymoney|dervock
N00000693,ballymoney|newhill
N00000654,ballymoney|newhill
N00000690,ballymoney|newhill
N00000691,ballymoney|newhill
N00000692,ballymoney|newhill
N00000699,ballymoney|the hills
N00000676,ballymoney|the hills
N00000674,ballymoney|the hills
N00000694,ballymoney|the hills
N00000695,ballymoney|newhill
N00000675,ballymoney|the hills
N00000698,ballymoney|the hills
N00000697,ballymoney|the hills
N00000704,ballymoney|seacon
N00000703,ballymoney|seacon
N00001997,coleraine|knockantern
N00001942,coleraine|agivey
N00001943,coleraine|agivey
N00000711,ballymoney|the vow
N00000701,ballymoney|seacon
N00000702,ballymoney|seacon
N00000705,ballymoney|fairhill
N00000673,ballymoney|fairhill
N00000700,ballymoney|fairhill
N00000677,ballymoney|fairhill
N00000696,ballymoney|fairhill
N00000672,ballymoney|fairhill
N00000655,ballymoney|town parks
N00000671,ballymoney|town parks
N00000670,ballymoney|town parks
N00000651,ballymoney|town parks
N00000663,ballymoney|dervock
N00000681,ballymoney|killoquin lower
N00000710,ballymoney|the vow
N00000679,ballymoney|killoquin lower
N00000713,ballymoney|the vow
N00000712,ballymoney|the vow
N00001944,coleraine|agivey
N00001946,coleraine|agivey
N00002013,coleraine|garvagh
N00002057,coleraine|ringsend
N00002056,coleraine|agivey
N00002054,coleraine|ringsend
N00002055,coleraine|ringsend
N00002058,coleraine|ringsend
N00002010,coleraine|garvagh
N00002009,coleraine|garvagh
N00002008,coleraine|garvagh
N00002011,coleraine|garvagh
N00003591,magherafelt|swatragh
N00002012,coleraine|garvagh
N00003590,magherafelt|swatragh
N00003579,magherafelt|lower glenshane
N00003578,magherafelt|lower glenshane
N00003588,magherafelt|lower glenshane
N00003589,magherafelt|maghera
N00003583,magherafelt|maghera
N00003580,magherafelt|maghera
N00003584,magherafelt|maghera
N00003586,magherafelt|maghera
N00003582,magherafelt|maghera
N00003557,magherafelt|maghera
N00003585,magherafelt|maghera
N00003558,magherafelt|gulladuff
N00003562,magherafelt|maghera
N00003581,magherafelt|maghera
N00003615,magherafelt|upperlands
N00003587,magherafelt|swatragh
N00003592,magherafelt|swatragh
N00003614,magherafelt|upperlands
N00003613,magherafelt|upperlands
N00003617,magherafelt|upperlands
N00003616,magherafelt|upperlands
N00003559,magherafelt|gulladuff
N00003561,magherafelt|gulladuff
N00003560,magherafelt|gulladuff
N00003623,magherafelt|valley
N00003622,magherafelt|valley
N00003532,magherafelt|bellaghy
N00003536,magherafelt|bellaghy
N00003620,magherafelt|valley
N00000625,ballymena|portglenone
N00000629,ballymena|portglenone
N00000630,ballymena|portglenone
N00003619,magherafelt|valley
N00003621,magherafelt|valley
N00000627,ballymena|portglenone
N00000682,ballymoney|killoquin upper
N00000684,ballymoney|killoquin upper
N00003618,magherafelt|valley
N00003612,magherafelt|upperlands
N00002023,coleraine|kilrea
N00002022,coleraine|kilrea
N00002027,coleraine|kilrea
N00002025,coleraine|kilrea
N00002026,coleraine|kilrea
N00002024,coleraine|kilrea
N00002021,coleraine|kilrea
N00001945,coleraine|agivey
N00000714,ballymoney|the vow
N00000685,ballymoney|killoquin upper
N00000680,ballymoney|killoquin lower
N00000678,ballymoney|killoquin lower
N00000658,ballymoney|clogh mills
N00000683,ballymoney|killoquin upper
N00000557,ballymena|dunminning
N00000561,ballymena|dunminning
N00000562,ballymena|dunminning
N00000535,ballymena|craigywarren
N00000534,ballymena|craigywarren
N00000575,ballymena|glenravel
N00000580,ballymena|glenravel
N00000579,ballymena|glenravel
N00000578,ballymena|glenravel
N00000634,ballymena|slemish
N00000581,ballymena|glenravel
N00000536,ballymena|craigywarren
N00000539,ballymena|craigywarren
N00000550,ballymena|ballyloughan
N00000553,ballymena|dunclug
N00000551,ballymena|dunclug
N00000554,ballymena|dunclug
N00000555,ballymena|dunclug
N00000556,ballymena|dunclug
N00000549,ballymena|dunclug
N00000619,ballymena|ballyloughan
N00000620,ballymena|ballyloughan
N00000514,ballymena|ballyloughan
N00000511,ballymena|ballyloughan
N00000622,ballymena|park
N00000621,ballymena|park
N00000565,ballymena|fair green
N00000564,ballymena|fair green
N00000531,ballymena|dunclug
N00000563,ballymena|dunclug
N00000642,ballymena|dunclug
N00000638,ballymena|dunclug
N00000639,ballymena|dunclug
N00000566,ballymena|dunclug
N00000641,ballymena|dunclug
N00000637,ballymena|dunclug
N00000552,ballymena|dunclug
N00000518,ballymena|broughshane
N00000521,ballymena|broughshane
N00000520,ballymena|broughshane
N00000523,ballymena|broughshane
N00000519,ballymena|broughshane
N00000524,ballymena|broughshane
N00000522,ballymena|broughshane
N00000525,ballymena|broughshane
N00000631,ballymena|slemish
N00000632,ballymena|slemish
N00000633,ballymena|slemish
N00000586,ballymena|glenwhirry
N00000588,ballymena|glenwhirry
N00000587,ballymena|glenwhirry
N00000583,ballymena|ballee
N00000500,ballymena|ballee
N00000614,ballymena|harryville
N00000617,ballymena|ballykeel
N00000508,ballymena|ballykeel
N00000506,ballymena|ballykeel
N00000507,ballymena|ballykeel
N00000505,ballymena|ballykeel
N00000510,ballymena|ballykeel
N00000509,ballymena|ballykeel
N00000640,ballymena|dunclug
N00000530,ballymena|castle demesne
N00000533,ballymena|castle demesne
N00000529,ballymena|castle demesne
N00000616,ballymena|ballykeel
N00000615,ballymena|ballykeel
N00000597,ballymena|harryville
N00000599,ballymena|harryville
N00000528,ballymena|castle demesne
N00000532,ballymena|castle demesne
N00000526,ballymena|castle demesne
N00000618,ballymena|park
N00000478,ballymena|waveney
N00000527,ballymena|waveney
N00000498,ballymena|waveney
N00000494,ballymena|waveney
N00000598,ballymena|ballee
N00000612,ballymena|ballee
N00000613,ballymena|harryville
N00000600,ballymena|ballee
N00000499,ballymena|ballee
N00000501,ballymena|ballee
N00000502,ballymena|ballee
N00000602,ballymena|ballee
N00000601,ballymena|ballee
N00000596,ballymena|ballee
N00000504,ballymena|ballee
N00000503,ballymena|ballee
N00000497,ballymena|galgorm
N00000491,ballymena|ahoghill
N00000490,ballymena|ahoghill
N00000492,ballymena|ahoghill
N00000482,ballymena|ahoghill
N00000484,ballymena|ahoghill
N00000483,ballymena|ahoghill
N00000485,ballymena|ahoghill
N00000486,ballymena|ahoghill
N00000489,ballymena|ahoghill
N00000487,ballymena|cullybackey
N00000488,ballymena|cullybackey
N00000572,ballymena|galgorm
N00000568,ballymena|galgorm
N00000569,ballymena|galgorm
N00000570,ballymena|galgorm
N00000571,ballymena|galgorm
N00000574,ballymena|galgorm
N00000573,ballymena|galgorm
N00000496,ballymena|galgorm
N00000495,ballymena|galgorm
N00000493,ballymena|galgorm
N00000479,ballymena|galgorm
N00000477,ballymena|galgorm
N00000481,ballymena|waveney
N00000517,ballymena|ballyloughan
N00000515,ballymena|ballyloughan
N00000512,ballymena|ballyloughan
N00000513,ballymena|ballyloughan
N00000516,ballymena|ballyloughan
N00000480,ballymena|galgorm
N00000567,ballymena|galgorm
N00000538,ballymena|craigywarren
N00000543,ballymena|cullybackey
N00000546,ballymena|cullybackey
N00000545,ballymena|cullybackey
N00000542,ballymena|cullybackey
N00000537,ballymena|craigywarren
N00000559,ballymena|cullybackey
N00000540,ballymena|cullybackey
N00000547,ballymena|cullybackey
N00000548,ballymena|cullybackey
N00000544,ballymena|cullybackey
N00000541,ballymena|cullybackey
N00000560,ballymena|dunminning
N00000558,ballymena|dunminning
N00000628,ballymena|portglenone
N00000623,ballymena|portglenone
N00000626,ballymena|portglenone
N00000624,ballymena|portglenone
N00000591,ballymena|ahoghill
N00000593,ballymena|grange
N00000592,ballymena|grange
N00000595,ballymena|grange
N00000589,ballymena|grange
N00000126,antrim|toome
N00000125,antrim|toome
N00000046,antrim|drumanaway
N00000045,antrim|drumanaway
N00000034,antrim|cranfield
N00000048,antrim|drumanaway
N00000049,antrim|drumanaway
N00000050,antrim|drumanaway
N00000088,antrim|randalstown
N00000091,antrim|randalstown
N00000090,antrim|randalstown
N00000089,antrim|randalstown
N00000095,antrim|tardree
N00000047,antrim|drumanaway
N00000594,ballymena|grange
N00000590,ballymena|grange
N00000611,ballymena|kells
N00000608,ballymena|kells
N00000609,ballymena|kells
N00000610,ballymena|kells
N00000604,ballymena|kells
N00000603,ballymena|kells
N00000605,ballymena|kells
N00000607,ballymena|kells
N00000606,ballymena|kells
N00000584,ballymena|glenwhirry
N00000582,ballymena|glenwhirry
N00000083,antrim|tardree
N00000096,antrim|tardree
N00000092,antrim|tardree
N00000094,antrim|tardree
N00000093,antrim|tardree
N00000087,antrim|randalstown
N00000075,antrim|massereene
N00000015,antrim|balloo
N00000071,antrim|massereene
N00000013,antrim|balloo
N00000014,antrim|massereene
N00000073,antrim|massereene
N00000060,antrim|stiles
N00000063,antrim|parkhall
N00000105,antrim|parkhall
N00000077,antrim|massereene
N00000070,antrim|massereene
N00000100,antrim|massereene
N00000076,antrim|massereene
N00000097,antrim|parkhall
N00000099,antrim|parkhall
N00000108,antrim|parkhall
N00000098,antrim|parkhall
N00000103,antrim|parkhall
N00000078,antrim|massereene
N00000104,antrim|parkhall
N00000101,antrim|parkhall
N00000102,antrim|parkhall
N00000074,antrim|massereene
N00000079,antrim|parkgate
N00000082,antrim|parkgate
N00000056,antrim|stiles
N00000054,antrim|stiles
N00000055,antrim|stiles
N00000052,antrim|parkhall
N00000051,antrim|parkhall
N00000115,antrim|stiles
N00000109,antrim|parkhall
N00000106,antrim|parkhall
N00000110,antrim|parkhall
N00000107,antrim|parkhall
N00000116,antrim|parkhall
N00000059,antrim|stiles
N00000057,antrim|stiles
N00000058,antrim|stiles
N00000111,antrim|stiles
N00000112,antrim|stiles
N00000117,antrim|stiles
N00000113,antrim|stiles
N00000053,antrim|stiles
N00000064,antrim|stiles
N00000114,antrim|stiles
N00000065,antrim|stiles
N00000067,antrim|stiles
N00000069,antrim|stiles
N00000019,antrim|ballycraigy
N00000066,antrim|stiles
N00000061,antrim|stiles
N00000062,antrim|stiles
N00000072,antrim|massereene
N00000068,antrim|stiles
N00000017,antrim|ballycraigy
N00000020,antrim|ballycraigy
N00000023,antrim|ballycraigy
N00000018,antrim|ballycraigy
N00000021,antrim|stiles
N00000022,antrim|ballycraigy
N00000124,antrim|templepatrick
N00000122,antrim|templepatrick
N00000009,antrim|ballyrobin
N00000008,antrim|ballyrobin
N00000007,antrim|aldergrove
N00000012,antrim|balloo
N00000016,antrim|balloo
N00000011,antrim|balloo
N00000005,antrim|aldergrove
N00000031,antrim|cranfield
N00000086,antrim|randalstown
N00000085,antrim|randalstown
N00000036,antrim|cranfield
N00000035,antrim|cranfield
N00000032,antrim|cranfield
N00000033,antrim|cranfield
N00000127,antrim|toome
N00000128,antrim|toome
N00002161,cookstown|the loop
N00002160,cookstown|the loop
N00002158,cookstown|the loop
N00002159,cookstown|the loop
N00002162,cookstown|the loop
N00003573,magherafelt|ballymaguigan
N00003606,magherafelt|lecumpher
N00003598,magherafelt|lecumpher
N00003601,magherafelt|town parks east
N00003600,magherafelt|town parks east
N00003603,magherafelt|town parks east
N00003528,magherafelt|ballymaguigan
N00003527,magherafelt|ballymaguigan
N00002163,cookstown|the loop
N00003529,magherafelt|ballymaguigan
N00000129,antrim|toome
N00003530,magherafelt|ballymaguigan
N00003545,magherafelt|castledawson
N00003531,magherafelt|ballymaguigan
N00003535,magherafelt|bellaghy
N00003537,magherafelt|bellaghy
N00003533,magherafelt|bellaghy
N00003566,magherafelt|knockcloghrim
N00003534,magherafelt|bellaghy
N00003568,magherafelt|knockcloghrim
N00003567,magherafelt|knockcloghrim
N00003563,magherafelt|knockcloghrim
N00003564,magherafelt|knockcloghrim
N00003541,magherafelt|castledawson
N00003540,magherafelt|castledawson
N00003542,magherafelt|castledawson
N00003543,magherafelt|castledawson
N00003539,magherafelt|castledawson
N00003546,magherafelt|castledawson
N00003538,magherafelt|castledawson
N00003544,magherafelt|castledawson
N00003556,magherafelt|town parks east
N00003605,magherafelt|town parks east
N00003602,magherafelt|town parks east
N00003599,magherafelt|town parks east
N00003604,magherafelt|town parks east
N00003555,magherafelt|town parks east
N00003611,magherafelt|town parks west
N00003552,magherafelt|town parks east
N00003554,magherafelt|town parks east
N00003553,magherafelt|town parks east
N00003550,magherafelt|town parks west
N00003551,magherafelt|town parks west
N00003609,magherafelt|town parks west
N00003608,magherafelt|town parks west
N00003610,magherafelt|town parks west
N00003607,magherafelt|town parks west
N00003570,magherafelt|lecumpher
N00003571,magherafelt|lecumpher
N00003565,magherafelt|knockcloghrim
N00003594,magherafelt|knockcloghrim
N00003595,magherafelt|tobermore
N00003597,magherafelt|tobermore
N00003596,magherafelt|tobermore
N00003548,magherafelt|draperstown
N00003547,magherafelt|draperstown
N00003593,magherafelt|tobermore
N00003572,magherafelt|lecumpher
N00003574,magherafelt|lecumpher
N00003569,magherafelt|lecumpher
N00002126,cookstown|moneymore
N00002127,cookstown|moneymore
N00002125,cookstown|moneymore
N00002124,cookstown|lissan
N00002122,cookstown|lissan
N00002123,cookstown|lissan
N00002133,cookstown|oaklands
N00002100,cookstown|dunnamore
N00002098,cookstown|dunnamore
N00002121,cookstown|lissan
N00003549,magherafelt|draperstown
N00003577,magherafelt|lower glenshane
N00003576,magherafelt|lower glenshane
N00003575,magherafelt|lower glenshane
N00004502,strabane|plumbridge
N00004426,omagh|owenglen
N00004423,omagh|owenglen
N00004422,omagh|owenglen
N00004424,omagh|owenglen
N00004397,omagh|gortin
N00004398,omagh|gortin
N00004399,omagh|gortin
N00004492,strabane|newtownstewart
N00004493,strabane|newtownstewart
N00004490,strabane|newtownstewart
N00004527,strabane|newtownstewart
N00004526,strabane|victoria bridge
N00004506,strabane|victoria bridge
N00004494,strabane|newtownstewart
N00004495,strabane|newtownstewart
N00004491,strabane|newtownstewart
N00004505,strabane|plumbridge
N00004530,strabane|victoria bridge
N00004531,strabane|victoria bridge
N00004512,strabane|sion mills
N00004510,strabane|sion mills
N00004507,strabane|finn
N00004511,strabane|sion mills
N00004509,strabane|sion mills
N00004529,strabane|victoria bridge
N00004508,strabane|finn
N00004520,strabane|south
N00004477,strabane|east
N00004476,strabane|east
N00004454,strabane|south
N00004455,strabane|south
N00004457,strabane|south
N00004522,strabane|south
N00004523,strabane|south
N00004525,strabane|south
N00004519,strabane|south
N00004534,strabane|finn
N00004533,strabane|finn
N00004521,strabane|south
N00004524,strabane|south
N00004537,strabane|west
N00004532,strabane|west
N00004535,strabane|west
N00004500,strabane|north
N00004536,strabane|south
N00004452,strabane|south
N00004456,strabane|south
N00004453,strabane|south
N00004474,strabane|west
N00004475,strabane|east
N00004499,strabane|east
N00004528,strabane|victoria bridge
N00004451,strabane|artigarvan
N00004501,strabane|plumbridge
N00004504,strabane|plumbridge
N00004503,strabane|plumbridge
N00004472,strabane|dunnamanagh
N00002421,londonderry|banagher
N00002422,londonderry|claudy
N00004473,strabane|dunnamanagh
N00004517,strabane|slievekirk
N00004469,strabane|dunnamanagh
N00004470,strabane|dunnamanagh
N00004471,strabane|dunnamanagh
N00004448,strabane|artigarvan
N00004498,strabane|north
N00004497,strabane|north
N00004496,strabane|north
N00004449,strabane|artigarvan
N00004447,strabane|artigarvan
N00004446,strabane|artigarvan
N00004450,strabane|artigarvan
N00004513,strabane|slievekirk
N00004516,strabane|slievekirk
N00002536,londonderry|prehen
N00004518,strabane|slievekirk
N00004515,strabane|slievekirk
N00004514,strabane|slievekirk
N00002480,londonderry|crevagh
N00002557,londonderry|prehen
N00002560,londonderry|prehen
N00002564,londonderry|prehen
N00002559,londonderry|prehen
N00002558,londonderry|prehen
N00002556,londonderry|prehen
N00002555,londonderry|prehen
N00002538,londonderry|prehen
N00002561,londonderry|prehen
N00002563,londonderry|prehen
N00002562,londonderry|prehen
N00002476,londonderry|crevagh
N00002431,londonderry|brandywell
N00002430,londonderry|brandywell
N00002618,londonderry|riverside
N00002626,londonderry|victoria
N00002617,londonderry|riverside
N00002616,londonderry|riverside
N00002615,londonderry|the diamond
N00002625,londonderry|clondermot
N00002622,londonderry|victoria
N00002451,londonderry|clondermot
N00002624,londonderry|victoria
N00002623,londonderry|clondermot
N00002454,londonderry|altnagelvin
N00002452,londonderry|clondermot
N00002453,londonderry|altnagelvin
N00002456,londonderry|altnagelvin
N00002539,londonderry|prehen
N00002398,londonderry|faughan
N00002399,londonderry|faughan
N00002540,londonderry|prehen
N00002397,londonderry|faughan
N00002396,londonderry|faughan
N00002400,londonderry|altnagelvin
N00002457,londonderry|altnagelvin
N00002455,londonderry|altnagelvin
N00002402,londonderry|altnagelvin
N00002401,londonderry|altnagelvin
N00002404,londonderry|faughan
N00002405,londonderry|faughan
N00002403,londonderry|faughan
N00002537,londonderry|claudy
N00002464,londonderry|claudy
N00002459,londonderry|claudy
N00002458,londonderry|claudy
N00002460,londonderry|claudy
N00002463,londonderry|eglinton
N00002461,londonderry|eglinton
N00003202,limavady|gresteel
N00003199,limavady|glack
N00003234,limavady|the highlands
N00003189,limavady|the highlands
N00003191,limavady|feeny
N00002416,londonderry|banagher
N00002462,londonderry|claudy
N00002419,londonderry|banagher
N00002417,londonderry|banagher
N00002418,londonderry|banagher
N00002420,londonderry|banagher
N00003192,limavady|feeny
N00003237,limavady|feeny
N00003188,limavady|feeny
N00003238,limavady|upper glenshane
N00003177,limavady|dungiven
N00003236,limavady|dungiven
N00003179,limavady|dungiven
N00003190,limavady|feeny
N00003235,limavady|the highlands
N00003176,limavady|dungiven
N00003178,limavady|dungiven
N00003233,limavady|upper glenshane
N00003239,limavady|upper glenshane
N00003195,limavady|forest
N00003166,limavady|forest
N00003162,limavady|forest
N00003196,limavady|forest
N00003198,limavady|forest
N00003183,limavady|rathbrady
N00003182,limavady|rathbrady
N00003184,limavady|rathbrady
N00003186,limavady|aghanloo
N00003161,limavady|aghanloo
N00003224,limavady|rathbrady
N00003221,limavady|rathbrady
N00003226,limavady|rathbrady
N00003223,limavady|rathbrady
N00003231,limavady|roeside
N00003227,limavady|rathbrady
N00003228,limavady|roeside
N00003229,limavady|roeside
N00003230,limavady|roeside
N00003222,limavady|rathbrady
N00003225,limavady|rathbrady
N00003212,limavady|rathbrady
N00003187,limavady|rathbrady
N00003185,limavady|rathbrady
N00003172,limavady|coolessan
N00003214,limavady|binevenagh
N00003213,limavady|binevenagh
N00003174,limavady|coolessan
N00003175,limavady|coolessan
N00003173,limavady|coolessan
N00003171,limavady|coolessan
N00003211,limavady|rathbrady
N00003215,limavady|rathbrady
N00003181,limavady|rathbrady
N00003180,limavady|rathbrady
N00003167,limavady|glack
N00003197,limavady|forest
N00003193,limavady|forest
N00003194,limavady|forest
N00003232,limavady|the highlands
N00003203,limavady|glack
N00003201,limavady|glack
N00003200,limavady|glack
N00003207,limavady|gresteel
N00003204,limavady|gresteel
N00003205,limavady|gresteel
N00003206,limavady|gresteel
N00003208,limavady|gresteel
N00003209,limavady|walworth
N00003210,limavady|walworth
N00003168,limavady|myroe
N00003170,limavady|glack
N00003169,limavady|myroe
N00003218,limavady|myroe
N00003220,limavady|magilligan
N00003216,limavady|magilligan
N00003217,limavady|magilligan
N00003165,limavady|aghanloo
N00003164,limavady|aghanloo
N00003163,limavady|aghanloo
N00001967,coleraine|castlerock
N00001965,coleraine|castlerock
N00003219,limavady|magilligan
N00002499,londonderry|culmore
N00002500,londonderry|culmore
N00002496,londonderry|shantallow
N00002491,londonderry|shantallow
N00002495,londonderry|shantallow
N00002497,londonderry|culmore
N00002412,londonderry|pennyburn
N00002502,londonderry|culmore
N00002498,londonderry|culmore
N00002501,londonderry|culmore
N00002489,londonderry|culmore
N00002523,londonderry|enagh
N00002522,londonderry|enagh
N00002521,londonderry|enagh
N00002490,londonderry|culmore
N00002512,londonderry|eglinton
N00002515,londonderry|eglinton
N00002514,londonderry|eglinton
N00002513,londonderry|eglinton
N00002519,londonderry|eglinton
N00002517,londonderry|eglinton
N00002516,londonderry|eglinton
N00002520,londonderry|eglinton
N00002518,londonderry|eglinton
N00002525,londonderry|enagh
N00002524,londonderry|enagh
N00002526,londonderry|enagh
N00002411,londonderry|pennyburn
N00002408,londonderry|pennyburn
N00002414,londonderry|pennyburn
N00002413,londonderry|pennyburn
N00002415,londonderry|pennyburn
N00002579,londonderry|culmore
N00002582,londonderry|culmore
N00002442,londonderry|shantallow
N00002580,londonderry|culmore
N00002581,londonderry|culmore
N00002410,londonderry|shantallow
N00002409,londonderry|pennyburn
N00002443,londonderry|shantallow
N00002568,londonderry|shantallow
N00002571,londonderry|pennyburn
N00002572,londonderry|pennyburn
N00002407,londonderry|pennyburn
N00002406,londonderry|pennyburn
N00002569,londonderry|pennyburn
N00002570,londonderry|pennyburn
N00002567,londonderry|pennyburn
N00002610,londonderry|pennyburn
N00002611,londonderry|pennyburn
N00002608,londonderry|strand
N00002503,londonderry|ebrington
N00002445,londonderry|caw
N00002527,londonderry|caw
N00002449,londonderry|caw
N00002447,londonderry|caw
N00002450,londonderry|caw
N00002446,londonderry|enagh
N00002546,londonderry|altnagelvin
N00002545,londonderry|altnagelvin
N00002448,londonderry|altnagelvin
N00002444,londonderry|caw
N00002548,londonderry|caw
N00002547,londonderry|caw
N00002544,londonderry|altnagelvin
N00002542,londonderry|altnagelvin
N00002543,londonderry|altnagelvin
N00002541,londonderry|altnagelvin
N00002554,londonderry|altnagelvin
N00002550,londonderry|altnagelvin
N00002549,londonderry|altnagelvin
N00002553,londonderry|altnagelvin
N00002621,londonderry|clondermot
N00002551,londonderry|altnagelvin
N00002620,londonderry|clondermot
N00002510,londonderry|ebrington
N00002509,londonderry|caw
N00002552,londonderry|altnagelvin
N00002507,londonderry|caw
N00002504,londonderry|caw
N00002505,londonderry|caw
N00002506,londonderry|ebrington
N00002508,londonderry|ebrington
N00002511,londonderry|ebrington
N00002619,londonderry|victoria
N00002614,londonderry|the diamond
N00002613,londonderry|the diamond
N00002432,londonderry|st columb s wells
N00002434,londonderry|st columb s wells
N00002435,londonderry|st columb s wells
N00002433,londonderry|brandywell
N00002631,londonderry|westland
N00002628,londonderry|westland
N00002630,londonderry|westland
N00002428,londonderry|beechwood
N00002427,londonderry|beechwood
N00002423,londonderry|beechwood
N00002426,londonderry|beechwood
N00002424,londonderry|beechwood
N00002606,londonderry|waterloo
N00002627,londonderry|westland
N00002629,londonderry|westland
N00002607,londonderry|waterloo
N00002605,londonderry|waterloo
N00002603,londonderry|waterloo
N00002576,londonderry|strand
N00002573,londonderry|strand
N00002604,londonderry|strand
N00002609,londonderry|pennyburn
N00002577,londonderry|rosemount
N00002612,londonderry|strand
N00002578,londonderry|rosemount
N00002533,londonderry|springtown
N00002531,londonderry|springtown
N00002535,londonderry|springtown
N00002575,londonderry|rosemount
N00002574,londonderry|rosemount
N00002425,londonderry|beechwood
N00002429,londonderry|creggan central
N00002470,londonderry|creggan central
N00002468,londonderry|creggan central
N00002465,londonderry|creggan central
N00002469,londonderry|creggan central
N00002467,londonderry|creggan central
N00002466,londonderry|creggan central
N00002471,londonderry|brandywell
N00002475,londonderry|crevagh
N00002473,londonderry|creggan south
N00002474,londonderry|crevagh
N00002472,londonderry|crevagh
N00002479,londonderry|springtown
N00002478,londonderry|springtown
N00002477,londonderry|springtown
N00002592,londonderry|shantallow
N00002600,londonderry|springtown
N00002601,londonderry|springtown
N00002598,londonderry|springtown
N00002594,londonderry|springtown
N00002481,londonderry|springtown
N00002482,londonderry|springtown
N00002483,londonderry|springtown
N00002488,londonderry|springtown
N00002486,londonderry|springtown
N00002485,londonderry|springtown
N00002487,londonderry|springtown
N00002530,londonderry|springtown
N00002529,londonderry|springtown
N00002597,londonderry|springtown
N00002595,londonderry|springtown
N00002484,londonderry|springtown
N00002599,londonderry|springtown
N00002596,londonderry|springtown
N00002532,londonderry|springtown
N00002528,londonderry|springtown
N00002534,londonderry|springtown
N00002565,londonderry|shantallow
N00002566,londonderry|springtown
N00002439,londonderry|shantallow
N00002441,londonderry|shantallow
N00002440,londonderry|shantallow
N00002438,londonderry|shantallow
N00002436,londonderry|shantallow
N00002437,londonderry|shantallow
N00002602,londonderry|springtown
N00002589,londonderry|shantallow
N00002593,londonderry|shantallow
N00002588,londonderry|shantallow
N00002585,londonderry|shantallow
N00002583,londonderry|shantallow
N00002586,londonderry|shantallow
N00002492,londonderry|shantallow
N00002584,londonderry|shantallow
N00002494,londonderry|shantallow
N00002493,londonderry|shantallow
N00002587,londonderry|shantallow
N00002591,londonderry|shantallow
N00002590,londonderry|shantallow
N00004481,strabane|finn
N00004482,strabane|finn
N00004483,strabane|finn
N00004479,strabane|finn
N00004478,strabane|sion mills
N00004484,strabane|castlederg
N00004459,strabane|sion mills
N00004486,strabane|castlederg
N00004462,strabane|castlederg
N00004460,strabane|castlederg
N00004458,strabane|castlederg
N00004461,strabane|castlederg
N00004480,strabane|sion mills
N00004464,strabane|clare
N00004463,strabane|clare
N00004465,strabane|glenderg
N00004488,strabane|glenderg
N00004487,strabane|glenderg
N00004485,strabane|glenderg
N00002929,fermanagh|belleek boa
N00002926,fermanagh|belleek boa
N00002924,fermanagh|belleek boa
N00002925,fermanagh|belleek boa
N00002922,fermanagh|garrison
N00002923,fermanagh|garrison
N00002917,fermanagh|garrison
N00002918,fermanagh|garrison
N00002958,fermanagh|derrygonnelly
N00002921,fermanagh|garrison
N00003003,fermanagh|kesh ederny lack
N00003014,fermanagh|irvinestown
N00003013,fermanagh|irvinestown
N00002955,fermanagh|derrygonnelly
N00002956,fermanagh|derrygonnelly
N00002957,fermanagh|derrygonnelly
N00002959,fermanagh|derrygonnelly
N00002934,fermanagh|belcoo belmore
N00003059,fermanagh|rossorry
N00003045,fermanagh|rossorry
N00002954,fermanagh|derrygonnelly
N00003016,fermanagh|ballinamallard
N00002915,fermanagh|ballinamallard
N00002916,fermanagh|ballinamallard
N00002913,fermanagh|ballinamallard
N00002912,fermanagh|ballinamallard
N00003017,fermanagh|ballinamallard
N00002983,fermanagh|devenish
N00002972,fermanagh|devenish
N00003046,fermanagh|rossorry
N00003043,fermanagh|rossorry
N00003041,fermanagh|rossorry
N00003039,fermanagh|rossorry
N00003042,fermanagh|rossorry
N00002969,fermanagh|devenish
N00002970,fermanagh|devenish
N00002967,fermanagh|devenish
N00002968,fermanagh|devenish
N00002971,fermanagh|devenish
N00002980,fermanagh|erne
N00002981,fermanagh|erne
N00002986,fermanagh|erne
N00002982,fermanagh|erne
N00002984,fermanagh|erne
N00002979,fermanagh|devenish
N00002985,fermanagh|erne
N00002946,fermanagh|erne
N00002947,fermanagh|erne
N00002943,fermanagh|erne
N00002944,fermanagh|erne
N00002945,fermanagh|erne
N00002948,fermanagh|lisbellaw
N00003006,fermanagh|lisbellaw
N00003061,fermanagh|lisbellaw
N00004445,omagh|trillick
N00004444,omagh|trillick
N00002914,fermanagh|ballinamallard
N00003015,fermanagh|ballinamallard
N00002997,fermanagh|irvinestown
N00002994,fermanagh|irvinestown
N00002993,fermanagh|irvinestown
N00002996,fermanagh|irvinestown
N00002999,fermanagh|irvinestown
N00002998,fermanagh|irvinestown
N00002995,fermanagh|irvinestown
N00004363,omagh|dromore
N00004441,omagh|trillick
N00004377,omagh|drumquin
N00003002,fermanagh|kesh ederny lack
N00003001,fermanagh|kesh ederny lack
N00003000,fermanagh|kesh ederny lack
N00003005,fermanagh|kesh ederny lack
N00003004,fermanagh|belleek boa
N00002928,fermanagh|belleek boa
N00002927,fermanagh|belleek boa
N00004489,strabane|glenderg
N00004466,strabane|clare
N00004467,strabane|clare
N00004374,omagh|drumquin
N00004376,omagh|drumquin
N00004468,strabane|clare
N00004390,omagh|fairy water
N00004387,omagh|fairy water
N00004386,omagh|fairy water
N00004435,omagh|strule
N00004404,omagh|west
N00004402,omagh|west
N00004403,omagh|west
N00004388,omagh|fairy water
N00004389,omagh|fairy water
N00004375,omagh|drumquin
N00004364,omagh|dromore
N00004366,omagh|dromore
N00004365,omagh|dromore
N00004351,omagh|clanabogan
N00004354,omagh|clanabogan
N00004353,omagh|clanabogan
N00004350,omagh|clanabogan
N00004339,omagh|beragh
N00004352,omagh|clanabogan
N00004421,omagh|newtownsaville
N00004341,omagh|beragh
N00004420,omagh|newtownsaville
N00004342,omagh|beragh
N00004340,omagh|beragh
N00004369,omagh|drumnakilly
N00004338,omagh|beragh
N00004347,omagh|east
N00004346,omagh|east
N00004384,omagh|drumragh
N00004382,omagh|drumragh
N00004385,omagh|drumragh
N00004383,omagh|drumragh
N00004381,omagh|drumragh
N00004360,omagh|dergmoney
N00004362,omagh|dergmoney
N00004357,omagh|fairgreen
N00004359,omagh|fairgreen
N00004358,omagh|west
N00004355,omagh|west
N00004356,omagh|fairgreen
N00004361,omagh|dergmoney
N00004405,omagh|west
N00004434,omagh|strule
N00004433,omagh|strule
N00004432,omagh|strule
N00004345,omagh|killyclogher
N00004414,omagh|killyclogher
N00004378,omagh|east
N00004380,omagh|drumragh
N00004379,omagh|east
N00004348,omagh|east
N00004344,omagh|killyclogher
N00004349,omagh|killyclogher
N00004407,omagh|killyclogher
N00004406,omagh|killyclogher
N00004408,omagh|killyclogher
N00004416,omagh|killyclogher
N00004343,omagh|killyclogher
N00004413,omagh|killyclogher
N00004415,omagh|killyclogher
N00004409,omagh|killyclogher
N00004412,omagh|killyclogher
N00004411,omagh|killyclogher
N00004410,omagh|killyclogher
N00004371,omagh|drumnakilly
N00004401,omagh|gortin
N00004400,omagh|gortin
N00004368,omagh|drumnakilly
N00004425,omagh|drumnakilly
N00004373,omagh|drumnakilly
N00004370,omagh|drumnakilly
N00004372,omagh|drumnakilly
N00004440,omagh|carrickmore
N00004436,omagh|carrickmore
N00004439,omagh|carrickmore
N00002102,cookstown|dunnamore
N00002101,cookstown|dunnamore
N00002099,cookstown|dunnamore
N00002134,cookstown|oaklands
N00002135,cookstown|oaklands
N00002132,cookstown|oaklands
N00002144,cookstown|pomeroy
N00002147,cookstown|pomeroy
N00002146,cookstown|pomeroy
N00002795,dungannon|altmore
N00002145,cookstown|pomeroy
N00002143,cookstown|sandholes
N00002794,dungannon|altmore
N00002792,dungannon|altmore
N00002868,dungannon|donaghmore
N00002836,dungannon|castlecaulfield
N00002837,dungannon|castlecaulfield
N00002796,dungannon|altmore
N00002793,dungannon|altmore
N00002812,dungannon|ballygawley
N00004430,omagh|sixmilecross
N00004438,omagh|carrickmore
N00004437,omagh|carrickmore
N00004431,omagh|sixmilecross
N00004427,omagh|beragh
N00004428,omagh|sixmilecross
N00004429,omagh|sixmilecross
N00002797,dungannon|augher
N00002799,dungannon|augher
N00002798,dungannon|augher
N00002811,dungannon|ballygawley
N00002807,dungannon|aughnacloy
N00002809,dungannon|ballygawley
N00002810,dungannon|ballygawley
N00002801,dungannon|ballygawley
N00002808,dungannon|ballygawley
N00002813,dungannon|castlecaulfield
N00002834,dungannon|castlecaulfield
N00002832,dungannon|castlecaulfield
N00002833,dungannon|castlecaulfield
N00002835,dungannon|castlecaulfield
N00002829,dungannon|benburb
N00002831,dungannon|benburb
N00002830,dungannon|caledon
N00002806,dungannon|aughnacloy
N00002805,dungannon|aughnacloy
N00002803,dungannon|aughnacloy
N00002802,dungannon|caledon
N00002826,dungannon|caledon
N00002828,dungannon|caledon
N00002827,dungannon|caledon
N00002804,dungannon|aughnacloy
N00002800,dungannon|augher
N00002840,dungannon|clogher
N00002876,dungannon|fivemiletown
N00002877,dungannon|fivemiletown
N00002875,dungannon|fivemiletown
N00002839,dungannon|clogher
N00002838,dungannon|clogher
N00004419,omagh|newtownsaville
N00004418,omagh|newtownsaville
N00004417,omagh|newtownsaville
N00004392,omagh|fintona
N00004394,omagh|fintona
N00004396,omagh|fintona
N00004391,omagh|fintona
N00004395,omagh|fintona
N00004393,omagh|fintona
N00004367,omagh|dromore
N00004443,omagh|trillick
N00004442,omagh|trillick
N00003063,fermanagh|tempo
N00003064,fermanagh|tempo
N00002878,dungannon|fivemiletown
N00002942,fermanagh|tempo
N00002939,fermanagh|tempo
N00003066,fermanagh|tempo
N00003065,fermanagh|tempo
N00003062,fermanagh|tempo
N00003025,fermanagh|maguires bridge
N00003028,fermanagh|maguires bridge
N00002938,fermanagh|brookeborough
N00002941,fermanagh|brookeborough
N00002937,fermanagh|brookeborough
N00002978,fermanagh|brookeborough
N00003030,fermanagh|maguires bridge
N00003029,fermanagh|maguires bridge
N00003026,fermanagh|maguires bridge
N00003021,fermanagh|lisnaskea
N00003019,fermanagh|lisnaskea
N00003020,fermanagh|maguires bridge
N00003018,fermanagh|maguires bridge
N00003022,fermanagh|lisnaskea
N00003023,fermanagh|lisnaskea
N00003024,fermanagh|lisnaskea
N00002975,fermanagh|lisnaskea
N00002977,fermanagh|newtownbutler
N00002976,fermanagh|lisnaskea
N00003034,fermanagh|newtownbutler
N00003036,fermanagh|newtownbutler
N00002974,fermanagh|rosslea
N00002973,fermanagh|lisnaskea
N00003050,fermanagh|rosslea
N00003048,fermanagh|rosslea
N00003035,fermanagh|newtownbutler
N00003052,fermanagh|rosslea
N00003047,fermanagh|rosslea
N00003049,fermanagh|rosslea
N00003051,fermanagh|rosslea
N00002940,fermanagh|brookeborough
N00000414,armagh|killylea
N00000412,armagh|killylea
N00000411,armagh|killylea
N00000413,armagh|killylea
N00003032,fermanagh|newtownbutler
N00003038,fermanagh|newtownbutler
N00003037,fermanagh|newtownbutler
N00003033,fermanagh|newtownbutler
N00002965,fermanagh|derrylin
N00002960,fermanagh|derrylin
N00002966,fermanagh|derrylin
N00002962,fermanagh|derrylin
N00002964,fermanagh|derrylin
N00002963,fermanagh|derrylin
N00002988,fermanagh|florence court kinawley
N00002961,fermanagh|derrylin
N00002992,fermanagh|florence court kinawley
N00003031,fermanagh|maguires bridge
N00003027,fermanagh|maguires bridge
N00003012,fermanagh|lisbellaw
N00003011,fermanagh|lisbellaw
N00003009,fermanagh|lisbellaw
N00003008,fermanagh|lisbellaw
N00003010,fermanagh|lisbellaw
N00003007,fermanagh|lisbellaw
N00002952,fermanagh|castlecoole
N00002949,fermanagh|castlecoole
N00002951,fermanagh|castlecoole
N00002950,fermanagh|castlecoole
N00002953,fermanagh|castlecoole
N00003040,fermanagh|castlecoole
N00003044,fermanagh|castlecoole
N00003054,fermanagh|rossorry
N00003060,fermanagh|rossorry
N00003053,fermanagh|rossorry
N00003055,fermanagh|rossorry
N00003058,fermanagh|rossorry
N00003056,fermanagh|rossorry
N00002931,fermanagh|belcoo belmore
N00002989,fermanagh|florence court kinawley
N00002930,fermanagh|rossorry
N00002932,fermanagh|rossorry
N00003057,fermanagh|rossorry
N00002933,fermanagh|belcoo belmore
N00002936,fermanagh|belcoo belmore
N00002990,fermanagh|florence court kinawley
N00002987,fermanagh|florence court kinawley
N00002991,fermanagh|florence court kinawley
N00002920,fermanagh|belcoo belmore
N00002935,fermanagh|belcoo belmore
N00002919,fermanagh|belcoo belmore
