SA2011,lgd1993,catholic_pct_1971,lgd1971_pop
N00002784,DOWN,54.1,52869
N00002638,DOWN,54.1,52869
N00002639,DOWN,54.1,52869
N00002636,DOWN,54.1,52869
N00002720,DOWN,54.1,52869
N00002637,DOWN,54.1,52869
N00002779,DOWN,54.1,52869
N00002783,DOWN,54.1,52869
N00002641,DOWN,54.1,52869
N00002674,DOWN,54.1,52869
N00002673,DOWN,54.1,52869
N00002672,DOWN,54.1,52869
N00002671,DOWN,54.1,52869
N00002657,DOWN,54.1,52869
N00002653,DOWN,54.1,52869
N00002656,DOWN,54.1,52869
N00002659,DOWN,54.1,52869
N00002658,DOWN,54.1,52869
N00002654,DOWN,54.1,52869
N00002640,DOWN,54.1,52869
N00002645,DOWN,54.1,52869
N00002642,DOWN,54.1,52869
N00002644,DOWN,54.1,52869
N00002750,DOWN,54.1,52869
N00002643,DOWN,54.1,52869
N00002753,DOWN,54.1,52869
N00002749,DOWN,54.1,52869
N00002752,DOWN,54.1,52869
N00002751,DOWN,54.1,52869
N00002655,DOWN,54.1,52869
N00002765,DOWN,54.1,52869
N00002722,DOWN,54.1,52869
N00002725,DOWN,54.1,52869
N00002721,DOWN,54.1,52869
N00002632,DOWN,54.1,52869
N00002633,DOWN,54.1,52869
N00002635,DOWN,54.1,52869
N00002634,DOWN,54.1,52869
N00002724,DOWN,54.1,52869
N00002723,DOWN,54.1,52869
N00002693,DOWN,54.1,52869
N00002692,DOWN,54.1,52869
N00002694,DOWN,54.1,52869
N00002691,DOWN,54.1,52869
N00002788,DOWN,54.1,52869
N00002774,DOWN,54.1,52869
N00002745,DOWN,54.1,52869
N00002744,DOWN,54.1,52869
N00002746,DOWN,54.1,52869
N00002773,DOWN,54.1,52869
N00002771,DOWN,54.1,52869
N00002777,DOWN,54.1,52869
N00002776,DOWN,54.1,52869
N00002775,DOWN,54.1,52869
N00002695,DOWN,54.1,52869
N00002772,DOWN,54.1,52869
N00002698,DOWN,54.1,52869
N00002696,DOWN,54.1,52869
N00002697,DOWN,54.1,52869
N00002690,DOWN,54.1,52869
N00002778,DOWN,54.1,52869
N00002747,DOWN,54.1,52869
N00002748,DOWN,54.1,52869
N00002742,DOWN,54.1,52869
N00002791,DOWN,54.1,52869
N00002789,DOWN,54.1,52869
N00002790,DOWN,54.1,52869
N00002668,DOWN,54.1,52869
N00002667,DOWN,54.1,52869
N00002710,DOWN,54.1,52869
N00002711,DOWN,54.1,52869
N00002743,DOWN,54.1,52869
N00002726,DOWN,54.1,52869
N00002709,DOWN,54.1,52869
N00002768,DOWN,54.1,52869
N00002770,DOWN,54.1,52869
N00002769,DOWN,54.1,52869
N00002764,DOWN,54.1,52869
N00002766,DOWN,54.1,52869
N00002713,DOWN,54.1,52869
N00002717,DOWN,54.1,52869
N00002669,DOWN,54.1,52869
N00002767,DOWN,54.1,52869
N00002707,DOWN,54.1,52869
N00002708,DOWN,54.1,52869
N00002712,DOWN,54.1,52869
N00002670,DOWN,54.1,52869
N00000723,BANBRIDGE,31.2,29885
N00000721,BANBRIDGE,31.2,29885
N00000726,BANBRIDGE,31.2,29885
N00000725,BANBRIDGE,31.2,29885
N00000788,BANBRIDGE,31.2,29885
N00000784,BANBRIDGE,31.2,29885
N00000722,BANBRIDGE,31.2,29885
N00000785,BANBRIDGE,31.2,29885
N00000786,BANBRIDGE,31.2,29885
N00002787,DOWN,54.1,52869
N00002786,DOWN,54.1,52869
N00002785,DOWN,54.1,52869
N00003861,NEWRY and MOURNE,71.4,72243
N00003858,NEWRY and MOURNE,71.4,72243
N00003817,NEWRY and MOURNE,71.4,72243
N00003820,NEWRY and MOURNE,71.4,72243
N00003691,NEWRY and MOURNE,71.4,72243
N00003696,NEWRY and MOURNE,71.4,72243
N00003670,NEWRY and MOURNE,71.4,72243
N00003673,NEWRY and MOURNE,71.4,72243
N00003672,NEWRY and MOURNE,71.4,72243
N00003671,NEWRY and MOURNE,71.4,72243
N00003675,NEWRY and MOURNE,71.4,72243
N00003669,NEWRY and MOURNE,71.4,72243
N00003667,NEWRY and MOURNE,71.4,72243
N00003668,NEWRY and MOURNE,71.4,72243
N00003692,NEWRY and MOURNE,71.4,72243
N00003674,NEWRY and MOURNE,71.4,72243
N00003812,NEWRY and MOURNE,71.4,72243
N00003813,NEWRY and MOURNE,71.4,72243
N00003807,NEWRY and MOURNE,71.4,72243
N00003810,NEWRY and MOURNE,71.4,72243
N00003808,NEWRY and MOURNE,71.4,72243
N00003811,NEWRY and MOURNE,71.4,72243
N00003809,NEWRY and MOURNE,71.4,72243
N00003803,NEWRY and MOURNE,71.4,72243
N00003800,NEWRY and MOURNE,71.4,72243
N00003799,NEWRY and MOURNE,71.4,72243
N00003695,NEWRY and MOURNE,71.4,72243
N00003693,NEWRY and MOURNE,71.4,72243
N00003690,NEWRY and MOURNE,71.4,72243
N00003694,NEWRY and MOURNE,71.4,72243
N00003804,NEWRY and MOURNE,71.4,72243
N00003801,NEWRY and MOURNE,71.4,72243
N00003802,NEWRY and MOURNE,71.4,72243
N00003806,NEWRY and MOURNE,71.4,72243
N00003815,NEWRY and MOURNE,71.4,72243
N00003805,NEWRY and MOURNE,71.4,72243
N00003814,NEWRY and MOURNE,71.4,72243
N00003816,NEWRY and MOURNE,71.4,72243
N00003821,NEWRY and MOURNE,71.4,72243
N00003822,NEWRY and MOURNE,71.4,72243
N00003818,NEWRY and MOURNE,71.4,72243
N00003819,NEWRY and MOURNE,71.4,72243
N00003843,NEWRY and MOURNE,71.4,72243
N00003717,NEWRY and MOURNE,71.4,72243
N00003846,NEWRY and MOURNE,71.4,72243
N00003841,NEWRY and MOURNE,71.4,72243
N00003842,NEWRY and MOURNE,71.4,72243
N00003838,NEWRY and MOURNE,71.4,72243
N00003837,NEWRY and MOURNE,71.4,72243
N00003840,NEWRY and MOURNE,71.4,72243
N00003839,NEWRY and MOURNE,71.4,72243
N00003834,NEWRY and MOURNE,71.4,72243
N00003835,NEWRY and MOURNE,71.4,72243
N00003699,NEWRY and MOURNE,71.4,72243
N00003697,NEWRY and MOURNE,71.4,72243
N00003860,NEWRY and MOURNE,71.4,72243
N00003825,NEWRY and MOURNE,71.4,72243
N00003826,NEWRY and MOURNE,71.4,72243
N00003701,NEWRY and MOURNE,71.4,72243
N00003704,NEWRY and MOURNE,71.4,72243
N00003703,NEWRY and MOURNE,71.4,72243
N00003698,NEWRY and MOURNE,71.4,72243
N00003700,NEWRY and MOURNE,71.4,72243
N00003836,NEWRY and MOURNE,71.4,72243
N00003844,NEWRY and MOURNE,71.4,72243
N00003845,NEWRY and MOURNE,71.4,72243
N00003847,NEWRY and MOURNE,71.4,72243
N00003848,NEWRY and MOURNE,71.4,72243
N00003714,NEWRY and MOURNE,71.4,72243
N00003712,NEWRY and MOURNE,71.4,72243
N00003715,NEWRY and MOURNE,71.4,72243
N00003716,NEWRY and MOURNE,71.4,72243
N00003713,NEWRY and MOURNE,71.4,72243
N00003719,NEWRY and MOURNE,71.4,72243
N00003718,NEWRY and MOURNE,71.4,72243
N00003720,NEWRY and MOURNE,71.4,72243
N00003789,NEWRY and MOURNE,71.4,72243
N00003784,NEWRY and MOURNE,71.4,72243
N00003785,NEWRY and MOURNE,71.4,72243
N00003790,NEWRY and MOURNE,71.4,72243
N00003702,NEWRY and MOURNE,71.4,72243
N00003747,NEWRY and MOURNE,71.4,72243
N00003746,NEWRY and MOURNE,71.4,72243
N00003868,NEWRY and MOURNE,71.4,72243
N00003867,NEWRY and MOURNE,71.4,72243
N00003745,NEWRY and MOURNE,71.4,72243
N00003744,NEWRY and MOURNE,71.4,72243
N00003743,NEWRY and MOURNE,71.4,72243
N00003752,NEWRY and MOURNE,71.4,72243
N00003871,NEWRY and MOURNE,71.4,72243
N00003883,NEWRY and MOURNE,71.4,72243
N00003870,NEWRY and MOURNE,71.4,72243
N00003869,NEWRY and MOURNE,71.4,72243
N00003864,NEWRY and MOURNE,71.4,72243
N00003873,NEWRY and MOURNE,71.4,72243
N00003866,NEWRY and MOURNE,71.4,72243
N00003865,NEWRY and MOURNE,71.4,72243
N00003769,NEWRY and MOURNE,71.4,72243
N00003774,NEWRY and MOURNE,71.4,72243
N00003736,NEWRY and MOURNE,71.4,72243
N00003734,NEWRY and MOURNE,71.4,72243
N00003735,NEWRY and MOURNE,71.4,72243
N00003738,NEWRY and MOURNE,71.4,72243
N00003772,NEWRY and MOURNE,71.4,72243
N00003773,NEWRY and MOURNE,71.4,72243
N00003863,NEWRY and MOURNE,71.4,72243
N00003741,NEWRY and MOURNE,71.4,72243
N00003872,NEWRY and MOURNE,71.4,72243
N00003779,NEWRY and MOURNE,71.4,72243
N00003681,NEWRY and MOURNE,71.4,72243
N00003778,NEWRY and MOURNE,71.4,72243
N00003682,NEWRY and MOURNE,71.4,72243
N00003679,NEWRY and MOURNE,71.4,72243
N00003678,NEWRY and MOURNE,71.4,72243
N00003739,NEWRY and MOURNE,71.4,72243
N00003742,NEWRY and MOURNE,71.4,72243
N00003737,NEWRY and MOURNE,71.4,72243
N00003740,NEWRY and MOURNE,71.4,72243
N00003756,NEWRY and MOURNE,71.4,72243
N00003754,NEWRY and MOURNE,71.4,72243
N00003755,NEWRY and MOURNE,71.4,72243
N00003786,NEWRY and MOURNE,71.4,72243
N00003775,NEWRY and MOURNE,71.4,72243
N00003770,NEWRY and MOURNE,71.4,72243
N00003771,NEWRY and MOURNE,71.4,72243
N00003768,NEWRY and MOURNE,71.4,72243
N00003788,NEWRY and MOURNE,71.4,72243
N00003787,NEWRY and MOURNE,71.4,72243
N00003710,NEWRY and MOURNE,71.4,72243
N00003708,NEWRY and MOURNE,71.4,72243
N00003707,NEWRY and MOURNE,71.4,72243
N00003853,NEWRY and MOURNE,71.4,72243
N00003711,NEWRY and MOURNE,71.4,72243
N00003792,NEWRY and MOURNE,71.4,72243
N00003791,NEWRY and MOURNE,71.4,72243
N00003798,NEWRY and MOURNE,71.4,72243
N00003795,NEWRY and MOURNE,71.4,72243
N00003796,NEWRY and MOURNE,71.4,72243
N00003797,NEWRY and MOURNE,71.4,72243
N00003794,NEWRY and MOURNE,71.4,72243
N00003793,NEWRY and MOURNE,71.4,72243
N00003849,NEWRY and MOURNE,71.4,72243
N00003850,NEWRY and MOURNE,71.4,72243
N00003723,NEWRY and MOURNE,71.4,72243
N00003726,NEWRY and MOURNE,71.4,72243
N00003725,NEWRY and MOURNE,71.4,72243
N00003721,NEWRY and MOURNE,71.4,72243
N00003722,NEWRY and MOURNE,71.4,72243
N00003731,NEWRY and MOURNE,71.4,72243
N00003732,NEWRY and MOURNE,71.4,72243
N00003733,NEWRY and MOURNE,71.4,72243
N00003729,NEWRY and MOURNE,71.4,72243
N00003730,NEWRY and MOURNE,71.4,72243
N00003728,NEWRY and MOURNE,71.4,72243
N00003828,NEWRY and MOURNE,71.4,72243
N00003830,NEWRY and MOURNE,71.4,72243
N00003724,NEWRY and MOURNE,71.4,72243
N00003727,NEWRY and MOURNE,71.4,72243
N00003854,NEWRY and MOURNE,71.4,72243
N00003851,NEWRY and MOURNE,71.4,72243
N00003855,NEWRY and MOURNE,71.4,72243
N00003852,NEWRY and MOURNE,71.4,72243
N00003856,NEWRY and MOURNE,71.4,72243
N00003706,NEWRY and MOURNE,71.4,72243
N00003829,NEWRY and MOURNE,71.4,72243
N00003875,NEWRY and MOURNE,71.4,72243
N00000453,ARMAGH,44.5,47618
N00000431,ARMAGH,44.5,47618
N00000407,ARMAGH,44.5,47618
N00000363,ARMAGH,44.5,47618
N00003832,NEWRY and MOURNE,71.4,72243
N00003831,NEWRY and MOURNE,71.4,72243
N00003833,NEWRY and MOURNE,71.4,72243
N00000364,ARMAGH,44.5,47618
N00000365,ARMAGH,44.5,47618
N00000382,ARMAGH,44.5,47618
N00000380,ARMAGH,44.5,47618
N00000384,ARMAGH,44.5,47618
N00000383,ARMAGH,44.5,47618
N00000385,ARMAGH,44.5,47618
N00000402,ARMAGH,44.5,47618
N00000400,ARMAGH,44.5,47618
N00000405,ARMAGH,44.5,47618
N00000404,ARMAGH,44.5,47618
N00000403,ARMAGH,44.5,47618
N00000401,ARMAGH,44.5,47618
N00000381,ARMAGH,44.5,47618
N00000360,ARMAGH,44.5,47618
N00000362,ARMAGH,44.5,47618
N00000438,ARMAGH,44.5,47618
N00000361,ARMAGH,44.5,47618
N00000440,ARMAGH,44.5,47618
N00000439,ARMAGH,44.5,47618
N00000416,ARMAGH,44.5,47618
N00000415,ARMAGH,44.5,47618
N00000441,ARMAGH,44.5,47618
N00000442,ARMAGH,44.5,47618
N00000437,ARMAGH,44.5,47618
N00000373,ARMAGH,44.5,47618
N00000374,ARMAGH,44.5,47618
N00000389,ARMAGH,44.5,47618
N00000386,ARMAGH,44.5,47618
N00000388,ARMAGH,44.5,47618
N00000375,ARMAGH,44.5,47618
N00000377,ARMAGH,44.5,47618
N00000472,ARMAGH,44.5,47618
N00000376,ARMAGH,44.5,47618
N00000471,ARMAGH,44.5,47618
N00000409,ARMAGH,44.5,47618
N00000378,ARMAGH,44.5,47618
N00000379,ARMAGH,44.5,47618
N00000372,ARMAGH,44.5,47618
N00000410,ARMAGH,44.5,47618
N00000390,ARMAGH,44.5,47618
N00000408,ARMAGH,44.5,47618
N00000406,ARMAGH,44.5,47618
N00000434,ARMAGH,44.5,47618
N00000433,ARMAGH,44.5,47618
N00000435,ARMAGH,44.5,47618
N00000436,ARMAGH,44.5,47618
N00000430,ARMAGH,44.5,47618
N00000391,ARMAGH,44.5,47618
N00000432,ARMAGH,44.5,47618
N00000450,ARMAGH,44.5,47618
N00000454,ARMAGH,44.5,47618
N00000463,ARMAGH,44.5,47618
N00000799,BANBRIDGE,31.2,29885
N00000728,BANBRIDGE,31.2,29885
N00000794,BANBRIDGE,31.2,29885
N00000796,BANBRIDGE,31.2,29885
N00000797,BANBRIDGE,31.2,29885
N00000795,BANBRIDGE,31.2,29885
N00000798,BANBRIDGE,31.2,29885
N00000451,ARMAGH,44.5,47618
N00000449,ARMAGH,44.5,47618
N00000452,ARMAGH,44.5,47618
N00003879,NEWRY and MOURNE,71.4,72243
N00003874,NEWRY and MOURNE,71.4,72243
N00003878,NEWRY and MOURNE,71.4,72243
N00003876,NEWRY and MOURNE,71.4,72243
N00003688,NEWRY and MOURNE,71.4,72243
N00003683,NEWRY and MOURNE,71.4,72243
N00003709,NEWRY and MOURNE,71.4,72243
N00003705,NEWRY and MOURNE,71.4,72243
N00003686,NEWRY and MOURNE,71.4,72243
N00003685,NEWRY and MOURNE,71.4,72243
N00003684,NEWRY and MOURNE,71.4,72243
N00003753,NEWRY and MOURNE,71.4,72243
N00003759,NEWRY and MOURNE,71.4,72243
N00003689,NEWRY and MOURNE,71.4,72243
N00003687,NEWRY and MOURNE,71.4,72243
N00003877,NEWRY and MOURNE,71.4,72243
N00003758,NEWRY and MOURNE,71.4,72243
N00003757,NEWRY and MOURNE,71.4,72243
N00003760,NEWRY and MOURNE,71.4,72243
N00003677,NEWRY and MOURNE,71.4,72243
N00003676,NEWRY and MOURNE,71.4,72243
N00003781,NEWRY and MOURNE,71.4,72243
N00003780,NEWRY and MOURNE,71.4,72243
N00003680,NEWRY and MOURNE,71.4,72243
N00003777,NEWRY and MOURNE,71.4,72243
N00003783,NEWRY and MOURNE,71.4,72243
N00003776,NEWRY and MOURNE,71.4,72243
N00003884,NEWRY and MOURNE,71.4,72243
N00003886,NEWRY and MOURNE,71.4,72243
N00003885,NEWRY and MOURNE,71.4,72243
N00003782,NEWRY and MOURNE,71.4,72243
N00003751,NEWRY and MOURNE,71.4,72243
N00003750,NEWRY and MOURNE,71.4,72243
N00003882,NEWRY and MOURNE,71.4,72243
N00003881,NEWRY and MOURNE,71.4,72243
N00003749,NEWRY and MOURNE,71.4,72243
N00003748,NEWRY and MOURNE,71.4,72243
N00003765,NEWRY and MOURNE,71.4,72243
N00003880,NEWRY and MOURNE,71.4,72243
N00003767,NEWRY and MOURNE,71.4,72243
N00003766,NEWRY and MOURNE,71.4,72243
N00003763,NEWRY and MOURNE,71.4,72243
N00003762,NEWRY and MOURNE,71.4,72243
N00003823,NEWRY and MOURNE,71.4,72243
N00003761,NEWRY and MOURNE,71.4,72243
N00003764,NEWRY and MOURNE,71.4,72243
N00003824,NEWRY and MOURNE,71.4,72243
N00003827,NEWRY and MOURNE,71.4,72243
N00003857,NEWRY and MOURNE,71.4,72243
N00003859,NEWRY and MOURNE,71.4,72243
N00003862,NEWRY and MOURNE,71.4,72243
N00000809,BANBRIDGE,31.2,29885
N00000810,BANBRIDGE,31.2,29885
N00000812,BANBRIDGE,31.2,29885
N00000807,BANBRIDGE,31.2,29885
N00000811,BANBRIDGE,31.2,29885
N00000808,BANBRIDGE,31.2,29885
N00000806,BANBRIDGE,31.2,29885
N00000787,BANBRIDGE,31.2,29885
N00000783,BANBRIDGE,31.2,29885
N00000740,BANBRIDGE,31.2,29885
N00000739,BANBRIDGE,31.2,29885
N00000718,BANBRIDGE,31.2,29885
N00000770,BANBRIDGE,31.2,29885
N00000769,BANBRIDGE,31.2,29885
N00000730,BANBRIDGE,31.2,29885
N00000767,BANBRIDGE,31.2,29885
N00000729,BANBRIDGE,31.2,29885
N00000734,BANBRIDGE,31.2,29885
N00000771,BANBRIDGE,31.2,29885
N00000768,BANBRIDGE,31.2,29885
N00000737,BANBRIDGE,31.2,29885
N00000736,BANBRIDGE,31.2,29885
N00000738,BANBRIDGE,31.2,29885
N00000804,BANBRIDGE,31.2,29885
N00000735,BANBRIDGE,31.2,29885
N00000720,BANBRIDGE,31.2,29885
N00000716,BANBRIDGE,31.2,29885
N00000719,BANBRIDGE,31.2,29885
N00000715,BANBRIDGE,31.2,29885
N00000823,BANBRIDGE,31.2,29885
N00000821,BANBRIDGE,31.2,29885
N00000824,BANBRIDGE,31.2,29885
N00000717,BANBRIDGE,31.2,29885
N00000820,BANBRIDGE,31.2,29885
N00000819,BANBRIDGE,31.2,29885
N00000766,BANBRIDGE,31.2,29885
N00000727,BANBRIDGE,31.2,29885
N00000733,BANBRIDGE,31.2,29885
N00000732,BANBRIDGE,31.2,29885
N00000731,BANBRIDGE,31.2,29885
N00000758,BANBRIDGE,31.2,29885
N00000759,BANBRIDGE,31.2,29885
N00000763,BANBRIDGE,31.2,29885
N00000761,BANBRIDGE,31.2,29885
N00000765,BANBRIDGE,31.2,29885
N00000762,BANBRIDGE,31.2,29885
N00000822,BANBRIDGE,31.2,29885
N00000817,BANBRIDGE,31.2,29885
N00000816,BANBRIDGE,31.2,29885
N00000760,BANBRIDGE,31.2,29885
N00000814,BANBRIDGE,31.2,29885
N00000818,BANBRIDGE,31.2,29885
N00000815,BANBRIDGE,31.2,29885
N00000813,BANBRIDGE,31.2,29885
N00000805,BANBRIDGE,31.2,29885
N00000792,BANBRIDGE,31.2,29885
N00002261,CRAIGAVON,38.7,71202
N00002258,CRAIGAVON,38.7,71202
N00002259,CRAIGAVON,38.7,71202
N00002257,CRAIGAVON,38.7,71202
N00002260,CRAIGAVON,38.7,71202
N00000801,BANBRIDGE,31.2,29885
N00000803,BANBRIDGE,31.2,29885
N00000802,BANBRIDGE,31.2,29885
N00000756,BANBRIDGE,31.2,29885
N00000754,BANBRIDGE,31.2,29885
N00000755,BANBRIDGE,31.2,29885
N00000749,BANBRIDGE,31.2,29885
N00000757,BANBRIDGE,31.2,29885
N00000751,BANBRIDGE,31.2,29885
N00000748,BANBRIDGE,31.2,29885
N00000752,BANBRIDGE,31.2,29885
N00000750,BANBRIDGE,31.2,29885
N00000746,BANBRIDGE,31.2,29885
N00000747,BANBRIDGE,31.2,29885
N00000742,BANBRIDGE,31.2,29885
N00000743,BANBRIDGE,31.2,29885
N00000744,BANBRIDGE,31.2,29885
N00000745,BANBRIDGE,31.2,29885
N00000741,BANBRIDGE,31.2,29885
N00000800,BANBRIDGE,31.2,29885
N00003448,LISBURN,16.6,82091
N00003449,LISBURN,16.6,82091
N00003393,LISBURN,16.6,82091
N00003463,LISBURN,16.6,82091
N00003469,LISBURN,16.6,82091
N00003444,LISBURN,16.6,82091
N00003452,LISBURN,16.6,82091
N00003451,LISBURN,16.6,82091
N00003443,LISBURN,16.6,82091
N00003447,LISBURN,16.6,82091
N00003446,LISBURN,16.6,82091
N00003450,LISBURN,16.6,82091
N00003481,LISBURN,16.6,82091
N00003482,LISBURN,16.6,82091
N00003478,LISBURN,16.6,82091
N00003479,LISBURN,16.6,82091
N00003474,LISBURN,16.6,82091
N00003477,LISBURN,16.6,82091
N00003480,LISBURN,16.6,82091
N00003476,LISBURN,16.6,82091
N00002172,CRAIGAVON,38.7,71202
N00002173,CRAIGAVON,38.7,71202
N00002332,CRAIGAVON,38.7,71202
N00002333,CRAIGAVON,38.7,71202
N00002330,CRAIGAVON,38.7,71202
N00002326,CRAIGAVON,38.7,71202
N00002334,CRAIGAVON,38.7,71202
N00002335,CRAIGAVON,38.7,71202
N00003475,LISBURN,16.6,82091
N00002262,CRAIGAVON,38.7,71202
N00002263,CRAIGAVON,38.7,71202
N00002377,CRAIGAVON,38.7,71202
N00002381,CRAIGAVON,38.7,71202
N00002378,CRAIGAVON,38.7,71202
N00002384,CRAIGAVON,38.7,71202
N00002385,CRAIGAVON,38.7,71202
N00002383,CRAIGAVON,38.7,71202
N00002382,CRAIGAVON,38.7,71202
N00002379,CRAIGAVON,38.7,71202
N00002376,CRAIGAVON,38.7,71202
N00002207,CRAIGAVON,38.7,71202
N00002265,CRAIGAVON,38.7,71202
N00002264,CRAIGAVON,38.7,71202
N00002267,CRAIGAVON,38.7,71202
N00002278,CRAIGAVON,38.7,71202
N00002279,CRAIGAVON,38.7,71202
N00002268,CRAIGAVON,38.7,71202
N00002380,CRAIGAVON,38.7,71202
N00002341,CRAIGAVON,38.7,71202
N00002336,CRAIGAVON,38.7,71202
N00002228,CRAIGAVON,38.7,71202
N00002225,CRAIGAVON,38.7,71202
N00002343,CRAIGAVON,38.7,71202
N00002339,CRAIGAVON,38.7,71202
N00002337,CRAIGAVON,38.7,71202
N00002342,CRAIGAVON,38.7,71202
N00002355,CRAIGAVON,38.7,71202
N00002353,CRAIGAVON,38.7,71202
N00002269,CRAIGAVON,38.7,71202
N00002266,CRAIGAVON,38.7,71202
N00002272,CRAIGAVON,38.7,71202
N00002271,CRAIGAVON,38.7,71202
N00002277,CRAIGAVON,38.7,71202
N00002356,CRAIGAVON,38.7,71202
N00002274,CRAIGAVON,38.7,71202
N00002354,CRAIGAVON,38.7,71202
N00002270,CRAIGAVON,38.7,71202
N00002242,CRAIGAVON,38.7,71202
N00002244,CRAIGAVON,38.7,71202
N00002357,CRAIGAVON,38.7,71202
N00002358,CRAIGAVON,38.7,71202
N00002359,CRAIGAVON,38.7,71202
N00002245,CRAIGAVON,38.7,71202
N00002240,CRAIGAVON,38.7,71202
N00002241,CRAIGAVON,38.7,71202
N00002224,CRAIGAVON,38.7,71202
N00002243,CRAIGAVON,38.7,71202
N00002236,CRAIGAVON,38.7,71202
N00002238,CRAIGAVON,38.7,71202
N00002239,CRAIGAVON,38.7,71202
N00002237,CRAIGAVON,38.7,71202
N00002344,CRAIGAVON,38.7,71202
N00002345,CRAIGAVON,38.7,71202
N00002352,CRAIGAVON,38.7,71202
N00002347,CRAIGAVON,38.7,71202
N00002349,CRAIGAVON,38.7,71202
N00002348,CRAIGAVON,38.7,71202
N00002346,CRAIGAVON,38.7,71202
N00002223,CRAIGAVON,38.7,71202
N00002222,CRAIGAVON,38.7,71202
N00002226,CRAIGAVON,38.7,71202
N00002227,CRAIGAVON,38.7,71202
N00002320,CRAIGAVON,38.7,71202
N00002318,CRAIGAVON,38.7,71202
N00002221,CRAIGAVON,38.7,71202
N00002338,CRAIGAVON,38.7,71202
N00002340,CRAIGAVON,38.7,71202
N00002319,CRAIGAVON,38.7,71202
N00002323,CRAIGAVON,38.7,71202
N00002322,CRAIGAVON,38.7,71202
N00002324,CRAIGAVON,38.7,71202
N00002317,CRAIGAVON,38.7,71202
N00002321,CRAIGAVON,38.7,71202
N00002350,CRAIGAVON,38.7,71202
N00002325,CRAIGAVON,38.7,71202
N00002327,CRAIGAVON,38.7,71202
N00002328,CRAIGAVON,38.7,71202
N00002329,CRAIGAVON,38.7,71202
N00002331,CRAIGAVON,38.7,71202
N00002386,CRAIGAVON,38.7,71202
N00002282,CRAIGAVON,38.7,71202
N00002283,CRAIGAVON,38.7,71202
N00002284,CRAIGAVON,38.7,71202
N00002288,CRAIGAVON,38.7,71202
N00002392,CRAIGAVON,38.7,71202
N00002287,CRAIGAVON,38.7,71202
N00002286,CRAIGAVON,38.7,71202
N00002281,CRAIGAVON,38.7,71202
N00002351,CRAIGAVON,38.7,71202
N00002285,CRAIGAVON,38.7,71202
N00002171,CRAIGAVON,38.7,71202
N00002175,CRAIGAVON,38.7,71202
N00002176,CRAIGAVON,38.7,71202
N00002391,CRAIGAVON,38.7,71202
N00002395,CRAIGAVON,38.7,71202
N00002393,CRAIGAVON,38.7,71202
N00002394,CRAIGAVON,38.7,71202
N00002389,CRAIGAVON,38.7,71202
N00002387,CRAIGAVON,38.7,71202
N00002390,CRAIGAVON,38.7,71202
N00002388,CRAIGAVON,38.7,71202
N00002251,CRAIGAVON,38.7,71202
N00002249,CRAIGAVON,38.7,71202
N00002250,CRAIGAVON,38.7,71202
N00002247,CRAIGAVON,38.7,71202
N00002246,CRAIGAVON,38.7,71202
N00002254,CRAIGAVON,38.7,71202
N00002253,CRAIGAVON,38.7,71202
N00002307,CRAIGAVON,38.7,71202
N00002303,CRAIGAVON,38.7,71202
N00002248,CRAIGAVON,38.7,71202
N00002273,CRAIGAVON,38.7,71202
N00002275,CRAIGAVON,38.7,71202
N00002276,CRAIGAVON,38.7,71202
N00002305,CRAIGAVON,38.7,71202
N00002301,CRAIGAVON,38.7,71202
N00002306,CRAIGAVON,38.7,71202
N00002304,CRAIGAVON,38.7,71202
N00002280,CRAIGAVON,38.7,71202
N00002300,CRAIGAVON,38.7,71202
N00002313,CRAIGAVON,38.7,71202
N00002315,CRAIGAVON,38.7,71202
N00002314,CRAIGAVON,38.7,71202
N00002292,CRAIGAVON,38.7,71202
N00002291,CRAIGAVON,38.7,71202
N00002299,CRAIGAVON,38.7,71202
N00002298,CRAIGAVON,38.7,71202
N00002197,CRAIGAVON,38.7,71202
N00002200,CRAIGAVON,38.7,71202
N00002230,CRAIGAVON,38.7,71202
N00002198,CRAIGAVON,38.7,71202
N00002201,CRAIGAVON,38.7,71202
N00002199,CRAIGAVON,38.7,71202
N00002231,CRAIGAVON,38.7,71202
N00002229,CRAIGAVON,38.7,71202
N00002235,CRAIGAVON,38.7,71202
N00002233,CRAIGAVON,38.7,71202
N00002232,CRAIGAVON,38.7,71202
N00002188,CRAIGAVON,38.7,71202
N00002191,CRAIGAVON,38.7,71202
N00002362,CRAIGAVON,38.7,71202
N00002363,CRAIGAVON,38.7,71202
N00002193,CRAIGAVON,38.7,71202
N00002216,CRAIGAVON,38.7,71202
N00002361,CRAIGAVON,38.7,71202
N00002215,CRAIGAVON,38.7,71202
N00002365,CRAIGAVON,38.7,71202
N00002364,CRAIGAVON,38.7,71202
N00002366,CRAIGAVON,38.7,71202
N00002184,CRAIGAVON,38.7,71202
N00002367,CRAIGAVON,38.7,71202
N00002186,CRAIGAVON,38.7,71202
N00002185,CRAIGAVON,38.7,71202
N00002234,CRAIGAVON,38.7,71202
N00002183,CRAIGAVON,38.7,71202
N00002290,CRAIGAVON,38.7,71202
N00002310,CRAIGAVON,38.7,71202
N00002309,CRAIGAVON,38.7,71202
N00002289,CRAIGAVON,38.7,71202
N00002293,CRAIGAVON,38.7,71202
N00002297,CRAIGAVON,38.7,71202
N00002296,CRAIGAVON,38.7,71202
N00002295,CRAIGAVON,38.7,71202
N00002294,CRAIGAVON,38.7,71202
N00002180,CRAIGAVON,38.7,71202
N00002205,CRAIGAVON,38.7,71202
N00002179,CRAIGAVON,38.7,71202
N00002187,CRAIGAVON,38.7,71202
N00002360,CRAIGAVON,38.7,71202
N00002212,CRAIGAVON,38.7,71202
N00002218,CRAIGAVON,38.7,71202
N00002217,CRAIGAVON,38.7,71202
N00002219,CRAIGAVON,38.7,71202
N00002220,CRAIGAVON,38.7,71202
N00002214,CRAIGAVON,38.7,71202
N00002182,CRAIGAVON,38.7,71202
N00002181,CRAIGAVON,38.7,71202
N00002203,CRAIGAVON,38.7,71202
N00002312,CRAIGAVON,38.7,71202
N00002311,CRAIGAVON,38.7,71202
N00002316,CRAIGAVON,38.7,71202
N00002308,CRAIGAVON,38.7,71202
N00002302,CRAIGAVON,38.7,71202
N00002208,CRAIGAVON,38.7,71202
N00002210,CRAIGAVON,38.7,71202
N00002209,CRAIGAVON,38.7,71202
N00002206,CRAIGAVON,38.7,71202
N00002256,CRAIGAVON,38.7,71202
N00000789,BANBRIDGE,31.2,29885
N00002204,CRAIGAVON,38.7,71202
N00000774,BANBRIDGE,31.2,29885
N00000776,BANBRIDGE,31.2,29885
N00000773,BANBRIDGE,31.2,29885
N00000791,BANBRIDGE,31.2,29885
N00000790,BANBRIDGE,31.2,29885
N00000764,BANBRIDGE,31.2,29885
N00000793,BANBRIDGE,31.2,29885
N00000772,BANBRIDGE,31.2,29885
N00000465,ARMAGH,44.5,47618
N00000464,ARMAGH,44.5,47618
N00000469,ARMAGH,44.5,47618
N00000422,ARMAGH,44.5,47618
N00000467,ARMAGH,44.5,47618
N00000468,ARMAGH,44.5,47618
N00000775,BANBRIDGE,31.2,29885
N00000466,ARMAGH,44.5,47618
N00000420,ARMAGH,44.5,47618
N00000421,ARMAGH,44.5,47618
N00000417,ARMAGH,44.5,47618
N00000418,ARMAGH,44.5,47618
N00000393,ARMAGH,44.5,47618
N00000392,ARMAGH,44.5,47618
N00000457,ARMAGH,44.5,47618
N00000455,ARMAGH,44.5,47618
N00000458,ARMAGH,44.5,47618
N00000419,ARMAGH,44.5,47618
N00002213,CRAIGAVON,38.7,71202
N00000398,ARMAGH,44.5,47618
N00002211,CRAIGAVON,38.7,71202
N00002192,CRAIGAVON,38.7,71202
N00002194,CRAIGAVON,38.7,71202
N00002190,CRAIGAVON,38.7,71202
N00000425,ARMAGH,44.5,47618
N00000396,ARMAGH,44.5,47618
N00000399,ARMAGH,44.5,47618
N00000397,ARMAGH,44.5,47618
N00000424,ARMAGH,44.5,47618
N00000426,ARMAGH,44.5,47618
N00000443,ARMAGH,44.5,47618
N00000395,ARMAGH,44.5,47618
N00000461,ARMAGH,44.5,47618
N00000462,ARMAGH,44.5,47618
N00000460,ARMAGH,44.5,47618
N00000459,ARMAGH,44.5,47618
N00000394,ARMAGH,44.5,47618
N00000456,ARMAGH,44.5,47618
N00000446,ARMAGH,44.5,47618
N00000445,ARMAGH,44.5,47618
N00000476,ARMAGH,44.5,47618
N00000470,ARMAGH,44.5,47618
N00000475,ARMAGH,44.5,47618
N00000473,ARMAGH,44.5,47618
N00000359,ARMAGH,44.5,47618
N00000474,ARMAGH,44.5,47618
N00000387,ARMAGH,44.5,47618
N00000356,ARMAGH,44.5,47618
N00000357,ARMAGH,44.5,47618
N00000348,ARMAGH,44.5,47618
N00000347,ARMAGH,44.5,47618
N00000448,ARMAGH,44.5,47618
N00000345,ARMAGH,44.5,47618
N00000349,ARMAGH,44.5,47618
N00000346,ARMAGH,44.5,47618
N00000444,ARMAGH,44.5,47618
N00000447,ARMAGH,44.5,47618
N00000344,ARMAGH,44.5,47618
N00000353,ARMAGH,44.5,47618
N00000355,ARMAGH,44.5,47618
N00000358,ARMAGH,44.5,47618
N00000354,ARMAGH,44.5,47618
N00000350,ARMAGH,44.5,47618
N00000351,ARMAGH,44.5,47618
N00002822,DUNGANNON,52.3,41073
N00000367,ARMAGH,44.5,47618
N00000352,ARMAGH,44.5,47618
N00000368,ARMAGH,44.5,47618
N00000371,ARMAGH,44.5,47618
N00000369,ARMAGH,44.5,47618
N00002893,DUNGANNON,52.3,41073
N00002895,DUNGANNON,52.3,41073
N00002891,DUNGANNON,52.3,41073
N00002894,DUNGANNON,52.3,41073
N00000366,ARMAGH,44.5,47618
N00002821,DUNGANNON,52.3,41073
N00002820,DUNGANNON,52.3,41073
N00002825,DUNGANNON,52.3,41073
N00002824,DUNGANNON,52.3,41073
N00002899,DUNGANNON,52.3,41073
N00002900,DUNGANNON,52.3,41073
N00002901,DUNGANNON,52.3,41073
N00002823,DUNGANNON,52.3,41073
N00002897,DUNGANNON,52.3,41073
N00002814,DUNGANNON,52.3,41073
N00002819,DUNGANNON,52.3,41073
N00002815,DUNGANNON,52.3,41073
N00002816,DUNGANNON,52.3,41073
N00002885,DUNGANNON,52.3,41073
N00002903,DUNGANNON,52.3,41073
N00002886,DUNGANNON,52.3,41073
N00002862,DUNGANNON,52.3,41073
N00002863,DUNGANNON,52.3,41073
N00002858,DUNGANNON,52.3,41073
N00002861,DUNGANNON,52.3,41073
N00002898,DUNGANNON,52.3,41073
N00002864,DUNGANNON,52.3,41073
N00002859,DUNGANNON,52.3,41073
N00002860,DUNGANNON,52.3,41073
N00002884,DUNGANNON,52.3,41073
N00002881,DUNGANNON,52.3,41073
N00002896,DUNGANNON,52.3,41073
N00002890,DUNGANNON,52.3,41073
N00002892,DUNGANNON,52.3,41073
N00002879,DUNGANNON,52.3,41073
N00002882,DUNGANNON,52.3,41073
N00002374,CRAIGAVON,38.7,71202
N00002880,DUNGANNON,52.3,41073
N00000428,ARMAGH,44.5,47618
N00000370,ARMAGH,44.5,47618
N00000423,ARMAGH,44.5,47618
N00000429,ARMAGH,44.5,47618
N00000427,ARMAGH,44.5,47618
N00002369,CRAIGAVON,38.7,71202
N00002370,CRAIGAVON,38.7,71202
N00002195,CRAIGAVON,38.7,71202
N00002189,CRAIGAVON,38.7,71202
N00002202,CRAIGAVON,38.7,71202
N00002196,CRAIGAVON,38.7,71202
N00002368,CRAIGAVON,38.7,71202
N00002371,CRAIGAVON,38.7,71202
N00002372,CRAIGAVON,38.7,71202
N00002255,CRAIGAVON,38.7,71202
N00002252,CRAIGAVON,38.7,71202
N00002375,CRAIGAVON,38.7,71202
N00002112,COOKSTOWN,49.2,26624
N00002911,DUNGANNON,52.3,41073
N00002373,CRAIGAVON,38.7,71202
N00002909,DUNGANNON,52.3,41073
N00002910,DUNGANNON,52.3,41073
N00002907,DUNGANNON,52.3,41073
N00002846,DUNGANNON,52.3,41073
N00002852,DUNGANNON,52.3,41073
N00002842,DUNGANNON,52.3,41073
N00002843,DUNGANNON,52.3,41073
N00002844,DUNGANNON,52.3,41073
N00002845,DUNGANNON,52.3,41073
N00002850,DUNGANNON,52.3,41073
N00002849,DUNGANNON,52.3,41073
N00002853,DUNGANNON,52.3,41073
N00002851,DUNGANNON,52.3,41073
N00002848,DUNGANNON,52.3,41073
N00002883,DUNGANNON,52.3,41073
N00002887,DUNGANNON,52.3,41073
N00002870,DUNGANNON,52.3,41073
N00002871,DUNGANNON,52.3,41073
N00002888,DUNGANNON,52.3,41073
N00002889,DUNGANNON,52.3,41073
N00002873,DUNGANNON,52.3,41073
N00002874,DUNGANNON,52.3,41073
N00002872,DUNGANNON,52.3,41073
N00002906,DUNGANNON,52.3,41073
N00002902,DUNGANNON,52.3,41073
N00002818,DUNGANNON,52.3,41073
N00002817,DUNGANNON,52.3,41073
N00002905,DUNGANNON,52.3,41073
N00002904,DUNGANNON,52.3,41073
N00002869,DUNGANNON,52.3,41073
N00002867,DUNGANNON,52.3,41073
N00002854,DUNGANNON,52.3,41073
N00002857,DUNGANNON,52.3,41073
N00002855,DUNGANNON,52.3,41073
N00002866,DUNGANNON,52.3,41073
N00002865,DUNGANNON,52.3,41073
N00002149,COOKSTOWN,49.2,26624
N00002156,COOKSTOWN,49.2,26624
N00002155,COOKSTOWN,49.2,26624
N00002157,COOKSTOWN,49.2,26624
N00002856,DUNGANNON,52.3,41073
N00002841,DUNGANNON,52.3,41073
N00002847,DUNGANNON,52.3,41073
N00002908,DUNGANNON,52.3,41073
N00002153,COOKSTOWN,49.2,26624
N00002154,COOKSTOWN,49.2,26624
N00002152,COOKSTOWN,49.2,26624
N00002148,COOKSTOWN,49.2,26624
N00002151,COOKSTOWN,49.2,26624
N00002150,COOKSTOWN,49.2,26624
N00002114,COOKSTOWN,49.2,26624
N00002118,COOKSTOWN,49.2,26624
N00002116,COOKSTOWN,49.2,26624
N00002117,COOKSTOWN,49.2,26624
N00002130,COOKSTOWN,49.2,26624
N00002119,COOKSTOWN,49.2,26624
N00002115,COOKSTOWN,49.2,26624
N00002164,COOKSTOWN,49.2,26624
N00002169,COOKSTOWN,49.2,26624
N00002167,COOKSTOWN,49.2,26624
N00002166,COOKSTOWN,49.2,26624
N00002165,COOKSTOWN,49.2,26624
N00002168,COOKSTOWN,49.2,26624
N00002108,COOKSTOWN,49.2,26624
N00002107,COOKSTOWN,49.2,26624
N00002106,COOKSTOWN,49.2,26624
N00002103,COOKSTOWN,49.2,26624
N00002104,COOKSTOWN,49.2,26624
N00002105,COOKSTOWN,49.2,26624
N00002131,COOKSTOWN,49.2,26624
N00002120,COOKSTOWN,49.2,26624
N00002141,COOKSTOWN,49.2,26624
N00002139,COOKSTOWN,49.2,26624
N00002137,COOKSTOWN,49.2,26624
N00002142,COOKSTOWN,49.2,26624
N00002136,COOKSTOWN,49.2,26624
N00002138,COOKSTOWN,49.2,26624
N00002140,COOKSTOWN,49.2,26624
N00002128,COOKSTOWN,49.2,26624
N00002129,COOKSTOWN,49.2,26624
N00002097,COOKSTOWN,49.2,26624
N00002095,COOKSTOWN,49.2,26624
N00002093,COOKSTOWN,49.2,26624
N00002090,COOKSTOWN,49.2,26624
N00002094,COOKSTOWN,49.2,26624
N00002096,COOKSTOWN,49.2,26624
N00002113,COOKSTOWN,49.2,26624
N00002111,COOKSTOWN,49.2,26624
N00002110,COOKSTOWN,49.2,26624
N00002109,COOKSTOWN,49.2,26624
N00002091,COOKSTOWN,49.2,26624
N00002092,COOKSTOWN,49.2,26624
N00000004,ANTRIM,31.1,44384
N00002178,CRAIGAVON,38.7,71202
N00002174,CRAIGAVON,38.7,71202
N00002177,CRAIGAVON,38.7,71202
N00003350,LISBURN,16.6,82091
N00003355,LISBURN,16.6,82091
N00003243,LISBURN,16.6,82091
N00003247,LISBURN,16.6,82091
N00003249,LISBURN,16.6,82091
N00002170,CRAIGAVON,38.7,71202
N00003246,LISBURN,16.6,82091
N00003245,LISBURN,16.6,82091
N00003248,LISBURN,16.6,82091
N00003240,LISBURN,16.6,82091
N00003445,LISBURN,16.6,82091
N00003241,LISBURN,16.6,82091
N00003244,LISBURN,16.6,82091
N00003357,LISBURN,16.6,82091
N00003356,LISBURN,16.6,82091
N00003358,LISBURN,16.6,82091
N00003354,LISBURN,16.6,82091
N00000027,ANTRIM,31.1,44384
N00003352,LISBURN,16.6,82091
N00003351,LISBURN,16.6,82091
N00003353,LISBURN,16.6,82091
N00000038,ANTRIM,31.1,44384
N00003349,LISBURN,16.6,82091
N00000043,ANTRIM,31.1,44384
N00000039,ANTRIM,31.1,44384
N00000037,ANTRIM,31.1,44384
N00000040,ANTRIM,31.1,44384
N00000042,ANTRIM,31.1,44384
N00000041,ANTRIM,31.1,44384
N00000028,ANTRIM,31.1,44384
N00000044,ANTRIM,31.1,44384
N00000002,ANTRIM,31.1,44384
N00000006,ANTRIM,31.1,44384
N00000001,ANTRIM,31.1,44384
N00000010,ANTRIM,31.1,44384
N00000003,ANTRIM,31.1,44384
N00000026,ANTRIM,31.1,44384
N00000024,ANTRIM,31.1,44384
N00000030,ANTRIM,31.1,44384
N00000025,ANTRIM,31.1,44384
N00003359,LISBURN,16.6,82091
N00001219,BELFAST,34.1,295223
N00001248,BELFAST,34.1,295223
N00001231,BELFAST,34.1,295223
N00001533,BELFAST,34.1,295223
N00001534,BELFAST,34.1,295223
N00001538,BELFAST,34.1,295223
N00001532,BELFAST,34.1,295223
N00001250,BELFAST,34.1,295223
N00001247,BELFAST,34.1,295223
N00001246,BELFAST,34.1,295223
N00001254,BELFAST,34.1,295223
N00001251,BELFAST,34.1,295223
N00001255,BELFAST,34.1,295223
N00001253,BELFAST,34.1,295223
N00001259,BELFAST,34.1,295223
N00001257,BELFAST,34.1,295223
N00001258,BELFAST,34.1,295223
N00001252,BELFAST,34.1,295223
N00001262,BELFAST,34.1,295223
N00001260,BELFAST,34.1,295223
N00001261,BELFAST,34.1,295223
N00001536,BELFAST,34.1,295223
N00001535,BELFAST,34.1,295223
N00001531,BELFAST,34.1,295223
N00001539,BELFAST,34.1,295223
N00001574,BELFAST,34.1,295223
N00001537,BELFAST,34.1,295223
N00001572,BELFAST,34.1,295223
N00001575,BELFAST,34.1,295223
N00001578,BELFAST,34.1,295223
N00001577,BELFAST,34.1,295223
N00001576,BELFAST,34.1,295223
N00001540,BELFAST,34.1,295223
N00001541,BELFAST,34.1,295223
N00001543,BELFAST,34.1,295223
N00001542,BELFAST,34.1,295223
N00001567,BELFAST,34.1,295223
N00001565,BELFAST,34.1,295223
N00001159,BELFAST,34.1,295223
N00001161,BELFAST,34.1,295223
N00001569,BELFAST,34.1,295223
N00001566,BELFAST,34.1,295223
N00001571,BELFAST,34.1,295223
N00001573,BELFAST,34.1,295223
N00001570,BELFAST,34.1,295223
N00000937,BELFAST,34.1,295223
N00000938,BELFAST,34.1,295223
N00001114,BELFAST,34.1,295223
N00001108,BELFAST,34.1,295223
N00001115,BELFAST,34.1,295223
N00000931,BELFAST,34.1,295223
N00000932,BELFAST,34.1,295223
N00000933,BELFAST,34.1,295223
N00000939,BELFAST,34.1,295223
N00000940,BELFAST,34.1,295223
N00001568,BELFAST,34.1,295223
N00000926,BELFAST,34.1,295223
N00000928,BELFAST,34.1,295223
N00000929,BELFAST,34.1,295223
N00000930,BELFAST,34.1,295223
N00000927,BELFAST,34.1,295223
N00000935,BELFAST,34.1,295223
N00000934,BELFAST,34.1,295223
N00001147,BELFAST,34.1,295223
N00000986,BELFAST,34.1,295223
N00000989,BELFAST,34.1,295223
N00000990,BELFAST,34.1,295223
N00000988,BELFAST,34.1,295223
N00000987,BELFAST,34.1,295223
N00000985,BELFAST,34.1,295223
N00000983,BELFAST,34.1,295223
N00001148,BELFAST,34.1,295223
N00001116,BELFAST,34.1,295223
N00001145,BELFAST,34.1,295223
N00001146,BELFAST,34.1,295223
N00001153,BELFAST,34.1,295223
N00001151,BELFAST,34.1,295223
N00001436,BELFAST,34.1,295223
N00001435,BELFAST,34.1,295223
N00001113,BELFAST,34.1,295223
N00001106,BELFAST,34.1,295223
N00001111,BELFAST,34.1,295223
N00001112,BELFAST,34.1,295223
N00001107,BELFAST,34.1,295223
N00000936,BELFAST,34.1,295223
N00001109,BELFAST,34.1,295223
N00001110,BELFAST,34.1,295223
N00001433,BELFAST,34.1,295223
N00001623,BELFAST,34.1,295223
N00001626,BELFAST,34.1,295223
N00001627,BELFAST,34.1,295223
N00001628,BELFAST,34.1,295223
N00001625,BELFAST,34.1,295223
N00001634,BELFAST,34.1,295223
N00001624,BELFAST,34.1,295223
N00001122,BELFAST,34.1,295223
N00001118,BELFAST,34.1,295223
N00001432,BELFAST,34.1,295223
N00001431,BELFAST,34.1,295223
N00001434,BELFAST,34.1,295223
N00001119,BELFAST,34.1,295223
N00001123,BELFAST,34.1,295223
N00001120,BELFAST,34.1,295223
N00001117,BELFAST,34.1,295223
N00001121,BELFAST,34.1,295223
N00001124,BELFAST,34.1,295223
N00001125,BELFAST,34.1,295223
N00001129,BELFAST,34.1,295223
N00001639,BELFAST,34.1,295223
N00001127,BELFAST,34.1,295223
N00000854,BELFAST,34.1,295223
N00001555,BELFAST,34.1,295223
N00000853,BELFAST,34.1,295223
N00000847,BELFAST,34.1,295223
N00000846,BELFAST,34.1,295223
N00000845,BELFAST,34.1,295223
N00000852,BELFAST,34.1,295223
N00000849,BELFAST,34.1,295223
N00000851,BELFAST,34.1,295223
N00000848,BELFAST,34.1,295223
N00000841,BELFAST,34.1,295223
N00000844,BELFAST,34.1,295223
N00000843,BELFAST,34.1,295223
N00000842,BELFAST,34.1,295223
N00001230,BELFAST,34.1,295223
N00001635,BELFAST,34.1,295223
N00001225,BELFAST,34.1,295223
N00001637,BELFAST,34.1,295223
N00001636,BELFAST,34.1,295223
N00001638,BELFAST,34.1,295223
N00001630,BELFAST,34.1,295223
N00001640,BELFAST,34.1,295223
N00001632,BELFAST,34.1,295223
N00001633,BELFAST,34.1,295223
N00001631,BELFAST,34.1,295223
N00001629,BELFAST,34.1,295223
N00001224,BELFAST,34.1,295223
N00001226,BELFAST,34.1,295223
N00001217,BELFAST,34.1,295223
N00001218,BELFAST,34.1,295223
N00001256,BELFAST,34.1,295223
N00001249,BELFAST,34.1,295223
N00001223,BELFAST,34.1,295223
N00001228,BELFAST,34.1,295223
N00001229,BELFAST,34.1,295223
N00001319,BELFAST,34.1,295223
N00001321,BELFAST,34.1,295223
N00001324,BELFAST,34.1,295223
N00001323,BELFAST,34.1,295223
N00001322,BELFAST,34.1,295223
N00001318,BELFAST,34.1,295223
N00001320,BELFAST,34.1,295223
N00001222,BELFAST,34.1,295223
N00001221,BELFAST,34.1,295223
N00001227,BELFAST,34.1,295223
N00001220,BELFAST,34.1,295223
N00001313,BELFAST,34.1,295223
N00001312,BELFAST,34.1,295223
N00001315,BELFAST,34.1,295223
N00001316,BELFAST,34.1,295223
N00000912,BELFAST,34.1,295223
N00001317,BELFAST,34.1,295223
N00000911,BELFAST,34.1,295223
N00000909,BELFAST,34.1,295223
N00000910,BELFAST,34.1,295223
N00000908,BELFAST,34.1,295223
N00000917,BELFAST,34.1,295223
N00000918,BELFAST,34.1,295223
N00001099,BELFAST,34.1,295223
N00000919,BELFAST,34.1,295223
N00001104,BELFAST,34.1,295223
N00001101,BELFAST,34.1,295223
N00001102,BELFAST,34.1,295223
N00001103,BELFAST,34.1,295223
N00000850,BELFAST,34.1,295223
N00001105,BELFAST,34.1,295223
N00001097,BELFAST,34.1,295223
N00001094,BELFAST,34.1,295223
N00001092,BELFAST,34.1,295223
N00001093,BELFAST,34.1,295223
N00001095,BELFAST,34.1,295223
N00001091,BELFAST,34.1,295223
N00001096,BELFAST,34.1,295223
N00001089,BELFAST,34.1,295223
N00001098,BELFAST,34.1,295223
N00001100,BELFAST,34.1,295223
N00001090,BELFAST,34.1,295223
N00001086,BELFAST,34.1,295223
N00001050,BELFAST,34.1,295223
N00001048,BELFAST,34.1,295223
N00000922,BELFAST,34.1,295223
N00000915,BELFAST,34.1,295223
N00000924,BELFAST,34.1,295223
N00000916,BELFAST,34.1,295223
N00000914,BELFAST,34.1,295223
N00000913,BELFAST,34.1,295223
N00000925,BELFAST,34.1,295223
N00000923,BELFAST,34.1,295223
N00000920,BELFAST,34.1,295223
N00000921,BELFAST,34.1,295223
N00001060,BELFAST,34.1,295223
N00001049,BELFAST,34.1,295223
N00001047,BELFAST,34.1,295223
N00001046,BELFAST,34.1,295223
N00001059,BELFAST,34.1,295223
N00001057,BELFAST,34.1,295223
N00001056,BELFAST,34.1,295223
N00001308,BELFAST,34.1,295223
N00001309,BELFAST,34.1,295223
N00000907,BELFAST,34.1,295223
N00000906,BELFAST,34.1,295223
N00001314,BELFAST,34.1,295223
N00001311,BELFAST,34.1,295223
N00001310,BELFAST,34.1,295223
N00004061,NEWTOWNABBEY,18.0,71631
N00003974,NEWTOWNABBEY,18.0,71631
N00003975,NEWTOWNABBEY,18.0,71631
N00003973,NEWTOWNABBEY,18.0,71631
N00003980,NEWTOWNABBEY,18.0,71631
N00003976,NEWTOWNABBEY,18.0,71631
N00003978,NEWTOWNABBEY,18.0,71631
N00003977,NEWTOWNABBEY,18.0,71631
N00003979,NEWTOWNABBEY,18.0,71631
N00004011,NEWTOWNABBEY,18.0,71631
N00000942,BELFAST,34.1,295223
N00000944,BELFAST,34.1,295223
N00000943,BELFAST,34.1,295223
N00004097,NEWTOWNABBEY,18.0,71631
N00004005,NEWTOWNABBEY,18.0,71631
N00004002,NEWTOWNABBEY,18.0,71631
N00004001,NEWTOWNABBEY,18.0,71631
N00004003,NEWTOWNABBEY,18.0,71631
N00004004,NEWTOWNABBEY,18.0,71631
N00004006,NEWTOWNABBEY,18.0,71631
N00004096,NEWTOWNABBEY,18.0,71631
N00004108,NEWTOWNABBEY,18.0,71631
N00004105,NEWTOWNABBEY,18.0,71631
N00003986,NEWTOWNABBEY,18.0,71631
N00003989,NEWTOWNABBEY,18.0,71631
N00004104,NEWTOWNABBEY,18.0,71631
N00003887,NEWTOWNABBEY,18.0,71631
N00004107,NEWTOWNABBEY,18.0,71631
N00004106,NEWTOWNABBEY,18.0,71631
N00004109,NEWTOWNABBEY,18.0,71631
N00004101,NEWTOWNABBEY,18.0,71631
N00004103,NEWTOWNABBEY,18.0,71631
N00004102,NEWTOWNABBEY,18.0,71631
N00004098,NEWTOWNABBEY,18.0,71631
N00004099,NEWTOWNABBEY,18.0,71631
N00004094,NEWTOWNABBEY,18.0,71631
N00004092,NEWTOWNABBEY,18.0,71631
N00004093,NEWTOWNABBEY,18.0,71631
N00003888,NEWTOWNABBEY,18.0,71631
N00004095,NEWTOWNABBEY,18.0,71631
N00000947,BELFAST,34.1,295223
N00000949,BELFAST,34.1,295223
N00000948,BELFAST,34.1,295223
N00000953,BELFAST,34.1,295223
N00000955,BELFAST,34.1,295223
N00000952,BELFAST,34.1,295223
N00000954,BELFAST,34.1,295223
N00004100,NEWTOWNABBEY,18.0,71631
N00000956,BELFAST,34.1,295223
N00000945,BELFAST,34.1,295223
N00000941,BELFAST,34.1,295223
N00000951,BELFAST,34.1,295223
N00001039,BELFAST,34.1,295223
N00001042,BELFAST,34.1,295223
N00001053,BELFAST,34.1,295223
N00001058,BELFAST,34.1,295223
N00001055,BELFAST,34.1,295223
N00001054,BELFAST,34.1,295223
N00001051,BELFAST,34.1,295223
N00001052,BELFAST,34.1,295223
N00001088,BELFAST,34.1,295223
N00001087,BELFAST,34.1,295223
N00001084,BELFAST,34.1,295223
N00001083,BELFAST,34.1,295223
N00001189,BELFAST,34.1,295223
N00001198,BELFAST,34.1,295223
N00001036,BELFAST,34.1,295223
N00001035,BELFAST,34.1,295223
N00001200,BELFAST,34.1,295223
N00001201,BELFAST,34.1,295223
N00001038,BELFAST,34.1,295223
N00001037,BELFAST,34.1,295223
N00001040,BELFAST,34.1,295223
N00001032,BELFAST,34.1,295223
N00001034,BELFAST,34.1,295223
N00001033,BELFAST,34.1,295223
N00001197,BELFAST,34.1,295223
N00001045,BELFAST,34.1,295223
N00001044,BELFAST,34.1,295223
N00001043,BELFAST,34.1,295223
N00001041,BELFAST,34.1,295223
N00000946,BELFAST,34.1,295223
N00000950,BELFAST,34.1,295223
N00001133,BELFAST,34.1,295223
N00004219,NORTH DOWN,11.3,65849
N00004242,NORTH DOWN,11.3,65849
N00004236,NORTH DOWN,11.3,65849
N00004237,NORTH DOWN,11.3,65849
N00004239,NORTH DOWN,11.3,65849
N00004240,NORTH DOWN,11.3,65849
N00004241,NORTH DOWN,11.3,65849
N00004283,NORTH DOWN,11.3,65849
N00004284,NORTH DOWN,11.3,65849
N00004235,NORTH DOWN,11.3,65849
N00004278,NORTH DOWN,11.3,65849
N00004277,NORTH DOWN,11.3,65849
N00004288,NORTH DOWN,11.3,65849
N00004289,NORTH DOWN,11.3,65849
N00004276,NORTH DOWN,11.3,65849
N00004279,NORTH DOWN,11.3,65849
N00004285,NORTH DOWN,11.3,65849
N00004280,NORTH DOWN,11.3,65849
N00004281,NORTH DOWN,11.3,65849
N00004238,NORTH DOWN,11.3,65849
N00004282,NORTH DOWN,11.3,65849
N00004271,NORTH DOWN,11.3,65849
N00004275,NORTH DOWN,11.3,65849
N00004274,NORTH DOWN,11.3,65849
N00004272,NORTH DOWN,11.3,65849
N00004273,NORTH DOWN,11.3,65849
N00004293,NORTH DOWN,11.3,65849
N00004292,NORTH DOWN,11.3,65849
N00004270,NORTH DOWN,11.3,65849
N00004287,NORTH DOWN,11.3,65849
N00004291,NORTH DOWN,11.3,65849
N00004294,NORTH DOWN,11.3,65849
N00000968,BELFAST,34.1,295223
N00000970,BELFAST,34.1,295223
N00000969,BELFAST,34.1,295223
N00000973,BELFAST,34.1,295223
N00000971,BELFAST,34.1,295223
N00000972,BELFAST,34.1,295223
N00000974,BELFAST,34.1,295223
N00001446,BELFAST,34.1,295223
N00000963,BELFAST,34.1,295223
N00000967,BELFAST,34.1,295223
N00000964,BELFAST,34.1,295223
N00000957,BELFAST,34.1,295223
N00001447,BELFAST,34.1,295223
N00004290,NORTH DOWN,11.3,65849
N00004286,NORTH DOWN,11.3,65849
N00001824,CASTLEREAGH,10.1,60757
N00001820,CASTLEREAGH,10.1,60757
N00001829,CASTLEREAGH,10.1,60757
N00001828,CASTLEREAGH,10.1,60757
N00001827,CASTLEREAGH,10.1,60757
N00001826,CASTLEREAGH,10.1,60757
N00001780,CASTLEREAGH,10.1,60757
N00001781,CASTLEREAGH,10.1,60757
N00001782,CASTLEREAGH,10.1,60757
N00001783,CASTLEREAGH,10.1,60757
N00001860,CASTLEREAGH,10.1,60757
N00001858,CASTLEREAGH,10.1,60757
N00001859,CASTLEREAGH,10.1,60757
N00001786,CASTLEREAGH,10.1,60757
N00001784,CASTLEREAGH,10.1,60757
N00001789,CASTLEREAGH,10.1,60757
N00001778,CASTLEREAGH,10.1,60757
N00001788,CASTLEREAGH,10.1,60757
N00001787,CASTLEREAGH,10.1,60757
N00001785,CASTLEREAGH,10.1,60757
N00001832,CASTLEREAGH,10.1,60757
N00001833,CASTLEREAGH,10.1,60757
N00001861,CASTLEREAGH,10.1,60757
N00001835,CASTLEREAGH,10.1,60757
N00001834,CASTLEREAGH,10.1,60757
N00001836,CASTLEREAGH,10.1,60757
N00001863,CASTLEREAGH,10.1,60757
N00001751,CASTLEREAGH,10.1,60757
N00001862,CASTLEREAGH,10.1,60757
N00001857,CASTLEREAGH,10.1,60757
N00001855,CASTLEREAGH,10.1,60757
N00001854,CASTLEREAGH,10.1,60757
N00001825,CASTLEREAGH,10.1,60757
N00001821,CASTLEREAGH,10.1,60757
N00001822,CASTLEREAGH,10.1,60757
N00001823,CASTLEREAGH,10.1,60757
N00001856,CASTLEREAGH,10.1,60757
N00001750,CASTLEREAGH,10.1,60757
N00001757,CASTLEREAGH,10.1,60757
N00001073,BELFAST,34.1,295223
N00001921,CASTLEREAGH,10.1,60757
N00001923,CASTLEREAGH,10.1,60757
N00001925,CASTLEREAGH,10.1,60757
N00001922,CASTLEREAGH,10.1,60757
N00001072,BELFAST,34.1,295223
N00001920,CASTLEREAGH,10.1,60757
N00001074,BELFAST,34.1,295223
N00001075,BELFAST,34.1,295223
N00001078,BELFAST,34.1,295223
N00001076,BELFAST,34.1,295223
N00001077,BELFAST,34.1,295223
N00001445,BELFAST,34.1,295223
N00001454,BELFAST,34.1,295223
N00001453,BELFAST,34.1,295223
N00001452,BELFAST,34.1,295223
N00001450,BELFAST,34.1,295223
N00001448,BELFAST,34.1,295223
N00001449,BELFAST,34.1,295223
N00000960,BELFAST,34.1,295223
N00001459,BELFAST,34.1,295223
N00001457,BELFAST,34.1,295223
N00001456,BELFAST,34.1,295223
N00001281,BELFAST,34.1,295223
N00001282,BELFAST,34.1,295223
N00001451,BELFAST,34.1,295223
N00001455,BELFAST,34.1,295223
N00001071,BELFAST,34.1,295223
N00001069,BELFAST,34.1,295223
N00001070,BELFAST,34.1,295223
N00001067,BELFAST,34.1,295223
N00001066,BELFAST,34.1,295223
N00001852,CASTLEREAGH,10.1,60757
N00001853,CASTLEREAGH,10.1,60757
N00001068,BELFAST,34.1,295223
N00001062,BELFAST,34.1,295223
N00001061,BELFAST,34.1,295223
N00001283,BELFAST,34.1,295223
N00001284,BELFAST,34.1,295223
N00001279,BELFAST,34.1,295223
N00001285,BELFAST,34.1,295223
N00000861,BELFAST,34.1,295223
N00000857,BELFAST,34.1,295223
N00000856,BELFAST,34.1,295223
N00000855,BELFAST,34.1,295223
N00000858,BELFAST,34.1,295223
N00000859,BELFAST,34.1,295223
N00000860,BELFAST,34.1,295223
N00000997,BELFAST,34.1,295223
N00000996,BELFAST,34.1,295223
N00001000,BELFAST,34.1,295223
N00001376,BELFAST,34.1,295223
N00001286,BELFAST,34.1,295223
N00001287,BELFAST,34.1,295223
N00001288,BELFAST,34.1,295223
N00001289,BELFAST,34.1,295223
N00001290,BELFAST,34.1,295223
N00001379,BELFAST,34.1,295223
N00001375,BELFAST,34.1,295223
N00000995,BELFAST,34.1,295223
N00001003,BELFAST,34.1,295223
N00001005,BELFAST,34.1,295223
N00001002,BELFAST,34.1,295223
N00001508,BELFAST,34.1,295223
N00001513,BELFAST,34.1,295223
N00001511,BELFAST,34.1,295223
N00001607,BELFAST,34.1,295223
N00001604,BELFAST,34.1,295223
N00001605,BELFAST,34.1,295223
N00001510,BELFAST,34.1,295223
N00001512,BELFAST,34.1,295223
N00001615,BELFAST,34.1,295223
N00001507,BELFAST,34.1,295223
N00001502,BELFAST,34.1,295223
N00001509,BELFAST,34.1,295223
N00001501,BELFAST,34.1,295223
N00001499,BELFAST,34.1,295223
N00001505,BELFAST,34.1,295223
N00001498,BELFAST,34.1,295223
N00001504,BELFAST,34.1,295223
N00001503,BELFAST,34.1,295223
N00000991,BELFAST,34.1,295223
N00001506,BELFAST,34.1,295223
N00000994,BELFAST,34.1,295223
N00001004,BELFAST,34.1,295223
N00001001,BELFAST,34.1,295223
N00000998,BELFAST,34.1,295223
N00000999,BELFAST,34.1,295223
N00000993,BELFAST,34.1,295223
N00000992,BELFAST,34.1,295223
N00001273,BELFAST,34.1,295223
N00001270,BELFAST,34.1,295223
N00001264,BELFAST,34.1,295223
N00001266,BELFAST,34.1,295223
N00001271,BELFAST,34.1,295223
N00000883,BELFAST,34.1,295223
N00000881,BELFAST,34.1,295223
N00000882,BELFAST,34.1,295223
N00000885,BELFAST,34.1,295223
N00000878,BELFAST,34.1,295223
N00001268,BELFAST,34.1,295223
N00000884,BELFAST,34.1,295223
N00001267,BELFAST,34.1,295223
N00001263,BELFAST,34.1,295223
N00001496,BELFAST,34.1,295223
N00001495,BELFAST,34.1,295223
N00001492,BELFAST,34.1,295223
N00001487,BELFAST,34.1,295223
N00001488,BELFAST,34.1,295223
N00001486,BELFAST,34.1,295223
N00001489,BELFAST,34.1,295223
N00001491,BELFAST,34.1,295223
N00001497,BELFAST,34.1,295223
N00001490,BELFAST,34.1,295223
N00001493,BELFAST,34.1,295223
N00001494,BELFAST,34.1,295223
N00001272,BELFAST,34.1,295223
N00001269,BELFAST,34.1,295223
N00000870,BELFAST,34.1,295223
N00000868,BELFAST,34.1,295223
N00000869,BELFAST,34.1,295223
N00000865,BELFAST,34.1,295223
N00000867,BELFAST,34.1,295223
N00000866,BELFAST,34.1,295223
N00000871,BELFAST,34.1,295223
N00000872,BELFAST,34.1,295223
N00000863,BELFAST,34.1,295223
N00000864,BELFAST,34.1,295223
N00000862,BELFAST,34.1,295223
N00001460,BELFAST,34.1,295223
N00001458,BELFAST,34.1,295223
N00000961,BELFAST,34.1,295223
N00000959,BELFAST,34.1,295223
N00000958,BELFAST,34.1,295223
N00000966,BELFAST,34.1,295223
N00000962,BELFAST,34.1,295223
N00000965,BELFAST,34.1,295223
N00001483,BELFAST,34.1,295223
N00001481,BELFAST,34.1,295223
N00001485,BELFAST,34.1,295223
N00001482,BELFAST,34.1,295223
N00001480,BELFAST,34.1,295223
N00001265,BELFAST,34.1,295223
N00001484,BELFAST,34.1,295223
N00001131,BELFAST,34.1,295223
N00001132,BELFAST,34.1,295223
N00001136,BELFAST,34.1,295223
N00001135,BELFAST,34.1,295223
N00001193,BELFAST,34.1,295223
N00001199,BELFAST,34.1,295223
N00001191,BELFAST,34.1,295223
N00001134,BELFAST,34.1,295223
N00001141,BELFAST,34.1,295223
N00001562,BELFAST,34.1,295223
N00001563,BELFAST,34.1,295223
N00001081,BELFAST,34.1,295223
N00001139,BELFAST,34.1,295223
N00001140,BELFAST,34.1,295223
N00001196,BELFAST,34.1,295223
N00001194,BELFAST,34.1,295223
N00001192,BELFAST,34.1,295223
N00001190,BELFAST,34.1,295223
N00001188,BELFAST,34.1,295223
N00001195,BELFAST,34.1,295223
N00001080,BELFAST,34.1,295223
N00001082,BELFAST,34.1,295223
N00001079,BELFAST,34.1,295223
N00001085,BELFAST,34.1,295223
N00001561,BELFAST,34.1,295223
N00001560,BELFAST,34.1,295223
N00001559,BELFAST,34.1,295223
N00001552,BELFAST,34.1,295223
N00001556,BELFAST,34.1,295223
N00001554,BELFAST,34.1,295223
N00001557,BELFAST,34.1,295223
N00001126,BELFAST,34.1,295223
N00001546,BELFAST,34.1,295223
N00001549,BELFAST,34.1,295223
N00001548,BELFAST,34.1,295223
N00001547,BELFAST,34.1,295223
N00001553,BELFAST,34.1,295223
N00001564,BELFAST,34.1,295223
N00001558,BELFAST,34.1,295223
N00001545,BELFAST,34.1,295223
N00001137,BELFAST,34.1,295223
N00001142,BELFAST,34.1,295223
N00001143,BELFAST,34.1,295223
N00001130,BELFAST,34.1,295223
N00001138,BELFAST,34.1,295223
N00001144,BELFAST,34.1,295223
N00001359,BELFAST,34.1,295223
N00001358,BELFAST,34.1,295223
N00001355,BELFAST,34.1,295223
N00001356,BELFAST,34.1,295223
N00001357,BELFAST,34.1,295223
N00001361,BELFAST,34.1,295223
N00001360,BELFAST,34.1,295223
N00001362,BELFAST,34.1,295223
N00001350,BELFAST,34.1,295223
N00001354,BELFAST,34.1,295223
N00001551,BELFAST,34.1,295223
N00001550,BELFAST,34.1,295223
N00001128,BELFAST,34.1,295223
N00001441,BELFAST,34.1,295223
N00001442,BELFAST,34.1,295223
N00001444,BELFAST,34.1,295223
N00001437,BELFAST,34.1,295223
N00001438,BELFAST,34.1,295223
N00001443,BELFAST,34.1,295223
N00001440,BELFAST,34.1,295223
N00001150,BELFAST,34.1,295223
N00001156,BELFAST,34.1,295223
N00001439,BELFAST,34.1,295223
N00001155,BELFAST,34.1,295223
N00001352,BELFAST,34.1,295223
N00001353,BELFAST,34.1,295223
N00001351,BELFAST,34.1,295223
N00000877,BELFAST,34.1,295223
N00000875,BELFAST,34.1,295223
N00000879,BELFAST,34.1,295223
N00000873,BELFAST,34.1,295223
N00001415,BELFAST,34.1,295223
N00001419,BELFAST,34.1,295223
N00001418,BELFAST,34.1,295223
N00000874,BELFAST,34.1,295223
N00000880,BELFAST,34.1,295223
N00000876,BELFAST,34.1,295223
N00001500,BELFAST,34.1,295223
N00001611,BELFAST,34.1,295223
N00001612,BELFAST,34.1,295223
N00001610,BELFAST,34.1,295223
N00001620,BELFAST,34.1,295223
N00001616,BELFAST,34.1,295223
N00001619,BELFAST,34.1,295223
N00001613,BELFAST,34.1,295223
N00001614,BELFAST,34.1,295223
N00001621,BELFAST,34.1,295223
N00001622,BELFAST,34.1,295223
N00001617,BELFAST,34.1,295223
N00001608,BELFAST,34.1,295223
N00001618,BELFAST,34.1,295223
N00001423,BELFAST,34.1,295223
N00001420,BELFAST,34.1,295223
N00001028,BELFAST,34.1,295223
N00001422,BELFAST,34.1,295223
N00001425,BELFAST,34.1,295223
N00001024,BELFAST,34.1,295223
N00001023,BELFAST,34.1,295223
N00001421,BELFAST,34.1,295223
N00001424,BELFAST,34.1,295223
N00001416,BELFAST,34.1,295223
N00001417,BELFAST,34.1,295223
N00001152,BELFAST,34.1,295223
N00001154,BELFAST,34.1,295223
N00001149,BELFAST,34.1,295223
N00001428,BELFAST,34.1,295223
N00001427,BELFAST,34.1,295223
N00001430,BELFAST,34.1,295223
N00001426,BELFAST,34.1,295223
N00001429,BELFAST,34.1,295223
N00001601,BELFAST,34.1,295223
N00001599,BELFAST,34.1,295223
N00001006,BELFAST,34.1,295223
N00001007,BELFAST,34.1,295223
N00001603,BELFAST,34.1,295223
N00001585,BELFAST,34.1,295223
N00001586,BELFAST,34.1,295223
N00001590,BELFAST,34.1,295223
N00001580,BELFAST,34.1,295223
N00001466,BELFAST,34.1,295223
N00001591,BELFAST,34.1,295223
N00001009,BELFAST,34.1,295223
N00001008,BELFAST,34.1,295223
N00001014,BELFAST,34.1,295223
N00001471,BELFAST,34.1,295223
N00001015,BELFAST,34.1,295223
N00001468,BELFAST,34.1,295223
N00001470,BELFAST,34.1,295223
N00000900,BELFAST,34.1,295223
N00001012,BELFAST,34.1,295223
N00001011,BELFAST,34.1,295223
N00001017,BELFAST,34.1,295223
N00001019,BELFAST,34.1,295223
N00001018,BELFAST,34.1,295223
N00001022,BELFAST,34.1,295223
N00001025,BELFAST,34.1,295223
N00001026,BELFAST,34.1,295223
N00001021,BELFAST,34.1,295223
N00001016,BELFAST,34.1,295223
N00001030,BELFAST,34.1,295223
N00001029,BELFAST,34.1,295223
N00001031,BELFAST,34.1,295223
N00001020,BELFAST,34.1,295223
N00001010,BELFAST,34.1,295223
N00001013,BELFAST,34.1,295223
N00001027,BELFAST,34.1,295223
N00001381,BELFAST,34.1,295223
N00001396,BELFAST,34.1,295223
N00001392,BELFAST,34.1,295223
N00001393,BELFAST,34.1,295223
N00001394,BELFAST,34.1,295223
N00001382,BELFAST,34.1,295223
N00001383,BELFAST,34.1,295223
N00001385,BELFAST,34.1,295223
N00000890,BELFAST,34.1,295223
N00000891,BELFAST,34.1,295223
N00000897,BELFAST,34.1,295223
N00001380,BELFAST,34.1,295223
N00000901,BELFAST,34.1,295223
N00000899,BELFAST,34.1,295223
N00000903,BELFAST,34.1,295223
N00000902,BELFAST,34.1,295223
N00000904,BELFAST,34.1,295223
N00000905,BELFAST,34.1,295223
N00000896,BELFAST,34.1,295223
N00000895,BELFAST,34.1,295223
N00000898,BELFAST,34.1,295223
N00000894,BELFAST,34.1,295223
N00000892,BELFAST,34.1,295223
N00001402,BELFAST,34.1,295223
N00001403,BELFAST,34.1,295223
N00001407,BELFAST,34.1,295223
N00000888,BELFAST,34.1,295223
N00000887,BELFAST,34.1,295223
N00000886,BELFAST,34.1,295223
N00000889,BELFAST,34.1,295223
N00001405,BELFAST,34.1,295223
N00001406,BELFAST,34.1,295223
N00001408,BELFAST,34.1,295223
N00001412,BELFAST,34.1,295223
N00001413,BELFAST,34.1,295223
N00001940,CASTLEREAGH,10.1,60757
N00001414,BELFAST,34.1,295223
N00001410,BELFAST,34.1,295223
N00001409,BELFAST,34.1,295223
N00001404,BELFAST,34.1,295223
N00001399,BELFAST,34.1,295223
N00001478,BELFAST,34.1,295223
N00001479,BELFAST,34.1,295223
N00001476,BELFAST,34.1,295223
N00001477,BELFAST,34.1,295223
N00001475,BELFAST,34.1,295223
N00001401,BELFAST,34.1,295223
N00001473,BELFAST,34.1,295223
N00000893,BELFAST,34.1,295223
N00001469,BELFAST,34.1,295223
N00001467,BELFAST,34.1,295223
N00001472,BELFAST,34.1,295223
N00001474,BELFAST,34.1,295223
N00001463,BELFAST,34.1,295223
N00001462,BELFAST,34.1,295223
N00001461,BELFAST,34.1,295223
N00001464,BELFAST,34.1,295223
N00001465,BELFAST,34.1,295223
N00001517,BELFAST,34.1,295223
N00001899,CASTLEREAGH,10.1,60757
N00001896,CASTLEREAGH,10.1,60757
N00001895,CASTLEREAGH,10.1,60757
N00001893,CASTLEREAGH,10.1,60757
N00001897,CASTLEREAGH,10.1,60757
N00001765,CASTLEREAGH,10.1,60757
N00001898,CASTLEREAGH,10.1,60757
N00001764,CASTLEREAGH,10.1,60757
N00001762,CASTLEREAGH,10.1,60757
N00001766,CASTLEREAGH,10.1,60757
N00001763,CASTLEREAGH,10.1,60757
N00001915,CASTLEREAGH,10.1,60757
N00001877,CASTLEREAGH,10.1,60757
N00001876,CASTLEREAGH,10.1,60757
N00001914,CASTLEREAGH,10.1,60757
N00001913,CASTLEREAGH,10.1,60757
N00001911,CASTLEREAGH,10.1,60757
N00001918,CASTLEREAGH,10.1,60757
N00001917,CASTLEREAGH,10.1,60757
N00001842,CASTLEREAGH,10.1,60757
N00001916,CASTLEREAGH,10.1,60757
N00001912,CASTLEREAGH,10.1,60757
N00001400,BELFAST,34.1,295223
N00001411,BELFAST,34.1,295223
N00001865,CASTLEREAGH,10.1,60757
N00001839,CASTLEREAGH,10.1,60757
N00001870,CASTLEREAGH,10.1,60757
N00001864,CASTLEREAGH,10.1,60757
N00001840,CASTLEREAGH,10.1,60757
N00001843,CASTLEREAGH,10.1,60757
N00001841,CASTLEREAGH,10.1,60757
N00001844,CASTLEREAGH,10.1,60757
N00001845,CASTLEREAGH,10.1,60757
N00001846,CASTLEREAGH,10.1,60757
N00001777,CASTLEREAGH,10.1,60757
N00001772,CASTLEREAGH,10.1,60757
N00001773,CASTLEREAGH,10.1,60757
N00001775,CASTLEREAGH,10.1,60757
N00001879,CASTLEREAGH,10.1,60757
N00001878,CASTLEREAGH,10.1,60757
N00001875,CASTLEREAGH,10.1,60757
N00001874,CASTLEREAGH,10.1,60757
N00001776,CASTLEREAGH,10.1,60757
N00001769,CASTLEREAGH,10.1,60757
N00001770,CASTLEREAGH,10.1,60757
N00001771,CASTLEREAGH,10.1,60757
N00001768,CASTLEREAGH,10.1,60757
N00001767,CASTLEREAGH,10.1,60757
N00001774,CASTLEREAGH,10.1,60757
N00001905,CASTLEREAGH,10.1,60757
N00001891,CASTLEREAGH,10.1,60757
N00001932,CASTLEREAGH,10.1,60757
N00001933,CASTLEREAGH,10.1,60757
N00001890,CASTLEREAGH,10.1,60757
N00001868,CASTLEREAGH,10.1,60757
N00001866,CASTLEREAGH,10.1,60757
N00001883,CASTLEREAGH,10.1,60757
N00001867,CASTLEREAGH,10.1,60757
N00001869,CASTLEREAGH,10.1,60757
N00001819,CASTLEREAGH,10.1,60757
N00001937,CASTLEREAGH,10.1,60757
N00001936,CASTLEREAGH,10.1,60757
N00001941,CASTLEREAGH,10.1,60757
N00001939,CASTLEREAGH,10.1,60757
N00001938,CASTLEREAGH,10.1,60757
N00001935,CASTLEREAGH,10.1,60757
N00001808,CASTLEREAGH,10.1,60757
N00001806,CASTLEREAGH,10.1,60757
N00001809,CASTLEREAGH,10.1,60757
N00001807,CASTLEREAGH,10.1,60757
N00001813,CASTLEREAGH,10.1,60757
N00001812,CASTLEREAGH,10.1,60757
N00001815,CASTLEREAGH,10.1,60757
N00001816,CASTLEREAGH,10.1,60757
N00001818,CASTLEREAGH,10.1,60757
N00001817,CASTLEREAGH,10.1,60757
N00001882,CASTLEREAGH,10.1,60757
N00001880,CASTLEREAGH,10.1,60757
N00001884,CASTLEREAGH,10.1,60757
N00001814,CASTLEREAGH,10.1,60757
N00001811,CASTLEREAGH,10.1,60757
N00001810,CASTLEREAGH,10.1,60757
N00001384,BELFAST,34.1,295223
N00001391,BELFAST,34.1,295223
N00001390,BELFAST,34.1,295223
N00001388,BELFAST,34.1,295223
N00001364,BELFAST,34.1,295223
N00001366,BELFAST,34.1,295223
N00001389,BELFAST,34.1,295223
N00001395,BELFAST,34.1,295223
N00001387,BELFAST,34.1,295223
N00001386,BELFAST,34.1,295223
N00001398,BELFAST,34.1,295223
N00001397,BELFAST,34.1,295223
N00001609,BELFAST,34.1,295223
N00001606,BELFAST,34.1,295223
N00001367,BELFAST,34.1,295223
N00001363,BELFAST,34.1,295223
N00001365,BELFAST,34.1,295223
N00001370,BELFAST,34.1,295223
N00001369,BELFAST,34.1,295223
N00001372,BELFAST,34.1,295223
N00001368,BELFAST,34.1,295223
N00001373,BELFAST,34.1,295223
N00001378,BELFAST,34.1,295223
N00001377,BELFAST,34.1,295223
N00001374,BELFAST,34.1,295223
N00001371,BELFAST,34.1,295223
N00001881,CASTLEREAGH,10.1,60757
N00001892,CASTLEREAGH,10.1,60757
N00001888,CASTLEREAGH,10.1,60757
N00001887,CASTLEREAGH,10.1,60757
N00001885,CASTLEREAGH,10.1,60757
N00001276,BELFAST,34.1,295223
N00001274,BELFAST,34.1,295223
N00001280,BELFAST,34.1,295223
N00001275,BELFAST,34.1,295223
N00001277,BELFAST,34.1,295223
N00001278,BELFAST,34.1,295223
N00001063,BELFAST,34.1,295223
N00001064,BELFAST,34.1,295223
N00001848,CASTLEREAGH,10.1,60757
N00001851,CASTLEREAGH,10.1,60757
N00001927,CASTLEREAGH,10.1,60757
N00001934,CASTLEREAGH,10.1,60757
N00001931,CASTLEREAGH,10.1,60757
N00001930,CASTLEREAGH,10.1,60757
N00001928,CASTLEREAGH,10.1,60757
N00001065,BELFAST,34.1,295223
N00001886,CASTLEREAGH,10.1,60757
N00001889,CASTLEREAGH,10.1,60757
N00001929,CASTLEREAGH,10.1,60757
N00001759,CASTLEREAGH,10.1,60757
N00001919,CASTLEREAGH,10.1,60757
N00001850,CASTLEREAGH,10.1,60757
N00001849,CASTLEREAGH,10.1,60757
N00001847,CASTLEREAGH,10.1,60757
N00001926,CASTLEREAGH,10.1,60757
N00001924,CASTLEREAGH,10.1,60757
N00001754,CASTLEREAGH,10.1,60757
N00001752,CASTLEREAGH,10.1,60757
N00001758,CASTLEREAGH,10.1,60757
N00001753,CASTLEREAGH,10.1,60757
N00001837,CASTLEREAGH,10.1,60757
N00001838,CASTLEREAGH,10.1,60757
N00001831,CASTLEREAGH,10.1,60757
N00001830,CASTLEREAGH,10.1,60757
N00001756,CASTLEREAGH,10.1,60757
N00001755,CASTLEREAGH,10.1,60757
N00000203,ARDS,16.0,57626
N00000205,ARDS,16.0,57626
N00001906,CASTLEREAGH,10.1,60757
N00001901,CASTLEREAGH,10.1,60757
N00001908,CASTLEREAGH,10.1,60757
N00001910,CASTLEREAGH,10.1,60757
N00001909,CASTLEREAGH,10.1,60757
N00001907,CASTLEREAGH,10.1,60757
N00000269,ARDS,16.0,57626
N00000135,ARDS,16.0,57626
N00001902,CASTLEREAGH,10.1,60757
N00001904,CASTLEREAGH,10.1,60757
N00001794,CASTLEREAGH,10.1,60757
N00001802,CASTLEREAGH,10.1,60757
N00001801,CASTLEREAGH,10.1,60757
N00001804,CASTLEREAGH,10.1,60757
N00001805,CASTLEREAGH,10.1,60757
N00001796,CASTLEREAGH,10.1,60757
N00001797,CASTLEREAGH,10.1,60757
N00001803,CASTLEREAGH,10.1,60757
N00001800,CASTLEREAGH,10.1,60757
N00001791,CASTLEREAGH,10.1,60757
N00001793,CASTLEREAGH,10.1,60757
N00001792,CASTLEREAGH,10.1,60757
N00001903,CASTLEREAGH,10.1,60757
N00001873,CASTLEREAGH,10.1,60757
N00001871,CASTLEREAGH,10.1,60757
N00001872,CASTLEREAGH,10.1,60757
N00001790,CASTLEREAGH,10.1,60757
N00001761,CASTLEREAGH,10.1,60757
N00001760,CASTLEREAGH,10.1,60757
N00001894,CASTLEREAGH,10.1,60757
N00003333,LISBURN,16.6,82091
N00001799,CASTLEREAGH,10.1,60757
N00003332,LISBURN,16.6,82091
N00003334,LISBURN,16.6,82091
N00003335,LISBURN,16.6,82091
N00003327,LISBURN,16.6,82091
N00003385,LISBURN,16.6,82091
N00003383,LISBURN,16.6,82091
N00003378,LISBURN,16.6,82091
N00003379,LISBURN,16.6,82091
N00003380,LISBURN,16.6,82091
N00003381,LISBURN,16.6,82091
N00003370,LISBURN,16.6,82091
N00003374,LISBURN,16.6,82091
N00003373,LISBURN,16.6,82091
N00003368,LISBURN,16.6,82091
N00003386,LISBURN,16.6,82091
N00003427,LISBURN,16.6,82091
N00003428,LISBURN,16.6,82091
N00003377,LISBURN,16.6,82091
N00003376,LISBURN,16.6,82091
N00003375,LISBURN,16.6,82091
N00003432,LISBURN,16.6,82091
N00003426,LISBURN,16.6,82091
N00003361,LISBURN,16.6,82091
N00003367,LISBURN,16.6,82091
N00003433,LISBURN,16.6,82091
N00003314,LISBURN,16.6,82091
N00003315,LISBURN,16.6,82091
N00003313,LISBURN,16.6,82091
N00003498,LISBURN,16.6,82091
N00003502,LISBURN,16.6,82091
N00003497,LISBURN,16.6,82091
N00003505,LISBURN,16.6,82091
N00003499,LISBURN,16.6,82091
N00003430,LISBURN,16.6,82091
N00003431,LISBURN,16.6,82091
N00003429,LISBURN,16.6,82091
N00003504,LISBURN,16.6,82091
N00001174,BELFAST,34.1,295223
N00001515,BELFAST,34.1,295223
N00003330,LISBURN,16.6,82091
N00003331,LISBURN,16.6,82091
N00003329,LISBURN,16.6,82091
N00003328,LISBURN,16.6,82091
N00001518,BELFAST,34.1,295223
N00001514,BELFAST,34.1,295223
N00001527,BELFAST,34.1,295223
N00001187,BELFAST,34.1,295223
N00001175,BELFAST,34.1,295223
N00001186,BELFAST,34.1,295223
N00001177,BELFAST,34.1,295223
N00001176,BELFAST,34.1,295223
N00001184,BELFAST,34.1,295223
N00001173,BELFAST,34.1,295223
N00001185,BELFAST,34.1,295223
N00001183,BELFAST,34.1,295223
N00001525,BELFAST,34.1,295223
N00001526,BELFAST,34.1,295223
N00001529,BELFAST,34.1,295223
N00001530,BELFAST,34.1,295223
N00001516,BELFAST,34.1,295223
N00001528,BELFAST,34.1,295223
N00001521,BELFAST,34.1,295223
N00001522,BELFAST,34.1,295223
N00001519,BELFAST,34.1,295223
N00001338,BELFAST,34.1,295223
N00001339,BELFAST,34.1,295223
N00001340,BELFAST,34.1,295223
N00001180,BELFAST,34.1,295223
N00001181,BELFAST,34.1,295223
N00001178,BELFAST,34.1,295223
N00001348,BELFAST,34.1,295223
N00001342,BELFAST,34.1,295223
N00001343,BELFAST,34.1,295223
N00001341,BELFAST,34.1,295223
N00001346,BELFAST,34.1,295223
N00001325,BELFAST,34.1,295223
N00001523,BELFAST,34.1,295223
N00001524,BELFAST,34.1,295223
N00001520,BELFAST,34.1,295223
N00001326,BELFAST,34.1,295223
N00001327,BELFAST,34.1,295223
N00001330,BELFAST,34.1,295223
N00001329,BELFAST,34.1,295223
N00001331,BELFAST,34.1,295223
N00001337,BELFAST,34.1,295223
N00001328,BELFAST,34.1,295223
N00001335,BELFAST,34.1,295223
N00001584,BELFAST,34.1,295223
N00001332,BELFAST,34.1,295223
N00001336,BELFAST,34.1,295223
N00001333,BELFAST,34.1,295223
N00001334,BELFAST,34.1,295223
N00001581,BELFAST,34.1,295223
N00001582,BELFAST,34.1,295223
N00001589,BELFAST,34.1,295223
N00001579,BELFAST,34.1,295223
N00001583,BELFAST,34.1,295223
N00001588,BELFAST,34.1,295223
N00001592,BELFAST,34.1,295223
N00001595,BELFAST,34.1,295223
N00001597,BELFAST,34.1,295223
N00001587,BELFAST,34.1,295223
N00001596,BELFAST,34.1,295223
N00001594,BELFAST,34.1,295223
N00001593,BELFAST,34.1,295223
N00001602,BELFAST,34.1,295223
N00001600,BELFAST,34.1,295223
N00001598,BELFAST,34.1,295223
N00000984,BELFAST,34.1,295223
N00000979,BELFAST,34.1,295223
N00000976,BELFAST,34.1,295223
N00000978,BELFAST,34.1,295223
N00000977,BELFAST,34.1,295223
N00000980,BELFAST,34.1,295223
N00000982,BELFAST,34.1,295223
N00000975,BELFAST,34.1,295223
N00001160,BELFAST,34.1,295223
N00000981,BELFAST,34.1,295223
N00001157,BELFAST,34.1,295223
N00001162,BELFAST,34.1,295223
N00001164,BELFAST,34.1,295223
N00001170,BELFAST,34.1,295223
N00001544,BELFAST,34.1,295223
N00001169,BELFAST,34.1,295223
N00001171,BELFAST,34.1,295223
N00001172,BELFAST,34.1,295223
N00001205,BELFAST,34.1,295223
N00001167,BELFAST,34.1,295223
N00001165,BELFAST,34.1,295223
N00001166,BELFAST,34.1,295223
N00000836,BELFAST,34.1,295223
N00000838,BELFAST,34.1,295223
N00000832,BELFAST,34.1,295223
N00000840,BELFAST,34.1,295223
N00000839,BELFAST,34.1,295223
N00001163,BELFAST,34.1,295223
N00001158,BELFAST,34.1,295223
N00001349,BELFAST,34.1,295223
N00001347,BELFAST,34.1,295223
N00000831,BELFAST,34.1,295223
N00000828,BELFAST,34.1,295223
N00001345,BELFAST,34.1,295223
N00001294,BELFAST,34.1,295223
N00000829,BELFAST,34.1,295223
N00000835,BELFAST,34.1,295223
N00000825,BELFAST,34.1,295223
N00001301,BELFAST,34.1,295223
N00001300,BELFAST,34.1,295223
N00001306,BELFAST,34.1,295223
N00001305,BELFAST,34.1,295223
N00001303,BELFAST,34.1,295223
N00001304,BELFAST,34.1,295223
N00000827,BELFAST,34.1,295223
N00000826,BELFAST,34.1,295223
N00001238,BELFAST,34.1,295223
N00001239,BELFAST,34.1,295223
N00001216,BELFAST,34.1,295223
N00001245,BELFAST,34.1,295223
N00001244,BELFAST,34.1,295223
N00001214,BELFAST,34.1,295223
N00001215,BELFAST,34.1,295223
N00001212,BELFAST,34.1,295223
N00001209,BELFAST,34.1,295223
N00001211,BELFAST,34.1,295223
N00001210,BELFAST,34.1,295223
N00000830,BELFAST,34.1,295223
N00000833,BELFAST,34.1,295223
N00000834,BELFAST,34.1,295223
N00001206,BELFAST,34.1,295223
N00000837,BELFAST,34.1,295223
N00001208,BELFAST,34.1,295223
N00001207,BELFAST,34.1,295223
N00001204,BELFAST,34.1,295223
N00001203,BELFAST,34.1,295223
N00001168,BELFAST,34.1,295223
N00001202,BELFAST,34.1,295223
N00001213,BELFAST,34.1,295223
N00001242,BELFAST,34.1,295223
N00001234,BELFAST,34.1,295223
N00001232,BELFAST,34.1,295223
N00001233,BELFAST,34.1,295223
N00001235,BELFAST,34.1,295223
N00001236,BELFAST,34.1,295223
N00001237,BELFAST,34.1,295223
N00001243,BELFAST,34.1,295223
N00001241,BELFAST,34.1,295223
N00001240,BELFAST,34.1,295223
N00001302,BELFAST,34.1,295223
N00001307,BELFAST,34.1,295223
N00003495,LISBURN,16.6,82091
N00003494,LISBURN,16.6,82091
N00003491,LISBURN,16.6,82091
N00003493,LISBURN,16.6,82091
N00003490,LISBURN,16.6,82091
N00003492,LISBURN,16.6,82091
N00003294,LISBURN,16.6,82091
N00003303,LISBURN,16.6,82091
N00003304,LISBURN,16.6,82091
N00003305,LISBURN,16.6,82091
N00003302,LISBURN,16.6,82091
N00003401,LISBURN,16.6,82091
N00003402,LISBURN,16.6,82091
N00003400,LISBURN,16.6,82091
N00003399,LISBURN,16.6,82091
N00003398,LISBURN,16.6,82091
N00003301,LISBURN,16.6,82091
N00003496,LISBURN,16.6,82091
N00003397,LISBURN,16.6,82091
N00001296,BELFAST,34.1,295223
N00001298,BELFAST,34.1,295223
N00001299,BELFAST,34.1,295223
N00003345,LISBURN,16.6,82091
N00001297,BELFAST,34.1,295223
N00001295,BELFAST,34.1,295223
N00001293,BELFAST,34.1,295223
N00001344,BELFAST,34.1,295223
N00001291,BELFAST,34.1,295223
N00001292,BELFAST,34.1,295223
N00001179,BELFAST,34.1,295223
N00003348,LISBURN,16.6,82091
N00003347,LISBURN,16.6,82091
N00003346,LISBURN,16.6,82091
N00003341,LISBURN,16.6,82091
N00003338,LISBURN,16.6,82091
N00003342,LISBURN,16.6,82091
N00003337,LISBURN,16.6,82091
N00001182,BELFAST,34.1,295223
N00003344,LISBURN,16.6,82091
N00003503,LISBURN,16.6,82091
N00003500,LISBURN,16.6,82091
N00003501,LISBURN,16.6,82091
N00003339,LISBURN,16.6,82091
N00003340,LISBURN,16.6,82091
N00003516,LISBURN,16.6,82091
N00003514,LISBURN,16.6,82091
N00003343,LISBURN,16.6,82091
N00003405,LISBURN,16.6,82091
N00003403,LISBURN,16.6,82091
N00003515,LISBURN,16.6,82091
N00003519,LISBURN,16.6,82091
N00003518,LISBURN,16.6,82091
N00003404,LISBURN,16.6,82091
N00003300,LISBURN,16.6,82091
N00003298,LISBURN,16.6,82091
N00003312,LISBURN,16.6,82091
N00003517,LISBURN,16.6,82091
N00003520,LISBURN,16.6,82091
N00003306,LISBURN,16.6,82091
N00003311,LISBURN,16.6,82091
N00003297,LISBURN,16.6,82091
N00003308,LISBURN,16.6,82091
N00003299,LISBURN,16.6,82091
N00003296,LISBURN,16.6,82091
N00003295,LISBURN,16.6,82091
N00003293,LISBURN,16.6,82091
N00003281,LISBURN,16.6,82091
N00003276,LISBURN,16.6,82091
N00003280,LISBURN,16.6,82091
N00003307,LISBURN,16.6,82091
N00003309,LISBURN,16.6,82091
N00003316,LISBURN,16.6,82091
N00003460,LISBURN,16.6,82091
N00003310,LISBURN,16.6,82091
N00003459,LISBURN,16.6,82091
N00003458,LISBURN,16.6,82091
N00003454,LISBURN,16.6,82091
N00003461,LISBURN,16.6,82091
N00003455,LISBURN,16.6,82091
N00003360,LISBURN,16.6,82091
N00003457,LISBURN,16.6,82091
N00003453,LISBURN,16.6,82091
N00003456,LISBURN,16.6,82091
N00003462,LISBURN,16.6,82091
N00003261,LISBURN,16.6,82091
N00003257,LISBURN,16.6,82091
N00003258,LISBURN,16.6,82091
N00003260,LISBURN,16.6,82091
N00003277,LISBURN,16.6,82091
N00003253,LISBURN,16.6,82091
N00003250,LISBURN,16.6,82091
N00003252,LISBURN,16.6,82091
N00003279,LISBURN,16.6,82091
N00003275,LISBURN,16.6,82091
N00003274,LISBURN,16.6,82091
N00003412,LISBURN,16.6,82091
N00003413,LISBURN,16.6,82091
N00003256,LISBURN,16.6,82091
N00003438,LISBURN,16.6,82091
N00003437,LISBURN,16.6,82091
N00003436,LISBURN,16.6,82091
N00003441,LISBURN,16.6,82091
N00003439,LISBURN,16.6,82091
N00003440,LISBURN,16.6,82091
N00003251,LISBURN,16.6,82091
N00003255,LISBURN,16.6,82091
N00003254,LISBURN,16.6,82091
N00003259,LISBURN,16.6,82091
N00003524,LISBURN,16.6,82091
N00003363,LISBURN,16.6,82091
N00003362,LISBURN,16.6,82091
N00003364,LISBURN,16.6,82091
N00003525,LISBURN,16.6,82091
N00003365,LISBURN,16.6,82091
N00003366,LISBURN,16.6,82091
N00003526,LISBURN,16.6,82091
N00003523,LISBURN,16.6,82091
N00003521,LISBURN,16.6,82091
N00003522,LISBURN,16.6,82091
N00003434,LISBURN,16.6,82091
N00003369,LISBURN,16.6,82091
N00003371,LISBURN,16.6,82091
N00003382,LISBURN,16.6,82091
N00003284,LISBURN,16.6,82091
N00003285,LISBURN,16.6,82091
N00003372,LISBURN,16.6,82091
N00003506,LISBURN,16.6,82091
N00003423,LISBURN,16.6,82091
N00003512,LISBURN,16.6,82091
N00003513,LISBURN,16.6,82091
N00003511,LISBURN,16.6,82091
N00003508,LISBURN,16.6,82091
N00003507,LISBURN,16.6,82091
N00003510,LISBURN,16.6,82091
N00003442,LISBURN,16.6,82091
N00003414,LISBURN,16.6,82091
N00003435,LISBURN,16.6,82091
N00003406,LISBURN,16.6,82091
N00003415,LISBURN,16.6,82091
N00003410,LISBURN,16.6,82091
N00003484,LISBURN,16.6,82091
N00003509,LISBURN,16.6,82091
N00003485,LISBURN,16.6,82091
N00003487,LISBURN,16.6,82091
N00003483,LISBURN,16.6,82091
N00003486,LISBURN,16.6,82091
N00003409,LISBURN,16.6,82091
N00003407,LISBURN,16.6,82091
N00003408,LISBURN,16.6,82091
N00003411,LISBURN,16.6,82091
N00003416,LISBURN,16.6,82091
N00003273,LISBURN,16.6,82091
N00003272,LISBURN,16.6,82091
N00003271,LISBURN,16.6,82091
N00003278,LISBURN,16.6,82091
N00003282,LISBURN,16.6,82091
N00003242,LISBURN,16.6,82091
N00003471,LISBURN,16.6,82091
N00003470,LISBURN,16.6,82091
N00003466,LISBURN,16.6,82091
N00003468,LISBURN,16.6,82091
N00003467,LISBURN,16.6,82091
N00003464,LISBURN,16.6,82091
N00003465,LISBURN,16.6,82091
N00003472,LISBURN,16.6,82091
N00003387,LISBURN,16.6,82091
N00003473,LISBURN,16.6,82091
N00003292,LISBURN,16.6,82091
N00003290,LISBURN,16.6,82091
N00003417,LISBURN,16.6,82091
N00003418,LISBURN,16.6,82091
N00003421,LISBURN,16.6,82091
N00003420,LISBURN,16.6,82091
N00003488,LISBURN,16.6,82091
N00003489,LISBURN,16.6,82091
N00003425,LISBURN,16.6,82091
N00003424,LISBURN,16.6,82091
N00003422,LISBURN,16.6,82091
N00003419,LISBURN,16.6,82091
N00003289,LISBURN,16.6,82091
N00003288,LISBURN,16.6,82091
N00003286,LISBURN,16.6,82091
N00003283,LISBURN,16.6,82091
N00003287,LISBURN,16.6,82091
N00003384,LISBURN,16.6,82091
N00003291,LISBURN,16.6,82091
N00003336,LISBURN,16.6,82091
N00003266,LISBURN,16.6,82091
N00003267,LISBURN,16.6,82091
N00003262,LISBURN,16.6,82091
N00003264,LISBURN,16.6,82091
N00003263,LISBURN,16.6,82091
N00003265,LISBURN,16.6,82091
N00003320,LISBURN,16.6,82091
N00003319,LISBURN,16.6,82091
N00003318,LISBURN,16.6,82091
N00003390,LISBURN,16.6,82091
N00003389,LISBURN,16.6,82091
N00003391,LISBURN,16.6,82091
N00003394,LISBURN,16.6,82091
N00003396,LISBURN,16.6,82091
N00003395,LISBURN,16.6,82091
N00003388,LISBURN,16.6,82091
N00003392,LISBURN,16.6,82091
N00003322,LISBURN,16.6,82091
N00000780,BANBRIDGE,31.2,29885
N00000753,BANBRIDGE,31.2,29885
N00000781,BANBRIDGE,31.2,29885
N00000777,BANBRIDGE,31.2,29885
N00000782,BANBRIDGE,31.2,29885
N00000778,BANBRIDGE,31.2,29885
N00000779,BANBRIDGE,31.2,29885
N00003326,LISBURN,16.6,82091
N00003324,LISBURN,16.6,82091
N00000724,BANBRIDGE,31.2,29885
N00003323,LISBURN,16.6,82091
N00003325,LISBURN,16.6,82091
N00003321,LISBURN,16.6,82091
N00003317,LISBURN,16.6,82091
N00002649,DOWN,54.1,52869
N00002651,DOWN,54.1,52869
N00002660,DOWN,54.1,52869
N00002650,DOWN,54.1,52869
N00002646,DOWN,54.1,52869
N00002652,DOWN,54.1,52869
N00002648,DOWN,54.1,52869
N00002666,DOWN,54.1,52869
N00002665,DOWN,54.1,52869
N00002663,DOWN,54.1,52869
N00002664,DOWN,54.1,52869
N00002662,DOWN,54.1,52869
N00002661,DOWN,54.1,52869
N00002719,DOWN,54.1,52869
N00002647,DOWN,54.1,52869
N00002718,DOWN,54.1,52869
N00002714,DOWN,54.1,52869
N00002716,DOWN,54.1,52869
N00002715,DOWN,54.1,52869
N00002703,DOWN,54.1,52869
N00002700,DOWN,54.1,52869
N00002702,DOWN,54.1,52869
N00002699,DOWN,54.1,52869
N00002701,DOWN,54.1,52869
N00002705,DOWN,54.1,52869
N00002704,DOWN,54.1,52869
N00002741,DOWN,54.1,52869
N00002706,DOWN,54.1,52869
N00002739,DOWN,54.1,52869
N00002740,DOWN,54.1,52869
N00002738,DOWN,54.1,52869
N00002684,DOWN,54.1,52869
N00002734,DOWN,54.1,52869
N00002759,DOWN,54.1,52869
N00002761,DOWN,54.1,52869
N00002757,DOWN,54.1,52869
N00002758,DOWN,54.1,52869
N00002760,DOWN,54.1,52869
N00002756,DOWN,54.1,52869
N00002762,DOWN,54.1,52869
N00002736,DOWN,54.1,52869
N00002737,DOWN,54.1,52869
N00002735,DOWN,54.1,52869
N00003270,LISBURN,16.6,82091
N00003269,LISBURN,16.6,82091
N00003268,LISBURN,16.6,82091
N00001798,CASTLEREAGH,10.1,60757
N00001795,CASTLEREAGH,10.1,60757
N00001900,CASTLEREAGH,10.1,60757
N00002763,DOWN,54.1,52869
N00000132,ARDS,16.0,57626
N00000133,ARDS,16.0,57626
N00000138,ARDS,16.0,57626
N00000131,ARDS,16.0,57626
N00000134,ARDS,16.0,57626
N00000137,ARDS,16.0,57626
N00000136,ARDS,16.0,57626
N00000130,ARDS,16.0,57626
N00000253,ARDS,16.0,57626
N00000254,ARDS,16.0,57626
N00000252,ARDS,16.0,57626
N00000256,ARDS,16.0,57626
N00000257,ARDS,16.0,57626
N00000258,ARDS,16.0,57626
N00002686,DOWN,54.1,52869
N00002687,DOWN,54.1,52869
N00002685,DOWN,54.1,52869
N00000255,ARDS,16.0,57626
N00002683,DOWN,54.1,52869
N00002682,DOWN,54.1,52869
N00002688,DOWN,54.1,52869
N00002675,DOWN,54.1,52869
N00002676,DOWN,54.1,52869
N00002679,DOWN,54.1,52869
N00002678,DOWN,54.1,52869
N00002680,DOWN,54.1,52869
N00002681,DOWN,54.1,52869
N00002755,DOWN,54.1,52869
N00002754,DOWN,54.1,52869
N00002677,DOWN,54.1,52869
N00002782,DOWN,54.1,52869
N00002730,DOWN,54.1,52869
N00002728,DOWN,54.1,52869
N00002727,DOWN,54.1,52869
N00002731,DOWN,54.1,52869
N00002733,DOWN,54.1,52869
N00002732,DOWN,54.1,52869
N00002729,DOWN,54.1,52869
N00002689,DOWN,54.1,52869
N00000259,ARDS,16.0,57626
N00000313,ARDS,16.0,57626
N00000311,ARDS,16.0,57626
N00002781,DOWN,54.1,52869
N00002780,DOWN,54.1,52869
N00000317,ARDS,16.0,57626
N00000315,ARDS,16.0,57626
N00000314,ARDS,16.0,57626
N00000316,ARDS,16.0,57626
N00000310,ARDS,16.0,57626
N00000312,ARDS,16.0,57626
N00000261,ARDS,16.0,57626
N00000325,ARDS,16.0,57626
N00000319,ARDS,16.0,57626
N00000321,ARDS,16.0,57626
N00000320,ARDS,16.0,57626
N00000324,ARDS,16.0,57626
N00000260,ARDS,16.0,57626
N00000262,ARDS,16.0,57626
N00000266,ARDS,16.0,57626
N00000265,ARDS,16.0,57626
N00000263,ARDS,16.0,57626
N00000264,ARDS,16.0,57626
N00000323,ARDS,16.0,57626
N00000318,ARDS,16.0,57626
N00000322,ARDS,16.0,57626
N00000326,ARDS,16.0,57626
N00000158,ARDS,16.0,57626
N00000148,ARDS,16.0,57626
N00000149,ARDS,16.0,57626
N00000152,ARDS,16.0,57626
N00000151,ARDS,16.0,57626
N00000173,ARDS,16.0,57626
N00000150,ARDS,16.0,57626
N00000174,ARDS,16.0,57626
N00000175,ARDS,16.0,57626
N00000170,ARDS,16.0,57626
N00000171,ARDS,16.0,57626
N00000153,ARDS,16.0,57626
N00000154,ARDS,16.0,57626
N00000156,ARDS,16.0,57626
N00000155,ARDS,16.0,57626
N00000157,ARDS,16.0,57626
N00000272,ARDS,16.0,57626
N00000274,ARDS,16.0,57626
N00000271,ARDS,16.0,57626
N00000270,ARDS,16.0,57626
N00000268,ARDS,16.0,57626
N00000267,ARDS,16.0,57626
N00000209,ARDS,16.0,57626
N00000273,ARDS,16.0,57626
N00000330,ARDS,16.0,57626
N00000197,ARDS,16.0,57626
N00000190,ARDS,16.0,57626
N00000191,ARDS,16.0,57626
N00000189,ARDS,16.0,57626
N00000187,ARDS,16.0,57626
N00000188,ARDS,16.0,57626
N00000186,ARDS,16.0,57626
N00000182,ARDS,16.0,57626
N00000194,ARDS,16.0,57626
N00000192,ARDS,16.0,57626
N00000196,ARDS,16.0,57626
N00000193,ARDS,16.0,57626
N00000195,ARDS,16.0,57626
N00000204,ARDS,16.0,57626
N00000206,ARDS,16.0,57626
N00000183,ARDS,16.0,57626
N00000184,ARDS,16.0,57626
N00000185,ARDS,16.0,57626
N00000207,ARDS,16.0,57626
N00000208,ARDS,16.0,57626
N00000202,ARDS,16.0,57626
N00000201,ARDS,16.0,57626
N00000199,ARDS,16.0,57626
N00000200,ARDS,16.0,57626
N00000198,ARDS,16.0,57626
N00001779,CASTLEREAGH,10.1,60757
N00000146,ARDS,16.0,57626
N00000139,ARDS,16.0,57626
N00000140,ARDS,16.0,57626
N00000329,ARDS,16.0,57626
N00000328,ARDS,16.0,57626
N00000333,ARDS,16.0,57626
N00000327,ARDS,16.0,57626
N00000334,ARDS,16.0,57626
N00000332,ARDS,16.0,57626
N00000331,ARDS,16.0,57626
N00000145,ARDS,16.0,57626
N00000144,ARDS,16.0,57626
N00000143,ARDS,16.0,57626
N00000177,ARDS,16.0,57626
N00000241,ARDS,16.0,57626
N00000242,ARDS,16.0,57626
N00000169,ARDS,16.0,57626
N00000281,ARDS,16.0,57626
N00000282,ARDS,16.0,57626
N00004211,NORTH DOWN,11.3,65849
N00004210,NORTH DOWN,11.3,65849
N00000340,ARDS,16.0,57626
N00000341,ARDS,16.0,57626
N00000343,ARDS,16.0,57626
N00000338,ARDS,16.0,57626
N00000339,ARDS,16.0,57626
N00000299,ARDS,16.0,57626
N00000336,ARDS,16.0,57626
N00000296,ARDS,16.0,57626
N00000298,ARDS,16.0,57626
N00000307,ARDS,16.0,57626
N00000306,ARDS,16.0,57626
N00000305,ARDS,16.0,57626
N00000302,ARDS,16.0,57626
N00000303,ARDS,16.0,57626
N00000342,ARDS,16.0,57626
N00000301,ARDS,16.0,57626
N00000278,ARDS,16.0,57626
N00000276,ARDS,16.0,57626
N00000304,ARDS,16.0,57626
N00000277,ARDS,16.0,57626
N00000275,ARDS,16.0,57626
N00000279,ARDS,16.0,57626
N00000285,ARDS,16.0,57626
N00000284,ARDS,16.0,57626
N00000283,ARDS,16.0,57626
N00000280,ARDS,16.0,57626
N00000240,ARDS,16.0,57626
N00000247,ARDS,16.0,57626
N00000250,ARDS,16.0,57626
N00000239,ARDS,16.0,57626
N00000251,ARDS,16.0,57626
N00000309,ARDS,16.0,57626
N00000308,ARDS,16.0,57626
N00000297,ARDS,16.0,57626
N00000249,ARDS,16.0,57626
N00000248,ARDS,16.0,57626
N00000300,ARDS,16.0,57626
N00000335,ARDS,16.0,57626
N00000180,ARDS,16.0,57626
N00000246,ARDS,16.0,57626
N00000244,ARDS,16.0,57626
N00000243,ARDS,16.0,57626
N00000245,ARDS,16.0,57626
N00000147,ARDS,16.0,57626
N00000142,ARDS,16.0,57626
N00000141,ARDS,16.0,57626
N00000159,ARDS,16.0,57626
N00000176,ARDS,16.0,57626
N00000163,ARDS,16.0,57626
N00000234,ARDS,16.0,57626
N00000179,ARDS,16.0,57626
N00000181,ARDS,16.0,57626
N00000178,ARDS,16.0,57626
N00000233,ARDS,16.0,57626
N00000232,ARDS,16.0,57626
N00000231,ARDS,16.0,57626
N00000230,ARDS,16.0,57626
N00000337,ARDS,16.0,57626
N00000236,ARDS,16.0,57626
N00000235,ARDS,16.0,57626
N00000166,ARDS,16.0,57626
N00000162,ARDS,16.0,57626
N00000168,ARDS,16.0,57626
N00000167,ARDS,16.0,57626
N00000160,ARDS,16.0,57626
N00000161,ARDS,16.0,57626
N00000165,ARDS,16.0,57626
N00000164,ARDS,16.0,57626
N00000238,ARDS,16.0,57626
N00000237,ARDS,16.0,57626
N00004196,NORTH DOWN,11.3,65849
N00004206,NORTH DOWN,11.3,65849
N00004195,NORTH DOWN,11.3,65849
N00004223,NORTH DOWN,11.3,65849
N00004230,NORTH DOWN,11.3,65849
N00004221,NORTH DOWN,11.3,65849
N00004222,NORTH DOWN,11.3,65849
N00004225,NORTH DOWN,11.3,65849
N00004226,NORTH DOWN,11.3,65849
N00004220,NORTH DOWN,11.3,65849
N00004229,NORTH DOWN,11.3,65849
N00004232,NORTH DOWN,11.3,65849
N00004227,NORTH DOWN,11.3,65849
N00004228,NORTH DOWN,11.3,65849
N00004321,NORTH DOWN,11.3,65849
N00004322,NORTH DOWN,11.3,65849
N00004327,NORTH DOWN,11.3,65849
N00004328,NORTH DOWN,11.3,65849
N00004323,NORTH DOWN,11.3,65849
N00004247,NORTH DOWN,11.3,65849
N00004245,NORTH DOWN,11.3,65849
N00004243,NORTH DOWN,11.3,65849
N00004249,NORTH DOWN,11.3,65849
N00004246,NORTH DOWN,11.3,65849
N00004248,NORTH DOWN,11.3,65849
N00004244,NORTH DOWN,11.3,65849
N00004198,NORTH DOWN,11.3,65849
N00004251,NORTH DOWN,11.3,65849
N00004197,NORTH DOWN,11.3,65849
N00004203,NORTH DOWN,11.3,65849
N00004250,NORTH DOWN,11.3,65849
N00004316,NORTH DOWN,11.3,65849
N00004313,NORTH DOWN,11.3,65849
N00004185,NORTH DOWN,11.3,65849
N00004314,NORTH DOWN,11.3,65849
N00004186,NORTH DOWN,11.3,65849
N00004296,NORTH DOWN,11.3,65849
N00004324,NORTH DOWN,11.3,65849
N00004326,NORTH DOWN,11.3,65849
N00004325,NORTH DOWN,11.3,65849
N00004234,NORTH DOWN,11.3,65849
N00004300,NORTH DOWN,11.3,65849
N00004233,NORTH DOWN,11.3,65849
N00004295,NORTH DOWN,11.3,65849
N00004302,NORTH DOWN,11.3,65849
N00004184,NORTH DOWN,11.3,65849
N00004180,NORTH DOWN,11.3,65849
N00004182,NORTH DOWN,11.3,65849
N00004299,NORTH DOWN,11.3,65849
N00004298,NORTH DOWN,11.3,65849
N00004181,NORTH DOWN,11.3,65849
N00004261,NORTH DOWN,11.3,65849
N00004263,NORTH DOWN,11.3,65849
N00004262,NORTH DOWN,11.3,65849
N00004265,NORTH DOWN,11.3,65849
N00004297,NORTH DOWN,11.3,65849
N00004301,NORTH DOWN,11.3,65849
N00004267,NORTH DOWN,11.3,65849
N00004268,NORTH DOWN,11.3,65849
N00004128,NORTH DOWN,11.3,65849
N00004127,NORTH DOWN,11.3,65849
N00004123,NORTH DOWN,11.3,65849
N00004177,NORTH DOWN,11.3,65849
N00004125,NORTH DOWN,11.3,65849
N00004175,NORTH DOWN,11.3,65849
N00004178,NORTH DOWN,11.3,65849
N00004176,NORTH DOWN,11.3,65849
N00004269,NORTH DOWN,11.3,65849
N00004264,NORTH DOWN,11.3,65849
N00004148,NORTH DOWN,11.3,65849
N00004150,NORTH DOWN,11.3,65849
N00004174,NORTH DOWN,11.3,65849
N00004151,NORTH DOWN,11.3,65849
N00004152,NORTH DOWN,11.3,65849
N00004154,NORTH DOWN,11.3,65849
N00004153,NORTH DOWN,11.3,65849
N00004158,NORTH DOWN,11.3,65849
N00004149,NORTH DOWN,11.3,65849
N00004156,NORTH DOWN,11.3,65849
N00004155,NORTH DOWN,11.3,65849
N00004335,NORTH DOWN,11.3,65849
N00004334,NORTH DOWN,11.3,65849
N00004336,NORTH DOWN,11.3,65849
N00004309,NORTH DOWN,11.3,65849
N00004333,NORTH DOWN,11.3,65849
N00004330,NORTH DOWN,11.3,65849
N00004331,NORTH DOWN,11.3,65849
N00004306,NORTH DOWN,11.3,65849
N00004332,NORTH DOWN,11.3,65849
N00004307,NORTH DOWN,11.3,65849
N00004317,NORTH DOWN,11.3,65849
N00004311,NORTH DOWN,11.3,65849
N00004179,NORTH DOWN,11.3,65849
N00004320,NORTH DOWN,11.3,65849
N00004183,NORTH DOWN,11.3,65849
N00004312,NORTH DOWN,11.3,65849
N00004318,NORTH DOWN,11.3,65849
N00004315,NORTH DOWN,11.3,65849
N00004308,NORTH DOWN,11.3,65849
N00004305,NORTH DOWN,11.3,65849
N00004310,NORTH DOWN,11.3,65849
N00004319,NORTH DOWN,11.3,65849
N00004204,NORTH DOWN,11.3,65849
N00004205,NORTH DOWN,11.3,65849
N00004202,NORTH DOWN,11.3,65849
N00004303,NORTH DOWN,11.3,65849
N00004304,NORTH DOWN,11.3,65849
N00004337,NORTH DOWN,11.3,65849
N00004201,NORTH DOWN,11.3,65849
N00004200,NORTH DOWN,11.3,65849
N00004199,NORTH DOWN,11.3,65849
N00004207,NORTH DOWN,11.3,65849
N00004209,NORTH DOWN,11.3,65849
N00004208,NORTH DOWN,11.3,65849
N00004214,NORTH DOWN,11.3,65849
N00004212,NORTH DOWN,11.3,65849
N00004165,NORTH DOWN,11.3,65849
N00004166,NORTH DOWN,11.3,65849
N00004215,NORTH DOWN,11.3,65849
N00004216,NORTH DOWN,11.3,65849
N00004218,NORTH DOWN,11.3,65849
N00004217,NORTH DOWN,11.3,65849
N00004213,NORTH DOWN,11.3,65849
N00004162,NORTH DOWN,11.3,65849
N00004168,NORTH DOWN,11.3,65849
N00004161,NORTH DOWN,11.3,65849
N00004160,NORTH DOWN,11.3,65849
N00004329,NORTH DOWN,11.3,65849
N00004159,NORTH DOWN,11.3,65849
N00004167,NORTH DOWN,11.3,65849
N00004157,NORTH DOWN,11.3,65849
N00004118,NORTH DOWN,11.3,65849
N00004120,NORTH DOWN,11.3,65849
N00004119,NORTH DOWN,11.3,65849
N00004121,NORTH DOWN,11.3,65849
N00004114,NORTH DOWN,11.3,65849
N00004146,NORTH DOWN,11.3,65849
N00004147,NORTH DOWN,11.3,65849
N00004112,NORTH DOWN,11.3,65849
N00004110,NORTH DOWN,11.3,65849
N00004116,NORTH DOWN,11.3,65849
N00004115,NORTH DOWN,11.3,65849
N00004117,NORTH DOWN,11.3,65849
N00004122,NORTH DOWN,11.3,65849
N00004163,NORTH DOWN,11.3,65849
N00004164,NORTH DOWN,11.3,65849
N00004113,NORTH DOWN,11.3,65849
N00004132,NORTH DOWN,11.3,65849
N00004136,NORTH DOWN,11.3,65849
N00004137,NORTH DOWN,11.3,65849
N00004111,NORTH DOWN,11.3,65849
N00004143,NORTH DOWN,11.3,65849
N00004144,NORTH DOWN,11.3,65849
N00004142,NORTH DOWN,11.3,65849
N00004140,NORTH DOWN,11.3,65849
N00004141,NORTH DOWN,11.3,65849
N00004145,NORTH DOWN,11.3,65849
N00004171,NORTH DOWN,11.3,65849
N00004170,NORTH DOWN,11.3,65849
N00004169,NORTH DOWN,11.3,65849
N00004190,NORTH DOWN,11.3,65849
N00004139,NORTH DOWN,11.3,65849
N00004133,NORTH DOWN,11.3,65849
N00004134,NORTH DOWN,11.3,65849
N00004131,NORTH DOWN,11.3,65849
N00004192,NORTH DOWN,11.3,65849
N00004187,NORTH DOWN,11.3,65849
N00004189,NORTH DOWN,11.3,65849
N00004188,NORTH DOWN,11.3,65849
N00004172,NORTH DOWN,11.3,65849
N00004173,NORTH DOWN,11.3,65849
N00004124,NORTH DOWN,11.3,65849
N00004191,NORTH DOWN,11.3,65849
N00004126,NORTH DOWN,11.3,65849
N00004130,NORTH DOWN,11.3,65849
N00004129,NORTH DOWN,11.3,65849
N00004193,NORTH DOWN,11.3,65849
N00004194,NORTH DOWN,11.3,65849
N00004253,NORTH DOWN,11.3,65849
N00004260,NORTH DOWN,11.3,65849
N00004252,NORTH DOWN,11.3,65849
N00004255,NORTH DOWN,11.3,65849
N00004135,NORTH DOWN,11.3,65849
N00004138,NORTH DOWN,11.3,65849
N00004254,NORTH DOWN,11.3,65849
N00000215,ARDS,16.0,57626
N00000218,ARDS,16.0,57626
N00000219,ARDS,16.0,57626
N00000220,ARDS,16.0,57626
N00000213,ARDS,16.0,57626
N00000211,ARDS,16.0,57626
N00000214,ARDS,16.0,57626
N00000225,ARDS,16.0,57626
N00000224,ARDS,16.0,57626
N00000210,ARDS,16.0,57626
N00000212,ARDS,16.0,57626
N00000227,ARDS,16.0,57626
N00000229,ARDS,16.0,57626
N00000226,ARDS,16.0,57626
N00000293,ARDS,16.0,57626
N00000223,ARDS,16.0,57626
N00000228,ARDS,16.0,57626
N00000221,ARDS,16.0,57626
N00000222,ARDS,16.0,57626
N00000216,ARDS,16.0,57626
N00000294,ARDS,16.0,57626
N00000172,ARDS,16.0,57626
N00000288,ARDS,16.0,57626
N00000289,ARDS,16.0,57626
N00000290,ARDS,16.0,57626
N00000287,ARDS,16.0,57626
N00000286,ARDS,16.0,57626
N00000291,ARDS,16.0,57626
N00000292,ARDS,16.0,57626
N00000295,ARDS,16.0,57626
N00000217,ARDS,16.0,57626
N00004256,NORTH DOWN,11.3,65849
N00003141,LARNE,26.8,28929
N00003139,LARNE,26.8,28929
N00003076,LARNE,26.8,28929
N00003077,LARNE,26.8,28929
N00003078,LARNE,26.8,28929
N00003075,LARNE,26.8,28929
N00003142,LARNE,26.8,28929
N00003143,LARNE,26.8,28929
N00001740,CARRICKFERGUS,16.2,28458
N00001643,CARRICKFERGUS,16.2,28458
N00001642,CARRICKFERGUS,16.2,28458
N00001644,CARRICKFERGUS,16.2,28458
N00001645,CARRICKFERGUS,16.2,28458
N00001641,CARRICKFERGUS,16.2,28458
N00001646,CARRICKFERGUS,16.2,28458
N00001738,CARRICKFERGUS,16.2,28458
N00001743,CARRICKFERGUS,16.2,28458
N00001741,CARRICKFERGUS,16.2,28458
N00001742,CARRICKFERGUS,16.2,28458
N00001739,CARRICKFERGUS,16.2,28458
N00001681,CARRICKFERGUS,16.2,28458
N00004257,NORTH DOWN,11.3,65849
N00004258,NORTH DOWN,11.3,65849
N00004259,NORTH DOWN,11.3,65849
N00004266,NORTH DOWN,11.3,65849
N00004231,NORTH DOWN,11.3,65849
N00004224,NORTH DOWN,11.3,65849
N00001693,CARRICKFERGUS,16.2,28458
N00001696,CARRICKFERGUS,16.2,28458
N00001704,CARRICKFERGUS,16.2,28458
N00001703,CARRICKFERGUS,16.2,28458
N00001705,CARRICKFERGUS,16.2,28458
N00001713,CARRICKFERGUS,16.2,28458
N00001731,CARRICKFERGUS,16.2,28458
N00001727,CARRICKFERGUS,16.2,28458
N00001674,CARRICKFERGUS,16.2,28458
N00001726,CARRICKFERGUS,16.2,28458
N00001725,CARRICKFERGUS,16.2,28458
N00001722,CARRICKFERGUS,16.2,28458
N00001730,CARRICKFERGUS,16.2,28458
N00001729,CARRICKFERGUS,16.2,28458
N00001728,CARRICKFERGUS,16.2,28458
N00001723,CARRICKFERGUS,16.2,28458
N00001721,CARRICKFERGUS,16.2,28458
N00001724,CARRICKFERGUS,16.2,28458
N00001668,CARRICKFERGUS,16.2,28458
N00001712,CARRICKFERGUS,16.2,28458
N00001733,CARRICKFERGUS,16.2,28458
N00001650,CARRICKFERGUS,16.2,28458
N00001647,CARRICKFERGUS,16.2,28458
N00001660,CARRICKFERGUS,16.2,28458
N00001657,CARRICKFERGUS,16.2,28458
N00001648,CARRICKFERGUS,16.2,28458
N00001734,CARRICKFERGUS,16.2,28458
N00001735,CARRICKFERGUS,16.2,28458
N00001737,CARRICKFERGUS,16.2,28458
N00001736,CARRICKFERGUS,16.2,28458
N00001658,CARRICKFERGUS,16.2,28458
N00001655,CARRICKFERGUS,16.2,28458
N00001656,CARRICKFERGUS,16.2,28458
N00001659,CARRICKFERGUS,16.2,28458
N00001682,CARRICKFERGUS,16.2,28458
N00001683,CARRICKFERGUS,16.2,28458
N00001686,CARRICKFERGUS,16.2,28458
N00001685,CARRICKFERGUS,16.2,28458
N00001687,CARRICKFERGUS,16.2,28458
N00001654,CARRICKFERGUS,16.2,28458
N00001649,CARRICKFERGUS,16.2,28458
N00001653,CARRICKFERGUS,16.2,28458
N00001652,CARRICKFERGUS,16.2,28458
N00001680,CARRICKFERGUS,16.2,28458
N00001684,CARRICKFERGUS,16.2,28458
N00001677,CARRICKFERGUS,16.2,28458
N00001679,CARRICKFERGUS,16.2,28458
N00001651,CARRICKFERGUS,16.2,28458
N00001718,CARRICKFERGUS,16.2,28458
N00001720,CARRICKFERGUS,16.2,28458
N00001719,CARRICKFERGUS,16.2,28458
N00001732,CARRICKFERGUS,16.2,28458
N00001714,CARRICKFERGUS,16.2,28458
N00001715,CARRICKFERGUS,16.2,28458
N00001717,CARRICKFERGUS,16.2,28458
N00001716,CARRICKFERGUS,16.2,28458
N00001666,CARRICKFERGUS,16.2,28458
N00001669,CARRICKFERGUS,16.2,28458
N00001667,CARRICKFERGUS,16.2,28458
N00001661,CARRICKFERGUS,16.2,28458
N00001662,CARRICKFERGUS,16.2,28458
N00001746,CARRICKFERGUS,16.2,28458
N00001745,CARRICKFERGUS,16.2,28458
N00001744,CARRICKFERGUS,16.2,28458
N00001749,CARRICKFERGUS,16.2,28458
N00001676,CARRICKFERGUS,16.2,28458
N00001664,CARRICKFERGUS,16.2,28458
N00001663,CARRICKFERGUS,16.2,28458
N00001665,CARRICKFERGUS,16.2,28458
N00001670,CARRICKFERGUS,16.2,28458
N00001671,CARRICKFERGUS,16.2,28458
N00001672,CARRICKFERGUS,16.2,28458
N00001675,CARRICKFERGUS,16.2,28458
N00001673,CARRICKFERGUS,16.2,28458
N00001695,CARRICKFERGUS,16.2,28458
N00001701,CARRICKFERGUS,16.2,28458
N00001702,CARRICKFERGUS,16.2,28458
N00001694,CARRICKFERGUS,16.2,28458
N00001710,CARRICKFERGUS,16.2,28458
N00001747,CARRICKFERGUS,16.2,28458
N00003934,NEWTOWNABBEY,18.0,71631
N00004075,NEWTOWNABBEY,18.0,71631
N00004077,NEWTOWNABBEY,18.0,71631
N00003922,NEWTOWNABBEY,18.0,71631
N00003921,NEWTOWNABBEY,18.0,71631
N00003917,NEWTOWNABBEY,18.0,71631
N00004029,NEWTOWNABBEY,18.0,71631
N00004027,NEWTOWNABBEY,18.0,71631
N00004026,NEWTOWNABBEY,18.0,71631
N00004030,NEWTOWNABBEY,18.0,71631
N00004032,NEWTOWNABBEY,18.0,71631
N00004031,NEWTOWNABBEY,18.0,71631
N00004033,NEWTOWNABBEY,18.0,71631
N00004044,NEWTOWNABBEY,18.0,71631
N00004028,NEWTOWNABBEY,18.0,71631
N00004045,NEWTOWNABBEY,18.0,71631
N00004043,NEWTOWNABBEY,18.0,71631
N00004046,NEWTOWNABBEY,18.0,71631
N00004070,NEWTOWNABBEY,18.0,71631
N00004069,NEWTOWNABBEY,18.0,71631
N00004067,NEWTOWNABBEY,18.0,71631
N00004049,NEWTOWNABBEY,18.0,71631
N00004047,NEWTOWNABBEY,18.0,71631
N00004042,NEWTOWNABBEY,18.0,71631
N00003932,NEWTOWNABBEY,18.0,71631
N00001711,CARRICKFERGUS,16.2,28458
N00001707,CARRICKFERGUS,16.2,28458
N00001690,CARRICKFERGUS,16.2,28458
N00001709,CARRICKFERGUS,16.2,28458
N00001708,CARRICKFERGUS,16.2,28458
N00001692,CARRICKFERGUS,16.2,28458
N00001691,CARRICKFERGUS,16.2,28458
N00001689,CARRICKFERGUS,16.2,28458
N00001698,CARRICKFERGUS,16.2,28458
N00001688,CARRICKFERGUS,16.2,28458
N00001700,CARRICKFERGUS,16.2,28458
N00001699,CARRICKFERGUS,16.2,28458
N00001697,CARRICKFERGUS,16.2,28458
N00004051,NEWTOWNABBEY,18.0,71631
N00001706,CARRICKFERGUS,16.2,28458
N00004048,NEWTOWNABBEY,18.0,71631
N00004052,NEWTOWNABBEY,18.0,71631
N00004050,NEWTOWNABBEY,18.0,71631
N00004072,NEWTOWNABBEY,18.0,71631
N00004086,NEWTOWNABBEY,18.0,71631
N00004085,NEWTOWNABBEY,18.0,71631
N00004084,NEWTOWNABBEY,18.0,71631
N00004088,NEWTOWNABBEY,18.0,71631
N00004089,NEWTOWNABBEY,18.0,71631
N00004091,NEWTOWNABBEY,18.0,71631
N00004090,NEWTOWNABBEY,18.0,71631
N00004087,NEWTOWNABBEY,18.0,71631
N00003890,NEWTOWNABBEY,18.0,71631
N00003889,NEWTOWNABBEY,18.0,71631
N00003894,NEWTOWNABBEY,18.0,71631
N00003984,NEWTOWNABBEY,18.0,71631
N00003982,NEWTOWNABBEY,18.0,71631
N00003985,NEWTOWNABBEY,18.0,71631
N00003988,NEWTOWNABBEY,18.0,71631
N00003987,NEWTOWNABBEY,18.0,71631
N00004000,NEWTOWNABBEY,18.0,71631
N00004007,NEWTOWNABBEY,18.0,71631
N00003983,NEWTOWNABBEY,18.0,71631
N00003981,NEWTOWNABBEY,18.0,71631
N00003966,NEWTOWNABBEY,18.0,71631
N00003972,NEWTOWNABBEY,18.0,71631
N00003971,NEWTOWNABBEY,18.0,71631
N00003891,NEWTOWNABBEY,18.0,71631
N00003892,NEWTOWNABBEY,18.0,71631
N00003895,NEWTOWNABBEY,18.0,71631
N00003893,NEWTOWNABBEY,18.0,71631
N00004074,NEWTOWNABBEY,18.0,71631
N00004073,NEWTOWNABBEY,18.0,71631
N00003969,NEWTOWNABBEY,18.0,71631
N00003970,NEWTOWNABBEY,18.0,71631
N00004071,NEWTOWNABBEY,18.0,71631
N00004065,NEWTOWNABBEY,18.0,71631
N00004068,NEWTOWNABBEY,18.0,71631
N00004066,NEWTOWNABBEY,18.0,71631
N00003965,NEWTOWNABBEY,18.0,71631
N00003968,NEWTOWNABBEY,18.0,71631
N00003918,NEWTOWNABBEY,18.0,71631
N00003915,NEWTOWNABBEY,18.0,71631
N00003916,NEWTOWNABBEY,18.0,71631
N00003914,NEWTOWNABBEY,18.0,71631
N00003920,NEWTOWNABBEY,18.0,71631
N00003967,NEWTOWNABBEY,18.0,71631
N00004014,NEWTOWNABBEY,18.0,71631
N00003964,NEWTOWNABBEY,18.0,71631
N00004008,NEWTOWNABBEY,18.0,71631
N00004010,NEWTOWNABBEY,18.0,71631
N00004020,NEWTOWNABBEY,18.0,71631
N00004019,NEWTOWNABBEY,18.0,71631
N00004018,NEWTOWNABBEY,18.0,71631
N00004009,NEWTOWNABBEY,18.0,71631
N00004013,NEWTOWNABBEY,18.0,71631
N00004016,NEWTOWNABBEY,18.0,71631
N00004012,NEWTOWNABBEY,18.0,71631
N00004021,NEWTOWNABBEY,18.0,71631
N00004025,NEWTOWNABBEY,18.0,71631
N00004017,NEWTOWNABBEY,18.0,71631
N00003928,NEWTOWNABBEY,18.0,71631
N00004022,NEWTOWNABBEY,18.0,71631
N00003929,NEWTOWNABBEY,18.0,71631
N00004041,NEWTOWNABBEY,18.0,71631
N00004035,NEWTOWNABBEY,18.0,71631
N00004034,NEWTOWNABBEY,18.0,71631
N00004036,NEWTOWNABBEY,18.0,71631
N00004038,NEWTOWNABBEY,18.0,71631
N00004037,NEWTOWNABBEY,18.0,71631
N00004060,NEWTOWNABBEY,18.0,71631
N00003926,NEWTOWNABBEY,18.0,71631
N00003923,NEWTOWNABBEY,18.0,71631
N00004040,NEWTOWNABBEY,18.0,71631
N00004039,NEWTOWNABBEY,18.0,71631
N00003927,NEWTOWNABBEY,18.0,71631
N00003925,NEWTOWNABBEY,18.0,71631
N00004062,NEWTOWNABBEY,18.0,71631
N00004064,NEWTOWNABBEY,18.0,71631
N00004063,NEWTOWNABBEY,18.0,71631
N00003957,NEWTOWNABBEY,18.0,71631
N00003959,NEWTOWNABBEY,18.0,71631
N00003952,NEWTOWNABBEY,18.0,71631
N00003924,NEWTOWNABBEY,18.0,71631
N00003930,NEWTOWNABBEY,18.0,71631
N00003931,NEWTOWNABBEY,18.0,71631
N00003949,NEWTOWNABBEY,18.0,71631
N00003948,NEWTOWNABBEY,18.0,71631
N00003951,NEWTOWNABBEY,18.0,71631
N00003953,NEWTOWNABBEY,18.0,71631
N00003956,NEWTOWNABBEY,18.0,71631
N00004023,NEWTOWNABBEY,18.0,71631
N00004024,NEWTOWNABBEY,18.0,71631
N00003950,NEWTOWNABBEY,18.0,71631
N00004015,NEWTOWNABBEY,18.0,71631
N00003962,NEWTOWNABBEY,18.0,71631
N00003963,NEWTOWNABBEY,18.0,71631
N00003954,NEWTOWNABBEY,18.0,71631
N00003955,NEWTOWNABBEY,18.0,71631
N00003960,NEWTOWNABBEY,18.0,71631
N00003919,NEWTOWNABBEY,18.0,71631
N00003961,NEWTOWNABBEY,18.0,71631
N00004078,NEWTOWNABBEY,18.0,71631
N00004083,NEWTOWNABBEY,18.0,71631
N00003958,NEWTOWNABBEY,18.0,71631
N00004080,NEWTOWNABBEY,18.0,71631
N00004082,NEWTOWNABBEY,18.0,71631
N00004079,NEWTOWNABBEY,18.0,71631
N00004076,NEWTOWNABBEY,18.0,71631
N00004081,NEWTOWNABBEY,18.0,71631
N00003938,NEWTOWNABBEY,18.0,71631
N00004058,NEWTOWNABBEY,18.0,71631
N00004055,NEWTOWNABBEY,18.0,71631
N00004054,NEWTOWNABBEY,18.0,71631
N00004059,NEWTOWNABBEY,18.0,71631
N00004056,NEWTOWNABBEY,18.0,71631
N00004053,NEWTOWNABBEY,18.0,71631
N00000029,ANTRIM,31.1,44384
N00000123,ANTRIM,31.1,44384
N00000121,ANTRIM,31.1,44384
N00000118,ANTRIM,31.1,44384
N00000119,ANTRIM,31.1,44384
N00004057,NEWTOWNABBEY,18.0,71631
N00000120,ANTRIM,31.1,44384
N00000080,ANTRIM,31.1,44384
N00000081,ANTRIM,31.1,44384
N00003993,NEWTOWNABBEY,18.0,71631
N00003992,NEWTOWNABBEY,18.0,71631
N00003991,NEWTOWNABBEY,18.0,71631
N00003990,NEWTOWNABBEY,18.0,71631
N00003947,NEWTOWNABBEY,18.0,71631
N00003946,NEWTOWNABBEY,18.0,71631
N00003945,NEWTOWNABBEY,18.0,71631
N00003910,NEWTOWNABBEY,18.0,71631
N00003940,NEWTOWNABBEY,18.0,71631
N00003942,NEWTOWNABBEY,18.0,71631
N00003941,NEWTOWNABBEY,18.0,71631
N00003939,NEWTOWNABBEY,18.0,71631
N00003943,NEWTOWNABBEY,18.0,71631
N00003911,NEWTOWNABBEY,18.0,71631
N00003937,NEWTOWNABBEY,18.0,71631
N00003936,NEWTOWNABBEY,18.0,71631
N00003935,NEWTOWNABBEY,18.0,71631
N00003901,NEWTOWNABBEY,18.0,71631
N00003900,NEWTOWNABBEY,18.0,71631
N00003903,NEWTOWNABBEY,18.0,71631
N00003904,NEWTOWNABBEY,18.0,71631
N00003902,NEWTOWNABBEY,18.0,71631
N00003896,NEWTOWNABBEY,18.0,71631
N00003906,NEWTOWNABBEY,18.0,71631
N00003913,NEWTOWNABBEY,18.0,71631
N00003912,NEWTOWNABBEY,18.0,71631
N00003907,NEWTOWNABBEY,18.0,71631
N00003909,NEWTOWNABBEY,18.0,71631
N00003908,NEWTOWNABBEY,18.0,71631
N00003905,NEWTOWNABBEY,18.0,71631
N00003944,NEWTOWNABBEY,18.0,71631
N00003899,NEWTOWNABBEY,18.0,71631
N00003897,NEWTOWNABBEY,18.0,71631
N00003997,NEWTOWNABBEY,18.0,71631
N00003898,NEWTOWNABBEY,18.0,71631
N00003994,NEWTOWNABBEY,18.0,71631
N00003998,NEWTOWNABBEY,18.0,71631
N00003999,NEWTOWNABBEY,18.0,71631
N00003996,NEWTOWNABBEY,18.0,71631
N00000084,ANTRIM,31.1,44384
N00003995,NEWTOWNABBEY,18.0,71631
N00003150,LARNE,26.8,28929
N00003153,LARNE,26.8,28929
N00003131,LARNE,26.8,28929
N00003154,LARNE,26.8,28929
N00003933,NEWTOWNABBEY,18.0,71631
N00001748,CARRICKFERGUS,16.2,28458
N00001678,CARRICKFERGUS,16.2,28458
N00003074,LARNE,26.8,28929
N00003073,LARNE,26.8,28929
N00003129,LARNE,26.8,28929
N00003128,LARNE,26.8,28929
N00003137,LARNE,26.8,28929
N00003135,LARNE,26.8,28929
N00003130,LARNE,26.8,28929
N00003149,LARNE,26.8,28929
N00003148,LARNE,26.8,28929
N00003108,LARNE,26.8,28929
N00003132,LARNE,26.8,28929
N00003109,LARNE,26.8,28929
N00003106,LARNE,26.8,28929
N00003107,LARNE,26.8,28929
N00003072,LARNE,26.8,28929
N00003118,LARNE,26.8,28929
N00003119,LARNE,26.8,28929
N00003117,LARNE,26.8,28929
N00003160,LARNE,26.8,28929
N00003116,LARNE,26.8,28929
N00003122,LARNE,26.8,28929
N00003113,LARNE,26.8,28929
N00003111,LARNE,26.8,28929
N00003112,LARNE,26.8,28929
N00003070,LARNE,26.8,28929
N00003071,LARNE,26.8,28929
N00003069,LARNE,26.8,28929
N00003068,LARNE,26.8,28929
N00003067,LARNE,26.8,28929
N00003147,LARNE,26.8,28929
N00003145,LARNE,26.8,28929
N00003081,LARNE,26.8,28929
N00003080,LARNE,26.8,28929
N00003079,LARNE,26.8,28929
N00003083,LARNE,26.8,28929
N00003082,LARNE,26.8,28929
N00003146,LARNE,26.8,28929
N00003091,LARNE,26.8,28929
N00003090,LARNE,26.8,28929
N00003092,LARNE,26.8,28929
N00003114,LARNE,26.8,28929
N00003115,LARNE,26.8,28929
N00003110,LARNE,26.8,28929
N00003121,LARNE,26.8,28929
N00003159,LARNE,26.8,28929
N00003120,LARNE,26.8,28929
N00003087,LARNE,26.8,28929
N00003084,LARNE,26.8,28929
N00003088,LARNE,26.8,28929
N00003089,LARNE,26.8,28929
N00003134,LARNE,26.8,28929
N00003085,LARNE,26.8,28929
N00003138,LARNE,26.8,28929
N00003155,LARNE,26.8,28929
N00003086,LARNE,26.8,28929
N00003156,LARNE,26.8,28929
N00003157,LARNE,26.8,28929
N00003158,LARNE,26.8,28929
N00003104,LARNE,26.8,28929
N00003105,LARNE,26.8,28929
N00003103,LARNE,26.8,28929
N00003136,LARNE,26.8,28929
N00003133,LARNE,26.8,28929
N00003094,LARNE,26.8,28929
N00003095,LARNE,26.8,28929
N00003097,LARNE,26.8,28929
N00003096,LARNE,26.8,28929
N00003093,LARNE,26.8,28929
N00003127,LARNE,26.8,28929
N00003151,LARNE,26.8,28929
N00003152,LARNE,26.8,28929
N00000585,BALLYMENA,17.7,54426
N00003126,LARNE,26.8,28929
N00000635,BALLYMENA,17.7,54426
N00000636,BALLYMENA,17.7,54426
N00003100,LARNE,26.8,28929
N00003101,LARNE,26.8,28929
N00003102,LARNE,26.8,28929
N00003125,LARNE,26.8,28929
N00003124,LARNE,26.8,28929
N00003123,LARNE,26.8,28929
N00003144,LARNE,26.8,28929
N00003140,LARNE,26.8,28929
N00003650,MOYLE,48.7,14252
N00003651,MOYLE,48.7,14252
N00003645,MOYLE,48.7,14252
N00003644,MOYLE,48.7,14252
N00003098,LARNE,26.8,28929
N00003099,LARNE,26.8,28929
N00003646,MOYLE,48.7,14252
N00003647,MOYLE,48.7,14252
N00003643,MOYLE,48.7,14252
N00003648,MOYLE,48.7,14252
N00000576,BALLYMENA,17.7,54426
N00000646,BALLYMONEY,29.6,22873
N00000577,BALLYMENA,17.7,54426
N00000660,BALLYMONEY,29.6,22873
N00000659,BALLYMONEY,29.6,22873
N00000657,BALLYMONEY,29.6,22873
N00000667,BALLYMONEY,29.6,22873
N00000669,BALLYMONEY,29.6,22873
N00000666,BALLYMONEY,29.6,22873
N00000665,BALLYMONEY,29.6,22873
N00000668,BALLYMONEY,29.6,22873
N00000689,BALLYMONEY,29.6,22873
N00000687,BALLYMONEY,29.6,22873
N00000688,BALLYMONEY,29.6,22873
N00000686,BALLYMONEY,29.6,22873
N00000645,BALLYMONEY,29.6,22873
N00000644,BALLYMONEY,29.6,22873
N00000706,BALLYMONEY,29.6,22873
N00000708,BALLYMONEY,29.6,22873
N00000662,BALLYMONEY,29.6,22873
N00000664,BALLYMONEY,29.6,22873
N00000707,BALLYMONEY,29.6,22873
N00000709,BALLYMONEY,29.6,22873
N00000647,BALLYMONEY,29.6,22873
N00003635,MOYLE,48.7,14252
N00003625,MOYLE,48.7,14252
N00003624,MOYLE,48.7,14252
N00000643,BALLYMONEY,29.6,22873
N00003649,MOYLE,48.7,14252
N00003652,MOYLE,48.7,14252
N00003639,MOYLE,48.7,14252
N00003629,MOYLE,48.7,14252
N00003657,MOYLE,48.7,14252
N00003655,MOYLE,48.7,14252
N00003654,MOYLE,48.7,14252
N00003662,MOYLE,48.7,14252
N00003664,MOYLE,48.7,14252
N00003663,MOYLE,48.7,14252
N00003660,MOYLE,48.7,14252
N00003661,MOYLE,48.7,14252
N00003656,MOYLE,48.7,14252
N00003638,MOYLE,48.7,14252
N00003640,MOYLE,48.7,14252
N00003637,MOYLE,48.7,14252
N00003653,MOYLE,48.7,14252
N00003630,MOYLE,48.7,14252
N00003641,MOYLE,48.7,14252
N00003659,MOYLE,48.7,14252
N00003658,MOYLE,48.7,14252
N00003665,MOYLE,48.7,14252
N00003666,MOYLE,48.7,14252
N00003636,MOYLE,48.7,14252
N00003634,MOYLE,48.7,14252
N00003626,MOYLE,48.7,14252
N00002004,COLERAINE,23.9,46272
N00002001,COLERAINE,23.9,46272
N00001995,COLERAINE,23.9,46272
N00002003,COLERAINE,23.9,46272
N00002002,COLERAINE,23.9,46272
N00002005,COLERAINE,23.9,46272
N00002061,COLERAINE,23.9,46272
N00003632,MOYLE,48.7,14252
N00002006,COLERAINE,23.9,46272
N00002007,COLERAINE,23.9,46272
N00003628,MOYLE,48.7,14252
N00003627,MOYLE,48.7,14252
N00003631,MOYLE,48.7,14252
N00003633,MOYLE,48.7,14252
N00003642,MOYLE,48.7,14252
N00002060,COLERAINE,23.9,46272
N00002062,COLERAINE,23.9,46272
N00002059,COLERAINE,23.9,46272
N00002016,COLERAINE,23.9,46272
N00002015,COLERAINE,23.9,46272
N00002017,COLERAINE,23.9,46272
N00002020,COLERAINE,23.9,46272
N00001948,COLERAINE,23.9,46272
N00002019,COLERAINE,23.9,46272
N00001955,COLERAINE,23.9,46272
N00001951,COLERAINE,23.9,46272
N00001952,COLERAINE,23.9,46272
N00001954,COLERAINE,23.9,46272
N00002053,COLERAINE,23.9,46272
N00001953,COLERAINE,23.9,46272
N00002052,COLERAINE,23.9,46272
N00002051,COLERAINE,23.9,46272
N00002050,COLERAINE,23.9,46272
N00002048,COLERAINE,23.9,46272
N00002049,COLERAINE,23.9,46272
N00002068,COLERAINE,23.9,46272
N00002064,COLERAINE,23.9,46272
N00002067,COLERAINE,23.9,46272
N00001998,COLERAINE,23.9,46272
N00002000,COLERAINE,23.9,46272
N00001949,COLERAINE,23.9,46272
N00001950,COLERAINE,23.9,46272
N00002018,COLERAINE,23.9,46272
N00002014,COLERAINE,23.9,46272
N00001994,COLERAINE,23.9,46272
N00001957,COLERAINE,23.9,46272
N00002063,COLERAINE,23.9,46272
N00001999,COLERAINE,23.9,46272
N00002066,COLERAINE,23.9,46272
N00002065,COLERAINE,23.9,46272
N00002047,COLERAINE,23.9,46272
N00001972,COLERAINE,23.9,46272
N00001971,COLERAINE,23.9,46272
N00001969,COLERAINE,23.9,46272
N00001970,COLERAINE,23.9,46272
N00001966,COLERAINE,23.9,46272
N00001968,COLERAINE,23.9,46272
N00002036,COLERAINE,23.9,46272
N00002037,COLERAINE,23.9,46272
N00002040,COLERAINE,23.9,46272
N00002039,COLERAINE,23.9,46272
N00002038,COLERAINE,23.9,46272
N00002041,COLERAINE,23.9,46272
N00001947,COLERAINE,23.9,46272
N00002069,COLERAINE,23.9,46272
N00002028,COLERAINE,23.9,46272
N00002032,COLERAINE,23.9,46272
N00002034,COLERAINE,23.9,46272
N00002031,COLERAINE,23.9,46272
N00002029,COLERAINE,23.9,46272
N00001986,COLERAINE,23.9,46272
N00002045,COLERAINE,23.9,46272
N00002042,COLERAINE,23.9,46272
N00002043,COLERAINE,23.9,46272
N00001974,COLERAINE,23.9,46272
N00001981,COLERAINE,23.9,46272
N00001979,COLERAINE,23.9,46272
N00002044,COLERAINE,23.9,46272
N00002071,COLERAINE,23.9,46272
N00002035,COLERAINE,23.9,46272
N00002046,COLERAINE,23.9,46272
N00002033,COLERAINE,23.9,46272
N00002070,COLERAINE,23.9,46272
N00002076,COLERAINE,23.9,46272
N00002077,COLERAINE,23.9,46272
N00002075,COLERAINE,23.9,46272
N00002072,COLERAINE,23.9,46272
N00001982,COLERAINE,23.9,46272
N00002074,COLERAINE,23.9,46272
N00002073,COLERAINE,23.9,46272
N00001983,COLERAINE,23.9,46272
N00001985,COLERAINE,23.9,46272
N00001984,COLERAINE,23.9,46272
N00001980,COLERAINE,23.9,46272
N00002087,COLERAINE,23.9,46272
N00002088,COLERAINE,23.9,46272
N00002083,COLERAINE,23.9,46272
N00002084,COLERAINE,23.9,46272
N00002085,COLERAINE,23.9,46272
N00002086,COLERAINE,23.9,46272
N00002089,COLERAINE,23.9,46272
N00002082,COLERAINE,23.9,46272
N00001959,COLERAINE,23.9,46272
N00001958,COLERAINE,23.9,46272
N00001960,COLERAINE,23.9,46272
N00001962,COLERAINE,23.9,46272
N00001956,COLERAINE,23.9,46272
N00001964,COLERAINE,23.9,46272
N00001963,COLERAINE,23.9,46272
N00002080,COLERAINE,23.9,46272
N00002079,COLERAINE,23.9,46272
N00001973,COLERAINE,23.9,46272
N00001975,COLERAINE,23.9,46272
N00001977,COLERAINE,23.9,46272
N00001976,COLERAINE,23.9,46272
N00001978,COLERAINE,23.9,46272
N00001992,COLERAINE,23.9,46272
N00002081,COLERAINE,23.9,46272
N00002078,COLERAINE,23.9,46272
N00001988,COLERAINE,23.9,46272
N00001989,COLERAINE,23.9,46272
N00001991,COLERAINE,23.9,46272
N00001990,COLERAINE,23.9,46272
N00001993,COLERAINE,23.9,46272
N00001987,COLERAINE,23.9,46272
N00001961,COLERAINE,23.9,46272
N00001996,COLERAINE,23.9,46272
N00002030,COLERAINE,23.9,46272
N00000650,BALLYMONEY,29.6,22873
N00000648,BALLYMONEY,29.6,22873
N00000649,BALLYMONEY,29.6,22873
N00000661,BALLYMONEY,29.6,22873
N00000656,BALLYMONEY,29.6,22873
N00000653,BALLYMONEY,29.6,22873
N00000652,BALLYMONEY,29.6,22873
N00000693,BALLYMONEY,29.6,22873
N00000654,BALLYMONEY,29.6,22873
N00000690,BALLYMONEY,29.6,22873
N00000691,BALLYMONEY,29.6,22873
N00000692,BALLYMONEY,29.6,22873
N00000699,BALLYMONEY,29.6,22873
N00000676,BALLYMONEY,29.6,22873
N00000674,BALLYMONEY,29.6,22873
N00000694,BALLYMONEY,29.6,22873
N00000695,BALLYMONEY,29.6,22873
N00000675,BALLYMONEY,29.6,22873
N00000698,BALLYMONEY,29.6,22873
N00000697,BALLYMONEY,29.6,22873
N00000704,BALLYMONEY,29.6,22873
N00000703,BALLYMONEY,29.6,22873
N00001997,COLERAINE,23.9,46272
N00001942,COLERAINE,23.9,46272
N00001943,COLERAINE,23.9,46272
N00000711,BALLYMONEY,29.6,22873
N00000701,BALLYMONEY,29.6,22873
N00000702,BALLYMONEY,29.6,22873
N00000705,BALLYMONEY,29.6,22873
N00000673,BALLYMONEY,29.6,22873
N00000700,BALLYMONEY,29.6,22873
N00000677,BALLYMONEY,29.6,22873
N00000696,BALLYMONEY,29.6,22873
N00000672,BALLYMONEY,29.6,22873
N00000655,BALLYMONEY,29.6,22873
N00000671,BALLYMONEY,29.6,22873
N00000670,BALLYMONEY,29.6,22873
N00000651,BALLYMONEY,29.6,22873
N00000663,BALLYMONEY,29.6,22873
N00000681,BALLYMONEY,29.6,22873
N00000710,BALLYMONEY,29.6,22873
N00000679,BALLYMONEY,29.6,22873
N00000713,BALLYMONEY,29.6,22873
N00000712,BALLYMONEY,29.6,22873
N00001944,COLERAINE,23.9,46272
N00001946,COLERAINE,23.9,46272
N00002013,COLERAINE,23.9,46272
N00002057,COLERAINE,23.9,46272
N00002056,COLERAINE,23.9,46272
N00002054,COLERAINE,23.9,46272
N00002055,COLERAINE,23.9,46272
N00002058,COLERAINE,23.9,46272
N00002010,COLERAINE,23.9,46272
N00002009,COLERAINE,23.9,46272
N00002008,COLERAINE,23.9,46272
N00002011,COLERAINE,23.9,46272
N00003591,MAGHERAFELT,54.7,30825
N00002012,COLERAINE,23.9,46272
N00003590,MAGHERAFELT,54.7,30825
N00003579,MAGHERAFELT,54.7,30825
N00003578,MAGHERAFELT,54.7,30825
N00003588,MAGHERAFELT,54.7,30825
N00003589,MAGHERAFELT,54.7,30825
N00003583,MAGHERAFELT,54.7,30825
N00003580,MAGHERAFELT,54.7,30825
N00003584,MAGHERAFELT,54.7,30825
N00003586,MAGHERAFELT,54.7,30825
N00003582,MAGHERAFELT,54.7,30825
N00003557,MAGHERAFELT,54.7,30825
N00003585,MAGHERAFELT,54.7,30825
N00003558,MAGHERAFELT,54.7,30825
N00003562,MAGHERAFELT,54.7,30825
N00003581,MAGHERAFELT,54.7,30825
N00003615,MAGHERAFELT,54.7,30825
N00003587,MAGHERAFELT,54.7,30825
N00003592,MAGHERAFELT,54.7,30825
N00003614,MAGHERAFELT,54.7,30825
N00003613,MAGHERAFELT,54.7,30825
N00003617,MAGHERAFELT,54.7,30825
N00003616,MAGHERAFELT,54.7,30825
N00003559,MAGHERAFELT,54.7,30825
N00003561,MAGHERAFELT,54.7,30825
N00003560,MAGHERAFELT,54.7,30825
N00003623,MAGHERAFELT,54.7,30825
N00003622,MAGHERAFELT,54.7,30825
N00003532,MAGHERAFELT,54.7,30825
N00003536,MAGHERAFELT,54.7,30825
N00003620,MAGHERAFELT,54.7,30825
N00000625,BALLYMENA,17.7,54426
N00000629,BALLYMENA,17.7,54426
N00000630,BALLYMENA,17.7,54426
N00003619,MAGHERAFELT,54.7,30825
N00003621,MAGHERAFELT,54.7,30825
N00000627,BALLYMENA,17.7,54426
N00000682,BALLYMONEY,29.6,22873
N00000684,BALLYMONEY,29.6,22873
N00003618,MAGHERAFELT,54.7,30825
N00003612,MAGHERAFELT,54.7,30825
N00002023,COLERAINE,23.9,46272
N00002022,COLERAINE,23.9,46272
N00002027,COLERAINE,23.9,46272
N00002025,COLERAINE,23.9,46272
N00002026,COLERAINE,23.9,46272
N00002024,COLERAINE,23.9,46272
N00002021,COLERAINE,23.9,46272
N00001945,COLERAINE,23.9,46272
N00000714,BALLYMONEY,29.6,22873
N00000685,BALLYMONEY,29.6,22873
N00000680,BALLYMONEY,29.6,22873
N00000678,BALLYMONEY,29.6,22873
N00000658,BALLYMONEY,29.6,22873
N00000683,BALLYMONEY,29.6,22873
N00000557,BALLYMENA,17.7,54426
N00000561,BALLYMENA,17.7,54426
N00000562,BALLYMENA,17.7,54426
N00000535,BALLYMENA,17.7,54426
N00000534,BALLYMENA,17.7,54426
N00000575,BALLYMENA,17.7,54426
N00000580,BALLYMENA,17.7,54426
N00000579,BALLYMENA,17.7,54426
N00000578,BALLYMENA,17.7,54426
N00000634,BALLYMENA,17.7,54426
N00000581,BALLYMENA,17.7,54426
N00000536,BALLYMENA,17.7,54426
N00000539,BALLYMENA,17.7,54426
N00000550,BALLYMENA,17.7,54426
N00000553,BALLYMENA,17.7,54426
N00000551,BALLYMENA,17.7,54426
N00000554,BALLYMENA,17.7,54426
N00000555,BALLYMENA,17.7,54426
N00000556,BALLYMENA,17.7,54426
N00000549,BALLYMENA,17.7,54426
N00000619,BALLYMENA,17.7,54426
N00000620,BALLYMENA,17.7,54426
N00000514,BALLYMENA,17.7,54426
N00000511,BALLYMENA,17.7,54426
N00000622,BALLYMENA,17.7,54426
N00000621,BALLYMENA,17.7,54426
N00000565,BALLYMENA,17.7,54426
N00000564,BALLYMENA,17.7,54426
N00000531,BALLYMENA,17.7,54426
N00000563,BALLYMENA,17.7,54426
N00000642,BALLYMENA,17.7,54426
N00000638,BALLYMENA,17.7,54426
N00000639,BALLYMENA,17.7,54426
N00000566,BALLYMENA,17.7,54426
N00000641,BALLYMENA,17.7,54426
N00000637,BALLYMENA,17.7,54426
N00000552,BALLYMENA,17.7,54426
N00000518,BALLYMENA,17.7,54426
N00000521,BALLYMENA,17.7,54426
N00000520,BALLYMENA,17.7,54426
N00000523,BALLYMENA,17.7,54426
N00000519,BALLYMENA,17.7,54426
N00000524,BALLYMENA,17.7,54426
N00000522,BALLYMENA,17.7,54426
N00000525,BALLYMENA,17.7,54426
N00000631,BALLYMENA,17.7,54426
N00000632,BALLYMENA,17.7,54426
N00000633,BALLYMENA,17.7,54426
N00000586,BALLYMENA,17.7,54426
N00000588,BALLYMENA,17.7,54426
N00000587,BALLYMENA,17.7,54426
N00000583,BALLYMENA,17.7,54426
N00000500,BALLYMENA,17.7,54426
N00000614,BALLYMENA,17.7,54426
N00000617,BALLYMENA,17.7,54426
N00000508,BALLYMENA,17.7,54426
N00000506,BALLYMENA,17.7,54426
N00000507,BALLYMENA,17.7,54426
N00000505,BALLYMENA,17.7,54426
N00000510,BALLYMENA,17.7,54426
N00000509,BALLYMENA,17.7,54426
N00000640,BALLYMENA,17.7,54426
N00000530,BALLYMENA,17.7,54426
N00000533,BALLYMENA,17.7,54426
N00000529,BALLYMENA,17.7,54426
N00000616,BALLYMENA,17.7,54426
N00000615,BALLYMENA,17.7,54426
N00000597,BALLYMENA,17.7,54426
N00000599,BALLYMENA,17.7,54426
N00000528,BALLYMENA,17.7,54426
N00000532,BALLYMENA,17.7,54426
N00000526,BALLYMENA,17.7,54426
N00000618,BALLYMENA,17.7,54426
N00000478,BALLYMENA,17.7,54426
N00000527,BALLYMENA,17.7,54426
N00000498,BALLYMENA,17.7,54426
N00000494,BALLYMENA,17.7,54426
N00000598,BALLYMENA,17.7,54426
N00000612,BALLYMENA,17.7,54426
N00000613,BALLYMENA,17.7,54426
N00000600,BALLYMENA,17.7,54426
N00000499,BALLYMENA,17.7,54426
N00000501,BALLYMENA,17.7,54426
N00000502,BALLYMENA,17.7,54426
N00000602,BALLYMENA,17.7,54426
N00000601,BALLYMENA,17.7,54426
N00000596,BALLYMENA,17.7,54426
N00000504,BALLYMENA,17.7,54426
N00000503,BALLYMENA,17.7,54426
N00000497,BALLYMENA,17.7,54426
N00000491,BALLYMENA,17.7,54426
N00000490,BALLYMENA,17.7,54426
N00000492,BALLYMENA,17.7,54426
N00000482,BALLYMENA,17.7,54426
N00000484,BALLYMENA,17.7,54426
N00000483,BALLYMENA,17.7,54426
N00000485,BALLYMENA,17.7,54426
N00000486,BALLYMENA,17.7,54426
N00000489,BALLYMENA,17.7,54426
N00000487,BALLYMENA,17.7,54426
N00000488,BALLYMENA,17.7,54426
N00000572,BALLYMENA,17.7,54426
N00000568,BALLYMENA,17.7,54426
N00000569,BALLYMENA,17.7,54426
N00000570,BALLYMENA,17.7,54426
N00000571,BALLYMENA,17.7,54426
N00000574,BALLYMENA,17.7,54426
N00000573,BALLYMENA,17.7,54426
N00000496,BALLYMENA,17.7,54426
N00000495,BALLYMENA,17.7,54426
N00000493,BALLYMENA,17.7,54426
N00000479,BALLYMENA,17.7,54426
N00000477,BALLYMENA,17.7,54426
N00000481,BALLYMENA,17.7,54426
N00000517,BALLYMENA,17.7,54426
N00000515,BALLYMENA,17.7,54426
N00000512,BALLYMENA,17.7,54426
N00000513,BALLYMENA,17.7,54426
N00000516,BALLYMENA,17.7,54426
N00000480,BALLYMENA,17.7,54426
N00000567,BALLYMENA,17.7,54426
N00000538,BALLYMENA,17.7,54426
N00000543,BALLYMENA,17.7,54426
N00000546,BALLYMENA,17.7,54426
N00000545,BALLYMENA,17.7,54426
N00000542,BALLYMENA,17.7,54426
N00000537,BALLYMENA,17.7,54426
N00000559,BALLYMENA,17.7,54426
N00000540,BALLYMENA,17.7,54426
N00000547,BALLYMENA,17.7,54426
N00000548,BALLYMENA,17.7,54426
N00000544,BALLYMENA,17.7,54426
N00000541,BALLYMENA,17.7,54426
N00000560,BALLYMENA,17.7,54426
N00000558,BALLYMENA,17.7,54426
N00000628,BALLYMENA,17.7,54426
N00000623,BALLYMENA,17.7,54426
N00000626,BALLYMENA,17.7,54426
N00000624,BALLYMENA,17.7,54426
N00000591,BALLYMENA,17.7,54426
N00000593,BALLYMENA,17.7,54426
N00000592,BALLYMENA,17.7,54426
N00000595,BALLYMENA,17.7,54426
N00000589,BALLYMENA,17.7,54426
N00000126,ANTRIM,31.1,44384
N00000125,ANTRIM,31.1,44384
N00000046,ANTRIM,31.1,44384
N00000045,ANTRIM,31.1,44384
N00000034,ANTRIM,31.1,44384
N00000048,ANTRIM,31.1,44384
N00000049,ANTRIM,31.1,44384
N00000050,ANTRIM,31.1,44384
N00000088,ANTRIM,31.1,44384
N00000091,ANTRIM,31.1,44384
N00000090,ANTRIM,31.1,44384
N00000089,ANTRIM,31.1,44384
N00000095,ANTRIM,31.1,44384
N00000047,ANTRIM,31.1,44384
N00000594,BALLYMENA,17.7,54426
N00000590,BALLYMENA,17.7,54426
N00000611,BALLYMENA,17.7,54426
N00000608,BALLYMENA,17.7,54426
N00000609,BALLYMENA,17.7,54426
N00000610,BALLYMENA,17.7,54426
N00000604,BALLYMENA,17.7,54426
N00000603,BALLYMENA,17.7,54426
N00000605,BALLYMENA,17.7,54426
N00000607,BALLYMENA,17.7,54426
N00000606,BALLYMENA,17.7,54426
N00000584,BALLYMENA,17.7,54426
N00000582,BALLYMENA,17.7,54426
N00000083,ANTRIM,31.1,44384
N00000096,ANTRIM,31.1,44384
N00000092,ANTRIM,31.1,44384
N00000094,ANTRIM,31.1,44384
N00000093,ANTRIM,31.1,44384
N00000087,ANTRIM,31.1,44384
N00000075,ANTRIM,31.1,44384
N00000015,ANTRIM,31.1,44384
N00000071,ANTRIM,31.1,44384
N00000013,ANTRIM,31.1,44384
N00000014,ANTRIM,31.1,44384
N00000073,ANTRIM,31.1,44384
N00000060,ANTRIM,31.1,44384
N00000063,ANTRIM,31.1,44384
N00000105,ANTRIM,31.1,44384
N00000077,ANTRIM,31.1,44384
N00000070,ANTRIM,31.1,44384
N00000100,ANTRIM,31.1,44384
N00000076,ANTRIM,31.1,44384
N00000097,ANTRIM,31.1,44384
N00000099,ANTRIM,31.1,44384
N00000108,ANTRIM,31.1,44384
N00000098,ANTRIM,31.1,44384
N00000103,ANTRIM,31.1,44384
N00000078,ANTRIM,31.1,44384
N00000104,ANTRIM,31.1,44384
N00000101,ANTRIM,31.1,44384
N00000102,ANTRIM,31.1,44384
N00000074,ANTRIM,31.1,44384
N00000079,ANTRIM,31.1,44384
N00000082,ANTRIM,31.1,44384
N00000056,ANTRIM,31.1,44384
N00000054,ANTRIM,31.1,44384
N00000055,ANTRIM,31.1,44384
N00000052,ANTRIM,31.1,44384
N00000051,ANTRIM,31.1,44384
N00000115,ANTRIM,31.1,44384
N00000109,ANTRIM,31.1,44384
N00000106,ANTRIM,31.1,44384
N00000110,ANTRIM,31.1,44384
N00000107,ANTRIM,31.1,44384
N00000116,ANTRIM,31.1,44384
N00000059,ANTRIM,31.1,44384
N00000057,ANTRIM,31.1,44384
N00000058,ANTRIM,31.1,44384
N00000111,ANTRIM,31.1,44384
N00000112,ANTRIM,31.1,44384
N00000117,ANTRIM,31.1,44384
N00000113,ANTRIM,31.1,44384
N00000053,ANTRIM,31.1,44384
N00000064,ANTRIM,31.1,44384
N00000114,ANTRIM,31.1,44384
N00000065,ANTRIM,31.1,44384
N00000067,ANTRIM,31.1,44384
N00000069,ANTRIM,31.1,44384
N00000019,ANTRIM,31.1,44384
N00000066,ANTRIM,31.1,44384
N00000061,ANTRIM,31.1,44384
N00000062,ANTRIM,31.1,44384
N00000072,ANTRIM,31.1,44384
N00000068,ANTRIM,31.1,44384
N00000017,ANTRIM,31.1,44384
N00000020,ANTRIM,31.1,44384
N00000023,ANTRIM,31.1,44384
N00000018,ANTRIM,31.1,44384
N00000021,ANTRIM,31.1,44384
N00000022,ANTRIM,31.1,44384
N00000124,ANTRIM,31.1,44384
N00000122,ANTRIM,31.1,44384
N00000009,ANTRIM,31.1,44384
N00000008,ANTRIM,31.1,44384
N00000007,ANTRIM,31.1,44384
N00000012,ANTRIM,31.1,44384
N00000016,ANTRIM,31.1,44384
N00000011,ANTRIM,31.1,44384
N00000005,ANTRIM,31.1,44384
N00000031,ANTRIM,31.1,44384
N00000086,ANTRIM,31.1,44384
N00000085,ANTRIM,31.1,44384
N00000036,ANTRIM,31.1,44384
N00000035,ANTRIM,31.1,44384
N00000032,ANTRIM,31.1,44384
N00000033,ANTRIM,31.1,44384
N00000127,ANTRIM,31.1,44384
N00000128,ANTRIM,31.1,44384
N00002161,COOKSTOWN,49.2,26624
N00002160,COOKSTOWN,49.2,26624
N00002158,COOKSTOWN,49.2,26624
N00002159,COOKSTOWN,49.2,26624
N00002162,COOKSTOWN,49.2,26624
N00003573,MAGHERAFELT,54.7,30825
N00003606,MAGHERAFELT,54.7,30825
N00003598,MAGHERAFELT,54.7,30825
N00003601,MAGHERAFELT,54.7,30825
N00003600,MAGHERAFELT,54.7,30825
N00003603,MAGHERAFELT,54.7,30825
N00003528,MAGHERAFELT,54.7,30825
N00003527,MAGHERAFELT,54.7,30825
N00002163,COOKSTOWN,49.2,26624
N00003529,MAGHERAFELT,54.7,30825
N00000129,ANTRIM,31.1,44384
N00003530,MAGHERAFELT,54.7,30825
N00003545,MAGHERAFELT,54.7,30825
N00003531,MAGHERAFELT,54.7,30825
N00003535,MAGHERAFELT,54.7,30825
N00003537,MAGHERAFELT,54.7,30825
N00003533,MAGHERAFELT,54.7,30825
N00003566,MAGHERAFELT,54.7,30825
N00003534,MAGHERAFELT,54.7,30825
N00003568,MAGHERAFELT,54.7,30825
N00003567,MAGHERAFELT,54.7,30825
N00003563,MAGHERAFELT,54.7,30825
N00003564,MAGHERAFELT,54.7,30825
N00003541,MAGHERAFELT,54.7,30825
N00003540,MAGHERAFELT,54.7,30825
N00003542,MAGHERAFELT,54.7,30825
N00003543,MAGHERAFELT,54.7,30825
N00003539,MAGHERAFELT,54.7,30825
N00003546,MAGHERAFELT,54.7,30825
N00003538,MAGHERAFELT,54.7,30825
N00003544,MAGHERAFELT,54.7,30825
N00003556,MAGHERAFELT,54.7,30825
N00003605,MAGHERAFELT,54.7,30825
N00003602,MAGHERAFELT,54.7,30825
N00003599,MAGHERAFELT,54.7,30825
N00003604,MAGHERAFELT,54.7,30825
N00003555,MAGHERAFELT,54.7,30825
N00003611,MAGHERAFELT,54.7,30825
N00003552,MAGHERAFELT,54.7,30825
N00003554,MAGHERAFELT,54.7,30825
N00003553,MAGHERAFELT,54.7,30825
N00003550,MAGHERAFELT,54.7,30825
N00003551,MAGHERAFELT,54.7,30825
N00003609,MAGHERAFELT,54.7,30825
N00003608,MAGHERAFELT,54.7,30825
N00003610,MAGHERAFELT,54.7,30825
N00003607,MAGHERAFELT,54.7,30825
N00003570,MAGHERAFELT,54.7,30825
N00003571,MAGHERAFELT,54.7,30825
N00003565,MAGHERAFELT,54.7,30825
N00003594,MAGHERAFELT,54.7,30825
N00003595,MAGHERAFELT,54.7,30825
N00003597,MAGHERAFELT,54.7,30825
N00003596,MAGHERAFELT,54.7,30825
N00003548,MAGHERAFELT,54.7,30825
N00003547,MAGHERAFELT,54.7,30825
N00003593,MAGHERAFELT,54.7,30825
N00003572,MAGHERAFELT,54.7,30825
N00003574,MAGHERAFELT,54.7,30825
N00003569,MAGHERAFELT,54.7,30825
N00002126,COOKSTOWN,49.2,26624
N00002127,COOKSTOWN,49.2,26624
N00002125,COOKSTOWN,49.2,26624
N00002124,COOKSTOWN,49.2,26624
N00002122,COOKSTOWN,49.2,26624
N00002123,COOKSTOWN,49.2,26624
N00002133,COOKSTOWN,49.2,26624
N00002100,COOKSTOWN,49.2,26624
N00002098,COOKSTOWN,49.2,26624
N00002121,COOKSTOWN,49.2,26624
N00003549,MAGHERAFELT,54.7,30825
N00003577,MAGHERAFELT,54.7,30825
N00003576,MAGHERAFELT,54.7,30825
N00003575,MAGHERAFELT,54.7,30825
N00004502,STRABANE,56.9,35028
N00004426,OMAGH,62.1,41159
N00004423,OMAGH,62.1,41159
N00004422,OMAGH,62.1,41159
N00004424,OMAGH,62.1,41159
N00004397,OMAGH,62.1,41159
N00004398,OMAGH,62.1,41159
N00004399,OMAGH,62.1,41159
N00004492,STRABANE,56.9,35028
N00004493,STRABANE,56.9,35028
N00004490,STRABANE,56.9,35028
N00004527,STRABANE,56.9,35028
N00004526,STRABANE,56.9,35028
N00004506,STRABANE,56.9,35028
N00004494,STRABANE,56.9,35028
N00004495,STRABANE,56.9,35028
N00004491,STRABANE,56.9,35028
N00004505,STRABANE,56.9,35028
N00004530,STRABANE,56.9,35028
N00004531,STRABANE,56.9,35028
N00004512,STRABANE,56.9,35028
N00004510,STRABANE,56.9,35028
N00004507,STRABANE,56.9,35028
N00004511,STRABANE,56.9,35028
N00004509,STRABANE,56.9,35028
N00004529,STRABANE,56.9,35028
N00004508,STRABANE,56.9,35028
N00004520,STRABANE,56.9,35028
N00004477,STRABANE,56.9,35028
N00004476,STRABANE,56.9,35028
N00004454,STRABANE,56.9,35028
N00004455,STRABANE,56.9,35028
N00004457,STRABANE,56.9,35028
N00004522,STRABANE,56.9,35028
N00004523,STRABANE,56.9,35028
N00004525,STRABANE,56.9,35028
N00004519,STRABANE,56.9,35028
N00004534,STRABANE,56.9,35028
N00004533,STRABANE,56.9,35028
N00004521,STRABANE,56.9,35028
N00004524,STRABANE,56.9,35028
N00004537,STRABANE,56.9,35028
N00004532,STRABANE,56.9,35028
N00004535,STRABANE,56.9,35028
N00004500,STRABANE,56.9,35028
N00004536,STRABANE,56.9,35028
N00004452,STRABANE,56.9,35028
N00004456,STRABANE,56.9,35028
N00004453,STRABANE,56.9,35028
N00004474,STRABANE,56.9,35028
N00004475,STRABANE,56.9,35028
N00004499,STRABANE,56.9,35028
N00004528,STRABANE,56.9,35028
N00004451,STRABANE,56.9,35028
N00004501,STRABANE,56.9,35028
N00004504,STRABANE,56.9,35028
N00004503,STRABANE,56.9,35028
N00004472,STRABANE,56.9,35028
N00002421,DERRY,64.3,83384
N00002422,DERRY,64.3,83384
N00004473,STRABANE,56.9,35028
N00004517,STRABANE,56.9,35028
N00004469,STRABANE,56.9,35028
N00004470,STRABANE,56.9,35028
N00004471,STRABANE,56.9,35028
N00004448,STRABANE,56.9,35028
N00004498,STRABANE,56.9,35028
N00004497,STRABANE,56.9,35028
N00004496,STRABANE,56.9,35028
N00004449,STRABANE,56.9,35028
N00004447,STRABANE,56.9,35028
N00004446,STRABANE,56.9,35028
N00004450,STRABANE,56.9,35028
N00004513,STRABANE,56.9,35028
N00004516,STRABANE,56.9,35028
N00002536,DERRY,64.3,83384
N00004518,STRABANE,56.9,35028
N00004515,STRABANE,56.9,35028
N00004514,STRABANE,56.9,35028
N00002480,DERRY,64.3,83384
N00002557,DERRY,64.3,83384
N00002560,DERRY,64.3,83384
N00002564,DERRY,64.3,83384
N00002559,DERRY,64.3,83384
N00002558,DERRY,64.3,83384
N00002556,DERRY,64.3,83384
N00002555,DERRY,64.3,83384
N00002538,DERRY,64.3,83384
N00002561,DERRY,64.3,83384
N00002563,DERRY,64.3,83384
N00002562,DERRY,64.3,83384
N00002476,DERRY,64.3,83384
N00002431,DERRY,64.3,83384
N00002430,DERRY,64.3,83384
N00002618,DERRY,64.3,83384
N00002626,DERRY,64.3,83384
N00002617,DERRY,64.3,83384
N00002616,DERRY,64.3,83384
N00002615,DERRY,64.3,83384
N00002625,DERRY,64.3,83384
N00002622,DERRY,64.3,83384
N00002451,DERRY,64.3,83384
N00002624,DERRY,64.3,83384
N00002623,DERRY,64.3,83384
N00002454,DERRY,64.3,83384
N00002452,DERRY,64.3,83384
N00002453,DERRY,64.3,83384
N00002456,DERRY,64.3,83384
N00002539,DERRY,64.3,83384
N00002398,DERRY,64.3,83384
N00002399,DERRY,64.3,83384
N00002540,DERRY,64.3,83384
N00002397,DERRY,64.3,83384
N00002396,DERRY,64.3,83384
N00002400,DERRY,64.3,83384
N00002457,DERRY,64.3,83384
N00002455,DERRY,64.3,83384
N00002402,DERRY,64.3,83384
N00002401,DERRY,64.3,83384
N00002404,DERRY,64.3,83384
N00002405,DERRY,64.3,83384
N00002403,DERRY,64.3,83384
N00002537,DERRY,64.3,83384
N00002464,DERRY,64.3,83384
N00002459,DERRY,64.3,83384
N00002458,DERRY,64.3,83384
N00002460,DERRY,64.3,83384
N00002463,DERRY,64.3,83384
N00002461,DERRY,64.3,83384
N00003202,LIMAVADY,52.4,26270
N00003199,LIMAVADY,52.4,26270
N00003234,LIMAVADY,52.4,26270
N00003189,LIMAVADY,52.4,26270
N00003191,LIMAVADY,52.4,26270
N00002416,DERRY,64.3,83384
N00002462,DERRY,64.3,83384
N00002419,DERRY,64.3,83384
N00002417,DERRY,64.3,83384
N00002418,DERRY,64.3,83384
N00002420,DERRY,64.3,83384
N00003192,LIMAVADY,52.4,26270
N00003237,LIMAVADY,52.4,26270
N00003188,LIMAVADY,52.4,26270
N00003238,LIMAVADY,52.4,26270
N00003177,LIMAVADY,52.4,26270
N00003236,LIMAVADY,52.4,26270
N00003179,LIMAVADY,52.4,26270
N00003190,LIMAVADY,52.4,26270
N00003235,LIMAVADY,52.4,26270
N00003176,LIMAVADY,52.4,26270
N00003178,LIMAVADY,52.4,26270
N00003233,LIMAVADY,52.4,26270
N00003239,LIMAVADY,52.4,26270
N00003195,LIMAVADY,52.4,26270
N00003166,LIMAVADY,52.4,26270
N00003162,LIMAVADY,52.4,26270
N00003196,LIMAVADY,52.4,26270
N00003198,LIMAVADY,52.4,26270
N00003183,LIMAVADY,52.4,26270
N00003182,LIMAVADY,52.4,26270
N00003184,LIMAVADY,52.4,26270
N00003186,LIMAVADY,52.4,26270
N00003161,LIMAVADY,52.4,26270
N00003224,LIMAVADY,52.4,26270
N00003221,LIMAVADY,52.4,26270
N00003226,LIMAVADY,52.4,26270
N00003223,LIMAVADY,52.4,26270
N00003231,LIMAVADY,52.4,26270
N00003227,LIMAVADY,52.4,26270
N00003228,LIMAVADY,52.4,26270
N00003229,LIMAVADY,52.4,26270
N00003230,LIMAVADY,52.4,26270
N00003222,LIMAVADY,52.4,26270
N00003225,LIMAVADY,52.4,26270
N00003212,LIMAVADY,52.4,26270
N00003187,LIMAVADY,52.4,26270
N00003185,LIMAVADY,52.4,26270
N00003172,LIMAVADY,52.4,26270
N00003214,LIMAVADY,52.4,26270
N00003213,LIMAVADY,52.4,26270
N00003174,LIMAVADY,52.4,26270
N00003175,LIMAVADY,52.4,26270
N00003173,LIMAVADY,52.4,26270
N00003171,LIMAVADY,52.4,26270
N00003211,LIMAVADY,52.4,26270
N00003215,LIMAVADY,52.4,26270
N00003181,LIMAVADY,52.4,26270
N00003180,LIMAVADY,52.4,26270
N00003167,LIMAVADY,52.4,26270
N00003197,LIMAVADY,52.4,26270
N00003193,LIMAVADY,52.4,26270
N00003194,LIMAVADY,52.4,26270
N00003232,LIMAVADY,52.4,26270
N00003203,LIMAVADY,52.4,26270
N00003201,LIMAVADY,52.4,26270
N00003200,LIMAVADY,52.4,26270
N00003207,LIMAVADY,52.4,26270
N00003204,LIMAVADY,52.4,26270
N00003205,LIMAVADY,52.4,26270
N00003206,LIMAVADY,52.4,26270
N00003208,LIMAVADY,52.4,26270
N00003209,LIMAVADY,52.4,26270
N00003210,LIMAVADY,52.4,26270
N00003168,LIMAVADY,52.4,26270
N00003170,LIMAVADY,52.4,26270
N00003169,LIMAVADY,52.4,26270
N00003218,LIMAVADY,52.4,26270
N00003220,LIMAVADY,52.4,26270
N00003216,LIMAVADY,52.4,26270
N00003217,LIMAVADY,52.4,26270
N00003165,LIMAVADY,52.4,26270
N00003164,LIMAVADY,52.4,26270
N00003163,LIMAVADY,52.4,26270
N00001967,COLERAINE,23.9,46272
N00001965,COLERAINE,23.9,46272
N00003219,LIMAVADY,52.4,26270
N00002499,DERRY,64.3,83384
N00002500,DERRY,64.3,83384
N00002496,DERRY,64.3,83384
N00002491,DERRY,64.3,83384
N00002495,DERRY,64.3,83384
N00002497,DERRY,64.3,83384
N00002412,DERRY,64.3,83384
N00002502,DERRY,64.3,83384
N00002498,DERRY,64.3,83384
N00002501,DERRY,64.3,83384
N00002489,DERRY,64.3,83384
N00002523,DERRY,64.3,83384
N00002522,DERRY,64.3,83384
N00002521,DERRY,64.3,83384
N00002490,DERRY,64.3,83384
N00002512,DERRY,64.3,83384
N00002515,DERRY,64.3,83384
N00002514,DERRY,64.3,83384
N00002513,DERRY,64.3,83384
N00002519,DERRY,64.3,83384
N00002517,DERRY,64.3,83384
N00002516,DERRY,64.3,83384
N00002520,DERRY,64.3,83384
N00002518,DERRY,64.3,83384
N00002525,DERRY,64.3,83384
N00002524,DERRY,64.3,83384
N00002526,DERRY,64.3,83384
N00002411,DERRY,64.3,83384
N00002408,DERRY,64.3,83384
N00002414,DERRY,64.3,83384
N00002413,DERRY,64.3,83384
N00002415,DERRY,64.3,83384
N00002579,DERRY,64.3,83384
N00002582,DERRY,64.3,83384
N00002442,DERRY,64.3,83384
N00002580,DERRY,64.3,83384
N00002581,DERRY,64.3,83384
N00002410,DERRY,64.3,83384
N00002409,DERRY,64.3,83384
N00002443,DERRY,64.3,83384
N00002568,DERRY,64.3,83384
N00002571,DERRY,64.3,83384
N00002572,DERRY,64.3,83384
N00002407,DERRY,64.3,83384
N00002406,DERRY,64.3,83384
N00002569,DERRY,64.3,83384
N00002570,DERRY,64.3,83384
N00002567,DERRY,64.3,83384
N00002610,DERRY,64.3,83384
N00002611,DERRY,64.3,83384
N00002608,DERRY,64.3,83384
N00002503,DERRY,64.3,83384
N00002445,DERRY,64.3,83384
N00002527,DERRY,64.3,83384
N00002449,DERRY,64.3,83384
N00002447,DERRY,64.3,83384
N00002450,DERRY,64.3,83384
N00002446,DERRY,64.3,83384
N00002546,DERRY,64.3,83384
N00002545,DERRY,64.3,83384
N00002448,DERRY,64.3,83384
N00002444,DERRY,64.3,83384
N00002548,DERRY,64.3,83384
N00002547,DERRY,64.3,83384
N00002544,DERRY,64.3,83384
N00002542,DERRY,64.3,83384
N00002543,DERRY,64.3,83384
N00002541,DERRY,64.3,83384
N00002554,DERRY,64.3,83384
N00002550,DERRY,64.3,83384
N00002549,DERRY,64.3,83384
N00002553,DERRY,64.3,83384
N00002621,DERRY,64.3,83384
N00002551,DERRY,64.3,83384
N00002620,DERRY,64.3,83384
N00002510,DERRY,64.3,83384
N00002509,DERRY,64.3,83384
N00002552,DERRY,64.3,83384
N00002507,DERRY,64.3,83384
N00002504,DERRY,64.3,83384
N00002505,DERRY,64.3,83384
N00002506,DERRY,64.3,83384
N00002508,DERRY,64.3,83384
N00002511,DERRY,64.3,83384
N00002619,DERRY,64.3,83384
N00002614,DERRY,64.3,83384
N00002613,DERRY,64.3,83384
N00002432,DERRY,64.3,83384
N00002434,DERRY,64.3,83384
N00002435,DERRY,64.3,83384
N00002433,DERRY,64.3,83384
N00002631,DERRY,64.3,83384
N00002628,DERRY,64.3,83384
N00002630,DERRY,64.3,83384
N00002428,DERRY,64.3,83384
N00002427,DERRY,64.3,83384
N00002423,DERRY,64.3,83384
N00002426,DERRY,64.3,83384
N00002424,DERRY,64.3,83384
N00002606,DERRY,64.3,83384
N00002627,DERRY,64.3,83384
N00002629,DERRY,64.3,83384
N00002607,DERRY,64.3,83384
N00002605,DERRY,64.3,83384
N00002603,DERRY,64.3,83384
N00002576,DERRY,64.3,83384
N00002573,DERRY,64.3,83384
N00002604,DERRY,64.3,83384
N00002609,DERRY,64.3,83384
N00002577,DERRY,64.3,83384
N00002612,DERRY,64.3,83384
N00002578,DERRY,64.3,83384
N00002533,DERRY,64.3,83384
N00002531,DERRY,64.3,83384
N00002535,DERRY,64.3,83384
N00002575,DERRY,64.3,83384
N00002574,DERRY,64.3,83384
N00002425,DERRY,64.3,83384
N00002429,DERRY,64.3,83384
N00002470,DERRY,64.3,83384
N00002468,DERRY,64.3,83384
N00002465,DERRY,64.3,83384
N00002469,DERRY,64.3,83384
N00002467,DERRY,64.3,83384
N00002466,DERRY,64.3,83384
N00002471,DERRY,64.3,83384
N00002475,DERRY,64.3,83384
N00002473,DERRY,64.3,83384
N00002474,DERRY,64.3,83384
N00002472,DERRY,64.3,83384
N00002479,DERRY,64.3,83384
N00002478,DERRY,64.3,83384
N00002477,DERRY,64.3,83384
N00002592,DERRY,64.3,83384
N00002600,DERRY,64.3,83384
N00002601,DERRY,64.3,83384
N00002598,DERRY,64.3,83384
N00002594,DERRY,64.3,83384
N00002481,DERRY,64.3,83384
N00002482,DERRY,64.3,83384
N00002483,DERRY,64.3,83384
N00002488,DERRY,64.3,83384
N00002486,DERRY,64.3,83384
N00002485,DERRY,64.3,83384
N00002487,DERRY,64.3,83384
N00002530,DERRY,64.3,83384
N00002529,DERRY,64.3,83384
N00002597,DERRY,64.3,83384
N00002595,DERRY,64.3,83384
N00002484,DERRY,64.3,83384
N00002599,DERRY,64.3,83384
N00002596,DERRY,64.3,83384
N00002532,DERRY,64.3,83384
N00002528,DERRY,64.3,83384
N00002534,DERRY,64.3,83384
N00002565,DERRY,64.3,83384
N00002566,DERRY,64.3,83384
N00002439,DERRY,64.3,83384
N00002441,DERRY,64.3,83384
N00002440,DERRY,64.3,83384
N00002438,DERRY,64.3,83384
N00002436,DERRY,64.3,83384
N00002437,DERRY,64.3,83384
N00002602,DERRY,64.3,83384
N00002589,DERRY,64.3,83384
N00002593,DERRY,64.3,83384
N00002588,DERRY,64.3,83384
N00002585,DERRY,64.3,83384
N00002583,DERRY,64.3,83384
N00002586,DERRY,64.3,83384
N00002492,DERRY,64.3,83384
N00002584,DERRY,64.3,83384
N00002494,DERRY,64.3,83384
N00002493,DERRY,64.3,83384
N00002587,DERRY,64.3,83384
N00002591,DERRY,64.3,83384
N00002590,DERRY,64.3,83384
N00004481,STRABANE,56.9,35028
N00004482,STRABANE,56.9,35028
N00004483,STRABANE,56.9,35028
N00004479,STRABANE,56.9,35028
N00004478,STRABANE,56.9,35028
N00004484,STRABANE,56.9,35028
N00004459,STRABANE,56.9,35028
N00004486,STRABANE,56.9,35028
N00004462,STRABANE,56.9,35028
N00004460,STRABANE,56.9,35028
N00004458,STRABANE,56.9,35028
N00004461,STRABANE,56.9,35028
N00004480,STRABANE,56.9,35028
N00004464,STRABANE,56.9,35028
N00004463,STRABANE,56.9,35028
N00004465,STRABANE,56.9,35028
N00004488,STRABANE,56.9,35028
N00004487,STRABANE,56.9,35028
N00004485,STRABANE,56.9,35028
N00002929,FERMANAGH,52.5,51008
N00002926,FERMANAGH,52.5,51008
N00002924,FERMANAGH,52.5,51008
N00002925,FERMANAGH,52.5,51008
N00002922,FERMANAGH,52.5,51008
N00002923,FERMANAGH,52.5,51008
N00002917,FERMANAGH,52.5,51008
N00002918,FERMANAGH,52.5,51008
N00002958,FERMANAGH,52.5,51008
N00002921,FERMANAGH,52.5,51008
N00003003,FERMANAGH,52.5,51008
N00003014,FERMANAGH,52.5,51008
N00003013,FERMANAGH,52.5,51008
N00002955,FERMANAGH,52.5,51008
N00002956,FERMANAGH,52.5,51008
N00002957,FERMANAGH,52.5,51008
N00002959,FERMANAGH,52.5,51008
N00002934,FERMANAGH,52.5,51008
N00003059,FERMANAGH,52.5,51008
N00003045,FERMANAGH,52.5,51008
N00002954,FERMANAGH,52.5,51008
N00003016,FERMANAGH,52.5,51008
N00002915,FERMANAGH,52.5,51008
N00002916,FERMANAGH,52.5,51008
N00002913,FERMANAGH,52.5,51008
N00002912,FERMANAGH,52.5,51008
N00003017,FERMANAGH,52.5,51008
N00002983,FERMANAGH,52.5,51008
N00002972,FERMANAGH,52.5,51008
N00003046,FERMANAGH,52.5,51008
N00003043,FERMANAGH,52.5,51008
N00003041,FERMANAGH,52.5,51008
N00003039,FERMANAGH,52.5,51008
N00003042,FERMANAGH,52.5,51008
N00002969,FERMANAGH,52.5,51008
N00002970,FERMANAGH,52.5,51008
N00002967,FERMANAGH,52.5,51008
N00002968,FERMANAGH,52.5,51008
N00002971,FERMANAGH,52.5,51008
N00002980,FERMANAGH,52.5,51008
N00002981,FERMANAGH,52.5,51008
N00002986,FERMANAGH,52.5,51008
N00002982,FERMANAGH,52.5,51008
N00002984,FERMANAGH,52.5,51008
N00002979,FERMANAGH,52.5,51008
N00002985,FERMANAGH,52.5,51008
N00002946,FERMANAGH,52.5,51008
N00002947,FERMANAGH,52.5,51008
N00002943,FERMANAGH,52.5,51008
N00002944,FERMANAGH,52.5,51008
N00002945,FERMANAGH,52.5,51008
N00002948,FERMANAGH,52.5,51008
N00003006,FERMANAGH,52.5,51008
N00003061,FERMANAGH,52.5,51008
N00004445,OMAGH,62.1,41159
N00004444,OMAGH,62.1,41159
N00002914,FERMANAGH,52.5,51008
N00003015,FERMANAGH,52.5,51008
N00002997,FERMANAGH,52.5,51008
N00002994,FERMANAGH,52.5,51008
N00002993,FERMANAGH,52.5,51008
N00002996,FERMANAGH,52.5,51008
N00002999,FERMANAGH,52.5,51008
N00002998,FERMANAGH,52.5,51008
N00002995,FERMANAGH,52.5,51008
N00004363,OMAGH,62.1,41159
N00004441,OMAGH,62.1,41159
N00004377,OMAGH,62.1,41159
N00003002,FERMANAGH,52.5,51008
N00003001,FERMANAGH,52.5,51008
N00003000,FERMANAGH,52.5,51008
N00003005,FERMANAGH,52.5,51008
N00003004,FERMANAGH,52.5,51008
N00002928,FERMANAGH,52.5,51008
N00002927,FERMANAGH,52.5,51008
N00004489,STRABANE,56.9,35028
N00004466,STRABANE,56.9,35028
N00004467,STRABANE,56.9,35028
N00004374,OMAGH,62.1,41159
N00004376,OMAGH,62.1,41159
N00004468,STRABANE,56.9,35028
N00004390,OMAGH,62.1,41159
N00004387,OMAGH,62.1,41159
N00004386,OMAGH,62.1,41159
N00004435,OMAGH,62.1,41159
N00004404,OMAGH,62.1,41159
N00004402,OMAGH,62.1,41159
N00004403,OMAGH,62.1,41159
N00004388,OMAGH,62.1,41159
N00004389,OMAGH,62.1,41159
N00004375,OMAGH,62.1,41159
N00004364,OMAGH,62.1,41159
N00004366,OMAGH,62.1,41159
N00004365,OMAGH,62.1,41159
N00004351,OMAGH,62.1,41159
N00004354,OMAGH,62.1,41159
N00004353,OMAGH,62.1,41159
N00004350,OMAGH,62.1,41159
N00004339,OMAGH,62.1,41159
N00004352,OMAGH,62.1,41159
N00004421,OMAGH,62.1,41159
N00004341,OMAGH,62.1,41159
N00004420,OMAGH,62.1,41159
N00004342,OMAGH,62.1,41159
N00004340,OMAGH,62.1,41159
N00004369,OMAGH,62.1,41159
N00004338,OMAGH,62.1,41159
N00004347,OMAGH,62.1,41159
N00004346,OMAGH,62.1,41159
N00004384,OMAGH,62.1,41159
N00004382,OMAGH,62.1,41159
N00004385,OMAGH,62.1,41159
N00004383,OMAGH,62.1,41159
N00004381,OMAGH,62.1,41159
N00004360,OMAGH,62.1,41159
N00004362,OMAGH,62.1,41159
N00004357,OMAGH,62.1,41159
N00004359,OMAGH,62.1,41159
N00004358,OMAGH,62.1,41159
N00004355,OMAGH,62.1,41159
N00004356,OMAGH,62.1,41159
N00004361,OMAGH,62.1,41159
N00004405,OMAGH,62.1,41159
N00004434,OMAGH,62.1,41159
N00004433,OMAGH,62.1,41159
N00004432,OMAGH,62.1,41159
N00004345,OMAGH,62.1,41159
N00004414,OMAGH,62.1,41159
N00004378,OMAGH,62.1,41159
N00004380,OMAGH,62.1,41159
N00004379,OMAGH,62.1,41159
N00004348,OMAGH,62.1,41159
N00004344,OMAGH,62.1,41159
N00004349,OMAGH,62.1,41159
N00004407,OMAGH,62.1,41159
N00004406,OMAGH,62.1,41159
N00004408,OMAGH,62.1,41159
N00004416,OMAGH,62.1,41159
N00004343,OMAGH,62.1,41159
N00004413,OMAGH,62.1,41159
N00004415,OMAGH,62.1,41159
N00004409,OMAGH,62.1,41159
N00004412,OMAGH,62.1,41159
N00004411,OMAGH,62.1,41159
N00004410,OMAGH,62.1,41159
N00004371,OMAGH,62.1,41159
N00004401,OMAGH,62.1,41159
N00004400,OMAGH,62.1,41159
N00004368,OMAGH,62.1,41159
N00004425,OMAGH,62.1,41159
N00004373,OMAGH,62.1,41159
N00004370,OMAGH,62.1,41159
N00004372,OMAGH,62.1,41159
N00004440,OMAGH,62.1,41159
N00004436,OMAGH,62.1,41159
N00004439,OMAGH,62.1,41159
N00002102,COOKSTOWN,49.2,26624
N00002101,COOKSTOWN,49.2,26624
N00002099,COOKSTOWN,49.2,26624
N00002134,COOKSTOWN,49.2,26624
N00002135,COOKSTOWN,49.2,26624
N00002132,COOKSTOWN,49.2,26624
N00002144,COOKSTOWN,49.2,26624
N00002147,COOKSTOWN,49.2,26624
N00002146,COOKSTOWN,49.2,26624
N00002795,DUNGANNON,52.3,41073
N00002145,COOKSTOWN,49.2,26624
N00002143,COOKSTOWN,49.2,26624
N00002794,DUNGANNON,52.3,41073
N00002792,DUNGANNON,52.3,41073
N00002868,DUNGANNON,52.3,41073
N00002836,DUNGANNON,52.3,41073
N00002837,DUNGANNON,52.3,41073
N00002796,DUNGANNON,52.3,41073
N00002793,DUNGANNON,52.3,41073
N00002812,DUNGANNON,52.3,41073
N00004430,OMAGH,62.1,41159
N00004438,OMAGH,62.1,41159
N00004437,OMAGH,62.1,41159
N00004431,OMAGH,62.1,41159
N00004427,OMAGH,62.1,41159
N00004428,OMAGH,62.1,41159
N00004429,OMAGH,62.1,41159
N00002797,DUNGANNON,52.3,41073
N00002799,DUNGANNON,52.3,41073
N00002798,DUNGANNON,52.3,41073
N00002811,DUNGANNON,52.3,41073
N00002807,DUNGANNON,52.3,41073
N00002809,DUNGANNON,52.3,41073
N00002810,DUNGANNON,52.3,41073
N00002801,DUNGANNON,52.3,41073
N00002808,DUNGANNON,52.3,41073
N00002813,DUNGANNON,52.3,41073
N00002834,DUNGANNON,52.3,41073
N00002832,DUNGANNON,52.3,41073
N00002833,DUNGANNON,52.3,41073
N00002835,DUNGANNON,52.3,41073
N00002829,DUNGANNON,52.3,41073
N00002831,DUNGANNON,52.3,41073
N00002830,DUNGANNON,52.3,41073
N00002806,DUNGANNON,52.3,41073
N00002805,DUNGANNON,52.3,41073
N00002803,DUNGANNON,52.3,41073
N00002802,DUNGANNON,52.3,41073
N00002826,DUNGANNON,52.3,41073
N00002828,DUNGANNON,52.3,41073
N00002827,DUNGANNON,52.3,41073
N00002804,DUNGANNON,52.3,41073
N00002800,DUNGANNON,52.3,41073
N00002840,DUNGANNON,52.3,41073
N00002876,DUNGANNON,52.3,41073
N00002877,DUNGANNON,52.3,41073
N00002875,DUNGANNON,52.3,41073
N00002839,DUNGANNON,52.3,41073
N00002838,DUNGANNON,52.3,41073
N00004419,OMAGH,62.1,41159
N00004418,OMAGH,62.1,41159
N00004417,OMAGH,62.1,41159
N00004392,OMAGH,62.1,41159
N00004394,OMAGH,62.1,41159
N00004396,OMAGH,62.1,41159
N00004391,OMAGH,62.1,41159
N00004395,OMAGH,62.1,41159
N00004393,OMAGH,62.1,41159
N00004367,OMAGH,62.1,41159
N00004443,OMAGH,62.1,41159
N00004442,OMAGH,62.1,41159
N00003063,FERMANAGH,52.5,51008
N00003064,FERMANAGH,52.5,51008
N00002878,DUNGANNON,52.3,41073
N00002942,FERMANAGH,52.5,51008
N00002939,FERMANAGH,52.5,51008
N00003066,FERMANAGH,52.5,51008
N00003065,FERMANAGH,52.5,51008
N00003062,FERMANAGH,52.5,51008
N00003025,FERMANAGH,52.5,51008
N00003028,FERMANAGH,52.5,51008
N00002938,FERMANAGH,52.5,51008
N00002941,FERMANAGH,52.5,51008
N00002937,FERMANAGH,52.5,51008
N00002978,FERMANAGH,52.5,51008
N00003030,FERMANAGH,52.5,51008
N00003029,FERMANAGH,52.5,51008
N00003026,FERMANAGH,52.5,51008
N00003021,FERMANAGH,52.5,51008
N00003019,FERMANAGH,52.5,51008
N00003020,FERMANAGH,52.5,51008
N00003018,FERMANAGH,52.5,51008
N00003022,FERMANAGH,52.5,51008
N00003023,FERMANAGH,52.5,51008
N00003024,FERMANAGH,52.5,51008
N00002975,FERMANAGH,52.5,51008
N00002977,FERMANAGH,52.5,51008
N00002976,FERMANAGH,52.5,51008
N00003034,FERMANAGH,52.5,51008
N00003036,FERMANAGH,52.5,51008
N00002974,FERMANAGH,52.5,51008
N00002973,FERMANAGH,52.5,51008
N00003050,FERMANAGH,52.5,51008
N00003048,FERMANAGH,52.5,51008
N00003035,FERMANAGH,52.5,51008
N00003052,FERMANAGH,52.5,51008
N00003047,FERMANAGH,52.5,51008
N00003049,FERMANAGH,52.5,51008
N00003051,FERMANAGH,52.5,51008
N00002940,FERMANAGH,52.5,51008
N00000414,ARMAGH,44.5,47618
N00000412,ARMAGH,44.5,47618
N00000411,ARMAGH,44.5,47618
N00000413,ARMAGH,44.5,47618
N00003032,FERMANAGH,52.5,51008
N00003038,FERMANAGH,52.5,51008
N00003037,FERMANAGH,52.5,51008
N00003033,FERMANAGH,52.5,51008
N00002965,FERMANAGH,52.5,51008
N00002960,FERMANAGH,52.5,51008
N00002966,FERMANAGH,52.5,51008
N00002962,FERMANAGH,52.5,51008
N00002964,FERMANAGH,52.5,51008
N00002963,FERMANAGH,52.5,51008
N00002988,FERMANAGH,52.5,51008
N00002961,FERMANAGH,52.5,51008
N00002992,FERMANAGH,52.5,51008
N00003031,FERMANAGH,52.5,51008
N00003027,FERMANAGH,52.5,51008
N00003012,FERMANAGH,52.5,51008
N00003011,FERMANAGH,52.5,51008
N00003009,FERMANAGH,52.5,51008
N00003008,FERMANAGH,52.5,51008
N00003010,FERMANAGH,52.5,51008
N00003007,FERMANAGH,52.5,51008
N00002952,FERMANAGH,52.5,51008
N00002949,FERMANAGH,52.5,51008
N00002951,FERMANAGH,52.5,51008
N00002950,FERMANAGH,52.5,51008
N00002953,FERMANAGH,52.5,51008
N00003040,FERMANAGH,52.5,51008
N00003044,FERMANAGH,52.5,51008
N00003054,FERMANAGH,52.5,51008
N00003060,FERMANAGH,52.5,51008
N00003053,FERMANAGH,52.5,51008
N00003055,FERMANAGH,52.5,51008
N00003058,FERMANAGH,52.5,51008
N00003056,FERMANAGH,52.5,51008
N00002931,FERMANAGH,52.5,51008
N00002989,FERMANAGH,52.5,51008
N00002930,FERMANAGH,52.5,51008
N00002932,FERMANAGH,52.5,51008
N00003057,FERMANAGH,52.5,51008
N00002933,FERMANAGH,52.5,51008
N00002936,FERMANAGH,52.5,51008
N00002990,FERMANAGH,52.5,51008
N00002987,FERMANAGH,52.5,51008
N00002991,FERMANAGH,52.5,51008
N00002920,FERMANAGH,52.5,51008
N00002935,FERMANAGH,52.5,51008
N00002919,FERMANAGH,52.5,51008
