DZ21,population,DUP,Sinn Féin,UUP,SDLP,Alliance,TUV,Green,PBP,Aontú,Independent,Other
N20000001,738.0,69.9141191497601,4.334353052441327,15.970895532173884,3.999767153205046,5.780865111029528,2.3106913205942447e-10,2.3229095825600245e-10,2.473105927450585e-10,2.781881114602138e-10,2.1866743238366808e-10,1.8260013469404673e-10
N20000002,331.0,31.093632592256238,2.027117700947246,49.042884553840935,1.9118686862458674,15.924496464277238,7.0751708225716e-10,1.682086638226142e-10,4.219685499492686e-10,3.16973690352848e-10,6.954113889848825e-10,1.2241139131761818e-10
N20000003,365.0,35.68228405615025,2.6231785371863787,47.95206560441872,4.9466351643421085,8.795836634526857,7.647461799085979e-10,3.6646948423384315e-10,4.39506467035218e-10,4.338529591287211e-10,1.1807071858424987e-09,1.9039881018886972e-10
N20000004,663.0,24.046419438414734,8.411100770699901,21.829868033452822,37.939052640608125,7.773559113475019,1.0533461313645427e-10,5.939172633174397e-10,4.05187828221393e-10,5.140361468593654e-10,1.3053917926156298e-09,4.255431718528955e-10
N20000005,676.0,58.51201815742294,1.46607948437003,25.760454237459946,5.177344104748464,9.084104014062405,2.677657639577909e-10,3.1839192131994725e-10,3.1758564822787224e-10,3.3692005266760694e-10,5.239930504468807e-10,1.7154045832305898e-10
N20000006,464.0,29.27353207055086,21.405668177320376,28.305665718037904,14.70708365067723,6.308050381028352,1.558031279626636e-10,4.546328895525866e-10,6.15130384327878e-10,4.725595547362913e-10,3.3851971684271574e-10,3.4863134102282e-10
N20000007,880.0,5.521932557057434,58.354806840151,8.850542768108456,23.228075411562703,4.044642420694739,1.4033662955444041e-10,2.711316748755898e-10,4.892584597383802e-10,3.880393413504801e-10,1.0707573696115916e-09,6.614101938634978e-11
N20000008,642.0,20.66287804112914,31.376382441384603,17.83510768914614,24.55240405647099,5.573227769886206,1.8089563289315954e-10,1.617922254725449e-10,3.7508645201828285e-10,3.738272845263037e-10,7.849177202411471e-10,1.0639863800075086e-10
N20000009,401.0,61.03189373202478,3.708108948620331,24.26248915206697,3.0607209152255606,7.936787250099964,1.4378660795571785e-10,3.3211745100653343e-10,3.0185940875338933e-10,3.110796529822077e-10,7.501878987456912e-10,1.2335854769011895e-10
N20000010,544.0,51.625203721549575,3.4177319140765148,27.157800762046552,5.1909673241950065,12.608296275836109,3.697461336933889e-10,4.643563763785887e-10,4.283192299642709e-10,4.2065110980508313e-10,3.8982015264731245e-10,2.2334216039959473e-10
N20000011,525.0,30.919954816365358,9.268466076738067,36.29680070890382,13.786923504498008,9.72785488493155,1.0117106294006956e-09,1.2289715843498684e-09,6.488767413479773e-10,7.848545354757603e-10,3.206859013511261e-09,1.6819281942667368e-09
N20000012,503.0,40.15326797263042,9.918275884618524,19.97639862835249,7.968812332917717,21.98324517532482,7.098792860712833e-10,1.136994712128376e-09,8.895599963759745e-10,5.79458585124241e-10,2.3786436779124276e-09,4.6150327492121303e-10
N20000013,407.0,57.673406473804256,5.150136810114075,23.419943799202738,9.068000975303708,4.688511939036071,5.731843242885361e-10,3.196269705688601e-10,5.692258447312458e-10,3.8760906964864574e-10,6.02648961695198e-10,8.683606696116314e-11
N20000014,506.0,39.75619436638239,11.681869394849981,24.565424765910304,16.43093710613941,7.565574363747748,3.6223950105196873e-10,5.891340405427141e-10,5.950112458142484e-10,5.042244807373523e-10,4.0880677499063607e-10,5.107463719917046e-10
N20000015,586.0,6.513477348437145,76.44002369517595,1.110543174786387,15.539832539553759,0.3961232414184679,4.646741489031264e-11,7.603257987570324e-11,1.4053609705442332e-10,1.3474680282509498e-10,1.6408966154344513e-10,6.640594765858445e-11
N20000016,453.0,24.735999932558414,21.27068395243325,16.980469285290326,27.133851945089326,9.878994881401594,2.8688902002685737e-10,1.0765348431478708e-09,5.000192479603043e-10,4.948538736374616e-10,5.50280467832633e-10,3.185038796707768e-10
N20000017,674.0,6.040702191453377,42.20334749922041,7.4804842153054,36.87850769711505,7.3969583911343495,1.9078302489441403e-10,1.354365105163617e-09,5.700602787352102e-10,5.027569735694407e-10,2.7905453565086907e-09,3.629029422914251e-10
N20000018,486.0,7.048188662997037,32.910468167359134,9.794536175338022,41.42202280968167,8.824784181660734,1.5183610719821848e-10,3.6022765253370646e-10,4.858123681050826e-10,4.743916421555057e-10,1.2929403437275138e-09,1.981839151001708e-10
N20000019,393.0,43.83585583914179,14.566910495159396,9.93101357030952,22.053588771351023,9.61263131869866,7.206199228538557e-10,6.428808216236522e-10,8.980918563891661e-10,4.887294383030162e-10,2.0455396711570382e-09,5.437538581166691e-10
N20000020,562.0,36.96821308584519,18.276243336128154,11.802083456297721,27.802393203982646,5.1510669119163435,3.4392899808717897e-10,4.6139159422292137e-10,6.882389281749826e-10,5.89107186199835e-10,3.0284206418520124e-09,7.188519760486263e-10
N20000021,545.0,20.222882147069768,16.549774391365126,7.743293683048637,44.70751880522869,10.776530969890322,1.2910526818294918e-10,8.966750126467396e-10,4.0461910162911595e-10,4.683440930858521e-10,1.2908843861796433e-09,2.07815914240671e-10
N20000022,441.0,4.513250511544655,70.57691121374884,2.7845731527482727,20.9455762573964,1.1796888637139356,3.348470841400432e-11,2.9596768323000667e-10,1.6452564270701924e-10,1.7975199707035193e-10,7.515227819994671e-11,9.902730519464923e-11
N20000023,502.0,12.155546537676463,35.75240874322902,9.57036675783709,29.202857330096617,13.31882062742431,2.7663748412933135e-10,6.23437443791023e-10,5.983549196793781e-10,5.239071823109905e-10,9.293437305318119e-10,7.848129726074494e-10
N20000024,620.0,6.434137686856534,56.20771913682216,9.52740213373198,24.637691844458345,3.1930491961585545,1.5636653084696827e-10,2.552262635763178e-10,4.4982699302398633e-10,3.8794745052537514e-10,6.250919181570139e-10,9.796284939225997e-11
N20000025,415.0,53.61396858331822,5.704737135202483,15.719489055557087,20.359428449844327,4.602376774422781,6.937561241323181e-11,5.664812315293096e-10,1.8813512399016807e-10,3.4037215202152074e-10,2.7243552136760277e-10,2.1829325474772025e-10
N20000026,554.0,46.55596750799364,2.391640636445736,32.89125344326056,2.0271027703992477,16.134035640049397,4.712461823814261e-10,3.773725531395315e-10,3.35990458545795e-10,3.1424919780016763e-10,2.1747907652409884e-10,1.3505410594439632e-10
N20000027,558.0,72.37407171921775,3.346852212732703,8.50179996051841,9.3807670877431,6.396509017896887,4.65916286571065e-11,1.0402686016127416e-09,1.2303412593684334e-10,2.312067295342638e-10,5.760246800453551e-11,3.9244006325681423e-10
N20000028,550.0,11.401580409564065,24.70939225838569,20.9293871228235,38.40054213041381,4.55909807656876,8.3179870356665e-11,6.734304355350165e-10,4.969110047090553e-10,4.667978641687006e-10,3.7844420051089315e-10,1.454081081706121e-10
N20000029,552.0,14.94861016361924,22.430080807592777,39.95816816457103,12.996857888308444,9.66628297225881,3.1919787998860705e-10,3.1535878034368153e-10,5.966709208303152e-10,4.866889632046798e-10,1.7681052095413012e-09,1.636803374149505e-10
N20000030,496.0,46.3456900625523,1.9192985156672604,39.26956550064813,5.635403001312168,6.830042917953902,2.5272106636843153e-10,5.439653085153503e-10,3.094909731391636e-10,3.405348904029252e-10,2.5226708288244244e-10,1.6725476236074348e-10
N20000031,531.0,43.72668450826166,2.4290904099146027,22.300781536179215,1.757410352447436,29.78603319077061,6.367598370721402e-10,3.0278736606686756e-10,4.0528923408633766e-10,3.424483904335366e-10,3.9591385582735343e-10,3.432699038042962e-10
N20000032,459.0,3.3489026612441677,69.36528729177452,8.347791453596285,14.495750917013108,4.442267675449648,3.3150224317873577e-11,2.457230573682112e-10,2.9643293314646824e-10,2.19170955762702e-10,7.353047271167998e-11,5.42468060127612e-11
N20000033,536.0,2.721845845692567,69.23509491997018,2.832374725456016,23.51979711276084,1.6908873951110566,2.3799092320441204e-11,2.739846967586363e-10,2.212191609969015e-10,1.8546447151319725e-10,2.665780661371764e-10,3.829232188343742e-11
N20000034,439.0,9.307776242301438,46.48182242968526,9.353571351545572,32.24611296442414,2.6107170101096675,7.551678994891225e-11,2.9767683714660153e-10,3.797180491632703e-10,3.490154725048604e-10,7.878038459205148e-10,4.419766185309233e-11
N20000035,671.0,29.20340258350559,15.621730360742061,21.19089007968509,13.544501310763643,13.229439977898041,6.097331022149593,5.507780522313876e-10,2.6395368947913357e-10,3.561017465222996e-10,1.4947958552434935e-10,1.11270466393568
N20000036,374.0,28.098828997557124,9.585988104258991,13.330476055731308,23.43198988619574,15.813198490438808,5.672581359173337,2.16288614655267e-09,2.3228757841652123e-10,3.487812533561607e-10,2.5569210202938302e-11,4.06693710387518
N20000037,423.0,53.33184694366078,13.1878099430647,12.558420646825393,9.723212189075296,3.384880054482245,5.73320913255144,4.6534405622625637e-10,2.126931206790361e-10,3.154055576750613e-10,1.542340767266226e-10,2.080621089192466
N20000038,628.0,50.2600917042551,3.881278880839819,15.333767350749227,3.89749540007635,19.182536389180203,3.8667625879385548,7.689208284449589e-10,2.1342193760659134e-10,2.349700043940854e-10,1.9130233217588272e-11,3.5780676857242995
N20000039,499.0,34.57984721315244,11.17627590607437,20.66976137112472,12.305521268306805,13.884681615349878,3.232297579443121,1.4573535665801164e-10,4.6140809494771113e-10,3.1720435917204187e-10,2.3052016117813048e-10,4.1516150453938
N20000040,371.0,18.938954103122832,8.34153194149238,27.567437977343168,32.46106218402674,4.443930875331143,5.753724101118936,4.3122538127081315e-10,1.744444461666228e-10,3.9998239260892134e-10,4.771263047431947e-10,2.493358816082029
N20000041,931.0,29.05956873472883,5.991143842163172,25.93167153997304,8.246443205437002,21.109483360259908,8.587839285538305,4.989689150739407e-10,3.658129534769105e-10,3.792210871781409e-10,3.685811439329854e-10,1.073850030287169
N20000042,661.0,57.76219207467316,4.850870576082843,16.15511401962615,4.464190564124962,13.067700746433527,2.4412041908588535,7.698460615519261e-10,1.405701472309171e-10,2.263487529137457e-10,3.010504949852251e-11,1.258727827033645
N20000043,820.0,55.13260938123478,8.09754010917408,20.275417703641992,5.703276654420981,7.251801470054062,1.7919432443411236,1.0414709013929566e-09,1.554902097662721e-10,2.513533724903428e-10,2.7138369514531875e-11,1.747411435657532
N20000044,493.0,46.16453683542285,8.661903904983477,13.699803502086969,5.798756741525939,16.5355866694464,5.3517037909980685,7.517114165980061e-10,3.0620715799935185e-10,3.334329217892316e-10,3.421955195536072e-11,3.787708554110738
N20000045,466.0,19.47324501719737,6.043955295212722,24.0992340293973,19.601885914166544,22.41908491739707,6.693042622248982,2.5387793513251036e-10,4.6333022203394277e-10,3.8384564876018725e-10,7.165391428406007e-10,1.66955220256241
N20000046,570.0,30.857510341270196,8.663983068722802,24.435304512131896,5.4332850091905796,8.8455432251539,18.79694267343274,3.331991671105264e-10,3.800549570792055e-10,3.392877346519454e-10,2.290818615322745e-10,2.9674311688162884
N20000047,516.0,40.59443160874933,9.624089693730339,17.357137824869294,11.095947558192009,14.000935090268465,5.5994661426156345,7.301814508003816e-10,3.575561187643736e-10,3.21076484537936e-10,7.487041506433062e-11,1.727992080091224
N20000048,562.0,10.179234294057068,6.453245351193039,31.492980248351966,23.336867230612192,19.169925587769708,6.9998280890325715,4.0238957731169106e-10,7.459186909259406e-10,4.5276229766360707e-10,6.713794645410795e-10,2.3679191967110205
N20000049,554.0,27.279769861434282,23.927103106270202,9.439623139860506,13.351659249774528,14.95584249489696,10.092284649289377,2.897698459935748e-10,4.1302694204249746e-10,3.2140673699628555e-10,7.234335772824839e-11,0.9537174973776045
N20000050,425.0,44.1509199463679,7.163283880322989,19.60398254466988,6.872373392509912,3.8804556065545635,16.217274642526032,2.926659548644703e-10,3.645636237204324e-10,3.7609555044591167e-10,4.3467568417034054e-10,2.1117099855807253
N20000051,493.0,12.2268419506136,42.96193983527839,15.730089142587545,18.51920581757898,3.994881435384068,3.611914322617878,4.780219184143718e-10,3.271267619602295e-10,4.755296989663424e-10,4.338371583820054e-10,2.9551274942250285
N20000052,501.0,26.54870314889871,10.955233966632468,29.333245822125793,7.224910974853661,10.18690559217094,12.475534764615254,4.340987453446894e-10,5.144766546188003e-10,4.1479281017199306e-10,2.0265945846587995e-10,3.2754657291371463
N20000053,408.0,26.950593951091093,13.153964152681786,19.8843322956612,16.026297426524458,12.939200950432042,7.609096076172829,4.6449642871044545e-10,3.6978766186287055e-10,3.993185942437221e-10,1.3855104958920334e-10,3.436515146064414
N20000054,517.0,28.15944894115277,8.189177731789497,25.539150667069254,5.103354294098169,8.00231757745508,23.37845106280183,3.815897626032062e-10,3.0745602568204977e-10,3.516803368820554e-10,1.8907744470873022e-10,1.628099724403604
N20000055,336.0,31.19158620369876,8.511721971883368,13.382734512206948,11.584882481918195,6.955054726836693,26.04552637247718,4.2170477861304445e-10,2.9685229378423155e-10,3.45645231645568e-10,1.2499385528032064e-10,2.328493729789647
N20000056,483.0,31.290830440518363,14.664194719449936,18.61541288902133,16.114655983286454,3.516078935573392,13.894835232495014,3.5454564344769127e-10,3.0521024410622817e-10,4.018804147547684e-10,3.0514659284355985e-10,1.903991798288708
N20000057,465.0,6.725615180695501,7.921744325757968,27.43324982323243,7.1949001123375655,38.91777228945433,8.703218045601853,9.36554684975228e-10,4.376189385747111e-10,3.66593363614665e-10,5.069661664009286e-11,3.1035002211288956
N20000058,415.0,33.56988579967026,12.35047655106039,10.958350679078938,12.653767303682715,7.623850859151042,18.57824757170779,6.509975648722018e-10,3.0271154413898407e-10,4.324890599411373e-10,1.9609681553069768e-10,4.265421234066563
N20000059,413.0,23.134428777629015,34.139256486086595,11.902273455142844,15.916093762698292,6.450197671276206,4.365602381953156,1.7465533918527887e-10,3.708821964535828e-10,3.166133128061603e-10,1.80827865508589e-10,4.092147464170905
N20000060,355.0,29.820783668271794,8.124834046644324,30.245157015548678,4.856799674768456,19.026922107651494,6.857368305797872,3.9420634182749e-10,2.886628888177608e-10,3.264814189933414e-10,1.6538085586149505e-10,1.068135180142636
N20000061,382.0,25.53463612589173,8.52941112099877,24.64472756956257,9.066445800426822,15.23303160393829,16.16555235626818,3.612449407523903e-10,3.126037114005746e-10,3.5611488047339376e-10,2.986933510958018e-10,0.826195421584981
N20000062,597.0,26.3895989758062,9.484841336302164,22.658818031758546,12.734119711936792,7.674739155087061,16.487545678873147,3.423161876797168e-10,4.5357676024907586e-10,4.33308740550649e-10,2.175362610997584e-10,4.570337108789363
N20000063,354.0,32.92675663229792,11.69557107951884,11.461880016200992,9.35175759279224,19.848711709038202,14.16919317820094,1.8504341563512564e-10,2.7132364167830245e-10,2.2899839880847364e-10,2.256755147063372e-10,0.5461297910398194
N20000064,391.0,17.660071944644027,6.063707386161844,23.97841325969424,8.382550659099287,30.16817856959419,12.316733002310066,3.1145547648180906e-10,4.908987676936641e-10,3.518611028327577e-10,1.903478708788475e-10,1.4303451771517761
N20000065,491.0,17.237096293472995,2.6877560896588,49.85228331335337,9.52938332470303,13.606792829704165,5.212331653257447,3.230601575444893e-10,4.740109011353922e-10,3.185002161786888e-10,9.434219568635574e-11,1.8743564946402855
N20000066,325.0,25.832760192084734,13.19167555210779,23.78138582613846,18.92296144563482,5.831794496601144,6.8143337885259765,3.722707505135998e-10,2.7210687901247406e-10,3.9433651193798783e-10,9.467171926296021e-11,5.625088697773676
N20000067,521.0,31.88397843254634,22.7026216223257,10.372866002312293,20.043189298751173,2.7080353824293044,7.338165243650864,9.159089456659026e-10,3.163557897251046e-10,4.800376450934748e-10,7.796057258844901e-11,4.951144016194042
N20000068,423.0,24.05981295705084,11.09331535354023,8.306288937888482,30.336255560349624,5.554122080801506,14.169374323818653,9.455876802749226e-10,7.64042010689654e-10,4.684617053022051e-10,1.2526588706283466e-10,6.480830784247289
N20000069,461.0,35.05454340187311,12.913615164061232,27.14150115668249,4.34324912166394,16.612876710413087,3.4575943021626907,2.8763510664549634e-10,1.7800263886463503e-10,2.726607319459937e-10,1.1522594103313405e-10,0.4766201422899298
N20000070,426.0,14.53638879826439,3.2331157441029386,36.763541805364405,7.230277283129335,23.416241359898525,12.378427048613611,3.4261496044237845e-10,5.518608583327784e-10,3.656415595825481e-10,3.6691790254467016e-10,2.442007958999752
N20000071,337.0,25.356671619566672,9.259900246937088,22.33310507689805,10.331534396282255,24.541929444039358,4.344677666430171,7.617936720153249e-10,3.611142341304557e-10,3.9133707081503325e-10,1.5932404600476755e-10,3.8321815481728456
N20000072,559.0,29.97585434395964,4.274845819468305,27.96287020887003,6.465279087697173,24.725085004979867,5.083985501905016,4.392131166567107e-10,3.0865790244451744e-10,3.0128110349565406e-10,6.424658485145189e-11,1.5120800320065524
N20000073,473.0,28.084103392065213,9.321120141882213,37.250973844175476,6.435680886851373,5.601988669017829,10.822857367552235,3.263199207246076e-10,4.067504302879661e-10,3.624128796189233e-10,1.2763235345070312e-10,2.4832756972325445
N20000074,468.0,22.923211488468244,5.775531272771286,29.29009247198657,4.523073122800801,10.496529318521091,24.566344179627492,3.07154269936478e-10,4.3075806461424673e-10,3.7134998521177023e-10,2.878341395685404e-10,2.4252181444274137
N20000075,432.0,41.6828613127677,6.636389650468072,28.961981306350122,5.219533059601155,13.653194915019732,2.949534806962077,8.105567533902673e-10,2.3274212754759942e-10,3.3067248462633513e-10,9.496642985584259e-11,0.8965049473621894
N20000076,373.0,19.940518824916584,15.78688975348603,37.661185840503,5.921578446157265,13.195839679438537,4.832211563870898,4.021750183001447e-10,3.49124367806357e-10,3.591268162329353e-10,2.136999960957364e-10,2.661775890303552
N20000077,306.0,32.13118994893407,17.8036002250593,22.50705568218398,5.760412708585801,10.1567174866428,10.50014589275889,2.3113031377425964e-10,4.692903391114114e-10,3.58721026825744e-10,4.2933207051014133e-10,1.1408780543466686
N20000078,324.0,36.66930550322545,21.583973815992852,17.06859202768061,3.0878428424216744,4.487764456355834,15.896070776737927,1.0696649286694547e-10,2.61545906999967e-10,2.5306558396705383e-10,2.2279243459004102e-10,1.206450576741268
N20000079,387.0,42.24850215618516,5.660272867717383,23.041054194652546,5.485755208156268,4.307607613739937,15.669715264108532,3.5755588572835556e-10,3.045379389116086e-10,3.585062022383879e-10,1.8363413737553645e-10,3.5870926942359405
N20000080,633.0,24.20163194617873,2.4824231019811998,33.463857137230356,4.4302834308948515,23.89598577819773,10.521586202725338,7.381900296880341e-10,3.162916820906492e-10,3.3295759906145375e-10,1.1915520700316765e-10,1.0042324012851895
N20000081,334.0,33.858682369954465,18.451218167296176,22.15193461442464,7.645335212025631,8.107023229004334,7.767693384263972,3.178970951239725e-10,3.4509960930257373e-10,3.2941602567427086e-10,2.1176772643699528e-10,2.0181130218265917
N20000082,452.0,41.789570263794786,11.160639868474705,25.40693935436604,1.8598051167417764,4.254308191844554,10.936228733728255,1.840073988996746e-10,2.846699073701196e-10,2.701561937001463e-10,1.2133685775144533e-10,4.5925084701897125
N20000083,270.0,16.72877337701827,8.239034692094549,47.393319105979174,4.781441903683752,13.404399132477234,6.353544527593124,6.781972993343438e-10,4.738733060344217e-10,4.601126899677065e-10,4.050996298700513e-10,3.099487259136612
N20000084,288.0,23.952317155522447,6.478883999324071,21.66884915897894,16.191203932283912,14.093160718748859,16.31806951965474,3.5148903446973234e-10,7.144022923785007e-10,4.4629448573818036e-10,4.709350451304273e-10,1.2975155135039123
N20000085,594.0,39.00853192829928,3.591984385443153,20.03883772545698,3.4928326164349093,27.615176819226,5.481717363801768,5.146989139066541e-10,2.385044028784274e-10,2.769355652385971e-10,7.338028888375862e-11,0.7709191602343837
N20000086,611.0,49.699122977731,4.677593925415278e-10,25.960489590243856,1.7901333438398526e-10,8.512260705451157,5.979518608783281,3.6452477465247823e-10,2.6927653566490607e-10,2.48911325252404e-10,0.7938271923874853,9.05478092387374
N20000087,473.0,37.96844334300414,4.432496136597616e-10,35.43732252387298,5.181078868497165e-10,7.057742939178337,12.817097801612448,2.8084639804274887e-10,3.3618738945710405e-10,3.1948254009838146e-10,3.5159736441089606,3.203419746325256
N20000088,485.0,27.817394490414994,4.6341368974207304e-10,39.05293237424486,2.2656909724664366e-10,12.306841289856258,9.53332593129836,5.653291941814895e-10,2.642665642448232e-10,3.128870471253389e-10,0.8969554785297013,10.392550433823383
N20000089,680.0,36.777264066219175,4.1268921427202866e-10,42.94127497958516,3.644958640092671e-10,5.063454642606876,6.6284552483115515,4.774714243880067e-10,2.5369213158826686e-10,2.795273755894425e-10,0.5552583252933628,8.034292736195987
N20000090,804.0,41.62180044460012,5.273039832518504e-10,25.785552050218445,5.235539641361234e-10,12.901530486455073,11.318658883333658,8.333669339801712e-10,2.88938945924562e-10,3.8473983036841603e-10,2.6425294189325794,5.72992871390222
N20000091,509.0,36.326577574055165,7.569867534040245e-10,22.237080306393626,1.6907777504962816e-10,22.933952964916596,9.41683644876518,5.370880025708647e-10,1.890429075218264e-10,2.383215745351225e-10,0.27227950430590075,8.813273199673025
N20000092,802.0,41.251093951526954,3.606288183501844e-10,24.84636968796736,2.952796794006786e-10,13.816101798087063,11.16140360716098,4.156274255097559e-10,2.407724583509133e-10,2.9976141038364816e-10,2.0873160654076495,6.837714888237921
N20000093,408.0,28.287279941220135,1.725738753336553e-09,17.51709570962419,6.120073144998838e-10,3.370193736659076,29.614034913644904,2.321357235967258e-10,4.699909230561948e-10,4.223092325896851e-10,9.32167762321673,11.889718072172796
N20000094,427.0,54.11553188586012,2.4762083746069085e-10,17.07459482170883,1.169139364633138e-10,10.834416704139691,1.2437747641217953,2.784406349642704e-09,9.488812123970578e-11,1.9894268812058273e-10,0.04921848756103145,16.68246333316575
N20000095,397.0,41.32555284799258,1.997433863713243e-09,12.192087106558182,1.1584366172021015e-09,1.4013857627625697,13.675607486153243,4.244734317707605e-10,2.597658425187978e-10,3.83601320404558e-10,1.347981036655401,30.05738575565428
N20000096,582.0,45.07673875060318,2.183865441055496e-09,28.631621770327996,3.4029912119086227e-10,5.896119447105666,12.629663099841107,1.9963482549358513e-10,3.431392800087701e-10,3.3862691266512494e-10,0.9691459505455224,6.796710978170957
N20000097,574.0,18.71491955481755,7.094232468400432e-10,41.637907940698845,5.101804674444201e-10,9.805657916892013,22.54577423683165,3.6869106723877377e-10,4.758041890056025e-10,3.356902566896084e-10,0.8935963610991212,6.402143987261026
N20000098,383.0,17.193913529781163,5.386383621553274e-10,35.421513884174885,3.8065860628157253e-10,13.01914362985561,19.955680044806375,5.347274496227335e-10,4.221877522424343e-10,3.674691399689884e-10,1.4319940723972546,12.977754836741044
N20000099,464.0,35.41629748958922,7.926435050970998e-10,32.46339926772911,4.718032407133012e-10,11.64173890276329,12.77666023614177,7.189895617130593e-10,3.2734035010969525e-10,3.285964919533962e-10,0.5131436262634269,7.188760474873808
N20000100,705.0,24.65732154567877,4.1100627498411075e-10,45.49649524507989,3.646042284485973e-10,8.942959569609073,15.875648183237413,2.450398036494614e-10,3.7883315596757986e-10,3.1827788917386667e-10,2.21006124452869,2.8175142101484076
N20000101,463.0,47.708341632835136,4.012937879900242e-10,17.447266950500197,3.657126122255697e-10,15.370998972703173,12.109825136316418,2.804320424177252e-10,2.2781037427425407e-10,3.028472459835273e-10,4.564991967139195,2.7985753389277854
N20000102,475.0,44.05771608425868,1.1497576066013947e-09,16.88640436774074,2.8385850867396534e-10,12.590604855465937,14.230045844680122,6.112486538596491e-10,2.2432845101489045e-10,2.719300150586316e-10,0.6500057742422835,11.585223071071102
N20000103,353.0,33.59684263711322,1.7335178826507676e-09,28.24485056311478,1.1215575059075035e-09,4.006800787007666,17.710475434822435,3.971688016446322e-10,6.248419115101271e-10,4.959106708302004e-10,7.737503529793094,8.703527043775805
N20000104,533.0,34.10101864596361,3.6475230794846225e-09,20.43291328637762,9.793900050694908e-10,1.6697613072547044,24.291668477485985,6.389108163632511e-10,3.1514194834173744e-10,4.384954083551317e-10,0.9951550770564633,18.509483199842165
N20000105,408.0,72.44461216768197,2.296678101760079e-09,6.316572607418511,4.2139145370525373e-10,1.965143908567018,5.923592387080814,4.3601646697116854e-10,2.0329498113293043e-10,2.0301794531644803e-10,0.23572022872086024,13.114358696970452
N20000106,413.0,19.349249397066533,3.26773322698055e-10,40.96666650118483,5.139836776052241e-10,7.203462532160546,9.625105156620377,4.396947358402913e-10,3.487663804955368e-10,3.5965034747270163e-10,5.703383699553145,17.152132711425693
N20000107,402.0,28.795062389042403,1.7863604448917903e-09,18.18693581517827,5.422784440988976e-10,6.609476132586839,20.81683962913504,8.093807148935677e-10,3.56728089298469e-10,4.083103988727971e-10,10.689896219473386,14.901789810681013
N20000108,349.0,21.06221985893539,1.5116267817357405e-09,12.27676805771222,1.6202850944081479e-09,4.783920406572302,20.4263062058001,4.4428318765063463e-10,5.829907088542883e-10,4.85502699374692e-10,3.2298088473068534,38.22097661902845
N20000109,552.0,32.749784682665194,1.3665516932249962e-10,37.0801018145023,3.439248799947344e-10,11.619620163047353,7.369169734043586,3.5960185607740566e-10,2.517271585271577e-10,2.9188735417844935e-10,4.586800979549562,6.594522624808211
N20000110,661.0,38.409527582656345,4.017630867873312e-10,37.65743063940456,3.6118997253192556e-10,7.829350729366581,9.367548929698666,5.684566625283871e-10,2.721204011317155e-10,3.0326233049743e-10,0.6769111055405115,6.059231011426566
N20000111,557.0,39.52729964142135,3.2880455802984716e-10,34.42090191466175,7.118473872715085e-10,5.799893674532165,8.268920840196282,3.270361170876866e-10,4.024229147683395e-10,2.9604220839082043e-10,3.6987070696720235,8.28427685745028
N20000112,323.0,36.45003084125384,3.616118124291444e-10,31.22610672929283,5.172268290710434e-10,1.6779615933520797,17.181119788709598,2.533754260126667e-10,2.824352070030041e-10,2.5753959113462845e-10,3.9566345251857684,9.508146520533693
N20000113,402.0,37.136083630276865,2.675046500291075e-10,26.224124847854817,5.801408819598113e-10,12.108374545849133,14.15875473700314,7.339169351414006e-10,3.342553665061902e-10,3.239992861718745e-10,1.61376841159079,8.758893825185423
N20000114,439.0,21.868291659977093,1.733148654125955e-10,32.96507402056807,2.9788603306244735e-10,15.352676357915051,16.587505485239078,2.570783597640421e-10,3.9912677554626873e-10,3.187055208882379e-10,5.546386499378397,7.680065975476196
N20000115,727.0,21.441172469529192,5.403272504041081e-10,31.930024793108903,1.7754287892191819e-10,16.114028119079723,20.70237453486599,3.9294539980654743e-10,3.1848210204508905e-10,3.1966868333983525e-10,1.8871109467656109,7.92528913490162
N20000116,311.0,38.49840019184005,7.33677473290783e-10,30.259849013461288,5.192211029264471e-10,12.284309198559455,12.34126552673896,1.2604053476880976e-09,3.0065703697230707e-10,3.3599913009187224e-10,0.6413213309488993,5.974854735301384
N20000117,343.0,22.453573840432885,2.4432242356654313e-10,42.48980533356005,3.7310805852600185e-10,12.481655173927612,11.37858877560205,3.9615631159401427e-10,4.1620119620425153e-10,3.2046336401865727e-10,1.0895773122315522,10.106799562495587
N20000118,418.0,41.26252416946173,7.597037762911933e-10,18.968036433901467,2.6925132440579645e-10,14.76895894613329,17.061216633383435,6.972916085171903e-10,2.5126798356353244e-10,3.3121765023209685e-10,1.472620055146078,6.466643759665273
N20000119,332.0,23.99414846344033,4.12142517807005e-10,26.401380988117594,6.043633515234893e-10,14.686468347345707,17.657994620986017,3.634388023348744e-10,3.7646189467771774e-10,3.4003502159691006e-10,4.448418554644839,12.811589023369068
N20000120,402.0,24.399636560101317,3.3085688818692927e-10,42.403876296379885,6.188084138226003e-10,7.978990361938208,15.469925806482795,2.6822776922615786e-10,3.782257145976599e-10,3.285094395552008e-10,6.924239069717558,2.82333190345561
N20000121,705.0,35.337272395059514,5.612400532680401e-10,30.355363112572377,7.600462512084566e-10,12.091375573053817,12.356560425021124,6.689334319277142e-10,4.3555517879756304e-10,4.2067287687547554e-10,1.7864384868128678,8.072990004633871
N20000122,712.0,45.31653674134301,2.802762854223391e-10,38.24738084097068,3.2461552926714306e-10,5.784991977573988,6.740910861514035,4.153615500414578e-10,2.612431550026847e-10,2.7148899589051843e-10,0.8907649594391656,3.019414617606149
N20000123,487.0,46.8917852677673,8.585475447291415e-10,9.512485132568962,7.987627556089011e-10,15.011095739184427,15.759279483989477,2.5096444163959342e-09,5.113094076787182e-10,4.838705025648865e-10,4.581670959894448,8.243683411433253
N20000124,457.0,33.45392854781539,8.717787166753794e-10,29.879645339699945,5.561970827686312e-10,20.287283830750116,6.047653679790522,1.1648235201638043e-10,5.547113922531123e-10,4.621522681485946e-10,2.6162634101359785e-10,10.331488599121085
N20000125,438.0,35.56337953353704,1.672326586381592e-10,43.218384623248134,4.5111094364984306e-10,9.914651596442747,6.5110932004819055,1.1254797109493315e-10,3.639151081108365e-10,3.303005073427426e-10,2.131563678692214e-10,4.7924910446518965
N20000126,611.0,40.33014396246327,3.119066247352344e-10,32.49493362173479,1.4652179759701786e-09,20.375541679680293,2.4141442864909077,5.3867046832436044e-11,2.7560202843668557e-10,3.979198935949536e-10,3.967713821984087e-10,4.385236446729485
N20000127,193.0,33.93498915167817,4.895961920498804e-10,45.34900125747478,2.707106495810628e-10,4.00502724224672,8.608585452637628,5.939917129346233e-11,3.183571197642492e-10,2.8228253456958205e-10,1.3466767414262884e-10,8.102396894407708
N20000128,701.0,28.222579210072922,3.632444174347463e-10,24.54845640357379,3.526438688860925e-10,34.77390427221234,5.9874326305829415,1.4260207902944812e-10,3.509732774096144e-10,4.003075645715565e-10,2.8357582398967853e-10,6.467627481664652
N20000129,826.0,37.02854972210739,9.207475044281603e-10,18.70600450878655,9.968442661639965e-10,2.9104549668073654,4.5322820736925475,1.905510561000461e-10,3.866302006026705e-10,5.524753822695266e-10,5.207130496962334e-10,36.822708725038176
N20000130,561.0,23.14853275521373,9.137647588492728e-10,41.99119755653443,2.5661676607920233e-10,15.00087379283601,11.85508409012584,4.0509208510711675e-11,3.7408015220434996e-10,3.4595962091710546e-10,9.536555815182875e-11,8.004311803263684
N20000131,390.0,34.62000039325894,2.6447496756511743e-09,22.08723751793619,9.77626811988187e-10,4.505219759131779,16.856980112127133,1.17071395252379e-10,4.5633708017359287e-10,5.145047135977218e-10,9.202265298510282e-11,21.93056221274364
N20000132,606.0,16.74961970256801,2.129269630776872e-10,26.985780820093325,1.1146260908522531e-09,46.26478411130483,4.454523739116758,8.761244992684888e-11,3.4622717190141765e-10,3.3696518862668466e-10,2.0725047741433833e-10,5.54529162461147
N20000133,740.0,22.104766171319618,2.1112733687879685e-10,41.856087990854256,2.490824181803529e-10,26.35566090332998,3.089851760754813,1.5570308854512907e-10,3.3108386552750405e-10,3.4115348136042725e-10,1.595250145869447e-10,6.5936331722936465
N20000134,676.0,33.853787943214435,3.397851075427427e-10,38.04416936722543,6.988530813719451e-10,19.499606354764317,2.005610749066546,2.974239639854164e-10,3.089243948439847e-10,3.7939049724580384e-10,8.953795591041204e-11,6.59682558361535
N20000135,523.0,15.066048364904006,2.0755741230916585e-10,35.01044784860947,2.144199159756498e-10,32.1531043383587,10.148527684410356,1.3441919263217096e-10,4.4512815161594445e-10,3.1105553451948155e-10,2.3300277847726254e-10,7.621871762171889
N20000136,493.0,22.46832044858307,1.5466850829062852e-10,42.804951749870426,3.708887475911396e-10,17.425032885908383,12.952586876331424,7.290553112660774e-11,6.966654846710769e-10,3.431166574744839e-10,5.541621372813292e-10,4.349108037114282
N20000137,456.0,22.830668082074624,2.335943390663236e-10,49.66715074388319,4.12912028674273e-10,10.565246655849394,6.122060937465506,4.844017993356554e-11,4.849752462692745e-10,3.319719955341294e-10,4.1209123321756443e-10,10.81487357880332
N20000138,497.0,21.922614976221936,7.375729636702199e-10,38.690050712584075,2.2669532365251297e-10,8.213429261703181,21.494771165197402,6.454690520448498e-11,4.997289647136673e-10,3.7295689174978186e-10,2.798956922192653e-10,9.679133882112003
N20000139,462.0,30.14050932861732,5.053759272004579e-10,30.202444131646583,4.2750594164670387e-10,18.77443001444966,14.171917688663301,1.2777375541367503e-10,5.416581469036441e-10,4.1251838254570423e-10,2.741403179751419e-10,6.710698834334175
N20000140,719.0,51.068798920682156,8.778341929000386e-10,5.736998134662583,3.6203871157729935e-09,16.228502352241794,1.145075934042132,1.175965192500693e-09,2.400130798688247e-10,2.6935534957911195e-10,3.394467185929122e-11,25.82062465215384
N20000141,351.0,31.271162219287213,8.744638115946734e-10,21.19741545081923,1.5902395973056217e-10,28.23323668225158,4.175577079885376,1.1121440533290862e-10,3.2463018326656185e-10,2.6866701772612193e-10,1.3690520167904756e-11,15.12260856600491
N20000142,349.0,26.037812079170287,1.2871218981109463e-09,16.69723981827413,3.261608268494218e-10,3.6733719207342475,17.884435113800944,1.3168348483063797e-10,3.728159477906615e-10,4.4692896164502706e-10,2.2679942157727146e-10,35.70714106522888
N20000143,625.0,20.093448636705713,1.5453429027930138e-10,44.43277294104538,7.664893503562492e-10,26.20672390190681,3.3265228924739656,2.1203525834610836e-10,4.051170385574106e-10,3.776424767213054e-10,1.5327280304983414e-10,5.940531625799031
N20000144,382.0,23.577246087316343,1.038313276331776e-09,30.475688018238273,3.4368704773919805e-10,22.630991520965036,13.750940361195699,1.0213484163441167e-10,4.2313726642381535e-10,4.2705309406115856e-10,2.7397985356583885e-10,9.565134009676349
N20000145,260.0,42.19118927379104,1.3866177513528814e-09,16.174471956357557,5.325060838927811e-10,3.0756726568241746,20.746946885667768,9.336472416355022e-11,6.405787726466179e-10,4.733783126128804e-10,3.4571177775174104e-10,17.811719223887295
N20000146,402.0,28.57160203570282,1.6098286718417551e-09,15.490759137417237,1.2090918926705602e-09,4.075766760767186,13.70308970190278,1.620454018806996e-10,3.7191247440041335e-10,4.804030092039531e-10,2.2482191326198272e-10,38.158782360151875
N20000147,503.0,53.79437445097243,8.942646130613934e-10,23.670187362989157,5.599200496273122e-10,3.47550886938123,7.861934888475787,1.1235343320495187e-10,3.652681879589374e-10,4.1823760746358326e-10,4.3507150303395186e-10,11.19799442539629
N20000148,310.0,13.54799310696701,3.3734953601899157e-10,26.929787616842326,4.84815160995051e-10,33.919368781756724,14.284579453306115,1.8677036166767857e-10,6.176036568912563e-10,4.5650296956870485e-10,4.2836401625953867e-10,11.318271038616412
N20000149,615.0,23.838946552430194,2.2686544494550577e-10,34.226555478945286,6.463901989936875e-10,29.088267515212074,3.5095385345980072,3.6953239176731776e-10,4.568667458731244e-10,3.6802497539558586e-10,7.012849622254894e-11,9.336691916676632
N20000150,319.0,50.116882792432904,1.5524836679442819e-09,11.920273884172392,4.6048241866858515e-10,4.12860446191158,10.603926401614142,1.3979705694625197e-10,4.0479472518028077e-10,4.898366681496404e-10,3.6289727428407127e-10,23.230312456458677
N20000151,609.0,21.883967523226943,7.290552845745072e-10,36.92716167203058,8.458839273255098e-10,12.098219599863162,8.298971354222827,1.1461151396444108e-10,6.12313825531719e-10,5.009233250854985e-10,7.565974910551756e-10,20.791679847097104
N20000152,368.0,10.62635160819035,2.285020481561618e-10,35.855452189309275,7.622868972272782e-10,45.57263924498871,4.654592775571239,1.007363694876128e-10,3.9566839339368517e-10,2.8828861869718485e-10,8.741587411690606e-11,3.2909641800775256
N20000153,546.0,29.187576113343365,8.934305365547277e-10,19.656151521730354,6.559290079581429e-10,11.46535579208152,20.59845042981144,9.764434733410857e-11,6.412961219390331e-10,5.083536909355876e-10,1.0995116752872221e-09,19.09246613913716
N20000154,786.0,24.269087814646216,1.2797019417015355e-09,10.373144996865609,8.957194362633614e-10,5.117785998178541,15.599901231548507,4.4928921904009045e-10,3.9138162401351396e-10,4.845766066042325e-10,1.8312629780109146e-10,44.64007995507733
N20000155,355.0,59.27370127982241,8.656919209332035e-10,9.443273449485845,2.2880001631560258e-10,5.0094767318473705,4.600278239594421,8.738198970538398e-11,2.4026197333995895e-10,2.8130858860554286e-10,9.782752158418559e-11,21.673270297448685
N20000156,674.0,34.31257554722313,8.686305237603984e-10,33.02164987400323,2.023752102134532e-10,18.708790795590065,5.802199687635139,9.076307028466073e-11,3.6676867269875397e-10,3.566170423169227e-10,1.3878977562991517e-10,8.154784093524489
N20000157,675.0,35.87911601986473,8.607401699489269e-10,32.548155328509175,4.618761267882879e-10,13.481048331283313,6.426847781641346,1.1737934327889025e-10,5.154864461984647e-10,4.178715368492918e-10,1.7872142182514915e-10,11.66483253614938
N20000158,596.0,23.961206511426447,2.0626414400149832e-10,18.03923704046004,6.279604888391324e-10,48.52016096785681,4.9894889812820775,4.2697888717717613e-10,2.8661358453894374e-10,2.881942243417485e-10,6.403335660126576e-11,4.489906497074567
N20000159,385.0,39.325760283822305,2.3546283088282923e-09,22.73635099848731,7.838463640754302e-10,3.349075103025755,14.860731991632239,9.352330310557813e-11,4.6253784671366915e-10,5.568791131728318e-10,2.896598378353599e-10,19.72808161849132
N20000160,365.0,69.45051307001638,6.867213892791821e-10,21.13677738687544,1.9069871533040834e-09,6.086098499433004,1.7110584890009768,9.363732848358789e-11,1.8531534472422805e-10,3.446387995447271e-10,8.755250261174637e-11,1.6155525513693383
N20000161,547.0,52.90450261055156,2.101841790835366e-09,28.14154093826528,9.748567834234166e-10,10.76177719077668,3.7139198904072206,9.40688082766024e-11,2.846479567574979e-10,3.586688747763033e-10,2.0357411628497933e-10,4.478259365981597
N20000162,748.0,26.92415303723915,6.011384532133026e-10,28.451845732166888,2.0019356381240795e-09,17.845057121008402,2.1280511038997827,5.015469577886037e-10,5.216249328700627e-10,4.248245911265067e-10,2.942013827203783e-11,24.65089300160529
N20000163,532.0,58.58567659962149,1.2544071021093678e-09,17.6347613140475,6.172559386934066e-10,12.378028806548123,3.840792359865324,1.1492404145776197e-10,2.4754100325455413e-10,3.3707896309035856e-10,4.578383201623087e-11,7.560740917300576
N20000164,570.0,42.941008089431435,1.5537070985032293,9.435852434747874,1.0344239398041393,37.68881511857522,5.011365480874069,6.805311902556539e-10,2.9944893303834536e-10,3.3867763493417506e-10,4.039403136309595e-10,2.334827836341425
N20000165,460.0,44.889287961645266,1.2910176962612272,8.948024137562847,0.2777986085781273,30.681246971359666,11.03907133784022,3.6502189677709783e-10,2.0031779943744073e-10,2.0660497055580098e-10,1.9645161848618282e-10,2.873553285784238
N20000166,392.0,32.61226755387539,0.6180182013026755,9.047652853590028,5.144153345337751,41.94213191150455,3.586285112084587,2.5562744240213275e-09,3.915389783901658e-10,3.5620547164203906e-10,4.258514634239875e-10,7.0494910185751225
N20000167,307.0,40.286711700178266,0.8903258396224683,9.36845799962525,0.7982647137323866,42.69366088191401,2.093634892653318,5.493816430455432e-10,2.084550848072019e-10,1.5929373884758553e-10,2.2498146682218566e-11,3.8689439713346783
N20000168,428.0,50.79933132255717,2.2810265693061607,16.242020704181453,0.8612358386790558,11.063887206918992,13.108904328302225,5.408950556836425e-10,4.1402602868542525e-10,3.2570429799249257e-10,2.7181042334488505e-10,5.643594028502525
N20000169,429.0,31.906800908419985,19.863247076247344,3.842663815766202,2.787840138226118,17.29294541979851,6.486485753178852,6.157604856069207e-10,7.266495075531967e-10,5.854098296423914e-10,2.4937875525643132e-09,17.82001688394138
N20000170,474.0,57.25677311399213,2.6266840829787976,13.014229820782733,1.5079231471293109,9.360057230744262,7.594136566807561,6.487930983257663e-10,3.541820538647289e-10,3.92203340558988e-10,5.465928607766699e-10,8.640196035623436
N20000171,456.0,63.96048563256408,2.94391075820684,8.308046182673115,0.44744656498443125,15.016598974132947,7.253672180565644,2.2223760030997646e-10,2.461245155933026e-10,2.2809257581019317e-10,4.792171830141556e-10,2.0698397056972535
N20000172,596.0,52.20593504839777,5.344450524792328,14.847085267441793,3.03430906085427,16.87203124352129,4.050490436939173,5.478680330819112e-10,3.0908991629069e-10,3.545385190707528e-10,7.28319150154034e-10,3.6456984161135693
N20000173,639.0,50.788986483925214,7.497569228744322,13.498178191328181,4.608171383016371,12.965440573654535,2.551417027991225,4.844229500034865e-10,6.07833423280099e-10,4.681993478876414e-10,3.744983626360396e-10,8.090237109405189
N20000174,623.0,55.08910693302474,3.2942906790293462,9.687387021905963,1.0528959685349768,5.831825477753278,19.201793186454392,3.1066770461056134e-10,3.1656927480195487e-10,3.290045382972142e-10,2.9477626667858676e-10,5.842700732046273
N20000175,440.0,42.901988135997044,6.252569763431572,12.176180536390655,0.9871193595962782,15.990758309731412,11.680331788200135,7.736761522299705e-10,3.6310311803828887e-10,3.4123893189133145e-10,6.58101597145089e-10,10.011052104516772
N20000176,411.0,59.64422280177127,3.9288476923078735,11.968208386350286,0.5584550478575417,10.296268982727074,9.55115033901965,2.0602597476371293e-10,3.017734945712785e-10,2.627502587673625e-10,4.746416769869721e-10,4.052846748721113
N20000177,353.0,33.13455650509516,6.139756902573055,6.191340375595567,2.1863698431910175,37.3980467212604,8.4959154498556,1.1487942309349126e-09,3.876389997998954e-10,4.2300565242945787e-10,5.172796685821353e-10,6.454014199952472
N20000178,439.0,19.69549342114538,28.747586594002893,4.469356936403073,6.228532401899609,10.771098323531465,13.018557963221506,6.874095176508835e-10,5.845596305186085e-10,5.940205394529597e-10,6.135999554087354e-10,17.0693743573165
N20000179,591.0,48.23655043267473,5.177100713516978,11.317533799034244,1.1515203925189401,17.4199687784824,11.08247587548238,2.58123453053443e-10,3.5519859674940285e-10,2.914614007720523e-10,2.833184187967733e-10,5.614850007102205
N20000180,482.0,70.14885499577007,2.7746943843446954,10.59885328198414,0.8778430021408868,2.388355734775412,8.606411862367706,4.519520356855546e-10,2.299008076286152e-10,2.936237434257905e-10,3.8745821586970673e-10,4.604986737254164
N20000181,462.0,46.31990061009599,7.172896043286229,20.783519713480647,1.3146465897409014,2.706843627186567,14.817302536473465,2.599651581404021e-10,4.0841269666846367e-10,4.1182687028310037e-10,2.96683777054212e-10,6.884890878359292
N20000182,680.0,66.09516667654707,5.8236215080383404,6.302774745155286,1.5932520730628077,2.171467740047731,13.54442350940268,3.95244475950552e-10,2.5069844219297187e-10,3.542670140506686e-10,3.544987096188266e-10,4.469293746391376
N20000183,423.0,46.592837463162255,2.273214180970197,7.804172423790597,0.9624208676958709,9.78236675066654,15.39327139164859,5.940842789908573e-10,3.835131153214875e-10,3.2151211049943873e-10,3.9486225215230825e-10,17.191716920371995
N20000184,416.0,29.57280872711912,5.4213607770696965,9.301329711496658,0.9385758487568813,8.171944743458006,25.541378962566412,8.231687171833838e-10,3.5678995971748535e-10,4.817923617796305e-10,3.7181510945052625e-10,21.05260122749967
N20000185,242.0,53.79835043102184,3.1093553340162416,9.503746021659298,0.8903069259039753,18.61492473846617,11.090476537295913,9.784922149888798e-10,3.1890317997612964e-10,3.6079817642270477e-10,7.679101358875306e-10,2.992840009210457
N20000186,203.0,36.39548981976301,3.5890880063593076,6.669661870053595,1.3802737861968226,33.96304797241799,15.398095221520103,8.381915364059382e-10,4.293080320641109e-10,3.2883264170294776e-10,4.855627628125059e-10,2.604343321607273
N20000187,371.0,53.09783348203818,6.518932117951589,3.9321044687032063,1.2265011828036758,5.564831434906475,24.759793484846632,1.9311111461367343e-10,3.626668388986899e-10,3.51253448681785e-10,8.391202287005514e-10,4.9000038270040935
N20000188,501.0,56.30122985865687,1.4213551701288671,8.0278097612704,3.4828552586592685,14.94309234477374,3.7280953352234385,8.247198940637258e-10,4.1734494839473753e-10,2.87353643207772e-10,1.443123295711133e-10,12.095562269613684
N20000189,572.0,49.85986981059668,5.7517703180102915,7.597184303210135,1.1788432330093068,6.389401192283276,14.758352193823084,3.28827841742145e-10,3.722786320820206e-10,4.1422614172962044e-10,7.270863359210745e-10,14.464578947224796
N20000190,358.0,70.21850259708735,3.780173825687937,5.480459216987809,0.5126627561398637,6.245591699289044,10.818350317303214,2.301369459147746e-10,2.173690312398862e-10,2.421463672493668e-10,1.8309072673821496e-10,2.944259586632026
N20000191,404.0,31.691928273126123,6.655716896960602,11.803278578747571,1.6520951857946682,13.632296402113298,24.32733053134102,1.4349216141550818e-09,8.18625213262467e-10,6.243527574893566e-10,3.0542347104573682e-09,10.23735412598457
N20000192,259.0,56.62530526268226,3.3218467087833456,3.6588908195887178,2.4144223415918624,4.3975295305084625,22.657159819663047,2.409944054796936e-10,3.348852618998557e-10,3.5695144987008476e-10,5.723561052272364e-10,6.924845515677125
N20000193,238.0,71.12918831596336,6.989301262446146,2.0981099040842843,0.38906849485448164,5.395823333721162,12.565117938303244,4.255355438975255e-11,3.996023916976488e-10,2.571793724953035e-10,3.226187135491482e-09,1.4333907467017921
N20000194,357.0,31.819417902724073,6.295457942864946,12.700653653424949,1.2327337980998336,2.3448435464571817,4.368020548222913,7.443665408299735e-10,3.0391982317231493e-10,5.363896407933861e-10,1.2957450847745928e-09,41.23887260532568
N20000195,531.0,66.37417361689585,8.869348071182882,4.340559211382863,0.6560087934260662,2.4674965787387335,8.045483933243347,2.048528493990426e-10,4.2704039047939106e-10,3.2850299242044487e-10,4.754765564712306e-10,9.2469297936944
N20000196,216.0,58.66829060530304,11.575256430519044,5.588198256749054,0.5199470736775659,3.9077472680984657,12.115059922436892,1.2423697951006402e-10,3.2185218295469936e-10,2.766998735982684e-10,2.3689219837520885e-10,7.62550044225627
N20000197,213.0,41.0148773978737,14.77894032956592,12.477571910228704,1.1427376295057972,9.298158962056194,10.892427745693325,1.621988877732396e-10,6.761879370760621e-10,4.719672730114719e-10,1.5552652811666427e-09,10.395286022210719
N20000198,359.0,33.47346565047742,2.609241206289864,5.912128771641285,0.9175445025800864,24.533051061518314,19.062842944242835,8.425455641440781e-10,8.596241813122755e-10,4.719470095335384e-10,7.958285071558698e-10,13.49172586028025
N20000199,512.0,62.14147164292919,4.028788224250305,3.972618481394123,0.720465143875919,2.950031616442377,19.310821239663667,1.888005145203824e-10,2.590324190817351e-10,2.6692089339855383e-10,3.8349625880436663e-10,6.875803650346178
N20000200,561.0,65.49127386897686,2.1449876330329953,10.392641720053813,0.688725511205166,7.57180545679657,7.612768915653273,2.3068614131148e-10,3.183925626960923e-10,2.876136419085084e-10,5.221487863932843e-10,6.0977968929224735
N20000201,567.0,31.4940230772368,18.551754131758322,15.2736820148935,2.3244664459683295,14.649544548169208,9.358791616100813,4.945120698098508e-10,6.852766979155997e-10,5.39083450725964e-10,1.3146637978569188e-09,8.347738162839487
N20000202,398.0,41.96962842795888,4.643347249840754,7.449800261423653,1.036363937454698,8.901281640893286,17.769728868944952,1.9403827731624476e-10,4.658087437667255e-10,4.1922846686703013e-10,1.503117093562579e-09,18.22984961090158
N20000203,314.0,37.60497866810485,9.38723007078049,14.612784466654505,3.0089989249162747,23.839839203167553,5.85096349963307,1.5120384862255877e-09,3.3047919732276267e-10,4.520803349171409e-10,7.849122439807639e-10,5.695205163663751
N20000204,380.0,51.92915992184278,3.8274935852345022,9.191657299118637,1.900030235929164,22.73218144718388,8.011782080669283,5.240553171698445e-10,3.446541827770268e-10,3.059288617581699e-10,6.117353829641773e-10,2.40769542823538
N20000205,319.0,42.10560496021946,6.729272777865318,10.745110921206209,2.2626930271391106,17.572045797590768,9.553867535805598,4.0758965300909254e-10,7.519983953547399e-10,4.4715988072161755e-10,5.876620274771082e-10,11.031404977979129
N20000206,283.0,18.02460784614682,2.027041652823253,12.059383417167203,0.779709294751438,55.55944779138676,7.792849444200611,5.13141360773385e-10,4.0784357851275597e-10,3.0451103431621815e-10,3.57774736135717e-10,3.756960551940642
N20000207,445.0,11.765969591049712,62.987755614722715,2.3005582228979757,9.180977802774102,3.571388222436268,6.714597699745958,2.3086556896058003e-10,5.98386920689148e-10,4.743174000648353e-10,3.406214022068808e-09,3.478752841663482
N20000208,484.0,8.189116852932496,28.843599839617333,5.1072094757305475,15.414861312672857,14.853678978100463,12.222597498051101,8.559257702803401e-10,8.175558871602537e-10,1.0079194524494472e-09,4.492678817147979e-09,15.368936035721138
N20000209,499.0,17.40631826676595,39.33653766813277,8.6982536130341,6.2938847184722855,17.70013555549786,6.472720398348732,7.565820557300608e-10,7.212837602821007e-10,7.444825312649529e-10,2.08452757429965e-09,4.092149775441426
N20000210,659.0,24.658736296738986,31.166369909834895,3.382380887556107,24.466998848050462,2.313924217644182,5.494521579253806,4.701834416845791e-10,6.636051523184585e-10,6.176529729300121e-10,1.173343249600117e-09,8.517068257996764
N20000211,614.0,44.01507443231153,8.926190860349168,17.56383522088778,1.1829320048638607,20.802740351650982,6.936929287773016e-11,6.496453507799016e-10,2.4895209193342984e-10,2.6197914615845355e-10,6.5495709828310195e-12,7.509227128700181
N20000212,513.0,57.446273306412806,9.018487123343474,12.3215431540302,3.9096241195761436,4.955395193780058,4.2816529427344654e-10,9.041462740707258e-10,3.5950643164082597e-10,4.752514064213022e-10,7.201946208312326e-11,12.348677100618223
N20000213,391.0,48.48374868567694,12.4602774396123,18.475106009677518,5.236130521110638,10.10421641766228,8.686854630671251e-10,1.1975184857616857e-09,5.499916932667195e-10,6.256344780407818e-10,1.9094844546444645e-10,5.240520922827544
N20000214,322.0,45.97830577128262,2.460606760717195,32.88198389254849,2.538172334329135,14.239522979407901,5.376121207796199e-10,5.97135468443065e-10,6.632352408835956e-10,4.28707088302028e-10,2.136149281258553e-10,1.9014082592743515
N20000215,500.0,51.8599335673103,4.693795801535199,29.56221148307642,2.952408232792585,9.827719626202509,1.2870419424851241e-10,2.6104332854805494e-10,2.878277816757855e-10,3.1242786913861986e-10,9.359245466751757e-11,1.1039312879994025
N20000216,280.0,27.049245104452567,3.540302667701656,40.155186448699524,3.3886518627915625,23.550973919767827,6.655078058980253e-10,7.961898498092917e-10,8.207759956441901e-10,5.155694705119832e-10,6.17151425673718e-10,2.315639993171663
N20000217,595.0,27.10409465378227,3.828073054579316,28.431075138572364,4.458817389571819,31.826722323328386,6.331311295084077e-10,4.785087414079604e-10,7.530229117046294e-10,5.308916851204443e-10,2.135899574924329e-10,4.3512174375566826
N20000218,584.0,31.133630360606347,4.198431235497099,33.163650991880765,5.156482100630105,22.963106978563804,6.228380928014996e-10,6.29661746340576e-10,8.675482952456842e-10,4.776664512683568e-10,1.8554754810796085e-10,3.384698330038623
N20000219,722.0,20.38987574460015,8.464229607602372,28.72191514054947,13.307328757191739,27.008796089254243,1.3606955110893672e-10,3.5369374005485335e-10,6.720374049195051e-10,4.788581200777563e-10,3.0205262202696586e-10,2.1078546588593086
N20000220,434.0,40.17246493312556,5.1456611443110285,29.72242302314398,4.477632980893334,17.800142000007142,5.034258555289778e-10,6.497978641301928e-10,7.364341106482078e-10,4.704273393569125e-10,1.865009091303261e-10,2.6816759159723755
N20000221,524.0,57.159767568140396,3.9184695860836207,17.768957823536486,2.921794993963315,13.248831627412388,4.468793494387018e-10,5.241111622258645e-10,4.4574324437156006e-10,3.6346937835160183e-10,1.734933187119072e-10,4.9821783989101105
N20000222,484.0,49.492147741042984,13.563792391304277,18.839141869021635,4.419689196223846,11.374669510631879,4.4275711531584516e-10,3.1674191146010304e-10,5.772660043814648e-10,4.527292507984303e-10,1.580327685237273e-10,2.31055928982783
N20000223,492.0,41.09220011520638,13.043382611492444,20.964202711286834,3.9740697480986764,18.301227541507547,4.415766849668957e-10,1.4676705212772785e-09,6.697007877950875e-10,5.646166220499947e-10,4.0269810740374493e-10,2.6249172688618634
N20000224,461.0,27.442585267578963,2.2625625520564583,44.04283218566405,9.857904992796868,14.417332107447553,3.66750575501963e-10,4.1695049988650787e-10,7.50830060470356e-10,5.081164580478504e-10,6.400115331418535e-10,1.9767828917734436
N20000225,310.0,25.090743736948728,6.47063149751323,30.76382407156811,7.093943533823459,19.967547356762733,1.067523139081614e-09,3.549452295781065e-09,1.0760703027311387e-09,9.989119120494608e-10,6.801239722862928e-10,10.613309796011674
N20000226,605.0,42.75245625198119,5.520672285014806,24.19512757045211,3.4003494314357257,21.994764514711072,3.449036246963203e-10,3.7080216202954115e-10,4.5526478517889735e-10,3.82161934069045e-10,2.7029518273090295e-10,2.136629944581687
N20000227,489.0,40.832052196038646,6.4254302421496465,30.389859301983176,2.5794678355395355,18.99514444718263,1.9800093124059971e-10,3.7035527392110703e-10,3.923827540684731e-10,3.1515919857513097e-10,7.543157618333452e-11,0.7780459757550496
N20000228,426.0,49.73546289925285,7.185345453228067,23.813173746051497,2.3818981377483768,8.96941878798478,3.0569735240212994e-10,3.1904110785202314e-10,4.3838779948862365e-10,3.556844831536399e-10,7.309963193454382e-11,7.914700974242522
N20000229,462.0,47.15294622935797,19.756467817558725,15.692618357674043,6.506160792807172,5.453715407169201,4.881057464988611e-10,4.5247460679968717e-10,4.742289542234319e-10,4.864963589203158e-10,9.428070316791266e-11,5.438091393437299
N20000230,522.0,39.506617186042526,16.402779871574,23.242451754862618,7.2775599963173505,10.665686116720947,3.3164261608083655e-10,4.354081455164243e-10,5.688954393015465e-10,4.945140283665682e-10,2.4357019373983956e-10,2.9049050724085164
N20000231,488.0,17.162942707576054,13.279322106019247,19.85790835615195,11.351684838402639,32.30381145647257,2.2657288554602924e-10,9.312604096447333e-10,8.575808063843279e-10,5.128345230218602e-10,1.2905376478142955e-10,6.04433053272024
N20000232,316.0,42.051551339495816,17.30137099919855,19.405268370887686,7.063948694059667,11.305785345763205,9.480825647485554e-11,1.0344904715465048e-09,6.426232342242064e-10,4.47441630976191e-10,6.892771058190088e-11,2.872075248306799
N20000233,479.0,30.464640069828153,18.756369220240835,18.201764206568885,12.20949183071721,12.73290217122192,2.0854414268211245e-10,1.4848933495809458e-09,9.31963446497301e-10,5.632333586372328e-10,1.0857470498192229e-10,7.634832498125799
N20000234,422.0,27.070254775492764,19.020138069381535,27.56888760015298,9.185259816861201,15.591321876552048,1.868452276756127e-10,5.947520981120657e-10,5.656471918741547e-10,4.619734697679947e-10,1.512191210535192e-10,1.5641378595990283
N20000235,366.0,22.938394796106707,16.541941198785302,30.30443526391752,6.07965003541527,21.916442622204343,1.5984690611290693e-10,4.697745430623841e-10,4.828941499432169e-10,3.8293070701909243e-10,1.3453570750838266e-10,2.219136081940876
N20000236,441.0,35.60661146612978,16.993081814990166,16.628002826904844,15.220489695255814,8.795922281288238,1.4612840554731203e-10,6.047950163923021e-10,8.025468267069845e-10,5.489099914730558e-10,3.5423286703254693e-10,6.755891912974538
N20000237,415.0,28.218598810636596,9.451996964770501,19.811748737812536,8.519328265716263,24.298285349118306,7.03980920284503e-10,1.4922032493987758e-09,9.658469779378252e-10,7.568987617578517e-10,4.3729298541089407e-10,9.700041867589574
N20000238,584.0,11.788368001608571,32.699225858026296,12.701165712657057,16.076114755030634,23.485336383061252,1.3494529879972346e-10,7.724148857776339e-10,9.589794868989015e-10,5.26174066093639e-10,3.840838851863463e-10,3.2497892868395812
N20000239,463.0,14.489103988242602,18.415281020496213,30.484429620169394,9.237959687707637,23.16814524363768,2.277009035757268e-10,7.699546492503568e-10,7.491489970568415e-10,5.139331062756159e-10,1.4235003110778823e-10,4.205080437343366
N20000240,348.0,21.17608161971929,16.08192770813121,33.938348017562504,6.948275534443027,20.148144144545192,3.821902201647799e-10,4.808516855588373e-10,9.304209451402612e-10,5.393089279732953e-10,3.3226919337180163e-10,1.7072229729337602
N20000241,291.0,45.01418572107147,10.985596936350872,29.328627795207655,1.377507165422676,10.381997060481618,2.3369067775267485e-10,3.9728384845791917e-10,4.35146623283417e-10,3.3959533235959724e-10,1.6107780349820662e-10,2.9120853198989005
N20000242,451.0,58.88074481245342,9.30955249694926,17.42860128848838,5.0972706380724775,7.900365454648081,3.129298959876364e-10,3.701941853458986e-10,3.5225322744105413e-10,3.5844833400218197e-10,2.795461077144984e-10,1.3834653077150147
N20000243,354.0,11.178001206822813,39.45213096298858,18.37601420527964,16.881435043286523,11.096779702801527,1.09763292290649e-10,2.833827512937746e-10,5.743516221610727e-10,4.316094827978773e-10,3.6023393392576045e-10,3.0156388770615865
N20000244,692.0,12.348888411868971,28.94187835840424,20.07093953340404,24.922195015071257,10.240344868119235,8.378594566122053e-11,1.2473190532127756e-09,7.343216043590065e-10,6.002075941587264e-10,1.2335997139679215e-10,3.475753810343269
N20000245,398.0,10.646377083614711,59.34133159918926,11.67879284232272,11.995637228676593,5.642486004235074,9.077202389095576e-11,1.7438985440833956e-10,6.346192212369132e-10,3.852331622984772e-10,4.1346199668558826e-10,0.6953752402631777
N20000246,544.0,19.02594602299627,49.56913454847368,9.375594113170745,12.354416755367016,8.616751460342076,6.280232632017956e-11,4.415595205972828e-10,3.5853274431791677e-10,3.1840133382401977e-10,3.384306959121581e-11,1.0581570984350686
N20000247,457.0,10.044767606984342,35.35673876931405,15.96004639200737,19.382922578239558,15.95685573972486,9.918138884402273e-11,9.841364649820596e-10,5.762397258045264e-10,5.0984734003313e-10,1.4200411666298161e-10,3.2986689114184107
N20000248,270.0,46.903041250183705,9.340474081038135,30.48942052062299,2.8690036439812596,8.381805863932332,3.625083832074015e-10,6.970290336198187e-10,6.296363008692468e-10,4.231505068382467e-10,3.2304109631305303e-10,2.0162546378062243
N20000249,353.0,17.572088162894286,41.194120843047806,15.160664803152645,22.588719961881285,2.3836029854745826,5.725993551240067e-11,4.128707745188174e-10,4.304611345797548e-10,4.0611562076786863e-10,9.670489478509052e-11,1.100803242145969
N20000250,390.0,12.57362418280296,47.49838907475101,16.979455585624162,15.001804926604695,6.960882258981631,1.015434686143709e-10,3.3659567870716964e-10,4.670408923636704e-10,4.216195858186547e-10,1.3762321569590561e-10,0.9858439697711228
N20000251,714.0,6.390597235632406,59.969137173658694,11.737242240072678,13.369505276052424,7.685874074682933,6.308636747106879e-11,2.395712521526612e-10,4.1060579660479276e-10,3.5723413954637907e-10,2.261871684750216e-10,0.8476439986041834
N20000252,449.0,3.9033081449963305,55.9490885975007,11.876580284889556,12.571385200762537,15.196841111538854,1.3446120039957845e-10,1.601498053848458e-10,5.687806895699338e-10,3.6569839813310107e-10,6.481121858729031e-10,0.5027966584348321
N20000253,618.0,9.643730653425546,23.16816926307611,24.290750392071462,17.245286802985373,23.798684021433807,1.6446494726626506e-10,5.637513127707091e-10,1.1347353334466683e-09,6.279490943226771e-10,2.656383422301065e-10,1.8533788642511495
N20000254,500.0,14.087259017001841,21.676399383362046,16.780761516216884,28.07253659544648,17.961958242339975,1.3886899397000957e-10,4.934241225050816e-10,9.2134541994555e-10,5.359042778018881e-10,2.0770964801494643e-10,1.4210852433355292
N20000255,545.0,3.40693146204417,62.059797868009284,7.388779286999307,16.100995793281037,9.440857883112132,3.119061708932515e-11,2.824090633226993e-10,4.3658159861412247e-10,2.9700707912485595e-10,1.7402237819368294e-10,1.602637705332855
N20000256,561.0,13.70843815782766,43.49158049518154,13.404169075110481,18.536198461702817,8.489494425779046,2.2441689860740724e-11,9.35268744815399e-10,4.0875198674060516e-10,4.486818051868041e-10,1.1303624135453461e-10,2.370119382470282
N20000257,308.0,26.081527592727948,3.9087169107459343,17.776544981380475,26.03410144663114,16.114161889583873,2.4377473482099776e-09,1.3669057017717585e-09,7.331618969308405e-10,5.360080875383574e-10,6.675227565462666e-10,10.0849471731893
N20000258,516.0,23.696820361300375,2.3944255558077967,51.16329120807761,8.458423789456218,10.090750198130575,7.356304826531097e-10,3.730851029773549e-10,4.4377883349268106e-10,3.424108638034528e-10,3.771630192551537e-10,4.196288884955364
N20000259,588.0,31.162578008091568,2.229168075592151,36.887133318368484,7.74080014193848,18.657367937528473,2.4087646156511428e-09,7.14034721294618e-10,6.271556551296055e-10,4.175019793405873e-10,4.780277192338518e-10,3.3229525138353573
N20000260,652.0,27.702191349374893,2.5015618048493495,33.8129963769114,10.2165181997264,16.858365332137755,8.68744585502717e-10,1.4888476820886452e-09,4.3015742884320277e-10,4.435541065790798e-10,2.5332481117829715e-10,8.908366933515586
N20000261,893.0,38.876359082034526,4.542668585759727,27.003984118345613,12.315105217354617,12.41847308879987,2.046051651754913e-09,2.1371770368123386e-09,6.882677573939857e-10,6.15972377833258e-10,5.070469583293896e-10,4.84340990171114
N20000262,651.0,41.446854205799305,3.242844273037241,28.488085415245436,6.894586888443809,18.313526179168825,1.8097036398058119e-09,4.375335096317769e-10,4.4311397810643306e-10,4.167941780272658e-10,6.697589970872992e-10,1.6141030345284932
N20000263,562.0,40.25446529957739,2.113331025852118,36.052611442492946,5.209464618198493,13.925753774731817,6.971550655534581e-10,5.293283063269199e-10,3.1629311794226466e-10,3.0564715580600217e-10,1.7684146841155575e-10,2.4443738371219794
N20000264,683.0,58.60147303434148,13.238871177080041,9.139713595539888,5.799915012081922,9.608700310082424,3.1229645373905236e-10,1.5976741425389351e-09,1.7746511872679081e-10,2.1064397583521893e-10,2.298198721286487e-11,3.6113268685531885
N20000265,537.0,29.953376342679743,10.572980574090177,29.151066115965683,9.521996877754644,15.21836415093055,5.914912305432348e-10,5.297591082038879e-10,4.419016036015557e-10,4.2007140004000856e-10,2.416431162423682e-10,5.582215936354333
N20000266,377.0,41.16023449483318,6.106075989898073,32.69227053914804,3.458162944310825,14.223088779299534,1.0186410322579613e-09,2.942121330652837e-10,3.401688080400957e-10,3.276816357450408e-10,1.6820783572473905e-10,2.3601672503614224
N20000267,808.0,25.51179262645457,21.476871835634764,18.484583499756226,22.99107703967054,9.474546274563437,4.1099177208896985e-10,9.395793340194128e-10,3.4046692007209504e-10,4.5407268689139695e-10,3.2806261571387364e-10,2.0611287214472807
N20000268,666.0,33.81341969463214,6.798324289240666,32.40304374350422,20.30411413613494,5.732603257420275,7.703869760982273e-10,2.09080323418045e-10,4.566390861814712e-10,3.612148640041939e-10,1.116509581232058e-09,0.9484948761539347
N20000269,647.0,21.139389052629348,5.220952000711705,38.603199702939655,9.491703830954057,15.808235149930722,2.109555991249083e-09,2.306924623768463e-10,7.080526686016742e-10,4.923157230931931e-10,8.770698592346676e-10,9.73652025841683
N20000270,350.0,19.402977192420202,21.695153513759596,40.1370934192096,14.37022166266256,2.378063121102441,1.2847832208838692e-10,6.586634060778708e-10,2.049929698014536e-10,3.115952111726586e-10,3.734065696843879e-10,2.0164910891684658
N20000271,511.0,24.937360630473453,22.307304072676263,14.249725166296953,30.48100704588701,6.196198026885293,1.782050203408114e-10,6.305104686680982e-10,2.4697222364272655e-10,3.601868200809555e-10,1.1393622612397116e-10,1.8284050562512237
N20000272,657.0,34.62670313744846,29.281726095063693,11.746674820291423,6.464476398533662,7.322586647182826,1.718572872755896e-10,1.4401323541074698e-09,2.613543255609063e-10,3.4957108767588047e-10,4.191293868153307e-11,10.557832899215114
N20000273,405.0,13.814496804043488,54.715137132535006,7.978699605005159,18.531857546609885,3.6074223931349536,2.0897642464092993e-10,4.158840550687396e-10,3.1370630298041235e-10,3.225875006608717e-10,4.4943684185158454e-10,1.3523865169609164
N20000274,535.0,51.01222614042358,3.0567571289469826,36.40728508978288,3.0761604686169894,5.557233126387732,1.3180927924423425e-09,2.634375640059049e-10,2.7979641757988385e-10,2.7561340491274807e-10,4.789357248820753e-10,0.8903380432259647
N20000275,491.0,27.02224420820331,20.29039690038629,23.218000324781794,17.323813565644375,5.983117813360099,1.01125957027461e-10,3.103289760130391e-09,2.3866475600731405e-10,4.284906491423473e-10,1.4414648383978473e-10,6.162427183608421
N20000276,601.0,37.842421948691275,26.97076444736596,14.98441926562523,11.428930705258535,4.710135415008439,1.8066087295123414e-10,1.4217640535088459e-09,2.347137187642279e-10,3.453127480939586e-10,4.208265554093301e-11,4.063328215826026
N20000277,434.0,10.772823429746428,49.109233895867355,7.691946073286217,26.729824919634165,4.770442080548978,1.056501169340687e-10,4.828614622485471e-10,2.804924299094184e-10,3.179906348000108e-10,7.914738590716153e-10,0.9257295989383926
N20000278,523.0,37.9794737737091,5.4798653299761595,46.665977539659764,3.483917326385708,4.706801549205199,8.152614317853623e-10,3.059401559302794e-10,3.7705578952690537e-10,3.254565629809026e-10,1.6726441488882687e-10,1.683964479073093
N20000279,1333.0,22.99803194422299,3.199732904241779,30.578292477122137,25.133342328220838,0.7338164485546556,1.3778094117296107e-12,3.3995220067534094e-10,1.893957014366329e-11,2.611827746731761e-11,2.8059107205410835e-16,17.356783897251223
N20000280,657.0,35.660019577239346,6.292810669569053,37.54277560073685,6.4844749094140886,11.204683588064931,1.2428914597536819e-09,3.985798701282741e-10,4.34564112175368e-10,4.5922956615588037e-10,7.009939635210912e-10,2.815235651739483
N20000281,667.0,26.73170898384724,12.4786497210187,38.83401410245793,11.095284677826973,8.573618413455998,7.182388199564872e-10,3.170499406079477e-10,5.678363681952302e-10,4.82397144100576e-10,8.438430256050432e-10,2.2867240984638006
N20000282,429.0,7.009910250368401,23.06317143045883,27.381266960651544,35.82832276739406,5.357687210480302,8.924745593518945e-10,1.7222150248091343e-10,5.342961576917175e-10,4.2508880158405786e-10,3.2103889043440723e-09,1.3596413754123946
N20000283,749.0,11.20859891071594,46.412369542006985,14.938463547811093,18.341114948024927,4.275770780280365,4.5182030164683646e-10,6.497883906592799e-10,5.091278100806989e-10,4.658367310249789e-10,4.0541663176926454e-10,4.823682268678705
N20000284,616.0,3.8163134297908594,39.03028506987836,8.263257023496049,37.54275196066889,9.190526825513317,6.377861454648206e-10,5.335836856516538e-10,6.387651175130333e-10,5.49953960058989e-10,9.39467180263501e-09,2.15686567889775
N20000285,650.0,33.77060788483198,13.422349056295968,37.6291252058809,8.171368009466494,5.030818515719117,8.515983124772873e-10,3.7386759294556296e-10,5.461953192628653e-10,4.1880517181101617e-10,2.8760039287771074e-10,1.9757313253274573
N20000286,520.0,3.8081059989088604,44.497691092701146,8.41833261934616,32.305694301909824,8.970254179325146,4.965794987008811e-10,4.48319673307677e-10,6.19480184271207e-10,4.272088825999125e-10,8.640653314244623e-10,1.9999218049532208
N20000287,738.0,7.978908136027771,33.152110347980795,16.40202398457171,31.757107433429987,8.857043270279503,5.014939652443163e-10,4.213723166276798e-10,6.186923018025406e-10,5.311566907061373e-10,1.8687041061976404e-09,1.8528068237688065
N20000288,480.0,13.840244441407934,38.07911694749219,22.78629556088164,18.49938085771257,3.227982869226685,1.3595014658514223e-09,3.78140616177246e-10,5.642625718492053e-10,4.5463020319699726e-10,1.0578863830455514e-09,3.566979319464572
N20000289,356.0,13.253722280313063,45.30834884649198,16.393684329039385,19.560519592784047,1.9962093065393955,7.5333194429683e-10,3.4879760824135816e-10,4.543665470891922e-10,4.440261313519445e-10,2.352264324564931e-09,3.48751564047935
N20000290,299.0,2.0868757792749966,43.84279967870837,2.612545752669909,33.009895194688646,5.529549736451346,5.94755322030126e-10,1.309508421754439e-09,6.00360645825066e-10,5.44071818651895e-10,3.1751464884124378e-09,12.918333851982892
N20000291,317.0,5.471084927530807,37.331788443181075,16.979454498237814,28.572122617504792,9.288007312413491,8.639202990299974e-10,1.594628230796566e-10,6.686063461596745e-10,3.8104609588861854e-10,2.1768223336297163e-09,2.357542196882177
N20000292,562.0,2.7767086448090055,52.583181394842796,9.043697747594704,22.108003175008395,11.947751378725698,6.954971198451021e-10,3.51325559596222e-10,5.380041887399996e-10,4.1353132347899795e-10,1.011605355772652e-09,1.5406576560094465
N20000293,534.0,14.819365654238487,13.719362483877909,23.57370599956298,37.29496120488454,9.413079962092997,8.976775465183542e-10,3.177762839690374e-10,5.991232817725361e-10,4.763021512787222e-10,1.3215901864949762e-09,1.1795246917306241
N20000294,726.0,2.260616642083747,36.007721150637536,10.38978295678333,36.8199774126135,11.224139794611245,3.5318677717130015e-10,3.665204968625722e-10,6.288259160262941e-10,4.3843647929398224e-10,1.5958296395681113e-09,3.297762039887854
N20000295,701.0,10.73772641428128,39.90314556570578,20.64495861702663,26.270791995118515,0.9869996414055258,5.433911137805982e-10,3.0996119025689367e-10,5.3581809130869e-10,3.9197691345014677e-10,1.421730678399877e-10,1.456377764538943
N20000296,555.0,24.748416210659695,30.986040628544465,28.898098022774676,12.759460200294424,0.9606119446299058,8.09584723310704e-10,2.4745397469823943e-10,6.114485640324852e-10,3.840016745527788e-10,5.938567768551405e-11,1.6473729909849564
N20000297,638.0,7.323049823985654,55.078005588475534,13.733040043476658,22.38066695661591,0.8347623402119445,9.746793593721565e-10,2.8446892183223726e-10,3.294535341492614e-10,3.661213185662213e-10,3.8595762247609974e-10,0.6504752448936206
N20000298,664.0,2.767459253015415,59.2513929956433,8.31481158150108,28.83727705745423,0.2700992275006064,9.395742119244906e-11,1.2134171261574368e-10,2.7808679544583997e-10,1.9822195932240632e-10,1.3301415515628408e-10,0.5589598840607349
N20000299,544.0,5.070537505315423,69.0547201544792,8.40529225854812,15.999137399858569,0.2973022941954067,2.0039529706762573e-10,1.5650810183997763e-10,3.2018193504021386e-10,2.140957032610613e-10,1.213474818422842e-10,1.1730103865907366
N20000300,486.0,6.369661666270229,42.756632529227865,15.962343847244151,34.00274454157509,0.27570887565765057,6.347080176809415e-11,2.6301748038078404e-10,3.399425017527622e-10,2.5539808401090485e-10,1.9300110604458582e-10,0.6329085389102034
N20000301,715.0,5.9387496674888345,49.114788790926546,11.514798063805562,32.075004888630396,0.4515829872969366,1.7147922987459572e-10,3.8399172217558845e-10,2.9672449199406143e-10,2.920994126572887e-10,8.32536220099608e-11,0.9050756006241849
N20000302,770.0,15.160123464516762,32.34564972122851,29.119396692494075,21.764165225268407,0.6536395041917169,4.253855735836521e-10,1.5092266339110632e-10,4.784446367260593e-10,3.0837585882433604e-10,1.2874456780838846e-10,0.9570253908086567
N20000303,670.0,3.312937707304084,62.76985477923292,8.912404134623145,23.70534379043876,0.588306967363464,6.351420252559595e-10,1.7883595531460845e-10,2.8100421601467627e-10,2.524292181648621e-10,2.6481652120418584e-10,0.7111526194253951
N20000304,508.0,15.201015732831905,27.420457788493746,20.170966368815222,32.33903537127824,1.2186126859120299,1.239564298447298e-09,1.026885642456228e-09,4.908658990805461e-10,5.713550479161195e-10,7.771609171796394e-10,3.6499120485630163
N20000305,568.0,26.953481738552153,15.504938768598016,41.79368889224168,7.536136076506511,2.0898500121635353,1.867750173401094e-09,3.131011662206423e-10,3.9240413498615095e-10,4.2527939041348874e-10,8.043134534938245e-11,6.121904508859146
N20000306,536.0,10.873087657518221,14.409085160738197,25.151790485240582,41.48132527653814,5.112400867308879,4.987675483086745e-10,8.087372089245023e-10,6.895825231137746e-10,5.399077886909676e-10,2.2005927167415188e-10,2.9723105498989213
N20000307,416.0,22.04225108771796,4.080017094036606,39.22794863305459,27.10515249962046,3.9917265268744577,5.876383955346257e-10,7.325667090663541e-10,5.483160736051283e-10,5.015556411874116e-10,1.9150216501628438e-10,3.552904156134336
N20000308,437.0,8.60506416785661,23.847756015400112,20.728525533437704,43.31477715318587,2.0371066675681644,1.9017427230068443e-09,8.311802472420779e-10,4.264247436205796e-10,5.312845600795775e-10,6.663118854827801e-09,1.4667704521977776
N20000309,682.0,3.0199711230253485,48.21237620998115,14.492107448918615,32.25640074748151,1.3614161611075992,7.18197665915185e-10,2.571081939732797e-10,3.375285683552909e-10,3.270191628285024e-10,5.282644684824517e-10,0.6577283073176661
N20000310,440.0,25.960926238157654,26.891800083133216,29.723321454215263,14.080639782851598,1.6159899786144176,5.796408005189273e-10,6.582067811202788e-10,5.297551174140178e-10,4.821642858060003e-10,1.3628968420643417e-10,1.7273224606417958
N20000311,519.0,8.748691958958245,20.04371346441453,21.594718425917236,39.57325349621012,3.1564723019639502,4.614217178507584e-10,1.3796911478193196e-09,3.880334389013867e-10,5.003111925419213e-10,5.4600299472075034e-11,6.88315034975186
N20000312,696.0,3.557468822031282,22.595938502390922,3.9954393276688793,68.44929969227371,0.36511531574700434,2.964337567103107e-10,2.786361550083258e-10,2.990501877867894e-10,1.982246270242433e-10,9.573920630768326e-11,1.0367383387201188
N20000313,437.0,5.471315279560223,29.6206150688465,20.04481775613715,43.013572209166746,0.9220129377535191,7.122487526564932e-10,4.787458428072547e-10,5.85358204144557e-10,5.39307772551948e-10,2.1543699691778545e-08,0.927666724676501
N20000314,355.0,23.41544041126642,6.220166947905577,16.85771760867093,48.949637109822476,0.7603871840477867,1.0123038030042944e-09,4.2223051020290187e-10,2.915352007591271e-10,2.5339574214995255e-10,2.7933614888228118e-11,3.7966507362794157
N20000315,512.0,4.879637635018877,3.687344166027229,26.645900985296016,58.44988978210968,2.2336668511293594,4.105466140542579e-10,1.7439165132348307e-09,4.531470736301209e-10,4.138311487847291e-10,1.2194423639470268e-09,4.10356057617795
N20000316,498.0,3.5749836906224193,58.258431843100645,3.751261679378383,33.363177315346896,0.21182737163019705,8.21909999758624e-10,1.969718880488652e-10,2.726325572727426e-10,2.6406738235835997e-10,4.3987228343089783e-10,0.8403180979260085
N20000317,711.0,5.423456267439538,34.08156590217331,8.155413460316138,49.49305930063508,1.1681991166802301,1.2330687002909361e-09,6.708438413302447e-10,2.922479360914307e-10,4.0130195632553907e-10,2.8393156837075646e-10,1.6783059498743018
N20000318,528.0,3.585945254901409,27.292459426915944,36.39528943151148,30.40766171436712,0.9075077204158448,1.1951589908651415e-09,6.999957836045409e-10,4.697446599935189e-10,5.467675083687454e-10,2.3626696704139593e-09,1.4111364466138756
N20000319,260.0,3.189178653957568,63.68676045274179,18.503102326187808,11.595105189990896,1.4636480922057873,5.932973545166285e-10,2.18910790888988e-10,7.954691753436655e-10,4.692953710256202e-10,8.314170794139054e-09,1.562205274525004
N20000320,509.0,21.091547824419266,24.814091255137477,27.144072733899954,23.327451179424873,1.5048241344728663,4.01444106873856e-09,3.3249396757141547e-10,5.2715738743602e-10,6.001913416458794e-10,5.356848123842083e-09,2.118012861814428
N20000321,328.0,2.005589071072994,71.0771200100368,5.4891604520509185,20.746597379325923,0.1261902342140538,1.3199174201517293e-10,5.1478730050655445e-11,2.2981690547981018e-10,1.4299177409980732e-10,2.695596695187286e-10,0.5553428524734876
N20000322,474.0,1.6275745753844624,60.00453395039151,2.347732841806811,34.469427115038904,0.22716736317444755,7.04016436577611e-10,1.916256667462744e-10,2.55410121610712e-10,2.389894036979824e-10,1.5205337634738972e-10,1.323564152661783
N20000323,231.0,0.8984198589681787,80.9120707295908,9.697041087563726,8.124358925933127,0.2748310509455122,1.4063633231376896e-10,4.307365485191501e-11,2.1687921433361402e-10,1.1588546666240432e-10,2.0791799637245078e-09,0.09327834440298807
N20000324,362.0,16.627230996919202,25.451435628785678,31.100816255573033,24.32916676475596,1.7104843964696501,3.761899226171046e-09,4.910351933511713e-10,4.702864245850265e-10,5.001542208884919e-10,2.8671096752871797e-09,0.7808659494059995
N20000325,410.0,25.28272953927973,18.173487177856174,37.368371855670965,10.688600031699805,5.307390968200484,2.038420037669616e-09,5.559760906891453e-10,6.559482195855899e-10,5.312899523183828e-10,1.906587277498671e-10,3.179420423320552
N20000326,530.0,35.057775616727085,10.145706502615129,37.30834013154121,11.766152654932007,2.8907771799614497,9.127868613927844e-09,3.518749520092894e-10,4.885751954518299e-10,4.4135851136220573e-10,2.8071339492849684e-10,2.831247903532743
N20000327,541.0,1.0981363188407307,77.24780528805476,2.47631481492362,17.540875919167878,0.2064642764028627,2.438772857641519e-10,1.0721651991298007e-10,2.328015909045812e-10,1.7992622178213748e-10,1.9710541476542218e-10,1.4304033816492294
N20000328,325.0,7.617760117232669,5.9476177485846256,25.396762068117884,57.19246004303521,1.4188037247844125,5.127458482709297e-10,3.9590845996700035e-10,3.920516741373922e-10,3.4413775777103266e-10,8.363007151957933e-10,2.4265962957640657
N20000329,808.0,1.0799989268095005,65.25395851566607,7.291415606846603,25.316961037386942,0.38671387240229144,2.9207454545365603e-10,2.5174594356030446e-10,2.399424054448926e-10,2.128825725868896e-10,1.327193665842546e-10,0.6709520397592267
N20000330,562.0,2.418946335783475,38.26344776378599,18.059453957544175,35.22709551339686,0.35054227685051864,5.666129674424482e-10,9.769846857436705e-10,6.965278065271713e-10,4.954439632038398e-10,2.8902670628938266e-10,5.680514149614377
N20000331,573.0,4.072871238252933,59.780271521913484,11.642130329828213,22.228362016869752,1.0140376545038368,1.61663028343712e-10,3.5373411147398197e-10,2.9429796164739783e-10,2.9582546718470266e-10,3.5932365136037084e-11,1.2623272374903154
N20000332,499.0,6.144039713830257,15.351349703581766,23.194472234625565,46.464635874333624,3.342121018260327,6.076202135409151e-10,1.5832713793895508e-09,5.60671774009944e-10,5.45857963819787e-10,6.864971993805619e-10,5.5033814513845565
N20000333,489.0,11.02662708650565,20.50470948193351,19.56276127359268,33.308715209983895,6.211148409100488,4.747255809724442e-09,5.866596209412448e-10,7.510667288569434e-10,7.634640330604121e-10,6.80480224839474e-10,9.386038531354833
N20000334,570.0,8.379050496050656,14.419542366600282,38.82137316021034,30.67271250977909,4.133742937692951,8.783452155973081e-10,5.139566272644888e-10,6.014787366206321e-10,5.607068753523966e-10,5.241404261251096e-10,3.5735785265880637
N20000335,389.0,4.97074899275182,33.284194273360455,23.635442854965056,23.322658713603403,0.49374129416158846,1.8558663516169743e-10,4.094513776364189e-09,2.978598444315949e-10,5.543782120042083e-10,3.564236966937396e-11,14.293213865989706
N20000336,465.0,5.541035819725483,46.0608653094409,33.38676584659826,10.63884400178052,1.5428407237052044,2.6089375667098486e-10,7.246826347344016e-10,3.3880044752604103e-10,3.762604051283396e-10,3.315964750746666e-11,2.829648297015842
N20000337,481.0,18.25164356757467,17.298609440048455,20.04940039140092,33.01560187919149,1.8920683697149407,5.240367106591995e-10,6.99977609945735e-10,3.618090375039962e-10,4.180962493979404e-10,3.6735004466379763e-11,9.492676350028875
N20000338,406.0,40.50202149849211,14.135235335903806,38.04100347930709,5.277399689990324,0.6168014746117573,1.1883477337492802e-09,1.3540878745750802e-10,3.5642725276076785e-10,2.980653749298771e-10,3.747110972673771e-11,1.4275385196791848
N20000339,561.0,7.113525176508707,48.8428605850255,20.228824781476394,20.921950927252883,1.0474401846778378,1.6572238180809113e-09,4.561610985025072e-10,3.7624542961863337e-10,4.0368726180365417e-10,8.595658373956636e-11,1.8453983420793962
N20000340,543.0,30.10767835871934,20.071671651700328,42.80312038950645,4.740109123911125,1.2364610234038913,1.1894623715790236e-09,2.430471545627997e-10,4.2365019452865364e-10,3.390758319727644e-10,3.658106838955389e-11,1.040959450527058
N20000341,678.0,7.280688145409167,56.0007696912292,19.825705482025406,14.798146618558539,1.0259480002033008,1.7521841163707006e-10,3.47525082622827e-10,3.2178119349512494e-10,2.928715804338437e-10,3.642595475164775e-11,1.068742061400573
N20000342,416.0,2.727180776683248,63.0001511561478,6.898040130379957,25.50179433966051,0.4951361717767014,4.205169223968248e-10,2.8372853196159655e-10,3.0000198348345596e-10,3.0009351510542405e-10,1.1080164748960397e-10,1.3776974239366413
N20000343,671.0,17.276360819854013,41.16521354500233,27.08891907859644,12.71932933493701,0.6025331358164614,4.353251713138118e-10,2.753064746675078e-10,4.0607000965239324e-10,3.438001543239877e-10,5.30508647004996e-11,1.1476440842801794
N20000344,583.0,11.78332477827101,55.69264267516857,19.718912156642137,11.824012190198903,0.33061304810476205,4.787366585237734e-10,1.8025732500021427e-10,2.3376560041577593e-10,2.3615621418796706e-10,2.2236793175665586e-11,0.650495150463475
N20000345,571.0,5.693377478553106,68.20155267232914,10.111716630251964,14.99177148350633,0.410568661525603,3.75661621114311e-10,1.8909873850119556e-10,2.8337149042902854e-10,2.680617145992405e-10,8.107125479319897e-11,0.5910130726365875
N20000346,657.0,14.351214251520753,48.14715807662443,23.070219141423102,12.56073614128731,0.8055807381071537,4.208814572428865e-10,3.0852665416958553e-10,4.025645316868512e-10,3.648221332090998e-10,7.463208247586179e-11,1.0650916494658274
N20000347,518.0,3.539509262135776,61.88134210112478,21.324407225234502,12.362506530965224,0.3782693475843149,2.799008986554396e-10,2.2165334978976167e-10,2.864667438324675e-10,2.58842959152212e-10,9.284045579869995e-11,0.5139655318157139
N20000348,525.0,2.0309354085765796,45.810525996169844,14.719694439580161,36.51360243206215,0.18777871801998325,3.020218194801744e-10,2.917140613268087e-10,2.135592173516066e-10,2.6465511203210574e-10,3.3565559844560976e-10,0.7374630041836854
N20000349,470.0,7.321334199448014,40.93135278714577,15.18792630056735,34.96338945433864,0.4966244433252731,7.090213103216708e-10,3.91608009669269e-10,5.791867941827771e-10,4.0898235055608545e-10,7.318867200017844e-10,1.0993728123542637
N20000350,628.0,1.7947872693539892,44.56241455068919,3.8194378779822373,47.610526095497754,0.636760134212881,9.257098469490101e-10,3.849566911658204e-10,2.416995589053332e-10,3.0344513975830985e-10,1.1374090972413752e-10,1.576074070294381
N20000351,431.0,5.668518877055137,61.78341534300329,11.46891865735005,19.78643570751081,0.6038539188612364,1.070294510570149e-09,3.415187505663831e-10,4.4669627058952304e-10,3.2652454211586833e-10,4.689775102343737e-10,0.6888574935654788
N20000352,580.0,3.558834491871626,62.795523809276055,7.686897251894312,24.589715463325618,0.3714896332697693,5.578749964826719e-10,1.0379558308960272e-10,2.917881602338417e-10,2.1938637935885495e-10,2.5523972814537186e-10,0.9975393489345319
N20000353,512.0,8.842857073744511,49.86320548891275,21.58578209698845,18.08775396583689,0.7924613907977841,5.292274245199799e-10,5.309418273151547e-10,4.4199580999493127e-10,4.4952443424048035e-10,1.6086994478190708e-10,0.8279399816070726
N20000354,736.0,4.036503058527997,62.160927973550315,14.499987746567458,18.234531140869215,0.7470193047784617,3.049162491413406e-10,1.4419999096734785e-10,2.7310634232433134e-10,2.508933364438724e-10,1.061874762049425e-10,0.32103077462726237
N20000355,527.0,0.613094109156981,57.77856579701657,21.563305617632896,19.406052601232016,0.14272665200319867,8.337885804528204e-11,2.2646943563741906e-10,2.1414645491329351e-10,2.053303543378891e-10,1.3628510770970967e-10,0.4962552220927372
N20000356,701.0,18.84079765490011,40.60168284054712,18.646616911797828,12.749999987543015,0.5582690830474754,2.1457295524166633,1.1220276883040807e-10,4.398307675123717e-10,3.1542085742461265e-10,9.654459753114918e-11,6.456903968783786
N20000357,392.0,60.75524290088637,4.905587700833892,19.121108480656233,1.456120057919715,0.7013849237980854,6.991849193017408,9.111091602273248e-11,2.6706774370623645e-10,2.2281212972727765e-10,4.364969649243373e-11,6.068706742263644
N20000358,562.0,44.47959907373836,8.73359543116203,28.427301508786496,5.932055604175502,1.9667857565542874,5.088564043390333,2.6592289886991406e-10,5.012426724392972e-10,3.75577126122401e-10,9.966536971311516e-11,5.372098580950581
N20000359,555.0,45.68907467483274,2.89010448973499,11.675256134884856,1.0842118390402258,0.684173254501478,5.0259269022645965,2.4050192152811327e-10,1.0765461556302464e-10,1.6381001757899373e-10,2.0377499630446874e-12,32.951252704227144
N20000360,403.0,30.60557868465868,19.853199437045582,21.551471983377407,9.188401166967203,2.187511963052417,2.340594568646908,4.5551058666016315e-10,5.122796665284924e-10,4.5613863107036095e-10,8.445213279135876e-11,14.27324219474343
N20000361,669.0,8.3727048890143,48.655291679685256,6.280504723468641,16.545168303422702,1.1240322024442801,1.8961180389631054,4.968823432402077e-10,3.4399432889155267e-10,3.2310552120589056e-10,6.463393360108181e-11,17.126180161773085
N20000362,648.0,54.11559165337433,6.297509409923861,21.756876685498007,5.02711692410932,1.0393346267040553,3.936968228495181,2.818953957934415e-10,2.6278004494719407e-10,3.0305577459514543e-10,4.091253566142861e-11,7.826602471006589
N20000363,490.0,50.52219457728481,11.784329000304657,17.968802182725334,5.788253012639539,0.8923186743535572,4.59690684898869,3.007795393188388e-10,3.0123330270946517e-10,3.558902330459736e-10,6.282657164607646e-11,8.447195702682674
N20000364,559.0,31.768086345212836,15.800249340535633,30.327981565838964,10.187776025338847,0.9392192007992316,2.052522652541047,2.144522524997888e-10,4.2494360113020747e-10,3.579528674559853e-10,7.281479345479521e-11,8.924164868663267
N20000365,539.0,36.73329183115205,8.714227252450211,28.520209338142195,5.305288166842945,1.4177048293196044,5.363821684026923,4.4688449607512296e-10,3.6341628365591703e-10,3.9703510135494924e-10,5.35248907131207e-11,13.945456896805211
N20000366,467.0,44.095667680524244,4.976746616438372,30.109399924550566,8.605259071214197,1.3835749454997588,4.531190488245686,2.2986272519854804e-10,3.182304515062304e-10,3.132543986368324e-10,3.948457456212813e-11,6.298161272626356
N20000367,597.0,30.84776722469253,24.16693758742156,26.336755016696404,6.309416077701911,2.002487347214168,3.353368878562816,1.537420899730206e-10,3.7823911707049425e-10,3.5083476931853425e-10,4.8967053365697245e-11,6.983267866778825
N20000368,668.0,26.955778686447363,1.9031885523898389,23.936921034716075,13.262405746625808,0.883612692897206,11.8808974299076,1.090384183533196e-09,2.2867738992762817e-10,4.1323689738014845e-10,1.740940873269056e-10,21.17719585510972
N20000369,655.0,49.677370048557165,10.200640529247515,25.272971332155674,3.175287845024724,1.4734683897400012,4.408463474631661,2.3202807327448116e-10,2.6942538184348265e-10,2.939463375450491e-10,1.8279700569213645e-11,5.791798379829579
N20000370,415.0,5.658456511422362,47.43175558458402,17.11412006180132,13.853460358277387,1.766220363926091,1.7808040818246502,3.3911127217059364e-10,4.1322308047888956e-10,4.960144416620536e-10,7.156318544840992e-10,12.39518303620019
N20000371,609.0,4.778525879546203,49.39638169644103,3.7200345263514922,22.372771847124476,0.74917805016877,3.697671432416178,2.7477441990038726e-10,4.3002446194422873e-10,3.1414620800074377e-10,1.8637341824039434e-10,15.28543656674653
N20000372,652.0,3.1146684748003772,68.46883731693502,6.303962355158809,17.278991877774363,0.8783619800620179,0.5376171556231109,2.1831744086193375e-10,2.664812379639199e-10,2.1439239768952988e-10,6.411124449589265e-11,3.4175608388829994
N20000373,580.0,9.08180482905149,32.03934521703754,8.13807867580686,29.493097502738358,0.38745000569012716,4.197445220997837,2.9578218264344877e-10,3.896651720956147e-10,3.5185035320711085e-10,1.5144297615332732e-10,16.66277854748905
N20000374,366.0,4.537613821305798,31.7758711644269,5.608726947447094,40.90615950625045,1.3288198060842,3.5689886500481682,4.656627928597809e-10,5.959905551844516e-10,3.469976157648626e-10,3.2915427786342627e-10,12.273820102699567
N20000375,324.0,7.734216321730829,59.543548791559346,1.6660147358089823,20.20693394478364,0.10172884360725291,2.1328411229413518,1.2720687321167225e-10,2.1303170980464254e-10,2.1196228399154488e-10,1.2558945185098646e-10,8.614716238890802
N20000376,277.0,17.69263148423723,26.374210616998912,6.353428696984792,24.209548292324982,0.46425641213481605,8.148177153026657,2.1267845488850484e-10,4.1964927565998717e-10,4.112100262788532e-10,6.212998850808103e-10,16.75774734262778
N20000377,473.0,52.375026118685675,4.759841322614566,18.073382632517237,6.308252435338215,2.0592515129055573,11.62999024577298,4.6552779605652253e-10,3.0744213799760604e-10,3.1545650032381436e-10,8.533334409698614e-10,4.794255730224014
N20000378,409.0,1.9634689953826105,51.11845181178077,15.957238695608131,23.019002789283416,1.2514096958983707,1.1930095543450665,1.5933374765810118e-10,5.658068044077297e-10,3.6933690294945587e-10,8.523557621927434e-10,5.497418455754803
N20000379,657.0,11.371405679257506,46.38771249009587,8.535589489364133,11.672362462170717,0.824584995262233,4.046417747578736,2.8158609256914514e-10,4.1602528530783516e-10,3.660740695473325e-10,5.162230240783424e-10,17.161927134690885
N20000380,387.0,14.355863207210334,25.708882249294135,2.7436671361869895,25.433843176289177,0.30140661859769075,0.7119759372590935,3.131518981528843e-10,2.596995313901105e-10,1.7809691886651445e-10,4.7108373530529615e-12,30.744361674406935
N20000381,576.0,5.838649104782884,50.79437449954578,11.291565635008803,17.72592239388516,1.3364125862106364,5.639910410622352,2.945539045598939e-10,4.637007642973924e-10,3.9353404453887686e-10,4.4748003521732324e-10,7.373165368345122
N20000382,591.0,15.478381705350971,44.280148580914826,19.69704360456755,4.55389439815913,1.0138718107107454,3.623763918671162,6.1519112736124e-10,3.190931731153951e-10,3.2258636317073677e-10,8.718305665825337e-10,11.352895979496914
N20000383,655.0,49.13276919198702,9.294447541599329,21.04880933913112,4.742005292139644,1.8944459751340441,4.5009577625678485,3.478488108279455e-10,3.866488200841028e-10,3.5569028677431866e-10,4.0556008613585514e-11,9.386564896310253
N20000384,650.0,56.41514547820001,2.4332656359463174,15.964042896119057,6.025083941321417,4.900396641656242,4.786151492256922,3.2847466407654477e-10,2.943214897310347e-10,2.8863565767911163e-10,1.0104191612637306e-10,9.475913913487553
N20000385,344.0,35.94923928664899,5.27105584916269,21.711702127734988,2.684809642720978,1.2235588757812852,12.079568065954223,2.2132171597397853e-10,3.1935446669028483e-10,3.6795891388757046e-10,8.234592210898622e-10,21.080066150264734
N20000386,437.0,16.54637814096111,56.57547009343967,5.030412196860299,11.966199460160922,2.361444404016731,5.410207286777357,1.367971589718558e-10,4.408276421766464e-10,2.751104682114672e-10,3.480783933765838e-09,2.1098884134503963
N20000387,293.0,23.498539359464978,7.551019598419375,16.208695243612716,6.112815575247351,1.742362778875196,26.847372423753473,1.688293727410079e-10,4.740569591540418e-10,3.626896508460215e-10,2.371616274752594e-10,18.03919501938416
N20000388,383.0,37.78987383025883,2.0408367094192132,10.336686008396073,8.009094493982854,0.9541794318719614,8.004345213883076,2.618690371313928e-10,2.8749474157250956e-10,3.179691844424898e-10,6.099655678438189e-10,32.864984310710696
N20000389,701.0,26.483397805201236,3.2924994437903963,28.87388312708172,0.6761646932872454,2.681995104063347,7.338503303623539,3.9561540414960614e-10,1.5382179570701968e-10,2.9213233311098135e-10,1.987277938764302e-10,30.653556521912233
N20000390,437.0,46.71189213267761,18.685214450417124,7.046547361531874,3.7562221004213567,1.3467092645907541,8.357570094806276,1.349430148613848e-10,2.6284488661564177e-10,2.5141673787723255e-10,1.5827899130779715e-10,14.095844594747517
N20000391,275.0,32.130436895966746,6.696753706900373,9.263087183756182,2.599549250655814,1.830877240202932,23.378402193879175,3.4458096147469796e-10,4.098314208979984e-10,3.266171595232869e-10,1.92047676914226e-10,24.100893527365695
N20000392,536.0,55.87904231240092,7.796383458692338,11.753057077573747,4.017932712569434,1.075173780290947,12.366911987913824,1.2086336392670137e-10,3.257265885720435e-10,2.605898460010601e-10,1.215215611468781e-10,7.111498669730114
N20000393,460.0,19.85981440139206,4.312234847128935,54.574466846750916,2.4600277566560096,1.8636612204970673,1.9813851112247955,6.938462925904501e-10,3.131780919322465e-10,4.201200952317671e-10,5.7901366243428325e-09,14.948409809132931
N20000394,310.0,48.98554117981558,3.6040862773270157,27.427367115311956,2.140660178076352,3.02369447645896,10.765496146308358,1.6976103444301804e-10,2.603038185355069e-10,3.107552196045218e-10,1.3805746102965457e-09,4.05315462458039
N20000395,542.0,16.58303126314008,17.74008423384766,49.69610351483977,5.748006256142464,0.8316041201856287,6.9624592483240555,4.2163672838657513e-10,2.1470736984509223e-10,2.7779982372252776e-10,6.96151545425315e-09,2.438711355644699
N20000396,430.0,36.837355807982846,2.711157126578353,10.80363946350191,3.0758150736430094,0.8105345524169962,6.686611189813117,1.8438837460948237e-10,2.0209868553599046e-10,2.346308495615588e-10,1.829528981284405e-10,39.0748867852597
N20000397,716.0,27.45587762140834,0.8711739903596243,31.373226772823763,1.8377164898089968,5.667364419847773,5.863015700229355,3.8946526018758717e-10,3.730985180184464e-10,2.9540794812560406e-10,1.0245407712799472e-10,26.93162500436172
N20000398,457.0,33.64212760726477,8.787881353698145,33.70909019264825,3.1265481661807466,2.2975930268091136,8.111681731093471,3.1606606766169513e-10,2.426429872108891e-10,2.839591124300208e-10,1.1978051564356615e-09,10.325077920265043
N20000399,442.0,41.70376301698674,4.584957540150158,10.783596243846228,5.989641920836185,1.4248590593423966,20.38586214134828,3.1225887569660614e-10,2.8494742009554734e-10,3.1332237956547056e-10,3.8691007127988427e-10,15.127320076192566
N20000400,458.0,48.23510932670082,13.609925310400323,15.717563471634016,2.7559383192624876,5.201218963127969,8.273891883686153,1.0160717286247368e-09,2.3642959272790757e-10,2.597426074951316e-10,3.168592019176955e-10,6.2063527233591165
N20000401,635.0,15.049949749006759,35.31907201475,15.77184135374592,26.11212830315544,1.2030129346618366,3.407566716097557,2.6288607841812836e-10,3.891939658412157e-10,3.846795439377061e-10,1.446372655749259e-10,3.136428927401094
N20000402,787.0,47.39769486345888,3.76260759951114,18.562781186424925,1.722302444852204,1.5198339880953178,3.7839129587534743,2.5683198294026344e-10,1.4971038627470642e-10,2.382729600575049e-10,1.1039142306612662e-10,23.25086695814886
N20000403,460.0,51.84464063076861,10.988220180468328,12.14248247594127,1.8508847507839616,1.438174680706815,10.330499839908956,2.7307043368825956e-10,2.1590124926172397e-10,1.7344536430299012e-10,5.350206414727905e-10,11.405097440224601
N20000404,629.0,34.684735880927434,2.7434854302524916,30.949403248291084,5.627754143700459,2.321471407529728,11.090326487285727,4.875937083229919e-10,4.0110496936379094e-10,3.5296684370112355e-10,3.8336617489526545e-10,12.582823400388051
N20000405,494.0,39.939972163740755,3.387341588595506,22.163996531953398,10.988309637835474,1.7602203777107046,8.11365958796146,5.015387909246481e-10,2.738115112394689e-10,3.49437272347507e-10,1.7599215486533907e-10,13.646500110901938
N20000406,293.0,12.903622233822077,8.14633075975826,9.584045809081813,3.915701515885997,2.1999797296590144,15.69334543422462,2.7883540864135666e-09,5.526687542372534e-10,5.171321690183938e-10,2.7618629244531198e-09,47.556974510948194
N20000407,403.0,51.37887229776956,1.5174659168315048,12.959558007061439,5.000376580523107,3.011854400570361,12.565470764102962,4.947623531761771e-10,3.063479532766862e-10,3.3251339477168264e-10,3.805771079723903e-10,13.566402031626865
N20000408,321.0,22.26937844878137,4.271148567764407,11.515642965048611,7.783510098666559,5.54838089986111,18.4544087395298,2.6690019373519625e-10,4.953740157308591e-10,4.5102498772440267e-10,4.175007869994624e-10,30.157530278717342
N20000409,238.0,42.706854044603006,1.9236607675520359,18.581092837063,2.9490190019104534,1.2732931769404021,6.49050644155744,4.191948668653254e-10,4.1793217744159014e-10,3.225093262379845e-10,2.1592863412262722e-10,26.07557372899809
N20000410,353.0,27.093699713013073,4.917962221381223,17.45385417475996,4.948541534341225,2.386596384620775,13.16643558009335,4.640223869131727e-10,3.6055439197647593e-10,4.1886154696851356e-10,4.6461115793928693e-10,30.03291039008234
N20000411,526.0,35.528023793969574,6.726915309929539,31.834083322282797,9.80312952097378,2.7467906840803344,8.336544847596695,4.0996877122574635e-10,3.292284857951736e-10,3.4643150326888634e-10,2.4371886162481164e-09,5.024512517644454
N20000412,524.0,38.38637644226948,3.9726112143635604,15.261576153860887,4.111191727425142,4.351161134873546,13.210800285877996,5.191904769950081e-10,2.889181030424181e-10,2.8379042016293676e-10,5.579121478551633e-11,20.706283040181695
N20000413,707.0,42.906101308532996,5.047945357966431,13.63573694219355,4.343117050077904,3.8456691328303516,14.00643529471686,7.533784265132442e-10,2.5583025939544146e-10,3.7172395097106946e-10,1.8282451478724418e-10,16.214994912118144
N20000414,472.0,52.40397046062232,4.0271125151181915,15.309150457726044,9.226859997496737,4.605023260211327,2.2576330122716817,4.619336503525463e-10,3.083615831123341e-10,3.7435773101118653e-10,1.5245142089274108e-10,12.170250295256592
N20000415,445.0,47.67575821151415,3.8047488730304377,22.960616157081528,4.906868656796207,4.468250773978619,5.947489012393247,3.085120228297701e-10,2.344608613810536e-10,3.109821393385213e-10,1.0439437947016847e-10,10.236268314247464
N20000416,641.0,34.856425242373504,7.495424527318003,24.94783210556692,11.29568555614038,3.7072572617384223,6.084999170914294,2.368787128593594e-10,4.699810021996659e-10,4.3285979322212945e-10,1.304442547896737e-10,11.61237613467831
N20000417,579.0,38.91971979228484,2.2186642544170323,26.368173430220924,3.446628350161892,6.755904804559075,11.819795021147765,1.636419741915494e-10,3.361095377212127e-10,3.4939328931241857e-10,2.963972633360821e-10,10.47111434606293
N20000418,714.0,46.24391544936805,12.919334103668117,24.955847340657705,7.834363212329951,1.4758576912852046,2.997435848614336,2.467942418589736e-10,4.1114065936200767e-10,3.6135249563571544e-10,7.541948472578e-11,3.5732463529819376
N20000419,484.0,31.252960654554336,6.892090134971063,41.71088769532524,3.1639209522200744,1.8699619970722452,7.158098326677352,1.4206818382801369e-10,6.281227793227562e-10,3.4804539459614464e-10,5.859334222286026e-11,7.952080238002865
N20000420,473.0,58.2877654655925,1.412795316340647,19.216023826235652,2.408741261032726,2.594576495459378,5.5427517147205085,3.032859551856434e-10,2.5978780453272467e-10,2.514477414744478e-10,1.8933060617445335e-11,10.537345919785128
N20000421,712.0,12.204133174375393,45.635784213128986,18.457887206782196,19.35341245918672,1.428886037274597,9.617501063383355e-11,1.6962625964711743e-10,2.8142743054866503e-10,3.095801080529229e-10,1.997264528758544,0.9226323796367376
N20000422,796.0,9.476572726247687,59.6973151834589,13.95273211981225,13.410507923824486,1.250572872366621,5.6246605312219624e-11,1.00619482936108e-10,3.354305006290522e-10,2.4749939742275615e-10,1.563996765659375,0.6483024078908856
N20000423,778.0,5.642575687498897,60.75218460502876,8.32824115365183,20.632635707315774,1.5605055072312541,4.557279517973995e-11,1.3334128390911065e-10,3.077245533089217e-10,2.4997860556222684e-10,2.344703999733773,0.7391533388030956
N20000424,794.0,4.796182732589621,48.80376579899145,12.991570292792415,27.43105297646621,2.2324793385357142,5.912597489062111e-11,1.6039373705946305e-10,4.0467862741179326e-10,3.1213529808326057e-10,2.231325232369753,1.5136236273184929
N20000425,318.0,5.956821595281886,39.603414707844735,5.24370614935983,40.15073210557024,0.6252874661586685,2.5908512509034407e-11,5.899502085646167e-10,1.8721798536529011e-10,2.4716432775732694e-10,4.612891844858383,3.8071461298760148
N20000426,550.0,5.969364291789326,29.5200460369126,11.9662059993661,41.00600167328226,3.206313838107111,1.4465342246173225e-10,6.812144455410574e-10,4.1588523608443065e-10,5.075925376324889e-10,5.493279983375245,2.8387881754179913
N20000427,591.0,2.1099975269646842,54.319508744524434,4.201752171777788,29.639634455115687,2.050296725570038,2.8281056345609043e-11,1.7717708703381182e-10,3.9857938115001045e-10,2.444012357454966e-10,5.976011024539114,1.702799350659832
N20000428,854.0,7.335856073906986,28.08693382530805,16.03157880774764,29.460449184172,2.151701579286454,6.250665779066316e-11,2.4933146599729736e-10,3.971763063049819e-10,3.656458507038627e-10,15.684434081280415,1.2490464472237912
N20000429,368.0,9.782200313125362,33.94974633913887,15.369889969540251,23.976740576264802,1.082379318821121,5.73911179420447e-11,1.3391834771644695e-10,3.1802064227011976e-10,2.7955218053730015e-10,14.938117056290146,0.9009264260305625
N20000430,454.0,53.007703175274386,6.855220394273469,27.35212095172107,4.800105441547846,3.8841983072813973,2.309804044771892e-10,2.6201087009953884e-10,2.8869863295827135e-10,3.221611667954293e-10,1.3414302008440375,2.759221527953939
N20000431,520.0,2.4969572447486383,75.71741898106377,1.9514913871268944,15.9397875003121,0.20823808787283896,8.555221191408593e-11,1.6306582698527413e-10,2.196104990726525e-10,1.8843295469000354e-10,1.152738324282711,2.5333684739363767
N20000432,576.0,4.773891747688536,51.99104463256169,2.4288716284048792,32.90103741107156,0.2632643272946216,1.0551924364900182e-10,1.8718255224335508e-10,2.4953970378155223e-10,2.593309211520581e-10,5.017518335315678,2.624371916861466
N20000433,719.0,17.680101627836034,12.111376542722487,20.388148273466406,23.187607581974472,5.133081186609968,1.3130766163215127e-10,5.80019658046892e-10,2.2978802275184963e-10,3.323343516953298e-10,19.79739156193552,1.7022932241816515
N20000434,613.0,22.492721669381304,17.796438977906938,15.798253010366018,26.418154035392625,1.8665996587900548,7.947918059014558e-10,7.456644791084196e-10,4.1138276538214704e-10,5.514735804996719e-10,9.264949946296444,6.362882699363287
N20000435,699.0,6.480928172982532,44.67103631607652,13.874443326510876,20.226820182630988,2.6655545277322967,1.363447478345901e-10,4.1167737118401267e-10,2.6873189487130127e-10,3.696584133715889e-10,9.19519793263041,2.8860195402499635
N20000436,481.0,16.301442668248438,10.19222975580411,33.450352707218265,11.64267068835855,8.327393266071233,1.5625692840507125e-10,9.803174213448121e-10,2.8412958191543785e-10,4.762420235561255e-10,16.865585439339316,3.2203254730631334
N20000437,368.0,23.391843351696902,29.46041992130613,10.65392202725529,15.4695086249146,4.1225334011540555,3.6813887675091754e-10,4.3888208403838886e-10,4.666678744097592e-10,4.1373970151910873e-10,9.194399553867374,7.707373118118236
N20000438,363.0,37.15175299240545,9.369996601441006,26.32869852809257,11.129237548687385,7.844559917922345,3.281154782903918e-10,8.240086090626965e-10,2.3138437310382217e-10,3.465977773012204e-10,6.297984255410914,1.8777701543102159
N20000439,457.0,8.3458800518537,60.86098072021814,2.2087122804073145,21.668503970560195,0.44688427042548606,7.294357592962721e-11,2.47532386311478e-10,3.3712286549531354e-10,2.9701855376938825e-10,3.659329856812319,2.8097088487682167
N20000440,406.0,13.310588255219022,2.418138213724971,29.310922423867215,10.109531106351549,3.295114786533308,3.24903686393525e-10,5.964120016749829e-10,3.110055947813117e-10,3.9685366609303095e-10,37.09062841688689,4.4650767957878665
N20000441,448.0,8.11621017644419,21.254438798972505,18.967620485465996,25.26977427844773,2.5985622282719345,8.641437553285045e-11,2.1827044558031567e-10,4.278204973186795e-10,3.353585454386721e-10,22.926553530221728,0.8668405011080432
N20000442,471.0,9.804329434326638,43.51299178962916,7.916371119508995,30.857681183877066,0.7979303414537561,2.59505210298145e-10,3.2116951816780437e-10,3.1850484640785847e-10,3.6131602620055694e-10,4.361544317283017,2.7491518126608856
N20000443,443.0,43.85321768883211,7.653983988657727,29.379609312555676,4.858516544863364,2.958794170646937,1.1631527373618723e-10,5.827203927242351e-10,1.538241757663186e-10,2.9451084244842883e-10,1.016097174495914,10.279781118800894
N20000444,408.0,30.14002963278324,8.20675067726694,29.099654984178564,6.68274391017612,5.563547085299382,3.7460027707398174e-10,7.400642948828372e-10,2.0165565262989938e-10,3.2728448831916416e-10,18.93933523147278,1.36793847717937
N20000445,520.0,8.993152323869614,31.589474564863,4.906981646093296,37.72534183502357,0.8488978711239114,1.0037368647900174e-10,5.094282847202071e-10,2.8624336282244113e-10,3.218307676704087e-10,11.915276824978793,4.020874932829935
N20000446,667.0,38.45954903213815,4.1731105307387795,28.296959209204008,7.684292695946166,13.050158366326386,5.82072288840476e-10,1.1855294898510082e-09,2.8386684604443074e-10,4.3439418998884587e-10,2.77288067667946,5.563049486481167
N20000447,520.0,24.327720331971417,10.004080815961967,39.98402742759356,4.913799728543614,10.515653672307526,2.2713842225514356e-10,5.261290918272546e-10,2.5826159139154143e-10,3.6222223177770717e-10,6.841663681833005,3.4130543404151608
N20000448,582.0,7.818556181620137,41.36235920239221,19.29483920739733,21.23398903710156,3.4125151714316253,6.915713273959663e-11,1.0970280989896602e-09,3.061214947247997e-10,4.66957920459753e-10,2.664280479981093,4.213460718136761
N20000449,413.0,8.555509575721148,37.42170810936091,10.488441570546769,35.43860696472373,0.6872021405403279,7.890631071728874e-11,7.417721470106749e-10,2.3463974921281735e-10,3.3954957443877103e-10,3.2385776134098605,4.169954024302399
N20000450,313.0,30.38246742676533,5.2808421293935774,27.641789116373594,2.7081044991852545,23.84040612015747,3.9595140648643e-10,2.386484424878852e-10,5.302716124080182e-10,3.8386163070369173e-10,2.6086098775614417,7.5377808290146
N20000451,722.0,26.263405110766058,5.174376834345606,37.95402778290997,8.784157966832868,13.881018177028286,3.3321270805433643e-10,1.0915454245966384e-09,3.3909982874780175e-10,4.435131634055287e-10,3.205049806661263,4.737964319248589
N20000452,421.0,9.947395212797202,45.60653182493857,14.150791145537575,15.781319265829111,2.8467069847187982,7.675332983580276e-11,1.1793145996747988e-10,3.1606023447184084e-10,3.0375398023488813e-10,10.740278346208198,0.9269772191560453
N20000453,601.0,16.645283704392515,35.82189065962532,14.086041672584537,27.189371028824137,0.892930017800835,8.776191472037293e-11,4.182654166903687e-10,1.7004314325898704e-10,3.3034346778362277e-10,2.1075850090722126,3.2568979066940313
N20000454,322.0,9.349980109750078,44.11969922857728,14.234363777534611,21.044076494449786,2.13987452874647,2.2886200340014722e-10,1.851056954614701e-10,3.422993992282516e-10,3.5862576258110576e-10,7.724448271517696,1.3875575883091917
N20000455,458.0,52.62501635984926,4.8067332379495165,14.237963630884776,8.491347572783665,2.1259619124172517,2.2408490180229123e-10,5.947853539770019e-10,2.225196091403893e-10,2.733999177984774e-10,0.12424456068599163,17.58873272411475
N20000456,422.0,35.526516509749264,4.950977071684965,21.43138313731133,11.619221540609916,8.431660903641767,1.6538864786045815e-10,7.345677985014296e-10,4.074264655344031e-10,4.0837137633376373e-10,3.099303419801249,14.940937415485758
N20000457,619.0,38.414368425057624,2.3020471176617057,33.56695614781354,5.822328701293916,6.6584665938254,3.159388997375707e-10,1.063324355162815e-09,3.2710857358538253e-10,3.393745928203726e-10,1.4386611081654985,11.797171904136565
N20000458,404.0,22.608766218344982,18.644352287662098,33.32234763275952,9.811755605531559,6.746713705778095,3.966825893043979e-10,3.9948507144845554e-10,5.349214580722555e-10,4.405157373650376e-10,2.855241017671651,6.010823530480482
N20000459,418.0,17.942804183261313,3.5992374487452983,47.59607346373579,3.791289512112264,3.803909770413309,3.064932576938951e-10,1.005997731506449e-09,3.4684011528502117e-10,4.703165181725711e-10,15.363266251438784,7.903419368163572
N20000460,706.0,32.51685835613269,2.7864006492978044,38.01183589856026,4.2642015317596,9.7268905893396,7.542602207257308e-10,1.5636276245664541e-09,3.185436505701361e-10,4.3736849882116066e-10,0.7760871986983838,11.917725773137848
N20000461,656.0,61.0648918684649,1.9589496025601054,18.923265111251975,3.3909512587904422,4.176609826450888,2.3963585742614344e-10,7.37190610300358e-10,1.435632498042846e-10,2.5046466775461373e-10,0.18009267464747827,10.305239656463359
N20000462,489.0,46.934625788691314,1.272721475536546,31.145003474812643,4.58200820007886,11.415044359058117,2.476115573449833e-10,3.0504846927232503e-10,3.454463510176331e-10,2.95927147598965e-10,1.0526942241653265,3.597902476463155
N20000463,414.0,44.37977829289444,2.419190784532607,34.10956852913113,3.500344790379491,6.11814207966233,4.175963204942411e-10,4.308789153781574e-10,5.060924529076065e-10,3.3233031381111046e-10,1.8038426491347597,7.669132872578334
N20000464,524.0,62.19750668864056,0.7242063084295995,20.912910839850415,6.969284136873215,5.115420848349154,1.4158373953182294e-10,5.771175012735714e-10,1.9168205444807318e-10,2.42757989980294e-10,0.5937829114931721,3.4868882652107325
N20000465,241.0,33.98068877450893,10.059353281887088,24.1311971621478,19.592249784205453,3.4184611847168136,1.9974128676041326e-10,5.80562795678223e-10,5.662162524428728e-10,4.734684876096633e-10,2.8865884387270677,5.931461371986861
N20000466,504.0,51.494449063976674,9.669662655209503,20.11620707024561,5.675069525261546,2.1353231808644355,1.1086040215465471e-09,2.5252422112212825e-10,4.095909115987426e-10,3.907251919693185e-10,4.7249805289887155,6.184307973292066
N20000467,485.0,16.90656454082385,21.900837953919545,27.411547134724596,19.713832241664832,5.299569524494556,8.869121100027672e-11,2.218499233306153e-10,3.24685600678406e-10,3.733847307151327e-10,5.919455062923978,2.848193540440005
N20000468,460.0,26.478771323180165,7.7289495666660075,38.41598167554448,2.780643746860701,6.015779574016388,6.201606880231068e-10,4.5771856992283717e-10,3.3831797211351505e-10,4.254691968377504e-10,12.42118988664813,6.158684225242464
N20000469,573.0,47.019023762368256,2.7080042889693003,32.3379183815151,4.259411806722688,8.652206695769712,3.3830814439616555e-10,4.207435076254249e-10,3.8607479292278425e-10,3.53773536067448e-10,1.6837005788885948,3.339734484267444
N20000470,466.0,42.77124454000701,2.453498117680015,42.791920735963295,2.128477695092595,3.7162157711336783,4.460705674003355e-10,2.271521176520303e-10,2.1341786744223564e-10,2.8570775227351656e-10,0.7981266963120989,5.340516442638947
N20000471,631.0,67.7802354475461,2.1368236415010076,21.812820943319345,2.1785725097306816,3.509552815516595,1.7821703033825663e-10,2.205001170619753e-10,1.581312584395125e-10,2.3138406446817058e-10,0.5448236441952571,2.037170997402793
N20000472,611.0,39.86419158177713,2.882838890324103,34.7671583813144,4.128655796608899,3.2926203982173727,1.7863364094294101e-10,4.4866763909589464e-10,3.382058469532553e-10,3.175155554787542e-10,1.7206562224289335,13.343878728046143
N20000473,466.0,37.75907804107056,17.308095370899416,22.995053857926585,6.030556998533277,6.210358263636322,2.0431516329395234e-10,8.887402462299555e-10,6.730597459687061e-10,5.211642147695985e-10,1.507961665834414,8.188895799812137
N20000474,724.0,45.498358289175954,6.0709232004504425,31.92785280514525,3.748749508545553,8.256514206987324,3.1524593065219214e-10,2.853904312891645e-10,3.736171592719596e-10,3.556977765280328e-10,1.1701211954667756,3.3274807928987293
N20000475,648.0,45.75621416372878,2.060469352234065,25.255960768177722,4.075767168039045,8.51130203208131,2.3274174527126732e-10,5.119493677953901e-10,2.753330264687645e-10,3.7584207925722105e-10,0.6013680709489075,13.738918443394295
N20000476,569.0,20.575140855126612,38.98071226836303,16.49188402680445,15.887851953272852,4.044503699932678,1.8559567595186781,2.7556331084884467e-10,4.4232710972356163e-10,4.5031446688834147e-10,1.760757790188275e-10,2.1639504356374206
N20000477,566.0,9.589964491035373,30.004004845891284,7.134434246924262,46.616561036407695,2.951007823875285,0.8023379635758813,2.8354541563631904e-10,3.419368809693794e-10,3.4336679662637845e-10,1.295971207944536e-10,2.9016895911917597
N20000478,618.0,14.399427398510422,40.97658232117631,15.650464704416112,18.38980797256948,4.96305923831121,1.0144661756508615,2.331069291163091e-10,3.4674471042172157e-10,3.195025041308263e-10,2.559797180253122e-11,4.606192188440668
N20000479,382.0,5.712892572117765,68.69688423012971,2.948995856927636,16.801593417503945,1.3159901851048443,1.7962558750399,2.2212901084548203e-10,2.9416388904006404e-10,2.53549425149677e-10,1.2262868898649003e-10,2.7273878622837424
N20000480,478.0,16.359412899875984,28.733033154498607,14.023701266702885,35.312026478989026,2.9403765243120445,0.43043232212403554,1.6760326394432184e-10,3.3493671535013866e-10,3.3431145692759043e-10,1.7221426654021107e-10,2.2010173524883614
N20000481,661.0,10.934478678398815,44.37398428481924,13.348209672798864,25.446135738828175,2.6153978587985645,0.9218774410175702,3.040629149433574e-10,5.523242647491745e-10,4.1342813532106856e-10,2.4696014342651596e-10,2.3599163238219987
N20000482,777.0,26.730524692806956,19.421469184561914,15.816604779143702,18.142737157298882,11.08674653771027,1.4962959158654092,4.642789694467175e-10,4.810668400410171e-10,4.3595795636212897e-10,6.941597900039775e-11,7.305621731162129
N20000483,682.0,10.997201745789791,54.340581370063276,4.988137209691104,20.724905016103513,3.0511761168611238,0.4433099327286186,7.586062485314955e-10,2.6259190712823933e-10,3.0616585122469524e-10,1.2008081170309298e-11,5.454688607423183
N20000484,551.0,2.9270763587189648,62.34110212745689,7.66106101060031,16.543552863275053,7.366861333661366,0.7789059559232779,1.727815970417748e-10,5.089315111725494e-10,2.9990552681179796e-10,2.7936675489572665e-10,2.3814403491031566
N20000485,632.0,5.110578002405051,67.79128318744692,6.218116920564701,18.32847979417266,0.8036376395100516,0.327003640624456,1.3665917341906878e-10,2.438476415069368e-10,2.2628593592765288e-10,8.476138179206286e-11,1.420900814584607
N20000486,573.0,9.609151682034993,52.59154119130118,7.915849979629336,20.661561802700795,2.3512569417293165,0.7726813024262802,3.28837511014081e-10,3.20991565519396e-10,3.458799242957191e-10,8.509941800981006e-11,6.097957099097302
N20000487,540.0,3.6224371050873985,50.08873099256298,6.609236031053636,26.62359155304127,10.68704807596107,0.7391490047056408,1.2217377363125643e-10,6.055127499373386e-10,3.3464380893406033e-10,3.229388539966211e-10,1.629807236202748
N20000488,544.0,25.221680336083068,18.861364055373986,26.05604917188845,18.594259640869925,8.462456311361231,1.11431161831716,3.016881200577355e-10,3.752159965742522e-10,3.9082731377900637e-10,6.71231037462383e-11,1.689878864971323
N20000489,443.0,6.870886134149355,50.18794729754428,13.304582401458894,18.09866770044238,4.391761050871441,2.853815836265503,5.112454666080937e-10,6.322764135607451e-10,5.157678089522306e-10,5.542891939662947e-10,4.292339577054565
N20000490,786.0,4.1501086314819275,67.07313004879822,1.3091904302915494,19.527323830008942,0.5206700384362374,1.4261584806524235,1.7539919463666696e-10,2.9570335537013e-10,2.3693713754190634e-10,1.1971125084771382e-10,5.99341853950295
N20000491,437.0,5.289387255101168,74.84381219314908,3.3868371289014836,13.231667049084109,0.3881771800087123,1.3847105735480465,8.56065713267905e-11,2.5908179119798196e-10,2.0233473295695342e-10,2.282098762296206e-10,1.4754086194321738
N20000492,529.0,6.9178768001667015,55.719093453560745,8.440696561649116,17.943150335313536,6.050063843558835,2.790447032868333,2.564287937602322e-10,6.238421497647624e-10,4.109593152572129e-10,4.200678829931801e-10,2.138671971171425
N20000493,593.0,1.4340581830614902,45.62317123628651,7.6295538344287985,27.633134645424867,12.307429172963372,0.4665249123261232,3.8697536999008e-10,7.970934524642523e-10,3.3188116545723806e-10,2.674393625658828e-10,4.906128013725468
N20000494,615.0,2.320812494887279,74.70989661092548,1.1913878778874039,17.735994966108578,0.339644007510207,0.6427131556940113,1.658382932803038e-10,2.794583327638838e-10,2.1231221139791426e-10,1.6766759198360242e-10,3.0595508861617526
N20000495,650.0,9.214409496624217,45.86091154085603,7.980365848906317,28.69342418591784,3.133188393930934,0.4693604904672179,4.749894818290171e-10,2.848704241823294e-10,3.742842987193814e-10,7.671319719714113e-11,4.648340042086569
N20000496,671.0,9.694140378933275,42.871710070477505,12.704068413072472,18.697142991863675,6.821745054010192,2.0456944140629063,4.0273482420984585e-10,5.451076168053593e-10,4.264323289398329e-10,1.6230546714505293e-10,7.165498676043401
N20000497,467.0,7.7841134018426805,61.124449696868155,6.249718089656948,17.08650424692017,1.0296751009434426,0.10609740893357926,2.378641589880103e-10,1.421704727201558e-10,1.786938915971784e-10,1.0543700886160269e-11,6.619442054265755
N20000498,491.0,8.940916099429064,65.1974052333193,3.446713786050309,20.640844582758415,0.32701823077531306,0.8778465757201112,7.879494979316325e-11,2.0335214973874536e-10,1.754716061498901e-10,9.302835265449342e-10,0.5692554905595761
N20000499,556.0,7.479214847532117,49.16569841371469,9.220691777416057,28.084493438995857,2.224211881394813,0.9465402167126765,2.918718498356183e-10,3.0136657030665564e-10,3.6821445462379966e-10,1.7318618216898936e-10,2.8791494230991486
N20000500,398.0,5.944017237785655,48.866023225846824,14.529540772415745,22.095816089985053,3.890587094770032,1.3947118960089524,4.4188599395255366e-10,3.927619468190307e-10,4.189909049924827e-10,5.290124842188597e-10,3.27930368140509
N20000501,548.0,67.42924902227831,4.266716426980207,7.23927614451801,2.30233693211117,2.3837792410418692,0.7482028262924215,4.763894779555187e-10,8.435495713924638e-11,1.6792600919253652e-10,1.8229056112766324e-12,15.630439406047511
N20000502,449.0,61.78834431250115,4.784420084369699,14.495030074716755,1.9432942217170637,10.278971240920358,2.080899412736405,3.4732592344974847e-10,2.0399961084218687e-10,2.1704837984544602e-10,1.5064318908201618e-11,4.629040652255127
N20000503,407.0,3.957996027353846,45.30630906168041,9.650129853672688,29.947548943490787,4.441656588156553,1.5024425595131725,4.064537205719498e-10,1.1016947815523632e-09,5.896484331311085e-10,1.1177752398237505e-09,5.193916962916998
N20000504,356.0,7.8610297601968275,74.86559544591277,5.085178535790645,10.656135375922402,0.5563646065462469,0.6629547908514967,2.92516022026027e-11,1.290610669589959e-10,1.2977396251505565e-10,4.889208737543876e-10,0.31274148400257296
N20000505,342.0,4.85992290597104,72.95890195224942,3.6845605850011536,13.696279827115038,1.1308287067856244,1.0984709331965836,1.884950096651134e-10,4.340404622665137e-10,2.741260741177123e-10,4.885758690195878e-10,2.571035088295899
N20000506,502.0,5.223891450857154,84.40084861091721,3.7942194325849963,4.72549270273546,0.5317234052010701,0.2076066986466707,3.8533408778494446e-11,1.0922797074867511e-10,9.883164876580715e-11,1.2569577286267442e-10,1.1162176986851462
N20000507,660.0,36.19136984974526,5.597912063636292,20.813688054922107,2.6616915042260625,4.49167056955058,6.658430778153668,6.355824708663551e-10,2.8715110642686887e-10,3.50719679880737e-10,3.0629320251542694e-11,23.585237178461963
N20000508,388.0,6.694966875067306,43.89497918381567,8.898537622005351,32.79099842793175,2.885322064495109,2.856085842082803,1.4025511181212002e-10,4.4538570767307995e-10,3.5431348319385574e-10,1.3068896809033425e-09,1.9791099823551535
N20000509,334.0,3.8170369508995807,50.27681590209606,3.866946019209547,35.709770644455,1.0128515572753034,3.126405838671638,2.619441470790188e-10,2.936370209361442e-10,3.4621810801169917e-10,1.9045337882482796e-09,2.1901730845865384
N20000510,619.0,63.18187285159203,2.33781378545461,13.03370523806665,3.494400803424893,8.038969945566905,2.890715490173088,2.2331482740290368e-10,2.0278444742499362e-10,2.3703156768107667e-10,4.057150230577558e-11,7.022521885018109
N20000511,535.0,3.2900854255229666,76.42563486713212,5.59296656630273,10.117785014638999,0.9116599118098722,0.564528994062203,1.4552709396582814e-10,4.513658117706419e-10,2.8979525864287956e-10,4.684937709143743e-10,3.097339219175912
N20000512,513.0,16.24311487923114,55.62373657379499,7.007143903250901,17.30539743004187,0.9285834409984307,1.0665274878998394,3.830116582211029e-10,2.7982679369266275e-10,2.894831370945669e-10,5.034034107316714e-10,1.8254962833271007
N20000513,384.0,27.950690735082645,4.231233046213776,28.46665728158797,6.695940033992787,24.895964722635533,4.277684494345892,4.2140809382168534e-10,2.8896742045387676e-10,3.674204069226672e-10,9.669594107112977e-11,3.4818296849669146
N20000514,487.0,38.87558627423314,3.9228495516262805,27.065900080503784,4.08999701021572,7.703428456456635,5.339949063206452,3.700651926376944e-10,2.7001962810617063e-10,3.553578298721295e-10,7.585178768555103e-11,13.002289562686679
N20000515,526.0,25.968520864662032,19.406345188915363,15.401659017372282,16.24871827408223,7.822866079485837,8.211118513048456,3.71653913650951e-10,4.987778602584742e-10,4.641676661554935e-10,7.641611496818133e-10,6.9407720603350365
N20000516,473.0,4.882675361983776,45.866156925713206,3.524208422292997,36.48327573971199,1.1715418983147554,1.1710526337382834,1.888573505048786e-10,4.4214307090352764e-10,3.192044554409494e-10,4.650642235863367e-10,6.9010890168297285
N20000517,494.0,27.209039699494703,4.062000496557055,23.511721973649983,2.3119924696127794,5.959131908898095,5.18803385205285,3.1427662098591834e-10,3.449916513152006e-10,4.1967327440157305e-10,2.2355316760526213e-10,31.758079598432047
N20000518,458.0,48.16095729126279,0.853612799387865,11.399345490162952,1.636469717642711,12.80656997418254,2.7275775397759032,2.1589976311093459e-10,2.6388363343173854e-10,2.327490140641312e-10,4.899054779144054e-11,22.41546718682373
N20000519,315.0,51.01025935008428,11.833453580364612,10.658078726336763,2.3974366604525588,4.519916807697634,9.835142647365592,1.3696525238372194e-10,3.920394999795446e-10,2.8807515707732145e-10,1.1844509145851356e-10,9.745712226763024
N20000520,677.0,57.465708505855474,1.1652030662041413,18.933536325300796,2.078675082270281,12.669878333459927,4.3651461390222535,1.897028664525412e-10,2.123149195425241e-10,2.5284066818799724e-10,6.236738344587811e-11,3.321852547169884
N20000521,675.0,49.57771845958669,6.3018331841985225,20.33836518669993,4.891899088402701,8.283171188153963,2.020615896605536,7.539335333060058e-10,3.4608531196069307e-10,3.7374780917959326e-10,6.85849258840245e-11,8.58639699481032
N20000522,497.0,4.5532876239312055,71.69482892111951,7.636251874570799,11.458048181395668,2.218393711823312,0.6651651080884805,1.3196926874195868e-10,4.2931217893187417e-10,2.590212886524005e-10,1.743276064826976e-10,1.7740245780763997
N20000523,447.0,47.37622067024452,6.541193215600207,24.9031117296506,2.911371086402971,5.685491057305142,5.147752349141231,1.5908137163763712e-10,3.0878206953330414e-10,2.9989831043539364e-10,2.236124495239917e-10,7.434859890663967
N20000524,521.0,10.808317633234617,48.58120607031942,1.8400955097263114,15.141621258398066,2.289882507855252,0.9588879372295118,3.49064969714597e-10,5.216510250476379e-10,2.957322670879416e-10,6.347612587886798e-11,20.379989082006887
N20000525,410.0,20.4488101319241,39.189196499428355,8.263552337675451,14.492904092265723,4.535761941777714,6.0837721849183595,2.348043257096787e-10,7.675119140729384e-10,4.972264004013421e-10,1.1539353342819024e-09,6.986002809356825
N20000526,340.0,60.29504990154935,11.011437336365221,12.806532631139584,7.826357789956832,3.0591819930431385,4.269392157632606,1.9058430190611897e-10,2.439526448083132e-10,2.532774859390183e-10,1.0427351195938062e-09,0.7320481885827201
N20000527,527.0,35.35088404383263,8.917586112600741,12.452303009142577,15.55558115844321,6.114943498017436,14.563423807199188,4.772332072494268e-10,3.72454045399916e-10,4.253713313001296e-10,4.075714709008665e-10,7.045278369081602
N20000528,417.0,3.6552321749282934,69.4484259310208,6.209105605280684,12.294636505533695,1.6330950605885026,3.7027959208749914,1.777735366962111e-10,4.3324811794774477e-10,3.3124352487503263e-10,4.1507854966344195e-10,3.056708800415684
N20000529,459.0,35.007269934006544,4.515729972901485,31.45809260989509,3.1199359961761335,4.744406046763358,6.630066134184583,7.239602709212833e-10,2.818330084368706e-10,4.658489586470759e-10,4.456795204251855e-10,14.524499304155485
N20000530,478.0,12.682458946585983,54.1191910254231,6.397161980556061,17.258257400104785,1.5163993683032386,1.0013265897896868,4.6150440596186675e-10,2.215132819167014e-10,3.1344937870453783e-10,3.2538240403034025e-11,7.025204688208146
N20000531,409.0,54.223661912120235,1.1646815058752096,18.704155485480275,3.054520092464974,11.926682462943063,2.735496898933201,3.6648002659140174e-10,2.9039316787219164e-10,3.2132480931031124e-10,2.0173900874514822e-10,8.190801641003123
N20000532,260.0,2.8647937815241606,87.30903792329381,0.690072971901042,8.090898992407569,0.24848754472878484,0.19741763276091676,1.6723047833331327e-11,1.8501666445114822e-10,9.314540521733271e-11,3.8554540558585184e-10,0.5992911527032975
N20000533,337.0,24.533092302190664,3.1757566213968844,36.3175069036705,2.011475290834373,16.03982810168389,6.009384075962945,5.451508755205548e-10,4.215712173441884e-10,3.8667913767319734e-10,3.038771326696756e-10,11.912956702603465
N20000534,389.0,21.90934451628298,23.813927290140647,21.353544645433335,5.812074874462324,2.891009202358431,12.315529840006597,1.7605209397158912e-10,3.9903516453332085e-10,3.7560009902007553e-10,7.799732445081077e-11,11.904569630286984
N20000535,481.0,6.722018090232231,60.02861341153557,6.1875109791014005,21.36028835421877,1.4259633629138146,0.9581754647726468,2.4977261961626553e-10,2.3184949633620112e-10,2.6836071009004766e-10,1.5445943401440444e-10,3.3174303363211344
N20000536,851.0,11.224404752391415,34.8901903944319,10.528931323374428,30.51819622633668,4.535517332921192,1.9650766650563656,3.813619707325318e-10,5.40232887010982e-10,4.535665388773999e-10,3.078876077416935e-10,6.337683303804987
N20000537,497.0,40.656988962770605,5.474869664426399,20.863764473947537,4.489541992321466,9.792687404525955,8.604695249090803,3.9523920127676307e-10,4.4893270067621457e-10,3.4873980304317014e-10,2.636439089719744e-10,10.117452251460703
N20000538,689.0,9.31556559258583,62.48485488395775,4.115016820056545,18.712957100469804,1.2736075128983362,0.7385711595744155,2.6726613189213173e-10,2.4307620698131755e-10,2.7531012936088563e-10,8.629791323950789e-11,3.359426929585357
N20000539,432.0,34.82477567159291,6.462651430201065,9.873358660491991,12.527773577989915,3.434288556263101,19.212220905487587,4.464151407763778e-10,4.2827082148089586e-10,4.810708418894045e-10,5.152615414719681e-10,13.664931196102422
N20000540,453.0,36.63576626520791,9.29359865242459,21.51741809971067,5.453692310714896,5.519912571047147,15.148875926733925,4.658767234684925e-10,4.2710051793768006e-10,5.068066859117799e-10,5.921396362173624e-10,6.430736172168941
N20000541,486.0,3.0016037877486084,80.89598460523356,4.81378633888953,9.474259887974144,0.5925335698368788,0.4678320084085393,4.491974025447384e-11,2.333047148072916e-10,1.5263964813845376e-10,1.4404012352138257e-10,0.7539998013338336
N20000542,494.0,45.26039164459076,2.6982048990357614,27.815248012289512,4.867913886406707,9.489929917052986,4.515552351449888,3.7018075966972936e-10,3.466220390523407e-10,3.527268662087162e-10,4.441774899872455e-10,5.352759287660684
N20000543,509.0,3.0648514084111786,75.8073948937582,2.5960551659837234,10.524639848994243,1.8035884328464327,0.6528294381164917,3.1151430116332755e-10,2.7645031683005823e-10,2.528288823296601e-10,7.807535525472355e-11,5.550640810970863
N20000544,540.0,40.04979652107174,5.063600983181486,28.88902967994183,2.736649482193048,5.808500571769555,8.176123838776652,4.91691453040783e-10,4.3181944820611677e-10,4.349192714891488e-10,2.3089133048802226e-10,9.276298921476354
N20000545,450.0,47.74061433181554,4.744575938905894,19.31345435354814,3.3850222995885164,15.854628623469017,3.505975054966782,2.3180758903507028e-10,3.5738487715959773e-10,3.032747465156933e-10,1.6588416917831734e-10,5.455729396647762
N20000546,297.0,40.88023604637065,16.74317630923762,18.755875587863194,3.1582007516701758,3.697626287104999,13.442906087266582,1.2638266777147385e-10,3.6456586225531955e-10,3.0469485945360827e-10,9.71957812421269e-11,3.321978929593935
N20000547,548.0,44.87018299750037,3.3552138728755017,24.239580198773876,2.2788773509562645,7.021510067203766,6.783749708834924,4.2122019091020735e-10,2.989046218513868e-10,3.157765403383149e-10,5.2484060449938284e-11,11.450885802766901
N20000548,488.0,53.802074531476386,11.624531383904847,14.22674360409407,4.097140935105393,2.9121069323867825,10.50029446488157,1.4545997033297975e-10,3.075205849452019e-10,3.0084725949460174e-10,4.4033454799087654e-10,2.8371081469568042
N20000549,638.0,43.59119224952201,1.0397799977420132,31.888469397903435,1.7142429384741749,10.788536114999395,3.617523071346438,4.897392055855288e-10,2.9836484937609725e-10,2.968314234103897e-10,7.675842342602817e-11,7.360256228850844
N20000550,498.0,65.56269674919302,3.6643573618039373,13.704151228594771,1.9032319583362944,7.263244698043962,2.5752502396967905,3.050129770951601e-10,1.4027973121573526e-10,2.2158005512371816e-10,9.065063159922066e-12,5.327067763655278
N20000551,624.0,38.89415699291456,3.1544220783080896,22.062664877004526,4.517082752310856,10.299161269978681,12.600971286875998,1.4392408590921083e-09,7.044637522942206e-10,4.810528526162191e-10,2.0140656348951835,6.457475105087351
N20000552,624.0,38.62035140532824,1.3267553488284,36.150458897208345,1.6467037164159783,7.158312038933948,6.986802879294847,5.771781992086687e-10,2.391560548707953e-10,2.673503701068428e-10,0.27575635561702866,7.8348593572895435
N20000553,711.0,52.64438523397793,3.5668452002179913,23.65481144857554,1.8719456571168123,4.085404767867288,9.161047294460582,3.85569403613265e-10,2.5962016233512686e-10,2.91847684920996e-10,0.48930705995000773,4.5262533368968105
N20000554,477.0,46.55087838324593,1.7365854590412584,29.745808912410716,2.093779305938669,4.122741947723382,9.86780572345408,7.932687826040357e-10,2.1915489791743917e-10,2.9159579710753904e-10,0.28842351548610745,5.593976751395832
N20000555,513.0,33.65146749361709,1.4382712866716751,32.732008981705185,1.8053225521969192,6.626509589040719,20.262527987434247,2.70598973520015e-10,2.6792406086815535e-10,2.7901009306071746e-10,1.5668899410286663,1.9170021674879494
N20000556,321.0,34.28922757512474,3.374253535168496,27.114998384366167,1.7067530498483812,14.162914481235896,14.292908043954464,3.5422126551633187e-10,2.4234344273144627e-10,2.6485604361208064e-10,1.0103808795429725,4.048564049897465
N20000557,440.0,32.05776004074774,0.39916427388095527,37.08790723848722,4.660000486442026,10.854182877039397,4.728132193175019,1.1696704029482946e-10,3.042791697117246e-10,2.7337664886617656e-10,6.860494996023834,3.3523578935091907
N20000558,715.0,53.62217546583381,2.5890232505612056,24.443412821222804,2.283341147689096,5.1546406539934075,6.87861850052017,5.428145147323887e-10,2.0540465701843623e-10,3.0272785927757807e-10,0.40663551853955043,4.6221526405890225
N20000559,462.0,32.67514531090529,1.3987237899910598,28.30033535661834,2.0482871525725375,10.57745434001181,22.699383568381197,4.0593691868715753e-10,2.617444539074179e-10,3.056312618687091e-10,1.2531416869909573,1.047528793555489
N20000560,322.0,34.69316613163706,1.5197653800332218,44.275996909256314,2.0815399274542936,4.102588796622743,7.456674641685633,2.1564598746091286e-10,2.2430562168600934e-10,2.5326539159832675e-10,5.031715912632518,0.838552299985008
N20000561,776.0,35.05975240079698,0.476209723123359,39.41074079349691,4.771893979392862,5.088466967919656,6.6790793354870415,8.58152435136846e-10,2.3251476261478865e-10,3.432786053628028e-10,1.7388239738452165,6.775032824504029
N20000562,435.0,42.10817520187884,3.5191061336441307,38.59367038659749,3.8228769762880894,5.129139729393964,4.774884726968985,2.2059474257963404e-10,2.69567975112089e-10,2.773675257372054e-10,0.8736508803095101,1.1784959641514658
N20000563,701.0,31.80062028205331,1.6658831215210435,48.00964907707174,5.473428402098363,6.640774445102755,2.9780619454852175,4.015065590426655e-10,2.601258104908693e-10,2.9318002306969714e-10,1.835727757262533,1.5958549684502283
N20000564,560.0,47.361983710159194,2.244237457077357,29.403760266334782,2.47034934528957,3.931191146622325,10.966856722378605,3.595347308674904e-10,1.8009434365937214e-10,2.9194991812586057e-10,1.0287091924766467,2.592912158829948
N20000565,572.0,31.521094451056857,3.016404697563051,32.42586665802447,2.12777491752787,11.0121239759891,10.937811211976483,4.2338747073219647e-10,3.5858842814272226e-10,3.5403101899534413e-10,1.2521928400018456,7.706731246724306
N20000566,498.0,33.645814519827724,4.901549988872134,21.739395021362263,2.8548097069717,2.5787549934909544,26.55096671956043,3.9273352957214264e-10,3.0261417238264233e-10,4.0974914808958165e-10,3.220866747480136,4.507842301329567
N20000567,684.0,31.963713843222635,3.59822517655863,32.13016615304933,3.434211183127594,3.009027767514314,18.11305047345426,1.7678582424956278e-10,2.8663808506709283e-10,3.611715356755196e-10,2.831138043224999,4.920467359023642
N20000568,535.0,50.30771063523236,2.5061342671644082,29.282306538729173,2.4589675009439693,6.587941589000066,2.549130658445785,1.0500706427399938e-09,1.7534901280140837e-10,2.6472041970316495e-10,0.09803709868274374,6.209771710311354
N20000569,684.0,37.856797816995844,2.251865529970034,41.960349797585025,5.3258782697058855,2.5366985714825865,5.3234987505770315,2.1238509830762064e-10,3.2652922336920703e-10,3.0810769474201814e-10,2.4554833789632147,2.289427883873371
N20000570,434.0,32.06404477987676,6.5324968028980965,23.08593545188952,4.289714945173341,6.042218537607531,15.661201600032648,5.231889440182467e-10,5.213249296194314e-10,4.630159114324071e-10,3.278396347376991,9.045991533637569
N20000571,620.0,25.363991909438173,2.41144932462952,24.727189799587336,11.058206395617278,10.522700684665768,4.052773011556842,1.1391631615540571e-09,4.0200265585374624e-10,4.288949693738662e-10,14.205792080477874,7.657896792057133
N20000572,733.0,55.70076560856558,1.4101011957677752,27.714390582055753,1.7165986048591375,4.433498770717308,5.587036446534306,2.1523830606368822e-10,1.6972184728598384e-10,2.1939309354497148e-10,0.45860214545893746,2.9790066454368525
N20000573,727.0,35.400404602848724,1.764160032472815,38.74871692206599,4.275256162972569,7.95350241922836,7.617612083359697,6.257174229446064e-10,2.1969943791444184e-10,3.2844509125544617e-10,1.6604504077113915,2.5798973681665984
N20000574,726.0,46.74577547467037,3.794719468767666,21.420780672610306,4.066162788985354,3.7422660229366,13.796359949583545,1.9533308287423478e-10,3.288485559865734e-10,3.105117821340128e-10,3.5716637869462784,2.862271834665188
N20000575,594.0,35.830010954500615,2.9049733850048023,32.25080321455997,2.19646619810737,15.003504178357208,8.34053483147086,2.2219533513598014e-10,2.749528798846626e-10,2.9255811304833445e-10,1.2168012804477288,2.2569059567617304
N20000576,597.0,36.911034897433105,0.7209041011315431,34.57086100322529,2.245122233950859,14.252496373126933,7.654150913843011,3.0438321134779374e-10,1.856990115449147e-10,2.7721050689672767e-10,2.4178698070079014,1.2275606695140644
N20000577,488.0,36.150605030524275,2.3174875433705213,26.010463065556326,3.46580557871735,14.054064245355985,12.934088190440502,8.671755205254186e-10,2.5174535846987535e-10,3.571407507581179e-10,1.0244925143792096,4.042993830179773
N20000578,603.0,19.29080339306553,2.5551705516640077,32.68610788727827,8.707189538468603,19.330596448004695,10.58779387147839,4.878576941927972e-10,4.4508837469813854e-10,3.895015576753656e-10,3.0448366279623817,3.7975016807556687
N20000579,608.0,46.38138807351756,2.3575383051385645,34.144604547258425,3.3801709029990445,3.459679362574185,6.556345627706796,9.933817312261809e-11,2.5168417810325305e-10,2.6271989867259165e-10,2.6535934444045153,1.066679735787162
N20000580,796.0,39.802485282534676,4.117816044948158,41.47067334513705,2.7858704119395727,3.2941208846159977,5.963447899584869,2.1915571859685578e-10,3.244382535065711e-10,3.1251398109511965e-10,1.5968756337449646,0.9687104966386038
N20000581,421.0,50.25484497950606,1.798400088641259,26.686572851854308,2.9669706821129074,2.7301290859997165,8.34927904538432,1.7750335943394925e-10,1.7913868461664945e-10,2.5884723030866793e-10,0.7077988649786506,6.506004400907281
N20000582,650.0,49.597928928949784,1.8336229696942972,30.016946418028574,2.288957128790723,5.8619897840671245,8.056464112890405,2.9451257210065393e-10,2.372144726072587e-10,2.7367451855438594e-10,0.5169539549612692,1.8271367018124114
N20000583,517.0,42.86936524273137,7.685516773130647,22.57927804010679,4.8393924069084076,5.333141210704887,10.100749826220952,5.559285161273529e-10,5.078498067938792e-10,4.198611906824424e-10,4.342939105098813,2.2496173936144963
N20000584,684.0,36.212550769005624,2.9963400891582666,41.03945493774889,1.7843310190220154,5.837448109796671,6.906390713202222,5.051922141358888e-10,2.09718367853879e-10,3.4397446042466943e-10,1.6013216339950873,3.622162727012329
N20000585,479.0,38.56379444176514,5.188526351267069,31.33838627083914,9.26044807797319,3.8519038577437366,7.529360684485951,3.052713379422973e-10,4.092634537898276e-10,4.141926304733543e-10,1.766809426695486,2.500770888101558
N20000586,546.0,42.1806759844199,2.136129108289868,38.021424568456,2.267061337536562,3.9833458095562864,8.46504604415877,1.66836335150564e-10,2.6759459803258237e-10,2.670172411650054e-10,2.422010294806425,0.5243068520747254
N20000587,746.0,54.621777552293736,2.1934050213193212,26.575744161178456,2.6978028046113334,3.6152141589268223,7.152878608071163,1.9798072757987208e-10,1.9896651470353554e-10,2.5634391042480554e-10,1.5040201850901431,1.639157507855719
N20000588,556.0,58.86365917824047,2.63583467258204,22.092904487943628,3.1986620619479655,4.493364421497592,6.388526263226284,4.898096853380643e-10,2.570454409054665e-10,3.076496272407815e-10,1.0533619362106414,1.2736869772968868
N20000589,457.0,43.46748940062144,3.4924877500695053,31.42819911407627,1.750179873322468,2.437941299547814,11.51317464919066,2.14498823567453e-10,2.938047172904836e-10,2.838588447688942e-10,0.7991807461735032,5.111347166206171
N20000590,454.0,40.63120214802766,10.577012091351309,26.54172201182564,6.241619097345027,2.305526083006415,9.057290258835076,1.8437260401795994e-10,3.786865923874063e-10,3.701972977055716e-10,3.5286127858653655,1.1170155228102538
N20000591,451.0,50.021712274326354,7.045797968061803,26.513604449775308,5.473092796518849,3.4742980777510666,4.453926894182654,4.173531962447961e-10,2.884643394331192e-10,2.9232705021485727e-10,0.24660151341740466,2.770966024968423
N20000592,654.0,41.38134942898933,13.698817812604847,32.34586538393858,5.1741053973455395,1.6306167374570908,4.006473528457062,2.3141314351637124e-10,2.7625625378716654e-10,3.136206199734044e-10,0.7078394255489969,1.0549322848372837
N20000593,609.0,41.792344280015946,5.455132987539895,30.440857871629888,7.774238526678971,1.4711678312584056,10.340628101116463,3.821234569212635e-10,2.9130719477150507e-10,3.500644001369273e-10,1.514570405231032,1.2110599955059085
N20000594,410.0,31.95024280312554,1.502638554488455,47.92292061775348,12.914364740535007,4.350163787785025,2.1303246050811015e-10,3.3036856332467154e-10,3.2297040335550566e-10,3.6319251466188517e-10,2.959126527887948e-10,1.3596694947870283
N20000595,614.0,22.85848470358575,17.70122804121998,34.196231518370716,13.57582694342098,6.955066790767468,3.3679831537368345e-10,1.019920814497657e-09,7.135044380764875e-10,5.863682872481944e-10,3.8104861351652434e-10,4.713161999597455
N20000596,454.0,12.835121240881698,48.11162579278147,19.297200562256638,17.10803232473374,1.6194992393630578,1.3128286922527856e-10,1.721851603506746e-10,3.2394682141039134e-10,2.9310492550514583e-10,5.13253499793032e-10,1.0285208385496383
N20000597,336.0,10.133864266289198,7.147200310195373,20.355757272402222,55.059919157822875,2.3940059870726755,5.799363027373474e-11,1.182503483201994e-09,1.5521781823674656e-10,3.0501745748531656e-10,4.99541317118964e-11,4.909253004466976
N20000598,496.0,23.880555949083547,31.927126817122513,18.64146484560437,21.545025941002653,2.2216520598458467,3.249422568719653e-10,3.8798146146472436e-10,5.749896911156456e-10,4.644516158259617e-10,1.3063678652226872e-09,1.7841743842823377
N20000599,491.0,33.961312777602906,6.4507355242668485,36.051765185562736,8.811343140629123,8.610058106568795,9.090877854181818e-10,1.1129175208643206e-09,5.917898641271003e-10,6.380545221062788e-10,4.061390385682066e-10,6.114785261711604
N20000600,542.0,16.020555760278857,25.517220402787995,26.361143672178773,23.1433938065326,4.4746589097036455,3.9942775986728464e-10,6.962857545947256e-10,3.9383402408258367e-10,5.400792479703099e-10,3.7469774284198116e-10,4.483027446113811
N20000601,446.0,34.49366898797498,20.22780402916956,30.93591521677216,10.524111204848898,1.8921973948961797,2.9675012098131895e-10,1.6587301499411687e-10,3.559861724294196e-10,3.474135639941486e-10,7.149928007817944e-10,1.9263031644572135
N20000602,473.0,34.26655195228886,8.974895656002108,36.72209789702777,10.608361588186598,7.213155870896569,3.690681488846516e-10,2.9993066357116087e-10,5.234367696950748e-10,4.730972689083761e-10,6.138878240456869e-10,2.214937033318664
N20000603,605.0,62.49580713718981,3.1899784948540066,17.463070626535824,12.262233617182675,1.622550791646872,4.2155602824516434e-10,3.782288490066559e-10,2.9558852311076457e-10,2.8974422340211234e-10,1.0143862539224314e-10,2.966359331104253
N20000604,301.0,13.90791079039323,0.10727748932446866,68.27231876701644,6.958079731202171,7.767800788956136,1.5628643622455394e-10,7.004724873891507e-10,2.688779562704701e-10,2.564843481026682e-10,8.746196433332127e-10,2.9866124308508093
N20000605,391.0,11.873006460475628,15.914509654922849,45.245146431876016,21.104378178405227,2.479452192893909,2.4408596876118295e-10,2.4873367815186845e-09,7.231473912688829e-10,6.762103803282253e-10,1.1789191354203962e-09,3.3835070761166812
N20000606,400.0,22.439220443855817,18.306284693146495,30.253192972839315,20.468081678072426,6.454185894685563,3.4011985109433044e-10,5.634083233892365e-10,7.068936527171259e-10,5.84440549687185e-10,8.530054693550173e-10,2.079034314352507
N20000607,305.0,22.49163945344571,12.880793949462216,37.72932300045173,10.1457886046827,9.830186916623555,1.028751473620674e-10,2.112523610687013e-10,5.840282238268986e-10,4.257863958344785e-10,1.0262437319318659e-09,6.92226807298391
N20000608,449.0,12.463564722210387,1.8467769909648153,67.9389892973982,5.422607807674654,11.415918788618255,1.3830614662941824e-10,1.8605239456090698e-10,2.9453255960366256e-10,3.1638294237976033e-10,1.6294743619003852e-09,0.9121423905689554
N20000609,632.0,10.686305911571878,2.708355235296002,61.83860927140454,12.912690459714419,10.8462473266722,7.324269660836065e-11,5.202187363455121e-10,3.133266586276682e-10,3.970607831752501e-10,1.469667758186566e-09,1.0077917925674336
N20000610,543.0,20.322611338249295,5.513308822354692,40.25765103733516,8.074094105437585,22.655811141616596,2.932869121585645e-10,9.78956978843515e-10,6.178159932108082e-10,5.05884511250567e-10,1.2645216249023726e-09,3.1765235513462073
N20000611,411.0,21.564864740446072,16.94729142983916,39.95607455746277,12.953328135916871,3.7139641043145213,5.473819591080002e-10,5.116906034640799e-10,8.197848793545872e-10,5.594756420065405e-10,8.006957059734877e-10,4.864477028781574
N20000612,456.0,30.248186982763205,32.307583498468794,20.928822827097466,10.481843681183701,2.6521504980999775,5.590323795742518e-10,3.636630136292788e-10,6.183783465273036e-10,4.979130512593712e-10,1.0588743218869035e-09,3.38141250928898
N20000613,328.0,19.33030228461798,4.285843121786598,63.48742436194739,3.0208294740335284,8.83121812080887,1.3528275377623547e-10,9.142326207587485e-11,3.9704568031283276e-10,2.8630612486456455e-10,7.205077003729256e-10,1.0443826351750847
N20000614,782.0,23.461323295023305,7.23959297528219,33.181159869577655,25.587459741042245,8.793316692594919,3.532520447816738e-10,1.1975165371704948e-09,6.217120598678521e-10,5.737417724087738e-10,1.4348724582649426e-09,1.7371474222985985
N20000615,412.0,14.104425189657741,22.52726915234762,27.14923514786055,20.77035853767504,3.338199985741003,7.655923608599544e-10,1.5580238145036404e-09,7.78805090674899e-10,1.1168255154272118e-09,4.626969552116441e-09,12.110511977871823
N20000616,343.0,28.05055717435704,31.14158216235451,19.298712090610078,13.554368654140475,4.200584225406706,4.815205426958795e-10,4.3808586177115184e-10,8.600189492356972e-10,5.689160801263423e-10,2.2767202001271116e-09,3.7541956885059404
N20000617,330.0,13.272654305409812,7.108137281119369,55.00840161480761,11.934050180293902,7.1476981591347775,1.0865728681041477e-10,9.594376163432933e-10,3.3071047806215644e-10,4.556139637390723e-10,7.627758312984824e-10,5.529058456617333
N20000618,420.0,14.614911717686688,10.684760127931153,50.21563359475114,15.774325219602384,4.085939098321659,1.1567033976095568e-09,7.067293733280798e-10,5.470393763432583e-10,6.188935216618952e-10,3.5346254301230526e-09,4.624430235142967
N20000619,390.0,23.959351058063287,24.871864270780936,27.700641845960593,20.6914627396306,1.3365093479217796,4.377229716057486e-10,2.6147737552031915e-10,4.2594406172335157e-10,4.687043252611022e-10,1.5014460434192013e-09,1.4401707345475026
N20000620,613.0,28.984110064269004,20.083161003945527,39.93159895233337,7.787998915322094,2.1979874977528095,1.7482968150162124e-10,2.110008381611264e-10,4.3628948425850913e-10,3.4493408282122593e-10,1.5457430633169356e-09,1.0151435636643942
N20000621,801.0,17.727512168602836,9.052384049029877,54.59494963973468,9.005754947857023,8.373327255063321,6.745021706848638e-11,2.5162086513269216e-10,3.139264629284783e-10,3.3590900286529064e-10,7.184931928058845e-10,1.246071938024876
N20000622,460.0,18.69384920523357,23.632309462585894,23.523887410879645,29.5407193387984,1.5675109867105845,2.641200124215734e-10,2.0888260337478428e-10,4.175842641327529e-10,3.699055033237168e-10,3.86929482503323e-10,3.0417235941444765
N20000623,530.0,33.74663529045143,3.665415120558293,45.06887646185875,8.004320248288291,4.274006900255194,9.101058331021025e-11,1.3197356783004046e-09,2.7039819671919584e-10,4.3730848449667666e-10,2.790138567957294e-10,5.240745976190577
N20000624,298.0,13.19823299007003,25.529158465258277,25.508241263021418,26.198854932327148,5.053129189100839,1.8033754549625265e-10,6.490090086429024e-10,8.683910471375872e-10,5.085045634495763e-10,9.040704820649504e-10,4.512383157111987
N20000625,529.0,16.55670935746176,11.700732273020842,35.225389928638215,27.690838552628595,2.530229611503083,2.856312975809938e-10,1.0199432576500983e-09,2.455803504699676e-10,4.351881105445453e-10,9.263621784798285e-10,6.296100273834787
N20000626,464.0,16.474806977778584,2.8623116006617235,53.78382501870382,11.355005394545195,10.58501895909327,3.3263635094880685e-10,4.6033138211383994e-10,5.357581169043979e-10,4.239984941962516e-10,5.612659756797088e-10,4.9390320469034
N20000627,526.0,20.772252515457964,8.341664984566643,52.39034038507073,7.270936985086898,7.457304311122313,2.9300681872303704e-10,5.069373079365813e-10,4.2221729488653694e-10,4.492328727782766e-10,5.478172878303624e-10,3.7675008164762254
N20000628,465.0,12.499769728879832,1.9302863717777323,59.64904313250309,6.028823065181961,17.739098667850275,2.6996452923624903e-10,1.503906601665278e-10,5.174745034046808e-10,3.7079053746309227e-10,1.6723577669531063e-09,2.1529790308261396
N20000629,474.0,22.000449824080633,6.2354584565483115,52.523425341651645,9.400473905878872,8.286369195827046,3.2435394022705296e-10,3.493077881184805e-10,5.043747096983564e-10,4.495288391481999e-10,5.343067051384751e-10,1.553823273851613
N20000630,402.0,18.854785311327934,20.4424245115073,30.488243847287976,18.70553325822403,6.486785421888383,6.020633644570254e-10,5.025526959120348e-10,1.1465902914866565e-09,6.993172005978989e-10,1.7906029671350194e-09,5.022227645023252
N20000631,377.0,18.093108452073388,9.793358078947154,48.71149061695819,14.957908869160708,5.0351654536827075,6.049044581199188e-10,2.0524782585924564e-10,3.9618473593487236e-10,3.967512813379808e-10,5.06056020430483e-10,3.4089685270686925
N20000632,430.0,20.715560537335477,20.71850216983469,23.503595487631895,23.081483785772,7.240868684843068,8.525982889046735e-10,5.231018712504656e-10,6.073448134882313e-10,6.746387050589982e-10,1.180824457519005e-09,4.7399893307443834
N20000633,406.0,12.999955775958089,3.065738644644461,72.32595184317373,1.117797516299811,6.880456610659376,2.377468116972564e-10,1.904414211264839e-10,3.2024885536191036e-10,2.8906931145970204e-10,1.1836347455584732e-09,3.610099607043407
N20000634,395.0,32.85413363894183,3.7164344766011714,32.94749960269617,12.96974281397738,1.5996465195185907,5.753414605485827e-10,7.15057658843006e-10,3.470210223497505e-10,4.16669136739646e-10,3.8890140691075663e-10,15.912542945821873
N20000635,646.0,22.207800822359623,9.862963506284322,41.22536052495187,17.827135156374222,3.7847584631225035,9.925178796434491e-11,2.6853137651419095e-10,3.223794365630875e-10,3.890742245158623e-10,1.0827780153838287e-10,5.09198152571994
N20000636,570.0,22.820262146477816,3.599440444303169,54.56516129721034,6.227103709051853,8.778805396318493,2.8653676609292793e-10,4.1931286672331026e-10,4.164020984045501e-10,4.187217989759672e-10,4.720687832185388e-10,4.009227004625295
N20000637,574.0,29.913647948941215,2.5701323339970643,39.16568020013999,22.356742593779217,3.325041411410386,1.980119836470968e-10,4.845298200741785e-10,3.284558018356412e-10,3.6191789782006624e-10,3.9838960848911225e-10,2.6687555099608318
N20000638,481.0,10.874428019627723,1.3880129459087316,72.71659295419774,4.38457317346259,8.230638754159662,8.815953857522155e-11,2.351254419394371e-10,3.2739230572040367e-10,3.020843940202113e-10,1.4671243736943706e-09,2.405754150223661
N20000639,530.0,20.679931233447086,3.5337995684049246,62.265960857143845,6.933432222436709,3.1413978028362695,2.286448381405195e-10,3.8764538963324077e-10,3.140711196670682e-10,3.974339074966309e-10,5.396585400955799e-10,3.4454783138637146
N20000640,723.0,26.513701806041468,2.908099579742816,46.81458179929362,14.123397986142724,8.33365351774053,1.8143468786760228e-10,8.740442905134114e-10,3.8624930626505616e-10,4.345925342299775e-10,5.06633807524766e-10,1.3065653086559073
N20000641,730.0,31.38235046307265,3.0565921223539148,33.370125721999514,19.71658399501138,4.717185533396873,2.3268687435610243e-10,1.6184100861683848e-09,3.194231707125916e-10,4.0264734804501077e-10,1.4263867122418973e-10,7.75716216144986
N20000642,420.0,5.897722452047798,36.65356329772767,21.577823572550017,29.786547905731975,4.946446281005331,6.7041527079773e-11,4.651857332078322e-10,4.670569212831148e-10,3.6968413564330133e-10,1.2170526468861452e-09,1.1378964883512013
N20000643,526.0,37.21331750752521,3.5525670813015062,36.599623259007544,5.300769680145994,10.276595781359644,1.274031011019372e-10,8.593507798068915e-10,3.053379687037053e-10,3.7141177446342134e-10,1.93065866787595e-11,7.0571266889772915
N20000644,389.0,60.76268977680732,3.188272704502859,25.679184851627536,1.7505088611631927,3.7326185874785436,4.2469197589191046e-10,6.172417495579437e-10,2.3506270786337856e-10,2.920772445746395e-10,3.67542247975526e-11,4.886725216814737
N20000645,657.0,20.63675916122551,12.393617801922641,36.2368074560964,26.068164920682868,2.0679060321343736,1.801952007690254e-10,2.808960325191096e-10,4.819512390625738e-10,4.035573876953507e-10,4.1132936347258373e-10,2.5967446261802762
N20000646,557.0,11.588201386435673,28.90449689945968,16.096464404639946,33.72580801641988,2.855571301806693,4.0771197381925307e-10,4.430897717448125e-10,5.196712108082076e-10,5.524516991965679e-10,5.495075531828272e-10,6.829457988765704
N20000647,523.0,20.814432188995752,16.973076081741258,37.43158658241188,20.995684565286858,2.8876873438449047,1.1869231061099268e-10,4.741145484354966e-10,3.595339655208597e-10,4.0926461893021765e-10,5.904971029173356e-10,0.8975332357672358
N20000648,605.0,30.321206198987188,3.595892164215543,58.18606735268759,4.09040463208771,2.8558851556990317,2.894545545044856e-10,1.8737564909835094e-10,3.1436298772698307e-10,2.8272901118819237e-10,2.299182649918991e-10,0.9505444950191089
N20000649,777.0,24.46438817787631,5.658205956658147,56.24325013165784,9.510023930899985,2.7901167776589455,1.6722358320145402e-10,3.957394521012942e-10,3.267314049041977e-10,3.8481378316565037e-10,3.2365678146572116e-10,1.3340150236506017
N20000650,391.0,41.91146535890318,3.964427573766407,46.48260109514064,3.8975448354517495,2.409777383026475,3.061076894172569e-10,2.2069993680346076e-10,2.6801542476220296e-10,3.165929872028462e-10,5.007684845323198e-10,1.3341837520993791
N20000651,762.0,12.465723885030933,22.89431155444446,39.13133842124098,22.643093277968966,1.308961588838585,1.6685160706636705e-10,3.4080497287899624e-10,4.5110483405256444e-10,4.584969236049579e-10,3.95494791539586e-10,1.5565712706633232
N20000652,580.0,26.51136084502017,13.408270602857563,45.56098248632959,11.570174126994749,2.3123802711866372,2.125506607673272e-10,2.2521260155492917e-10,3.6138189789609954e-10,3.997352477049411e-10,2.90372269310961e-10,0.6368316661220214
N20000653,688.0,31.520124590892667,8.173919701782692,48.77548251362087,9.567582489596992,1.106955126811301,1.2086606751475881e-10,2.612939271165071e-10,2.5382636905676047e-10,3.036504567793423e-10,1.8867764144250274e-10,0.8559355761671432
N20000654,481.0,10.85602977694469,33.53107201373881,41.57030874998253,10.787304040580505,2.412559234063309,1.4160146010953962e-10,2.5308310294671086e-10,4.006620444678803e-10,4.2616268322476925e-10,1.1811923517739257e-09,0.8427261822874548
N20000655,436.0,38.674959619271036,4.74431890750258,47.97869617135381,5.478812926779691,2.37243274479788,6.891800481469382e-10,3.665033255250723e-10,2.94192134846014e-10,3.5404973385755024e-10,1.8971532068365832e-10,0.7507796284013535
N20000656,302.0,50.00569783383813,3.8660939953435225,40.28849349533928,4.148622282702834,1.1017010491145158,1.9928025198942088e-10,2.6696652629490124e-10,2.3120611155600036e-10,2.61262154259567e-10,2.3143398023461326e-10,0.5893913424715698
N20000657,668.0,33.18832834643607,11.663388145498784,43.39231283367243,7.965471233214402,2.2765911148989812,2.8104565816592544e-10,5.916055611769869e-10,4.025532015256757e-10,4.3198145086607763e-10,3.738141676976008e-10,1.513908324198323
N20000658,505.0,33.97432644415138,10.875936568480295,46.50230901101473,5.405988683663475,2.1806072067540763,3.0051850027764917e-10,2.0835741573524895e-10,3.4220418777734524e-10,3.4661566949303313e-10,2.0117047292928257e-10,1.0608320845371813
N20000659,418.0,16.157542045324835,17.177325929446482,29.942961054558197,27.812103595935113,3.7579968609657026,4.439609379984542e-10,1.488335788055145e-09,4.610866255826819e-10,5.400551220119456e-10,8.379889479245257e-10,5.152070509998253
N20000660,580.0,21.715709290527624,12.561747099823247,41.424000883526276,18.344914521539042,1.5991053115789098,5.36274150051321e-10,4.22231754569312e-10,7.200130249431583e-10,4.752375006338257e-10,1.2027017714817336e-09,4.354522889648431
N20000661,564.0,19.959383218844433,13.027245442715246,43.32957232434493,17.725748807553053,3.6249644343085135,1.6289920138434704e-10,6.43746616672207e-10,3.770479955251392e-10,4.6353080905986905e-10,4.1493815817057426e-10,2.333085770171659
N20000662,462.0,19.06535148254486,14.365557584397608,45.27008410212595,15.624799998538277,2.203840648900945,7.462054544128503e-10,7.023762125592744e-10,5.294754654669748e-10,5.654535206310852e-10,7.202907660360294e-10,3.4703661802285435
N20000663,468.0,35.441557057953794,23.406243750956595,25.460564688290084,10.84488450687503,1.9177647568347396,7.88915283564656e-10,7.007300561960381e-10,6.232682200390612e-10,5.10945288756751e-10,6.520561761097733e-10,2.9289852358138404
N20000664,611.0,17.109658919795127,4.1495264567920715,43.07217127219744,6.419885156549291,5.920402332225831e-10,8.817665852006637e-10,5.140016011695108e-10,4.878462946057641e-10,4.862042696656277e-10,29.248758191538254,1.65959938364022e-10
N20000665,489.0,25.88542506230927,3.0211555783172,55.385109737151815,4.134682521127298,3.546937637662515e-10,3.7140877281363217e-10,1.8879661710068175e-10,4.702737556918338e-10,3.915067857360758e-10,11.573627099185549,1.3218273792867043e-10
N20000666,432.0,14.249611103076068,0.8623746725387472,49.60495350021482,4.538870335886271,8.026895449979178e-10,4.5030873077724113e-10,3.6413649597012326e-10,2.800068795000438e-10,3.128636505218021e-10,30.744190385962593,1.1151695757467576e-10
N20000667,348.0,10.565643390926779,1.2264459609089386,24.043303639737303,5.895277074974942,6.328554339146021e-10,2.9878175862288946e-10,5.070908713529223e-10,4.150690261828438e-10,3.628740099990148e-10,58.26932993101327,2.2208706135197112e-10
N20000668,224.0,11.339783631516804,0.6674167638995103,25.81221837049645,3.1873107804476386,1.8402139778593302e-10,2.9336938497064475e-10,4.612602771938341e-10,2.040954876143553e-10,2.6059416176176773e-10,58.99327045214429,9.197767043225467e-11
N20000669,470.0,15.204145453401416,1.4367398507860005,34.928604972414846,6.492142489737416,8.149526592106425e-10,7.060852242561935e-10,3.030320007652319e-10,4.826511547793999e-10,4.031266252728325e-10,41.93836723054595,4.045129291851152e-10
N20000670,484.0,46.7766066578382,2.592664602231316,40.47402507931414,3.5793483501861822,7.386279321641902e-10,6.577872651182704e-10,7.662085828638319e-10,3.0007969063601243e-10,4.4597808086073987e-10,6.577355307323986,1.9749116969207248e-10
N20000671,673.0,27.231177887127206,1.4128986053010681,43.369986397071955,6.106523420012417,9.220097272047777e-10,6.036205229581174e-10,3.7411061142804424e-10,3.64653012165265e-10,4.4317054122078273e-10,21.87941368740616,3.7362708344585147e-10
N20000672,328.0,11.92035980166394,3.79929168598411,26.000233712280806,16.23601855893192,7.814528449167296e-10,5.817192564251261e-10,1.1555201008111263e-09,6.709157265904185e-10,6.134546787927713e-10,42.044096236978156,3.5801981993732e-10
N20000673,593.0,32.212878683857824,1.012316125908941,30.724352104160186,7.449944528234435,2.9699037492371605e-10,2.6042046719617044e-10,3.184874206278657e-10,3.1143982986875656e-10,3.496705779676569e-10,28.600508556070793,2.3082071703888496e-10
N20000674,546.0,34.3037561907664,2.906332059423228,38.798950662904666,17.150878130978832,2.1642627809870574e-10,9.532481072602272e-11,5.603167275270517e-10,4.531021748595593e-10,3.6660872878697496e-10,6.840082953884265,3.508121652234107e-10
N20000675,578.0,40.74544232596378,2.8418321092014756,37.813747634116446,7.026009278469347,4.810849539128935e-10,7.739243391033832e-10,7.220921684388942e-10,3.8253437876402207e-10,4.961229141442885e-10,11.572968648781124,6.120594693242594e-10
N20000676,675.0,35.38337815753293,2.9047760641198064,43.95848194611296,8.700657171679179,4.013632364583006e-10,4.470813724288025e-10,3.1240847859454446e-10,3.523741978612648e-10,4.1807073982255143e-10,9.052706658345839,2.779799195198296e-10
N20000677,348.0,26.341144192243878,0.9593213554467791,48.48911751173893,9.02675294601118,6.499471029420756e-10,4.857957438145405e-10,4.4525020366711603e-10,2.9724012842178407e-10,3.9179595281399284e-10,15.183663992063682,2.255272843961506e-10
N20000678,607.0,22.047124158429725,3.377351613518727,48.310861599356656,7.135386690130911,4.969114065080709e-10,8.091673534191448e-10,3.554254135000969e-10,4.1535493471038357e-10,4.845557276159453e-10,19.129275935503415,4.991230592464784e-10
N20000679,771.0,26.047987459875305,1.5782631004261365,46.76142795110715,4.612398089318706,9.874170958215468e-10,5.812180735744756e-10,4.708214620905974e-10,3.451170455149051e-10,4.5197407666852287e-10,20.99992339623926,1.9689677631202234e-10
N20000680,454.0,31.392612333097276,6.129809048164296,51.53450051294577,4.0336066226997955,2.96220898692084e-10,2.531373468069108e-10,3.088686718536677e-10,2.55204685733609e-10,3.514190755392302e-10,6.909471481479206,1.4881139147619282e-10
N20000681,661.0,21.87708073067224,2.451245559732747,58.77147726238346,6.360235023830096,3.607180151364392e-10,4.559878962030557e-10,2.5011364357404907e-10,3.707712968492626e-10,3.847109539535269e-10,10.539961421443605,1.1554463459725624e-10
N20000682,494.0,29.343119432396275,7.174607998501722,25.48917388989092,4.61330185827119,2.3465881795164925e-10,1.680637535923146e-09,2.6920894073286504e-10,3.621096494205634e-10,3.968797366174872e-10,33.37979681784344,1.52951655968417e-10
N20000683,422.0,29.921086950023383,5.27388990683057,30.014458586346855,8.780857231763935,2.13180031895624e-10,7.295108014146362e-10,3.953704461857698e-10,3.551874119125412e-10,4.802063049238476e-10,26.009707322540777,3.210294888041737e-10
N20000684,380.0,21.10002691790685,5.753238691433253,24.95929998460145,8.60335203383991,2.4891487956104394e-10,5.495371513625044e-10,3.1922566822973013e-10,3.389198205658332e-10,3.362127735004982e-10,39.584082370308245,1.1747903311850768e-10
N20000685,775.0,25.57533539422256,3.8009087959876036,45.59133200028935,10.671965739418699,5.010963786641576e-10,5.269245701944192e-10,4.0392698217633955e-10,4.671259798039675e-10,4.997543557874826e-10,14.360458067496303,1.866647411698753e-10
N20000686,418.0,27.705530081323403,2.228994705366877,53.98882091592042,4.700680389858272,3.851330772505085e-10,5.955691443531164e-10,3.5532026312397165e-10,3.598469917123275e-10,4.1029133956389307e-10,11.375973905043839,3.81020431794052e-10
N20000687,506.0,31.455780827366837,0.5005763023250299,44.70506381558997,8.43944120445968,4.819055603487798e-10,5.669255757104592e-10,3.538266376562199e-10,1.963149116955074e-10,3.21130350733313e-10,14.8991378481025,2.35865369863419e-10
N20000688,667.0,25.687906164823914,5.529666868069713,54.15807884387156,8.530031366812608,3.81260365181334e-10,3.723081176286451e-10,3.762835191003504e-10,4.828127002004538e-10,4.543074691940796e-10,6.094316754007581,3.476638119818572e-10
N20000689,704.0,31.42563672937846,3.9703731942688414,53.84052341332819,4.180017092992497,3.5484600966037404e-10,6.961549633771991e-10,3.4579080169350486e-10,4.1792433695979923e-10,4.4821598621624717e-10,6.583449567633696,1.3538274107453523e-10
N20000690,603.0,38.45976615243448,3.024668259360642,42.39958842815385,7.421649583891112,3.1632166118563633e-10,6.115931936205611e-10,3.553911889347477e-10,2.712934777704707e-10,4.578364899870635e-10,8.694327573693672,4.538386482854245e-10
N20000691,534.0,30.97630156457363,1.6005860235721716,35.76870219411434,12.042033859842464,6.543167095482031e-10,5.901765879837545e-10,9.48005203435783e-10,4.640053873269659e-10,5.255270295575928e-10,19.61237635447356,2.4177950220018903e-10
N20000692,845.0,18.33944530905231,6.736830999941793,44.13446157471462,14.294953190528995,3.259663717947153e-10,3.1873341748823705e-10,2.7796595516756973e-10,4.033265443225252e-10,4.722979615092714e-10,16.494308923844077,1.1992321285021661e-10
N20000693,476.0,24.54040201772736,4.913033131238158,52.45719774652431,5.100204918599508,2.4368471306803184e-10,9.611420809259969e-10,2.0289517976714998e-10,4.664543994114874e-10,4.0002770867711677e-10,12.989162183543145,9.331754855669277e-11
N20000694,715.0,25.873764513505005,6.116434811405896,50.29293829586028,5.705408764091908,2.5594310123587546e-10,2.8580327162474394e-10,4.525428699307466e-10,3.748347497738059e-10,4.2518276088133283e-10,12.01145361322163,1.2096804755762826e-10
N20000695,704.0,38.464265333604345,4.497364505050075,45.01633544641459,8.186017494475655,3.5855052631333485e-10,5.17529317904544e-10,5.389872151478634e-10,3.569984109600451e-10,4.90276547204237e-10,3.836017218023528,1.6946553533365211e-10
N20000696,423.0,14.316526564432419,12.498088267701444,32.57132066276399,13.117069035273838,1.7780000027607615e-10,1.1301665940674164e-09,3.0327425568585676e-10,4.563050735756835e-10,4.88627843003232e-10,27.49699546702184,2.5029582456647197e-10
N20000697,635.0,23.401255786951857,6.83161894314611,35.97904398701028,7.273908894766122,2.3424654469116954e-10,1.875549828556629e-09,7.107832045343707e-10,4.3077479069014893e-10,5.765446246066712e-10,26.514172383838513,4.592121581229863e-10
N20000698,248.0,11.11226572163222,3.1596395122448593,37.42985608553584,10.530896376385336,1.2915927585746912e-10,7.191959947668342e-10,2.440211386089747e-10,2.9268440696362885e-10,3.810745798222309e-10,37.76734230218023,2.5538921052881706e-10
N20000699,562.0,18.214485151135733,14.883527163165772,44.37602418355937,12.580853333765084,1.9243438976613339e-10,5.271314813698618e-10,8.693976143309573e-10,5.795001597015791e-10,6.963234777810577e-10,9.945110165300306,2.089475872624107e-10
N20000700,600.0,20.458968206254916,2.2455229512989536,60.219344766692,5.881292931176972,6.489240164717857e-10,8.854956417860879e-10,1.4248509232008416e-09,4.08586494366393e-10,6.545820059850609e-10,11.194871139890425,6.642819492661715e-10
N20000701,748.0,3.7212989092763653,46.46053445392291,23.14849125210972,17.71131469796265,4.958999672767433e-11,6.108288050426924e-11,3.841094385820798e-10,3.7230525767785675e-10,3.8308787709487777e-10,8.958360685379116,9.905807478031361e-11
N20000702,500.0,2.8181750268565877,41.690868086014696,11.099874772016765,34.637034981282966,6.40705483044392e-11,2.528491786920958e-10,6.229888684389281e-10,4.0640624980322546e-10,4.949736485838388e-10,9.754047131840617,1.4709275239455553e-10
N20000703,614.0,31.414764709292665,3.456081766988984,54.20190030363783,4.085490573886312,2.4967419122664e-10,4.2787460831742484e-10,3.2716802994738364e-10,3.5352860691010914e-10,3.9135763821799593e-10,6.841762644361084,8.353385842762015e-11
N20000704,399.0,10.654104324118189,1.9670331269713273,11.261920608271298,11.756633340618801,3.227598285165277e-11,2.6757552758796544e-10,2.368387045698275e-10,1.550710529793502e-10,2.3065573603862316e-10,64.36030859905443,4.353219350199756e-11
N20000705,456.0,7.509750623917425,19.256287935363158,18.104770530576673,42.985428582487934,5.7178646455025945e-11,1.7549058862957105e-10,5.403939353152205e-10,6.415392032651191e-10,4.413992907237347e-10,12.14376232544844,3.503499053557833e-10
N20000706,767.0,1.9318929776101417,42.53062102940643,14.674969194792006,27.883360179382482,3.4700166714226094e-11,3.900040025764752e-11,3.1581203213132614e-10,3.198773301456939e-10,2.995825178579077e-10,12.979156617750714,4.9252456989878445e-11
N20000707,536.0,1.711554195624115,21.936410277788948,7.24604431931934,43.766669234681174,7.061461716796003e-11,1.1169380321250302e-10,4.706383758958958e-10,2.7410595760897767e-10,3.4743177822655923e-10,25.33932197123569,7.624304059627573e-11
N20000708,565.0,18.616065277143647,11.960981630124948,42.34645649791761,12.763769942362984,1.6987303167005456e-10,6.037911144025608e-10,2.698439156046822e-10,3.8858288506644157e-10,4.436317151119606e-10,14.312726650466526,1.0856581154364584e-10
N20000709,736.0,6.226842952273529,41.71562602222221,19.885881194071825,18.84640447703568,4.479179162307723e-11,8.410809158304714e-11,2.634309793014267e-10,3.139214372351829e-10,3.525287463459341e-10,13.325245353294553,4.342635201480058e-11
N20000710,874.0,4.091179891159324,30.281073855695755,17.56138936540423,22.44292085265287,4.5623234204280484e-11,1.094651662293906e-10,2.220974265524902e-10,3.264197850085362e-10,3.1714464056607e-10,25.623436034026252,4.081357061040175e-11
N20000711,764.0,58.624170779310184,2.7611480794898062,10.002353715815826,0.35113286085023077,11.91263787575886,3.9880186051240543,9.675733570901364e-11,3.760073015409481e-10,2.7550027569188485e-10,8.89175236275678,3.468785720146008
N20000712,475.0,31.16634603568692,46.87679773097382,2.589094309127146,7.867559754515166,1.1904130741173258,0.9567897343851556,1.843332025355835e-09,2.878413857862865e-10,4.06392650690097e-10,1.396475114947122,7.956524243709795
N20000713,584.0,40.88462377809567,22.69236494664206,4.541812371528616,13.650505172669716,2.608421890411465,3.480577169027004,1.0570575660592102e-09,4.855338233641072e-10,6.169681121764857e-10,3.1684421243996814,8.973252545066227
N20000714,248.0,39.94037007716097,25.883525049822335,6.858252761111686,2.6189383614328885,4.089016486363203,7.968618961959666,3.233488534037327e-10,3.3875758042768066e-10,5.145134014708752e-10,4.728643684731798,7.912634616240824
N20000715,581.0,4.835567214911277,62.315158028597395,1.184034724807902,9.441276961721751,4.1294621145254435,1.5732990567004084,5.670150568315057e-10,4.045772686080615e-10,4.186077630459508e-10,10.883505090629415,5.637696806716221
N20000716,626.0,37.57951002105842,10.236538385008446,11.066725644395984,1.6408802643597464,7.377404927840001,8.443532377695174,3.794978650342585e-10,5.215539539424897e-10,4.6259996111249026e-10,8.92736644821307,14.728041930065503
N20000717,590.0,54.35703093400737,14.509407602851503,6.652499062628617,1.5237528158601867,2.4420982846298873,7.203523824867321,2.450140996239332e-10,4.3424756327872993e-10,4.310691395107999e-10,2.416965106880589,10.894722367164196
N20000718,447.0,59.31591930489092,5.005824270376837,3.326215776809241,1.0363448863534495,0.9828445115391828,2.159510671971956,6.185940725956012e-10,1.884650306052444e-10,2.3135579907741312e-10,0.27338009523380774,27.899960481786195
N20000719,526.0,5.707096975486682,63.62256506935331,0.7216404358575376,20.741752947883413,1.0747668495382934,1.3259513754298227,3.176916564798434e-10,2.562113429009423e-10,3.550760641409722e-10,4.324614513180218,2.481611832341734
N20000720,389.0,51.911513697544855,5.69870982816099,11.467907856501549,0.2583683166875881,7.799316334196843,10.11823372495705,3.247966641780793e-10,4.08407133856216e-10,3.542907168578204e-10,3.512144118493304,9.23380612237032
N20000721,359.0,54.86377442211199,10.308000037295747,7.428030815690981,1.0363675768294345,11.69386826373623,10.080222346154104,3.7921603560760937e-10,3.5287194202412916e-10,3.9299508340336695e-10,2.6651774470818657,1.9245590899745586
N20000722,412.0,52.52719889449887,12.357061065565025,9.044743590488096,1.078901523442425,10.23979157317649,8.670300902790181,3.0877774401956084e-10,3.974963588184387e-10,3.576438656869573e-10,2.7755716736620686,3.3064307753129274
N20000723,570.0,39.506739633613776,10.03261398601884,7.0587511796888505,1.3481220185914138,3.8310765175214896,5.236026002486624,3.2245052607833443e-10,4.6482087708409776e-10,3.815007059715611e-10,5.045028492034697,27.941642168875546
N20000724,446.0,9.851217468846492,77.41943194624285,1.3658034274683901,4.829687930782111,0.6862100923088086,0.3571191039841407,4.554833280993335e-10,1.8076662186991038e-10,1.9650613506702285e-10,0.3208733836966964,5.1696566458377395
N20000725,372.0,2.985908268074686,54.86926797227052,2.57663747836861,16.927402934631456,1.1322884384789982,1.1221801865201513,8.19733760668402e-10,5.061849942838998e-10,5.122731804655938e-10,10.540225661102296,9.84608905871509
N20000726,536.0,39.934798537834396,14.348154587499554,11.928986124240156,2.934456153618877,9.320097252968045,2.3086920878001016,3.6119476493115536e-10,5.901646597571801e-10,4.303825088245508e-10,3.4517910542753603,15.773024200381784
N20000727,390.0,57.10890674191459,8.816594704437545,13.505071224562329,1.1396716796429542,2.964987628291071,4.222932705492158,3.266471955687129e-10,3.650106336546778e-10,3.739152141457192e-10,4.1641744150136155,8.077660899580154
N20000728,427.0,45.12336365034704,6.593320031484111,6.1936753985561035,2.7039155982516605,11.697983048164476,7.886578174128787,6.272258218618203e-10,6.973955811224344e-10,5.514231221312837e-10,8.05513274232248,11.746031354869322
N20000729,359.0,35.93366543759483,19.933847971871252,3.98207240287807,2.041845559881863,1.296733275393365,7.431091250125147,2.2700732772086636e-10,4.832278175130865e-10,4.2905586952695513e-10,4.891178973455804,24.489565127660384
N20000730,702.0,38.02623429156151,16.19854332144009,4.53605161369873,2.3903770478220925,2.716662761539144,4.405608957401929,7.777652631777027e-10,4.712779337854989e-10,4.4813633535418894e-10,1.419303719987678,30.30721828485165
N20000731,728.0,37.59057979883471,37.49197043666129,6.127869746971628,8.622640300262335,4.824451569229826,1.257938726209612,5.546306067774056e-10,3.5085725001907434e-10,3.184183292216132e-10,2.5744169625547078,1.5101324580519804
N20000732,516.0,10.377149605817305,70.44254955156897,3.6480800080195617,3.821041557564693,3.5212422344219596,0.5149838103942014,9.12464012373529e-10,3.996494157588811e-10,4.0500744951603895e-10,4.990455678181745,2.6844975523144265
N20000733,590.0,4.962738434439074,74.67384762882587,2.813480816580802,4.734527381343613,4.560837904099631,0.6618407161259873,2.4465834807502157e-10,2.8455202861882304e-10,2.974855970314447e-10,4.224559151359775,3.368167966398562
N20000734,358.0,9.653561138352988,34.383116076566175,7.619850499391063,8.484706502971646,8.67158165429222,1.4580429997365811,4.460544033516471e-10,7.931887487443449e-10,5.429360228243629e-10,27.424703650567437,2.3044374763397006
N20000735,518.0,1.99318535893477,87.02073832419734,1.340386783180367,3.7040932131183193,1.00995537610086,0.27872497985972106,1.0116683026644686e-10,2.40850494897854e-10,1.646574643997081e-10,3.45926084856278,1.1936551155391553
N20000736,426.0,5.4056527422358815,4.8908557758014135,2.3904255745719096,3.6639225609054407,3.179852994766083,3.930111598440203,9.251433940246224e-10,6.854111957635301e-10,4.818294721586881e-10,33.72280035019552,42.81637840099117
N20000737,491.0,55.091539600194906,11.067202440494803,4.51221038563291,1.200851187968271,5.030323314187429,5.849047210918588,5.511602451327204e-10,4.690908006798376e-10,4.0861228845739435e-10,1.8407298736687778,15.408095985505444
N20000738,467.0,8.481695355027972,63.93049956716656,1.0947459489632463,12.611551137135137,1.5050778313083804,0.6637324435139846,8.95183578314263e-10,3.256640727795379e-10,2.6657244458319374e-10,2.116206347313734,9.596491368083582
N20000739,309.0,32.902849846400514,11.036745851766721,1.5748775565390283,4.365688272861036,7.850015413617234,14.591557566860835,8.806258578709605e-10,9.649951446046656e-10,7.13701672028017e-10,16.65644715218866,11.021818337206659
N20000740,437.0,4.618906460647235,65.98954189454203,2.7220304188337026,7.284703538416988,3.058272362502132,1.66041441062324,2.4479706349633265e-10,5.051778277372245e-10,3.7474685717348347e-10,11.194353179003189,3.4717777343067775
N20000741,448.0,16.468475561044144,50.070145279587486,5.274333540599371,8.777471980962934,4.3114668117445225,1.9837701658759224,3.282877996819012e-10,6.145984015190622e-10,4.972028523051597e-10,9.073353113981927,4.040983544763595
N20000742,387.0,38.82525273681326,15.13895127501791,5.385445059507514,1.1525927782193868,5.4207361838731565,9.867022392819482,1.3348772628399286e-09,3.925622681190569e-10,3.8935116035204874e-10,0.9606110173112836,23.249388554321225
N20000743,448.0,10.330280890854327,65.90831203719802,1.8109786945935706,6.959235569821141,1.2417522473719835,1.7104897038425049,5.152071868422162e-10,2.5631247569709124e-10,2.9920163645881346e-10,2.1422382574234944,9.89671259782426
N20000744,494.0,26.273420031085614,15.348865154783256,4.289838367288647,3.4224423898487033,2.8371846583810623,11.148203328880674,6.178054191710378e-10,4.751286517450334e-10,6.358821977159898e-10,14.926498343630131,21.75354772437308
N20000745,401.0,6.5463667009818485,46.674701819423284,2.169894955386663,6.581486834034547,11.490924760106681,2.639551346790372,4.974758818017517e-10,5.92174131585775e-10,3.991172415133597e-10,3.9157307391661247,19.981342842621718
N20000746,673.0,5.267356259981444,74.7455423076238,1.4498776713478558,9.175170337347575,1.430893477858083,1.0821172008595437,2.4111854542057225e-10,2.9455222095848684e-10,3.139786154673021e-10,5.052603588551572,1.7964391555804844
N20000747,389.0,3.739856091128127,51.7833468405947,6.066647899835983,5.54778469042885,1.0047305126651263,0.8471046569113887,4.5718320836698846e-10,5.968557263592108e-10,4.3727974965724984e-10,16.27053506559456,14.739994241349933
N20000748,687.0,2.9710161887020514,61.83174906183682,0.480560017719504,16.164466614255065,0.9077784478000536,2.2889974967554423,6.627046018267004e-10,4.674024779656783e-10,4.939159132827476e-10,7.267614256988662,8.087817914318375
N20000749,648.0,1.380033750098723,11.062591447176773,0.514551288828967,31.096464428842864,1.8109576559388465,1.118313213357532,1.0197149668838547e-09,5.290199947101958e-10,4.5733237572322934e-10,44.730945614690334,8.286142599059874
N20000750,529.0,15.820335094043655,64.10155707153068,2.5409498543246727,4.637070120783199,1.604288771085614,0.9092871901831128,3.6176036320462255e-10,3.8740347671975207e-10,3.604437691660138e-10,4.321476948972382,6.065034947967089
N20000751,427.0,6.299797233022727,71.12968777067482,0.633095921192571,10.104044820754686,1.1427707958913746,1.7618456814465964,6.011374161639962e-10,3.0646229787034835e-10,3.8790964084804196e-10,4.168290937426649,4.760466838295058
N20000752,395.0,3.018062112346946,85.41915434449837,0.4652575990465418,6.386010266954997,0.11728895741704573,0.690254027452612,1.7926946220581415e-10,1.3408137736739039e-10,1.5863976182807791e-10,1.4684503609989406,2.435522330812584
N20000753,487.0,6.857055625165913,71.3142848128992,0.5052127549729198,11.225715959430573,0.4396463493967754,1.1421484359546747,3.266791372629411e-10,2.9117965727947483e-10,2.9941279224880074e-10,5.397597313775359,3.1183387474873117
N20000754,220.0,3.9993199964668706,71.02918431697479,0.41893361153433956,3.9710558585157063,0.8019805961724346,0.37631044587343637,2.0029469462683253e-10,5.074670925787426e-10,3.270030806170941e-10,11.507868697198402,7.895346476229251
N20000755,502.0,3.753707071909668,70.59552128541323,0.4270717728985137,17.598505771531705,0.45545716310125367,0.5455339114838277,4.3430129823015577e-10,2.156761662102502e-10,2.6346980962191927e-10,4.464471971456312,2.159731051292062
N20000756,463.0,3.769412934240984,69.5065829648296,0.947522447220734,11.966771699274062,0.49695269919535323,0.6573543226349159,4.270423324123716e-10,2.4539574886967826e-10,3.277690323395167e-10,3.5996230948813333,9.055779836722781
N20000757,441.0,4.067472024172326,29.880759149182936,16.70555357772327,29.608844441204845,4.32105259022065,0.3739641607644745,7.860935198477484e-11,1.0316019939510933e-09,3.7673420355661824e-10,10.426635374446581,4.615718680797971
N20000758,562.0,1.7513096659109284,81.24411428220799,0.31333772275474214,11.393422393637746,0.19963088938014084,0.3771460044448429,3.9342013611748167e-10,1.4125156468141955e-10,1.643665646911648e-10,2.2011667998678073,2.519872241096754
N20000759,429.0,7.859365888430045,45.00008090357881,8.312324754888348,7.922505617115531,0.07679765271641151,0.0565495704320267,9.242164438076017e-11,1.400427116248959e-10,9.390456693913172e-11,0.1760947374335011,30.596280875078964
N20000760,414.0,3.707827968568203,90.11580331768708,1.31110947741481,1.597933381939041,0.734015344649096,0.4708396883627207,2.2725112413990806e-10,1.224242306830861e-10,1.3059510207272582e-10,0.41792530338940154,1.644545517509371
N20000761,529.0,4.283530494440225,66.02908666355233,0.7364833914241184,15.283651697017623,0.7083661446322347,2.2071003281057737,7.657791972784056e-10,3.9929012958142617e-10,5.129506678777103e-10,4.361861015624526,6.389920263525173
N20000762,377.0,4.21413573908014,83.37930311878017,0.8976999363866204,5.361603090973186,0.5888705734197442,1.2731921633740175,2.4873216011664326e-10,1.7362126182403176e-10,2.087681054216724e-10,2.3171678101271005,1.9680275672278968
N20000763,374.0,7.461782186114386,25.63252791455367,1.1577429583589913,20.03937370540513,2.207680625011874,10.536788651269646,1.259058416379291e-09,7.265710002017476e-10,9.635773137529922e-10,22.0758179213774,10.888286034959703
N20000764,395.0,8.926559616854588,37.74431348437784,3.072009850322553,7.98570794068638,0.15192884552752026,0.08365581477228391,8.97026565664583e-11,1.7623386471502945e-10,1.237992982915289e-10,0.33304023073356204,41.702784216335544
N20000765,370.0,2.0452536344671266,64.07790132549802,0.18165917220485214,12.066898008839747,0.7262974686752401,0.9664646503958427,6.694006953137839e-10,3.499830374006764e-10,3.714988999548918e-10,3.8954297310071557,16.040096007521118
N20000766,325.0,4.484259601723988,45.69462356180715,2.6086677611807216,7.396640520938545,1.7213525596356323,1.9040892824939308,9.316480259389757e-10,2.3760540197432766e-10,3.2528731619631115e-10,0.8298859346761831,35.3604807760493
N20000767,563.0,8.349867883279465,67.26281842249456,0.9866278979012871,11.053722919055465,1.6932628825611349,1.513453824596377,5.912122983646163e-10,3.209530725724733e-10,5.132448234253906e-10,4.524091127116096,4.616155041570217
N20000768,484.0,3.2765027207874615,70.36539526284503,0.7726832949249313,12.529403876358893,0.6592629705058737,0.6556589299878841,3.4282804246314084e-10,3.438687223515816e-10,3.6783255173396743e-10,7.686440538516191,4.054652405019196
N20000769,483.0,8.126694077925542,40.8543776222759,3.531777775071983,9.020189276232799,1.1429456730108487,3.193600373101125,6.97580837106711e-10,3.4745371065990935e-10,4.3230841401008525e-10,1.650934652581482,32.47948054832297
N20000770,579.0,0.5160914672094863,14.02873592807579,0.12264698655390703,30.572662715609283,1.2819904854461441,0.9116496847113649,1.3085761862765286e-09,3.5335621060631013e-10,3.350737306177791e-10,47.84761862198731,4.718604108409704
N20000771,417.0,4.865362135463473,48.74026066212302,1.5024388550302623,9.452727033143194,1.3152281017108798,1.270845192659033,2.9283642197052756e-10,5.231832614406815e-10,4.2860158137197066e-10,29.044272224359762,3.8088657942657673
N20000772,221.0,14.63516047769892,37.21508591073375,2.7125505427489096,5.099705947542866,3.937085508796883,4.53335223696752,2.785655097031435e-10,7.526257138813127e-10,3.2361050662455233e-10,6.042662069115741,25.824397305040627
N20000773,425.0,9.16911938670098,57.813607035520405,0.4680297685005847,8.949282301756913,3.3441975018748176,7.97062495481833,8.737484637405363e-10,5.28557527002156e-10,6.077448469349398e-10,3.803567752700634,8.48157129611728
N20000774,227.0,8.298136098287532,72.61098395122112,0.22894759865585956,9.99635382048404,0.8688500367732196,0.6266464091523072,6.901921445608789e-10,3.1903611468128413e-10,2.8796148075833104e-10,1.9402755745573423,5.429806509571392
N20000775,441.0,3.172194578716487,41.68030769710252,0.4388070145127736,20.075256754560172,2.295300336014693,2.8778640668665676,4.5598759852916545e-10,4.797915364196945e-10,4.925714706719249e-10,20.375551735335833,9.08471781546258
N20000776,535.0,48.17969574329118,18.136528844369096,3.552905572414263,2.623310198293496,2.4522756938586436,6.078344365159861,1.5220843256213635e-09,3.916916590605076e-10,5.885128342682644e-10,0.9600419228426952,18.01689765726848
N20000777,225.0,4.90480374152061,72.26840397633039,1.2515968954666796,7.902932513219615,1.236965100100867,1.3852984315717987,5.647938929465014e-10,3.6658916997576355e-10,4.6432224041590135e-10,4.466532391190196,6.583466949204117
N20000778,254.0,10.065646726527536,82.09451592819494,0.3090019196957845,1.3168851030965345,0.37901462330796526,0.16674961295239518,5.6233564657712726e-11,1.776737890593571e-10,1.6110540897205495e-10,4.815554630385857,0.8526314554439812
N20000779,345.0,12.767279614508714,81.18078435592973,0.9614145000716436,1.029264532203125,0.44107155042406077,0.3893809784000626,7.033876150427289e-11,1.7361155570852138e-10,1.7610980073609643e-10,0.9493706546954769,2.281433813347143
N20000780,161.0,4.143976490203981,90.41813489630825,0.01886628627907203,0.3305914513378888,0.03526154276886279,0.012441291730651793,1.2911923077660891e-11,8.611847306272458e-11,5.4725249493563484e-11,0.33205412155235925,4.70867391966517
N20000781,419.0,6.012373758670238,46.744204996476576,1.347886928419554,12.760141713815425,2.5143512455598405,4.617713199760033,1.2593728180738176e-09,6.988463766093293e-10,7.765445438637408e-10,19.96004834041372,6.043279814149838
N20000782,401.0,7.193467898249863,64.3848123075778,0.7145803659550405,13.556043547435234,1.0403658089995227,1.036638205849774,3.566069463008383e-10,3.5844499624579627e-10,3.6008209831406173e-10,9.537497038176642,2.536594826680976
N20000783,581.0,5.552165285041672,58.64829037987127,1.4243436899501578,7.160563115787913,4.472899891100858,3.541078187313871,8.360480357707466e-10,5.804219605139755e-10,5.694020239877415e-10,9.33127609796834,9.869383350980044
N20000784,383.0,2.492627108462055,53.30389635399392,1.3349762135221153,14.754812781408615,1.850332478564094,2.303316290581659,1.1425638296492526e-09,4.7577930230762e-10,6.621198782536959e-10,15.552966604488363,8.407072166698699
N20000785,470.0,5.132004211633384,40.812817875221754,0.4265318298867401,26.852642032780494,1.3496287347963507,1.3793472711608061,5.857356175857561e-10,6.399755248639435e-10,6.138869302242374e-10,15.781677172454861,8.265350870226019
N20000786,277.0,4.418271667849578,8.238590158180404,4.133328477514335,4.279592150287178,1.1910321503946006,0.5020366446391031,7.393336015586777e-10,3.751017086297018e-10,2.426127980032561e-10,0.7283746641707873,76.50877408560696
N20000787,517.0,7.072273575688261,54.96322126233791,9.690786304650665,5.81777893999175,15.659827461435928,9.950526371580114e-11,3.8549192750259547e-10,4.610801022470803e-10,3.9750167632792705e-10,0.8829439093933603,5.913168545158531
N20000788,735.0,8.208284586217875,59.67921466298396,7.160877478293518,10.931222755459693,5.637005381727103,8.295797416000878e-11,3.9145297828164e-10,4.3318862806503613e-10,4.186793980845683e-10,1.5812956080385125,6.802099525953047
N20000789,450.0,15.331961436756089,38.45986582766488,4.5567786124236775,27.304110332215064,5.980439902469499,1.6381335006997783e-10,3.895860490292634e-10,5.981920359632378e-10,4.200377552816014e-10,0.8810817001277224,7.485762186771448
N20000790,472.0,45.632068842978164,9.210601630100593,10.872563862007237,9.115719855259186,5.837189269287007,2.4722097996675703e-10,8.678189502433657e-10,4.6202959872492304e-10,5.593226008593301e-10,0.5607102905719656,18.771146247659445
N20000791,504.0,25.553843203792336,15.207319609962713,10.9107631767233,29.313967399629103,8.412984735952017,7.274010159238086e-11,1.0122458045962605e-09,4.2436327253061977e-10,4.5023573011351337e-10,0.7203683174143359,9.8807535545666
N20000792,438.0,11.797870820318767,49.40286702832761,3.1108848790842134,20.782849521460196,2.5112070867473815,1.6851231422236667e-10,5.938363402357269e-10,3.8575384128368157e-10,4.358459116561079e-10,2.4886145059679006,9.90570615650996
N20000793,525.0,17.946261277327054,49.25552411783292,10.221535611645525,10.215745343366107,6.653035419087205,1.2186800254931277e-10,4.0129282146348683e-10,5.141690911357601e-10,4.161575903997583e-10,0.5899558212248243,5.117942408062878
N20000794,570.0,3.764168841377384,47.05619891695831,3.105193416414256,31.643061830768637,5.464080907684397,7.427255038674845e-11,5.514331594508827e-10,3.847952379211543e-10,4.265132349080605e-10,2.0036236814833908,6.9636724038766085
N20000795,649.0,43.9215747937012,10.52408762311028,8.69743538738533,16.402902611238467,7.440477814777573,8.089264029614544e-10,7.632786308423488e-10,6.04212074868731e-10,5.454567979247521e-10,3.030233178916831,9.983288588148453
N20000796,713.0,25.207668888475908,24.173898983608588,19.643425180933612,13.757004307473423,13.751865733907048,8.005511673407573e-11,7.658298044175893e-10,5.476203153763095e-10,5.238271724413945e-10,0.2593846774111388,3.2067522262729367
N20000797,531.0,45.14548866524102,20.132089157127847,13.667286918132051,9.813791355734214,6.452889553254337,1.3039056531985119e-10,9.888194046213056e-10,4.94308018472103e-10,4.491916289242934e-10,0.3810125875590774,4.407441760888734
N20000798,499.0,65.98658131660795,5.60999649190136,8.780070720251977,0.9835170005094774,9.482757722146793,4.36689612370258e-10,4.44364440352231e-10,2.856967652783422e-10,2.897090279846238e-10,0.23477395381495966,8.922302793311033
N20000799,562.0,20.850392784952223,15.412600324914113,16.64670842089461,20.07701180684068,21.80206448279989,1.3222834036925688e-10,8.1456329792154e-10,6.566660001360302e-10,6.14024263435792e-10,0.8911776425471127,4.320044534833899
N20000800,596.0,49.15868405232046,6.258675993324029,13.48173169783076,3.5939790927348203,13.62790980129572,4.895760313824207e-10,3.2813234246458687e-10,4.1013500713302983e-10,4.2011028416622085e-10,0.7776919349559611,13.101327425890302
N20000801,500.0,31.680288492124404,2.6377226246574215,17.180233898221793,10.927860795922289,4.0316335138520145,2.1128265828420035e-10,3.0285502277082424e-10,5.43991167617969e-10,4.4155781119713754e-10,2.089787432742489,31.452473240979884
N20000802,526.0,24.961537753059286,16.422668528343568,24.24436621700914,20.27116946924216,8.567344493235328,7.216874259087847e-11,1.0873206938738978e-09,5.996807066100308e-10,5.939906170794322e-10,0.5391951752024693,4.993718361554878
N20000803,544.0,17.067842894459783,31.43746795195772,11.272393692074216,22.164124639355524,14.011624782867235,4.0304339388098496e-11,7.063533145291088e-10,4.879926865953592e-10,4.5382024700262153e-10,0.6231503389760349,3.423395698621006
N20000804,344.0,5.149256691028868,21.295839802754625,7.572632033451214,13.445605218051545,44.64605879573441,1.043665514629177e-10,1.4804971109748757e-09,8.89179842412851e-10,5.90195389995777e-10,4.777834867228265,3.112772588686848
N20000805,571.0,53.159656851636704,6.491917958560416,11.211380542358311,2.237998351651128,14.190194416965937,2.345485082433413e-10,8.830488693836971e-10,4.0176448123197356e-10,3.948496350413016e-10,0.146307143754676,12.562544733158628
N20000806,478.0,50.87507230466134,9.398304987899445,13.39652118901592,1.05939754175279,12.545346594874736,1.2456515362381816e-10,8.785785630891084e-11,3.1875919108112475e-10,2.6246746721381594e-10,0.2602362974167618,12.46512108358536
N20000807,604.0,15.237993801950115,30.88112210607244,12.865173078387503,13.001323818440728,20.505010303826516,1.3327196550700651e-10,6.392998333575827e-10,6.282092738395329e-10,5.428632014763458e-10,0.7200320887643171,6.78934480061472
N20000808,521.0,9.533811496974948,31.8166596723461,22.102886859009267,27.839646774718595,6.2878077964784795,4.0010288532442794e-11,4.0379455503625857e-10,4.899606564758727e-10,4.3994671526037827e-10,0.9916165494670143,1.427570849631894
N20000809,559.0,50.1728504346598,13.481598261348676,16.346523945854113,3.7653318686317765,11.787014361601619,1.0973085369734282e-10,4.5432489202310325e-10,3.010709978524761e-10,3.3844427053655925e-10,0.1868136999718152,4.259867426728625
N20000810,428.0,23.954654489120113,15.971979573903154,10.817427840728522,5.395124234841809,39.92392025953425,1.1245732247418586e-10,1.4511317176997544e-09,4.638113150666543e-10,4.431170925447945e-10,0.2144507417880912,3.722442857613537
N20000811,644.0,67.29540739476462,6.14075594409411,11.823423421971318,1.7412899488634714,6.526576022219001,4.306908266636125e-10,2.501931805808314e-10,2.657629057441218e-10,2.92664786727039e-10,0.4046180623635135,6.067929204484648
N20000812,318.0,5.7406472301866875,26.032347297903407,6.575933386012678,41.657622665202986,16.574548155168397,5.97413341694404e-11,1.3373841722250136e-09,4.033184221681214e-10,4.3890588143660674e-10,0.7677263674556288,2.6511748958308665
N20000813,247.0,53.744981857327346,29.497196076930482,2.9917648407828725,0.6335146723445731,2.117019008402955,1.2018448143034127e-10,8.069645224038743e-11,3.111648602649949e-10,2.830326803385874e-10,1.1880333793194955,9.8274901640972
N20000814,338.0,12.72677243866634,65.65489880299992,3.2981747038312275,4.392217383923608,8.372309600272045,8.681769104640183e-11,3.327622039962475e-10,3.184108215438592e-10,3.1576589120777533e-10,0.2900263151367569,5.2656007541163365
N20000815,371.0,4.681872036011707,38.00892889653864,9.666386077894398,20.163753792499943,16.195834114629132,4.364271620336157e-11,9.85258518375475e-10,7.798137393977074e-10,5.112426205890474e-10,8.953936020421137,2.3292890596850953
N20000816,613.0,7.559084883034327,25.03150084933008,7.778881469622396,30.204579882510423,23.969089085655632,8.10689455562321e-11,7.411675258095094e-10,5.826878050113358e-10,4.666374275322093e-10,3.6021090263288627,1.854754801646713
N20000817,749.0,15.263172912230432,27.97298201671551,3.589199558869547,42.9776073756426,3.5607460067936705,1.3163830668664789e-11,1.3626243052906953e-09,4.323251349514402e-10,3.0955779709797365e-10,0.21879607491935701,6.417496052711213
N20000818,442.0,5.110999251161051,63.38939484338367,5.741218134640503,13.9403164945791,6.496078543941255,2.6846620350279944e-11,1.7906772982617074e-10,1.49326563677097e-10,2.0382442042689777e-10,0.11441634642587462,5.207576385309463
N20000819,356.0,22.903401578133593,9.668388029954533,16.738929591024394,5.919796921539522,20.38255310005055,1.5109491384785152e-10,1.0259424413026558e-09,6.725896960784431e-10,6.35370258389931e-10,1.4478493347102042,22.93908144210222
N20000820,442.0,41.16390331734314,6.928676945331048,7.613637520665673,2.388652038105572,21.558101473468756,4.011662076949201e-10,2.886080057113481e-10,5.157166771738155e-10,5.062979308991902e-10,1.1279988747989373,19.219029828575064
N20000821,318.0,10.146122691609277,9.768819790760237,21.655525294643873,2.0859093537970574,9.113072631553216,2.3722938437908594e-10,7.137137954172625e-10,3.884460278562642e-10,3.3413951566783146e-10,0.7238937797683672,46.506656456194435
N20000822,244.0,4.348433765153572,22.95946358250313,5.249685363399969,47.42451951519197,9.551254626005779,6.400064053422054e-11,5.712085665353067e-10,7.292890371055803e-10,4.2912036563597547e-10,8.893552706344813,1.5730904396071503
N20000823,501.0,29.29995167318442,21.471399524288486,22.568331831169026,2.637575564393044,20.371899114073234,3.340779358157711e-10,5.065135178672733e-10,4.648624598717883e-10,4.6138976239737545e-10,0.9958359794736563,2.6550063116512854
N20000824,636.0,3.463196242532718,67.94366122513274,4.589764387502263,12.37028696448946,4.592035222815386,5.3863762361576255e-11,3.8377928356802004e-10,1.6748870330080107e-10,2.1180908609825876e-10,0.024653606819414454,7.016402349891079
N20000825,320.0,32.715509973754116,3.0683262611806774,2.709225088748983,25.243690369654704,4.176713999943369,1.2642522530495823e-10,3.943523059269657e-10,7.0163436912381e-10,2.9285277152677297e-10,0.15326729571665598,31.933267009486226
N20000826,308.0,55.89786975401125,24.060405841354534,7.192297900946912,7.289513355218053,2.662595774811503,1.0789908300985673e-10,2.945755071559267e-10,1.9578152623521373e-10,2.038574511704892e-10,0.11707856419129348,2.780238808664349
N20000827,516.0,17.80987397396995,45.06481052264206,12.057460714184131,6.693395083337802,14.929204772030241,4.33894406538554e-11,7.22955981357139e-10,4.1895016990655353e-10,3.749610438477503e-10,0.26683671658151076,3.1784182156940335
N20000828,340.0,79.70771127317967,2.78641278513256,6.3025601571756615,1.4023114696769374,4.5278894464610815,5.820713541042052e-10,3.1467534988036395e-10,1.7979631804550398e-10,1.8193268618809025e-10,0.22588388234746526,5.047230984768157
N20000829,327.0,49.19730788094881,4.589466767909708,5.861681733242023,0.7854280310056604,5.72930986632737,5.336043540270698e-10,2.2995416556335773e-10,2.8676320939285143e-10,1.6119826503186168e-10,0.14991729234684767,33.68688842700806
N20000830,376.0,9.615551753107303,55.42855139326104,5.498842777016138,14.529638088006996,7.4163712952905065,7.111411251327221e-11,7.954914119389497e-10,4.666402858079576e-10,5.095463742166889e-10,2.276527895046773,5.234516796428447
N20000831,523.0,6.92486760822362,42.22666675119971,15.401270771277167,23.12540520114603,6.306537752430863,6.444752437233399e-11,5.878005176281159e-10,4.876078416874647e-10,4.678721450607781e-10,2.047412921421756,3.9678389926931117
N20000832,309.0,37.202292479515485,8.102793897715605,10.913503496565545,27.1260158513602,2.9503020304930185,8.225419149830108e-11,1.553096489687924e-09,4.794288312183606e-10,4.941593042939509e-10,0.46520722562605477,13.23988501611515
N20000833,521.0,14.587580524096186,72.96523141999064,3.243441434914861,6.256358435895675,0.6659359429395129,2.3248727208997366e-11,6.865143419069559e-11,2.5608358537094046e-10,1.4579257916298725e-10,0.27723515347361116,2.0042170881957295
N20000834,341.0,40.45275712655824,7.595588276129142,8.97923105446869,3.9925676518436495,6.1254451275893755,2.457948647110583e-10,2.88504239669954e-10,3.219039072862625e-10,3.769668141625967e-10,0.442117209615624,32.41229355256212
N20000835,722.0,37.9033324107582,10.228453404455696,11.922137247677755,2.1418034530314505,8.352692835852254,9.90231922991696e-10,8.297862690249309e-10,4.664089658730024e-10,4.2989636270340647e-10,0.5756874078091991,28.875893237699135
N20000836,496.0,8.201356766266123,61.32039881560905,3.741750647942996,11.397771797799413,3.102216775738781,5.6069649437487035e-11,5.826099624325353e-10,2.5911666700914453e-10,3.016302367357013e-10,0.6503800897381588,11.586125105706033
N20000837,574.0,51.46138631811938,5.266711992020794,25.270401516227047,0.7495992838013871,9.250497122924017,4.928112833168887e-10,4.318628743393563e-10,2.953305579801591e-10,3.106366757546599e-10,0.4068062407246516,7.594597524652093
N20000838,463.0,14.464955820597877,33.03665045536449,15.229661508500502,15.780497132855443,9.684783607384274,1.6083809531631374e-10,1.0872959151203877e-09,7.141520390239207e-10,5.797491416596535e-10,1.311776862068754,10.491674610686633
N20000839,359.0,12.392813942658867,49.062324691780766,5.52722479402419,20.716921596001153,6.533843775815988,2.1303974116708637e-10,1.2827854711767115e-09,6.234591057461114e-10,5.428728243533629e-10,1.9718677575296575,3.795003439527226
N20000840,380.0,9.297570642931264,26.598987645702877,16.321763575742388,36.60677616997351,1.955334033549026,4.049573995039157e-11,8.80321035386677e-11,3.2887886488292046e-10,3.004607125822865e-10,7.557834815545947,1.6617331157971378
N20000841,892.0,18.250280617543847,28.42934239183662,13.100722040775626,18.492845684989646,11.491548903308962,1.3165922870756325e-10,9.191604455276915e-10,5.840147474951583e-10,5.868645857396926e-10,1.2783948599830408,8.956865499340562
N20000842,320.0,56.46570672744106,4.1771711254237935,5.686461322726308,5.601569124105885,12.715775314578643,5.281145046180747e-10,8.478762770081853e-10,3.3308464371460074e-10,3.310869939897046e-10,1.1910182369683802,14.162298146715768
N20000843,344.0,7.109369192029997,60.914228131521575,3.5332525350438426,12.572569858431937,2.4498707031905407,9.933054052808438e-11,4.853228997863516e-10,5.999976802244279e-10,3.596524311846982e-10,4.87628129432233,8.54442828391549
N20000844,520.0,37.635664890928894,4.081171563861816,2.889173362222067,8.145951756047552,18.15764933214334,1.2554174436802882e-09,2.1169593140821915e-09,9.151805757493948e-10,9.625019361633069e-10,13.210991156734494,15.879397932811779
N20000845,344.0,34.40709747872046,16.565532663046632,24.835252150613734,4.987441525198644,6.6196688898794696,2.072057001473354e-10,5.437011836069739e-10,3.8178848237033876e-10,3.803546014005258e-10,0.5339938597830696,12.051013431244954
N20000846,413.0,10.243905642673868,46.28633345058806,11.245857422090348,17.149608526720804,4.888200809061059,1.4819167534756726e-10,5.972811458472485e-10,6.278380819192932e-10,5.971867335244452e-10,2.927829829225313,7.258264317670046
N20000847,313.0,26.916107879869955,4.165525724115355,5.329807502639012,2.913383268820555,10.182750109979285,3.0195220713108984e-10,1.2635741400111916e-09,3.4487353613592024e-10,3.528109328391995e-10,0.2286804020336011,50.263745110279025
N20000848,477.0,4.027446778944989,27.364309138008313,0.9247488363228827,50.23959897240523,5.884974024428178,1.4916844810055791e-10,2.093490697865649e-09,6.870499118959354e-10,6.389972105512063e-10,3.200487779833399,8.358434466488312
N20000849,574.0,10.067696354312083,44.742828596932526,30.165557457904907,7.038152099698087,3.893423065647527,1.3092963877059938e-10,3.695093848228402e-10,4.0758922026879857e-10,3.4633424188208115e-10,1.046463940759727,3.045878483490796
N20000850,282.0,29.29307515623248,0.5670685892625168,1.5805491660745323,13.578698762477243,2.0307294686247186,3.5641932515188307e-10,9.38187060081308e-10,3.190750776242626e-10,2.710286524786451e-10,0.7963454042980119,52.15353345114578
N20000851,467.0,28.102896214257893,16.80986988228477,4.550969704513385,7.795209791652883,3.123075425570505,6.499994171461235e-10,7.374034451112419e-10,4.991536803419162e-10,7.030133857434148e-10,0.6755290545838828,38.94244992454712
N20000852,440.0,31.421905372005003,11.39180410812752,2.3977653622044715,8.255579905111059,3.2957650947464314,4.0723831828713864e-10,1.4367377415420808e-09,2.4977180090604387e-10,3.590367222647946e-10,0.08249091639952712,43.1546892389532
N20000853,532.0,38.58531147043589,12.69644624157106,3.801912281106845,5.17757575940527,2.294109913695987,2.5932411628708266e-10,9.91616562810458e-10,2.4941109758386675e-10,3.170586385416327e-10,0.1128538642019642,37.33179046776557
N20000854,329.0,8.215301867481479,0.37262122698773265,36.743857444796014,3.4828515146253416,27.01368013446941,3.279892703958091e-11,1.2053648925392076e-10,3.4565447416283787e-10,1.1227733967300893e-10,0.13209976558876413,24.039588045440002
N20000855,1498.0,0.013647607738207482,0.0005210673310682385,6.255661088664727,77.24238926585456,0.595451931933997,2.2919660788305225e-14,1.534212439990114e-15,1.6701311688804445e-09,3.744157027675099e-12,15.574294858536414,0.318034178267128
N20000856,443.0,29.68747072848366,9.931620325775912,13.78240457853454,0.37662854378593863,12.064069523824566,3.5432194661266516,1.7728303357552224,3.4712988939115464e-10,3.687455850834236e-10,2.8493794068443486e-11,28.84175649696914
N20000857,568.0,18.597023018336206,0.1952357442797114,21.27985387087059,0.07616882236617892,43.5170089656193,0.2576238310032259,0.35269829542957387,1.1267740121423762e-10,5.805282331636836e-11,1.8604405023962416e-12,15.724387451922627
N20000858,431.0,6.736455936783438,1.0224356880196406,30.09450991786695,0.325893711855732,5.575271084061509,0.4957641207829101,3.001931676916497,2.9708886978227535e-10,2.5565146891238454e-10,6.227659156730664e-11,52.74773786309831
N20000859,376.0,53.307567055603954,1.456393088463701,15.918034526795633,0.5731549708932302,10.12656140845611,2.8917623287613625,1.4673559038106971,4.2016708633338785e-10,2.5972479955123626e-10,1.1363236094035146e-10,14.259170716421787
N20000860,491.0,31.26198142466613,7.654936738676664,30.87537022724316,0.1897732705257082,18.6454808338322,6.869724290065012,0.6052474444740975,3.667618911549184e-10,2.888932408620762e-10,9.861225610075805e-11,3.8974857697627687
N20000861,412.0,35.44185014751833,7.216719468073937,22.752468641011454,0.2816720654591924,22.171167227278747,5.164691401445088,0.616785359279944,2.6190750710450255e-10,2.2505695862781523e-10,1.7031175217455018e-11,6.354645689429322
N20000862,471.0,48.22258469681415,9.55532544791376,13.76186616262608,0.4440558274134211,10.183963535679572,5.774574171100215,1.0002645025036792,2.41007147240213e-10,2.42888079163179e-10,2.9282850561451773e-11,11.057365655435937
N20000863,319.0,38.49827601068067,1.8437209494200375,18.634880155106266,0.41145397023995123,22.784360646535962,1.9907097800308293,1.582380721756996,2.8595531315492875e-10,2.5270948879144994e-10,2.4864280186795684e-11,14.254217765665745
N20000864,192.0,40.06488028611049,8.935279496415635,23.612171802423852,0.5979838903659276,5.332017709288635,6.577521603048507,1.0240701217503585,3.633696807172039e-10,3.67544118220461e-10,1.6610594597842952e-10,13.856075089699557
N20000865,395.0,31.64084861223057,3.814947464128641,14.001429021102762,1.3178060285602153,16.228998738601007,8.56424879450258,1.9633036568284992,2.7922418682985553e-10,2.8899325733517277e-10,4.758878816266122e-11,22.468417683429916
N20000866,400.0,51.07065796500996,6.098044284829632,18.308867248596425,0.506552079298379,7.114667822859869,2.198828670362951,0.6746087839185062,2.2269528160918605e-10,1.95370313408637e-10,3.88405995991972e-11,14.02777314466738
N20000867,393.0,14.643824832053804,2.475011442189522,14.131648394794889,0.9460077442571886,27.278673752981682,4.145669443399689,6.831132953117086,3.596781297919371e-10,4.346945414289825e-10,1.2208250072686361e-10,29.54803143628969
N20000868,375.0,43.39473033953101,4.719761058054691,17.987176284572943,1.6373056383297124,5.739597634896102,2.102161121534811,1.9427780721805934,2.8259345313212163e-10,2.8655711901737264e-10,2.957430706699817e-11,22.476489850301416
N20000869,388.0,30.752497365614367,1.6097509172941689,7.3495614534066025,0.38436901830722475,36.899949213066805,3.132493355007069,3.316911646315505,1.993238622104254e-10,2.2425657971260762e-10,1.3712263404394667e-11,16.55446703055097
N20000870,407.0,32.52009151593921,15.638755904645269,5.5385672846666125,1.2619371023880392,19.38972933220513,14.75223633449057,3.815691199333714,9.728138657629465e-10,1.0212968221838539e-09,1.4070712709151375e-09,7.082991322930286
N20000871,399.0,33.209685369324454,5.219166434825831,18.403000244681053,0.10314919204952645,9.623336662859733,5.3115109811380865,0.7093917042830216,2.917167191838209e-10,2.8822095161283863e-10,9.855598922595294e-11,27.420759410159796
N20000872,460.0,21.262969982657008,3.047696807783061,9.99026230059967,0.5207100957604638,19.762875140139037,15.281852836184347,3.8253886606636462,4.3257380815960017e-10,2.8192047642482263e-10,3.901403090864521e-11,26.30824417545926
N20000873,327.0,42.752998669111356,15.951120833067225,10.625263372846593,0.2738106870363402,4.542974541251619,10.978283088478372,1.0288199747757694,3.6210991500573705e-10,4.115440473320292e-10,1.1154727648898792e-10,13.846728832547525
N20000874,312.0,12.542105136907065,11.393620009916393,1.7070806299834442,3.212494616617974,17.627950250971335,14.187036952177056,11.07692647632019,8.504463926129144e-10,1.1580845047680595e-09,7.794201158944691e-10,28.25278592431858
N20000875,458.0,35.961133355143325,9.088249652390825,29.30312654727023,0.7949646688558468,3.089504801302992,4.06747269717635,3.8914298569735815,4.314151719523405e-10,4.6393376927051015e-10,1.9855413955688254e-10,13.804118419792943
N20000876,256.0,44.06832838371827,5.658679070847312,20.820957815521528,0.43731861141969874,10.64610252106983,6.952301914263098,0.799817622418793,3.737879974622557e-10,2.589204054029307e-10,4.1021097238059586e-11,10.616494060067726
N20000877,528.0,34.269614001562594,11.723828000113553,9.983258657255083,1.4995458461141116,9.878277465684382,13.140209796855373,3.9557173381786153,5.264044949093471e-10,7.341663899771234e-10,2.920637400968549e-10,15.549548892683665
N20000878,351.0,48.622619615036996,8.519869228214928,14.575172191283626,1.4593061711048358,11.663848200848458,3.587689916422702,3.571247846847439,2.1670287770149146e-10,2.465682625351057e-10,2.223795370999594e-11,8.0002468297555
N20000879,265.0,18.38435229670847,1.7069934722876785,7.699714308257404,0.052648043731014976,39.80656527109785,8.09176478836856,4.228757135470418,3.392920383450468e-10,2.653614476581276e-10,5.997333958574037e-11,20.029204683413994
N20000880,419.0,11.794539443888477,4.2765965797932415,5.292699263362506,0.33392003966558764,16.001769517317108,12.750064967455977,3.65494098322341,6.073466088441717e-10,6.936531120877984e-10,1.1690416488635112e-09,45.89546920282366
N20000881,467.0,27.26255792534636,2.250539187773307,18.739769279351354,0.5715515690391096,18.78072364534368,11.60105532592699,1.742007322337638,3.516481932916054e-10,3.478314831781432e-10,7.498049935644109e-11,19.051795744107107
N20000882,499.0,50.69545699629572,0.27877514863227976,7.786664573580951,0.08852609731815511,40.82506776968561,0.08434660267605733,0.008371594267677116,1.2088128561206114e-11,9.726157367537302e-12,7.090932844723543e-14,0.23279121752166876
N20000883,373.0,18.78992640417823,1.9906467643895303,4.99190901591902,0.09305704237309133,51.944469682394256,6.490981789425694,1.8921886469484566,2.8302195873765674e-10,2.478214520891999e-10,4.6603710305300805e-11,13.806820653794272
N20000884,304.0,39.82594310504451,9.493321243862257,25.67405801343202,2.9096156101066577,2.46213466590059,3.3352320477044097,0.8720449704417434,5.299810897358043e-10,5.01062921186287e-10,9.751513402086808e-10,15.427650341501625
N20000885,389.0,6.670039629564509,3.2343368705752495,18.591441123410117,0.703178366274358,6.1835875106030755,2.013577159782357,2.599711538872311,5.218070726016982e-10,5.11603403720628e-10,2.8688411946405406e-10,60.00412779959774
N20000886,455.0,4.47049830780403,53.14925262136268,7.599592921335713,4.188205711174151,7.081355826563892,5.379494173075503,5.393868648364877,6.759774005332259e-10,8.860389172844179e-10,5.265633503497799e-10,12.737731788230578
N20000887,637.0,1.6178535677952695,93.59086541889523,1.0459888899337586,0.6834037678495043,0.5854882169397339,0.29268646400449877,0.3318563321434363,1.1366657280934717e-10,1.3394803273017426e-10,3.131409333901749e-11,1.8518573421596165
N20000888,523.0,9.305269012503253,4.128409046915958,9.590740699558442,1.6743965299173034,44.98829983629073,7.216144762212527,4.466186889833087,4.3807026332146536e-10,3.8804098129773493e-10,2.2704668803823685e-10,18.630553221715537
N20000889,282.0,25.447629382966277,1.5854279877291821,23.18495095441885,0.17424077057779933,25.64816913635229,3.7536081230782754,2.737217560686149,2.4779820257091633e-10,3.3326031258840254e-10,4.736883408962145e-11,17.468756083562756
N20000890,479.0,36.699691436526145,3.6017898415633383,29.211100821590215,0.3856295536784915,23.896433658771326,2.220453083296956,0.8701286481976609,1.930102080761856e-10,2.437264340593721e-10,2.7482942030890075e-11,3.1147729559116577
N20000891,371.0,18.809715682224258,2.775334866778554,8.973846479626468,0.2520440464753355,23.601735826124592,8.969276816704165,0.8541625703384053,6.797407042957147e-10,3.529144965934332e-10,7.739019282328125e-10,35.763883709921664
N20000892,523.0,32.87497880637466,15.771597939513429,17.239394659344907,0.7556436970189515,4.502588908609979,4.61601340031186,1.2100113974914566,4.277029561845451e-10,4.2075076527944923e-10,7.862015956080824e-11,23.0297711904077
N20000893,519.0,38.28170291763304,22.431758365739398,10.573819183185947,0.5878802970638608,4.840346926163975,5.367823234346076,1.327836124233326,2.550987595790285e-10,2.526438440310865e-10,1.8352343401872923e-11,16.588832951108287
N20000894,548.0,13.43189756770913,41.75258242355189,10.107844339196603,3.8894073903407302,6.260341406975249,5.2057514559864675,2.2532048666307163,8.269608341604623e-10,7.792919666580131e-10,4.744934060993019e-10,17.098970547528456
N20000895,232.0,15.351902134703584,2.7350046585960164,20.334701208361412,0.7145082458918821,36.39813252063689,10.026684678143946,1.530524357818679,5.097348992253646e-10,3.130030022754998e-10,2.2060830760428476e-10,12.908542194804248
N20000896,730.0,3.6203386471648127,76.4597507261429,3.6082503555736127,4.377794205350019,2.7646377099130817,1.5500858099317663,1.2862631077337063,3.344676358940841e-10,3.9836670113531937e-10,1.689833843740196e-10,6.332879437288268
N20000897,411.0,33.5380764443072,4.658192110658019,31.419165784804743,2.0902947057234953,14.320032951778822,0.6525102013024335,2.1527470474403523,3.4698089969096646e-10,3.2176622128517954e-10,4.553669964589118e-11,11.168980753270649
N20000898,270.0,42.694751653227776,4.489775910017205,10.2592663369844,0.17980900381794987,22.22293568292612,10.85360947799372,1.5119767578412904,2.411398511173397e-10,1.8415515738827869e-10,8.391704375057171e-12,7.787875176757848
N20000899,444.0,28.830792939833184,5.599089493742023,28.510815464440793,0.21627759043549785,4.41197788877248,4.218139864558033,0.8283927179349899,2.518324072682335e-10,2.0800145500478976e-10,8.007456512872e-11,27.38451403974308
N20000900,357.0,30.96297180339563,5.9313810237155655,21.55821234236309,0.2881336384570966,9.648163347566886,6.400007030031335,1.0242438979429702,3.012273629939657e-10,3.2925044878259995e-10,7.045463615859476e-11,24.18688691582649
N20000901,356.0,2.088596644993972,1.1133169071958124,42.668481837840226,0.9552462259932436,1.578049211484249,0.45789713604276344,1.2654302817880725,6.069590817803233e-10,3.3148806565313067e-10,1.3001505741758793e-08,49.87298174072171
N20000902,606.0,37.860125414887925,2.999953033779735,30.0461312723189,1.3384949156226134,19.39880248003189,1.3006023486914162,2.2242223739452385,2.234245730627489e-10,2.7839591832982733e-10,1.5493795181787473e-11,4.831668160204973
N20000903,429.0,40.64859549342961,17.114098324829733,10.252633003766016,1.3539723400317223,7.284403641471777,15.056238342180864,1.199456879840433,4.551309150830696e-10,5.500836132636045e-10,1.0104506559075084e-10,7.090601973343576
N20000904,514.0,12.81612198140428,57.727685527005036,10.342273391575505,1.7094529713989086,7.375023817802043,1.1026532793101325,1.7675732857359936,5.570520786638142e-10,5.688551427620733e-10,4.754102001421782e-10,7.159215744166783
N20000905,407.0,21.76313614812425,4.811067502864903,23.207148999624305,0.48404077889972047,17.629420363541705,5.7693610072964185,1.0565455467969112,5.887262930517293e-10,3.1581224539354027e-10,3.1331055571623e-10,25.279279651633946
N20000906,216.0,50.14364866191385,9.812438002339935,15.754258938839543,0.20488689977383778,12.387274057868456,4.019327218073781,0.22360442730385768,4.2150626776716754e-10,2.391844368052454e-10,1.7031725324974004e-10,7.454561793055718
N20000907,403.0,23.049377835158268,4.936711309686561,26.98030348378171,0.31548917421832223,12.475083473593608,6.509307261170026,0.932499657180867,7.330981762615188e-10,2.952462775341709e-10,1.896292545395154e-10,24.801227803992678
N20000908,430.0,9.960887237461554,1.524077163517695,6.357040169553812,0.190894896262907,24.960546181996953,2.6495395348772814,1.3352245636655264,2.6401782911960436e-10,2.1539877356215193e-10,9.056741747695142e-11,53.02179025209429
N20000909,693.0,54.008454226769906,3.205440984139845,20.75544520139812,0.3897054954935755,10.419599801381327,1.1445130363245395,1.0294083469723203,2.2218741129536784e-10,2.4894622355535443e-10,1.4326106864417222e-11,9.047432907034912
N20000910,385.0,14.678755807122515,9.098773706694061,6.705746163558982,0.9411060357046992,7.192782971558177,7.717069670841706,7.097824244001768,6.258356009618457e-10,6.005361400812867e-10,2.048149444248162e-10,46.567941399086905
N20000911,277.0,27.46553786494397,7.903934888464746,21.84374734453544,0.5733833512477846,17.288925293419165,13.543127598956477,2.63035763703402,7.926155649240069e-10,7.691319865909163e-10,9.062645464804995e-10,8.750986018930375
N20000912,349.0,14.834744637920316,4.14675071874024,14.738344955202972,1.0317477880800234,11.731481746924226,3.00959492795119,6.860719309581071,5.529801484962697e-10,4.505311297640891e-10,8.576385089383383e-11,43.646615914510676
N20000913,319.0,25.525367081296157,4.892928183211003,32.276746554685126,0.7549876624293118,3.387443949597531,3.007523589836475,0.5759204733685082,3.786790218604437e-10,3.373054726616577e-10,5.389125808762458e-10,29.57908250432098
N20000914,342.0,17.592270332175094,8.523157103790792,20.97846860200423,0.5946599820069987,30.139382504853884,12.12447088401596,2.5862400499097262,8.574884995854669e-10,5.119059545294366e-10,8.15471993981105e-10,7.461350539058455
N20000915,280.0,17.933443358685754,7.835718777732255,12.103661325635139,0.9892868546824678,2.8516217372215267,5.9159258655720635,0.9455618801245269,2.916715488775312e-10,3.141298859357547e-10,2.0353983480825257e-10,51.42478019953691
N20000916,402.0,36.59098347104283,9.502692292763472,13.580734716287484,1.3436411455268056,13.44827030751215,5.814151850727677,2.353222227686792,4.03310903898459e-10,2.651114062162959e-10,2.0609287912015448e-11,17.36630398776376
N20000917,435.0,42.94507310060495,7.402200316003897,11.64899958070678,1.2331113649574434,7.516121418481496,7.253347984334593,1.978865060989458,4.5892648398419987e-10,3.2087998730155816e-10,1.0532044699126012e-10,20.02228117303625
N20000918,335.0,34.96074749014905,12.859311695703173,10.273023565249815,0.6086182097243173,9.426813812383749,8.45849825447722,2.0585486132925928,4.965366894321863e-10,4.386949053639746e-10,1.499567131822298e-10,21.3544383579349
N20000919,421.0,16.4988484675394,2.843729674051872,21.228013430625303,0.2607959285733522,9.108718345997623,6.690924873147225,0.5314325899353151,6.042067505313509e-10,5.137059380031848e-10,1.0645151327297717e-09,42.837536687947484
N20000920,326.0,53.02423505350927,7.950030973815656,5.357706314673871,1.5089756756679287,10.61923763927333,7.906712806624028,1.7663181090168931,5.804050895125954e-10,3.8581261679095966e-10,1.4998546330714988e-10,11.866783426302838
N20000921,309.0,41.01011821432496,16.386754161515537,7.856694898095003,0.8302215737868199,3.435490329885118,5.386969691516221,2.3856076160129085,2.9037097458936645e-10,4.2201599730615877e-10,6.550077950889535e-11,22.708143514085542
N20000922,420.0,23.30513456931807,11.374263935740508,7.807902901909984,2.593937894969779,23.41875879316962,17.4404733696563,2.850797031996531,6.968132258513872e-10,5.565689274850341e-10,3.435785171428376e-10,11.208731501642259
N20000923,372.0,30.97311927084402,6.8058601021439,9.32322912525639,1.1032372174370757,26.723349580144244,15.162469418795737,1.160412886184869,3.584967126623698e-10,3.2073013560990955e-10,8.946653347913378e-11,8.74832239842508
N20000924,486.0,6.476963809893476,7.486207947787378,10.61867178799447,0.5211717107717198,9.690939361523403,2.892985185911291,0.37713135973127615,2.6553363065269126e-10,2.2526098211858055e-10,8.34481732296634e-11,61.93592883581274
N20000925,238.0,5.009318987042936,0.2592882081336993,4.4985223073823475,0.052656398931901,12.472553966987117,0.7343839420598938,0.6851310360283264,7.929941415688169e-11,5.983782030160524e-11,2.1846867293915148e-11,76.2881451532728
N20000926,321.0,27.85379619371761,11.169274512400643,23.368891566399554,1.1216024524346047,14.115301083249305,7.268194002200254,1.9984972828439498,7.281293797711878e-10,4.795666313094908e-10,6.902767780951097e-10,13.1044429048561
N20000927,586.0,12.800609275925135,5.244647971695447,9.814366368366603,1.5371164079405102,9.89451373553265,10.243239692110498,5.4565950860888845,8.305906578717193e-10,7.532642650740785e-10,9.741374248020788e-10,45.00891145978229
N20000928,303.0,13.439322128633288,15.371052064372758,46.046773901853264,1.8385926874353677,5.169067361704208,2.6267198055908496,1.1504264770723498,6.661521531598158e-10,4.687584074685882e-10,7.7176409882157e-10,14.35804557143122
N20000929,320.0,19.74988165966985,9.861952730363436,16.63962097931932,0.16649896131287784,24.568709865929716,8.242366328853032,0.9065819281647979,2.6415303237054745e-10,2.6346497672375457e-10,2.5838305923808128e-11,19.864387545833505
N20000930,237.0,4.692754630090461,3.9893153997031887,34.540825128453584,1.3786115144998865,11.281021491240883,3.599144379545846,14.90456818101088,5.814124051930775e-10,7.840984960180927e-10,1.210037929824036e-09,25.613759272879733
N20000931,508.0,19.050509355873597,9.610825050403848,15.03490720071294,0.7623459822808482,7.414563036674283,7.755759566270029,1.8036135497054337,3.299066535246192e-10,3.4139063725919045e-10,8.393867774379795e-11,38.567476257323804
N20000932,352.0,29.171697244237,15.717169769631923,24.65167110782305,1.0135508557682078,4.331284912605024,4.467639973324275,0.5399481853038945,6.575202278855705e-10,3.9377610085114854e-10,4.670688690781468e-10,20.107037949788257
N20000933,398.0,28.592265909483398,2.8716650688363554,28.50282579352223,0.38622931431306046,13.518801692537725,6.818508922261731,0.3770736960613921,3.2162256457730794e-10,2.7355062449646553e-10,5.729227359279618e-10,18.93262960181602
N20000934,487.0,36.2378856292214,12.274499778200997,21.72732582718335,1.4325662920285478,11.408296749530855,6.160057265297395,0.9502722886765178,7.025941752855579e-10,3.819199779245896e-10,1.7275263592689204e-10,9.809096168603672
N20000935,449.0,28.034190563895102,2.8499566985371065,34.42041404029187,0.20350133261016093,25.302671315482865,3.0590316671715816,1.013575800478767,3.3495635403600185e-10,3.231208809576771e-10,1.7246809195814671e-10,5.116658580702009
N20000936,519.0,10.542316330429422,5.452028101570871,7.104208898418136,1.3511723522169348,23.030426381046205,11.490060376901315,4.707701601735073,4.787673963988906e-10,5.579162279569688e-10,1.7340560237880874e-10,36.32208595647196
N20000937,470.0,21.200523612370052,12.636940965773267,7.020398984629998,1.3850152135848903,41.91379948148297,6.668601800619746,2.3837641908794502,3.961391218309394e-10,3.497592624305383e-10,6.96692239212051e-11,6.79095574984406
N20000938,306.0,29.654450258526012,3.351452785154267,44.77248747227179,2.0233560555946295,3.3353147491138575,2.2358431650730677,1.4728525762303253,2.249629694834777e-10,2.5198547813699787e-10,1.3427522464329542e-10,13.154242937424824
N20000939,348.0,17.973507060282472,10.723150275831191,39.55282897093883,0.926984053845822,5.704832849626246,4.882031275384508,1.098481652020193,4.1796121820260216e-10,3.8289837557866804e-10,1.390395796797722e-10,19.138183861130837
N20000940,323.0,3.7306314314514477,0.840172782216591,9.199811793663603,0.4247113970600768,15.692127561396232,2.479430354325808,2.3224392653145842,1.83798819089912e-10,1.7141516070841088e-10,5.873366112154269e-11,65.3106754141577
N20000941,629.0,34.68129625611245,8.399338256064464,27.278888808234647,0.5753795066115398,11.910923824114025,6.539385056087194,0.6727856920580124,4.6034178672050696e-10,4.0180289516098033e-10,3.570238363930948e-10,9.942002599498503
N20000942,428.0,5.863653320730595,10.17063673112417,6.348353918119706,0.40147759045015285,18.768782911413208,2.265067893235385,0.6862113393704871,1.9755429029021344e-10,1.9030507897008907e-10,8.784757504249678e-12,55.49581629515966
N20000943,367.0,44.64321807499047,15.200985935063857,16.016371745540685,0.6440140752999397,12.260329368073043,3.350286511753241,0.9955154239711358,4.374037257230192e-10,2.478521613922317e-10,9.024164258765527e-11,6.889278864532139
N20000944,366.0,9.395245345203554,2.9735880623249096,5.06649766181353,2.556561161703366,23.596983557956367,7.91775957869765,4.130193269351631,5.410721423593038e-10,2.412756024042239e-10,3.1886475353875697e-12,44.36317136216346
N20000945,385.0,21.70559267923391,0.1564900582596232,5.513669615835747,0.4243699439411831,61.81735026002346,4.716308757432229,1.6396746600641061,1.7310973250258146e-10,1.4971357067855466e-10,1.1842179601492954e-10,4.026544024768516
N20000946,322.0,10.159181260842107,0.3198027466900365,13.113943856181926,0.13340124942429085,59.13566973711869,6.511307784909229,1.6304703169396633,1.3753190198264264e-10,1.672649275185235e-10,9.350548778066947e-11,8.996223047495763
N20000947,374.0,19.40812863746045,0.8527499742273345,5.071483110826447,1.060927031887065,31.69681152777114,12.176742151947066,12.8724876311806,4.738482168998067e-10,5.097010361130671e-10,2.290529159091402e-09,16.86066993142581
N20000948,381.0,11.406536546539888,0.5396709534458133,7.268916568818923,0.9644845705539319,22.620858054023167,17.524946120728302,12.914792514494803,4.901144719880816e-10,6.406019450218735e-10,1.7103870933792834e-09,26.75979466855406
N20000949,579.0,29.684743314147234,1.1683271582340067,7.330467787471681,0.4195138079679323,20.895843890133378,9.559128452575576,4.977790256674326,4.152855126183166e-10,4.6500442417826194e-10,8.785391738902085e-10,25.964185331037047
N20000950,485.0,20.07025896841758,0.22748955802035925,13.712226900174842,0.11631214069083183,47.86806062348152,5.998292256797046,3.906285333593642,2.2573262889832473e-10,2.324253947249309e-10,4.697163976372404e-10,8.101074217896333
N20000951,289.0,22.95082536638012,0.6981409935900873,11.769175305182317,0.6208164490865125,23.857042072556034,11.261939394392408,5.132370414823811,6.76216551118283e-10,5.069716726995702e-10,4.025170546173943e-09,23.709689998780355
N20000952,439.0,26.632193151028037,0.08113869294164189,26.906231334009057,0.4758694636950998,11.472578849846283,0.5774176710600378,3.11324016518891,1.7319658948577828e-10,2.0603127948979735e-10,6.840130128073588e-11,30.741330671783306
N20000953,572.0,17.768725279586068,0.05505426057368096,35.615419062899925,0.11711547191890401,25.35251854418829,2.4913918231149355,5.98720414064045,2.4340191043578867e-10,2.4718666385466973e-10,1.0742447872354044e-10,12.612571416479737
N20000954,336.0,23.78975531886108,0.05243320114762097,27.82987922699452,0.1429327549641774,37.71423804539717,3.6794507591136103,3.44171985205618,1.6961730749866574e-10,1.972145262394757e-10,1.1098682419000534e-10,3.3495908409878297
N20000955,394.0,30.873374342158694,0.13699756709361915,11.54347241119124,0.32922709671509043,37.260796256623756,1.7914355909143234,10.393788819619264,1.4101817889435646e-10,2.1230473217220796e-10,2.0155493750536975e-11,7.670907915310536
N20000956,828.0,28.00222699942462,0.05269695602444642,12.230945124406556,0.6829636230061388,19.676083077748846,2.320515117358943,11.084840468970038,3.641270571223001e-10,2.63642870984188e-10,1.9257872799324753e-10,25.949728632240067
N20000957,443.0,30.915397303538285,0.9515744688643791,11.459151584127,0.17939553525481855,27.769864003039395,7.819800070650093,3.281096151792537,3.6190911982973496e-10,3.725683031030794e-10,9.246220665239337e-10,17.62372088107441
N20000958,666.0,26.828774677675217,0.3253576959787739,24.366467128716888,0.2671812982472535,33.59062140726798,4.65281651345322,3.4854441930777087,3.1092829545330716e-10,3.072183399655081e-10,5.941662440283472e-10,6.48333708437063
N20000959,498.0,29.678645182290236,0.08366047389002843,25.362640639961516,0.27465065018392243,28.09596275534633,2.387641149717943,6.736149554003255,3.482813491330031e-10,3.134687937065156e-10,4.5547633466387596e-10,7.380649593489558
N20000960,538.0,19.697075090728138,0.17779139363853685,30.45914333841034,0.8258531921312435,24.559080910325143,4.030393558179501,10.059238901963905,4.023455341158914e-10,4.2669176899330995e-10,2.956189709035507e-10,10.191423613498536
N20000961,454.0,38.36829055647015,0.09908518224513653,18.038682950819737,0.5648910272354892,30.082266919586598,1.6638403790958272,5.5620220901700135,1.9347385006051084e-10,2.354644926003319e-10,8.485986851348872e-11,5.620920893863269
N20000962,656.0,17.880795157487153,0.09432188821626065,14.65719645386374,0.6721875459825063,48.5392394620302,4.666649855152719,5.862437497177801,2.892632389952205e-10,3.123718226989402e-10,3.947728410609612e-10,7.627172139093218
N20000963,332.0,27.031276603104153,0.19907274011331175,25.29020382589505,0.5955593131219069,22.611112834225143,2.5518609646743755,5.506969193267232,2.4760437070300946e-10,2.9671044468521897e-10,1.991211935202112e-10,16.213944524855396
N20000964,389.0,24.763443282526467,0.1401247931499829,18.508968497613992,0.5539126340861699,32.13169807817361,9.153602796377665,5.4624539940503825,3.8894683598308994e-10,3.7899135582418393e-10,7.667345784138668e-10,9.285795922487054
N20000965,529.0,22.6668284394333,0.07102337563481761,32.63175565967267,0.47583214907831173,22.98782206417642,1.376747846014759,8.056999790238747,2.8757922895135453e-10,2.944220134924599e-10,3.4507045214030586e-10,11.732990674823917
N20000966,422.0,24.41610262900284,0.36424124794781226,7.999859242208059,0.2245861164498375,29.07968942865717,3.2289221105141,6.60889165134497,2.242844070977411e-10,2.2776144158388148e-10,6.825790459238362e-11,28.07770757335492
N20000967,495.0,4.2918208847064685,0.036182178679148996,75.82766711587067,9.083565161686199,7.305596368768683,0.08468676073950553,1.2194313040324078,5.347679096323211e-10,1.868975384756818e-10,4.4042100742796684e-09,2.1510502203910367
N20000968,532.0,40.01652756311268,0.5394498309027642,11.140475657016905,1.1173568241679483,16.068599868517982,2.741496883534299,10.717523291755708,2.773293393423966e-10,3.052445249888843e-10,6.693399045211881e-11,17.658570080342205
N20000969,595.0,24.707007824887153,0.08686176818673991,7.1121705323703335,1.0061813131385913,35.717423303340986,1.5451774395304612,11.73935963647625,2.208469165399933e-10,2.299063878750037e-10,1.3045220735742558e-10,18.085818181488285
N20000970,519.0,19.64796472396995,0.3024282583037434,12.351655994517994,1.467193420124384,33.81097181360775,2.4528744120136596,5.4822262028859985,3.626112306043359e-10,3.2899845945682556e-10,4.3309111064565617e-10,24.484685173451812
N20000971,536.0,39.16632005316641,0.047428124814678126,21.75810019797292,0.8317646276011049,17.946687209425562,1.0648595746780598,7.871306734456594,2.2806486260796083e-10,2.515343770861186e-10,8.391972518778995e-11,11.313533477321167
N20000972,204.0,20.098297305445712,1.4067152691129563,3.210624608452998,1.1212474327852229,49.71788647172039,11.388041030826368,8.227609825869518,5.265006638534732e-10,3.232449662042287e-10,8.263495676029304e-10,4.829578054110746
N20000973,329.0,19.312699699670286,0.047879973325669435,16.96196244838997,0.8586096377889741,31.38833105281098,0.8750198215234274,6.061332740586182,2.0142333784642512e-10,1.9628393686439654e-10,1.2598992910688094e-10,24.494164625380833
N20000974,437.0,3.4617199667838086,0.02871517821381766,1.2619323741584345,1.028304113162703,32.25114019208521,0.5310443289730591,50.16918033248912,1.1319502867271617e-10,1.3258498355296299e-10,1.5244560767800384e-10,11.267963513735634
N20000975,597.0,15.962013555684646,0.04194872702274058,19.593582376422685,1.068786092940438,32.57019829841306,3.2590882789272837,11.852729942693529,2.336329691714811e-10,3.1406020133981986e-10,5.966327690556678e-10,15.651652726751314
N20000976,499.0,22.77281313439493,0.7678542010855579,9.723194773888851,0.337994676954418,37.95789346605511,10.108746042851088,1.6353288986983006,3.232999817694831e-10,2.481054519180519e-10,1.6482981444822782e-10,16.696174805335502
N20000977,425.0,33.01353334212991,0.3238480184451343,12.444512925618152,0.44530198069892774,38.34553897829895,6.054180299592319,3.0281840335029475,2.772286497914422e-10,2.2705538771038165e-10,1.6640699375386657e-10,6.34490042104297
N20000978,373.0,29.695989900203752,0.239641410772679,14.017958361832001,0.1718967842375048,31.83061585040044,5.965841396791202,3.245878689901864,2.5980501447136276e-10,2.6011353388649596e-10,2.3279148496914614e-10,14.832177605107857
N20000979,536.0,21.98618188863155,0.08422129654094206,23.55694732459949,0.27173631084657435,44.37092401675882,1.2798148571500085,2.2307432847391775,1.6227972148115633e-10,2.1606294026214064e-10,2.2965042104442302e-10,6.219431020125453
N20000980,523.0,33.33918081908862,2.2216516568555096,20.777057333845573,0.7641529735390703,11.422284713140625,10.460725779442662,3.0531862001476857,4.2498404193876724e-10,4.978016717836974e-10,5.052806875769449e-10,17.961760522512183
N20000981,476.0,20.413492426319113,0.16726868339422804,9.363864243771207,0.22950516013095631,44.06904756473363,6.56057132891956,6.46860458139923,1.9572759451224576e-10,2.4423557011048754e-10,9.000929552608154e-11,12.72764601080209
N20000982,621.0,12.225666129953893,0.0907945606643829,12.613662712705146,0.7926668028246956,50.84398285440626,1.8696108405001903,10.256852443386629,2.0368339452183296e-10,2.5603179900985447e-10,1.0284341939171429e-10,11.306763654996233
N20000983,597.0,6.735634235807372,0.03587595503339697,12.795440264665686,0.30833417023705373,42.37823319730494,1.8316667816715144,15.69725120274289,2.416997962689891e-10,2.4418272709791167e-10,3.826816250360445e-10,20.217564191668572
N20000984,557.0,41.06137172267273,0.2133245196551543,23.439934768717382,1.300180911948077,14.920681574430214,1.3513581755033774,6.0789904232150995,2.020311211069036e-10,2.9090642903997175e-10,1.0972546917850311e-10,11.63415790325529
N20000985,283.0,43.283322829646146,0.9368431015026265,21.93676297211466,0.7639945169426299,14.011441270596702,5.913259940874957,4.2831416359456025,2.6213246282554956e-10,3.466710440912031e-10,8.661657381230478e-11,8.871233731681263
N20000986,330.0,29.917005764278652,0.3920553144016306,16.559576736605983,0.22395869065608634,29.673858484819654,4.681467913342359,3.0845511323246844,2.678636567320886e-10,2.690964204099318e-10,9.156146903069513e-11,15.467525962942435
N20000987,493.0,31.296238775556606,0.3546370048963357,20.46589348601239,0.2141325024177361,27.130536112433646,5.835226441336224,2.6926243409067463,3.2484323431743876e-10,2.985212094692479e-10,6.191184947831003e-10,12.01071133519784
N20000988,700.0,31.916687153836865,0.22070668552084619,27.45299201647078,0.7848339429210973,5.089344383635154,1.2890192204936628,5.5114249487149465,2.5906457325498706e-10,2.1818413354351463e-10,4.747256476066675e-11,27.73499164788193
N20000989,438.0,32.240577323817085,1.3362115855978625,16.162504881181793,0.33956963610274743,14.883062451746357,18.049059400722932,2.6582087792975813,3.277550011785466e-10,4.313390588354582e-10,4.415382470017572e-10,14.330805940333022
N20000990,381.0,42.69019650627248,0.5679956505530315,23.971804014185455,0.23559026709391262,13.949660197567063,4.6585480455405035,2.175297526847525,2.560915959180244e-10,2.784025492013027e-10,1.129433268530542e-10,11.750907791292576
N20000991,355.0,34.07483166230882,0.4752804922168762,25.065097892518356,0.2492114526663869,13.66505123422458,5.727732305250433,2.1783314156158657,3.16700690480008e-10,2.9036035075957853e-10,1.0486789952030209e-10,18.56446354448675
N20000992,395.0,44.93606085328384,0.07960452195118177,22.16862824427358,0.22616170429204907,15.484812221023278,1.159849101955373,5.177788163471166,1.7690609949733874e-10,2.0420867350563492e-10,1.6958332328409429e-10,10.767095189198827
N20000993,545.0,14.953474028415012,0.11011012111500755,17.45496267355377,1.3743911407825289,19.626427233931683,2.1029161066467204,8.902920912383449,3.0206367892333597e-10,3.7769619620420804e-10,7.899894748914173e-10,35.47479778170209
N20000994,570.0,34.83992792499366,0.2902156301326005,35.09527794831977,0.17148104263403,12.979372040638799,3.9369611970659397,1.2488739530708257,2.5989317592901326e-10,2.382147016751231e-10,2.7288882549903244e-10,11.437890262373378
N20000995,782.0,24.19564652648272,0.5873593248178696,21.252818695232115,1.2753080881577297,35.63316264921153,2.788431856557412,5.586022253373519,4.119174182554644e-10,4.143376963356049e-10,4.4450004713451047e-10,8.681250604896356
N20000996,431.0,41.024595557203284,1.138168820616561,7.7621061194797445,0.35163769618966906,19.610413155053273,6.340132709473252,2.8641073161252883,3.8417843416450914e-10,4.272625235617921e-10,5.956655087895244e-10,20.90883862445182
N20000997,661.0,26.490497468960978,0.277656049619387,15.717011440972236,0.6076271273706657,28.517285698751156,4.8844333108544715,8.430594128242126,2.980226090020799e-10,3.3754214122967995e-10,2.0214096823794722e-10,15.074894774391284
N20000998,370.0,11.441679138236353,0.198402738579494,6.694696569345707,0.21210482181834825,61.25389545856282,0.7182337707670844,8.256337177530632,1.4009798042609015e-10,1.439493430335967e-10,3.6883443531856096e-11,11.224650324838619
N20000999,273.0,49.14970661000112,1.2123007249112292,12.826135547235326,0.7774752908406639,8.719766917072535,10.059170482538496,5.085320498575258,3.945992597168316e-10,5.0590526318106e-10,7.169313625245683e-10,12.170123927207937
N20001000,359.0,31.743955329696718,1.4563288053622951,23.09899184550747,1.1433063167593056,14.645282534603377,13.837821872431896,1.7571039384484965,8.290076467472757e-10,7.048471813881485e-10,5.2383863576052295e-09,12.317209350418203
N20001001,466.0,15.440755549793698,0.2071919484723152,15.802523015417947,0.4949272923096242,45.05530622086539,5.300245374166459,9.267002428737797,2.704186212029511e-10,3.270041832534638e-10,1.003549583069551e-10,8.432048169538989
N20001002,262.0,30.225258894435513,0.45064980860191095,17.673400768508593,0.30765061631146057,25.61278960020605,7.1481046358476075,5.03035937001495,5.588785287547275e-10,3.832410731553543e-10,7.40523526069855e-10,13.551786304391284
N20001003,337.0,17.28214890736356,0.51951089173912,49.655585305257596,0.768432607050284,6.604297389539449,3.1689082325926314,4.01400674427855,3.5781401904246156e-10,4.3447417786744164e-10,1.9927569570333843e-09,17.987109919393767
N20001004,460.0,34.39047334664713,2.0001422682723455,25.80665829370179,0.8524578455213655,9.918955573600266,14.282643167441943,1.4939340188452361,4.028670994644259e-10,4.766601673183834e-10,9.885476398898616e-10,11.25473548410186
N20001005,537.0,26.444758358390764,0.19895127887147152,21.389599130372066,0.8591459045698958,36.570777246678276,2.5043317011372395,4.614446544990789,2.8153423343231087e-10,3.2053713057914254e-10,1.9640340233182076e-10,7.417989834191027
N20001006,653.0,32.97378300233378,0.4085415533992592,14.5447825654005,0.6173986455912742,22.659557934698707,3.470418565898401,8.68694562906793,2.531238542091665e-10,3.2561650948995405e-10,2.067380396058126e-10,16.63857210282467
N20001007,769.0,17.477295728002026,0.7260371730223788,17.39575440617612,0.523524796359838,33.62736830618038,7.405254933320897,7.94734554264532,3.514296931469359e-10,4.1333279545887876e-10,3.6968008325573854e-10,14.897419113158602
N20001008,561.0,33.53952456551097,0.09886404359547346,33.658311318525136,0.5349011075995936,13.402811837615038,2.2510823212367588,2.8430291864113,3.264540003556615e-10,3.130689320139869e-10,8.368155451731276e-10,13.671475618029385
N20001009,430.0,35.66281550720981,0.3899521064794576,20.612541777482697,0.46737278742291716,11.055050023902314,12.534019001326838,3.798371304280622,3.7536567031023126e-10,4.107618500564299e-10,1.275516248336969e-09,15.479877489833704
N20001010,439.0,36.29964820708071,0.34201294061367027,22.774745053741814,0.3666562028114789,24.99706361564175,4.135279295578307,3.312417467996393,2.5868587434743354e-10,3.0977311784147105e-10,1.1210095063226045e-10,7.7721772158553275
N20001011,567.0,31.539502401883357,0.8586927026708654,20.694804632312533,0.4759670801999373,24.950922729087356,6.906479371463529,3.506332247942958,3.8262913293776064e-10,4.0185758315875023e-10,5.783717251928853e-10,11.067298833076597
N20001012,290.0,43.3431898611334,2.5028403516797835,5.762305166773047,1.5172750969871893,9.21394626207073,7.795826400950297,2.2732840215475156,5.75112940386109e-10,5.816416271990621e-10,2.05298301426513e-09,27.591332835648302
N20001013,548.0,23.283816824738114,0.46807251998930527,17.937983684504864,0.7514794621755208,19.59527432456196,5.257548377505607,7.639307309935386,5.376696783919089e-10,4.842936058623378e-10,1.7826331099965458e-09,25.066517493784644
N20001014,502.0,44.32940829320947,0.5386385097136953,11.639417005698949,0.9488466690396231,13.784254583636365,2.941957995750512,3.470161063047048,5.156145622914532e-10,4.2180107040847765e-10,1.205259703049041e-09,22.347315877761655
N20001015,615.0,22.88778516288164,0.3772003054610522,20.674434402301173,0.20691405588302492,26.260081194223318,6.694367203792571,2.663825004013903,3.325659927831817e-10,3.0485890040298836e-10,1.8524834794601272e-10,20.23539267062064
N20001016,656.0,26.78127858850684,0.31226029001009664,33.68643045777296,0.5227341704584317,21.42891157199007,3.937966605912989,2.356791339611305,3.7897113976192914e-10,3.784121342033711e-10,5.171892266175468e-10,10.97362697446273
N20001017,320.0,68.37330995858632,5.850474210962811,7.6741964853668545,0.6926251401189326,12.23305169175021,9.146505350268607e-10,0.758623257675377,2.6355956603886967e-10,2.1113985942716197e-10,8.390234950348298e-11,4.4177192540662285
N20001018,250.0,25.187971642261253,2.5676697556861905,14.591236242680159,1.2791415216962294,15.5872145754033,4.614891591981533e-10,3.6663106941865307,8.587854015091514e-10,6.070363745587276e-10,4.491533828489348e-09,37.120455561667484
N20001019,509.0,44.97685185251406,8.415133820938628,9.429788216976753,1.3624915783960567,20.824455664023525,7.556990317790164e-10,2.513687682582089,4.152305279342586e-10,3.3724081304540967e-10,2.683799807839574e-10,12.477591182792327
N20001020,634.0,49.45716326611967,1.3737240599764868,12.2555261831396,2.300465628933155,13.249842294158606,1.4718787436186521e-10,6.754948959619543,2.940734561486564e-10,3.173915750848355e-10,2.0053884271851232e-10,14.608329607093745
N20001021,455.0,9.82518308952995,1.4764425224617916,3.6446289613086975,3.495666836698732,34.63312441041675,2.902002052292411e-10,4.234588469672126,6.613656443149045e-10,3.0973026276108276e-10,2.7425936772705534e-09,42.690365705908064
N20001022,456.0,52.90759707798463,2.099125217218808,23.082409943473746,0.9034314910712408,15.635930585918018,1.300066921816637e-10,1.330690369068557,2.459507275783275e-10,2.533269824971211e-10,2.627251095190102e-10,4.040815314372984
N20001023,448.0,49.00460305189044,0.9882627045443283,5.656347998580922,0.9641966273478375,34.49334078467506,4.925906144357586e-10,1.7198098624817315,2.49724820367546e-10,1.8984907616896082e-10,1.4505592554902933e-10,7.173438969402479
N20001024,579.0,14.63068217344048,4.1436878710663985,8.420442402831215,18.591813403994664,17.52415334548199,1.888418109781432e-10,3.5493276755965892,5.616570589990606e-10,4.0019609074849033e-10,2.2878769010296976e-10,33.13989312620918
N20001025,264.0,66.33192440267113,3.815431895436002,17.115229742855938,0.7854105689745882,10.20535151979021,4.4344151795341725e-10,1.0061980068504093,1.1516166867084849e-10,1.8056509412105106e-10,8.126646585244115e-11,0.7404538626012681
N20001026,411.0,24.66360488232457,4.734536962128336,4.2964142090250785,6.486649925769554,45.7062698590819,6.99978600624228e-10,4.086825014237238,6.632840188407926e-10,5.144459401377756e-10,6.513235046885059e-10,10.025699144904294
N20001027,364.0,38.179270392142854,12.230355419724582,5.981817805022681,5.6267278926211555,32.87741494324115,6.286520795799763e-10,2.9141384632864726,3.898506138323589e-10,3.53787773836556e-10,1.7293509473543074e-10,2.190275082415865
N20001028,537.0,31.6854628120239,6.6606593243634755,11.517019300429741,4.132548482829082,37.192074063864474,9.152740624226387e-10,3.5095892039272067,5.224746240791476e-10,5.03803431058459e-10,5.999699709962541e-10,5.302646810020611
N20001029,337.0,62.63054020192915,3.1255722180840992,5.759391503861141,1.8759644964314284,22.484567087334987,1.1587623657776215e-09,2.152048330075567,2.736982846931678e-10,2.0762076871403808e-10,1.8940023314588908e-10,1.9719161604541409
N20001030,348.0,26.28138809136661,11.87088804889624,6.601351557719958,15.38490675412233,27.14579247909586,2.9448977199113297e-10,10.349435237850969,5.888473112027008e-10,5.150355835055257e-10,6.467943143817922e-10,2.366237828902873
N20001031,326.0,51.939676017043865,1.9074995317055587,9.598374845535059,1.4474871846200863,18.67949578535424,1.4262153268645925e-10,2.1666076708730513,1.7433984727881052e-10,1.9222599209884005e-10,2.7961196076150982e-11,14.260858964330994
N20001032,318.0,25.287326814379725,6.775108394159032,16.479327704340346,5.356597327071031,22.13594821862956,4.1363180357018985e-10,4.502874017010885,4.685594145753315e-10,3.9268868404823337e-10,4.647518561698949e-10,19.46281752266978
N20001033,544.0,56.06735102674231,2.6276790722522576,17.570957359538912,2.975455174966939,15.086021170218054,1.653796976506875e-10,1.734985077069526,2.8282088198059956e-10,3.036310725286867e-10,3.176990350389817e-10,3.9375511181424647
N20001034,560.0,54.39852052446859,2.3052978179159824,16.44956291869935,2.0425347795485482,19.55056028152111,1.2771499987396756e-10,2.558645191617929,2.6326911241657975e-10,2.909325669727774e-10,3.3869286734245213e-10,2.6948784852078873
N20001035,567.0,23.86504568468432,4.299866384237348,14.016215447871122,23.255424225791575,22.266269079021754,5.921904098940688e-11,8.801165822035927,4.888440583261096e-10,4.757793918028378e-10,5.058181401064359e-10,3.4960133548282877
N20001036,404.0,36.086184476341586,5.609209883944889,13.37224943488095,5.469029877151513,29.323822666452738,1.7472639386048151e-10,2.2882663640737664,4.6142990614595076e-10,4.367289993535679e-10,1.0231600525963558e-09,7.851237295058522
N20001037,466.0,33.41880724205325,12.987168599143875,8.429377992225337,6.5300578878694875,35.46053885569959,1.477031449203908e-10,1.4843515433195664,2.9250313398280714e-10,3.066552483540852e-10,1.7511564064830025e-10,1.6896978787669208
N20001038,546.0,19.21543465479382,3.268807215775598,12.402667942624959,2.414115835928836,46.940797755577776,2.38662998725085e-10,3.304278544870867,4.0829108368258275e-10,4.182825480819779e-10,1.3257099941356073e-09,12.453898048037193
N20001039,561.0,30.45503389725475,1.8975751519646558,13.031886707378765,0.853755514106715,22.605658151189882,4.012578505208086e-10,2.554375418261486,2.991541424914498e-10,3.110376747117108e-10,2.0090090765648237e-10,28.601715158631418
N20001040,616.0,72.66754392882282,3.5599517264341065,9.668840797600476,3.241614425337106,5.520805166742983,2.2043134602176645e-10,0.9599732703263046,2.8130300390540115e-10,3.0326321331055877e-10,5.548014834727041e-10,4.381270683376409
N20001041,562.0,45.30301434207396,9.392200824066297,16.516626890806247,8.080661710168256,6.225256243951254,8.925848187956122e-10,3.5627577082618203,5.271604296534531e-10,7.198260417538116e-10,1.2251719146249643e-09,10.919482277307448
N20001042,477.0,13.108643501465197,8.73007638435896,10.42541143232814,49.24863015838178,5.870971823064437,1.1692422593053256e-11,6.855714198687063,3.246773746607767e-10,2.893458983328734e-10,6.075250769761558e-11,5.760552501027952
N20001043,265.0,28.258555658091648,2.9937855402016043,33.013063644325044,1.3966181271130123,13.66828803221771,1.244080743399932e-10,4.217247753156253,2.8386287280491037e-10,3.2690550199363036e-10,3.2351411565844123e-10,16.452441243836045
N20001044,411.0,57.47710133452878,2.897445990906563,9.710930460660482,4.448353111075379,5.714957222109895,1.3201113759710355e-10,0.569696588016773,5.436988085486183e-10,4.0390389440111607e-10,5.6487244814232734e-09,19.1815152859738
N20001045,386.0,37.028078225426384,5.805904822007473,18.621386905731818,2.5811159514847044,24.9646786928271,3.305537339475004e-10,1.9270838423805587,5.799216584040869e-10,5.2078545375732e-10,1.0829454291299342e-09,9.071751557627731
N20001046,781.0,44.994970826405634,5.174218632475537,16.538981637524447,2.5926113781002025,25.608649278076296,3.943244741470278e-10,1.6206330037082364,3.3246048714313527e-10,3.3292939068197524e-10,8.671144424734262e-10,3.469935241782819
N20001047,554.0,40.76940959384462,1.8519881213284188,17.90194689518341,0.787560357546155,29.387789189982964,4.1009667220284795e-10,1.4897033820910237,2.8631767966139336e-10,2.6057028998106435e-10,2.1229372541014647e-10,7.811602458854123
N20001048,304.0,56.564615582537584,3.5001742689120077,18.069933756276086,0.6720110189216252,6.189522946374264,8.879280049636097e-11,5.503267572735871,2.4985734928439513e-10,2.834717098547797e-10,1.206932406820552e-10,9.50047485349974
N20001049,359.0,73.65920273245905,2.1345129669387384,8.763646811038022,5.976001585008479,4.896493767619194,4.509927920487365e-10,2.413372601488403,2.7237062568413503e-10,3.1026433307319e-10,7.353686615549177e-10,2.1567695336791193
N20001050,584.0,32.92829943721295,0.9864895277620016,22.24358201937451,1.507878210876586,37.16659623912599,1.4696246400508706e-10,1.5305344323313599,1.9925716061532294e-10,2.0809562948947184e-10,7.011633326359127e-11,3.6366201326921788
N20001051,439.0,29.11652870977633,13.838675207508244,20.15862275093674,1.3626883076903638,24.88178505243716,8.014467261169823e-10,2.0576292300671493,3.537171293563439e-10,3.9833787529239706e-10,1.7516173872226446e-10,8.584070739855356
N20001052,429.0,35.80532095764626,8.33064435971998,13.244095324937774,1.5121078046850427,36.97418871735593,5.886068917696792e-10,1.0560653005419725,3.7024617157352793e-10,3.0098256334474147e-10,4.131228012467329e-10,3.077577533440098
N20001053,749.0,24.640083609806275,11.083784900913177,7.767723879462326,10.260252267822846,30.50769985809247,3.603770499445373e-10,7.5618343306266125,5.439024319413319e-10,5.670748956652263e-10,1.2129506443595406e-09,8.17862115059199
N20001054,483.0,39.50661267741539,1.4380078526047693,15.230127991538994,4.158792733732905,15.944211471876402,1.5196034546678481e-10,7.469534208547896,4.841875583826909e-10,4.928168512427141e-10,1.279277729647712e-09,16.252713061875408
N20001055,305.0,50.87193839635859,8.84710124587318,22.95423700970892,2.092936788477683,11.746527773209225,3.7889177192692194e-10,0.7305635800389262,2.5638803699281827e-10,3.0312652800573337e-10,2.662893012039522e-10,2.7566952051287723
N20001056,613.0,44.181478397205446,3.2661517921456844,23.645948372597537,1.6388083351155005,22.310743168020615,5.636621343250966e-10,2.5467224902652776,3.09672427256286e-10,3.8141538613383025e-10,6.756081975247186e-10,2.410147442719558
N20001057,333.0,6.06771449428013,6.645282567509946,22.443601359759338,13.857387018368945,32.12700296289377,1.2230567397259552e-10,12.07471680537968,7.297194921216423e-10,6.172167357591837e-10,4.306430413141694e-10,6.784294789908299
N20001058,554.0,47.744161636432914,8.673852804787984,14.62867160347506,2.044370322284367,15.416130810818562,3.7557353130702714e-10,2.191545651834964,4.3410633924793043e-10,4.484291377663566e-10,4.111393554773624e-10,9.301267168696906
N20001059,450.0,5.956208020659486,0.7078398462705358,12.595246646933026,4.431773346354082,35.87877149563845,1.4052870695970257e-10,9.581864470695049,4.068057546789662e-10,3.3309029904863944e-10,1.7807249203984277e-09,30.84829617078822
N20001060,438.0,40.892166244563874,2.637053933075354,12.343043309492334,2.271196304920324,35.481800891781056,2.5545067292507264e-10,1.9400224118079223,2.6426968676963717e-10,3.0910935766310343e-10,3.7944527098988434e-10,4.434716903150855
N20001061,577.0,14.47951000275925,6.115846940782078,10.264085250506508,15.933457377901625,5.348083131203594,2.1023687927664172e-11,1.4167753461281443,2.0591194243715028e-10,1.3285514575527978e-10,1.4020564668610687e-11,46.44224195034499
N20001062,288.0,2.324532515355833,10.72190679589056,4.216219390346297,13.763197051388545,49.55118267227012,1.822148452793984e-10,12.581969325952832,3.0040241853110745e-10,3.7073060354666437e-10,1.7845971794504086e-10,6.8409922477639995
N20001063,633.0,8.87726589340692,6.844494171701045,4.229633283015427,10.604663645350907,51.83108852879082,1.0552996951984465e-10,10.191731866249338,3.114475064538837e-10,3.0208727181453594e-10,7.517012408441525e-11,7.42112261069129
N20001064,329.0,6.015370461635833,3.9135466261535288,0.38102622509689194,22.32331464300071,46.32019561054405,1.3513691620763116e-10,10.262198479949392,4.918974409427956e-10,2.7596409827801455e-10,4.843372963169796e-10,10.784347952232265
N20001065,546.0,33.584212341225964,8.055607356440868,16.923535799593726,3.710774622990497,16.352873415255136,7.843355471419597e-10,2.6665003054763345,4.69791691581902e-10,5.671089460136946e-10,9.711640893630337e-10,18.70649615622506
N20001066,624.0,8.110648090754678,0.2525244192134769,14.438332028314136,22.23007059545697,15.389002300803226,4.043141847925362e-11,13.616093710628203,2.5450537042100193e-10,2.385299414910603e-10,4.6357042140048015e-10,25.963328853832262
N20001067,363.0,41.0587555592368,1.3443751341324337,16.996019923831827,2.332260261650541,31.410129110390606,1.8230834451137413e-10,1.1774951292894396,4.566293588005708e-10,2.920718768135821e-10,2.376838725834967e-10,5.680964880299642
N20001068,464.0,17.6132241951866,7.293284123037884,13.050074732990863,15.660235087693728,27.20535042139302,1.1746309645670439e-10,13.430038444921063,4.090177966495557e-10,5.731015783591655e-10,2.83506959566265e-10,5.74779299339376
N20001069,465.0,32.917928990137455,22.143778850511822,12.190172904976684,10.074559710560484,19.36954294618897,1.580548813201162e-10,1.9442845387183902,2.97155825509194e-10,3.432589209420082e-10,1.0356337853438976e-10,1.3597320580041492
N20001070,668.0,10.030350497679496,5.250969105543131,6.945915227579924,29.048617052494365,22.283513041523197,8.135288677673647e-11,12.237173496710797,6.038641315027141e-10,5.206114830846959e-10,1.8226527865503631e-09,14.203461575440599
N20001071,394.0,27.040612654885244,18.700517661156532,25.626003059965047,11.935036915912436,11.114125354227355,1.087960121805527e-10,2.487564545920574,4.922532060069724e-10,5.742992419111999e-10,1.736684022712065e-09,3.096139805020791
N20001072,529.0,24.073036658497863,12.423645683183304,8.103828092436197,27.38758140980081,16.61734920113031,4.786024591858276e-11,4.799991934697062,3.774816838505653e-10,3.634566892672216e-10,1.4312778255974508e-10,6.594567019322526
N20001073,548.0,18.877640858664808,13.929216205533052,8.99172744910873,18.39254691463986,31.721923534971957,1.837465715070334e-10,5.8400499659637815,3.078930362703811e-10,3.862656445000762e-10,1.1799870736688902e-10,2.2468950701219152
N20001074,445.0,20.674288387375743,2.885354154706349,7.1081224058751395,2.1422517080053165,57.298706287105205,5.5393277609898386e-11,5.4958133968927525,2.176686483556572e-10,2.3507400430903794e-10,5.4418969034214456e-11,4.395463659476933
N20001075,467.0,19.92443550613866,12.962876795105679,18.400785997846324,16.63447083746926,19.77448571653825,8.688791197864958e-11,6.287718495699002,3.0373011208842996e-10,4.210065624006798e-10,1.0882399785633416e-10,6.01522665028238
N20001076,611.0,11.230925812073925,13.997642407004998,11.796241820289437,20.196285753512083,20.811093433864944,6.567953696011105e-11,9.348782536390816,6.452332442104746e-10,5.672818089739695e-10,8.864478378595809e-10,12.619028234699146
N20001077,632.0,31.22572087442049,1.8162129417725417,8.905679839715395,4.514855302772288,45.18747106170979,3.0812329208938817e-10,5.853102244282051,3.596446976516777e-10,3.419306942295086e-10,3.7519302926650393e-10,2.4969577339425473
N20001078,287.0,17.9319822490214,4.63604690390221,26.8266373050552,3.575822157017833,35.9612826970988,1.8865479892554036e-10,4.6604778644572695,5.363558583111125e-10,4.822998837608878e-10,4.3850316353159417e-10,6.407750821801472
N20001079,353.0,59.30984593682575,29.704560924502378,0.8977062276790343,0.6241759969443462,5.405170762913421,0.7112777330497437,2.5748664050068686,7.835051686068665e-12,1.0393220979078923e-10,7.245304703256641e-16,0.7723960129666808
N20001080,1466.0,0.007469448105573246,6.13216652564169e-05,8.466224586208519,89.59883921216448,1.8342629158865105,0.00326604829129999,8.371558145293235e-05,3.913932624163995e-10,1.1082065821079482e-11,4.1986660685438497e-11,0.08979275165247892
N20001081,374.0,55.276345731513665,28.882179702914534,0.5129152200466669,0.7513149183763245,1.788462259845176,3.9850916829587693,1.786105807978588,1.6669422301629234e-11,2.4022396164582584e-10,1.1235440853119625e-14,7.017584676109376
N20001082,404.0,3.390347345916017,87.80199841742615,0.10368454124671685,0.4281532809578762,0.11128392884122336,1.394533232042627,5.212339351384352,4.85167625201754e-12,1.9024061883797446e-10,1.0486352661465254e-14,1.5576599019899262
N20001083,449.0,1.7586769354393708,97.41333985101018,0.07060354389380824,0.17012151591070385,0.029664962107240532,0.185467068357737,0.2867446529913331,1.861622254430383e-12,4.7905532795493067e-11,8.160520038921024e-15,0.08538147023985454
N20001084,774.0,1.07472513929866,0.0202620928910326,13.614170243402295,80.26441331937455,3.330454613559918,0.7200858393081421,0.009784442958168452,6.808514726203823e-10,1.909754921709589e-10,4.816656910240934e-11,0.966104308287227
N20001085,555.0,92.06409446804251,0.6775456757150417,0.9957079729076406,0.29252424448185776,5.807486151032005,0.09247101118690144,0.016011013735708776,8.626205650212263e-13,9.868381076164915e-12,7.463880448925096e-17,0.05415946288759652
N20001086,399.0,3.971072468158858,88.48657311535572,0.20509774783095247,0.6436772450605053,0.3134609393164437,1.3227968215421826,3.8491781171275274,8.182098980145379e-12,2.1795851140429173e-10,1.2943696547477475e-14,1.208143545381655
N20001087,901.0,0.3482073846646714,0.0029687161606618026,30.546142281525352,50.850930465056976,16.771118122264063,0.5071238040170352,0.002517771647883304,1.1960770546212947e-09,1.4672366317128567e-10,3.0616912780284305e-10,0.9709914530143681
N20001088,471.0,93.0628292277043,0.9133611376383901,1.3837788424475814,0.25176294815544753,3.449638038821153,0.648853982054314,0.04762112117152789,3.134338476370274e-12,3.247423030832838e-11,1.156366046647853e-15,0.24215470197167396
N20001089,226.0,28.885450800207884,27.477636464327226,2.3799180708488543,0.1490827128416693,0.6467437039772108,7.495890359694809,6.9493393900097455,2.5394396395728944e-11,6.782797935315901e-10,1.849798355614061e-13,26.015938497388742
N20001090,627.0,13.304054485347198,0.5198803300295162,12.45454355953408,14.206558038382102,34.35768410769288,5.974624428074508,0.22435843316489976,5.97598801390001e-10,5.896568149571692e-10,1.3009911384130008e-11,18.958296616574547
N20001091,381.0,57.273460482889035,7.727767568933364,6.877773057887955,0.4783461623602415,3.672914864662481,10.532940587773666,4.566683528679322,2.399577339809583e-11,4.611894397508084e-10,7.145571052459222e-14,8.870113746328673
N20001092,475.0,23.46642280250717,47.916073195823664,0.9911232641155393,0.9680479318059989,1.199605675432648,4.5208652304969545,13.449069170554806,2.933653114599389e-11,6.921702569863152e-10,2.2200709691787856e-13,7.48879272854149
N20001093,401.0,39.79349245920342,29.033569673145493,0.9140595700414681,0.2575792102199228,0.16474378269114728,12.853868528882009,10.233746020739524,1.0369094395467113e-11,4.071569855860776e-10,1.242459603076446e-14,6.748940754659478
N20001094,378.0,3.445795459752763,91.99186933345418,1.0482632929605096,0.4298524075147853,0.23195914918358096,0.500134522106347,0.914824648628974,1.5097440817780452e-11,2.186173441965134e-10,6.749318764225753e-14,1.4373011861650795
N20001095,541.0,55.82577493340315,22.198351378122915,1.1044441583156712,0.5909655486885464,0.2721951430323811,1.7557689971712076,2.1028464059756216,2.0345397046708244e-11,3.362634932315042e-10,1.5695223753068763e-13,16.14965343493374
N20001096,453.0,29.72926720794155,27.381314386133067,4.9781885905516665,0.6213624090357588,0.7034176689619542,11.647511364595644,8.998177564904957,3.835762413090567e-11,7.912331525623863e-10,6.251814480173685e-13,15.940760807045171
N20001097,315.0,33.572021221423206,19.091896490018748,1.2262176507919393,0.08567478934667294,1.5093783506688805,8.631842994452558,9.246873381664706,1.7441598568275402e-11,4.5714129963980564e-10,5.62245595985501e-14,26.636095121158643
N20001098,372.0,5.388431939887028,1.2791573922076729,3.9776250356142713,0.02154547775632881,0.7546164732183853,2.0426719228157415,1.5513829919344146,1.5249642811011186e-11,2.078742840701981e-10,3.365495387828008e-13,84.9845687663427
N20001099,332.0,69.8388802780023,6.191779388431358,4.068842803126451,1.108498386023359,7.721748013796412,8.127588495267874,1.1554739286307283,7.18852587088915e-11,3.8040049291376755e-10,1.5681776732176464e-13,1.7871887062690648
N20001100,398.0,40.67539689756965,8.269467130122623,4.530650860563846,0.7172960139299419,3.044925036080863,16.355242152893705,5.010534184208716,6.447708971544088e-11,5.399041756518921e-10,1.5804184731795464e-13,21.39648772402612
N20001101,502.0,19.508090166309913,53.82722384477901,1.1914953343377561,0.5203447810117964,0.7609036480054928,7.140810316802853,4.519687892777503,2.1746783265973176e-11,5.592247228421116e-10,1.7326995280186387e-13,12.531444015394507
N20001102,300.0,3.143759990929861,5.368803935457992,13.423676461347632,0.5795357305096682,1.2817917028098929,2.0928325124916722,7.4263840134312895,4.30493898996138e-11,4.861284799929959e-10,6.331332316496986e-13,66.68321565249218
N20001103,504.0,0.06711418845445537,0.014445545801754271,22.737646207505996,56.91594209376311,13.905593316901008,0.8058946379132043,0.055573488334419746,2.2011136408675765e-09,4.0665387895583834e-10,1.3967564390449763e-09,5.497790517321543
N20001104,481.0,35.25070290560548,23.649693618743285,1.565094699607561,0.4079481768382719,1.174629377249091,7.087827995255493,15.187099150923238,1.829127266431554e-11,4.2432218043703507e-10,3.008596355606163e-14,15.677004075334933
N20001105,332.0,1.1123252184759795,0.4996251793325534,32.26759488220309,1.6990505960149522,37.19555704546576,11.617253327762835,0.0827495091940581,2.201162331857156e-09,7.732686666060147e-10,1.7374595847007475e-10,15.525844238402586
N20001106,507.0,2.469021602250593,2.7327029644942944,4.432321534368574,0.3829848590968541,3.5924046671549124,2.9881184669725145,4.335201866843784,4.3744024183989336e-11,2.9714343094199917e-10,9.151120184604382e-13,79.06724403847666
N20001107,424.0,0.23002625065079618,0.12747854972394612,5.956765177640345,34.91138667744217,51.17646176705337,6.481974719953948,0.035162197691543544,1.8134068870247857e-09,3.76081919461309e-10,5.681032417375498e-10,1.0807446570863048
N20001108,218.0,25.34694712333717,1.373601718309309,2.687129234790142,1.8106488137167043,45.38715610005665,20.60142719735373,0.38278159348200524,7.929173868017967e-11,2.1133968444266668e-10,2.8799840173658834e-14,2.410308218663618
N20001109,554.0,1.9345537369643964,70.16985775631798,0.3367051624309391,2.735038868081706,0.6134827709935508,3.5396136053414495,14.306873919961097,2.5899080730329067e-11,6.967687911445896e-10,5.915932882479612e-13,6.36387417918562
N20001110,285.0,2.7794670513729622,10.363749282647268,1.8175103376900732,8.641494148205709,27.138093006624924,4.2653776722712955,2.796871886369508,4.67945211680255e-10,1.2145757438450136e-09,1.2684649816377022e-11,42.197436613123045
N20001111,382.0,14.165462773348972,4.863742280751341,4.886992031909028,0.10804512070327335,0.5172797090383117,2.047972845972195,3.492297065711624,1.0468988944930372e-11,2.2756255512438994e-10,4.5297883225228014e-14,69.91820817232718
N20001112,513.0,0.07334076996054303,0.022119914589832517,11.436408128456991,23.687459477110586,63.04921974215995,1.6021711368017,0.005611634834681138,5.625459487080553e-10,1.1888843662675792e-10,4.683512498928124e-11,0.1236691953574271
N20001113,478.0,0.1417866735529815,0.4506701816659236,4.456677185814581,11.694022107536728,72.03863351415703,10.478516063184145,0.01356036806847031,2.686222687114759e-09,4.648475044621229e-10,4.26737900339821e-10,0.7261339024423543
N20001114,427.0,0.4695137390316218,7.488160821503088,4.403207096803928,30.222959217303757,43.12019634417127,10.171643601266114,0.5780165204412326,3.236561531783664e-09,1.3512556350869857e-09,4.640752658896556e-10,3.54630265442711
N20001115,621.0,1.6254180807357954,0.5597595926947675,29.344616130461215,15.177183821334875,38.13865623518891,13.29519334414853,0.058335678652674236,1.0789490882089378e-09,6.53852307494933e-10,6.513887076296176e-11,1.8008371149852869
N20001116,338.0,50.65492434267526,12.21098399167082,1.226813727933194,0.4006004266926858,0.9241200602304809,17.804435981831144,6.686971245858643,2.182355080867839e-11,4.454865287999542e-10,6.524667975993243e-14,10.091150222640406
N20001117,321.0,11.673135429011685,25.40422861929505,2.836599771902936,0.27210153659435,0.4781017964498478,3.7830762429592055,8.990331077764102,2.260165298197577e-11,4.795047268108085e-10,1.1358628888885554e-12,46.56242552551957
N20001118,484.0,5.731335695811539,76.64205049922282,3.3127929158789002,1.4042064548641031,1.5778266509332166,2.651008582843134,2.069929613332799,6.323430209860512e-11,4.724290346523587e-10,2.69604204734157e-13,6.610849586577536
N20001119,411.0,0.5626689554088428,0.727917517544204,39.64238527710037,40.748303387931855,14.503763280946727,2.800313710463017,0.01939574312552601,5.861625580675132e-09,8.20810260769246e-10,1.6091298965473493e-09,0.9952521191879002
N20001120,593.0,0.037067751302013986,0.16774859970156253,13.996032392571998,32.77854119797953,49.435491611546304,3.415568634165902,0.0031781568949923915,5.178865877251219e-09,3.653847808373897e-10,3.4004352634949033e-09,0.1663716468930057
N20001121,631.0,18.76257480648145,46.27820600577675,0.8390573697824604,3.1633429043910746,0.9790895987454501,0.6501277332420364,25.677555947833053,1.7949847183956052e-11,3.51880260717939e-10,1.7928667798373472e-14,3.650045633377883
N20001122,252.0,0.7678972087432965,0.07801933300737975,8.23066122135425,13.661419818358041,63.15824640827684,13.74300729040987,0.06150343864681646,4.915253606135759e-10,2.5835134262654046e-10,1.0077436029588106e-11,0.29924528044354215
N20001123,443.0,0.09234751288972963,0.013204653911356347,3.7630432402063234,6.669539855055999,83.57795237467272,5.1002424201233865,0.026767595465316384,8.206703629478186e-10,1.9436472959713814e-10,1.523843475170869e-10,0.7569023465077572
N20001124,617.0,4.392945247944971,0.8896703143520328,22.86896496770288,19.499850998617966,33.353859039374356,14.661535128776803,0.5386040178312036,8.295597820185544e-10,8.864264216075678e-10,1.2452739667286216e-11,3.7945702836713733
N20001125,333.0,1.521307644880181,0.34559057678533506,7.076094903569113,0.9128255792574042,29.213362007946813,9.364442620645882,3.0957989564585167,1.0619262643553227e-10,3.325462565244129e-10,2.1272727128957848e-13,48.47057771001779
N20001126,653.0,10.051104603696908,6.312198862483987,15.652042026622423,2.1543372677855057,12.175875154348066,6.0246760900908205,0.5754712501839971,1.306309753616876e-10,4.0896105807559865e-10,1.6337057131039816e-13,47.05429474424854
N20001127,532.0,1.3690459893164582,16.88179066912744,35.054904047325856,17.002826001017493,13.22027434760733,7.21232990739468,0.7612863006512415,3.1429025014876657e-09,1.832305922900512e-09,2.555372986649471e-10,8.497542732328768
N20001128,254.0,13.29161256287775,4.7921664134721205,7.743496638558566,0.04866976639679339,0.5084375918964611,1.0540626442007004,0.37153154766790897,1.1723689839643784e-11,1.052200397891627e-10,3.348089918101466e-14,72.19002283481272
N20001129,423.0,20.440116060334226,45.980484332580076,7.043283628848634,0.16541029261731063,1.8823290163372295,12.36016212928356,0.961543928657074,1.3690710912218505e-11,1.930271917889446e-10,2.0637980119366916e-14,11.166670611135176
N20001130,538.0,0.006818618041937699,0.033836764706155466,1.1006496398893897,14.03133642541578,80.88937521923944,3.84387419618588,0.0070229754911512714,1.6540599461720372e-09,1.4854222579236285e-10,4.366418122398237e-10,0.0870861587910423
N20001131,598.0,0.19984329890948677,0.9341905489597769,17.567199651379617,31.798814732207298,41.29321229995836,7.171962355026812,0.04653804515618981,5.4754029060878355e-09,9.33486165137025e-10,2.081134458320671e-09,0.9882390599124438
N20001132,507.0,1.8359535181639068,1.2614054976439768,9.793958402851917,10.56599171142087,66.00392509260531,7.360706486126345,0.2891331190660812,8.637752386705602e-10,7.016387087867289e-10,4.902130937266942e-11,2.8889261705071667
N20001133,782.0,0.5542858160459663,0.10069792476118292,15.996379638266294,6.159683053800765,58.942280180384344,12.367500532031064,0.05239327702234045,1.1598363435418983e-09,4.321830498864349e-10,4.918613109354864e-11,5.8267795760468335
N20001134,580.0,1.074247823059044,5.934132386804841,20.71186093179558,31.899459918365963,27.38970708781341,4.599277812767047,1.906409178371879,1.3213043814815639e-09,1.1912795500332296e-09,2.4447231462561733e-11,6.484904858485206
N20001135,616.0,4.941999496030236,1.5991980022259034,26.898496400870236,11.354725689306978,34.15851710630516,9.881322502244545,1.2218295704963433,8.773777073609206e-10,1.0647665072701282e-09,9.689876515271147e-12,9.94391123056877
N20001136,487.0,0.04859317786793881,0.02878159016195652,20.136290586978355,38.50303795136166,37.99443417998024,2.357519676629981,0.009136854229953932,5.822526954742837e-09,4.761908302826318e-10,3.739451077516353e-09,0.9222059727517499
N20001137,475.0,0.9519090780609338,0.43145523072990466,5.147188539322051,13.047159305144257,49.07825711017681,25.52028850878117,0.4621972185733717,1.017750158005406e-09,5.710644226378842e-10,2.024392171494859e-11,5.361545007602455
N20001138,465.0,11.507535582702827,16.286142676969966,0.9107467155173854,0.47070342367138573,4.758105947113787,3.89861354387187,19.6528404688806,2.3273545172089096e-11,4.247809472256924e-10,1.7782803377525023e-14,42.5153116408241
N20001139,645.0,0.5434300152555446,0.14901197429533938,7.968889972431,10.061905391229821,58.54461237446903,14.161362805248407,0.8842856518493551,1.1601047925528665e-09,6.972655796177009e-10,6.202016643020616e-11,7.6865018133021215
N20001140,556.0,5.518898254313669,6.733225118627882,12.518725827932773,9.24629232140115,17.96931804385406,24.698026695662247,1.9185783416216657,7.741941308391891e-10,1.1677944813937864e-09,5.464234575049228e-12,21.396935394639122
N20001141,314.0,13.533276305486574,27.82661866533511,0.6165090175403342,3.1660452983242564,3.5471554414594606,2.5143979100449867,28.693660974843123,5.2548680842004176e-11,5.175675430564439e-10,1.1388338428057741e-13,20.102336386395926
N20001142,621.0,0.05407891765194114,0.04555290468912317,2.729956737589569,20.580022408954786,69.89953175592709,6.086722359741565,0.040023090269145335,1.4404997283296214e-09,2.482836216006922e-10,1.0221620316854854e-10,0.5641118233857916
N20001143,547.0,0.9515759359229391,0.16910058688867585,22.293559332789588,11.11709238384857,45.78331659284302,16.598211980066207,0.11235204206904449,1.9596416985538933e-09,6.529614860803229e-10,9.663270884730242e-11,2.9747911428627294
N20001144,524.0,22.895474266634363,15.289473639282875,10.513919377890732,12.41788395156473,6.2948408488786844,7.217118915661406,1.0004992568335627,3.5324495120983875e-10,8.275222436039045e-10,1.2884382179531039e-12,24.370789742071576
N20001145,221.0,33.50529201560287,16.14233035138236,0.32758181510536577,0.5946674309326873,0.41233909842181404,1.5902404277413655,11.714204373630734,1.762098242863958e-11,1.9505187941673997e-10,1.6785929705122616e-15,35.71334448697012
N20001146,273.0,20.61990399403286,43.73270959047398,1.1770879713403155,0.4987790514511202,4.298361542181952,5.471717428705373,10.074290188320074,2.1988501849871612e-11,3.658020659085502e-10,8.966325153360911e-15,14.12715023310652
N20001147,416.0,37.20156226659133,6.203556989530844,3.227098524422317,0.3519092152590944,8.652188947739676,12.961023187457297,17.80065715087474,1.3204835960487e-11,3.694996846604812e-10,7.247771973774422e-14,13.602003717741923
N20001148,427.0,9.0024188451089,1.4676967167276416,9.350734545620757,28.882732187535463,10.210478920579494,1.1063067061102891,6.280346177019096,1.799112213835978e-10,7.571428376101691e-10,7.824661700797335e-13,33.69928590036053
N20001149,642.0,7.958990786375278,8.66344659563997,10.878818432722777,3.329909930771968,3.9172726211193347,8.874508237786415,3.4396952828914458,2.1039832380954875e-10,7.376138213775675e-10,5.32858038060482e-13,52.937358111744274
N20001150,392.0,7.887825131477689,29.178234276714615,8.260646990752484,1.3005764273501719,1.1440931530602672,1.9779151740142042,7.1289722793548975,4.437582974526481e-11,7.151694295701436e-10,8.426119951789433e-13,43.12173656651528
N20001151,543.0,0.028253492778417953,0.07283822094614442,1.3390936953191517,54.23728243814463,39.63208574725079,2.8499861469862457,0.13439205319489808,3.737468226747543e-09,4.384266343642869e-10,5.5086061236744965e-09,1.7060681956952286
N20001152,344.0,8.598067499228495,19.279803365139113,7.358121975726059,6.49217988274058,27.386115185679046,8.514732749209179,4.196654485289828,2.740257490610024e-10,7.299185265654388e-10,2.2971555276705744e-13,18.174324855983524
N20001153,638.0,0.016990854167573965,0.006069751563094293,8.014767887731539,10.014951221842203,74.49520528643149,5.4655118246188215,0.023405201769669214,4.686584060421992e-09,4.0045684563698236e-10,2.2150668808496725e-09,1.9630979645734914
N20001154,306.0,10.205610626769394,47.91193040826605,1.7408080478492436,0.2577932238133558,3.1672415062249804,3.783145524760853,5.227945100996934,1.0871995663377375e-11,3.061087410262199e-10,7.800844351376207e-15,27.705525561002197
N20001155,436.0,3.755726776876466,3.1845640942987687,0.21299590004473135,0.410967536199135,3.8068947476794395,3.900608950985544,60.27204317421153,1.0042707474314387e-11,1.8538837130050897e-10,3.36652362794161e-15,24.456198819508966
N20001156,677.0,25.020374817436462,21.943808236590247,5.440911179978649,2.2356166999275238,8.099940415749023,3.7781259767118867,14.72973454338105,1.4465780422082065e-11,3.1940674691188603e-10,3.9555438699845997e-16,18.751488129891285
N20001157,408.0,0.11841192523268639,0.11412575366020834,11.109056521190258,16.074304651984868,61.37773443192018,8.771310384884643,0.023724081536915645,4.906401360019588e-09,5.020518037313415e-10,6.065169347326546e-10,2.4113322435752718
N20001158,434.0,16.663219652619066,44.9394343647305,1.7145377450796682,1.2073713212650359,3.8836191586475186,6.326439129427035,12.793879509920988,2.7554188309897538e-11,5.387842401012311e-10,5.683413627572597e-14,12.471499117743807
N20001159,437.0,5.230946438020431,19.452602801901573,1.9388299815929684,1.5991660870437419,2.5516518548009666,3.719226187818404,24.14338230681343,4.1691072896098204e-11,5.474640076632786e-10,5.815244164757806e-14,41.36419434141928
N20001160,321.0,10.535523879627396,28.692828814683736,1.1314789648264723,1.0158754331640785,5.8881753313100775,13.253358465049095,21.68374926239937,5.517069810798871e-11,7.998274446926728e-10,2.0115136442143591e-13,17.79900984808457
N20001161,411.0,7.513722081346214,7.812809065537928,0.6169537086335034,2.0180537321524814,12.130178631205418,19.676809113226653,26.41700416215716,8.275286162432143e-11,4.826046276305085e-10,1.6972134286402092e-14,23.814469505175275
N20001162,2149.0,0.0006370352512947184,0.00015818077015187894,8.327377995037903,91.11450598011288,0.25381896356948014,0.00043262076651672345,3.188732594987127e-05,8.698183073475226e-10,1.3076404952526462e-11,4.656942600112327e-10,0.30303733581725206
N20001163,328.0,24.1728104015661,16.77519643368293,12.446358282039638,1.6191215731279118,2.7991923520252375,2.3877811041959247,15.474185317141615,1.9102993020735993e-11,5.634793614597913e-10,7.638726112814155e-14,24.325354535637985
N20001164,524.0,21.862157754499776,28.893140070660333,7.412464532235001,2.4555874432809373,2.712286841728017,3.9515497087630678,21.403486401818224,3.312928080682504e-11,7.872877578652517e-10,2.270778757983635e-13,11.309327246194
N20001165,478.0,9.341171064163648,21.609457656729592,1.0245086574587488,2.243805714740312,1.0475800286462555,2.7877355562956114,32.083486244301085,1.7969253902517074e-11,3.673387168187149e-10,1.8428367581283818e-14,29.862255077279436
N20001166,551.0,10.846025137602679,18.201018986070732,1.284286098029613,0.93030808453374,1.5974632113995784,2.4660917252287806,41.26528976188168,2.6692997078656955e-11,4.842911140178719e-10,3.7092963024591236e-14,23.409516994742173
N20001167,670.0,24.310243572108547,9.951424431275893,3.6744548257952836,2.145174530367658,7.416465038720024,3.5117869868739757,34.78573356049358,2.8406267786981824e-11,6.390484297796934e-10,1.5119738781282428e-14,14.204717053697566
N20001168,499.0,20.765096516100378,12.330481089899454,3.574070675692636,1.8153393651580765,2.3891930807198354,3.0122204434173105,32.030127014421986,6.141683789791525e-11,6.042980323737496e-10,5.808584119809895e-14,24.08347181392456
N20001169,527.0,12.056737712254868,16.55231128340784,2.3678140131367877,3.600226283095171,4.579738322333412,3.044999243197575,50.29260261917694,3.701150209466138e-11,7.257686267027368e-10,6.435216316465489e-14,7.505570522634557
N20001170,464.0,32.94304138372855,18.194722630320825,1.1488814140071457,0.83701146464993,3.9899543104577466,3.8862905666747256,27.166413224131926,1.919917380623057e-11,4.5166712407714723e-10,1.1057176126237936e-14,11.833685005558255
N20001171,293.0,33.57112763034486,4.409396698381634,3.438631554502679,1.9193166826803023,5.305775766077807,5.661221593333613,37.2380011586437,2.628985058336333e-11,5.049282364646573e-10,1.6173366183563287e-14,8.456528915504189
N20001172,1015.0,14.796973961115977,7.059364657233705,25.18474998701737,20.481986263627334,15.582212582007445,1.1067279472013412,3.2777148619704404,2.932815417830619e-10,1.1219749409145117e-09,5.479396947730263e-13,12.510269738410573
N20001173,418.0,37.80262316214842,32.11402065776001,1.6461373905999055,0.6826237192855025,1.9702735814635404,3.023745300103795,17.435257921450816,1.2384913356185556e-11,3.804471840600386e-10,2.5522225837476145e-15,5.3253182667951755
N20001174,571.0,16.719163047949717,22.59657999699162,3.7240413919398465,1.8863702514868748,1.303432259659226,1.721741098445754,39.16905371243564,1.6936111803439882e-11,6.107394297089035e-10,1.3344559797443621e-14,12.879618240463628
N20001175,344.0,42.951795582559896,5.99581429301592,1.5920331343811458,0.6447691992103967,3.669600868221681,2.2569835905319136,31.36828709261031,2.331569159381878e-11,4.243912693154887e-10,2.287300897915334e-14,11.520716239020993
N20001176,437.0,23.454177325230734,32.117630917672976,6.020477798090833,6.036772142577062,9.31875779602972,4.102518550616815,14.075196980778394,6.699132545360341e-11,1.0598333740892809e-09,8.668025516429326e-14,4.87446848787655
N20001177,484.0,14.263102009085635,6.214210565649195,2.700846878933487,1.38656005787089,4.524377304173594,1.5354166786598873,50.31210653134563,2.563267287732769e-11,6.082236911374931e-10,8.056255036697045e-14,19.063379973647756
N20001178,541.0,44.2598558309509,10.514912260766378,3.2320481556954195,2.4741281622808087,6.180538604874423,3.921721512995386,22.239141388092055,3.6099811160279276e-11,6.459027801996624e-10,1.3356108762481227e-13,7.177654083662508
N20001179,268.0,11.826831653083968,19.057458789493044,7.840768444834802,40.38179838307803,13.988320764506312,6.42127230224589e-10,0.4693026376507587,1.0181445088003298e-09,3.5236066313671097e-10,3.7404392668863937,2.695080058454065
N20001180,288.0,5.630528015038539,9.323183367252453,2.75262364089193,50.1746546853171,19.40286662833893,4.7295181634174086e-11,5.59892193821505,4.1639622265438706e-10,2.981772761189298e-10,0.06511585845376627,7.052105865730371
N20001181,280.0,7.046274510300529,5.541785802362352,2.6561744187482312,46.38910469799113,21.228724733953875,3.905874537350713e-10,3.2121404585116737,5.968918563180178e-10,3.2203209242070837e-10,0.25529473564471267,13.670500641177991
N20001182,470.0,8.691735325032283,8.055328530199056,10.698649022415294,38.851300408962906,22.819362300459755,7.971811745302493e-11,3.3482532617207497,5.023153771176834e-10,4.673798595296069e-10,0.5014007514748536,7.033970398685671
N20001183,453.0,3.2846009822771896,8.388858688467653,5.696704731489775,63.393097990437255,9.37422730387813,3.765124614833062e-11,1.8649065267523592,3.5016589941312805e-10,3.0561257374018877e-10,0.32552347183835356,7.67208030416584
N20001184,743.0,11.879714822015398,37.924887499507676,4.616557058942716,18.412794308755647,8.722376742492306,1.964089494022282e-10,5.724183813708011,6.316308543998789e-10,4.4956332731404027e-10,0.19328421030410653,12.526201542996537
N20001185,508.0,10.068272577147171,4.446500841875003,4.364725105366443,69.14631966988787,5.449779018902355,2.382447494617394e-11,0.8467501115498877,2.65198900725971e-10,2.383439384805575e-10,0.4731371156815543,5.204515559062351
N20001186,535.0,20.722239744558873,20.897255625648413,4.9673233255646085,37.757351548449414,9.290549330192238,1.6662484680960624e-10,1.9429940575633835,4.779399002465518e-10,3.1937235440654594e-10,0.07639859233706837,4.345887774722054
N20001187,254.0,8.657080441495452,13.906904784314712,3.485232890116812,41.88211035237495,17.288802721714532,1.0275026639263772e-10,10.432151994173426,7.440132999938026e-10,4.800242187236078e-10,0.6153341727154252,3.732382641767893
N20001188,348.0,16.232287840895516,11.331929666024434,9.151719830579065,53.398830726594134,4.699673417508405,2.1983975766576024e-10,1.3832571865322048,4.2986170727958533e-10,3.543563833831576e-10,0.6120373916406512,3.1902639392215124
N20001189,435.0,17.348161226907816,9.956540688393199,14.41035022061046,30.088850326354876,20.073287704332685,2.4223016818044676e-10,2.4385591490907133,6.607585141586992e-10,5.590630770060954e-10,0.31501941221845303,5.36923127062975
N20001190,498.0,4.875509708589954,60.60627761542732,5.66829554799164,13.593430976598745,11.660339991939567,8.161820012753517e-11,1.2340267929800297,6.103432599845657e-10,3.7620407029558083e-10,0.7480534753452077,1.6140658900593934
N20001191,431.0,8.89501128522431,9.931467606813579,3.473840679763522,56.10410237165685,7.131627705546699,5.6112214645677204e-11,4.229594496964398,3.8097468188478184e-10,3.8307303019288767e-10,0.3737435712764101,9.860612281934097
N20001192,520.0,2.912894719102488,80.22767127371151,2.538229408973895,7.2199712127251185,3.9960733028962143,4.8314851743681074e-11,0.9618338009523701,3.21273012389739e-10,2.3806271251415677e-10,0.44006893549821124,1.7032573455325377
N20001193,352.0,22.10559284505622,11.30826560484241,18.29840821909901,38.26666049578212,5.249192640218396,6.557484788129307e-11,1.5271284452954563,4.396938691369076e-10,3.7151970472458965e-10,0.2777290820160736,2.967022666813537
N20001194,343.0,11.74486094632353,12.173076892889584,13.208661877657399,13.33834362375343,3.6072291083242294,1.2977178544080661e-10,1.5219915451170412,5.911958682267775e-10,6.324046718974463e-10,2.567121231152002,41.83871477342941
N20001195,682.0,5.583713747839542,37.43049021135562,2.869323104983837,33.749915157580176,15.537378830352718,7.109144206306606e-11,1.731872905989717,4.266322397923093e-10,3.151334335694642e-10,0.4240772288200071,2.6732288122655166
N20001196,404.0,9.194928344196992,7.35160854389504,12.867799488810927,40.262229331842136,19.413260002525593,1.2499993443800264e-10,4.595623940109511,4.4809972834490514e-10,4.698858241037775e-10,0.32961455189836314,5.984935795678449
N20001197,436.0,7.807235230308164,47.99786642246273,6.604492396618398,18.64422292170397,12.21071748230268,8.324564027900878e-11,2.856092435694152,4.1301340257125154e-10,4.240930566803425e-10,0.5728831401566479,3.3064899698329007
N20001198,496.0,10.879485053224668,7.814768691410542,8.260494342348366,53.57064426873942,13.041169547746579,6.114810065510097e-11,1.7144769122841925,4.701100310837022e-10,3.778392032163289e-10,0.38525318075539544,4.33370800258176
N20001199,542.0,20.298810832714835,2.896054998455068,11.561094556879269,29.711596728573237,20.164096651650016,1.0507306957997214e-10,6.07157111068257,3.216196181772253e-10,3.4652074591467147e-10,0.07585282472721157,9.220922295544591
N20001200,458.0,24.10896769479658,10.169387212471982,19.55247031893305,26.28863160299413,7.384627130009434,2.1776531166730178e-11,1.2497527018980497,5.291564457355493e-10,4.03736971545844e-10,0.55431782784775,10.691845510094378
N20001201,471.0,11.513630254037029,20.10994424778598,11.874812635329118,26.086363909579667,16.81232804779846,1.528854503319921e-10,3.498253135602515,5.837450359412977e-10,5.542896567823397e-10,1.2852693395234291,8.819398429052866
N20001202,393.0,9.389743525298982,31.75401264243536,7.086412146463281,33.83898527443294,6.838218431336723,1.1133931278374974e-10,1.3273093014797246,6.165022013969385e-10,4.56207400028822e-10,0.7346647713861983,9.03065390598274
N20001203,466.0,49.497360194349085,6.257967292254508,11.584324276859595,2.588442725143457,22.94930834982957,1.4369731784884967e-10,0.4741002885957066,1.3411055942489188e-10,1.367550072201452e-10,0.027179529036601067,6.621317343516915
N20001204,479.0,7.358615035875976,38.63521629742984,11.374136476195257,24.914713296007225,13.135554569430163,6.176259092890833e-11,0.6816736270019852,7.263634077683226e-10,4.893960078561953e-10,1.6548227049687763,2.245267991813245
N20001205,366.0,30.067814105340695,19.320001528842134,8.348597292602607,14.264935969508882,24.48599708953899,1.5626910856770245e-10,0.8546381371003112,3.5068873763688166e-10,3.2583840739842654e-10,0.5050710458764988,2.1529448303570886
N20001206,154.0,36.24639955044224,4.415081634789138,9.919544890788703,5.969670865919274,24.999960136037544,6.311886285319773e-10,0.897720698585168,2.9772330721629854e-10,3.204274680028976e-10,0.8488775198081085,16.702744702380482
N20001207,324.0,43.198110935789565,22.567043979153947,2.886984032834035,4.233644853233225,9.144461979764953,4.4241433688855074e-10,2.690555520702045,2.877708883026753e-10,3.617521584782453e-10,0.03713141566382568,15.242067281766476
N20001208,560.0,31.73764644937377,21.93689282891019,10.739032484745666,15.742664052715579,3.1609943047552354,2.565332883693875e-10,2.2487513101760617,5.28786450776624e-10,6.570840169116729e-10,2.9932439102423296,11.440774657638764
N20001209,396.0,15.34096220021286,26.51983315470628,16.377214603948627,27.381033463660938,2.812318735262282,3.5499192152203035e-11,1.3975687490460698,3.740037560723123e-10,3.4880713360413837e-10,0.756360279366207,9.41470881303843
N20001210,493.0,44.32351763096574,10.128429935759407,19.682086342206766,4.711724453754975,17.574817967450755,4.036466011916685e-10,0.5206818774368082,2.710803902241328e-10,3.0353489975062396e-10,0.6582844674344275,2.4004573240128675
N20001211,464.0,10.81644219987377,4.902028883117502,25.94907959378056,5.723742745838544,33.05853082312296,3.734938821826319e-10,3.36071757005275,4.671714223007046e-10,5.626614186612607e-10,2.070533442680705,14.11892474012987
N20001212,280.0,6.065663954719428,25.673674076866842,9.93205979622373,33.89747670998787,19.329360598091817,5.248872937832666e-11,1.0031210330777294,6.997761267890199e-10,4.913118601519384e-10,2.0138066183347507,2.0848372114542544
N20001213,344.0,50.02125828355125,10.639228931833914,14.699566503434394,6.9164297001528015,11.03126318155424,1.6756843438835226e-10,2.3347016027812875,2.716500551202235e-10,3.5982890980950815e-10,0.30253471426681483,4.055017081626244
N20001214,428.0,15.562838712894166,8.166367381104061,2.2165137164998296,24.072567387022378,11.990747850421394,5.749007270683783e-10,5.564790684681226,4.3279940660481376e-10,4.131322294074204e-10,0.3964988151909455,32.029675450765154
N20001215,657.0,32.848833704824195,2.3246652692679466,9.23458366547462,0.8279292042318085,10.103580556225559,1.7321776368941911e-10,0.7756789603910828,2.179198207793388e-10,2.5860172472267865e-10,0.36711110916999745,43.517617529765054
N20001216,290.0,38.91401389819531,14.667366348095545,15.425951672344635,15.270010153850096,12.003779892406206,1.990268682284824e-10,0.5159593382251245,2.590317686387321e-10,3.1308912568904614e-10,0.5587776443814217,2.644141051730528
N20001217,563.0,40.28446158149087,10.307312199753541,7.109175633074952,10.987247650247314,16.040514080964403,3.198207300573867e-10,2.1141735735162457,4.603377938845554e-10,4.085398390620546e-10,0.4786083911510721,12.678506888612889
N20001218,371.0,19.14665173870383,9.035410878617704,29.851381265930883,34.00345291069556,4.89293630100016,8.676499661699827e-11,1.2527509687917149,3.247781369476677e-10,3.967235151727481e-10,0.663645242429952,1.153770693021924
N20001219,424.0,33.37682990127755,10.338278948574086,10.602083066135199,14.370555000392812,24.275732845084107,1.8233131071376797e-10,1.234445303130189,3.490620873049929e-10,3.7109175927379616e-10,0.48018568321881205,5.321889251284747
N20001220,534.0,59.14087050000711,3.394969019665205,7.459583104978113,2.2957030082956202,23.95040062220026,2.4827361527459593e-10,1.3714754013050434,1.252315644774991e-10,1.4093232086244505e-10,0.019268177098703536,2.367730165935496
N20001221,443.0,10.342544722906132,11.53314938296785,3.7943013356787856,45.94310944721265,12.713106133625073,7.134437619476207e-11,3.459786236990493,2.608736381357123e-10,2.755788314719064e-10,0.7396575610377557,11.474345178973472
N20001222,382.0,25.773009579526356,5.1260256208281705,17.089615973694837,6.3279409695302755,13.222434172877396,5.332030424407611e-10,3.76801441680324,5.441616376732943e-10,5.238979873557194e-10,2.105888853370063,26.587070411768405
N20001223,623.0,18.434079272878833,12.669872745207636,17.199892005861752,5.013780164724341,6.9868485063650105,3.6389541354015567e-10,1.9164324868054454,5.872569248879267e-10,5.282139796174498e-10,1.5357037274311096,36.243391089246515
N20001224,392.0,57.190574901471855,5.192353806102043,4.437067483221025,2.431110202482157,14.287914529164278,1.0727959732569371e-09,1.7025639661640697,3.5346525676239156e-10,3.58174052091302e-10,0.5826506823596288,14.175764427250526
N20001225,238.0,33.26407911355288,19.441417497731457,21.807362686030018,2.7750491801565023,7.468267400958925,8.697798614266347e-10,1.9255737010879028,3.9136823057473635e-10,4.488501692572534e-10,0.5261064391797536,12.792143979592563
N20001226,424.0,6.109236441748967,7.044133708652513,1.878235789451386,26.63765999216273,43.32028328983474,3.4849971218894425e-11,9.454431906665777,3.37216542833099e-10,2.1724741086500545e-10,0.11821883477982689,5.437800036114746
N20001227,271.0,41.626388972912785,15.891037553615389,5.646199207822941,3.858004092041677,9.752420563805593,7.386756423807237e-10,0.519875026744505,6.723463477339826e-10,5.523022727903903e-10,7.027624154460092,15.678450426633683
N20001228,361.0,22.31524579543108,11.940995654464254,7.288304964083944,10.126139908440058,34.798811057590775,1.7639521143041892e-09,2.288272663038509,5.402186102974282e-10,5.592133325263363e-10,1.1332798432858875,10.108950110802109
N20001229,418.0,25.132539315561836,12.33192336121524,17.98125764333531,5.502170202761798,6.678410127508935,5.815063575788957e-10,1.264850871817241,4.569167274679638e-10,5.255411151965141e-10,2.0689213933651898,29.039927082870488
N20001230,625.0,10.660876901314538,23.738574944309658,6.959337337592608,39.901861049452634,12.301380106834436,4.6010361201017283e-11,3.1427229283120974,3.817203075124447e-10,3.5571763813186146e-10,0.2520057067217127,3.04324102467888
N20001231,553.0,25.015845758903616,13.43639357991346,15.807911049696017,15.62643747877461,15.011271430868439,9.357695708306848e-11,3.379928805777641,5.317839937597266e-10,4.6134283958542676e-10,0.4527755628937655,11.269436332085741
N20001232,608.0,54.53428204344236,17.09380876565425,8.20577261078725,6.311463504383383,1.9510713533650643,1.3743078684891187e-10,1.0083144095546417,3.0458978398448014e-10,3.3424327180869096e-10,0.20220460608751187,10.693082705949289
N20001233,492.0,24.156372020725637,13.485394919313237,11.083177964352611,24.87828126911892,22.362252320650793,8.671826352638145e-11,0.8424262226060972,4.727823503847274e-10,3.592528705455379e-10,0.9597787765586905,2.23231650575525
N20001234,468.0,25.690214187177485,8.283493822062365,4.432241183773413,22.53391339981434,14.48712331860698,1.1734534925858153e-10,7.11075521290568,2.337662513212974e-10,2.7908775369290847e-10,0.060447728554129374,17.401811146475417
N20001235,320.0,3.543546775444559e-10,62.71072109856961,0.9365867984315821,14.30968230292104,7.58601729344605,9.772223649398784e-10,1.093092855618721e-09,1.015943785823797e-09,9.18811284261676e-10,1.8355132778580296e-09,14.456992500436774
N20001236,704.0,1.6160287758314172e-10,91.74278790258691,2.778370154819485,3.0660377598154382,1.7919860166745465,2.8362341884350374e-11,9.558418310873199e-11,1.7987659813737455e-10,1.4711666411152775e-10,4.0949239365866294e-11,0.6208181654501365
N20001237,433.0,1.5660645667388912e-10,90.53878765300998,3.495751620739571,3.02026168804055,1.4996336411480375,1.4361264516885934e-10,9.887677024395855e-11,2.7900330381042066e-10,1.9726193544388925e-10,1.863685341426003e-10,1.445565396000131
N20001238,265.0,3.293171390498103e-10,81.05912059975446,6.698467739401033,3.817495304332627,3.1446251682763924,1.825713649691104e-10,3.888820339260161e-10,6.479137574732432e-10,4.5490908114894117e-10,4.972856276144896e-10,5.280291185734617
N20001239,670.0,4.692327953788192e-11,47.83410378346001,0.665365176454428,38.62750121662032,0.3428308682379127,2.1485616723180898e-10,1.2126134031807895e-09,2.7531846753467483e-10,4.27672149492795e-10,2.710423052373653e-10,12.530198952778912
N20001240,532.0,1.613178317244088e-10,70.06320348279526,1.5509515930964866,20.442345568692655,1.5311397997137415,1.4505359055255065e-10,3.5026021466002946e-10,2.556883671836214e-10,3.5056260771199503e-10,2.8702053321714186e-10,6.412359554151953
N20001241,615.0,1.3602527075235873e-10,82.79944745113097,1.372392456524478,8.959512740138445,1.6403722481280703,1.331244441150609e-10,9.792560062005279e-11,3.031082581972875e-10,2.373545405579573e-10,2.5760574415626173e-10,5.228275102912899
N20001242,729.0,1.7340599343248715e-10,53.65400551563035,0.797129419249978,32.84405255211766,3.5191025579041537,5.832874150836656e-10,5.25430148157496e-10,7.680691644019741e-10,6.056787440426437e-10,1.5624124260887222e-09,9.185709950879575
N20001243,718.0,1.9914328129394923e-10,80.6044975110004,0.7903431907321348,11.311677623188004,0.5607879344155071,1.8998035863189515e-10,3.322184839787506e-10,2.826267853870617e-10,2.970496652549894e-10,1.4198308022988686e-10,6.732693739220948
N20001244,794.0,1.965080514837626e-10,88.27633888758854,2.360678470302604,3.187981002594892,2.163755015624804,1.1950598458278117e-10,2.4039284639075964e-10,3.0232052191287376e-10,2.2743117690239727e-10,1.5740021779254934e-10,4.0112466226456105
N20001245,440.0,2.9377960540954213e-10,74.63510148201765,7.300978413239781,5.0824482511767615,4.610160171353665,3.739653786604032e-10,6.424388209262486e-10,7.868633537425293e-10,5.246099098646273e-10,3.186610244095805e-10,8.371311679271844
N20001246,723.0,2.7820509316985734e-10,66.05840966764949,15.44365210450747,3.85500017543578,4.196800865977917,1.3138313376834063e-10,4.736258341039917e-10,7.3919042311202e-10,4.678997112117384e-10,4.5421296036842643e-10,10.446137183884838
N20001247,481.0,1.9519519202601803e-10,82.85547549315676,2.0557393890584508,4.647498016652568,4.7774386098968895,3.0594549547790665e-10,3.9581981092538847e-10,3.851508620280019e-10,3.086272040756388e-10,1.9858906879807656e-10,5.6638484894459955
N20001248,465.0,6.456629517088001e-11,31.58425325847569,0.3426050237184712,37.13918773332909,0.7614852081402297,1.9337005188933508e-10,1.3266896443522999e-09,5.098733866800342e-10,5.615456212604668e-10,1.8637322308255415e-09,30.172468771816767
N20001249,648.0,9.54010501084405e-10,7.885500564544993,10.113665220150978,2.745313675267526,1.4140132421092646,3.590608815803226e-10,6.50715290007988e-10,3.6988443666536265e-10,3.800602417353239e-10,3.796276192684484e-10,77.84150729483389
N20001250,407.0,3.3950664742426356e-10,57.692977133970814,6.753637768230059,22.755561108422853,3.6025282325916197,2.065561781768957e-10,1.6757001280387123e-10,9.88368530281807e-10,5.389283776343401e-10,2.081335242671587e-09,9.195295752462387
N20001251,695.0,1.715419667303537e-10,79.36698999626626,3.801586695707695,4.89280309339641,7.367225691096974,3.102968988579712e-10,3.2897971426722273e-10,6.657255136351098e-10,3.75693478108099e-10,3.617425750787017e-10,4.571394521318684
N20001252,546.0,2.0231047201452859e-10,86.78483773307902,0.8896803024978784,6.232551259818851,0.6248181573254883,5.140042305528788e-11,1.8131723614237638e-10,2.012448075996056e-10,1.8245573915646117e-10,5.0381504387507525e-11,5.468112546409676
N20001253,737.0,3.6391080884228725e-10,83.23896918826338,2.855479157483053,5.711543168317736,5.830920584817824,2.650819619096191e-10,2.602427215517133e-10,4.1602159160534894e-10,3.5657791813334035e-10,2.872746974372178e-10,2.3630878991688937
N20001254,656.0,5.867051522752304e-10,62.85037638801557,3.329583402181195,14.841725784086151,1.8666932242465653,6.01753762240837e-11,3.135638691104089e-10,4.2016139393186393e-10,3.0309252537014064e-10,7.818413493202524e-11,17.111621199708633
N20001255,753.0,1.75766655686462e-10,72.65909784129076,0.9617635035186511,13.817810072409713,0.7696583771597751,2.1279712985953836e-10,6.849610438604002e-10,3.533025714277709e-10,4.613757149410413e-10,2.837188591327134e-10,11.791670203449184
N20001256,482.0,2.4510140634482886e-10,83.81637666190235,2.817439796934982,8.865820561040735,0.4936083657963798,7.999208279015956e-11,1.8631310875030662e-10,2.6441137751684895e-10,2.671878696718634e-10,1.684555209500391e-10,4.006754613114068
N20001257,597.0,1.2833994744856102e-10,84.50931308976537,0.6787320767999365,11.3761734000164,0.37021552205637503,1.1106195699918912e-10,1.656351547926441e-10,1.4915731007223444e-10,1.9557473358534853e-10,7.806266735841092e-11,3.065565910534095
N20001258,980.0,1.770764371015542e-10,77.7054296798072,6.747107120537284,3.4227947194586625,10.512470013888443,1.3044714038011002e-10,7.646155629016305e-11,6.051577195485374e-10,3.0963115335578024e-10,5.152495340380735e-10,1.6121984644943874
N20001259,721.0,2.3485039407882895e-10,74.57968977709257,1.794096432210479,10.739162521982038,2.5560608476507483,2.6934298139282167e-10,9.037127815048129e-10,4.2129774976190427e-10,4.085175272628821e-10,1.280911711027256e-10,10.330990418698356
N20001260,505.0,9.19249640506835e-10,74.91462671568642,5.069043356661762,7.605242336213442,1.7939507278631386,1.7191659334830492e-10,6.424413062331478e-10,3.045228736031386e-10,3.2593772297861797e-10,2.132350406946078e-11,10.617136861189834
N20001261,856.0,8.846439838585149e-11,70.08506224276798,0.6970051677223348,21.238647540031366,1.2289414042386224,2.561458306867638e-10,2.294281388077599e-10,4.612617476730964e-10,3.7564969903775677e-10,5.874076436591238e-10,6.750343643241369
N20001262,448.0,2.964717758682978e-11,83.39211119459712,0.36820019220034017,11.492306974287898,0.4402563684387946,1.4490587601661079e-10,2.5259757616556783e-10,1.1111834890679336e-10,1.5552048782098686e-10,3.2422701552683904e-11,4.3071252697496325
N20001263,598.0,8.380395403074822e-11,56.57113009838378,0.8003380009913633,33.22813054653393,0.45057827802166023,1.570746397235027e-10,3.489096172263297e-10,2.7919454183135844e-10,3.41557757765984e-10,1.2212106543914988e-10,8.949823074736598
N20001264,823.0,1.9511088281143382e-10,49.69327971506593,8.14846417356347,21.361410770638045,11.3973245408585,1.751592331242555e-10,3.559037068462077e-10,1.130563542785112e-09,5.939161944091954e-10,7.296094139991193e-10,9.399520796693809
N20001265,514.0,3.4859104295965747e-10,72.07971346137158,5.334335930296654,9.962746568780755,7.872588684016864,2.373464797762872e-10,2.1491219347375276e-10,7.709662782062246e-10,4.5126829521111395e-10,5.107887914169106e-10,4.750615353000278
N20001266,605.0,1.2137517713475431e-10,74.33576310479802,1.0181868143389954,17.888527735511467,0.34180126409205475,1.361847712575887e-10,2.360218342034945e-10,1.943024372936044e-10,2.703986258782853e-10,1.2675916987435942e-10,6.415721080174411
N20001267,575.0,6.050560120147705e-10,74.38476613997219,5.276076652121288,15.22850890111659,1.9994858356778091,1.0300973095205618e-10,4.401010165888648e-10,3.744367043354038e-10,3.7150017551778835e-10,2.3051772279207991e-10,3.111162468987522
N20001268,623.0,1.4031275917212569e-11,18.277384470118896,0.218079954046688,68.89769203202897,1.2900704996565275,2.796600203641751e-10,1.1182338794496431e-09,4.372959246536601e-10,4.5161938180033034e-10,9.729018366464065e-10,11.316773040875178
N20001269,516.0,1.3620866277020907e-10,69.68687988320134,0.8390272692979176,13.60909727796871,0.3333877634394089,7.577270372925529e-11,1.9299315444422196e-10,2.0951327977122093e-10,2.1673549649338594e-10,3.378268859164173e-11,15.53160780522763
N20001270,346.0,1.3638927007647444e-10,90.7381837606911,0.4365624894378751,5.381594978900221,0.4026702981889879,7.955163238512041e-11,9.667689898229785e-11,2.485082539781066e-10,1.8531727176742702e-10,1.2364216741454122e-10,3.0409884719117133
N20001271,446.0,1.1018934488298574e-09,49.37156647887474,16.470426310782738,11.352161777533242,17.644283505344887,3.8826913979576827e-10,9.072162580996693e-10,8.057271707630193e-10,6.10392548472796e-10,1.1691812363999864e-10,5.1615619235339745
N20001272,648.0,8.591515286198077e-11,47.92006151578194,0.5730867715472596,40.82615957483725,2.4104581680211754,4.590963699991689e-10,3.8971110922175226e-10,5.107154747899345e-10,5.000868154652928e-10,1.569617844701194e-09,8.270233966297248
N20001273,388.0,2.7602623025348256e-10,88.87735204493454,0.5218508269609494,5.343790110843633,0.3131603610188318,8.536142746703445e-12,9.110863991611316e-10,9.03369996321292e-11,1.0222008014733499e-10,5.413446336481537e-12,4.943846654848402
N20001274,391.0,1.8514637288093433e-10,66.96883208665567,1.0422209387526342,13.184692007900246,2.9135687224017524,2.299344127369054e-10,5.146430862106628e-10,3.548797443009759e-10,4.000157205723084e-10,2.703619497872284e-10,15.890686242334692
N20001275,394.0,1.6223431950777348e-09,19.395765939083464,13.767600843452147,10.841812943115341,28.16883682413239,1.6298114507851694e-09,7.765452606354666e-10,8.026307242509949e-10,6.671921097708877e-10,1.171932412423632e-10,27.825983444600944
N20001276,494.0,2.5374253694173144e-10,71.28800517019049,0.788501001973996,14.370742546450904,0.6212317515223594,1.928046982188485e-10,6.486612675775405e-10,3.5091083319357235e-10,3.743547383980951e-10,9.394168213939869e-11,12.931519527947819
N20001277,738.0,1.5714376359586679e-10,67.90023118398112,1.157220439562638,18.51596490469992,3.756384095323275,3.5697212070136116e-10,5.605312574020291e-10,4.729390862459157e-10,4.646678281626255e-10,3.5253670794148787e-10,8.670199374068249
N20001278,554.0,4.75458987457994e-10,78.12382707200605,3.9441335916106572,11.162499110544827,1.6556644016153927,5.427283602664218e-11,2.8521561370034507e-10,3.767145797855182e-10,3.087199885170328e-10,1.5810271668257465e-10,5.113875822564609
N20001279,605.0,7.956655752623417e-10,73.90258044165097,5.267475111119557,9.180702935872672,2.068446050228757,8.109681075952077e-11,6.778373566121901e-10,3.7313372154140383e-10,3.569770438769037e-10,8.802055801523534e-11,9.580795458755315
N20001280,311.0,6.503186572428402e-10,75.56365098332616,3.123808437604416,7.665423360938098,4.002274222513166,7.753465751832126e-10,1.6456824011145008e-10,3.906539931815068e-10,2.3518688119692543e-10,2.3970048154525853e-11,9.644842993378106
N20001281,313.0,4.5200551534625475e-10,72.29960567724632,2.887526699278546,8.051274501463203,2.8970453403412217,2.3256338708948126e-10,6.56957935674502e-10,3.9801364054759164e-10,3.1914724031620865e-10,4.246525320269533e-11,13.86454777956957
N20001282,516.0,2.665394813176793e-10,67.35263628317169,12.621078080520729,6.884979634944132,6.284764988297926,1.2101255565571345e-10,6.565625838931464e-11,7.370185575726158e-10,4.805892531958943e-10,3.3346560903741837e-09,6.856541008060062
N20001283,359.0,2.0299636097983394e-10,77.83828106863353,2.2423053174649215,15.97243406975678,1.3650228015215118,1.4438741034346555e-10,2.334428218939437e-10,3.6150539402960354e-10,3.286544904546178e-10,4.4374714876733123e-10,2.581956740908516
N20001284,645.0,2.526769589554427e-10,93.59796156710763,1.333732360506772,3.2498825797919255,0.4499649525421846,2.0906070005697418e-11,2.602059909412867e-10,1.34280148398981e-10,1.2871536735196718e-10,3.3928847236508876e-11,1.3684585392207482
N20001285,335.0,5.322411953728116e-10,60.66308294916318,4.708888806039358,16.433838009066694,4.782439205217776,3.731193749082218e-10,7.040529660478033e-10,6.241572055912905e-10,5.603880432776483e-10,9.738998100711192e-10,13.411751026745122
N20001286,308.0,4.4823371189748125e-11,26.78784453713085,0.7087345681020987,49.3848123282413,0.27964999298933224,1.5527356569153463e-10,4.33681819040948e-10,1.6050278279979928e-10,2.5139725748882253e-10,1.0222385921340212e-10,22.838958572388513
N20001287,409.0,2.1599707107674222e-10,75.84868598275914,2.256565089302314,13.412764627128032,0.9682436321466518,1.476377478046751e-10,4.300771508644049e-10,2.691520798405199e-10,3.270785307364139e-10,1.6333639868202184e-10,7.513740667110596
N20001288,517.0,2.474017513238245e-10,82.08476007809251,1.059570733388733,9.321757560839837,1.4557187853767188,2.3712122360151364e-10,4.4902245758330816e-10,3.551092392099368e-10,3.4513982534813815e-10,3.0389835004746346e-10,6.0781928403645145
N20001289,398.0,1.287552310829538e-09,14.153331632781562,7.895293928278496,36.19910678208117,13.46608308716582,1.0591730074417892e-09,9.950364348978435e-10,1.1372062397439833e-09,8.782324800627787e-10,1.0224231968971298e-09,28.286184563313338
N20001290,1131.0,2.0679295851891333e-10,90.9203176450404,2.6996425874529257,3.1570849208207235,2.0915403205654104,6.485244793266956e-11,5.882248639754597e-11,3.5963546771297883e-10,1.9406636263423349e-10,4.722916796959561e-10,1.131414524764097
N20001291,576.0,3.5291262915352546e-10,75.10586376118226,2.3970960580723415,17.047981962727082,2.0745530405885795,1.666637322982928e-10,4.3181263706251533e-10,5.545830605433662e-10,4.467745795972428e-10,3.893663654888726e-10,3.37450517508763
N20001292,569.0,5.0613617264515635e-09,25.805731892575594,18.611129492157584,4.602330043443063,13.925117410409662,1.1748167517013445e-09,1.1429860760137206e-09,6.358727590695686e-10,6.062845021091564e-10,5.481216605816949e-11,37.055691152737964
N20001293,368.0,1.6476731889539784e-10,78.64564614228287,2.910589278287239,8.789954106308254,0.9500772576051466,1.1440614163637637e-10,4.171679818258031e-10,4.329050657366638e-10,4.0424680650414286e-10,4.954411286751208e-10,8.703733213487551
N20001294,231.0,9.82767543533349e-09,11.72656657147224,53.2797193684544,2.542242630481399,19.52554153135667,2.4879156713032878e-09,1.2744706572196058e-09,7.119977263383618e-10,7.098965848402274e-10,6.666503186945851e-11,12.925929883156662
N20001295,340.0,2.453818751351878e-10,87.9856321025354,1.2848892543768455,4.292869502525674,0.5636350071616442,1.6411413736877518e-10,2.0764271123663927e-10,2.2616021860292526e-10,2.1255412981270214e-10,9.117116515273408e-11,5.8729741322534075
N20001296,401.0,1.037260679786957e-09,4.0048208861602745,20.03008177039945,12.559939929943612,15.947710809731275,3.3660113851574404e-10,2.782730679431763e-09,1.037237678564894e-09,6.911019336150907e-10,4.990010340299903e-10,47.457446597381455
N20001297,481.0,2.417248938143339e-10,64.87967497964546,1.2754789162280268e-10,18.830165811475958,0.09801734850478584,3.5695170431617325e-11,2.1335998147430532e-10,6.1781768478905335,1.5698838183956553e-10,4.75243971479043e-11,10.013965011660407
N20001298,649.0,8.675489755979104e-10,74.68298321329847,3.5126711569532336e-10,9.738912298250982,0.2441787600818225,4.705524458798165e-10,5.580024567629093e-10,10.150099850239155,3.5666671637972136e-10,1.375859208458951e-10,5.18382587538795
N20001299,495.0,3.7474717297677583e-10,68.97433423613461,1.7271767407968822e-10,17.448009709649988,0.13859442884865267,9.936856815612411e-11,2.176508294092238e-10,6.295795559465665,2.5344268700944683e-10,1.0267959550756735e-10,7.1432660646805
N20001300,634.0,1.753328772967822e-10,43.1608889170544,1.3654152376438228e-10,25.103610321940025,0.5165913849493664,5.189611693301223e-10,4.2579583088842305e-10,19.870232650003288,5.38134578671846e-10,1.7555887402990325e-09,11.348676722502558
N20001301,736.0,3.2975469605316936e-10,71.6681106972852,8.137405244424894e-11,13.693028818244803,0.11680346415347781,1.1237690121768785e-10,2.8676280982000096e-10,8.42250699952433,2.5546066845682353e-10,1.8192148297691265e-10,6.099550019544542
N20001302,497.0,4.669195046108713e-10,75.05845647009099,1.4204640579194104e-10,4.632030346205558,0.3829246821880218,6.390051547596441e-10,2.2203421994466047e-10,11.438868400281926,2.9534891650031677e-10,1.6429007463171025e-10,8.487720099303855
N20001303,488.0,1.3755046922663548e-09,62.45675631683463,1.4530117477193606e-09,3.8532696046794666,1.0203245237129288,5.576911403035615e-10,2.3134150759574556e-10,16.500830769423636,3.2483801351543387e-10,1.5057361213905552e-10,16.168818781256387
N20001304,543.0,2.608230213348752e-10,14.031506186009713,1.31242856025852e-10,39.15798135265038,2.8175718635995706,9.640469516070312e-10,6.809789978389276e-10,33.32579526501796,7.048994224169994e-10,4.348291274860789e-09,10.667145325632092
N20001305,541.0,4.28090094684198e-10,27.76216351197016,9.207236045763006e-11,40.24034990769601,0.5307681334571982,3.091275722012312e-10,5.094432628720782e-10,19.05074818716055,5.173021738333987e-10,1.452250580676533e-09,12.415970256407816
N20001306,291.0,4.944056607318913e-10,48.890132117550415,8.002862587673083e-11,34.70105579810634,0.45542621126185834,1.2417476786140236e-10,2.0266507035130998e-10,7.7634221443803515,2.060044693434102e-10,5.364513430242644e-11,8.189963727540118
N20001307,586.0,4.0428345605991145e-10,27.286426779639434,1.2423069500540144e-09,4.313347628003905,0.7703422438849613,2.0246799258834162e-10,1.4498840137710687e-10,4.5460824028297955,9.100411790186104e-11,4.561953829982693e-12,63.08380094355229
N20001308,848.0,5.37423845487985e-10,71.06694926000748,7.192036798726813e-10,7.796751275397062,1.0556854138003253,2.9379512399767124e-10,2.5782724021284715e-10,16.543866307974596,3.4979318146179843e-10,3.8336507591456177e-10,3.5367477402791128
N20001309,896.0,3.990777382172165e-10,76.01834169474316,5.144311763414239e-10,6.2756542482987845,0.5657652096634264,7.083763462061378e-11,3.3251626385365337e-10,10.742066012983512,2.4629023370262976e-10,1.435959359599802e-10,6.398172832604381
N20001310,614.0,4.3428140123964653e-10,81.36748976518527,2.2315500000026084e-10,7.806656009547843,0.25547574605475115,1.2660761188802532e-10,1.7159636597865387e-10,7.97919108776321,2.2164786540884193e-10,2.566620613058216e-10,2.591187390014981
N20001311,395.0,6.482972979422759e-10,72.58887505080006,2.4582636465113414e-09,6.062685775012326,0.814124176870259,3.760410346134001e-10,2.1653107766290016e-10,13.420332901124777,3.249417168309552e-10,6.388233429270124e-10,7.11398209152969
N20001312,414.0,1.4144272224596882e-09,72.52815872080717,2.8734688594325846e-09,4.263697652518908,0.5130392162496669,6.086916600598683e-10,2.358779972413141e-10,7.161594845590047,2.1290910619904543e-10,2.301639249527897e-11,15.533509559465825
N20001313,535.0,6.125915031673383e-10,66.73093550240617,9.994918767853939e-11,11.396790239274793,0.2923075881935305,2.617157926435671e-10,4.630865058351713e-10,13.180061957272283,3.541264964036725e-10,3.1478556363193886e-10,8.399904710746968
N20001314,652.0,1.1332434664869735e-09,68.93325824780072,3.9299456950333066e-10,12.664926109317234,0.5236669942660932,6.892397671176726e-10,3.7412770447050354e-10,12.291297290762165,3.7799003465955925e-10,1.621656592437622e-10,5.586851354724029
N20001315,468.0,8.443683869525493e-10,72.37061444010192,5.390573839974989e-09,6.337297582756564,0.8671480937713893,4.295472055146243e-10,1.6079958151975334e-10,8.26738492233375,2.873777901518503e-10,1.7332334122669537e-10,12.157554953750392
N20001316,526.0,3.025923194774799e-10,58.022544024410436,2.061390323734672e-10,26.459254591477116,0.12156172414602841,2.7125958900454233e-11,3.795246776017022e-10,6.556206519358892,2.1529223449915312e-10,1.3518630002462616e-10,8.840433139341677
N20001317,516.0,5.032006982917623e-10,81.749413560272,1.2629073319718046e-10,5.612877559935852,0.21346805916519937,3.2472491846033216e-10,1.431179328295157e-10,7.11401409686098,2.101592440791205e-10,9.16701423806005e-11,5.310226722366782
N20001318,475.0,7.667375847064635e-10,85.98186427956219,5.88559155950412e-10,2.498319414685634,1.0088737393544185,6.050049172994435e-11,1.4037396608485555e-10,6.423865155146846,1.572481633398993e-10,2.880241606081657e-11,4.087077409508703
N20001319,338.0,7.57932540038784e-10,66.98331957422883,8.452925392926178e-10,5.026196184675861,1.4637518808085148,4.0637020715257836e-10,3.328715788791365e-10,10.244533620034664,2.835357397350312e-10,7.278442470705424e-11,16.282198737553337
N20001320,468.0,5.838650822652296e-10,73.82952470421841,1.0318839377261827e-10,8.806588669136769,0.21717625021330958,2.5696329036887906e-10,3.390638155998917e-10,12.597381634601623,3.1623721708941277e-10,2.657896857710445e-10,4.549328739964794
N20001321,591.0,6.185877612334963e-10,78.53680767433761,5.102075780063624e-10,7.260950835415311,0.3700225240846545,1.4026938241911338e-10,2.6870221904274206e-10,8.033948877492788,2.0334918923930427e-10,7.327873795412809e-11,5.798270086855242
N20001322,453.0,1.2829451037541796e-09,81.88537170171757,1.593986034412183e-09,4.938326039082666,0.3791937941499702,4.801459689404678e-10,2.030900372342353e-10,8.418024353024126,2.430378007142746e-10,8.436514056092891e-11,4.379084108138103
N20001323,347.0,2.5462184260541355e-10,81.99109624611576,7.834113591309374e-11,2.238749163925499,0.1779560571314849,1.5797597232444216e-10,1.9892989856891682e-10,4.411769970486554,1.4237566592147913e-10,5.8204178945757436e-11,11.180428561450247
N20001324,516.0,4.0581128079598834e-10,65.21231916057678,2.0193503800917095e-10,13.124574402848094,0.3556208349262583,4.002593635595957e-10,1.0018941296455797e-09,8.211358265001788,3.1447554854438925e-10,4.355989276387178e-11,13.096127334279165
N20001325,758.0,3.4471952084924034e-10,85.28362641361402,1.6926236429025906e-10,5.677048460967453,0.11202544430085988,1.8051988097671842e-10,8.592550510186715e-11,6.260497951081179,1.6734597796103316e-10,8.03800674495286e-11,2.6668017290083608
N20001326,669.0,3.7712172290877023e-10,78.71529840904009,1.475356332912135e-10,8.3178171482272,0.18636710682057414,1.4158733304605915e-10,2.44211432289772e-10,6.7626259398262185,2.0126396465839306e-10,5.48669303086428e-11,6.017891394919313
N20001327,434.0,3.8128610815670103e-10,67.03952872549547,7.869353234895328e-10,5.185351521495806,2.3107068256496825,2.343933004723451e-10,4.969756314643374e-10,19.12935272458256,4.007339965773755e-10,2.7166910514650873e-10,6.335060200204472
N20001328,609.0,8.613409399035876e-10,43.05546256127134,3.507370799007153e-10,15.749163483694902,0.9466637851908615,5.444910136325034e-10,5.352849295785088e-10,17.124508525977113,4.4578046806950346e-10,2.355471207909042e-10,23.124201640892615
N20001329,303.0,4.6088359124502726e-10,50.138459113358024,3.3726990625101566e-10,28.87679723019293,1.0971005011413364,1.9350285412978638e-10,5.650528117582942e-10,15.045473059172258,3.53913726116681e-10,5.54264927511125e-10,4.842170093670575
N20001330,410.0,9.169742890323615e-10,65.95154475256093,9.473160863182953e-10,8.136073224802107,1.7787050016529717,4.313998417054022e-10,8.445163823692298e-10,17.298197347592595,4.283625730704235e-10,1.7750837363443254e-10,6.835479669645314
N20001331,503.0,5.830946846020845e-10,69.51219454265261,1.0248023386065157e-09,3.2771251300965107,2.6983658043136276,2.394466977818158e-10,2.590330153061811e-10,16.027888621959733,3.3148296897716286e-10,9.483751394390942e-11,8.484425898444817
N20001332,485.0,9.81441525926476e-11,14.414253990950792,1.5010352161471096e-10,37.938792110091526,1.2534646766738398,3.952243444200485e-10,8.399223261848006e-10,30.340359808765044,6.760164025734473e-10,4.3882258794933135e-09,16.053129406971177
N20001333,448.0,2.829491990451338e-10,85.16824263056809,4.5387703523848497e-10,3.191542554452398,0.8214549876870219,1.0482877238831079e-10,1.24961897673763e-10,6.33579887311424,1.628535793299673e-10,6.527548057334001e-11,4.482960952983498
N20001334,703.0,3.5044897924024766e-10,73.5459258005912,6.459476725806613e-10,5.031932344966998,1.4175063375273287,1.8652818605972213e-10,3.2047636744136046e-10,13.394779101173565,2.694299586372167e-10,1.224739427465263e-10,6.609856413845611
N20001335,316.0,1.0602506131508478e-09,73.55524268581841,3.6319155798949925e-10,6.607136103354021,2.2441122882808577,4.0491512357648873e-10,2.417424111614719e-10,15.475737484167931,2.6232893883229813e-10,3.2668428244828017e-10,2.117771435719648
N20001336,251.0,3.1541017899020683e-10,49.270958554970235,2.5119177538211514e-10,7.372563017906803,1.3329183361553987,3.016220321558269e-10,8.938082055520127e-10,11.690849814898847,3.1987818276214657e-10,1.459541467561166e-10,30.332710273840863
N20001337,421.0,6.246696885086723e-10,75.83399897362787,4.996496968737262e-10,4.797891785523365,0.7771141832100935,1.3546982743545464e-10,2.012778754430059e-10,15.066592131416629,2.847009631679893e-10,3.711014575591147e-10,3.524402924105189
N20001338,373.0,1.897752949042028e-10,39.054693510412484,2.744192430988841e-10,19.24357402646804,0.9930022000429741,9.242275064356529e-10,1.6591016396529089e-09,20.88594359211595,6.107236185678426e-10,7.423471781743082e-10,19.822786666559956
N20001339,683.0,6.180117571693852e-10,62.93263946456662,1.0193130838942848e-09,4.709582488921883,2.3679411667330257,1.4654555755107942e-10,2.606637162098688e-10,22.20346451295695,3.688687259476687e-10,4.543042545346686e-10,7.786372363953816
N20001340,437.0,6.924566399619919e-10,64.78712689471507,4.3216521821192335e-10,9.237642661222429,0.6311770303568989,1.677391039534123e-10,8.406376799823467e-10,11.711602800159806,2.8107955177614867e-10,3.910091909238969e-11,13.632450611092628
N20001341,321.0,5.475772185202583e-10,72.75686594816965,5.643495409594891e-10,16.47244100806055,0.8732939128117589,1.3652665927405505e-10,2.1702450181163447e-10,7.800696224134507,2.6936835431744203e-10,2.1351450756063005e-10,2.096702904875185
N20001342,579.0,5.580826756031612e-10,78.96008481756002,3.3499990675000726e-10,5.1205860535383705,0.2502064732715179,6.494143829400788e-11,1.8590826653800903e-10,8.612347040008606,1.9519381240217765e-10,8.985425603122689e-11,7.05677561419249
N20001343,432.0,3.137345883796156e-10,87.05567473357168,2.02718981575948e-10,2.0049115349463165,0.20841843403981067,4.435298118840956e-11,1.6097656504592682e-10,5.434539186398018,1.4598179085877336e-10,1.1046467262680633e-10,5.296456110065937
N20001344,322.0,1.8420612899506965e-10,86.5083334579771,7.027535475820689e-11,3.1278132793979974,0.21005470591433567,7.19006141015412e-11,1.0653455080038276e-10,5.138416333013717,1.2642912570677737e-10,3.620542380562788e-11,5.015382223101289
N20001345,483.0,4.790524064624935e-10,75.5842376851987,2.994708168656394e-10,6.849619605387569,0.819928043492287,1.363373704034842e-10,1.0269660519670175e-09,11.590249825339182,3.0110378462565407e-10,3.2807412051568475e-10,5.155964838011271
N20001346,510.0,9.039563813414004e-10,77.54955374611197,2.9690212909942195e-10,6.4003915941595535,0.603389083502151,2.455806440522598e-10,1.6704711934342053e-10,10.803904807962503,2.8916106915503487e-10,1.5589184734250357e-10,4.642760766205288
N20001347,314.0,1.5029331578642807e-10,34.49768339593403,5.1539408726575654e-11,5.108419134135155,0.7686979024137534,2.5849600312200257e-11,3.510416996638517e-09,10.890414639039504,2.771950089919295e-10,5.475481108756506e-11,48.734784924407506
N20001348,461.0,3.1991998218835933e-10,64.24912224498193,1.606150399700699e-10,15.008615330497873,0.5697752258674632,2.1571941235310143e-10,6.521465641933777e-10,12.05463746992076,2.790681712349828e-10,2.2704052778162292e-10,8.117849726877445
N20001349,410.0,1.3627854616550376e-10,90.25378866246963,1.198671523784052e-10,1.748524231400474,0.21412171685285555,3.215055446414707e-11,1.4212845366393862e-10,4.2281252361280455,9.895062503232208e-11,5.607895850706325e-11,3.5554401525635515
N20001350,437.0,2.437515837572968e-10,83.85315479676966,2.2442658162434737e-10,5.021199941445988,0.9192070458516953,2.118540734552169e-10,2.02122515783557e-10,7.893108994600845,1.78622237072875e-10,9.726419359263416e-11,2.3133292201737876
N20001351,631.0,6.564200043858019e-10,55.90974856149741,5.526862618956488e-10,10.231389219090186,1.809043309799192,3.676818162618314e-10,6.324163544042323e-10,23.10320755576661,5.556702638804946e-10,5.01822760609951e-10,8.946611350579895
N20001352,535.0,6.612141035993524e-10,59.84171924087182,5.115611079883992e-10,14.00494013928293,0.5263625811067179,7.810683638411841e-11,3.60847277345709e-10,10.947857255398738,3.321511289915159e-10,7.815423549904073e-11,14.679120781317742
N20001353,289.0,4.903895610950198e-10,78.83526050251122,2.6625855411544226e-10,4.777315423101229,0.6728645221586427,3.072924201503898e-10,2.405933768624997e-10,9.56995857886004,2.553629052867176e-10,1.604610371744699e-10,6.1446009716485035
N20001354,430.0,6.70688586901299e-10,76.30550130138465,4.4313620476587416e-10,3.16678503018497,1.266569338121116,3.041782926824609e-10,2.900545369502051e-10,11.820802234731985,3.0019588681100853e-10,1.7149335380969863e-10,7.440342093397527
N20001355,476.0,3.068013221096045e-10,92.40049530888513,1.8184979617933406e-10,1.7655017377250621,0.1328705000384734,3.189235620253023e-11,6.147729858408351e-11,4.055210928381752,9.084586918836514e-11,3.3250054997963036e-11,1.6459215242634562
N20001356,667.0,7.219309833245098e-10,69.68248460345457,3.120609701863371e-10,10.094849695284706,0.5076262510740556,2.5367525302639835e-10,3.9241004267534086e-10,12.386862695829523,3.2488372491329893e-10,2.417398933520625e-10,7.328176752110452
N20001357,411.0,1.1499156941406764e-09,69.78330021676523,9.714360443663974e-10,6.519211277426656,1.9328846159496482,3.468717038251252e-10,5.476748084023836e-10,16.379623610302765,4.3853298586663324e-10,3.519492776726567e-10,5.384980275749328
N20001358,585.0,5.780885451056678e-10,72.60634518685403,2.695618428688663e-10,8.286362472119292,0.6802286389097929,3.19614648800112e-10,3.8018165132583635e-10,12.164518245701442,3.1986914672117107e-10,2.0596527853583022e-10,6.262545454342152
N20001359,556.0,9.306843640270508e-10,66.46506730735638,2.7141458602202497e-10,13.134713014815528,1.0028536355044753,5.582720943771629e-10,4.337095473384434e-10,14.035586876283093,4.412376304988631e-10,4.1786508664166597e-10,5.361779162987339
N20001360,427.0,5.986153170584632e-10,83.18319532592233,4.657545977511532e-10,3.9918063281671503,0.37681341082371594,7.045990852113486e-11,8.413806459907195e-11,7.757091070058377,1.9100795966005592e-10,1.609975649121378e-10,4.691093863457474
N20001361,541.0,5.649635908329851e-10,74.1077978143536,8.049914101774096e-10,5.086337056464173,0.9137284241514431,2.0374935968288696e-10,2.877662812247297e-10,11.927902925356317,2.776606609255158e-10,1.2529536600312932e-10,7.964233777410026
N20001362,499.0,4.1647034231784897e-10,80.60605226713857,1.241267267316023e-10,4.796341602699536,0.40381669781176255,7.552938250292443e-11,4.210012915331558e-10,10.874282721613605,2.0500777512355686e-10,2.3556950116253436e-10,3.3195067092588246
N20001363,625.0,9.65259884215427e-10,86.32670959356622,3.2028261395010144e-10,2.1227967916386246,0.1953286019886381,1.6947345476762725e-10,2.0063341605222114e-10,7.303078131343963,2.0200951339721046e-10,1.2185476985057533e-10,4.052086879483059
N20001364,593.0,5.611193151476689e-10,74.1537203077014,2.88124376164119e-10,5.469998095538753,0.8909799721905878,2.51026860774584e-10,3.916573049540588e-10,11.409401934887516,2.9624805170071765e-10,1.2810432564060145e-10,8.075899687765446
N20001365,484.0,3.810698830878465e-10,63.632876306509885,2.0978885868213315e-10,14.048720912805504,0.343216352952072,1.125807797264193e-10,4.052149558029023e-10,10.93992163583369,2.707539716655743e-10,3.1175918038945466e-10,11.035264790207663
N20001366,411.0,8.145005424232841e-10,44.189730866385155,6.269295815439578e-10,9.8922838261446,1.8021209092711388,5.636339702053744e-10,1.1538865247709044e-09,27.00478433448267,5.594984769426897e-10,4.075161914579973e-10,17.11108005959047
N20001367,401.0,7.283667778939735e-10,77.75268303577396,1.3145744964344087e-09,4.393598183158547,1.0167237204184256,2.3602338989318253e-10,1.7496444597812676e-10,12.946047496497803,2.930435181384527e-10,2.284024439635889e-10,3.8909475611759095
N20001368,252.0,7.921995032810288e-10,69.39928357577702,6.488445780399507e-10,4.86383082664441,1.6571258118538368,1.3469908471059884e-10,2.0162743857973032e-10,20.197785819672053,3.193749828401633e-10,1.678670954814754e-10,3.881973963788062
N20001369,475.0,57.78577075434931,3.9556591496358315,2.6231333699085986,1.9143793177464337,0.6008254701885644,7.5510130505297495,8.119105416880763e-10,2.3590271808021513e-10,3.544362637255009e-10,0.010288151802170799,25.55893073443709
N20001370,524.0,49.35403647213313,11.13817478263055,5.465463295873115,1.0773448560518792,0.5480186409013236,12.559477614669904,4.200537899840242e-10,3.032299984129933e-10,4.23883246127717e-10,0.030581592181362242,19.82690274441157
N20001371,462.0,36.015818899202195,8.127866902604497,16.69743460291284,1.0967576269537627,2.5567881587357832,4.955690944199585,7.252633977478415e-10,5.634394275282513e-10,4.8038021020711e-10,0.03675308886163188,30.512889774760605
N20001372,336.0,34.19640907715446,9.302990980618626,10.976094214208164,1.1369645880121906,1.1481156315902756,22.22163210144825,7.799211088303302e-10,3.6280790079096945e-10,5.332165185321157e-10,0.03127086372001026,20.986522541572068
N20001373,588.0,17.304338148902904,35.9220576804422,8.929119806347513,2.753602845456599,1.7580272151905778,2.939265086368793,4.935433673525974e-10,5.414927496838706e-10,5.728098947605078e-10,0.07677953192468852,30.316809683758866
N20001374,477.0,14.310395311016613,65.86658694701866,5.446593601117737,5.003399089055457,1.4134195369266427,1.268191912198907,2.788591909683151e-10,4.639994564216455e-10,3.919670545515496e-10,0.05356578120023735,6.637847820330929
N20001375,583.0,56.694824313918055,1.7676924539149808,5.840540114556578,0.6393618021622648,1.10853149898867,11.668156343009104,4.427148629910528e-10,2.7720986651018e-10,2.9495156293797733e-10,0.05961157844466387,22.221281893990813
N20001376,209.0,9.907182784136715,6.1676255970530365,0.5975451869570408,1.645873571404332,1.8076616435606656,12.170776979468034,7.366235340268644e-09,3.0673419459607303e-10,5.315475836083956e-10,0.013156023089782486,67.69017820612588
N20001377,386.0,48.54150410760271,4.174109388954542,1.2239662366695094,2.1321427715930175,0.5232327233010658,1.5936614337070463,8.786454105063471e-10,2.9363609203965713e-10,2.740613613410578e-10,0.003992069383711863,41.80739126734206
N20001378,557.0,34.495745656323976,6.71234940572591,20.868006682813434,2.1715443636321843,0.626730017345476,2.6620231031003563,9.213015691144295e-10,2.6525493255217327e-10,3.627195744234587e-10,0.012620676647897514,32.450980092861506
N20001379,490.0,44.20875770508872,5.455148811040379,11.318584569400738,0.36424296290167235,1.7722178113828917,24.620622900169693,1.893840036694963e-10,3.463499094823184e-10,2.830924746926948e-10,0.05728807695814205,12.203137162238933
N20001380,647.0,67.27743530136414,2.038512134526063,9.047325865043012,0.1275452666396291,1.5733533882074782,6.376536521446506,1.40674471054086e-10,2.8430387762578423e-10,2.2689737959950652e-10,0.020510664830855806,13.538780857290455
N20001381,743.0,32.208930087218505,4.024613992147047,1.556254454750519,1.273225956642194,0.9765969860145048,14.153331309903988,1.1709197855991018e-09,4.25742976514333e-10,5.564747959841693e-10,0.10764974339028321,45.69939746777982
N20001382,424.0,60.09374230754826,5.544865479673919,6.22571015335238,0.40838836393781963,1.8170585522346268,18.27003306562078,1.3038358870355885e-10,5.744073515448943e-10,3.674501624709909e-10,0.18776791409814847,7.452434162461813
N20001383,587.0,17.972202775299444,4.168127546289014,5.396763371458744,1.793752650671843,1.5319462070921404,7.182328307940518,1.1946935353906088e-09,4.157224699154816e-10,5.163347297260951e-10,0.06871216244737668,61.88616697667415
N20001384,596.0,13.396302663998982,20.910654801446245,1.380594225577254,1.8238874980564712,1.1344077969479864,15.536348886294263,7.744730733745571e-10,2.1112003024696733e-10,3.0059413111225134e-10,0.0030062411726539,45.81479788521995
N20001385,366.0,7.461847456263934,1.9799103620233387,0.7404272085086472,0.8155095430421481,1.2363644770677649,4.4386166971566,1.0772275203237719e-09,3.610462707472005e-10,3.5172602510418036e-10,0.04964612865681839,83.27767812549077
N20001386,394.0,58.110025169274756,5.848679701643013,11.481366928816502,0.26809129000579296,2.083128082403125,8.762472592747796,1.779217592433085e-10,2.972027398450092e-10,2.6998750973072116e-10,0.022353995430682123,13.42388223893321
N20001387,420.0,27.580125623284367,7.837699226845059,1.9316845956381563,1.6884928623248832,0.8891622114153196,24.32181911486945,1.2450870666381598e-09,5.439235410458066e-10,7.480633649449054e-10,0.10004651842694906,35.650969844658746
N20001388,502.0,64.99670806395329,3.52617599831171,13.970639392988705,0.35281673165481514,2.9660860872081085,4.969588553468964,3.6803001256602543e-10,4.2643033522540676e-10,4.2886449055383015e-10,0.07811123836100752,9.13987393283007
N20001389,562.0,40.298252602237675,6.191226574153955,1.361464639816077,2.4144048474802617,0.2007148939717214,4.69765569671153,1.0313754199643974e-09,2.06285297737837e-10,3.162921623501303e-10,0.006438447184659906,44.82984229689016
N20001390,603.0,50.26863415357348,6.3389678720245755,6.325818999835348,0.6076902142913306,0.6254048645285439,7.416234235340363,3.301483488322923e-10,2.894376925867043e-10,3.5273878569786796e-10,0.029796574673628038,28.387453084760388
N20001391,446.0,68.98124502707348,2.741007380571484,9.623213229449993,0.24659643749690607,1.4234658976019376,5.999087221369527,2.147361239711314e-10,2.2996920959606403e-10,2.345370184785145e-10,0.011986234207338159,10.973398571550074
N20001392,408.0,60.69398346960239,2.744814983869411,9.127923980754261,0.1216536686313829,3.6948558285687723,9.24042101358536,2.264522019710535e-10,3.870839192767918e-10,3.0486376899863445e-10,0.03603496297898481,14.340312091091043
N20001393,210.0,29.799235004669395,5.605119930150699,1.95276240914659,0.5491772481404518,0.5415033061228283,9.878083909573075,5.886696475838457e-10,2.9598165810666665e-10,3.3785306623364965e-10,0.0366593966615265,51.63745879431293
N20001394,344.0,8.277324662844068,1.1590654376127643,1.5676537232025987,0.06295872753470962,0.5192130500306763,5.5677353218395655,6.140571094062651e-11,2.1106768654654876e-10,1.1604310684019077e-10,0.06752225977453377,82.77852681677257
N20001395,293.0,57.27409701734763,1.7497826703418797,1.744310118122995,1.7325118739314134,0.381728617392754,12.326028927210887,4.327220722196349e-10,2.8750296298368544e-10,3.7302757094385096e-10,0.1013575692288214,24.690183205330374
N20001396,431.0,47.30854024580756,10.373889217076602,2.9302174291920897,1.0751288101551746,0.24518870217824792,2.8632655734255343,6.082746801183413e-10,3.0599380691425986e-10,3.313550281861323e-10,0.010374281411625573,35.193395739507544
N20001397,457.0,35.05297705641752,10.598608070253759,3.3204786433372537,4.293336931798711,0.28441184213341,7.48938664895977,3.5264476240419346e-10,5.226457587336532e-10,3.556806289667802e-10,0.057535032193943375,38.90326577367466
N20001398,363.0,29.936901453795173,5.772279153691993,3.256222984275655,0.561708545026549,0.531113435303337,7.237566966050349,4.1415828507405583e-10,3.796682795752393e-10,4.2415208742117586e-10,0.11239717334330442,52.59181028729567
N20001399,561.0,53.753147331457896,4.8983294478561294,2.639745566531595,1.4303653573991812,0.38689000154464354,10.918032001709536,4.135213110706467e-10,2.852614430374852e-10,4.0189636063009723e-10,0.02172404505119524,25.95176624734914
N20001400,256.0,23.35749103649252,33.76788584868087,1.0847441213959224,7.9960005078575485,0.9159755189940324,11.006948144230694,8.016156234745909e-10,6.30265305532866e-10,3.6251080277405024e-10,0.29152188083157354,21.579432939722448
N20001401,685.0,59.742909768310206,4.933057919951463,7.5845337711564556,0.6367471550187933,0.7951873116171366,6.042690582025231,2.087116522493643e-10,3.9701592196026524e-10,2.568360827309064e-10,0.038388938995047986,20.226484552063095
N20001402,565.0,57.66471265356044,3.6649241975023297,11.946371275957327,0.37497504435956075,1.0255533413589664,2.8019589247659935,3.9851149400117237e-10,3.5992409139736717e-10,2.8417287544019957e-10,0.05145410798555137,22.470050453467223
N20001403,280.0,26.381561499025892,7.456013634442341,7.0778220347509375,1.2155472202390127,2.5091036818799166,26.114033146111858,7.694471929145352e-10,5.054584268886512e-10,6.567275091061013e-10,0.18369080245017685,29.062227979168213
N20001404,407.0,10.060164758358535,1.8770002957808303,2.3322564012654836,0.25842511332377066,0.27391881312138916,5.2154124042064955,2.0220959634125364e-10,2.379054725828742e-10,1.5089805267138262e-10,0.026531662834080677,79.9562905505184
N20001405,523.0,46.992217570297726,4.4071766095712155,6.832020359874109,2.468605025532738,0.9840142455144193,8.503338480290907,1.4792391966466819e-09,4.674682915283587e-10,6.886357242280405e-10,0.09955859932226217,29.7130691069613
N20001406,326.0,28.758368021034702,2.7600318333413356,0.8324404308765154,1.0411876322506894,0.27266897407486723,6.191530605868593,7.402268392796784e-10,2.513824666585233e-10,3.1020180599347566e-10,0.018745383405921866,60.12502711784556
N20001407,347.0,14.044967475644176,8.6502340218862,1.3683315610170215,1.3761577003538636,0.29842568576138584,9.826507915294618,1.3279081508663005e-09,2.3890523194896915e-10,3.975515345099801e-10,0.027539808046067576,64.4078358300323
N20001408,332.0,47.34994669232378,5.493569271288489,2.3960774812360452,1.152377381649262,1.1008223356851599,12.23450541336597,8.5462539538288e-10,5.028740145811479e-10,5.417792284561905e-10,0.08944648729514111,30.183254935256887
N20001409,228.0,26.410736286416746,5.251978573787554,1.9477998880701464,1.0156447597394826,1.200605100254364,22.40802647252303,1.103856426809106e-09,5.529062293755813e-10,5.763483038960801e-10,0.17299581003065234,41.59221310694492
N20001410,299.0,61.51728640422536,6.407426242581272,2.987679758958519,0.7761712957687906,0.506957073785728,13.742199889898538,6.814913238073961e-10,4.3776993788395926e-10,4.95546806820515e-10,0.05645267851651472,14.005826654650447
N20001411,444.0,38.85524320146852,6.7598908358163925,5.2759828618915545,1.1914830202698554,1.331514599434041,13.838642827447972,7.237204701442567e-10,4.43979577862348e-10,5.433274432283112e-10,0.11284104143295111,32.63440161052768
N20001412,273.0,64.70425847937145,2.3499887897523304,2.383092743877728,1.3783352520085694,0.9743246329767826,12.453018894887279,4.709192355777242e-10,3.1034323637151366e-10,3.728237264003982e-10,0.05008557954293705,15.706895626428851
N20001413,569.0,23.86659539474975,11.2014728315317,8.3123617079017,2.453363086833613,2.4994227702969916,12.267775112038787,8.055022787309983e-10,8.204116058097285e-10,8.576287499093449e-10,0.24353249615119799,39.155476598012726
N20001414,339.0,7.562198508063584,48.384600288947006,1.1013107875067143,11.356325985261428,2.329640856028245,10.957695576039455,1.6136784073511347e-09,1.1950187287891062e-09,1.0455318784098157e-09,1.0306710747491838,17.277556919550147
N20001415,329.0,38.0181632495799,4.958877959700162,2.909273479344317,3.2314811474679352,0.5751843661090136,5.93481968351458,1.0859655677782523e-09,6.250383082877619e-10,7.866176681500994e-10,0.11874235920371412,44.253457752582754
N20001416,497.0,55.50696632326873,5.659816491670142,5.586846130878122,0.9689683817352912,0.5654955494092846,6.0722864368769915,3.6779461452155016e-10,3.834445310788165e-10,3.6149870291652597e-10,0.044001554012357044,25.59561913103635
N20001417,388.0,62.92795900439441,4.419749376384783,6.8701721358375964,1.2458306342650323,1.407624049671746,13.216983593010326,2.603651921588677e-10,6.120054751889996e-10,4.973959820134982e-10,0.1269416490684659,9.784739555997874
N20001418,413.0,46.509186367467755,5.707914530739297,4.387102743609575,0.3127326600507503,4.517973786900321,4.470608636582171,6.202697348507534e-10,3.1402955714146957e-10,1.983440137199486e-10,0.006754548701351062,34.08772672481613
N20001419,426.0,3.9911815470314713,78.19249549730122,1.3825633897677534,7.748681042305695,1.2815469012064604,3.831616408696342,3.6287556215556093e-10,6.114195869055368e-10,5.634135156212083e-10,0.40969774817312227,3.162217463980224
N20001420,338.0,3.977034224348512,65.74019997447424,2.6260772265579146,16.181338840872108,2.487298008134138,2.1498258430897708,6.908582770820984e-10,5.241952070198657e-10,5.361469945953836e-10,0.05747805263639515,6.78074782813574
N20001421,450.0,11.01193550719497,41.660673796444364,2.0931615801280787,8.860136784682577,0.1659177301332818,0.9870226669138763,7.214880641220929e-10,4.1069710947147604e-10,3.874771691813182e-10,0.016132445837168576,35.20501948714603
N20001422,355.0,25.090612139854272,35.79678834217542,10.674333219917981,7.810013901871125,0.5410367691774992,1.0002484082593057,9.957656232891945e-10,3.4335104380762893e-10,4.450578415141937e-10,0.01998079979114786,19.066986417169087
N20001423,242.0,1.9284757481781691,44.12711201608332,1.0907812348297237,1.1691214378428163,0.12513569112962772,0.34928054227663236,1.0551096803948392e-10,1.769434873574688e-10,2.454835593472737e-10,0.07037372136045376,51.13971960777132
N20001424,635.0,68.50420186380836,7.070225830072914,7.29722170805885,0.6638226448713389,0.6274605827247571,5.879156581728073,3.2526767706634813e-10,2.436949599717513e-10,3.2693167443158753e-10,0.026585008777929596,9.931325779061881
N20001425,289.0,22.296030356978758,29.04610934200415,24.05185808164343,14.09852351132791,1.1278686653989523,2.084492072827599,9.92122680851979e-10,9.09019605784425e-10,4.466735730823575e-10,0.0711097982357616,7.224008169235614
N20001426,398.0,8.613882773180235,38.74340585462955,3.9419386692240423,33.965771490516936,0.6653144017706866,4.351463478183703,7.344088181862249e-10,1.0158992648161437e-09,1.130331527729677e-09,1.3837914599922956,8.33443186962191
N20001427,624.0,6.273965466505704,59.869609128254616,2.435002009592494,18.087070207491273,2.7984170047726487,3.7683338310113856,1.2243221127694735e-09,9.192686395725047e-10,8.689270669413109e-10,0.5614365777035648,6.206165771655789
N20001428,574.0,8.56444177913271,74.60488406183431,3.185441914205161,4.033600734319266,0.3763429375599071,1.434491111588011,3.045419228146404e-10,3.7505396539970065e-10,3.465756747816453e-10,0.06590396575691812,7.734893494577556
N20001429,565.0,7.727281893926823,61.18118213075034,1.1905878440296864,17.229487307187597,0.20570080586133974,3.607327993506716,5.262097415338685e-10,4.335160096805771e-10,5.441534151015166e-10,0.07145882092577191,8.786973202307873
N20001430,294.0,3.2204848603760285,69.61336346441,4.550922599358547,8.309095743597869,0.9760520663012088,0.2907104029107488,3.4237968742610513e-10,5.889111329097309e-10,5.215665186203277e-10,0.42287964185614935,12.616491219736595
N20001431,318.0,2.494476096666318,55.76285870059331,2.50938946495916,11.762478585811051,0.22338561307628854,1.0705069618780751,1.1463204593908262e-09,3.8702329456571334e-10,6.140307960397638e-10,0.15670770359569125,26.02019687127272
N20001432,308.0,5.021671726705015,79.9245705422332,0.7038852271377175,3.1478519978811916,0.16698963702553105,0.9017751317301539,2.1039086272885797e-10,2.4241915875822014e-10,3.0114816484731263e-10,0.02566594879139541,10.10758978774184
N20001433,423.0,11.841012875669191,33.33524032071207,1.229840562306867,30.842331525785983,0.6392728904122416,4.47920181272302,2.2910511679837025e-09,7.174231520733104e-10,1.0069520660596354e-09,0.2410039732805622,17.392096035094635
N20001434,354.0,2.4727846407279084,87.21897436522148,0.33787885444275106,2.727494298073315,0.5540160237711924,0.9239438113274658,4.4931450291462027e-10,3.3180779941102335e-10,3.357038128015506e-10,0.12177205658611727,5.643135948732943
N20001435,347.0,3.7439802153786137,28.893151526388166,2.68419574485717,25.6074262979871,0.18302219067858877,3.106377173566438,2.2800086706048026e-09,3.13816483503142e-10,5.672995992930851e-10,0.059616355362870896,35.72223049261993
N20001436,374.0,8.789473223608178,66.2689768605351,1.2670102039282034,8.405669029201189,2.174953116930031,2.8184153731126154,2.0671496601674432e-10,5.672106047543408e-10,5.31898081306995e-10,0.25579333555905603,10.019708855819795
N20001437,419.0,6.802974357359607,80.71170522467335,1.8106328159723022,4.229812114489437,0.2970858511227934,1.9541155840011377,5.649778830481357e-10,2.799593059596841e-10,4.156529470782304e-10,0.0422924969506428,4.151381554170119
N20001438,417.0,7.026061871627147,44.23483394830115,0.5854372050867378,29.88890048568649,0.08380738166544835,0.6101329034045364,4.5444286386998084e-10,1.7381568665733862e-10,2.373967493362729e-10,0.011802690947174134,17.55902351241566
N20001439,577.0,8.575969395444096,39.477384762442306,14.782590844099989,2.1297699432634847,0.4214922072227221,5.170422719579763,2.8819609229184306e-10,4.1474806936225153e-10,3.0266846753377016e-10,0.045212545404606036,29.397157581537424
N20001440,397.0,7.616626831902587,83.64331647864472,1.3594387128285554,3.8258906387421168,0.1855818793895983,0.7751788654188349,2.8129142435065997e-10,2.1012429506021156e-10,2.816578515153492e-10,0.045724998042069136,2.5482415942584433
N20001441,527.0,15.240890964853952,47.52345489410089,17.418350929633416,3.0716094741686013,0.8251125957378795,5.882924835147964,3.125647118158954e-10,3.674589480343364e-10,4.018907089329924e-10,0.035383189922036824,10.00227311535334
N20001442,489.0,10.414030999365794,58.43749368961003,5.027760326333883,6.483353046798509,3.280732040817927,5.1619124819610045,3.0062989652219526e-10,1.305102311649647e-09,1.0744050985288315e-09,3.133850122302989,8.060867290129725
N20001443,366.0,8.387493606745053,64.29806002082366,4.457421482125627,5.553401354896929,2.684714226742011,6.0328271140628855,3.580859171533243e-10,4.883936637043334e-10,4.5751412122782053e-10,0.029320444104035677,8.55676174919582
N20001444,640.0,20.055705346729454,41.31522390091885,2.9952489638786606,20.988594673636744,0.6133162950002633,5.631273299478804,9.344467826588428e-10,7.196585299708627e-10,8.883090791466169e-10,0.2886167445217805,8.112020773293036
N20001445,394.0,20.575435662550138,28.359275010026202,20.19999110626976,4.996102321496908,0.8356214952848342,3.8122939771744733,5.217295318291112e-10,5.022055644934118e-10,4.4254206042389716e-10,0.06745315070364294,21.153827275027577
N20001446,501.0,28.33574924717204,16.418088772935413,4.798551637680683e-10,11.510136787011612,2.9787708042007445e-10,43.73602518882564,5.444721881921056e-10,9.219014575124085e-10,6.753504556694016e-10,4.4285507434325824e-10,6.929760498957392e-10
N20001447,370.0,19.1541467831118,41.131205123852,6.578919488308863e-10,28.03818063354561,3.5155009262105027e-10,11.676467446885098,1.3219895164143375e-09,5.980894693956508e-10,6.962923056563594e-10,4.710584701975262e-10,8.508620448064185e-09
N20001448,258.0,17.100227459844355,32.156878627380756,3.3241537861381246e-10,13.944416373953942,1.9003648544537586e-10,36.79847753573806,6.843533581536519e-10,3.8465292217611133e-10,4.3723062110638614e-10,1.4604918664735797e-10,9.081780567378175e-10
N20001449,467.0,6.53813962014045,43.121034834387615,9.932572562635639e-11,11.741624769594186,3.681458960735425e-10,38.59920077051198,9.386206234951463e-10,8.260984657575401e-10,5.405130340182993e-10,5.294383723102454e-10,2.063649639110554e-09
N20001450,560.0,16.484766719079463,11.408847011635682,6.298644263205374e-10,28.003598556860688,7.447843615404975e-10,44.10278770392793,8.75659438421981e-10,1.0316672096005257e-09,8.870178684598503e-10,3.5478333028971624e-09,7.794123682230177e-10
N20001451,306.0,15.166757199578363,32.68109245875317,1.3381750429780825e-10,9.962535389716018,3.0261557738995223e-10,42.1896149480339,1.02129620560856e-09,5.379413390869068e-10,4.759643621887625e-10,1.9632371371237024e-10,1.2505949779266891e-09
N20001452,572.0,31.1748804170491,26.417673722276913,9.71054609631036e-10,20.114449447721526,4.600569475826967e-10,22.292996407596174,9.167467155798595e-10,6.81396781878586e-10,7.516387429733201e-10,4.612477721589944e-10,1.1141454432533906e-09
N20001453,472.0,10.409096783616372,29.672467494557157,3.129802590332932e-10,45.182495877637244,2.4160674811660027e-10,14.73593984041573,5.916857329304725e-10,5.417277203847202e-10,5.322959167352597e-10,9.616426087378757e-10,5.915708667104419e-10
N20001454,526.0,1.3644101024418942,84.6729432994081,3.000041835507679e-11,8.39073802702271,5.865830182541014e-11,5.571908570151667,8.402299930531111e-11,2.487836440471442e-10,1.7929035683515973e-10,7.46081934853533e-11,3.002634909626538e-10
N20001455,334.0,6.106371667517357,75.33948375284774,2.1828462553765605e-10,10.41794014142911,3.2710793658968674e-10,8.136204434123934,4.3457932812316537e-10,9.540999779727004e-10,5.635842952803855e-10,3.278756464877863e-10,1.2563221512104197e-09
N20001456,605.0,5.30463078788409,37.68199981449566,2.3503628686665257e-10,50.41386727339135,1.3944035482935227e-10,6.5995021211929545,6.12137680776805e-10,4.563743356580327e-10,4.968848002582616e-10,5.744045641802928e-10,5.216796687330346e-10
N20001457,479.0,23.234878487489595,11.46696717097321,9.242745630602172e-10,3.779526137157353,3.8311078367613446e-10,61.5186281981052,1.8814166538510176e-09,7.798424935413373e-10,7.42345361969618e-10,3.936407441630078e-10,1.1700209155831813e-09
N20001458,514.0,20.238281247705668,20.813782716848497,5.409268478613238e-10,18.46571758192149,6.361623514428802e-10,40.48221844771509,6.5893854269407e-10,1.2377813448756482e-09,8.909878649077306e-10,1.0591146782359596e-09,7.853341651802895e-10
N20001459,872.0,21.558925596003434,13.766885928799589,7.412206058811839e-10,13.002590498558991,1.0179107895385137e-09,51.671597970043045,5.26388413796776e-10,1.0529222577440542e-09,7.874027056608536e-10,1.5886638340008649e-09,8.80435084254225e-10
N20001460,390.0,14.700318095032145,40.084264009093076,4.778989603266205e-10,23.650780450438468,5.710952758331589e-10,21.564637440142658,1.0821055426902268e-09,1.0726327120746568e-09,8.550075277677869e-10,7.799002135691603e-10,4.549923521301603e-10
N20001461,534.0,51.68032269289316,16.390326689149845,9.380514325675151e-10,9.397012253896644,3.9309638149445607e-10,22.532338358931643,8.031419497224802e-10,9.644895894655643e-10,7.444813966367327e-10,6.594203710244361e-10,6.260264719864222e-10
N20001462,640.0,6.64392065883854,69.99140355882672,1.8707301377402762e-10,16.064092176887385,1.0948045763179297e-10,7.300583603845266,1.5780273592602008e-10,4.1132355336960395e-10,3.4092541882778984e-10,2.6917575222035856e-10,1.2631774571236571e-10
N20001463,322.0,6.826748034440263,67.33877761073967,2.2814623900215717e-10,15.113724411430077,3.693580868484938e-10,10.720749940519358,6.989744973222592e-10,5.616644707377897e-10,5.018777629095209e-10,1.372947258784878e-10,3.733009774720263e-10
N20001464,497.0,52.89570783020843,8.72696449008028,9.550649937715553e-10,6.702654141880547,2.520139965964657e-10,31.674673533288445,6.387096141013308e-10,7.52958211040152e-10,6.854169834342606e-10,8.273653046467672e-10,4.3076323697113165e-10
N20001465,575.0,9.114265254833935,71.96149728318443,3.291540866690558e-10,9.273529185456894,1.566764079024968e-10,9.650708274180806,5.211627593442524e-10,5.048900614477578e-10,4.3288276034078414e-10,1.0745363149407772e-10,2.917347465888227e-10
N20001466,801.0,10.773720505357435,51.59163046073185,4.66735229681025e-10,12.537587228007139,1.4869198274347771e-10,25.097061802274656,7.188793278966722e-10,9.265318659647728e-10,6.819840722609076e-10,2.862966207759258e-10,3.998029285269963e-10
N20001467,315.0,27.847557348355913,19.854041300989493,1.6431557606554376e-10,3.95914275942499,5.005556004142771e-11,48.339258588965,2.5947579371914e-10,3.728576483015709e-10,3.625198531885925e-10,1.4286244035864569e-10,9.125177508794188e-10
N20001468,688.0,2.346565133043538,76.46036362339026,9.102642729374161e-11,17.884931043332625,3.298150789933703e-11,3.308140199172334,1.489807844189116e-10,2.714110683109161e-10,2.355663631016109e-10,8.973388461609205e-11,1.9154671511391145e-10
N20001469,673.0,1.8669224123762447,74.4971021036932,9.489996826168233e-11,18.087857811170892,7.785919716650084e-11,5.548117671321478,1.6105699110741557e-10,4.1697702514189345e-10,2.720704959680185e-10,2.8204635897945443e-10,1.333019061015311e-10
N20001470,333.0,1.7370467433781795,72.4196568590526,5.144268839327225e-11,19.19607219502646,4.506795299052703e-11,6.647224200762575,3.3112172980840646e-10,3.309485025299138e-10,2.9940436344037383e-10,1.4257249224287948e-10,5.796262685438327e-10
N20001471,358.0,0.6650952780404311,82.92881134516693,2.742415474903716e-11,9.792444824583448,3.377738286805407e-11,6.613648551103251,1.915052344192884e-10,3.8421591518033043e-10,1.8105103917575618e-10,9.879036864626195e-11,1.8917239392325687e-10
N20001472,455.0,3.464683717008163,74.24629382534224,1.0136824535812835e-10,17.5539064922124,3.9897402143067335e-11,4.7351159638941285,2.645154105337791e-10,4.229078935203468e-10,3.1118008561093784e-10,1.0233180313512928e-10,3.008711381053323e-10
N20001473,644.0,3.1170798052642246,71.37478364229969,1.4485878125418983e-10,18.768077100831533,9.845419726242307e-11,6.740059448655996,9.8889204345006e-10,5.59095728515563e-10,4.829509390186674e-10,2.030440476950683e-10,4.712671829068189e-10
N20001474,325.0,1.8854209521390017,58.86449190953662,6.285858982242914e-11,19.23869975548811,1.178275038962722e-10,20.01138738021864,1.0143877352387338e-09,4.810563491255469e-10,3.846373823489509e-10,2.994927253815775e-10,2.5737033084770977e-10
N20001475,521.0,1.6398342629574816,59.1032145544406,1.3846893501457128e-10,35.43776680297416,1.3310462629142577e-10,3.8191843761897193,1.314385426511766e-09,5.607510326232855e-10,4.6085668245112015e-10,2.86879656447494e-10,5.43597017035544e-10
N20001476,492.0,2.4303670829828454,72.56712358801786,1.0793651230011187e-10,20.831483110766484,1.0049839840516203e-10,4.171026214168911,1.9193785174297493e-09,3.8979918274077394e-10,3.4510724183314956e-10,2.5562694667876533e-11,1.1756022607234705e-09
N20001477,651.0,7.56731765361023,65.3099162169879,3.580584822592792e-10,20.69236306906457,8.482260780059668e-11,6.430403057663768,5.01507346371316e-10,6.071646045420895e-10,5.378156440714052e-10,1.520794060315663e-10,4.320993725764829e-10
N20001478,626.0,5.848849900109291,80.4218076351725,1.831183824097262e-10,9.83101838421996,8.681192540003446e-11,3.8983240787234705,4.943583371859186e-10,4.5703387404364585e-10,3.354727495244033e-10,4.464566161775909e-11,1.73343410886191e-10
N20001479,702.0,6.781523697280978,52.33929647629463,1.621429360573465e-10,34.0880368949571,7.028015571110806e-11,6.791142929376279,4.733883428743994e-10,3.733238898088884e-10,3.762574893321383e-10,3.0471024471335657e-10,3.309129569619673e-10
N20001480,440.0,5.325776833913298,62.8406671225942,2.2423915245608435e-10,10.706955317256488,1.7115372244531208e-10,21.12660072333555,8.952890499057058e-10,6.758125239350289e-10,4.6414669400580966e-10,1.3624599801986557e-10,3.3360317410983547e-10
N20001481,1020.0,54.227417917291135,35.91500643741018,0.23531238134508903,9.552242116073643,8.274717484990826e-12,0.014717816209139993,1.3598765842170162e-12,1.9516288332607848e-11,2.0368828015080768e-11,1.0613159270817566e-11,0.055303331610678665
N20001482,714.0,41.44325226922821,18.23408909331523,23.334070465157122,13.785654195133745,4.417552886550595e-10,2.37598924709577,2.9334794936947495e-10,4.4122705122025397e-10,4.3284801459628014e-10,3.439021843955194e-10,0.8269447281168327
N20001483,393.0,28.72219745540452,33.333068912518044,9.882921753584348,14.772164731085995,4.731387706565283e-10,12.508152477138108,1.8590950019448247e-10,4.474519802485658e-10,4.6378260837217206e-10,3.1603596753097833e-10,0.7814946683826732
N20001484,733.0,70.23516635817188,3.9799574184693003,6.401883487199231,13.262372579710757,3.222693099212355e-10,2.042373291632881,4.128495571153191e-10,5.066474099969769e-10,3.297285371283984e-10,6.382955949286817e-11,4.078246863180619
N20001485,460.0,59.07023182165386,7.026673316281277,23.54888601556781,5.354516556032222,5.256740471210467e-10,4.401724717781141,2.4750403995909124e-10,3.8042899972140246e-10,3.7578761116316944e-10,1.0169318650292417e-10,0.5979675710525943
N20001486,417.0,37.87079336473743,41.55354851876768,5.873573519357841,9.830789971952388,1.9096326584465676e-10,3.5133798734206945,1.9536254325155698e-10,3.123154301538206e-10,3.213264919886905e-10,7.714109036196339e-11,1.35791475066686
N20001487,395.0,40.21175130919699,6.804810773895671,24.291017049243372,12.317923542548865,1.7149201555138726e-09,12.610847690062057,1.8216421412249994e-09,1.1150152200097377e-09,8.102086603543677e-10,4.822089786921837e-10,3.763649629109045
N20001488,190.0,35.02234585693563,40.916297337632635,3.814255453710051,12.529724789387389,5.368392088830625e-10,7.219975526049857,4.263881619313036e-10,2.884257129728804e-10,3.3789484009896804e-10,6.154487469139468e-10,0.49740103407944
N20001489,671.0,54.45880290579234,6.7756454375090645,24.34851227048457,5.130146246118559,1.0753509174360383e-09,7.819286156249976,4.23670668433844e-10,5.251320184110631e-10,4.736506648802673e-10,2.0860596422162902e-10,1.4676069811390757
N20001490,354.0,36.19063951246709,20.661432379143115,5.08380045090372,29.928167548386895,5.018774529912533e-10,6.09985640590153,5.68656042348464e-10,4.58761800214762e-10,4.051526379196274e-10,1.0900492313406621e-09,2.03610370017316
N20001491,673.0,32.66564607999855,7.669935089219527,28.789201084262793,27.868153826455945,6.82773421515477e-10,1.9236341833212167,5.276251317741706e-10,4.225098068441109e-10,5.472453799247058e-10,9.404136491170904e-10,1.083429733621382
N20001492,418.0,36.71066077477413,12.533030325297245,23.900514582891574,19.417832020366546,3.932653716383535e-10,3.389338133811184,1.3263933636508012e-09,3.0235156797975695e-10,4.465792438274162e-10,2.3805379595763767e-11,4.04862416036693
N20001493,267.0,33.27894392720414,44.91540886655919,9.186107640931105,6.497095322068929,9.64665620016155e-11,5.07012791220437,2.068728542373878e-10,4.4242509555613065e-10,3.1904083425330475e-10,5.2342656511409104e-11,1.0523163299151177
N20001494,451.0,32.15602912599256,11.716169900171515,22.186064926137828,25.33175142698217,8.376269261109594e-10,4.311523164258277,2.3757951904916566e-09,6.36946911199736e-10,6.595995307877808e-10,7.08978292956171e-11,4.2984614518767845
N20001495,273.0,28.82782392541643,46.447573585639006,1.8362379950820236,6.6272462970271615,2.294305788338151e-10,12.392777479372256,1.939806111611027e-10,4.153803430504777e-10,4.293586548779806e-10,3.08122765003881e-10,3.868340715886857
N20001496,260.0,28.02459374734158,38.01339568134434,4.410012136714552,23.185378197893534,7.57554729046182e-11,5.330639452759792,1.3836850733634943e-10,3.4942234457580464e-10,3.4936233941611394e-10,8.40564429509335e-10,1.0359807821927276
N20001497,556.0,43.14473854666285,7.582592707122244,30.850360172948033,11.690353756540324,1.5326853257896617e-09,5.863256258134789,4.3171120082092353e-10,4.824485394310957e-10,5.992794108268307e-10,4.833424299830765e-10,0.8686985550622922
N20001498,473.0,37.916302638033436,29.21359539837729,6.002380359738465,17.33086810244928,3.5380440325253095e-10,5.80089734949562,6.202915458430572e-10,5.018091765772316e-10,5.207967636844903e-10,1.1233305756634675e-10,3.735956149796879
N20001499,307.0,35.238011441199724,22.421664863532477,12.94736387012206,10.94008720411732,2.366467624814906e-10,14.976492738716962,3.72564022974055e-10,6.626359810992956e-10,6.329705312419853e-10,3.5959038290491224e-10,3.4763798800470527
N20001500,221.0,40.7575627006763,39.325628289968535,4.1272896617778905,13.044196922770054,1.9885273121818755e-10,1.6423673843795432,1.4636556034727658e-10,3.1165993167760426e-10,3.41468295591687e-10,3.799191112164141e-10,1.102955039049407
N20001501,697.0,39.05476136215632,14.731778509662266,20.66190392470203,21.413937192014323,3.6483555286879635e-10,2.9557651737496893,4.3946121830576356e-10,2.9099188760111603e-10,4.2405398387764373e-10,1.4905933848892146e-10,1.181853836046981
N20001502,444.0,48.340073136460745,7.7610496507747735,7.824452519681384,15.285383471837255,2.3829837235304566e-10,17.987952120455493,7.880773008807851e-10,5.377709549416716e-10,6.670369305574549e-10,1.312258019407139e-09,2.801089097246911
N20001503,424.0,32.86950090522328,8.595735164385951,31.674051889357745,20.208281550009787,1.2984668133689094e-09,5.631218773936129,3.918433021336863e-10,6.583308339319397e-10,7.057010231950429e-10,1.3164921727362256e-09,1.021211712716278
N20001504,557.0,39.88879189909532,23.003481737551827,5.370669939983652,22.14239170625375,1.9381805946722077e-10,7.662604378590067,4.83991009214942e-10,3.5237024372458536e-10,4.617672120391832e-10,3.4815502560751797e-10,1.9320603366852838
N20001505,558.0,46.27356948426135,9.921200251239409,21.995702197677705,12.076284904285451,7.595889973775686e-10,7.58990896269805,6.018530397844384e-10,6.137193705091971e-10,6.052068346320042e-10,3.374387214212801e-10,2.1433341969202235
N20001506,465.0,30.62766134538072,13.5493660666146,11.111574293924711,19.0263896703017,1.9353710040165546e-09,21.059247608159776,1.2729277436696302e-09,8.555153245815624e-10,1.086833668902164e-09,1.1652286854627467e-09,4.625761009302616
N20001507,513.0,36.542740014340886,31.917910726550918,5.130380833725453,12.752034252954159,1.5342075260183727e-10,12.394145769204954,4.407854253381965e-10,4.3073822591671775e-10,4.047181218975897e-10,2.0018742968661436e-10,1.2627884015937605
N20001508,730.0,44.87200624618776,16.72607971902194,21.15251000417484,13.295184893896685,5.457058162909318e-10,1.708412025337324,2.3937753739772263e-10,4.249166903392177e-10,3.9271184603236393e-10,1.0730506288546863e-10,2.245807109671428
N20001509,442.0,16.905330845003842,52.33582594669792,5.356029516657386,18.21289703210286,1.712387293820388e-10,6.356524791953359,2.241315300353463e-10,3.24806920990723e-10,3.9655005943666374e-10,1.9857243685066487e-10,0.8333918662693205
N20001510,520.0,33.31815623284518,14.270195367791718,20.423191572417203,23.3526066680989,8.781593938491439e-10,5.319512579845152,7.601151661373072e-10,8.591452146763432e-10,7.304686505988989e-10,5.681192074544805e-10,3.3163375752058384
N20001511,626.0,52.19260338309556,11.777998584489517,26.786545374278713,3.0418849905489855,1.5892227086871954e-10,5.706775070892405,1.4248480098474522e-10,3.577077804774844e-10,3.315856112366689e-10,8.159773841216599e-11,0.4941925956225222
N20001512,456.0,10.487550154712029,52.17296173555033,9.035151062099926,26.174360738043408,1.5669443327218693e-10,1.1898828787262383,3.0342360834421574e-10,3.610108077023204e-10,3.981187754561848e-10,1.5300440634962907e-10,0.9400934294958226
N20001513,553.0,23.46339899173764,37.68131504216534,19.562920184941053,16.698159711124905,1.1986211015772233e-10,1.6722119065113437,2.181741557395522e-10,2.989780783390443e-10,3.438967407310037e-10,5.827245610490199e-11,0.9219941624805104
N20001514,719.0,26.28315583975406,0.6324652269585513,46.52817589407817,7.945601199081782,9.375413605957295,9.235188229516098,1.6498841769336978e-09,5.264617415865799e-10,4.622661329284198e-10,1.4868293341884888e-09,5.286203804419843e-10
N20001515,436.0,24.46195868590233,2.272619017350848,29.547808573471496,6.94946619502396,10.358595908787422,26.409551614711113,1.6361991823307938e-09,5.652681878355079e-10,6.295463989612863e-10,1.1603485136554613e-09,7.614857016442801e-10
N20001516,635.0,37.05508757581952,3.2042258404475623,37.13823224628225,5.201355124240809,3.9524239344378778,13.448675277108944,2.919521180794357e-10,2.7923910758553504e-10,3.3787209856953396e-10,5.463921461712268e-10,2.0759590167240583e-10
N20001517,337.0,45.37773143357728,6.305918559613725,21.30447115087319,4.260449557346719,12.043265166593054,10.708164130221142,2.205660910623562e-10,4.600987714793228e-10,4.122095708687441e-10,5.177146730004771e-10,1.6429273723834176e-10
N20001518,858.0,26.1167689342529,1.5302109404074937,43.06044046336937,10.800248251724062,11.317734883957842,7.174596521753054,9.909976152810135e-10,4.906891145440752e-10,5.325331777563197e-10,1.4294931848250908e-09,1.0915502287797535e-09
N20001519,303.0,43.67310491032635,6.323237393857396,20.25404969769823,11.21247005416182,1.3542842133212223,17.18285372815835,2.913418666036044e-10,4.00426832285462e-10,4.821278979471155e-10,8.933359670996572e-10,4.0940236444201983e-10
N20001520,650.0,34.789469839692224,1.7827983890187769,44.83415573014173,7.2457021461083,5.453400198668025,5.894473692694276,5.209733343125395e-10,4.37795528350342e-10,4.0897649300972395e-10,2.081548833119152e-09,2.273667470372368e-10
N20001521,541.0,32.598569926445684,3.4548185996593714,39.13695100852953,4.261420476863226,4.333557611891902,16.214682374229103,7.014494378585861e-10,5.158316737724693e-10,4.5221631978375117e-10,4.635598060942346e-10,2.4812778749916875e-10
N20001522,349.0,39.77894891167973,2.1587332650900395,46.9673904330001,1.7437804987309802,2.904028370445948,6.447118519450832,7.092101756437442e-10,2.4284574288699826e-10,2.558189703660224e-10,2.1686859181971121e-10,1.776356553038142e-10
N20001523,424.0,60.274844226096725,4.721765450396818,14.4707390841742,3.726813828177962,0.7504160976783888,16.05542131189752,1.5821716519436173e-10,2.760561628020079e-10,2.9411980054992937e-10,6.132919591297323e-10,2.367017657608167e-10
N20001524,517.0,44.24473397688826,3.029562511570049,33.45621015148916,8.435947183209022,3.3951203129740373,7.438425861756139,6.746025558489627e-10,2.631637174805301e-10,3.8280766502922753e-10,3.0451356133799985e-10,4.882254626711816e-10
N20001525,571.0,40.9647165211487,3.300400873352327,42.79972699189125,6.449439384729256,2.8546481466147124,3.63106808063414,3.5858972251908477e-10,2.792894685548982e-10,3.2259959328902303e-10,4.854532449490347e-10,1.8366993791445502e-10
N20001526,471.0,37.32574442823077,3.1542602777584463,38.292708544409365,4.4063553992852125,5.3265476346837834,11.49438371325935,2.2976956088252228e-10,3.6534117990939424e-10,3.644723124169657e-10,1.20389683974399e-09,2.0957964859469744e-10
N20001527,661.0,52.62427447391155,1.7847655746111264,34.38278782938902,2.6874714108494473,2.1869556252472235,6.333745084599532,3.029559740783017e-10,2.731178020285973e-10,2.7607495348353754e-10,3.927317908343323e-10,1.4720660671871368e-10
N20001528,664.0,36.63312246225399,2.4162118252065143,43.59291260381217,7.079256824143424,1.935502154016251,8.342994127888627,3.418317301820198e-10,4.264237875370826e-10,3.7950953135239216e-10,1.1690726693757964e-09,3.6217486184132906e-10
N20001529,407.0,45.762580341559925,1.645528384335494,37.62009247648336,2.4149532332448107,2.149433019270761,10.407412543565773,3.547197898713087e-10,2.8944795348975536e-10,3.222886650472973e-10,4.4081725819359143e-10,1.3261060391746499e-10
N20001530,748.0,28.584545876753797,7.315737655533779,39.39740298800991,16.70622366139801,3.6905334348783634,4.305556380787052,7.518205578803758e-10,4.853467031024225e-10,4.719771808534934e-10,6.793193402541679e-10,2.506372854669427e-10
N20001531,313.0,10.127400343674577,34.80182525697448,8.254027436613837,41.43858760007545,1.6670053063815564,3.7111540535389427,2.3971797526158693e-10,4.176489206997143e-10,3.2624436886316487e-10,1.5897869189523614e-09,1.6777563829338873e-10
N20001532,592.0,13.751108052010103,42.57740635798836,20.139810043968478,20.78379184717828,0.7560001873438276,1.991883510415224,2.604864188629364e-10,2.731639944079826e-10,2.944366320557615e-10,1.7527800481693851e-10,9.238263113681012e-11
N20001533,381.0,46.30860129141682,7.311347846781518,32.633503928387434,2.9474913176983484,2.15999318318104,8.639062431253407,1.3546084984024927e-10,3.203885609164949e-10,2.708426270497474e-10,4.950876894868671e-10,5.964469632736837e-11
N20001534,421.0,29.191953200329802,15.848530083910731,34.60646945204529,13.942046782017819,1.9425810920677387,4.46841938721505,7.695569781999397e-10,5.245964032447071e-10,5.150294104373807e-10,2.480410991648568e-10,3.563629557533216e-10
N20001535,289.0,37.15542585970929,7.787775509936277,25.127901446453915,11.887788217500116,1.7812620626307687,16.259846901027846,3.0610999982510004e-10,3.090355337559099e-10,4.5295844832183735e-10,1.4039623772633323e-09,2.6972314981857706e-10
N20001536,379.0,39.28588938423365,5.575002260740194,21.878965251553243,4.699939521954145,2.6582298262887,25.9019737524305,3.592783655224784e-10,4.0961652004708957e-10,4.383420591928424e-10,1.163307940081927e-09,4.2901661701352325e-10
N20001537,584.0,38.60080954646093,11.689326487136539,15.243565359911363,9.878711216836283,1.4092727955526143,23.178314592041524,7.533685142045899e-10,4.485260894718048e-10,4.065929043825657e-10,1.847775415300626e-10,2.6747803732848827e-10
N20001538,553.0,5.9893853490314575,52.347277570323946,20.097777931899035,20.392209068040835,0.43468407578565355,0.7386660035185183,2.4284817265284046e-10,3.357127623667215e-10,3.0818471820407974e-10,4.149927239675167e-10,9.879014115442964e-11
N20001539,734.0,27.90397077255382,16.108837316148655,34.54515377046001,10.385263692227765,5.539317706228189,5.5174567402725865,6.029420042234598e-10,4.793361103187844e-10,4.816591034878766e-10,3.055409297727417e-10,2.3948361690870583e-10
N20001540,537.0,3.7609349328252586,36.18751052988945,11.424094045589074,47.49278291500951,0.33319304933850463,0.8014845260526892,2.186735426785246e-10,1.805567467745686e-10,2.1508116966537237e-10,5.045306313822172e-10,1.766566183237252e-10
N20001541,447.0,8.695963377963519,26.32888113041119,15.937787613446128,42.29551449668086,1.081883375409683,5.659970003837387,2.5922537697156583e-10,3.02800105883096e-10,3.6476097481295636e-10,1.2332157619128214e-09,9.122612660299932e-11
N20001542,882.0,16.968408263379885,27.228796953999417,33.451495969517225,18.940276821331807,1.0070120165739513,2.404009973678035,2.2440057041736665e-10,3.7692035244360494e-10,3.6184257763470783e-10,4.774721917087042e-10,7.905150191589257e-11
N20001543,710.0,15.663837088475443,37.462950754167345,15.889088233371027,17.54694207163513,4.1128475072139885,9.32433434333961,4.1508587482537234e-10,4.006902804125652e-10,4.3789775067259804e-10,3.556545656293113e-10,1.8814363216736745e-10
N20001544,592.0,24.727902483185833,24.70265950705602,30.733381739779226,14.542691156565821,1.0402486848054249,4.253116427377143,2.661423385494172e-10,3.416252697326811e-10,3.4155672571795854e-10,1.33217006923807e-10,1.479922291954869e-10
N20001545,493.0,7.516236286232286,41.585986833888136,17.69141546236347,30.97921180131113,1.5279376573799763,0.6992119579080633,1.8154956049734086e-10,2.367701683925423e-10,2.5487006634273597e-10,1.0813983647002173e-10,1.3562071982780335e-10
N20001546,337.0,2.3527540000403198,65.37135681454888,7.008220372541992,24.380315209481726,0.34084221124941994,0.5465113911453606,3.467088444832252e-10,2.4151716401723617e-10,2.075168714878299e-10,1.3492532163142879e-10,6.161805649902133e-11
N20001547,774.0,57.9410512587295,6.010153766429333,9.166734260205109,5.758452496091316,1.367773107051515,5.328595918416214,2.348581668017879e-10,2.599278728060557e-10,3.1603561185163637e-10,1.8446169767566178,12.582622215509561
N20001548,724.0,11.596410134939191,1.649602997565608,6.508314951058631,45.181359118001595,11.2257013931661,6.086296690504574,1.0177817872851253e-09,4.0517052915251706e-10,3.5007845490167106e-10,2.9865024581789386,14.76581225481233
N20001549,461.0,26.90373149977895,2.5936508918853867,20.42727521735435,6.175532585163963,4.474709821471584,3.8786150108828035,5.608184007142572e-10,4.248260953375e-10,3.457500735298219e-10,7.43129844122778,28.11518653090379
N20001550,473.0,39.719317956922126,9.623726271755906,5.92616757108116,10.011335279073935,0.5069462019163253,7.139569732589289,4.439192045327135e-10,3.0412348137205376e-10,4.2753876817810446e-10,2.1602521713450624,24.912684814140622
N20001551,336.0,33.11753592215696,3.9792095476475664,17.514981761491317,13.208537239526914,4.040963722596485,5.552703500569694,5.019690563665269e-10,4.164098616036183e-10,4.772983573297542e-10,5.1120575975673965,17.474010707047995
N20001552,447.0,37.00712315916619,6.43243078264409,23.947171838400966,6.796319832039957,6.360263354263165,4.185433316707336,2.1299811070265777e-10,3.5277455096664866e-10,3.8735563867782165e-10,2.385792808307584,12.88546490751757
N20001553,761.0,40.582096197590616,10.204126006202797,6.646050735909145,5.875929590281712,0.6117769429033575,10.358727222260008,4.638617967695546e-10,2.622365724006885e-10,4.1403840075185373e-10,1.3486576338356433,24.372635669876594
N20001554,483.0,41.24717642167931,17.196846654464377,8.039392233139319,5.774971063489122,1.062587566005249,12.38195778098596,2.0519760892851633e-10,4.2507419147891897e-10,3.8871240647353924e-10,2.2805442223555272,12.016524056862163
N20001555,496.0,21.061118162303107,1.3970453971482844,27.42180984331306,7.894120392702036,4.507047230008551,0.977793297351932,1.4337175353825472e-09,3.1935123838266765e-10,3.5984752448443615e-10,5.308991808965322,31.43207386609478
N20001556,297.0,31.15756981383619,7.4479156505315975,23.779679237382783,2.175168172826007,8.35893275782285,0.7137621433648579,4.800000684442628e-10,1.3034622224758728e-10,1.5241913498718118e-10,0.031142250731152368,26.335829972741802
N20001557,618.0,34.832388768730496,2.554619978040033,37.64346079921788,5.495118319815793,4.588908568879891,2.8911388704517225,3.998221886408397e-10,2.5592685571221617e-10,3.3559681268847065e-10,4.196105160507431,7.7982595333654094
N20001558,541.0,27.808358782723154,1.469796108316274,29.96674660797478,11.168406036750492,9.317284342455164,1.7545868996499463,8.149735822381335e-10,4.680324587964716e-10,4.4010660128101273e-10,3.9816826568515227,14.533138563555543
N20001559,431.0,30.12154543643098,8.657736996186896,5.706073695233855,8.437204516000754,1.207468423292351,16.7408783553701,5.948403403827622e-10,3.453270306853475e-10,4.4940686487855665e-10,0.9200715322233494,28.209021043872134
N20001560,508.0,45.083998492403246,1.8850041510721456,21.521824104483674,4.234611438368079,13.63972892060639,3.883357055767642,9.332707160564542e-10,4.1522293018120856e-10,3.8550105603229034e-10,1.5698202397915755,8.181655595773256
N20001561,478.0,34.021212768773815,17.009949821616072,17.474419583991782,9.951798723785535,3.0847052574375393,3.9237165550948685,2.2800747303669219e-10,3.587468605524069e-10,3.7592320781756146e-10,3.698867390660037,10.835329897677678
N20001562,358.0,47.22439087736786,8.395749222858097,16.05932368710633,4.286669584963268,4.266549279945617,2.1589825397180915,3.919558976213659e-10,2.697167674785163e-10,2.366479596884279e-10,0.5703475549531561,17.037987252189247
N20001563,519.0,25.844289893286383,6.195432946709633,6.293851975729043,7.4957724480479895,1.6414249280496291,18.877538013893243,4.807004576747722e-10,3.824648969634491e-10,4.675728950130566e-10,3.041446375558508,30.610243417394816
N20001564,411.0,45.85056670736512,5.731745827825758,15.327794694648597,7.982623982239619,1.6038816242323184,5.585757194795553,2.407268048947801e-10,2.7146987966207167e-10,3.7987454568616507e-10,6.702932731149209,11.21469723685177
N20001565,439.0,31.175011183513973,7.599920454173435,24.830781783605197,9.985520325279177,3.6509711941116123,6.3082715409671115,4.711908378684646e-10,3.911096086969902e-10,4.0305538793180744e-10,3.145675092774415,13.303848424309706
N20001566,312.0,17.91565365056537,5.305149867902716,3.670321602250795,12.195362111029501,3.409469265085456,5.181354419720758,8.385413772770168e-10,5.960540180842251e-10,4.42608069132846e-10,8.470061001946387,43.85262807962181
N20001567,464.0,41.89795962498827,14.301870420641649,6.2312762452381065,11.88357208142834,2.4211168607330307,7.490232569590743,3.821095415100525e-10,5.209747507609102e-10,4.009228567907014e-10,3.18877840342585,12.585193792650015
N20001568,459.0,18.365627390870387,4.98300426768639,20.60621509367988,19.238645675111314,6.772361117463184,2.0138557160329507,5.415712749515784e-10,3.6074245701463355e-10,4.0546368287101194e-10,16.181172323034364,11.839118414813736
N20001569,375.0,39.09642273175147,1.6160449159691324,23.612705122846613,5.598190654623261,7.404025986831303,1.4555711199143042,6.847156000234485e-10,2.81330979339834e-10,3.2316770982750163e-10,0.7763491280736983,20.440690338700993
N20001570,466.0,34.438484585418216,8.855324843116573,11.86286079948702,18.45549762631492,7.716092198351805,2.6066310539014275,5.56207035554108e-10,3.496791613496152e-10,3.345550412988937e-10,6.143209806990408,9.921899085179195
N20001571,185.0,42.616258116944685,9.434231570518154,2.003012051331612,18.689121109291776,3.8312752731377677,10.738175412428735,1.1229618297111532e-09,4.773322288832398e-10,3.6787594826864514e-10,2.346667412046315,10.341259052332788
N20001572,549.0,46.891797882309504,5.453178195883272,3.8849523077422154,9.285226057651586,3.0930091602186764,1.7772490394103908,6.113287740205559e-10,3.388742461543518e-10,2.599178966619961e-10,0.44157425555391117,29.173013100020327
N20001573,512.0,24.959080780398104,9.650295269506016,23.58687213612045,14.650608225675748,6.068283463162296,4.5001982834450525,2.368702591410325e-10,4.301199425738484e-10,4.141987465162099e-10,4.1902046681813045,12.394457172429819
N20001574,607.0,23.859034581104837,12.935039615641845,4.8082105002259805,25.524903814525036,2.491340007331374,11.248252342095359,3.6649438112103654e-10,4.3213727369930825e-10,5.084946483453627e-10,5.956516091754447,13.176703046013996
N20001575,435.0,32.84076231412153,16.814288360693574,11.51009596948052,17.444542745549196,1.3566604641850841,4.453409229290916,2.8728859343598457e-10,3.9414796037831895e-10,4.174126446134683e-10,3.4096125613016213,12.170628354278707
N20001576,401.0,26.66634771811211,12.928904350019947,16.151183683646373,21.071238572721555,2.2502322119563942,7.498985361082955,5.702922068298332e-10,3.3433231998306794e-10,3.6851026708466843e-10,2.9501720613221387,10.482936039865377
N20001577,276.0,8.138173118751569,1.9602561578788327,17.543398334809172,15.075731761875588,5.961126194289802,1.2912275576553838,7.763547113878658e-10,3.119409607575677e-10,2.697511304218257e-10,0.7753000143846364,49.25478685899697
N20001578,299.0,27.108477852024055,9.499113283633584,5.1607697841974085,6.764477329419723,6.794922680724361,4.231315089360466,8.217969018872313e-10,4.144273425666808e-10,5.619204732758292e-10,6.921979835632292,33.518944143209964
N20001579,261.0,40.267042792728894,6.776371577513557,11.845423361029319,21.590542869600814,2.0708893707329343,4.32702838775275,4.166413022989076e-10,4.1562192901402255e-10,4.432377572360159e-10,7.066398380196006,6.05630325917024
N20001580,545.0,27.05560037710682,7.378281577420672,22.97125627285254,13.825843831094446,6.893877853557057,5.197886522311622,3.5961148645339166e-10,3.8300335844383897e-10,5.058364893420469e-10,3.5469108025331404,13.130342761875252
N20001581,457.0,33.428220418930344,11.499199235576913,12.639273091255113,14.764485671307332,2.8249250478233274,5.6429661982573025,3.6826981099031515e-10,4.78653511016585e-10,4.5471736928088813e-10,2.329537026794598,16.871393308753433
N20001582,470.0,47.76792985858382,1.0814164126410866,8.776292949658423,9.883770795675375,4.202619153908115,1.773310374580293,4.8646751224002684e-09,3.311849123411141e-10,3.2873084843313093e-10,0.7703443767265529,25.744316072701736
N20001583,452.0,27.66946082286314,1.4038541117797254,26.934259116963393,3.2948335531832567,16.231180732904683,3.9828355474838886,1.790805274783804e-10,4.779979613260994e-10,3.6253675203477365e-10,9.13619184680427,11.34738426699803
N20001584,367.0,45.13333213283629,0.8727656074817951,26.580375324102835,6.866205975022961,5.510827608322062,3.3482212120788524,5.283206009305715e-10,4.925860536325837e-10,3.6835335162077217e-10,4.6407212335500585,7.047550905215864
N20001585,528.0,32.78661861402428,3.350262989912161,38.573966412263005,6.536330955537037,4.913660527862424,2.2361952680579904,1.4517241015045408e-10,2.7934070833242617e-10,3.135578856409179e-10,6.539966743684622,5.062998487920414
N20001586,435.0,13.26389478041623,3.5514635057360127,16.436616515841244,17.568761355760376,12.879253597692006,6.090803912322644,1.780917574168906e-09,5.616702635748705e-10,4.417607140983934e-10,17.670837511476705,12.538368817970449
N20001587,709.0,38.35628545105111,1.9092190934205178,24.82289485324408,12.260915643767648,7.122950103137106,1.9388222589002573,7.697848492522129e-10,2.076364060501924e-10,3.1605362203129715e-10,2.054920550688362,11.533992044497461
N20001588,377.0,31.400480863009307,2.1412390774623953,32.69237577668642,16.227860908142407,3.549484176043214,1.3368371892818212,5.125642502617121e-10,3.864319845556675e-10,4.404891728909362e-10,6.0465105625774465,6.605211445457504
N20001589,629.0,39.70268054605705,3.2363053971178766,22.461217961315917,3.585818041216532,10.554100683670613,4.495853661248013,6.61739642518708e-10,4.1719210379241784e-10,3.6788386202658713e-10,2.6883275987847606,13.275696109142416
N20001590,473.0,33.187072448996766,2.3410609066742563,24.991486106375145,5.589390134482216,13.687938882519484,2.8705303953012606,5.789179373292384e-10,5.266130280967957e-10,3.989278450228477e-10,2.757187109616828,14.57533401452958
N20001591,596.0,24.812646741730127,2.444571910674862,30.220527492526745,7.532532409672232,7.311532690001091,2.8162075765031074,9.926765844195892e-10,4.444756236723614e-10,4.320346455861595e-10,3.036190421746222,21.825790755276408
N20001592,422.0,45.18467493775042,2.5908299836721933,18.847517138620624,9.659738708553778,13.902942984762772,1.9107214295331914,4.935365906976531e-10,2.465940159279707e-10,3.2497369507507366e-10,3.4306418003551533,4.472933015686776
N20001593,546.0,24.6041860672137,1.515458602480804,29.304251880581944,4.12080262170808,20.28986156004914,2.3434080226908143,3.3040126937133616e-10,3.705771668360619e-10,3.926272582856355e-10,11.666186699514338,6.155844544667565
N20001594,527.0,29.178906131075337,1.5158794058326481,24.41333391327114,5.86337124147035,8.233972163245436,3.773208346001475,3.785178200598898e-10,5.409092221128723e-10,3.806374407166525e-10,4.645065966472726,22.37626283133083
N20001595,324.0,52.62450067799869,5.431028103388204,9.953837681861382,4.423864888133245,1.17263616773847,8.067905926125293,2.0024500357416012e-10,3.0050815216791213e-10,3.4346075729332736e-10,2.0509232380204874,16.275303315890007
N20001596,608.0,26.063720644478156,0.3865377853719225,24.83462260344464,8.48447576805372,15.75057514197483,1.9989617389879557,1.8446701248347852e-09,3.843474884280564e-10,4.433331441328311e-10,8.722496641177708,13.758609673838713
N20001597,715.0,40.67685873058258,2.02392734794299e-10,38.4629878003773,4.815265347528335,1.241170991632884,4.154748040569594,4.329806262948376e-11,2.966638524692887e-10,2.703979787340734e-10,9.144828917028276,1.5041401714682758
N20001598,325.0,31.008689101970177,5.045792880370246e-10,24.710267940560893,4.362108052115634,3.7262409759097523,22.348745316259492,1.0127661476640152e-10,6.93378732667745e-10,4.683918357020253e-10,6.570216424932748,7.273732186483695
N20001599,373.0,27.698130921261775,6.051076305702003e-10,13.630738231038633,8.321535641850577,24.34442184851858,5.444625825506621,1.3779798673448835e-10,3.9624626996960823e-10,3.7258550489942506e-10,13.157702043742589,7.402845486569494
N20001600,303.0,34.44946078699183,4.777699383064563e-10,2.4698564227751807,6.37174361287411,0.7331715785867677,43.777786215908456,7.626629922642057e-11,1.9824991377453807e-10,3.578740202561245e-10,5.176681369657039,7.02130001209646
N20001601,356.0,44.315353724026515,4.919751457286254e-10,13.661096515643353,2.013296417401014,2.4728017916397698,32.476160264696226,3.248614186967761e-11,2.760374944983903e-10,2.5394233011000736e-10,3.3156836126850435,1.7456076728536514
N20001602,353.0,22.86597212440711,1.0892646214107499e-10,30.32876502841202,5.628216095422289,10.094145554842544,9.589049707905149,3.5841123137116726e-10,6.144021997914985e-10,4.420966654932974e-10,5.895828226140585,15.598023261346464
N20001603,373.0,18.89803094074461,1.0815905484874818e-09,12.679665104157985,8.77867074847545,15.34241875200312,29.96692502348909,1.5748661230943423e-10,6.465767816809255e-10,5.076887844194892e-10,6.732046715048419,7.6022427136879855
N20001604,539.0,42.78472974589159,6.716094106040684e-10,14.338639659622457,8.072617305392397,17.753936181622073,1.6043178234605282,1.3253947761872114e-10,3.4140977046568875e-10,2.875087060785199e-10,0.9976810527196222,14.448078229858258
N20001605,339.0,35.59793184627942,4.157762700587685e-10,11.30573006407828,2.4058632306098464,3.567179551930979,37.887438926473045,5.03102278248296e-11,2.5291526273126236e-10,2.8894055227607416e-10,7.168961306974158,2.066895072646347
N20001606,249.0,6.502435489146298,2.825365286529427e-12,28.782525544968795,12.748754820358583,0.45135203606439633,0.9169951867271009,4.298409700313301e-11,1.1523289367141388e-10,1.2860003599317687e-10,46.731245025685716,3.86669189675947
N20001607,447.0,20.122760176620925,2.9916559452456087e-10,12.029130474523066,16.63469851954595,11.052790246207445,11.713938130673835,1.2764376774182087e-10,6.332022904296442e-10,5.648071181034281e-10,10.532572632138928,17.91410981866503
N20001608,318.0,30.606787968296782,8.270361095859915e-10,14.482498382580268,8.942663244448449,12.704175552613235,16.168226067483555,9.96364607498711e-11,4.793561517420197e-10,4.479251093722815e-10,13.342314474501467,3.753334308222287
N20001609,338.0,11.619097152970058,2.2689841113239732e-10,36.61478725746169,9.05810017014211,27.970447850784936,6.208221795034926,6.329314882528634e-10,3.277793828293014e-10,5.69832720294506e-10,3.416226846393115,5.113118925455718
N20001610,535.0,22.74972744841757,1.4132206187728775e-10,25.09941350661474,9.330595316028921,19.416617217106285,4.623525648273797,7.035456745462325e-10,4.3275476086175706e-10,4.696437157633631e-10,8.628282242314874,10.151838619496532
N20001611,529.0,21.797876396336736,1.6705807535742443e-10,30.797735568194902,8.730185912109647,15.821463649072982,8.521461160552779,1.9477266892071218e-10,5.314788022978172e-10,4.783376668135745e-10,7.936141393188994,6.395135919172307
N20001612,482.0,34.75323210765083,1.073804454967642e-09,8.269243321676733,13.961709348769414,4.315931765211756,16.074163035593923,1.3929510356868194e-10,4.137992414648905e-10,5.8488309480387e-10,8.784123810406276,13.84159660847929
N20001613,565.0,36.097067166828204,8.748130028161443e-11,28.743913925869162,2.1096495409231473,20.8038312308441,6.798991524698356,1.4479251169377358e-10,4.259365733641739e-10,3.6462900030412965e-10,2.0409712050336664,3.4055754047805324
N20001614,487.0,16.076921328463186,2.4178500554564734e-10,31.02202049686801,12.180411713133207,3.8487593451521884,10.755363791046381,1.2559911967375572e-10,4.32429248038714e-10,4.749805462134757e-10,19.25115260137807,6.865370722684165
N20001615,666.0,27.13895199287836,3.8850162603252986e-10,43.12259574984597,11.408454497649375,7.14487909922936,1.7192304152570903,1.9587100582459582e-10,2.6420330576169894e-10,3.585300936250587e-10,3.9013977905070196,5.564490453425708
N20001616,560.0,15.318425546558581,4.523424972007925e-10,33.38574518433925,11.417445854197876,13.22021226744456,6.5290823848807,3.3333513686388675e-10,6.992968835056176e-10,6.538836685313061e-10,9.596826694469234,10.53226206597094
N20001617,493.0,59.09969219785315,1.9400422167333443e-10,26.758080295339592,2.1759417372364425,2.0417187682393285,7.554994689533147,6.194069411895381e-11,2.53164789033859e-10,2.5617375795905204e-10,1.310258008849166,1.0593143021838805
N20001618,496.0,40.71412070956813,1.737452266850418e-10,27.122422987641,4.343709597638465,19.240192643109825,2.6840026771262435,1.5331364211972603e-10,2.821568808219287e-10,3.042610628917938e-10,2.1824934346366742,3.7130579493661893
N20001619,388.0,66.81925486610392,1.6593743360288574e-10,20.02953022210403,2.1670511510151336,3.215729469062125,4.120751410461658,5.680019774014823e-11,2.1036850543830065e-10,2.207425501990738e-10,2.6511424719480825,0.9965404086512069
N20001620,363.0,33.69270042305388,4.1703826239761505e-10,28.662761379072094,12.8888774866043,5.988511617851566,5.50692156655668,1.0553891038455042e-10,4.5379448556878036e-10,4.2008403596493296e-10,9.42402816847228,3.8361993569927546
N20001621,470.0,18.207380553355307,5.557386226392673e-10,17.894915056219087,13.662247358865956,28.852306502015946,10.805631615782573,9.805173885273253e-10,6.034433425108834e-10,4.77371606865165e-10,1.7021300291362773,8.875388882007789
N20001622,435.0,42.80603453148814,1.6592432956901708e-09,13.985378997452067,10.482279233729118,8.536677064601031,8.58837538379236,9.416748769856439e-11,5.042029489442984e-10,4.933489948930384e-10,7.3908044811165405,8.21045030506978
N20001623,473.0,25.64937822496643,2.990351932491082e-10,27.6474411723368,5.059394975811891,22.318494955600364,4.047618993047698,1.918453107042787e-10,3.828951817289229e-10,4.2485288475231164e-10,1.4082867743770324,13.869384902561166
N20001624,423.0,28.028069935510402,3.0493275178740356e-10,31.25639610647119,6.845922201215712,18.280590772124086,10.854641422802686,1.8425013441717262e-10,7.07794717348076e-10,5.062182468103179e-10,1.6657370576766934,3.0686425024960244
N20001625,250.0,17.405815593607105,5.076025815660176e-10,28.92315174668537,15.352229712381982,5.129114608634686,5.446505742858351,2.145646043125539e-10,4.16147224437182e-10,4.494632137942659e-10,20.2809712091247,7.462211385120021
N20001626,460.0,13.255827007117452,3.819316383622861e-10,14.63422626421502,10.498351139456199,5.981871042487068,8.4795569889482,3.8479742372431644e-10,5.839780305389388e-10,4.977587480631846e-10,34.901268689518666,12.24889886640893
N20001627,639.0,37.329729326212146,2.980734131247013e-10,43.885898376513246,2.661741489954725,1.5707473206219662,8.022492949302446,9.944135255343928e-11,3.8321606700194556e-10,3.4323987200935885e-10,1.4753433243795442,5.054047211891975
N20001628,288.0,11.03549372190407,7.340924218959607e-10,23.089725320937077,26.31361315754316,15.400387377198097,8.427476988687799,2.3807415667792114e-09,8.366514037590699e-10,7.639431097438162e-10,3.7949672013665343,11.938336227647813
N20001629,291.0,16.74235992481154,5.386266706648932e-10,8.380859630385142,17.24048406000143,14.231821294613514,19.677074223974365,3.609901423305369e-10,7.844392919068446e-10,5.600429493223002e-10,19.143689807727814,4.583711056242086
N20001630,463.0,3.407994374622648,6.459800575955947e-10,27.89000611725838,18.46235261112399,10.826324821580021,13.883676117123592,9.25319170936782e-10,4.2146300287573965e-10,6.767156372165527e-10,10.809551507874687,14.720094447747197
N20001631,466.0,11.870158953818134,4.123455779040224e-10,33.240809626995976,18.1742198759649,20.488282398073775,4.439147680595986,6.027146023288004e-10,5.179274931508775e-10,5.284303171676348e-10,4.503588700233416,7.283792762256389
N20001632,632.0,27.52829471307659,2.101042132725224e-10,22.3684623943395,22.314459910055888,11.569753286672324,5.086546072639218,3.632358441871725e-10,7.520322907582771e-10,5.450470334411512e-10,4.044373768637508,7.088109852708557
N20001633,534.0,4.054389864562956,1.0979349906413192e-09,9.083824867147532,27.10846610106094,14.525841280828079,37.98413773877552,8.191252921823446e-10,3.67284901817034e-10,4.3732078057698154e-10,5.790923717460669,1.452416427442634
N20001634,620.0,25.69754599769731,3.247347408805313e-10,34.185512647467526,4.9182024883819935,12.472853324881784,6.408425733796457,3.229812326391661e-10,5.387758515258359e-10,5.150633200655233e-10,2.6875823739408617,13.629877432132512
N20001635,608.0,19.395994415370605,4.4497012180725096e-10,30.073781164885204,17.341900255376757,15.916238723370373,9.336944866711722,3.853686461857287e-10,4.893766421179618e-10,5.413748139857508e-10,4.624206174649849,3.3109343977744032
N20001636,507.0,51.72364282601794,2.4207882169208306e-10,33.59759365218164,2.486275922032045,2.3449541541043772,5.398857210863754,4.6681533719825604e-11,2.4143712100194473e-10,2.6384338030788945e-10,2.313698497860445,2.134977736145771
N20001637,489.0,16.23536419315685,2.843173187784178e-10,28.808037937776838,19.25512279491596,13.320318534395762,2.592103923576317,8.003843203477728e-10,5.936182984114486e-10,5.769497723487032e-10,6.020299150424527,13.76875346349848
N20001638,651.0,8.36488040791637,5.393521188699176e-10,19.632409069486087,26.497518754766585,25.016457399626983,5.794176279903134,9.041197171525237e-10,4.0617466053443874e-10,5.549976270813837e-10,8.098959845848745,6.595598240047453
N20001639,556.0,51.43597664148844,6.102750300620746e-10,25.918055829751292,2.063717386905249,3.3598112868951193,10.275384966635091,3.80293485072216e-11,3.193519727285624e-10,3.3559169944414724e-10,3.937649537262785,3.0094043497587926
N20001640,471.0,73.12411140913875,3.1188620264147455e-10,8.98336663983974,5.410133985703721,1.861386679748173,4.509495752825597,9.403939606783515e-11,4.855241495875271e-10,2.6954392883294314e-10,0.3908559394051,5.720649592177927
N20001641,279.0,43.22430432023937,5.79965089983592e-10,39.020787469939975,3.314516681598776,3.687018638181812,4.073330943965086,3.032874015258545e-11,3.484636498498357e-10,3.4218368442771254e-10,2.4198717996554784,4.260170145118551
N20001642,496.0,32.6025323544805,9.039082294379198e-10,17.907249669754453,5.667469005416067,0.9206790755954819,31.980266248586442,6.963593770709901e-11,3.6903874599627545e-10,4.150282304907155e-10,2.1845873167678027,8.737216327641649
N20001643,367.0,38.101235650437005,6.43886911646229e-10,30.048259113511293,6.474037805856738,3.800687416927035,9.56063599853307,5.225501002739084e-11,4.6134955685228864e-10,3.834618208914397e-10,5.88903876259595,6.126105250597947
N20001644,717.0,43.38803453234421,4.891542652252204e-10,32.13035324329629,3.8898539451232947,4.238939254574382,10.873934886318551,8.041844905463588e-11,2.708976670686815e-10,3.4896079936857504e-10,1.8592882723662334,3.619595864787616
N20001645,532.0,41.81513985392506,1.6971345167608432e-10,38.49527690581727,4.423361445349943,0.7488306724627661,5.4106403026704575,4.46242837944098e-11,2.5521361400392716e-10,2.6385582613968187e-10,7.202775110860046,1.9039757081810629
N20001646,288.0,29.090819762005264,5.711536377423982e-10,31.538136589504123,6.663205075895139,2.0311296789403395,20.864146288547577,1.4563239344926567e-10,3.240587529007485e-10,4.23743841631451e-10,1.174748956598569,8.637813647044403
N20001647,537.0,62.94664664744405,2.912658998193951e-10,22.65416851889587,2.2385984529903467,2.0492331605879532,5.2500526942055235,3.5009212483755476e-11,3.043637507884947e-10,2.834053281360538e-10,3.0457993112808524,1.8155012136813804
N20001648,299.0,30.174186745654303,4.056691542093381e-10,43.0286116853688,1.5381588004517455,6.5671062945680925,12.615205148540335,2.767533859491941e-11,3.160835576364022e-10,2.9522582998898196e-10,4.263756415600795,1.8129749087712494
N20001649,354.0,56.1980841218206,5.258770922236834e-10,27.323054167622253,3.7244872645326095,1.8719849355276659,5.785665955537259,4.9220581255510784e-11,2.9934472050866113e-10,2.925605667312136e-10,1.412390083033474,3.684333470759149
N20001650,360.0,41.81973209115849,3.4882711322146014e-10,23.326920260658202,4.53545639773296,4.879403222847955,14.300939257792308,4.890828708456837e-11,3.6825844972466497e-10,3.85298061593885e-10,7.524739427842324,3.612809340816461
N20001651,141.0,7.353173346157341,31.948594787644264,14.194144882017836,34.52399921798288,7.274160115167681,0.49282970822796385,2.7371077210164243e-09,3.794543845988643e-10,3.8118686173251167e-10,4.213097936517415,2.786843374943235e-09
N20001652,505.0,12.335139070105676,32.78252266003753,14.53445741774507,12.629396777759789,3.229357008748758,4.9452370298129695,7.185688943145189e-10,6.074352378480335e-10,6.153400641917167e-10,19.543890032565937,1.282925443092026e-09
N20001653,640.0,1.480542039052229,15.631659513767145,9.576348035458937,20.190847091387937,2.399445447516352,1.1337326417055884,1.5073306275381446e-09,5.880637420291198e-10,3.817122797669539e-10,49.5874252276747,9.600136068047893e-10
N20001654,252.0,3.3890379154524126,47.299164774451135,3.4803167952830525,15.845505102112323,0.9179384007166298,6.016144831494968,3.6873950294983366e-10,3.284522361704682e-10,3.912754394198994e-10,23.05189217703452,2.366474414870111e-09
N20001655,579.0,2.4782690785330512,23.615462655873817,11.279787390274615,19.895688547807275,3.854058883353069,2.046749778733702,8.661909543832313e-10,5.683265728361689e-10,4.872509115397934e-10,36.8299836622606,1.242102740308128e-09
N20001656,778.0,3.2291694446501604,27.3659857159962,9.35183617267182,31.886460626372624,1.7317891764949733,1.5370490749730161,6.026722253649734e-10,3.095322654536261e-10,3.713515623365855e-10,24.897709786954874,6.027688272888247e-10
N20001657,332.0,7.03313292059597,27.928196634598496,5.218974629092432,48.39239329480181,1.7779365623825891,1.0137510508805911,5.679472705450574e-10,7.329226278987482e-10,3.856531488768917e-10,8.635614904402791,1.5588086312055316e-09
N20001658,567.0,28.066887525709866,7.965764365092818,24.337651830969133,6.1097197130619065,2.230321372603335,4.908318203465649,5.324629435151613e-10,3.9584022315021893e-10,4.2244932545341995e-10,26.38133698724181,5.047434559336988e-10
N20001659,361.0,3.6729676589623996,18.856798651087132,13.713098952135866,18.641936923005247,4.013789467423045,2.3815739756714303,1.3811990566451768e-09,6.269224359368383e-10,4.882574556460658e-10,38.71983436777104,1.4474541247725157e-09
N20001660,906.0,1.3307852061384398,22.430249005876654,5.827042413892004,33.126055647117084,1.3322442468198241,1.4992171925208055,8.35531700326683e-10,3.251927910794209e-10,3.3887290320422e-10,34.45440628509975,1.0358419518001038e-09
N20001661,334.0,3.5714942047636535,47.59866076910117,5.84980038472552,13.20206181155362,2.345088577707462,1.5720022317136035,2.7050362878624887e-10,3.350559725658837e-10,3.0362459216015266e-10,25.860892018768446,7.57326684767471e-10
N20001662,463.0,2.494913133807091,30.793743139975717,2.2401757891756375,22.67012099907469,1.1513325180403373,5.694087662054808,8.997852763559209e-10,4.890608654318787e-10,5.199476567445806e-10,34.955626751016325,4.946600040270766e-09
N20001663,607.0,1.3100824779889195,54.011696595123325,1.4650494637504738,11.145288290673596,1.4596265278770935,3.284434118154523,1.6438003136260783e-10,2.951127706981532e-10,2.625898812510781e-10,27.323822525103708,6.062763975492121e-10
N20001664,376.0,7.51490405334365,20.751937129158403,7.430800093317545,14.03844050463175,2.180760258859748,1.5031286543634228,2.5052510459807503e-10,3.086957395715591e-10,3.4297765043626613e-10,46.580029304987704,4.3557012980338386e-10
N20001665,558.0,3.440496476691491,50.15837430352194,8.417704637107486,19.71459157058993,0.8821190859918534,1.3971526659782076,2.1061862332552194e-10,3.377141494712703e-10,3.125490699880251e-10,15.989561258954915,3.0328338137163805e-10
N20001666,520.0,14.718001705250034,11.986737096536261,21.393499118704558,5.36110316084498,2.5862484076456345,7.285213846555888,3.0209597371868227e-10,3.990139321660539e-10,4.566299457830019e-10,36.669196662493306,8.115972332716777e-10
N20001667,428.0,1.8046768449337958,45.5881836233719,6.168863718963457,26.468616294547033,2.886507494831279,1.4475126698974998,8.043751260113007e-10,3.640691969346868e-10,3.310615601332466e-10,15.635639351570335,3.8519326157050743e-10
N20001668,639.0,5.601519351619831,39.65447731683594,10.351312445767176,27.20083950655307,1.5277320334369873,1.381410886604638,5.381466091472143e-10,3.5592328169635685e-10,3.9426848629929906e-10,14.282708457547235,3.468041292053227e-10
N20001669,481.0,41.307214808638754,11.7668496268848,18.72330524255924,4.850847671270209,2.757679351725425,12.199634939306508,9.670374188475344e-10,5.157771642381425e-10,5.695070427021158e-10,8.394468354149721,3.4130332537239435e-09
N20001670,365.0,9.188327405299958,11.738678494173511,23.890224793265325,13.622310082858387,1.8558419432264484,2.7401836193790303,4.061477988139871e-10,3.485419746063429e-10,5.296092027247991e-10,36.9644336594788,1.0342468593586508e-09
N20001671,422.0,19.202295241391738,37.16112064402726,10.285930760908872,5.533421770304124,0.7072991490396952,17.913282344002397,3.08740519485738e-10,3.874644168434758e-10,4.458363745853817e-10,9.196650088381583,8.022885664046677e-10
N20001672,614.0,28.863568275023262,9.258589856437311,18.79350513948164,3.2191894858121914,3.7226366620449043,19.432062317142744,4.291573948982123e-10,4.413720918061852e-10,5.365293261032903e-10,16.710448261154543,1.4963432989622842e-09
N20001673,588.0,2.816243537074895,43.87775617466645,7.188620239478295,28.90306266353177,1.8785473368720738,1.4881793596105999,5.748810153491397e-10,4.298253223274844e-10,3.750382650470519e-10,13.847590687044203,3.419523339838097e-10
N20001674,633.0,22.401545013123254,13.610670086019084,22.421805463050088,9.448792317503965,3.6321870480315543,3.8083159024183253,4.38578537822703e-10,4.523899183249787e-10,4.610472217591925e-10,24.676684167313493,1.1882406609044904e-09
N20001675,599.0,1.9193399887027618,79.14180470557403,5.206863186348799,9.068089938766978,0.3417977483031223,0.6084935245528057,1.573570544044962e-10,2.529350847094975e-10,1.9640287322843917e-10,3.7136109069610104,1.837902444507124e-10
N20001676,551.0,8.530911668019602,37.33661597900105,14.654710005423082,15.801688815198133,1.983345030451616,1.8177048567733705,3.043727780022163e-10,3.378959449518321e-10,4.5027935074180184e-10,19.87502364324668,7.939113177844695e-10
N20001677,307.0,0.7821540856572178,38.75424037861912,5.999887402543885,6.984543975881323,2.011570599967825,2.2550625117942196,2.7001644927652046e-10,4.1599877848340095e-10,2.7007900835051164e-10,43.212541044234165,3.4616290678881766e-10
N20001678,583.0,3.1359613021114083,54.279190929725644,10.387478515372296,20.278780203572495,0.9400157210024287,1.3522754176746155,2.599530305149654e-10,2.1642670737634695e-10,2.725306535680514e-10,9.626297909657348,1.3485386636423505e-10
N20001679,366.0,2.0132948872914516,58.707941265544605,5.210567219370554,19.365679068408376,2.330423170681717,1.2195142881281908,2.6266541771564634e-10,3.2412413297913146e-10,3.107301729765798e-10,11.152580098890494,7.871003180636657e-10
N20001680,562.0,2.718698587589008,40.649369606575654,9.333186466943475,23.515660603545506,3.4585223398339853,3.711804431829721,4.820967650511862e-10,6.553019082514986e-10,4.836856123398002e-10,16.61275796172084,3.4073360513215027e-10
N20001681,521.0,2.0163796106123115,64.34282295594097,7.320670683937141,16.83668045097445,0.6159290562259181,1.7749056316775036,2.175087589498741e-10,3.039763937168679e-10,3.1241773213074525e-10,7.092611609378265,4.1953245873542597e-10
N20001682,375.0,0.278113652750649,28.019977461340222,2.9323081803226,33.391774816915465,0.39715071958892406,0.1873020337865325,2.685357032484082e-10,1.5824014864851937e-10,1.5151269165661505e-10,34.79337313389977,8.175544527377192e-10
N20001683,801.0,2.4355968632329024,59.081078435832204,5.907898063209801,16.833513124045567,1.20063936347497,1.1842974547298661,1.168244634087819e-10,3.4112775100397273e-10,2.910595587799235e-10,13.35697669447645,2.4923437248417135e-10
N20001684,724.0,1.7078267569229477,47.38213412208681,8.67972045062726,25.26671941589897,1.0481173604683247,0.573249333566009,3.3218297044600103e-10,3.1528738644299485e-10,3.0698429420553176e-10,15.342232559150787,3.2444977637113736e-10
N20001685,645.0,61.30996348298648,7.8917506090439655,11.713127269692757,2.7264078914915943,4.596080684034192,9.551960244683672,3.2380672538562316e-10,2.6843909585074214e-10,2.57600218819071e-10,1.4352673588524705,0.7754424583650232
N20001686,645.0,27.37546067169983,2.185092352739777,15.700078972140503,2.063694993266056,17.79089970739127,29.94472923261074,5.515468454626449e-10,4.3638133067441853e-10,3.8595104785533907e-10,3.325755816034312,1.6142882527436384
N20001687,557.0,37.781784421061424,7.01391785326493,16.3559219659458,3.4002511897363847,4.057607210225872,27.409179670705885,5.393496576244621e-10,3.0291184697928055e-10,3.803990525119547e-10,1.8578888150612156,2.1234488727758345
N20001688,419.0,35.92603078115577,6.550696935640726,24.591429090687697,2.405389402932274,3.119231482181437,21.860344479121036,2.24072201635593e-10,3.372742190902423e-10,3.357166713165166e-10,3.6219989499401146,1.9248788774438919
N20001689,629.0,24.093907701385525,2.4937840381768415,13.884188523727284,2.9808137227154994,10.235044245007744,42.28938828199691,4.5131226795980177e-10,3.838644861663999e-10,3.3395453931704456e-10,2.7249515635238426,1.297921922297225
N20001690,350.0,44.22052364978019,9.355001628736586,9.307446153455686,2.432045580045059,2.9385006688098,27.77026097268681,2.562560101828173e-10,3.124497147983177e-10,2.94862519621069e-10,2.0030932223306657,1.9731281232916464
N20001691,418.0,42.730411173416236,6.05385407948253,17.298447466483672,3.516653707801059,2.8224176577706404,23.27611559972642,4.306291763988994e-10,4.4320674953195656e-10,3.8869031316749254e-10,2.390239974311791,1.911860339745111
N20001692,638.0,35.03182538613246,4.39607481551747,23.778041323700986,6.8510211793007105,8.621449843675764,13.06979346295068,3.7717247080465705e-10,4.040745073995995e-10,4.308814444320206e-10,5.590018128345547,2.6617758591642704
N20001693,596.0,22.26329933706184,10.444073703578312,4.44840014266545,1.8664419571075754,0.9774085313351121,55.22162782001499,1.9012207447872608e-10,2.4146407990750264e-10,2.7977067071114474e-10,1.607315863136575,3.1714326443887915
N20001694,303.0,45.203052257783,17.168111751128116,9.006093884457117,2.002240631061089,3.1442692315246887,20.478306913727916,2.460503897468299e-10,2.4426305616269593e-10,2.538231980329539e-10,0.9113906917714323,2.086534637802507
N20001695,411.0,32.369569545524506,10.253827609792623,5.529081045427342,1.3279586479422265,1.4078267282581696,45.87545759282296,1.4273827627362465e-10,2.4535430435148857e-10,2.458701761855029e-10,2.1975583093620723,1.0387205202361411
N20001696,525.0,39.55082775721231,4.469341958756914,20.3658741131067,1.8132096909498574,7.04304164641935,23.918232487116143,4.737171761762084e-10,3.3559826475772783e-10,3.0092485628456884e-10,0.4843446905940987,2.3551276547343782
N20001697,482.0,25.968413950850298,8.487918627689991,36.904625291745,1.4260067676904988,5.578310094248544,16.40965689058308,2.57166859665374e-10,2.9182860058256214e-10,3.2664925230305324e-10,3.016489365676065,2.2085790106408525
N20001698,437.0,37.262374022317566,24.44814502224322,14.633171852030328,3.475577523360308,1.8348723245846421,14.3109846494885,1.585816645949255e-10,2.465022067835883e-10,2.3884819766485807e-10,3.304021221206996,0.7308533841245018
N20001699,517.0,50.20232593110023,2.738081031705238,13.842259675160692,3.922817040133239,6.548659110234721,19.172646399347073,8.446914881733704e-10,3.7953979348175903e-10,3.572251254021333e-10,1.0371507059568539,2.5360601047804923
N20001700,376.0,19.18502619412754,14.341320932296817,2.6500755405172685,1.9592267372446595,4.201629153514175,53.79647103917436,8.783122797675457e-10,3.901089631985424e-10,3.164166101120815e-10,1.4408187360965041,2.4254316654438575
N20001701,395.0,39.75597215922238,11.721150826673602,4.257875131539068,3.740893648504144,0.47176130585533294,28.777860602809863,2.0437040614545258e-10,3.2179529135996276e-10,3.963009591767199e-10,9.276662272270759,1.9978240522023998
N20001702,780.0,30.90810828646106,7.943763990718578,21.459588771248804,5.070956020140523,2.1144509706088175,27.61229891542312,2.8372930818408946e-10,3.106834400562174e-10,3.6574230692297386e-10,3.130079694930252,1.7607533495086876
N20001703,216.0,52.70767139325143,26.09458974983211,5.22211903766838,5.68144179525719,2.17735457955879,4.257674961931459,1.3400939626854773e-10,2.2628203273185304e-10,2.461461300359206e-10,2.969539965537342,0.8896085163568521
N20001704,312.0,41.644784233575166,6.531915624539188,11.081201914754192,2.240782080075434,1.8045985216270013,30.40578923837243,2.574091982561029e-10,3.9379233023934846e-10,3.2855969794519243e-10,3.24200910233225,3.048919283744589
N20001705,455.0,42.433887551357316,7.282323754029761,17.03913518498076,1.2399698789915363,3.9448639198793054,24.692484375822797,2.3693878411750125e-10,3.477686546895961e-10,3.164384880142805e-10,2.409979812534383,0.9573555215030111
N20001706,474.0,32.02820669397804,12.056501898743912,11.24458781897219,3.004177464207564,1.7301178050253951,36.49300787694331,2.2904232439283574e-10,4.210254706637974e-10,3.2306434932409393e-10,2.354542338704003,1.088858102452432
N20001707,417.0,52.79140390734097,10.284554131052419,9.699360066051494,2.4403659224630476,1.8659723613344787,17.48472220027883,1.9646037718784862e-10,2.501043492206088e-10,2.9748340444727146e-10,4.483944865707556,0.949676545027135
N20001708,520.0,51.27155765843368,4.061921166314834,20.484188119160187,6.21477933996476,3.2047968289336737,9.744067257609114,6.41423940668687e-10,2.5698202064079405e-10,3.336173230509718e-10,2.86165395848372,2.157035669867996
N20001709,488.0,41.744731246325614,9.040627745583562,26.19375583596848,4.100717664730936,4.921538265690473,9.87251809315038,8.575914987125401e-10,2.3930155037582963e-10,3.3003543669953357e-10,0.40829648203889934,3.7178146650847386
N20001710,743.0,44.51514428362447,4.246477817020546,22.25932757654301,3.5500161338810794,7.523257017446494,13.979608889271647,3.435846367429946e-10,2.659524123126867e-10,3.561222860882783e-10,2.36519781819683,1.5609704630502512
N20001711,337.0,46.23473292781541,6.430991053288683,20.387680631064327,6.0706475986309965,3.185123372948663,9.309103562336832,6.061161290819551e-10,4.535904142825864e-10,4.2585988643989136e-10,2.6888200481319116,5.692900804297612
N20001712,460.0,38.28324838989857,9.092213155919797,30.816210476601015,1.0020186687155732,2.8604449529597695,13.15816636293355,2.238022969629873e-10,3.3615754114481415e-10,3.312085167589223e-10,2.599105199278752,2.1885927928017956
N20001713,554.0,39.1982700199949,8.416744343380737,23.614662665772443,5.1281317930179835,2.5577318444800645,14.56670763720251,3.811857940220666e-10,2.790766996378769e-10,3.80243329122201e-10,1.3933206077003177,5.124431087410523
N20001714,413.0,43.37599649122218,14.931485043795432,18.76993489655382,2.054695864101748,3.2938960618206297,15.846587392396358,1.8774909313601926e-10,3.381354306241015e-10,3.191826385111825e-10,1.1573283071256273,0.5700759421391397
N20001715,842.0,26.86361826609307,26.97391165944295,27.625726031717267,8.227517179253919,1.981211091409317,6.521255930434992,2.423795233985332e-10,3.569217143992174e-10,3.4693281753833713e-10,1.3353159115644966,0.4714439291377613
N20001716,883.0,29.994825604049325,23.39636931704159,23.638500697774116,8.628573358108783,3.262527922645951,7.654801238621876,2.20729232180663e-10,3.746788954671363e-10,3.948751442602002e-10,2.9230280623358693,0.501373798432191
N20001717,284.0,55.606847218449374,6.232308900081683,19.531494717077894,2.106116107606739,1.8599669926083793,12.136694361167132,3.145642746598348e-10,3.3465866260426017e-10,3.423948632067699e-10,1.6026939908424072,0.9238777111747621
N20001718,311.0,7.935101253855639,41.54301753403372,5.398321244996139,15.368830775835992,2.8396342734311477,21.711002886715672,7.982192846245592e-10,5.296001593945237e-10,5.160739862934313e-10,4.3123165011891915,0.8917755280985963
N20001719,562.0,3.605541873267655,71.61629889985537,5.70924616633154,13.73122132751042,1.1857971426844822,2.3111618981246336,2.3477773518748253e-10,2.3654596459867646e-10,2.3719261535281487e-10,1.394817878526404,0.4459148129909789
N20001720,751.0,56.099085589051136,8.668136264320331,17.12523376895805,3.368303066288067,2.7002050281688503,9.748090018777457,3.524488730434509e-10,2.7575624512947704e-10,3.2138361985809063e-10,1.0350254479177523,1.255920815568774
N20001721,561.0,28.697867637687928,18.449345853901544,14.843411756380737,4.90400764356391,6.63068391324557,22.086817192862355,4.061013021383832e-10,4.4940194571717293e-10,4.1347533643861055e-10,2.786426250098068,1.6014397509908989
N20001722,775.0,23.81162149114954,39.97561104111935,17.737324598103093,5.639122079706473,2.906908116242915,7.180217668970926,2.2306142971055876e-10,4.101916082877641e-10,4.040999846895227e-10,1.579637852494093,1.1695571511762572
N20001723,675.0,29.579354208188786,19.88055938516468,14.211405581354633,5.511514906263474,2.3294027866624623,25.273148701286114,2.718277032485532e-10,3.348283127142714e-10,3.708423246615067e-10,1.844276021096058,1.3703384090062842
N20001724,554.0,3.8498931316902407,48.543256610025615,9.351410040203836,32.06645664984642,0.5438433703268762,1.9336651918072927,1.3962623001111045e-10,2.893279902133095e-10,2.6090173764331973e-10,3.122339992472416,0.5891350129374648
N20001725,576.0,13.534613935290215,49.34366703818724,12.608114357170267,18.56224288983514,1.204204883690464,3.25317481716869,1.5811527064327237e-10,3.1078106464867843e-10,2.9888822000665515e-10,1.1348930128322454,0.35908906505794663
N20001726,616.0,35.43396375587213,16.018903990263773,25.301458658158783,7.742981851595871,2.122485404168533,10.140455773747602,4.486203827237729e-10,4.071745090160615e-10,4.2480219920802797e-10,1.7655499066843463,1.4742006582283698
N20001727,585.0,30.452893872137732,24.190275938639903,19.923678133381923,6.354894855186146,3.3562040069153336,11.840782257333956,3.8795446798972937e-10,4.3741049920583097e-10,4.329281140983825e-10,3.199731681783829,0.6815392533628889
N20001728,341.0,3.7948939303473894,71.30026777854289,1.8917692179974341,12.613365424237324,0.921822256600076,5.67391398034043,9.815166728923145e-11,2.735567945222767e-10,2.2516361336665402e-10,3.2251647299328017,0.5788026814047793
N20001729,741.0,8.626273791313,57.47958693551992,11.61134015713532,12.298978167633006,1.0619152558854357,5.482914349720966,1.5512220234259657e-10,2.367879748787761e-10,2.4658667110756964e-10,3.1197963980911947,0.3191949440626796
N20001730,289.0,48.761560584606954,10.778180961389022,18.124124507858212,3.2089153797727463,2.147022971367728,15.67596588659083,1.8619615325045564e-10,2.6572390813141837e-10,2.7945136283190743e-10,0.8737757155382095,0.43045399214492674
N20001731,663.0,18.658299301044856,48.491698566230625,17.211556022121833,6.236259781602625,1.0476842348770241,6.6288331586680185,2.0590233572973697e-10,4.066537896041386e-10,3.2792518406063946e-10,0.8543137082889544,0.8713552262255722
N20001732,506.0,1.4137373879251284e-09,29.39106784539466,1.6624539564189273e-09,52.08073512566632,1.4475648301682428e-10,9.669464883746054e-11,1.1601455760488892e-09,7.017660728301328e-10,4.925104168033412e-10,18.5281970229462,3.2076251168193695e-10
N20001733,803.0,6.866092613023644e-10,43.63668525402704,2.437910011646571e-09,25.86047119369631,1.524860214139187e-09,1.3511872409961385e-10,9.594189024138212e-11,9.58444365841075e-10,4.119685878198791e-10,30.50284354596003,6.57637042466433e-11
N20001734,488.0,1.3699436333121695e-09,41.68753327676002,6.566238083873051e-10,48.17930226116433,2.5492704407022504e-10,8.922582431146862e-11,2.656894468352828e-10,1.0893032314967596e-09,4.1595258900061125e-10,10.133164457727538,2.064466410774276e-10
N20001735,427.0,7.181938702265134e-10,31.25534514923117,1.7368088236854013e-09,25.19429461364848,5.218657749273331e-10,9.344047098540155e-11,4.631054489471261e-10,7.338872645230161e-10,3.9839107862849113e-10,43.550360232312805,1.418432547965609e-10
N20001736,569.0,1.0277003368359512e-09,70.84733482962187,6.81819004453367e-10,17.506230637227084,3.1738798113323876e-10,1.246114662150654e-10,1.883028950901845e-10,7.620949797078565e-10,3.189032549033567e-10,11.646434529626664,1.035498863794908e-10
N20001737,295.0,5.03224592142466e-10,58.28849549822043,5.997011830395378e-10,22.479696396067006,2.2652557645162443e-10,2.1993439904333514e-11,2.8852610665237102e-11,5.599390285412605e-10,1.7142128786150066e-10,19.231808103516997,8.389389769696478e-11
N20001738,442.0,5.104335550612801e-10,62.65973879754919,7.908130077621905e-10,27.19446462252259,5.062904313043994e-10,1.6876134877670677e-10,3.244616051329108e-10,8.181466440961096e-10,3.4427031608378357e-10,10.145796576343603,1.214390998932542e-10
N20001739,608.0,1.105538750813793e-09,68.939230793918,1.0638991546214003e-09,12.37764898231179,4.228978987002914e-10,1.6698209398820317e-10,2.0478687450318748e-10,9.854543447334412e-10,4.1171560286353854e-10,18.68312021924053,1.6843010114433741e-10
N20001740,477.0,2.8122057757868987e-10,31.854661056904536,2.8247687628042335e-10,32.310979600494456,7.384216235469232e-10,5.836966059977041e-11,3.7552257531550675e-10,5.482606156409197e-10,2.376084707500602e-10,35.83435934000778,7.134868569265618e-11
N20001741,352.0,1.0858539420159036e-09,67.85251880094437,1.589815768519e-10,28.885573219337868,1.7658694884678997e-10,1.2340316019793995e-10,1.5631351693092957e-10,6.961261113323977e-10,2.5175576370062827e-10,3.261907976740274,3.2846407419974523e-10
N20001742,510.0,4.246168446482956e-10,48.75915685996648,3.209526715451962e-10,36.81078731414688,5.928824233881743e-10,1.5189057650233487e-10,3.336790176337837e-10,1.0379054989236259e-09,3.8133072621294233e-10,14.430055822378485,2.64911061038877e-10
N20001743,240.0,1.5086682284073863e-10,92.7007039532905,1.762546984599454e-11,1.0178655355447037,6.495785552071507e-11,6.385820887280393e-12,3.488163606973494e-12,4.2427849940529884e-11,1.735494323295031e-11,6.281430510843425,1.827533262347589e-11
N20001744,387.0,5.482532625920146e-10,65.34286356546879,5.832880610310427e-10,20.228116864843226,4.779686210583989e-10,5.473554394302661e-10,2.3474684489905315e-10,1.1069353445968908e-09,4.622788807064581e-10,14.429019565338752,3.883973400118483e-10
N20001745,349.0,3.434435146680841e-10,73.90227756159112,1.4953751167466373e-10,13.159604599937143,2.240894623040748e-10,1.2291116966031395e-10,3.309673558742967e-11,4.5705741051453143e-10,1.5920015180880164e-10,12.938117836914714,6.766866106729532e-11
N20001746,345.0,8.458509302548936e-10,38.28123670432424,5.095380129716178e-10,41.653444269685785,1.0384874520860795e-10,1.3515629226029012e-10,4.115973790581787e-10,1.0211936466570457e-09,4.011806238728752e-10,20.065319022154,4.075969855062522e-10
N20001747,481.0,3.972793561136566e-10,28.184984601640828,3.5567370712090343e-10,41.65893141539867,1.5941307203824776e-10,2.1125660909918503e-10,5.895775438046522e-10,1.094410806263911e-09,4.902219851428741e-10,30.156083979239895,4.227757354591396e-10
N20001748,453.0,5.755847525820274e-10,54.574277262018754,6.802749530027971e-10,30.948476835022483,7.831699137098449e-10,2.853076882478753e-10,9.59407647210579e-10,9.143521881559534e-10,4.6479885058899714e-10,14.477245898120378,1.7551038515570737e-10
N20001749,318.0,2.9171899286481277e-10,18.43694136644593,3.703121976290296e-10,48.72289897313874,2.8137726916615107e-10,7.109887590903459e-10,3.842960643795624e-10,1.0347607080274835e-09,5.204493314092015e-10,32.840159656490684,3.3075540998503106e-10
N20001750,209.0,2.4350945771401763e-09,63.677139592387775,2.081889325904573e-10,22.896175756132173,4.871223457783772e-10,1.5578110049625935e-10,1.6087191719688599e-09,1.6590017001532676e-09,5.340015004920165e-10,13.426684643658588,7.335470999297349e-10
N20001751,501.0,5.370611051582849e-10,64.42963027807122,4.0178459343604866e-10,24.425176325706047,1.0941103838552941e-10,2.0002542830267242e-10,7.347566622971171e-11,6.697851804551938e-10,2.651797787188947e-10,11.145193393832376,1.336376357799756e-10
N20001752,463.0,7.943151724819571e-10,52.36605443025266,4.804116368184488e-10,35.3752440434652,8.260110429812453e-11,3.8911019522074013e-10,2.441973701683795e-10,1.203112583996685e-09,4.83388434033333e-10,12.258701522334231,2.70768045201639e-10
N20001753,676.0,5.647079646359815e-10,59.510533544920754,4.858609814641087e-10,22.298520392116455,3.3343711392126105e-10,1.6471679202205833e-10,1.8954347860502384e-10,8.597390793241985e-10,3.422645839490413e-10,18.19094605988813,1.343902009804914e-10
N20001754,291.0,1.574565552238191e-08,27.88346873867541,2.4693621940964497e-09,28.617586808689893,3.3925582827907712e-09,8.271863730573696e-09,1.422231683022687e-09,2.462432605506568e-09,1.4585961331272054e-09,43.49894441503491,2.377099092645319e-09
N20001755,494.0,6.77112135988412e-10,58.56542422542829,3.5737905095356747e-10,28.642220950339166,2.34777487089809e-10,4.146675397587234e-10,2.2166648615635427e-10,1.1060837729697556e-09,4.47589274920152e-10,12.79235482048468,2.886125501272233e-10
N20001756,324.0,4.102635811209158e-10,57.926009675991864,7.161011546678517e-11,5.4596108290548475,5.817231307310491e-11,9.927087562105992e-12,2.5396229834298423e-11,1.3555593150942547e-10,7.73426620599386e-11,36.614379494060515,1.0450530387339647e-10
N20001757,694.0,3.3069977406327786e-10,31.001240287710925,3.791148345221793e-10,55.83991629373008,2.0346908077681582e-10,2.64559436018976e-10,1.0690332240796565e-09,1.0392322750398013e-09,5.908761950836307e-10,13.15884341324271,1.4392991954029935e-09
N20001758,445.0,3.3265218598101894e-10,59.974305289619856,1.5093215641455053e-10,25.99765346149437,7.678315888785486e-11,5.3181525317349734e-11,1.2302414682293416e-10,6.181437553828295e-10,2.2421544413133623e-10,14.028041247099887,2.0695754381694897e-10
N20001759,443.0,4.915777854917528e-10,59.53885101161982,2.1231748822643293e-10,34.641193745104246,1.1136885346037555e-10,2.4108843514071707e-10,1.594623177169678e-10,7.426071155723004e-10,3.1248835284659346e-10,5.819955240753056,2.5197318765025466e-10
N20001760,472.0,3.07731469943166e-10,65.78428062559206,1.8602242366278098e-10,28.1581382989258,1.258394159033484e-10,9.754366916592259e-11,8.286251566535046e-11,5.467966111311416e-10,2.35386080684817e-10,6.057581073735778,1.6416452188453307e-10
N20001761,536.0,4.331335509186053e-10,74.529495052024,3.2752270460548466e-10,17.54739230311709,1.8891848766599697e-10,6.831306298732993e-11,5.898939458246898e-11,3.548639865983294e-10,1.627476528167696e-10,7.923112643190707,7.372469709217064e-11
N20001762,889.0,6.194762937492749e-10,47.01493167004928,5.483355876688507e-10,34.88452496385364,2.548901706512302e-10,2.5050123800428254e-10,2.7604126342739587e-10,9.86612422139943e-10,4.206448285535237e-10,18.10054336252772,2.1285806569662002e-10
N20001763,480.0,3.695349002613305e-10,44.18385043837169,5.626754998493382e-10,48.628530735827944,2.2089585580051642e-10,3.965805301359533e-10,9.713278849190374e-10,1.2741940563925454e-09,6.576379237645001e-10,7.187618819593696,1.7538243907299432e-09
N20001764,584.0,5.59299308025637e-10,46.916113544469255,5.546434271257362e-10,19.70070079460904,5.959580263883566e-10,1.169401287430065e-10,2.7386547134772546e-10,6.541615373742913e-10,3.401183578985143e-10,33.38318565759721,2.295079639100423e-10
N20001765,475.0,6.00682938981728e-10,75.55801674967265,4.081322896383038e-10,14.731936027962789,4.3334813720264153e-10,1.2636393338014063e-10,9.279187955766675e-11,7.631833320924589e-10,2.742703700403918e-10,9.710047219542332,1.2347094290450877e-10
N20001766,363.0,2.706913790085702e-10,47.96810489388337,1.4609574503438224e-10,21.046033605761515,1.2414693139826311e-10,5.448803328360499e-11,5.457704300349904e-11,5.13501373638021e-10,2.0381543700141595e-10,30.98586149873867,2.491242052418093e-10
N20001767,737.0,1.005636489389656e-09,28.8709082825093,2.2611625668614445e-09,46.514358900641604,7.841094889317748e-10,1.6453389517865533e-10,5.77458847507895e-10,1.015528294801957e-09,5.536048407140161e-10,24.614732810360223,1.2685993519885113e-10
N20001768,363.0,6.537703913639023e-10,26.337355176625397,1.8536970166605475e-10,56.381606305006784,0.3446062724450663,9.49960517865052e-10,2.220777541057726e-10,2.562412752705109,3.926364700459588e-10,14.374019490620714,1.9312109819359736e-10
N20001769,920.0,7.498609635452105e-10,24.843497341780008,5.009501724646475e-10,38.396207421382826,2.0056482583650372,4.715930618905437e-10,5.060187646154264e-10,4.651148643483053,5.869801767721905e-10,30.103498331923177,2.505000578657362e-10
N20001770,580.0,3.514906456760699e-10,16.151211966559135,8.159172185219033e-11,71.50503475745047,0.41185255819653815,8.090506433939599e-10,6.336759147587771e-10,2.6206931731732173,4.3029744256586243e-10,9.311207541661735,6.527855309929022e-10
N20001771,596.0,7.341792931837561e-10,10.60840006747847,2.7352771958090265e-10,71.40469995677535,0.8598953732446599,1.5646338448879515e-10,1.2896535239563988e-09,4.095982670911088,4.624235710959866e-10,13.031021928212095,4.6211065589779096e-10
N20001772,480.0,3.665897626176708e-10,7.520705316462021,1.2723655882856294e-10,79.26923572692385,1.0890977665551926,1.2736109617292655e-10,1.0399347500492022e-09,2.5019532804299986,2.970062208998738e-10,9.619007907485475,1.8534694941221465e-10
N20001773,489.0,4.577743580356695e-10,41.943054903674515,1.2558195771214022e-10,40.40796630286675,1.0080810467981764,1.4733095123261792e-09,8.050402010215529e-10,4.627838335317221,7.285330889807525e-10,12.013059405998883,1.7542119279866383e-09
N20001774,604.0,4.6050351514346807e-10,32.98054601697291,4.245036383113985e-11,55.155511237233256,0.2031136644304459,5.463766043190225e-10,5.031185903140838e-10,2.473975247896369,4.2889716295652797e-10,9.18685383025371,1.2319611194171325e-09
N20001775,302.0,4.272755201398748e-10,41.44722922830618,1.516521854947128e-10,22.6872392748449,1.3492769833035183,1.9034911909579758e-09,6.838531316258666e-10,5.156735833897455,7.278738914806204e-10,29.359518674347807,1.4059818959110973e-09
N20001776,520.0,7.45620072340472e-10,45.670633728863656,3.34689069897841e-10,27.60799753803195,12.445362520793717,1.0079060914151104e-09,6.893267510420094e-10,4.677567381578645,5.938314214383584e-10,9.598438826918917,4.4176188038951003e-10
N20001777,560.0,8.91851576663738e-10,19.839768142131536,4.0888987463619644e-10,49.64435616854267,1.8687594099918012,1.1697470502361376e-09,7.029071109137421e-10,5.090429039145558,6.559958773342297e-10,23.556687236026193,3.3285352475098796e-10
N20001778,531.0,1.3281408546611921e-09,38.116885453898256,4.804576789408645e-10,30.59549867845709,4.250392025970894,2.4752654437000846e-09,5.876208131825563e-10,6.614907666959678,8.429053449528461e-10,20.422316168704132,2.955516763396332e-10
N20001779,590.0,5.112777022105426e-10,59.42759760007872,6.674235812254348e-11,27.279417327924737,0.7786487889617827,1.3766296893245523e-09,3.309118039978269e-10,3.4481389678631844,4.890939290656548e-10,9.06619731148915,9.077555791101568e-10
N20001780,647.0,6.093887700527131e-10,47.2180161932442,1.70645613558953e-10,34.2580651128805,1.8160860408295791,1.0250574068731128e-09,2.647655026889124e-10,3.58970726555331,5.225594111724811e-10,13.118125384451943,4.480420803769614e-10
N20001781,481.0,9.491055492059332e-10,18.654449343962927,4.477786775634037e-10,50.786290494297845,4.263469873795981,1.1383085983702844e-09,2.125081347958956e-09,6.789706089776576,8.460270551393147e-10,19.50608419183874,8.216295144723932e-10
N20001782,624.0,6.688762821699506e-10,15.873125019808768,6.414815426564652e-11,46.69071511663718,0.513752895509024,1.0975847264117027e-09,1.3796454969564277e-09,3.730061270649477,7.370254506707672e-10,33.19234569068702,2.7612463815795293e-09
N20001783,415.0,3.4230576871902583e-10,21.986722694047568,2.378172384308028e-10,43.98429362755863,2.3022840005990712,8.095420603548882e-10,3.337901527343404e-10,3.438285679557577,4.754435343540841e-10,28.28841399588094,1.5731070550193305e-10
N20001784,554.0,5.193802661724158e-10,37.38255873392634,1.5121156607984428e-10,46.28364587558137,1.5217987158675073,8.202517120253077e-10,4.6026763084137916e-10,2.7502508698507557,4.144797899939449e-10,12.061745802209087,1.9938390581693744e-10
N20001785,561.0,1.1025703601207653e-09,41.0354374713771,3.880103163867977e-10,42.56190633274356,1.9459936449743178,7.427678002617109e-10,8.806189658887926e-10,4.563455191351977,7.181265898403924e-10,9.893207355394438,3.2650599046765686e-10
N20001786,559.0,2.373144938137389e-10,31.003401587442426,4.508732502181401e-11,39.396918726746875,1.8580011489545565,2.1751147112095982e-09,2.4241683330465386e-09,5.486844427763297,8.77437101367565e-10,22.2548340996286,3.705122574114924e-09
N20001787,360.0,8.842116804267201e-10,67.67960012086594,9.440827002882758e-11,24.867115447774385,1.1916153220335381,1.8187078112744917e-09,2.8114646476569683e-10,3.1264887967607504,4.174496651724623e-10,3.135180308429908,6.395474005392011e-10
N20001788,708.0,4.6347948279644453e-10,47.042735316557355,2.97516831382982e-10,25.59993097884254,3.956809047436722,6.717496209124815e-10,1.8829789059427061e-10,3.638680995484722,4.787164708259294e-10,19.76184365931609,2.628023351733121e-10
N20001789,398.0,1.2498898742504206e-09,50.33609162249191,8.527837007698915e-11,13.93184617010692,1.5360293521778823,3.587292394201472e-10,2.6691925927611e-10,2.5904403736703183,3.5656091221769757e-10,31.605592478918926,3.166610840233268e-10
N20001790,730.0,4.3886167330255987e-10,4.5804780219493235,8.510894906641389e-11,85.96702483036057,0.7191038621873289,1.959075927739199e-10,7.630388587873325e-10,1.434727570816197,2.137500263777056e-10,7.298665712681094,3.0882956366245374e-10
N20001791,561.0,1.0242575325109143e-09,52.34361694267381,1.8755763072503648e-10,33.19932542712543,1.572976879484793,9.131878045834789e-10,4.059871119501387e-10,3.1064670935449943,4.75910120310811e-10,9.777613653873345,2.9074106454286356e-10
N20001792,632.0,6.453166507512649e-10,35.26860733254879,4.670172841055057e-10,31.790114509318784,5.745259975613679,8.388281366449417e-10,5.019743462111725e-10,5.581783010399534,6.663689622470522e-10,21.61423516864116,3.585441515094016e-10
N20001793,282.0,3.472009301845996e-10,78.19669550946166,2.8732924492335056e-11,14.050272117105795,0.5618193453744557,9.110024726589196e-11,6.619233628762211e-11,1.174174167868652,1.3249890465469181e-10,6.017038859382301,1.4141551353885048e-10
N20001794,314.0,5.302521681590145e-10,36.7658561107288,3.2319574230259385e-10,31.049483445948812,1.8433438714016461,3.12403462854775e-09,4.664138689566222e-10,3.5720009405091817,5.358110925255933e-10,26.769315625757923,6.739399607617734e-10
N20001795,515.0,4.942242150642757e-10,19.70446287111348,1.9376738373869045e-10,52.279396728300235,2.7885552376842893,3.1024343064074566e-09,1.6892239279894077e-09,4.512756826043973,6.669608467553322e-10,20.71482833004442,6.670043535400076e-10
N20001796,529.0,7.7878476914274e-10,51.46785718070911,1.3145017537098875e-10,32.29195849179006,0.8245388241666693,5.347741154398397e-10,3.1956217931152266e-10,3.0934294992276974,4.1191024394444974e-10,12.3222160017416,1.8837746069343642e-10
N20001797,328.0,5.360648676583517e-10,12.987245541415254,1.7967760684271162e-10,34.16426029779559,2.670304349147455,1.0472679366965423e-09,1.455692511400324e-09,2.267543029598975,4.2402111640782744e-10,47.910646777603205,7.967830998042308e-10
N20001798,251.0,3.421089233568008e-10,61.317465406602345,9.017531555211339e-11,19.28500030395043,1.8996431762880555,9.575101065123255e-10,4.011782592567889e-10,3.6730718299732943,4.617586474604318e-10,13.82481928043457,4.985771674969883e-10
N20001799,635.0,6.853497523252229e-10,71.36340144888777,1.0670040475129023e-10,15.96918255063473,0.5039957954706669,7.733957063209265e-10,1.7271077575268905e-10,1.7577870914840408,2.759494790011088e-10,10.405633111342672,1.660154178579913e-10
N20001800,384.0,4.1488371003091836e-10,43.3093577079719,2.8831922381244953e-11,44.468505627511604,1.9185795269882326,1.244029358233718e-10,2.074554213217191e-09,1.6751655723724415,2.6030821000544124e-10,8.628391561919468,3.3335509513140017e-10
N20001801,301.0,6.477875594706417e-10,60.41624580818766,2.6800764184354645e-10,18.366477253194073,5.972829340282514,2.297270489125289e-10,1.2991881024304886e-09,2.428446602887578,4.0316187913729444e-10,12.816000992079546,5.207637406782503e-10
N20001802,266.0,2.554760402156766e-10,55.52070093984513,2.6936418461464415e-11,11.606849343955355,0.47251919978048534,3.5184197314237786e-10,1.2895996347784133e-10,1.435673079369678,1.9993375410157363e-10,30.964257435279897,8.063137812493958e-10
N20001803,637.0,1.4882621454672362e-09,36.837175077491736,7.747610092725109e-10,47.028442999523165,2.0507385577916826,5.401931171287516e-10,4.0908648247289616e-10,1.0552494386896494e-09,5.123801202264201e-10,14.08364336030484,1.0864499043985576e-10
N20001804,482.0,7.713818726361228e-10,32.58831593260745,6.527137736596615e-10,41.69960584774232,4.220896508977399,4.754454990854527e-10,4.885021695480309e-10,9.45248488484252e-10,5.335836384514213e-10,21.491181706699724,1.0623514611439239e-10
N20001805,729.0,1.958417833338198e-09,24.36556861312249,4.970434073054973e-10,62.18384336154359,3.4599459232310585,4.97389574972144e-10,1.2545767730523863e-09,1.383297368987857e-09,6.15636795027282e-10,9.990642095457847,4.3864106967653423e-10
N20001806,763.0,8.748358582022538e-10,26.713971049662455,3.309399555064474e-10,43.163712897370004,2.9594646272538343,6.449078676323684e-10,4.786955522587009e-10,7.704539671434824e-10,4.341648431899046e-10,27.16285142213212,4.75567719916265e-11
N20001807,624.0,7.792519564779589e-10,42.69429947979676,2.837866411581439e-10,43.46715690408431,2.5285171675520544,2.955408424829922e-10,8.049251098520537e-10,7.683520605732829e-10,3.837867102271932e-10,11.310026445202654,4.8585819802696894e-11
N20001808,199.0,2.903764510483058e-10,12.82721888356397,4.842663044155608e-11,72.80059428262511,3.6834285447738147,5.230687130892457e-10,7.990347995570308e-10,8.120144338532583e-10,2.4935891793643573e-10,10.688758285564944,7.498744690021094e-10
N20001809,627.0,4.809940456311464e-10,40.21740874466892,6.944695278878218e-11,46.98780546326694,0.42753454014752357,6.254128583151513e-10,5.882921812371488e-10,8.266641800503316e-10,4.587503142647707e-10,12.367251248218526,6.485297272617366e-10
N20001810,610.0,1.007533480996119e-09,53.356114166575054,3.733616820144059e-10,30.40958506882473,3.0059667684509987,8.978273434423111e-10,1.8063130387407696e-10,8.289744422195469e-10,4.0042530912908343e-10,13.22833399239739,6.30835411598821e-11
N20001811,688.0,7.05572496505819e-10,28.892393451556693,6.25266284921171e-11,58.63406056040983,0.4255996617324571,8.074573895243657e-10,1.0920289561262988e-09,8.986271949642101e-10,5.941419057699625e-10,12.04794632002567,2.114994083101132e-09
N20001812,707.0,1.6293762656345077e-09,42.71920206347444,4.819062138602835e-10,40.60245057239856,3.0439703616059046,8.406000898298075e-10,6.416882184164647e-10,1.0882397224549676e-09,5.18784882856296e-10,13.634376997238306,8.219913256199461e-11
N20001813,580.0,4.919498584659979e-10,21.037159024519042,5.688157975030787e-11,56.43424740102232,0.18921849113522188,7.322286235389271e-10,1.2811249787349256e-09,6.340609078843842e-10,4.823916905735169e-10,22.339375077386254,2.2585290016444327e-09
N20001814,582.0,1.0527511907513667e-09,32.242211995693246,4.6557976904382307e-10,33.12683339822767,4.714463423146972,1.2027153685001334e-09,1.823639630728126e-10,1.1449631728781224e-09,4.847463564553754e-10,29.91649117836041,3.856757061179025e-11
N20001815,580.0,3.8882985735254066e-10,27.375017520352824,7.269463147530815e-11,59.70397302197392,0.4216168270797148,2.313615370485803e-09,1.9865069586932173e-09,9.957207843160278e-10,6.705269592438834e-10,12.499392621787333,2.378310504879637e-09
N20001816,570.0,1.0886423389402155e-09,54.85170018208302,3.008306826940343e-10,27.850087940199646,2.50796413880315,1.4101636409363394e-09,3.2342047225349753e-10,7.550571173905781e-10,4.4402147816373406e-10,14.790247734514782,7.726219782889709e-11
N20001817,437.0,5.209096563340384e-10,46.025607198143696,1.1496106473416069e-10,41.64790409083132,1.2845264133553864,3.329139636320134e-09,3.0735249419063187e-10,8.867287449704986e-10,5.205431467226965e-10,11.041962291561127,4.2882418371938436e-10
N20001818,406.0,4.0442760686871484e-10,38.92172924322978,7.438173563431454e-11,47.73811308572261,0.0692085709612102,1.0317366861648897e-09,1.6387614491023673e-09,8.651811897115365e-10,5.927541447488991e-10,13.270949091491795,3.987378778795726e-09
N20001819,578.0,9.185543944514297e-10,62.97315213459094,1.0695173368099958e-10,27.53237783822904,0.4662576545827627,6.649387930188608e-10,1.3898248191208109e-10,8.184473673258765e-10,3.282315388076947e-10,9.028212369386907,2.342598277621886e-10
N20001820,624.0,6.089686857583935e-10,42.36606779302433,2.519227896281336e-10,43.24270362224461,4.7506982771613835,4.979995989555807e-10,1.5389919894545756e-10,7.818969451912579e-10,3.4093355666149633e-10,9.64053030484176,9.230076823960133e-11
N20001821,501.0,5.389981864206517e-10,47.01719331309093,1.636078237948592e-10,27.50571481248266,1.3144864512522816,1.2006493343230642e-09,2.6545872627856484e-10,1.0099718001014644e-09,4.857354380002883e-10,24.162605419084855,4.2485001958914303e-10
N20001822,528.0,6.569858468944595e-10,66.6064777975164,4.8165993878180434e-11,27.946458172822304,0.41246629080307756,3.767349614100343e-10,1.0864753166025788e-10,5.485805903814679e-10,2.6034812158318366e-10,5.034597736616782,2.419701849290403e-10
N20001823,435.0,4.280214791313339e-10,24.911699902598063,1.0838408050333465e-10,68.00952267907986,0.24214101150614561,1.9800151860051083e-09,3.183891343668324e-09,1.2394048507452878e-09,7.740419429580081e-10,6.83663638987814,9.224037972931344e-09
N20001824,609.0,7.036875159863198e-10,20.435256376590523,3.643897400752564e-10,61.93134570825922,5.693752459257909,3.0576680463948786e-10,6.99313029343272e-10,1.099401700732017e-09,4.537346814951121e-10,11.939645452087163,1.7888796540633135e-10
N20001825,349.0,6.379467130214491e-10,36.80061981948865,9.767335264284178e-11,49.39658225177862,0.6747481050480708,1.913350484463375e-09,2.7952077829623613e-10,1.0207692215071949e-09,4.777050398021086e-10,13.12804981890585,3.5183268771614e-10
N20001826,456.0,9.022294217663362e-10,56.19773965219154,2.2144347655948768e-10,19.663066755716276,0.9464227407554396,1.7334591343420714e-09,6.145830206309698e-10,1.4195054977001693e-09,6.967633430693565e-10,23.192770844709994,1.0387919051326264e-09
N20001827,546.0,9.539440954259211e-10,50.59960797932954,8.924245876371725e-11,39.66984017173936,0.9749432135396897,8.908380878908987e-10,6.863559023833392e-10,1.0138324167267862e-09,5.136693244227403e-10,8.755608630539928,7.035834851598509e-10
N20001828,445.0,1.1107823509802656e-09,37.25631887330985,1.0998162866508859e-10,47.92691813521699,1.1510545399349525,2.0124864174495376e-09,9.462759422620963e-10,1.437501767297532e-09,7.648187057471274e-10,13.665708443274488,1.8818892782298063e-09
N20001829,690.0,8.358704835475128e-10,25.647463137062083,2.354326796605261e-10,46.34161160520207,1.5419817146069543,1.3071000539895512e-09,8.206293810182646e-10,1.0730290086407715e-09,6.097693130768868e-10,26.46894353795694,2.9013558363892933e-10
N20001830,548.0,4.775598590511165e-10,58.31858162804902,7.33121363214255e-11,32.89756969669986,0.2684626834838783,1.173794551783053e-09,1.917639384387978e-10,6.477699925952776e-10,3.098975676893508e-10,8.515385988705244,1.879054818365963e-10
N20001831,532.0,1.1534530490903961e-09,69.1035755300084,1.217154945137282e-10,23.90572341763135,0.8256985758615147,9.967319918590424e-10,2.409760261021911e-10,9.361358578540236e-10,3.7340541188100027e-10,6.1650024724253045,2.510168016662078e-10
N20001832,440.0,9.728739547684292e-10,39.183807051856355,1.4802079293178516e-10,55.01274600788507,0.625463146313982,8.672782494632077e-10,3.227687065320019e-10,8.446619440817978e-10,4.362049633353999e-10,5.177983789375759,9.770292761484452e-10
N20001833,406.0,8.205734823095508e-10,52.686424111468696,1.7338515977995319e-10,37.855287778862476,1.8343984382425946,8.37389456253979e-10,1.2889187985865187e-09,1.2082368413134269e-09,6.053310117140314e-10,7.623889665255852,1.2365439071514497e-09
N20001834,554.0,8.120887974003635e-10,31.37592135142684,5.923231190931119e-10,51.24204341975268,5.870917105439637,3.643225583465363e-10,6.053075652971991e-10,1.3905458030709025e-09,5.484961882906233e-10,11.511118118781308,2.864452722274129e-10
N20001835,424.0,1.3509671293801133e-09,48.23439472248526,9.94199121233759e-11,40.535425975499415,0.5078295026387579,8.474310220385481e-10,1.9717181675432179e-10,6.970436767191908e-10,3.802126678963217e-10,10.722349795335703,4.686071506001517e-10
N20001836,715.0,5.941300766445531e-10,62.25083993544687,1.0882305340452869e-10,32.23199512870145,0.2056568084553562,6.277754099787171e-10,9.254436126389952e-11,5.992029372970487e-10,2.6511648228252823e-10,5.311508124876861,2.3187894622699713e-10
N20001837,576.0,9.062465612692801e-10,68.85323599570941,9.351290606896152e-11,26.837315718048615,0.4596923586780753,1.0729073408483958e-09,1.8651224196340718e-10,7.642408328726413e-10,3.4155583825222665e-10,3.849755923959033,2.3989192047017143e-10
N20001838,510.0,1.1380456052467777e-09,50.118392342283194,8.768743504933474e-11,43.598607737234616,0.3633401036044302,2.0148968307641894e-09,4.5178693824513547e-10,8.717331459428837e-10,4.1489908895931943e-10,5.919659811659796,2.3891571187944835e-10
N20001839,387.0,9.000510841777978e-10,58.56599539066439,3.3791276688000176e-10,31.842392496134984,1.8970435931433864,4.5479644794264044e-10,3.178777460194922e-10,8.639735506054203e-10,4.048588798870777e-10,7.6945685166905555,8.721759115832116e-11
N20001840,448.0,1.1640179980395921e-09,24.90237769876284,7.732353852822493e-10,51.314709072062605,3.303679142444448,9.690024496404155e-10,1.086630082382537e-09,1.6125227107613507e-09,6.705879570651178e-10,20.479234080373423,8.070761222806639e-11
N20001841,443.0,5.865796548474176e-10,56.367620043414746,8.191240388803129e-11,32.322074131394025,0.8724592381084121,9.682692216086868e-10,3.5841798930808764e-10,1.064154504921951e-09,4.350032496344485e-10,10.437846583201951,3.8651632978738864e-10
N20001842,452.0,4.4877372056873043e-10,28.636411455785353,7.555985579926454e-11,56.439966055446575,1.5416079451179348,1.2011735304056108e-09,5.17933644653417e-10,9.385480686680381e-10,4.515519627317269e-10,13.382014539469386,5.472050022618045e-10
N20001843,580.0,7.431170203961835e-10,43.012659973107354,8.137398351944547e-11,51.902695431721426,0.8907821791402146,1.4660212321635117e-09,4.978190889443161e-10,6.745964987642931e-10,3.4027628883686143e-10,4.193862412006071,2.2173167500438303e-10
N20001844,673.0,5.149425749263437e-10,26.89995904047216,3.11340354976902e-10,39.409333394096215,1.3398465847764802,2.6223002539699437e-10,5.70972625651837e-10,8.050367672454195e-10,3.6994224211451344e-10,32.35086097772359,9.70983187748277e-11
N20001845,665.0,7.679681233319195e-10,52.40719445013092,1.4819222500522152e-10,41.7154041440163,0.9204212744679083,1.3300653403842139e-09,1.4818631518228272e-10,8.389481582818766e-10,3.645713000972395e-10,4.956980127439529,3.474157280544796e-10
N20001846,321.0,1.0523164126200957e-09,54.23710067382598,2.319346619161614e-10,29.564467528634115,2.383887793488713,8.213090872681432e-10,2.55788533988217e-10,1.1628274413121382e-09,4.541280255827892e-10,13.814543999951482,1.214161435978964e-10
N20001847,622.0,6.189115902478313e-10,37.68064155677315,2.177835688542076e-10,50.871478863702094,2.68028060098837,4.496087647335935e-10,4.727738418635744e-10,8.249574125471721e-10,4.0646206402320657e-10,8.76759897533309,2.128133769197144e-10
N20001848,609.0,1.46294645644018e-09,62.523382893437486,1.5358688912982022e-10,23.581316801993577,1.2903622411079765,8.843346069158027e-10,3.439827975044658e-10,8.880672894281088e-10,4.429594824650301e-10,12.604938059056384,2.2870291429682511e-10
N20001849,362.0,9.69705727151873e-10,18.6051268009013,5.90178856474014e-10,45.15086169528079,2.394692963003239,4.241514063186425e-10,1.028800870628271e-09,1.182656355100262e-09,5.034936522779897e-10,33.849318535900295,2.1540967749334776e-10
N20001850,611.0,18.273597324732183,3.08273258987007,38.14356231057303,22.36218733083537,4.572798013357819,4.307232749114789e-11,2.56759645297563e-09,4.747928862773905e-10,5.248441402536012e-10,3.1002348958847468,10.46488753113647
N20001851,498.0,16.214753162919862,20.48736351116991,26.16889514491836,23.14837611007588,7.0277060471373,1.262307317248989e-10,1.5109340133519056e-09,5.097678208995781e-10,5.73569903744924e-10,3.492075088940525,3.4608309321176556
N20001852,531.0,34.53021951586367,4.197458478571366,18.146334426965836,24.85549723385789,2.921478697291092,2.846409400307474e-10,9.87512066103299e-10,5.356952469214985e-10,5.344499708675052e-10,3.4030717815435803,11.94593986356425
N20001853,526.0,39.467254061007274,9.75555168677564,13.768338470800032,4.773746606538155,1.0746796284153723,5.468284968759084e-10,2.2228142990355725e-10,5.050179928281209e-10,4.367044551943521e-10,1.138803148000136,30.021626396752566
N20001854,502.0,11.128409855934027,8.436739359998407,17.366870960319776,53.471580436065466,2.0967582678237315,5.1262987919865565e-11,1.3415410550530503e-09,4.709407953767855e-10,4.02734840886574e-10,2.389446766179943,5.110194351412151
N20001855,436.0,27.64752401116588,3.1056188410426717,43.331541936827804,11.22081392626355,2.322749816436418,8.252502327142501e-11,1.0623477414581331e-09,4.065261751127414e-10,4.021502944601957e-10,1.1007020163631591,11.271049449946966
N20001856,511.0,45.15206889953641,6.785219160808116,9.153249231160828,6.815665821730242,1.119850892047978,9.827347795959791e-10,4.810751864680896e-10,3.912857941092539e-10,3.7657572642891893e-10,0.158631064520857,30.81531492796391
N20001857,426.0,51.798885581599166,15.644673697500016,8.648386798917409,5.8751719038017205,0.8717494867418792,3.598786496621358e-10,2.538175354513647e-10,4.783631020812211e-10,3.76419786441411e-10,0.43474017916661073,16.726392350804723
N20001858,505.0,21.553715964164432,25.24797667356645,9.232817178204975,36.26251420590593,2.041533603548867,1.0611179190400342e-10,2.41092035478256e-09,3.26963506759992e-10,4.4756355317135484e-10,0.573301054089293,5.088141317228519
N20001859,575.0,29.702623649879488,22.00167870337539,24.097439046431855,12.840879356350765,4.4528605697127945,5.694712111387189e-10,4.831811529780152e-10,4.0190655244904377e-10,4.655435832251107e-10,1.603786954833951,5.300731717495649
N20001860,382.0,26.167797817476746,7.8539048641772125,19.58282326770729,30.252068931778865,2.4000414972999433,1.7814632635164374e-10,3.980073678870289e-09,6.218657932093372e-10,6.162834917530294e-10,0.3629764416431454,13.380387174520425
N20001861,370.0,8.447424096080375,30.248266294719777,7.077799608911614,44.407140787502755,1.4868841224521887,6.868320947473971e-11,4.347016697467463e-10,2.3981716224006054e-10,3.047566752836993e-10,0.9170388580851776,7.415446231200168
N20001862,389.0,33.80004899444432,6.712856046900733,39.35908293984019,5.973633407434317,7.718469357797082,1.270720215360532e-09,3.599762818086923e-10,5.434043776912939e-10,5.138390430359993e-10,3.0750272097140186,3.36088204118141
N20001863,455.0,26.595857352574402,21.99257320927582,17.961250658726563,19.98242982837681,1.6070496774288692,3.039934240743113e-10,6.189489112100235e-10,5.280954864880451e-10,5.956296309143034e-10,1.5297115854302255,10.331127686140633
N20001864,324.0,31.31690824960379,14.952470945795282,4.565831878640612,8.462132091479122,5.7258148829800515,4.1003677667708105e-10,3.2064751573217976e-10,1.1646701608936787e-09,5.831911697586387e-10,0.9921676015280447,33.984674347494554
N20001865,251.0,34.44529859571,9.429950605804557,30.998831405272963,6.601377156080622,7.7459906478197835,1.4637617894343474e-10,1.2207263552801086e-09,3.568802691821271e-10,4.1236130707773577e-10,0.7943443301810151,9.984207256994715
N20001866,369.0,45.71828536050889,19.71393975139128,19.0544300170221,3.3782023609840657,1.9434929788549196,7.993745563520057e-10,3.8584260952279245e-10,2.629807234207212e-10,3.4011947146952376e-10,1.7066030164398935,8.48504651301052
N20001867,453.0,24.773469849626256,12.381460145732445,25.316908549231133,23.25131399069211,3.841648729793913,4.295182627133544e-10,4.958666678346685e-10,4.454902597043083e-10,4.839862525788941e-10,2.679260846159102,7.755937886910176
N20001868,462.0,60.40570415432776,8.355056872823145,14.945604071580831,7.938035296676109,1.6997841218242111,6.156128131624936e-10,3.617873705889251e-10,3.80502416200875e-10,4.0110196872746444e-10,0.9265426903180857,5.729272790690858
N20001869,508.0,44.324247858282845,5.626901895683761,12.544754582831304,16.720623727624144,2.443511686242746,5.995790186616455e-10,5.612811857136338e-10,4.960090875106131e-10,5.03398041222249e-10,1.8341130467038915,16.50584720047104
N20001870,255.0,30.37666054357716,32.63376997220114,3.6942505990098184,22.39978978485991,0.9411991123783423,2.9242007017813387e-10,2.7941296006218136e-10,4.5176598281468584e-10,3.6377242127499645e-10,2.204871070036746,7.749458916549518
N20001871,576.0,44.67233719012323,9.374791986168301,28.208728018390584,8.605442761959551,2.6173226416305817,1.3607009242479395e-10,4.738753515233238e-10,3.998199605606858e-10,3.9970744711864416e-10,0.7695409003764985,5.751836499941794
N20001872,630.0,30.25500342359031,16.165157016284006,15.88263970184208,22.687513477889045,7.795883870439635,2.0351415794345356e-10,1.698874605004481e-09,4.3054726819224027e-10,4.780285032037051e-10,0.594976835671456,6.61882567147249
N20001873,589.0,32.905160170908424,3.5055030819234743,40.614437436929904,6.401994196156164,3.723643882680558,3.7694091770067086e-10,9.84583635567598e-10,6.343009367316641e-10,4.967277562613868e-10,1.8167392536633544,11.03252197524556
N20001874,472.0,17.053791558266223,23.943099170580094,7.137467749968554,45.945864407064626,1.7689307706331485,6.459390220108904e-10,5.361415502784989e-10,4.017585545744836e-10,3.7397821917473826e-10,1.127304988184843,3.0235413533447013
N20001875,638.0,41.13693583296094,8.430525790055587,21.894661654821267,17.690205593908953,2.5939112990762503,2.613792363430357e-10,6.522377042593654e-10,4.839305367198577e-10,4.527446103177562e-10,1.4484435281900216,6.805316299136704
N20001876,503.0,46.854599803454924,6.643223988815376,24.80605495140605,7.233049074006229,4.739809943598245,7.602602868327808e-10,2.6356597277660966e-10,4.979611642132061e-10,4.4091843812497076e-10,2.1101648109249327,7.613097425831544
N20001877,525.0,11.888351998365849,34.65022969784046,5.463103674585424,36.977014196554805,1.3144231882555732,7.53681975597761e-11,4.824155910628889e-10,2.9720278655501065e-10,2.842658398727031e-10,5.0625751725843635,4.644302070674282
N20001878,463.0,40.26350083021658,16.05310415244402,19.193132448768154,15.233255735951726,2.759097438562488,1.9115894122295862e-10,5.522965486489054e-10,4.252810559355152e-10,3.931806944510427e-10,0.7771271596739155,5.720782232821209
N20001879,518.0,42.83787575857955,5.5663254368141,32.60137272284245,8.828008642021677,4.01038274847657,3.0136591514675773e-10,2.999538528319309e-10,4.816562027798975e-10,3.9269270052438624e-10,1.3499216781443784,4.806113011645616
N20001880,388.0,38.987418470693264,13.643140517889693,9.623222475921539,14.315006130936613,0.454092728149035,5.642531837544691e-10,2.341460165300916e-10,4.6472272742898905e-10,3.4455776852917954e-10,0.438017858800877,22.539101816001295
N20001881,320.0,2.664299199321063,61.0511224756925,4.6254375771778395,28.525794053695066,0.9955189809342926,1.0271988983580379e-10,1.0160082480328803e-10,2.5171442260034094e-10,1.9105252199146031e-10,0.17636649774412033,1.9614612147880603
N20001882,416.0,23.16406572070914,29.717498928967295,11.042049562033993,30.152230500818796,0.9745862191055098,2.8111430189365687e-10,6.298672759524444e-10,3.0426278186813925e-10,3.9290495775733487e-10,0.643282212866443,4.3062868538906836
N20001883,515.0,10.021871273507333,52.17681400371871,4.479424913573859,24.642638021738815,0.4549786466240684,5.738760027546673e-11,3.1528917256912773e-10,2.2413608278322846e-10,2.558750406320159e-10,2.379056447533182,5.8452166924513485
N20001884,940.0,19.915726558298356,11.575593658476672,5.583125553256747,52.56234814721523,3.236754849764957,6.000234385033847e-11,6.906759685911838e-10,2.501648044883987e-10,2.4396334560912615e-10,0.416124282657746,6.710326949085486
N20001885,581.0,22.168681710601316,29.866133383545645,9.101248144126092,17.45148397065713,2.753242571125724,3.5178797583194415e-10,3.039352329717381e-10,6.310049754962908e-10,5.088355039528943e-10,0.8218049463734698,17.837405271775072
N20001886,347.0,26.429925195255592,19.482360963400044,2.9222232819842264,16.420155504065274,2.6088947380505254,7.953480272000163e-11,6.715394166499358e-10,5.938631604597115e-10,4.2307589024018197e-10,1.9132564125134046,30.22318390296293
N20001887,432.0,4.794986661219105,67.94592474166265,1.4020422876311782,20.565951047047065,0.19114268415015664,1.6169351492478755e-10,8.418116355518184e-11,2.4384528871637823e-10,2.0340540228842203e-10,0.19117179963918576,4.908780777957541
N20001888,700.0,28.240109058867297,11.39767061584733,18.521770947209077,33.70004767689946,2.368737963552264,9.456068639806266e-11,7.88671600184419e-10,4.3116966821886363e-10,4.3103124460046315e-10,1.0446470162895505,4.727016719589596
N20001889,590.0,18.635719743845094,15.359319998106248,16.62814481201486,44.29574112725953,0.5065694691960034,4.118769510213752e-11,7.940253379407623e-10,3.0396931890702326e-10,3.838792099263934e-10,0.3584466557452727,4.216058192309925
N20001890,513.0,5.556686406645213,68.85467584247455,4.161868005775834,18.599319807928264,0.2713068840663991,1.2416854864343548e-10,1.9238456090091997e-10,3.561788080981358e-10,2.6592669075347615e-10,0.651477436326807,1.9046656158442623
N20001891,550.0,12.691257852105483,15.561845260528118,29.888224134825037,32.477525717929424,3.5478875546934114,2.1588996296990464e-10,3.877933353357678e-10,5.489465117440245e-10,4.717187428790238e-10,1.9464842621750165,3.886775216119162
N20001892,503.0,5.135215199500178,36.449575803036474,4.661348784231412,36.988074478046954,0.3355963811670269,1.425095899610187e-10,3.8471621877918223e-10,6.128316755159508e-10,4.589546737569416e-10,1.4466675264643145,14.983521825954622
N20001893,485.0,48.7501958811508,10.133637243237265,15.586754162962402,12.37272622994831,2.2124164513137234,3.3698868021613263e-10,4.891549888201995e-10,3.0751924610077193e-10,3.857469812331878e-10,1.0966881096977215,9.847581920170342
N20001894,390.0,41.32396144163582,20.167727099538375,20.70555832152707,5.520285200082328,4.884537020893789,2.7718749401019316e-10,6.04008138485816e-10,3.91346858121521e-10,3.896201817715352e-10,1.075872542440937,6.322058372219526
N20001895,665.0,18.400665073040336,23.225019359057953,20.435050476106667,26.223466733690525,5.940729445266785,1.2214413048146497e-10,4.768550193875064e-10,5.718300558623637e-10,5.401119867730896e-10,1.2564841795516024,4.518584731575194
N20001896,998.0,14.90084922524148,33.505658917281814,13.858868736026183,29.141103426244207,3.862084208143228,2.2367792259420137e-10,4.718574745602303e-10,6.946988089778199e-10,5.650715666592701e-10,1.6079091623226953,3.123526322785086
N20001897,406.0,39.580553699970764,4.445483361915905,37.87606492442473,7.68015082567865,2.7186856598089,3.024921497029007e-10,4.0905721894783536e-10,4.31750606614603e-10,4.22774080779551e-10,0.821570933929792,6.877490592705191
N20001898,475.0,45.87502857742922,5.699922674701381,34.73262185702252,2.5858275157037713,2.6082283673257147,1.208550145049667e-10,3.049729872884591e-10,3.085406873766061e-10,3.107411684089844e-10,0.27807890994104145,8.220292096831248
N20001899,446.0,51.8253669118882,2.2695191284397103,30.27436928983193,1.1763251160689203,9.203339880828167,5.86763434392472e-10,1.6051969927224248e-10,3.208607589456171e-10,2.5466712172500897e-10,0.5581670650916413,4.692912606528631
N20001900,532.0,19.042200081328993,47.16151928040275,12.9078207344723,10.352035330754978,1.6895751722576982,7.003249973678328e-11,1.048553153700032e-09,4.2186740726629045e-10,3.9242309721158117e-10,0.08885387192410787,8.757995526926287
N20001901,662.0,13.100062388706037,47.949077844386686,11.580607346875357,24.3743270357147,0.5346100089287229,4.0543221506498504e-11,3.849364535902447e-10,2.95634736045949e-10,3.367902300083036e-10,0.5207637017768413,1.94055167255376
N20001902,573.0,51.540432906818324,7.439552916889356,17.40494899627753,14.00237005600988,1.2207985889846915,1.2583342892623428e-10,1.1389984483797778e-09,2.487615853668546e-10,3.942412274568338e-10,0.5861467502610244,7.805749782851365
N20001903,413.0,22.016502187455202,26.442739391359154,11.503383191191235,19.783713873874152,1.6393933304374348,1.750467164072652e-09,4.4519890668219875e-10,7.031965915882325e-10,6.340299052984599e-10,1.4043366363989327,17.209931385751016
N20001904,636.0,7.534194275448418,25.249375041112838,8.741952320745142,52.85049739932255,2.168260850063622,5.328564818053665e-11,1.2361251568080832e-09,3.2533099609439013e-10,4.118528699256788e-10,1.3598935443461522,2.0958265669346767
N20001905,442.0,66.63091069908697,6.767764477190763,10.31858282203111,6.833064526697225,0.5590391155428261,8.493506001108152e-10,1.8148199361053132e-10,2.5567353045830853e-10,3.0351287374995955e-10,0.3965346076431129,8.49410375021797
N20001906,382.0,4.65219837086432,22.189310044553995,1.7607529796602417,67.37395071101012,0.1740681828375625,7.60883630769474e-11,3.332656680632706e-10,2.0711358134267907e-10,2.0881953344678524e-10,0.36514469970256486,3.4845750105459214
N20001907,493.0,44.929400288584645,4.5525577007947335,17.396443123896773,16.084188280869284,0.9315747501063713,1.0633398351430485e-10,1.6760995260771123e-09,3.1938176575323867e-10,4.141352478946881e-10,0.37192104285701316,15.733914810375238
N20001908,435.0,55.354775452122084,8.449694035039364,4.834971677758047,26.83160409604774,0.8156264001664172,7.862677077564969e-11,1.198863017684546e-10,2.7269378044849686e-10,2.1730688181477476e-10,2.9925094042875093,0.7208189338903261
N20001909,516.0,8.188540937779099,40.26855212949958,1.4379035140677825,39.47915509988682,1.1111964988694614,3.36373427060728e-10,2.980881983178999e-10,3.069989528774147e-10,3.2270033631364406e-10,6.999328640534751,2.515323178098346
N20001910,483.0,15.304843617447036,38.25732707535244,4.73060271103769,31.124848367336323,3.590984519565906,1.6122399313141135e-10,2.6555656842250085e-10,4.015242146999525e-10,3.7191930623603505e-10,4.5753491025735125,2.416044605486866
N20001911,368.0,6.9599927820170215,63.49822449498752,1.7417829465781103,20.431972283827406,0.9190625373401247,5.8176891817921975e-11,1.7599418670086954e-10,1.4344900547571844e-10,1.757317790233659e-10,5.136907308249262,1.312057646447218
N20001912,644.0,13.404934642618832,32.23605750219151,4.468435944575157,38.13580487368405,2.599858971441265,2.1456773145980365e-10,4.5145622292227517e-10,3.640186084464207e-10,4.3408958207255183e-10,6.517288631499595,2.6376194325254754
N20001913,597.0,13.595176858837506,13.747667199436753,4.996986553071184,51.59145551127789,6.020204769453701,1.080589393061712e-10,1.0256197724386947e-09,3.5053423532891687e-10,4.395269721251288e-10,8.466148359886947,1.582360746112262
N20001914,432.0,17.897428953358666,21.409013663672457,3.156180469938905,40.408992640457036,4.572802379031138,4.720895228337368e-10,6.605755577064128e-10,7.112018406357513e-10,5.924640849987214e-10,7.138826526476011,5.416755364629465
N20001915,383.0,44.71982488279338,19.22259256410803,7.451702418375511,13.491811485935479,6.049278542471625,1.7822180521976825e-10,7.805169747446363e-10,4.227083450762031e-10,4.863290793814077e-10,1.3281655112922457,7.7366245931559385
N20001916,713.0,23.833038361723474,8.258341114647925,11.31465429888863,32.25428473088624,8.132710810928318,2.3821880588395465e-10,4.2658413785036343e-10,4.337016823173732e-10,4.52709704465577e-10,12.984218112621146,3.222752568753055
N20001917,541.0,24.21467150239419,4.500138187271503,15.675612845477863,24.96541002968189,18.003128527640776,1.4481424734600866e-10,5.300720433363281e-10,4.6505099276097785e-10,4.722210439409532e-10,10.172751622296918,2.468287283624681
N20001918,640.0,32.88552504789956,11.911539621616466,12.682012954244263,18.064928677764062,8.34547620225429,4.262191664295005e-10,2.757718496551188e-10,4.533198180034209e-10,4.732747765986372e-10,14.051636456422717,2.0588810381700475
N20001919,731.0,28.273019536820147,15.977716692469759,15.687620596330582,25.136303114245646,5.890288592579711,1.5131239370304748e-10,6.435621778325655e-10,4.0784449516507674e-10,5.255156938934767e-10,6.135263461383332,2.8997880044426005
N20001920,514.0,21.137948691867173,6.244458615661934,6.681279616611715,39.133443382702104,8.237269248783882,4.751968937561085e-11,7.15332008825032e-10,3.5814123945938004e-10,4.0395345665326384e-10,17.27466655417762,1.2909338886706057
N20001921,598.0,37.07177585164886,27.594568867335735,3.909624919109685,18.733107564092663,4.051963993780573,1.1534596332347248e-10,3.4568141561248623e-10,3.2323979216146126e-10,3.576094984464531e-10,5.197530600259091,3.441428202631519
N20001922,486.0,50.8760554588641,9.743404662808022,16.280710524760448,7.541283611204818,7.9480343845650765,4.197145158880251e-10,4.423415693626247e-10,5.403834404824514e-10,4.967627454556025e-10,4.276881044120722,3.333630311777611
N20001923,657.0,22.697066126946105,32.27118276088272,6.085474459623072,29.353487077713723,2.9869987721202,1.1864847107674634e-10,1.658770901612797e-10,3.506350040488156e-10,3.348705611284145e-10,5.588746805295361,1.0170439964487867
N20001924,573.0,7.661621962394132,69.72213925873363,1.8673851930789402,14.920310864697129,0.49294676553257805,6.303790676085256e-11,8.895502729730532e-11,2.1410827102327928e-10,1.9412242148801481e-10,4.134978497545344,1.2006174574580026
N20001925,520.0,13.551137014820569,29.38432126000725,7.802992657941475,25.795556510406364,8.04791375569999,7.793222438680423e-11,8.994232566502185e-10,5.825030038154413e-10,5.398912502761716e-10,11.628253374544945,3.7898254244796745
N20001926,445.0,6.403340259772337,14.077165320866502,8.849056841984066,38.95175780167743,18.66230015114794,8.689170338157655e-11,3.291569881027897e-09,7.30926504376022e-10,6.167991896205175e-10,7.854500775304276,5.201878844521274
N20001927,797.0,24.890464031842374,25.606699283258383,7.5418200404676945,27.56098650720249,2.0985729342880943,9.787603216347021e-11,2.737065275643605e-10,3.6992165331005257e-10,3.860280458879214e-10,11.037532820519388,1.2639243812940455
N20001928,436.0,26.716765961378446,8.145285062565897,9.417925162285536,25.348880278720532,13.021263379256148,1.3399164857295026e-10,9.26721049490415e-10,5.173330079409299e-10,5.389396791790721e-10,11.78637378695628,5.563506366720162
N20001929,428.0,26.461286408599456,15.684673098301532,5.242623759377272,24.848832616023618,3.776491399680055,1.1173353013508864e-10,4.060002056075285e-10,4.4414634729982185e-10,4.041838049978369e-10,21.293098394454816,2.6929943221971953
N20001930,351.0,62.99330023577411,7.466686351887088,5.974286826293703,15.385096548444363,1.576054677098292,1.4308202654711618e-10,1.933393182306449e-10,3.3926241361586703e-10,2.909813547205374e-10,3.7823223985655616,2.8222529609702196
N20001931,313.0,63.45481517814725,5.683275106504369,6.529280530579499,6.219826095592969,4.895539116995284,5.31301986192987e-10,5.507719136530609e-10,4.628966386822443e-10,4.327262848398229e-10,4.852677988916539,8.3645859812864
N20001932,521.0,56.702754871898485,2.956133166547337,17.97456066531149,1.8240551844706954,12.188699521055296,5.029891872302224e-10,1.210966358726743e-10,3.593629679011137e-10,3.0800445118122037e-10,6.354157731068348,1.9996388583568792
N20001933,627.0,63.68158070388768,7.230472683278312,13.138731676157725,4.809748190159634,1.8179552463326036,4.5841039030275814e-10,1.7514452928598728e-10,3.567678630116628e-10,3.494254729690061e-10,4.247807709317057,5.073703789527234
N20001934,589.0,70.37733526605481,4.779073139135833,9.522486018279592,2.4292532252515393,3.7983745292659354,2.1143420008805256e-10,9.290731744430727e-10,2.3187272480257968e-10,3.432103318518793e-10,1.5190893153664997,7.574388504930189
N20001935,620.0,40.57294288755055,11.498900221275747,13.489114328489741,19.967089087138053,4.991456310920346,2.0638979444678247e-10,6.965735874701468e-10,5.083437028661583e-10,5.19414617656626e-10,6.9707115151293975,2.5097856475654114
N20001936,629.0,29.59221306393981,24.4964845139989,7.9311221786033945,22.104185908202382,3.0064463285118106,1.7101253104657707e-10,2.0567662126453294e-10,4.211886027405233e-10,3.891777149264184e-10,11.474417012923931,1.3951309926327216
N20001937,458.0,14.387423284439791,6.682568928331835,5.149623934248234,51.595198774479535,1.1216452634097822,4.361261926177395e-11,1.5311448554427243e-10,2.3211994266205238e-10,2.5423303325565614e-10,19.18325019116898,1.88028962323875
N20001938,450.0,18.921195509692158,41.60982019801598,8.938704154869628,19.01420075298749,3.492905846285262,3.6999439794007206e-10,2.1988125047231122e-10,4.2013958326564707e-10,4.377535767090951e-10,7.090173370760381,0.9330001659413313
N20001939,366.0,64.63598895900213,9.799446181813646,9.580348759140364,4.451075150790943,1.1043606495083476,1.7907454633920098e-10,5.619967282356843e-10,2.329029353386011e-10,3.1306477467858313e-10,3.748270252717377,6.6805100457401485
N20001940,247.0,76.5367140864242,3.0757225449633436,9.870062953802847,2.2152105090962095,3.740018604219058,2.0791333016000982e-10,1.8877126902931646e-10,3.376933810766374e-10,2.529790428244323e-10,1.275651760587077,3.286619539919909
N20001941,384.0,70.49192888576935,5.731638543704031,15.238103612641263,1.2894916168929293,2.290494164531696,2.1880174220454659e-10,1.0233736021308308e-10,3.106249441573931e-10,2.602969264870516e-10,3.5015295046667743,1.4568136709018924
N20001942,583.0,16.19493455096134,28.46339661051308,12.277432592244569,25.33702509838675,5.899029064750165,1.1918404817053373e-10,6.433655074953409e-10,4.831101217320488e-10,5.068099948160012e-10,10.830371413056458,0.9978106683351733
N20001943,256.0,30.144958963532243,28.6428748142178,3.1286330232565356,25.102583764749163,3.849449386754981,9.821411052890884e-10,3.439697664439768e-10,5.958855475208359e-10,4.671235346415763e-10,6.997175374231709,2.1343246708684553
N20001944,496.0,23.011748061717178,23.114235573759096,6.839813524027588,28.987054974489002,7.250521558697328,4.766772268322058e-10,7.879069960667943e-10,7.602293952390831e-10,6.096494116099577e-10,6.84283935737984,3.9537869472955114
N20001945,411.0,52.39645346743609,11.343759129247756,18.66777296309082,8.354092063963998,2.9939747431019565,3.5660567724548113e-10,3.9999928549640513e-10,4.78690117923715e-10,4.771595667841508e-10,4.854330322808044,1.3896173086388928
N20001946,842.0,46.78267724314954,26.46881135016145,7.75317047343821,13.44951417293857,5.100727768567599e-10,1.8259983577658984e-10,7.646322350524755e-10,3.361789059792781e-10,4.5729442083223404e-10,5.545826757311602,7.498557351663771e-10
N20001947,603.0,60.260795951673515,10.459505001587921,7.4923814338798564,6.119265407358041,4.009979572473799e-10,3.3803696429913134e-10,2.2856486386592855e-10,3.124605777464917e-10,3.5408705758432454e-10,15.66805220350383,3.6268538868827343e-10
N20001948,660.0,72.26077417971989,8.219764548456464,10.830259239954703,2.4484467623689334,2.5934623925533447e-10,2.3793722105571457e-10,1.250218713217453e-10,2.7732673700169534e-10,2.477424188606365e-10,6.240755268082647,2.699949361499392e-10
N20001949,845.0,20.060381070944324,35.885052021353495,8.389360793035475,16.150694838481115,4.077252141444301e-10,9.399883608744819e-11,3.5195930739823177e-10,3.7484115426413754e-10,4.2186504659989393e-10,19.514511274283407,2.517836115160345e-10
N20001950,549.0,63.51339944726061,11.117704514877376,13.546486919001774,3.1033879079714644,9.477299505249309e-10,6.346675109759173e-10,1.3676115315425708e-10,3.491434600232834e-10,3.5526739059945284e-10,8.719021207876807,5.883979699015976e-10
N20001951,546.0,48.44724807422233,17.643084923332616,16.197464256287294,8.206069836288005,1.1669453687169302e-09,3.346705108270453e-10,2.987865548776388e-10,5.17490527163834e-10,4.5178496320148167e-10,9.50613290669615,4.039257909401416e-10
N20001952,567.0,59.076509442177446,24.762804647529578,5.6073646069532215,7.380922706642313,1.179225745127353e-10,5.227188632303537e-10,1.7173400702026e-10,3.964998344504052e-10,3.74034336773368e-10,3.1723985934022267,1.7123024491047028e-09
N20001953,435.0,12.662706097505882,43.39799475709298,3.6639664474294857,21.716554814451953,2.1487935595913958e-10,5.643949689977781e-11,2.732182651706619e-10,2.691456434612528e-10,2.994861383320771e-10,18.558777882215182,1.9134270254111525e-10
N20001954,663.0,22.509953723419958,46.28090508472393,9.950587377200716,10.44017035080413,4.6381858693250615e-10,1.0910503471326891e-10,1.7999771345808734e-10,3.7748230014557653e-10,3.466780817818465e-10,10.818383462097042,2.771600611008692e-10
N20001955,620.0,68.95158737078174,5.4816598337068685,11.939962337379436,3.045072592519564,1.849060752169603e-09,5.281942083662363e-10,6.891201859427393e-10,2.6514347467827384e-10,3.6738399816013216e-10,10.581717861419342,4.941538158917334e-10
N20001956,585.0,4.6388073336894395,69.61420954444696,3.161996167772807,16.52359489449947,3.5936880761988404e-10,8.184872318721629e-11,6.45359419384486e-11,2.4216586941561583e-10,2.0987948585041083e-10,6.061392058556161,7.738353080299539e-11
N20001957,235.0,21.95750391587131,16.974257946611527,5.981185274622872,20.300986647020135,1.7338917108857844e-09,2.351828190517656e-09,6.727890004570458e-10,6.560247437905965e-10,6.986698052446542e-10,34.78606620805967,1.701277814575627e-09
N20001958,215.0,50.140814582359624,24.625944827050837,9.093711077605965,6.8255612064012,8.040267130882366e-10,6.553205870928043e-10,2.7972617587735697e-10,4.576059228146655e-10,4.216148336621305e-10,9.313968301937777,2.026304001826175e-09
N20001959,527.0,40.294019387932835,35.44432117607506,6.937414785248029,8.826271312653791,2.5316620831663647e-10,1.358030265006485e-10,1.4760403102538487e-10,3.2246417270110986e-10,3.200561681262171e-10,8.497973336605282,3.059137422968886e-10
N20001960,428.0,7.504491084408804,24.28522357715642,9.020340427968932,14.766853996444127,3.169743138198767e-10,1.2131261309310985e-10,3.3965880505170116e-10,2.6160835597705163e-10,3.3799963386551636e-10,44.423090912508144,1.3602380118985039e-10
N20001961,547.0,24.25125412236351,13.823471275303643,9.62703825054461,14.389939661031928,8.551843800026029e-10,2.1583460586664618e-10,2.1067463093444868e-10,3.8612869284562714e-10,4.16545540968988e-10,37.90829668804332,6.28613737650981e-10
N20001962,501.0,5.537426029110397,26.747160568656724,2.435278057080602,28.378250966854235,8.716673795831131e-10,9.180394146866534e-11,9.936154538761898e-10,3.603465878361127e-10,3.479482362140984e-10,36.9018843754838,1.488607427872899e-10
N20001963,355.0,8.768013253212034,52.371924956367785,4.875125290319196,10.112905460954948,7.054280171037839e-10,1.3605440503088968e-10,8.365168318145278e-11,4.1065924155967095e-10,3.077203489284411e-10,23.8720310372092,2.933252271700366e-10
N20001964,415.0,7.603765631068929,51.75160231950513,5.836785710333131,21.115672786494017,2.036373573680511e-10,8.40667963350438e-11,4.4246965123615294e-10,3.1401527583053887e-10,3.980057471883058e-10,13.692173550543938,6.126735673816154e-10
N20001965,257.0,5.2517452149562365,90.45762728408613,0.8024162051414997,1.1556376325390108,1.8448604669583313e-10,1.8604092127611288e-11,2.3171343048825327e-11,7.701619688180364e-11,6.175276700451718e-11,2.332573662794117,1.179960468425918e-10
N20001966,599.0,5.3013383959972025,23.94945925527281,4.260486789321818,21.893217797826455,1.5323526650992856e-09,2.0292029268497136e-10,8.774737727590203e-10,5.256454252667634e-10,4.5036116008265864e-10,44.59549775719831,7.946630658602715e-10
N20001967,592.0,7.887987443158859,55.546574776560284,5.574963056255332,23.117644153273364,2.541757726280516e-10,2.021823843214074e-10,9.356902142596462e-10,3.5785470804267793e-10,4.634140580270863e-10,7.87283056770017,8.386787745927582e-10
N20001968,417.0,9.003195482923665,56.97227345502348,4.025777419250985,20.141704455573922,3.8548715734027104e-10,1.8428359156606704e-10,1.797717562346845e-10,3.1382458673045e-10,3.1802831844258837e-10,9.857049185681952,1.6458579889516296e-10
N20001969,352.0,9.323002007131986,76.69303632411179,0.9692354333463044,4.817381609334526,1.830179238221433e-10,8.095747274724577e-11,5.2201651250856164e-11,1.6797984214906032e-10,1.4655387679879972e-10,8.197344625031045,4.1363113514480705e-10
N20001970,408.0,5.604923748115196,38.12137510328344,5.104661686865805,17.96235230009583,9.98389155168354e-10,8.278520721131206e-11,2.343236956205543e-10,3.4851010042842724e-10,3.576439296330172e-10,33.206687159385325,2.3274665343514231e-10
N20001971,674.0,23.389078911706402,44.833564780201385,6.062668441969761,19.60332697190667,8.415427765043475e-10,2.0765300142736955e-10,4.126979077247712e-10,3.941417748741985e-10,4.1559734699136717e-10,6.111360891721283,2.2287111329427045e-10
N20001972,376.0,7.728171250254706,65.48551125931668,1.201689296272772,9.426545852482278,2.6071756633698207e-10,1.5793038979655935e-10,1.3579971581929043e-10,2.513036963218782e-10,2.2862412399092455e-10,16.158082339939288,6.999040808656824e-10
N20001973,424.0,6.045982844284914,54.4848543429155,0.8047626837952803,29.063019932526164,7.335369775992426e-11,1.9273250139757754e-10,3.417751409824433e-10,3.426254839292683e-10,3.1038313247141317e-10,9.601380194561424,6.55847948883728e-10
N20001974,428.0,6.880713334987343,28.163794358012094,7.951224600680231,20.571982719490375,5.313486001975502e-10,1.541885601642087e-10,3.2164552069760724e-10,4.745340484640903e-10,4.0916997926663414e-10,36.43228498464328,2.9579001687807303e-10
N20001975,378.0,4.481075828211685,70.6906599602748,0.980102408290233,11.406622477372284,4.3344772277558734e-10,1.6402684530983129e-10,1.8023850616731214e-10,4.164069975928842e-10,2.928455613932572e-10,12.441539323335343,1.028677789623283e-09
N20001976,556.0,6.283204781496174,72.71690514604539,1.7499662567998502,8.387782287568376,3.5554629608251153e-10,1.4314862182509836e-10,1.4253775316432346e-10,3.8357989388106175e-10,2.7622969112548226e-10,10.862141526257052,5.321074022646011e-10
N20001977,510.0,10.73482096152742,42.43944441099594,2.577010533044664,14.897440259802487,3.1336965560665156e-10,1.7757475860045765e-10,1.9775239700690124e-10,3.8590848733157527e-10,3.5695044300032495e-10,29.35128383231842,8.795106490509888e-10
N20001978,477.0,4.614927724897894,62.069406836852956,2.093201548722262,24.043510948175065,2.0700336143185105e-10,2.1571578412644598e-10,2.528734142398072e-10,4.2940592819018914e-10,3.3444190193159517e-10,7.17895293926499,6.47402623305654e-10
N20001979,433.0,2.503626628220561,55.348011724973745,1.9047011371299973,18.166721506418668,3.505908625691284e-10,3.8285661119831216e-10,3.065850097852483e-10,4.133072942071609e-10,3.2156633607491104e-10,22.076939000938,5.441158621910769e-10
N20001980,526.0,11.895453577615529,46.124886535930735,5.5774789338103155,26.029862289164168,3.1682949798362316e-10,6.753210397893758e-11,1.9873311970695089e-10,6.288363506633611e-10,3.493695980542156e-10,10.372318661160323,7.576439890117792e-10
N20001981,413.0,5.202151922742119,40.34927891026786,2.960398407935076,27.150974027588436,2.02209595685124e-10,9.1148193791903e-11,3.9222694263014904e-10,3.34552940526994e-10,3.3750984331510566e-10,24.33719672998437,1.2447192816703068e-10
N20001982,487.0,7.048621089875998,72.54740600290219,1.2202118520331813,9.74131130769273,1.6633461635641557e-10,3.2494318357302715e-10,2.2767116508395112e-10,4.3359178250529874e-10,3.441515431675251e-10,9.442449745132166,8.67036389769447e-10
N20001983,522.0,3.652353082596343,49.828056636472404,1.1686571196344455,31.912609361564996,2.4394425409336416e-10,2.756826875571186e-10,2.9183936123471367e-10,3.232636852988576e-10,3.335103250438924e-10,13.438323797495674,7.678693500310635e-10
N20001984,473.0,5.015019142100042,57.6836408049674,1.450770311581441,26.399297924468723,3.2833220096824507e-10,2.0347312499945733e-10,5.319573726791491e-10,5.795353444762707e-10,4.601149993205799e-10,9.451271812808299,1.9706824996754326e-09
N20001985,437.0,10.778872069871664,36.907583166695474,2.5735545933543373,20.697428519617493,2.6984047380767154e-10,3.216260808676453e-10,4.3012017239328197e-10,2.692353960496172e-10,3.3401994050474974e-10,29.042561648271292,5.648873601566073e-10
N20001986,678.0,9.545890657111716,43.944299287114085,7.410185298676425,12.437315408698302,1.5276342133330082e-09,1.6824834931235918e-10,2.6520016529203165e-10,4.66233836026636e-10,4.273561538068452e-10,26.662309345041983,5.028289894635635e-10
N20001987,761.0,8.557890906797665,29.81421181211109,4.3799566211858725,25.585938268162284,9.61620670460133e-10,1.1835009446016414e-10,2.296555706453272e-10,5.135559579389803e-10,3.7887070112556283e-10,31.662002389083078,4.5795722729127006e-10
N20001988,755.0,22.2713443927992,40.52976552125519,9.42148106596436,18.976264171937366,3.619706957753241e-10,1.5093925590549734e-10,2.865964710350302e-10,3.793994766566479e-10,4.077714957189324e-10,8.801144846159362,2.9783083383291877e-10
N20001989,713.0,16.537829783315914,50.21717773456068,6.264568426281003,12.465832381650307,4.338763659623929e-10,1.506227504835447e-10,3.257310452886997e-10,3.9991526129743856e-10,3.617400887559004e-10,14.514591672294669,2.255485554717804e-10
N20001990,803.0,27.390922797904544,50.64128930095503,5.5670205137153435,8.546595658651114,7.845400824609698e-10,1.4663827006734738e-10,2.9301927456238156e-10,3.313369935664343e-10,3.224016511934383e-10,7.854171726641609,2.5441561427115115e-10
N20001991,470.0,22.50333723770897,43.939196381917654,7.72448228289799,13.851320785656307,3.822330355631342e-10,2.3975494861996356e-10,1.6314009882786473e-10,3.881974965918385e-10,3.6077983291113725e-10,11.981663310139059,1.459194986259593e-10
N20001992,426.0,11.871930922447573,37.07658084045745,4.172380297992693,22.553688803948717,3.0726360315752634e-10,1.8038777498788534e-10,4.76045530577865e-10,4.2490136743380243e-10,4.169406774416772e-10,24.32541913262061,7.273922379575491e-10
N20001993,237.0,22.446228834759612,52.16160488253653,2.469070094716332,8.854993700348563,1.9781808229684316e-10,1.9627632765282182e-10,1.0431179319262346e-10,2.2725061038999616e-10,2.1844258838265056e-10,14.068102486478299,2.165614334982501e-10
N20001994,518.0,2.9541407646834927,65.08767840658523,19.345148928740986,9.875253842414859,1.112958283386673e-09,2.7377780540142886,1.9911773856572162e-10,2.992966520833152e-10,3.2317397351252604e-10,1.5231322859278247e-09,1.0348114967849108e-10
N20001995,473.0,6.061952717090742,67.72524516100017,11.564676787414083,12.951531320665927,8.816095482861433e-10,1.696594011409234,3.320148602519792e-10,2.516713862671209e-10,3.288729796611653e-10,3.6643618223521766e-10,2.5923661248186736e-10
N20001996,501.0,2.1641286458866245,58.7048344880409,9.19197680995811,28.066013419402758,1.699016492659609e-10,1.8730466344598005,3.5220630550308096e-10,1.951364577024439e-10,2.947183167135279e-10,8.638658442172168e-10,3.759797254719079e-10
N20001997,643.0,8.595745008323735,53.240102628330035,18.090203625516036,17.191677171944676,6.214673857567457e-10,2.8822715622036252,4.1544556433833434e-10,3.6271901028725005e-10,4.82258511263795e-10,1.0848465122984998e-09,7.151567701583891e-10
N20001998,726.0,5.16608271017034,51.95237248926266,12.42098439100995,27.938677043847825,2.2046335823749358e-10,2.5218833629206747,2.940687352182234e-10,2.777544210711044e-10,3.5941873459737944e-10,1.3330397295985422e-09,3.0380730192657543e-10
N20001999,298.0,1.1484561103161524,84.88334733969843,4.133229675916835,7.1705365475660585,9.071481602631899e-11,2.6644303253204664,1.3151667682296455e-10,2.1062567306644215e-10,1.7389485212418829e-10,2.1400098393590832e-10,3.6129476518992747e-10
N20002000,506.0,18.779087980404068,51.25881205657124,11.584318076270016,10.372522211800806,9.275655133382602e-10,8.005259671107456,2.388194739500339e-10,4.606403346403661e-10,4.6041823068863316e-10,7.061554076901002e-10,1.052823922964027e-09
N20002001,525.0,21.03944756567494,32.49984428667613,19.791514513170647,16.570386545672616,1.5264191252603197e-09,10.098807082250845,7.406419138506547e-10,7.77538181763354e-10,7.283237698073243e-10,9.839704550903957e-10,1.7979120428838066e-09
N20002002,401.0,14.294980350372727,45.013373852652826,11.815492653678943,10.397880935534193,1.0852184581722678e-09,18.478272204558895,2.2555153384128049e-10,3.68875542774709e-10,3.736230638367945e-10,7.767851353787855e-10,3.7237526578358764e-10
N20002003,312.0,3.8826041348321167,77.13431106429482,1.551492518741616,10.974602873238041,7.69707407194784e-11,6.45698940785963,1.2563211777098843e-10,2.1416248199173847e-10,1.9780208790341795e-10,1.706348888650893e-10,2.485596107469095e-10
N20002004,546.0,12.460218799449303,57.55542794765337,11.136212917893799,12.73253410019374,6.221207293190075e-10,6.115606231938661,4.0833315158614694e-10,3.692210032893285e-10,4.2925105215023353e-10,4.1281524080752806e-10,6.293793313472211e-10
N20002005,554.0,10.579996179909946,57.79252556171388,19.387177025993275,9.658654779990847,6.208333014835383e-10,2.581646450351178,2.0310920889928764e-10,2.854149955487899e-10,3.1307455089822533e-10,5.310300427641032e-10,8.741218655941415e-11
N20002006,553.0,21.648488556881862,39.24957107323024,20.846857298515122,14.094940363664632,5.580171996538693e-10,4.160142704912838,2.1231331766050024e-10,4.163679092588179e-10,4.2691500046802806e-10,7.902902392804161e-10,3.9139558761412094e-10
N20002007,583.0,43.374965554540125,8.474489672968538,24.6440720911214,8.392303835819744,7.481600573620436e-10,15.1141688407461,5.162669559768033e-10,5.482043256605901e-10,5.523852958715044e-10,1.0455956081489622e-09,1.3934776736202577e-09
N20002008,617.0,40.60998595887628,16.178111454315726,34.90935902217296,4.2532043305508065,4.113658983905404e-10,4.049339232092925,1.730897153343433e-10,3.015283104967463e-10,3.202780811893575e-10,6.140861255638662e-10,1.7095842520941495e-10
N20002009,425.0,23.60168789152819,52.95234856826022,6.773538716684685,8.571230457305697,3.0896974912136523e-10,8.101194363960984,3.5609090969547225e-10,3.1122406702807796e-10,3.3825715344189134e-10,5.131956596610345e-10,4.3247441685157946e-10
N20002010,438.0,33.15880378052704,33.433926127020136,8.71291919108512,5.4547585911938175,6.642630526242379e-10,19.23959230665412,3.2991738030391903e-10,4.6269980501098447e-10,4.805054263233492e-10,4.1854565197977333e-10,1.1638244240517813e-09
N20002011,562.0,29.603717024802684,34.15666475547627,15.928887162492767,16.644744776690874,3.477751458943943e-10,3.6659862767238045,2.2284035862374822e-10,3.9186289038065154e-10,4.476443357403675e-10,1.3202932642336122e-09,1.0832064173277932e-09
N20002012,372.0,10.30214801167762,64.48748007501986,6.337541760355402,12.083883541764969,2.4731567477317637e-10,6.788946607726498,2.335817338156268e-10,4.592551914236864e-10,4.0220678517731495e-10,1.0844173215178104e-09,1.0288795662773483e-09
N20002013,708.0,21.766997807334622,45.3167476563688,15.289115933716744,9.758718461087408,4.776856934234446e-10,7.868420137388804,5.918117315299786e-10,4.2367654291881745e-10,4.818851394085812e-10,2.783123376106224e-10,1.8502523465163444e-09
N20002014,534.0,6.965702162434266,59.227109695939106,7.684877124099815,21.64235527572781,8.109334976027502e-10,4.479955735960796,1.791365145758033e-09,4.790043714307997e-10,5.54765847644068e-10,1.57015381363622e-09,6.319887625851973e-10
N20002015,533.0,47.309639663940246,19.569686390606638,21.99068559703693,1.8004344435129132,5.440414456243943e-10,9.329553902534402,3.518634187070119e-10,2.8296208348300603e-10,3.232384285538042e-10,3.848837567284132e-10,4.818859008261245e-10
N20002016,347.0,22.94502903175387,16.928739405630004,17.06187189866011,30.873896958861263,2.8554098778846304e-10,12.190462698705632,1.9389608220790383e-09,4.7102109251485e-10,5.748279494928894e-10,1.7878810513215792e-09,1.330886711469579e-09
N20002017,554.0,36.827251712236084,15.477372862865654,33.495732577627706,4.624564605348813,2.7249542083741043e-09,9.575078234427528,2.0164595344576123e-09,5.441084025805438e-10,5.774782852757235e-10,5.575079753831811e-10,1.073727388763271e-09
N20002018,407.0,6.092879356850146,51.65513265661221,18.532269302781618,19.573944993492873,2.8538274102073183e-10,4.145773687160097,9.205262465750187e-10,3.5704567532782e-10,4.646702514626929e-10,3.019330448328398e-10,7.735022561686195e-10
N20002019,484.0,15.207676618419782,52.84397499465025,20.261368102815144,7.741885285407219,2.495749844186911e-10,3.94509499685843,2.8600209942820255e-10,3.571116962279301e-10,3.5393601741675064e-10,3.162797629897941e-10,2.862601278299448e-10
N20002020,439.0,23.525231549128332,51.38754714725522,8.410747951194464,6.932876415090579,2.0801052121510253e-10,9.743596934775253,3.1815705848435355e-10,3.977505160329446e-10,3.6262619812410104e-10,4.166398451882997e-10,8.529737950720991e-10
N20002021,354.0,25.38153775102498,46.667343819781834,11.10862273796285,5.3287679187317725,5.399532401250475e-10,11.513727769506271,1.849977009713405e-10,3.908357271600121e-10,3.548311519943455e-10,8.478130124184291e-10,6.738452333624223e-10
N20002022,527.0,43.976660522939454,8.90211627758548,34.4600767412839,1.551357314908986,6.330102316378195e-10,11.109789140628223,2.705485478214258e-10,4.004456398736848e-10,3.1225336658376785e-10,1.51676562731231e-10,8.860344311978972e-10
N20002023,589.0,5.5718619515028385,72.86997233089599,7.941971718393198,12.573407810382667,1.0914609919930619e-10,1.0427861875927797,1.9261306488087945e-10,2.2709438151394908e-10,2.3458806290615686e-10,3.260034093236899e-10,1.4308752822872613e-10
N20002024,681.0,44.46624829336902,5.377531138759863,44.223145344269234,0.9148357394354701,4.126661791998763e-10,5.018239482668905,7.69219632285835e-11,2.5326055871511717e-10,2.1863180505401642e-10,3.1942303178070177e-10,2.1660515426658904e-10
N20002025,698.0,25.17101353323104,21.99621001174039,42.35743820694869,3.126549501082945,3.0088225919928016e-10,7.348788745430117,1.5606628662196023e-10,3.2923217814951704e-10,3.09217451586099e-10,2.7026039768452447e-10,2.0113509500843337e-10
N20002026,443.0,9.44820199555456,70.36336076171146,9.949794123879986,7.962768641067059,1.1889924672220758e-10,2.2758744768781263,1.560983397004473e-10,2.0048355938315477e-10,2.0645240261590291e-10,1.4958265995162436e-10,7.72967373254971e-11
N20002027,406.0,30.941058397301003,39.94877417599961,14.59372127943676,2.4565559568091477,3.401104575744727e-10,12.059890188619061,1.1094837905938577e-10,2.539277494858743e-10,2.716512598814268e-10,1.5154727922377303e-10,7.062315097392816e-10
N20002028,553.0,41.979198094779804,18.2249921995638,28.603460179248195,1.3600928651040167,1.437237209005192e-10,9.832256660065825,7.989762249283387e-11,2.3194749271699052e-10,2.2532715705993217e-10,3.831732579275482e-10,1.7429005981653735e-10
N20002029,662.0,48.70248835815464,22.009660936271647,22.984798894349716,4.432555412382901,3.725197163144654e-10,6.367332972970716e-10,2.741442537351993e-10,3.3709582423847966e-10,3.276746687412664e-10,3.128432786161698e-10,1.870496396580094
N20002030,577.0,47.161012305006686,5.4560572666744696,38.60337123808994,2.8000746007227324,3.39945802608804e-10,3.7352629545427186e-10,4.113542287822858e-10,2.529195089076586e-10,2.693979717650054e-10,1.777269123170495e-10,5.979484587681315
N20002031,726.0,19.999681017376624,51.459863465896625,11.140069934410628,12.915477862573235,6.745781686739174e-10,3.641690752062387e-10,2.380025104719186e-10,3.7186777210977887e-10,3.258650185639479e-10,2.4716147928813537e-10,4.484907717521248
N20002032,594.0,45.28419972493553,16.81723841940072,31.17758186911909,4.12189311192156,1.1314370257639835e-09,1.4439178318457859e-09,2.7420615326488414e-10,3.4152911124282297e-10,3.7010027683724443e-10,3.220695501304778e-10,2.5990868707398205
N20002033,329.0,30.5434091089555,56.90693700033231,6.240750482044944,5.110591274210819,6.043626490464728e-10,1.1198019995573901e-09,1.5790945493934566e-09,3.559441497601921e-10,2.9348784989831983e-10,8.042005591673924e-10,1.1983121296995152
N20002034,360.0,22.87443489973427,46.76901020947512,18.534972022502068,9.2483481794898,1.2624250760023407e-09,2.181215555698674e-09,4.0373417654026e-10,5.59544617283566e-10,5.254956661967955e-10,2.1536572080452824e-09,2.5732346817126874
N20002035,462.0,19.667322050931094,42.19135303634139,19.011666581431985,9.095291489823715,2.801038870903785e-09,1.7114003171439547e-09,6.906360716419697e-10,5.818652263791394e-10,5.72677784119697e-10,1.6584162111718993e-09,10.034366833455774
N20002036,478.0,22.553069985228554,33.45446972263789,19.665364429918995,5.7548848145226605,1.6782501430497887e-09,1.334656216615997e-09,9.782242031439014e-10,4.337796828597908e-10,4.763841359402269e-10,2.000181624126095e-10,18.572211042590585
N20002037,807.0,7.4526831413232895,69.65531686457665,9.078414082880345,12.244512590427188,3.902359721599395e-10,4.906701981865965e-10,1.840162367349803e-10,3.273931296621537e-10,3.1478224824949445e-10,9.137038533455744e-10,1.5690733181717436
N20002038,831.0,2.9263590258506644,78.55870819804466,6.907572846127742,10.63725752817203,1.5963114884291135e-10,9.607037621268352e-11,2.070062096418917e-10,2.622835126428525e-10,2.1765895288962972e-10,3.6594934783950863e-10,0.9701024004963189
N20002039,698.0,29.525880602908757,26.545746515376322,32.059396798213626,9.726518675259378,6.795444590814265e-10,5.378505220678387e-10,3.234913352653963e-10,4.683880644734839e-10,4.3243417855293694e-10,1.6627531014911267e-09,2.1424574041374727
N20002040,754.0,12.63376375727481,53.826429659719174,8.350355998910645,20.527413887657197,3.2219781824178407e-10,2.7101970848992033e-10,4.180134185044447e-10,2.390155553519704e-10,2.7801442052501474e-10,3.4151948182939454e-10,4.662036694568374
N20002041,598.0,17.064337021891003,58.328112998356396,16.513732415614722,6.017104268819554,6.231155595090681e-10,7.245665629549598e-10,1.793926114275517e-10,4.0894502402008135e-10,3.3834736740464384e-10,4.4448750634794197e-10,2.076713292599471
N20002042,524.0,7.063158334520872,49.9012239706936,7.9830312362376805,19.413644914104644,4.011578216253642e-10,1.486482417195861e-09,6.657379795181796e-10,5.128737245585894e-10,5.340475572012568e-10,3.471925317936338e-09,15.638941537370984
N20002043,325.0,6.344598230342134,68.35181511978057,5.462231788059111,16.667324491776103,3.211751807698338e-10,6.457988297034314e-10,6.988547670487522e-10,4.533943309707607e-10,3.0766358109736647e-10,4.498857124521301e-09,3.1740303631163354
N20002044,524.0,10.37850044186963,56.422830700169854,16.151051207033536,12.724020092372434,6.737284852148042e-10,4.6250626981425387e-10,2.855347845572643e-10,6.191592760964092e-10,4.475454919540777e-10,5.754240654941383e-10,4.323597555490639
N20002045,340.0,7.310664331090506,42.35592861722143,5.146055188196331,28.707377784478368,4.902325678984935e-10,1.1394594621722087e-09,5.229122876021627e-10,5.589294665797069e-10,4.720383058748567e-10,2.1118808327518443e-09,16.47997407371791
N20002046,638.0,22.49356652442182,24.002691066965273,23.74960962292263,26.03756899196429,6.499085622826248e-10,4.043354743720628e-10,5.043967680031765e-10,5.158945856928502e-10,4.765513232920581e-10,1.7358104292625342e-09,3.7165637894391077
N20002047,440.0,11.71999464732715,46.04095748700248,25.457429671947562,11.40926587023054,1.7013534199825403e-09,8.175882440637633e-10,6.96354530576912e-10,3.930331930618357e-10,4.5925939248003735e-10,8.063616309251519e-10,5.372352318618303
N20002048,596.0,2.956729343387367,79.19339902498287,6.477945617217512,10.78088748076156,2.8551336653905367e-10,1.4962336987224952e-10,1.3737531932120097e-10,2.284714333916536e-10,2.0579827335609648e-10,4.624255773806847e-10,0.591038532181492
N20002049,461.0,2.7235402347005166,76.72655586112258,6.39175106231767,13.46541460204228,1.8370877021803833e-10,2.6241295836185847e-10,2.2404330194553831e-10,3.544959295003307e-10,2.4348655197110573e-10,5.934056107412195e-10,0.692738237955403
N20002050,488.0,8.522977202072992,57.79158548666105,24.307783220271766,8.190840513926197,3.7512887788980585e-10,2.116018564256542e-10,2.8801158601869934e-10,5.103565503333335e-10,3.5920517503434765e-10,1.1171250693141591e-09,1.1868135742065713
N20002051,695.0,7.377866033895534,63.21306019438626,15.306336341383956,12.66834602589152,4.845573924375941e-10,2.6058361426284447e-10,1.5876083742462457e-10,4.0497939102386323e-10,3.1654049312420486e-10,9.925252412581285e-10,1.4343914018247825
N20002052,599.0,10.630588683280246,41.512457052473884,23.855591131180233,23.10604636607331,3.462442386133238e-10,3.1350333331787846e-10,2.3067934922776628e-10,4.4406723011002243e-10,4.1568255302868753e-10,1.8134374176924159e-09,0.8953167634287026
N20002053,568.0,5.971220002688604,75.92902432330303,8.111909711244886,8.985899844868541,8.89016032313399e-11,2.438901217470113e-10,1.0117069207458571e-10,2.0631928597951795e-10,1.8003754120049465e-10,2.3744760702285134e-10,1.0019461168371622
N20002054,579.0,4.574254094313625,78.50892046668633,3.053115129874661,11.502940230838618,8.843278592282611e-11,3.094836665941072e-10,1.352943067901683e-10,2.242277486859161e-10,1.946837997025378e-10,4.30309700470799e-10,2.360770076904338
N20002055,812.0,7.057951489686046,59.768076405767665,17.33223502468554,15.055112942266902,1.3182597539605892e-10,1.0808242693013845e-10,2.1438922992214333e-10,3.196912658785821e-10,2.6681025942109925e-10,5.448348517407976e-10,0.7866241360082077
N20002056,478.0,3.2364621295019256,43.21689417363834,18.99396758764406,33.99844515663787,8.471594485319974e-11,3.183684081234279e-11,3.4364973614564154e-10,2.998013590766041e-10,2.7841816917012156e-10,1.4236741397857688e-09,0.5542309501156966
N20002057,599.0,9.544941933650202,19.726064149948694,38.30074062292776,14.388442644954026,3.373082410653716e-10,3.3218932050619347e-10,4.4527399436861455e-10,3.9569178776207905e-10,4.1953725159023274e-10,18.039810646189565,3.9976845574774206e-10
N20002058,724.0,3.5061501380692355,35.52560539900237,19.951327429349156,22.08979639795948,2.97428670357989e-10,1.6363126875481822e-10,4.4649977258077323e-10,3.992410977412468e-10,3.793626475843234e-10,18.927120633716026,2.1756654892896746e-10
N20002059,411.0,2.433055480729691,41.18191462489437,23.583007305286763,18.94523756021783,1.6994381678404233e-10,1.042658214926204e-10,1.0323483115028335e-09,4.420204300117244e-10,3.594724761137979e-10,13.85678502591026,8.530369448772904e-10
N20002060,628.0,3.3749971533956833,49.14870275621484,13.880010286797123,11.351353985819658,2.52155685725668e-10,3.9306314982887293e-10,2.393271260171944e-10,3.687124751149151e-10,3.178640107374323e-10,22.244935815901105,3.0045405581898625e-10
N20002061,878.0,12.477921275753452,9.2721359282424,32.6602928041135,13.963627150302646,5.832298004305599e-10,3.3007414578075245e-10,2.69145089025857e-09,4.5595719985072743e-10,4.5115737124144113e-10,31.626022836154206,9.219417580770608e-10
N20002062,584.0,9.918405281566466,34.29798559400462,22.839041705790212,22.759639123523204,3.593622505326109e-10,3.150061200142686e-10,1.2684450390848534e-09,3.8513541971294614e-10,4.873323316620041e-10,10.184928291384722,9.154864634453322e-10
N20002063,536.0,3.4952676569242676,15.733818621184989,14.753886284816137,30.335475857590914,2.514738554003413e-10,2.0984068152422302e-10,4.0881397537874024e-10,3.742189687251806e-10,3.390280602495102e-10,35.68155157765857,2.417727804673852e-10
N20002064,459.0,5.999768145423589,42.94645274110773,23.4671186954339,9.15333180147995,8.698123685245499e-10,5.444569336866501e-10,2.4201359425273006e-10,5.06921475639743e-10,4.5546757114097717e-10,18.433328613648932,2.872120177792982e-10
N20002065,723.0,19.357623800020047,21.62711792416027,36.6746397321155,8.986620404354131,3.2485946631473237e-09,9.666303079269552e-10,7.977196622421797e-10,5.363534337296281e-10,5.583477664831404e-10,13.35399813250737,7.350237081423215e-10
N20002066,947.0,1.2600193846384036,40.66522878346364,8.385541743501095,29.368059668905076,4.1718000642893225e-10,1.5009118995739079e-10,5.316287000357458e-10,4.309197289801324e-10,3.5397732190029376e-10,20.321150416871014,7.369726757533748e-10
N20002067,483.0,3.5937439969687874,60.6588519023358,12.560294983507756,9.924277665489933,6.73075316065591e-10,4.081590962912917e-10,2.236511542228084e-10,3.1516189596441354e-10,3.0799621934148936e-10,13.262831449615483,1.5419362268893376e-10
N20002068,664.0,7.08974620353472,46.90007391196423,21.157803568560695,13.225375369550582,6.0701624632154e-10,3.258352287739152e-10,4.3099970124459525e-10,5.703994745109026e-10,4.881441942087432e-10,11.627000942885392,1.0819813736657211e-09
N20002069,805.0,12.64811477697641,42.72233789010685,28.013780667663617,8.375437243814458,5.095505123916439e-10,2.9324747467039207e-10,4.44569977292819e-10,2.8434589420618813e-10,4.115082138891558e-10,8.240329419054751,4.406905940138267e-10
N20002070,448.0,7.618981298136187,18.56796490249058,44.20969303317442,16.64888454576994,9.295012415967901e-10,5.243867150811524e-10,9.824976468500945e-10,4.646408421193163e-10,5.90242659746358e-10,12.954476215861124,1.0764777735022138e-09
N20002071,649.0,7.708779323447786,41.895462781765204,19.67232778273741,11.88530576498793,4.897388150414241e-10,4.344285155753283e-10,4.018497416925044e-10,4.59223087951515e-10,4.038028988426265e-10,18.838124344479066,3.9357006967360246e-10
N20002072,469.0,2.4090222466404985,24.06253188626803,47.055312325960905,8.591917657648821,4.971083666271646e-10,2.2024355585552744e-10,4.473803718769253e-10,4.2178133268005846e-10,4.0288661224971267e-10,17.881215881060758,4.3160079446223677e-10
N20002073,687.0,6.999119925200395,43.10867202672668,32.79464129162073,6.938143644683603,8.052254913467049e-10,1.0066914688655213e-09,7.411007066208114e-10,6.06522857578732e-10,5.089103964009486e-10,10.159423107390198,7.099482074909744e-10
N20002074,491.0,1.6094382291473797,81.03568240169547,5.579190879920887,4.877890797379196,6.216808528303045e-11,7.082395889182729e-11,8.354491293157911e-11,2.1465932470698544e-10,1.4180901498779976e-10,6.897797691236922,4.713467855387833e-11
N20002075,543.0,5.936906946027311,20.03661307064027,17.75959020391213,27.763970795658043,1.3235292709574355e-10,3.125157487610952e-10,2.621429980917107e-10,3.0927955716700995e-10,3.0654753213094056e-10,28.502918982247692,1.9172350135706188e-10
N20002076,518.0,1.5579578267181526,72.61616285177564,12.043849286717709,4.096030716584825,9.699888561430868e-11,1.6738032817521712e-10,1.0283646791983093e-10,2.9553301458303015e-10,1.7615481125620575e-10,9.68599931731567,4.910609266873123e-11
N20002077,701.0,2.111244581981588,37.08468016049761,16.460863910986244,10.15790748124809,3.8832839131753644e-10,2.2564942477998383e-10,2.527397700284585e-10,2.3864485498934863e-10,2.6568078760549474e-10,34.18530386373618,1.7924805029260036e-10
N20002078,457.0,3.9255925404379965,42.514274063505766,30.82028444249288,6.337764047359733,2.3781448747382466e-10,1.9301434530302025e-10,1.9415713703699855e-10,2.8644670727244173e-10,2.6461955921265984e-10,16.402084904944047,8.353283215526891e-11
N20002079,723.0,2.1693673507775584,66.02680466503233,13.710172040446158,8.18430857920518,7.52213112995094e-11,6.072861212522627e-11,1.6550296657694557e-10,1.947475073529075e-10,1.8386799728720257e-10,9.909347363772273,8.643179523911145e-11
N20002080,528.0,2.6209854203937786,52.51981967135737,33.66718203644303,7.538671200395224,1.545179287485319e-10,1.1071868118326525e-10,2.4351484146423565e-10,2.1726510717646501e-10,2.3846264525924416e-10,3.65334167028927,1.5683683427039437e-10
N20002081,504.0,24.727268549501595,13.914527459692566,35.84297428059782,3.5190205367235725,2.809433844897355,8.877887674538378,0.5397969475835731,5.923144150667283e-10,4.615745159872015e-10,9.769090705133562,2.776928176608244e-10
N20002082,420.0,42.72759500477313,3.7218866941976723,40.59054885369084,3.5586477759621746,1.1572062562667396,4.397143375260661,0.45157690735859884,3.425138641209375e-10,3.0903034853363007e-10,3.3953951316326814,2.0595318352778459e-10
N20002083,464.0,32.18096290902547,6.910517779341792,38.14679249689327,3.4577314606271634,3.684891446087066,9.100000105113878,0.9511472735542539,5.00809551169884e-10,4.372210515759755e-10,5.567956527939163,4.798990992363187e-10
N20002084,528.0,19.913605516550017,10.44064336185253,46.21515346262369,3.705258666647765,2.890200132930374,9.765019725912328,0.4737234064016023,5.679581224114529e-10,4.142801612392741e-10,6.596395725889781,2.0967498550281974e-10
N20002085,230.0,3.0944724914254516,9.087027354211843,39.55255435230693,4.474019009404239,2.8687807253849877,7.581162497301802,1.0203121246146105,9.84644121436398e-10,4.972643333929505e-10,32.32167144346331,4.049274564896385e-10
N20002086,730.0,13.069850612971562,44.22202424021486,16.78531605048052,12.354416825510564,0.32040103679709553,4.002377158628237,0.5753164964267106,3.987968852821951e-10,3.820529207004413e-10,8.670297577809833,3.7977206679081435e-10
N20002087,569.0,26.368237664336153,28.996796279947702,32.29846060103786,4.044233801298116,1.1462614670424653,3.3745142064114777,1.3265895852885952,2.281577919886182e-10,3.9181964762221105e-10,2.444906393620823,3.968377497809296e-10
N20002088,530.0,19.493504315212505,36.254691845081624,24.7041189250472,8.246289397380483,2.2064336367805892,4.056344007118703,1.5945513506280964,4.6467959941853025e-10,5.040727573720113e-10,3.4440665211870827,5.949703200368562e-10
N20002089,330.0,7.49184024443825,13.944165966705588,7.212129789564517,12.846620057628513,1.2731238651211882,13.590540503381021,0.5405388625302876,3.729461155144224e-10,4.2707504459051043e-10,43.10104070946979,3.6081412832820347e-10
N20002090,570.0,11.299333763785155,18.018398084861907,39.65537652236751,10.499872907579253,2.509595369417066,4.317469242026853,2.278925116568102,5.573130689337396e-10,6.427322700395365e-10,11.42102899160137,5.927474272006922e-10
N20002091,405.0,11.188960757242308,39.6686862594676,8.097341996451727,12.451247530152902,1.4321631539339463,9.874200820478695,0.7697136195894112,6.345176684606073e-10,4.5937675371838455e-10,16.517685861215977,3.735365864540329e-10
N20002092,586.0,13.57341735007396,10.53714488132756,15.923748551155217,6.612702867836655,1.3774301914422074,12.178584069096006,0.8811071986781916,2.9958252910585546e-10,3.9287551069855676e-10,38.91586488955833,1.3942852110646564e-10
N20002093,589.0,17.500329411479196,16.64579575426356,17.299451251293494,8.105495825980666,3.2703605423719613,21.57744612674812,0.8316457338334446,3.981977212245899e-10,4.723012416163424e-10,14.769475352762267,3.967746682638771e-10
N20002094,588.0,7.982849540776331,45.02833555165967,21.27503140359019,11.768946701901834,3.081095088584325,2.9488146738627643,0.5412031473351313,4.350588315852137e-10,4.135341267330009e-10,7.373723891203034,2.381283294252957e-10
N20002095,561.0,10.418255210619773,55.475995352924,6.13281593199316,6.5918489113511,0.5378582171147203,12.925612724812147,0.38674744058957594,3.3150628552329035e-10,3.0424808367186145e-10,7.530866209669031,2.9073128878628486e-10
N20002096,333.0,7.867745828026908,38.78395878228352,6.349534591013632,11.831128692659624,1.6979656448598928,11.20095905508148,0.7276315662037207,5.681554185796594e-10,4.602343921063537e-10,21.54107583842089,4.219475166780377e-10
N20002097,481.0,15.000873681329447,8.466762766312735,29.562417374224516,8.833078669791998,4.09180475693706,12.096410994165172,0.7495162434257049,7.002105535982886e-10,5.848293166944325e-10,21.1991355122294,2.9892659390645834e-10
N20002098,641.0,20.095766692580348,24.158916642763508,8.712367797074018,20.120376356784064,0.7810995997069808,11.05041669157603,2.432891610454769,6.090196647856993e-10,3.818079921925525e-10,12.648164607676035,3.934319168482011e-10
N20002099,381.0,8.240342668090856,35.08924586869711,27.016170845750594,15.321630452364849,3.614972438626782,3.309559950544178,0.33065844726130045,7.377995460263393e-10,4.939731456457177e-10,7.077419327275288,1.572815867983383e-10
N20002100,521.0,30.025435123508487,26.974926412481036,22.5898126804862,10.07801978899808,0.5307914195689706,3.7093094925292345,0.3573816655553585,3.7523984621285065e-10,3.512335268747356e-10,5.734323416083589,6.257373335583765e-11
N20002101,222.0,7.034453501434291,33.86419133219275,10.525886859792715,22.6742834375662,0.3511893241286993,3.7312953132143174,0.188357012176266,2.9032415518912636e-10,2.810394024381978e-10,21.63034321872032,2.0306728624788946e-10
N20002102,514.0,18.515776777531165,8.993614402367097,17.07472429244712,22.67007151436183,2.303993771763037,6.773993874317499,1.9750803442498492,8.65887058839504e-10,5.178907678209589e-10,21.6927450208957,6.829243720992505e-10
N20002103,406.0,10.129189066338814,36.01976605651372,13.32790278270585,7.831132050167174,1.9401906566208211,22.694013667905054,0.5598149033631077,4.857700564370985e-10,4.369023546287567e-10,7.4979908150509,4.1188125241558733e-10
N20002104,427.0,14.99163994410366,11.904450895677124,20.565827642353565,9.974539189251324,2.5270118499635674,7.231460640475494,0.42246022845994335,4.3990461245980685e-10,3.771224142929906e-10,32.38260960874108,1.5722061395191814e-10
N20002105,268.0,21.335796314888018,18.865898829471174,15.393583741537938,8.972801780266963,3.8708913424708196,14.018938190966528,1.2722072194676963,5.283722422998871e-10,4.171067796901523e-10,16.26988257964168,3.437048584114868e-10
N20002106,499.0,19.20086092075117,14.301631300620175,12.769738514245077,9.80161369277122,2.2804009752958003,20.09037777946388,2.1214456527600443,4.411084104424163e-10,6.236152253499183e-10,19.43393116242427,6.036292796621235e-10
N20002107,378.0,21.264270160243694,37.2984095037683,5.315457596074881,12.294392207530503,1.072830901848142,6.556565260231875,0.7123079846019332,3.8319553780642064e-10,2.9694769319778816e-10,15.485766384721277,2.992507290126011e-10
N20002108,591.0,19.00669392080575,16.673889164291598,20.308764105939964,6.059116266306797,2.161116774001774,23.779398215171277,0.8951359281970219,5.541470376041879e-10,4.681045822934371e-10,11.115885623862034,4.015294650572424e-10
N20002109,483.0,40.821902383798914,14.573401136521055,27.681934575397328,6.119140005769412,0.9654082729005541,4.7717313526357374,0.37613761785210764,4.1802866457453154e-10,4.1433132100096686e-10,4.6903446540757106,2.1682548615210493e-10
N20002110,264.0,14.636318356532186,6.323097152228785,54.66208873206969,4.429144863902487,0.7810707761068338,5.514712267060578,2.7706424523642945,3.909660159130463e-10,4.4972533721699455e-10,10.882925397875365,1.0190861598130236e-09
N20002111,475.0,16.203820245728334,7.500761355773861,41.50233359063403,15.078442780690438,2.832344242654471,3.9688817368232954,1.7994599572980619,6.208860519689837e-10,5.00257586341447e-10,11.113956089151571,1.2478441636234882e-10
N20002112,339.0,9.166493990021847,8.310602878235708,47.362349118334436,4.723636283316274,5.411673562950211,11.01996090806402,1.4300468837039597,6.910647130431815e-10,5.23895577825029e-10,12.575236373940655,2.1793836862888201e-10
N20002113,488.0,13.82122546842552,10.817541734991504,34.48983557695282,11.183898730787886,4.379720394704694,9.567754521143172,2.6701803324020346,9.713724339869646e-10,7.513940705269627e-10,13.069843238361845,5.07757172818135e-10
N20002114,359.0,11.34407048526342,30.05608350987773,27.40702188678793,16.437738157438663,3.303611547840985,3.4318522933136504,1.113124710762033,7.047448390516951e-10,5.260335626853954e-10,6.906497407252686,2.3212574422885412e-10
N20002115,354.0,7.917505191330874,26.23309092232865,10.900730725482335,22.10908465373468,3.315797935300615,6.3148786865928255,2.602580065920988,6.405857437630999e-10,5.84417344018493e-10,20.606331817837624,2.463928555155612e-10
N20002116,526.0,13.051357647094866,43.64828181205153,7.7453388583479885,12.192676104405061,0.8726945971791992,7.79085977096371,0.41574176136906427,3.7959846151901615e-10,3.7962887812067764e-10,14.283049447568377,2.609662589994431e-10
N20002117,455.0,38.36217528827902,6.258895228680005,33.2420204360698,1.5638424811485498,2.4071711448762367,11.613133525840302,0.31169594870984946,3.5461408875064905e-10,3.5136515139137445e-10,6.2410659453967146,2.935258975295901e-10
N20002118,395.0,34.42178138924476,9.771730193249208,44.149818049433215,1.5211356942112337,1.329421864712816,4.2279376069750345,0.2768674363411065,3.225498010421705e-10,3.305494669174198e-10,4.301307764452838,7.267048425516747e-10
N20002119,485.0,32.96877518097933,6.268932268326482,29.817023634494266,2.691087018357929,3.3717448398716563,18.177327553189617,1.318547550078567,4.657756863692159e-10,4.998327008624439e-10,5.386561952936331,8.002052660027483e-10
N20002120,561.0,31.291914403645706,13.27331742127683,24.291866914835776,8.083112110430118,2.961517032781759,10.387555636756742,1.0390440191716195,3.824071627897243e-10,4.502559011069858e-10,8.671672460008779,2.599899365275296e-10
N20002121,633.0,14.587554492571547,21.17916959150171,52.08001466847551,9.455729388818062,5.457494305187014e-11,2.697531857393209,2.67850948535428e-10,2.875554518246666e-10,3.098762565933345e-10,1.2662840079541335e-10,1.9345133543686178e-10
N20002122,668.0,23.093702636765812,29.401469343209047,35.18056941507935,9.134377930398356,7.381009759285901e-11,3.189880673425502,1.5636091498636388e-10,2.6986826826299187e-10,2.962200057281423e-10,5.227093901112281e-11,2.7341674822524457e-10
N20002123,520.0,14.140158491601623,13.544107008909172,53.03260875466571,3.818002946222606,2.0412459068216997e-10,15.465122796665954,2.41277681987873e-10,3.259650883998474e-10,3.4768662779491e-10,6.140972519384394e-11,7.544778559248869e-10
N20002124,523.0,2.9538034806081965,62.31698886246772,10.979005749808996,18.889663035334596,1.000851596123834e-10,4.860538869894751,2.751636894619006e-10,4.297448443192548e-10,3.427423591178005e-10,2.2478683152065673e-10,5.132343138014125e-10
N20002125,484.0,6.776632202813292,20.954423124231628,40.873456495829416,28.71924754686353,2.0247417176284187e-10,2.6762406274830375,9.414583048881608e-10,4.58949579348549e-10,5.261351189966509e-10,3.3839850932189767e-10,3.116885087916664e-10
N20002126,516.0,27.91686599261571,13.322811731201215,38.848347847549,8.97397200136451,9.381916663418442e-11,10.938002424910707,2.4675417172316013e-10,5.12845779105e-10,3.851499417198373e-10,4.0966030264605886e-10,7.106279820007796e-10
N20002127,576.0,21.69861049543864,4.568203203220632,61.65108594053502,3.090458632324055,2.837041642707797e-10,8.991641724711961,1.2437083740716835e-09,2.9905775396580413e-10,4.2356065805741434e-10,5.4236093284163836e-11,1.4654109372037501e-09
N20002128,463.0,1.5450223306641473,43.36770701316738,21.434491421279343,32.925445557467164,6.3159743226266e-11,0.7273336760411006,2.9420172599903567e-10,3.030588634773919e-10,2.949419186196496e-10,3.402105856224229e-10,8.527376994799072e-11
N20002129,616.0,8.578788193226778,27.707486442949314,44.714471947684906,15.838290771294336,1.2479617508327317e-10,3.1609626430948214,1.6337656256314627e-10,3.9861983734484275e-10,4.123429996286727e-10,9.494448844729002e-11,5.557536448737822e-10
N20002130,663.0,21.305133937348145,7.705995943483869,60.87282250012558,5.398573042655367,1.6201647935417016e-10,4.717474574833381,1.775224517343533e-10,3.5896170510471653e-10,3.593112407855264e-10,1.1379492386981203e-10,3.8205866749938223e-10
N20002131,431.0,1.1976012648567382,9.723364827556857,25.433797471613694,61.249874465868956,6.909210842588056e-11,2.39536196580796,8.484913686424116e-10,5.857090994688703e-10,5.403964065162629e-10,1.6756997505445938e-09,5.763969251344671e-10
N20002132,449.0,3.193430581993719,6.630529510012895,26.639896191810784,60.916017990881556,1.1696585296644543e-10,2.6201257231926234,3.2021568781107464e-10,2.2094918412407744e-10,3.704906910129548e-10,6.929962896616918e-10,3.8680271570539543e-10
N20002133,554.0,4.755081091836258,41.72926449162861,24.844304422440366,21.231801355106906,1.5079822128214555e-10,7.439548637484002,2.1563018790144028e-10,2.0892840480209394e-10,3.2898985695765294e-10,1.25134577599839e-10,4.743647438580193e-10
N20002134,424.0,5.332682458708819,41.71194317511637,15.705480308295176,21.21343211756063,1.155661661295758e-10,16.036461937003693,4.970437649665313e-10,6.832061814677462e-10,4.98278667590754e-10,4.5887838874015656e-10,1.062346892322595e-09
N20002135,351.0,11.930333512218215,35.286084407354146,30.568718492381837,15.146179369685765,5.530268264018148e-10,7.0686842136058265,1.375426208970763e-09,6.462126325998723e-10,5.843900997497612e-10,1.53348652931699e-10,1.4418012448371232e-09
N20002136,152.0,7.9116224547849505,17.851576742713473,3.1746118323734245,38.872171834421195,1.3813019019388766e-10,32.190017123840086,2.0834551605965607e-09,6.507167846934764e-10,5.709298351136062e-10,7.392888719588542e-09,1.0307574353242324e-09
N20002137,524.0,1.7126289689477054,35.43317146193953,25.99075087835956,36.014255076460266,1.2404029601974158e-10,0.8491936127322627,4.0824192611672487e-10,3.0874181838398827e-10,3.036408203871963e-10,2.1250033504644e-10,2.0351912334281992e-10
N20002138,397.0,3.936160554109711,48.777770643540826,11.900636414338992,18.100484667260396,1.071641542072422e-10,17.284947716505865,6.087813882206789e-10,5.746785783134e-10,5.138342003331921e-10,3.6570198733071335e-10,2.0740428158555023e-09
N20002139,644.0,20.34365935902805,13.037681236877466,55.33856861625106,5.42255750265674,1.5119347008389958e-10,5.8575332837926535,1.5929171822315107e-10,3.8375568793046965e-10,3.661557142868482e-10,1.41677253647062e-10,1.9194414993355118e-10
N20002140,463.0,26.397945635957676,9.642610090027803,45.45026669157395,2.657926612236147,4.5791311126294895e-10,15.851250967255751,4.694981129416803e-10,4.677503684815656e-10,4.333922265705805e-10,1.822059542598652e-10,9.379215007640623e-10
N20002141,379.0,28.47072289195986,5.933340653255901,50.53432211022104,4.225943816925722,2.867156938558536e-10,10.835670524779662,3.740353799357235e-10,3.98871681168245e-10,4.410784107604686e-10,2.634800563288399e-10,1.0936404220761987e-09
N20002142,697.0,13.979954027665636,37.06589826346294,34.230239550375806,8.348312794076996,1.593453011333055e-10,6.375595362643657,2.835756461222639e-10,3.723964234774577e-10,4.417745745214506e-10,1.0380696516028788e-10,4.1406483612339094e-10
N20002143,522.0,23.91737460316157,2.024919531193555,59.42611205346447,1.7506438388590184,2.196645041945917e-09,12.880949966877115,8.180338843033284e-10,5.605739872007561e-10,5.10223878517312e-10,1.7054934450136542e-10,2.1882456474537933e-09
N20002144,669.0,6.846401363200311,56.97316879560286,14.87569463286851,19.6246964392177,6.147709736214647e-11,1.6800387678406543,2.7875196288740384e-10,2.756466122949785e-10,3.076151003560962e-10,1.4613304449119085e-10,2.0035548147801443e-10
N20002145,580.0,14.260552636072912,21.84561082063462,43.04818398945507,17.655250257528486,3.8573159192101274e-10,3.1904022931826552,8.351581911017034e-10,4.859406028203721e-10,4.836348450082497e-10,1.7967211818535086e-10,7.561329676884205e-10
N20002146,458.0,10.738956295457486,32.57776748285796,19.221555928840438,26.241444147960742,6.562518875359884e-11,11.220276142115983,4.921226853758698e-10,5.392456987571721e-10,4.938724543274932e-10,1.926686051791095e-10,9.83865539189213e-10
N20002147,635.0,19.782030085630165,8.072419252541726,62.6326844673319,2.4822919369805287,5.570949737770027e-11,7.030574256384105,2.261477123225429e-10,2.356923476554883e-10,2.72013917467433e-10,6.924229889217791e-11,2.727780831659866e-10
N20002148,643.0,21.63689927509428,8.869109605957421,52.77896078224199,12.006527774632055,2.151371962467472e-10,4.708502559730718,3.3422348596758224e-10,5.833995632425229e-10,4.872222764809316e-10,3.0324655208423577e-10,4.2031422376848836e-10
N20002149,449.0,5.42395501173121,37.49719214464982,24.020108006284772,16.685301939666626,4.0162558663168864e-10,16.373442894830184,5.141679215686503e-10,3.525564205782822e-10,4.4701302361418603e-10,3.896388941220617e-10,7.323901653055147e-10
N20002150,386.0,38.62926568550629,12.715142177109131,40.3505555977082,2.306789720269399,5.608854280671563,1.0962339427828563e-09,2.906685909734488e-10,4.744616467496458e-10,2.9387615845490016e-10,0.38939253606632784,5.138493700694089e-10
N20002151,541.0,33.13830836877274,32.321305918900336,17.363865020684816,11.845533475457486,4.227080204163138,7.189733485076678e-10,3.2423200119963134e-10,4.0315658322252196e-10,3.394771051631995e-10,1.1039070099756343,2.6000563192656283e-10
N20002152,513.0,24.273318912668476,30.219159378874945,15.316417194722748,25.590566083999754,2.6987353616377594,1.294202432260003e-09,1.4414438525486962e-10,3.866412269248839e-10,3.763264792070852e-10,1.901803065579108,3.158793082281688e-10
N20002153,526.0,45.01372171002232,7.852530357312089,36.613005399186285,4.0040372658805765,5.6834869740181055,8.644838836493595e-10,1.624967492004095e-10,3.7309384505285955e-10,3.0873897262142105e-10,0.8332182914262597,4.455593723824222e-10
N20002154,518.0,12.116711094063454,59.893532680562146,4.373395110792072,21.391275469239385,1.5173025973259826,8.360913643762818e-10,2.647840289761083e-10,2.4774617842876716e-10,2.3356305637773913e-10,0.707783046034051,4.007074743525173e-10
N20002155,655.0,19.581554763347835,50.70521367073757,11.447650019742245,16.64737989837756,0.8811886933726695,5.90809026097689e-10,1.7274491440712798e-10,2.7957399396138045e-10,2.597593040953997e-10,0.7370129529060977,2.1313363214582385e-10
N20002156,574.0,15.815831401314925,34.832466356352136,15.05694707299308,25.29264889355696,5.684642339518402,1.2353454189673268e-09,7.048965820269641e-10,6.398887697942974e-10,4.928787034929202e-10,3.317463932866694,3.247900609117162e-10
N20002157,588.0,11.599407233125229,51.68325906127759,13.082373576719256,22.617466497841967,0.75585421136046,9.316521118365432e-11,1.5963350649108153e-10,1.7019579189693068e-10,2.158878379969121e-10,0.26163941881552216,2.2110049963849418e-10
N20002158,474.0,42.33463061981938,11.83114084538242,22.76365711344989,17.160406520726816,4.620760944640775,1.0139476228291028e-09,5.766519072974738e-10,4.813604298300844e-10,4.691332142086084e-10,1.289403952454025,9.855887835228198e-10
N20002159,381.0,3.2554982412918867,66.16623039366706,3.697275814163678,24.003376624163046,2.1909252103725083,2.3870048309618437e-10,1.7314149246797205e-10,2.217368202893423e-10,1.7431811040731793e-10,0.6866937153462652,1.8763654307969364e-10
N20002160,691.0,8.099940100913711,53.658066295046744,12.00421043782562,22.085319358313935,3.195274090189605,5.556170950538049e-10,1.5713182853961957e-10,4.09800252893366e-10,3.194551330182659e-10,0.9571897157424211,5.259663246723917e-10
N20002161,778.0,24.328559941559465,30.975430245635373,17.423067815427075,25.066275749187643,1.9999696948986794,3.503167035145814e-10,7.886801204269838e-10,2.6635207547239065e-10,3.3182568758885383e-10,0.20669655069278217,8.618060368271001e-10
N20002162,562.0,7.395845235239924,50.45636702351942,19.688888341164496,18.63129850728205,1.8791297977295456,1.94956927240637e-10,3.869586763052857e-10,3.9075492010875783e-10,4.0784469042674787e-10,1.9484710930644684,6.195628479048481e-10
N20002163,377.0,5.513785836921251,62.40644298394673,12.900969346342878,15.11703889137929,2.97462469055908,4.2644963440876603e-10,1.7530039543669254e-10,4.4527516821827424e-10,3.024204650971133e-10,1.0871382492625088,2.3882503756802745e-10
N20002164,857.0,20.620876474578218,48.72722350677907,16.88982636740972,9.146910298170036,4.232425741295449,8.704387461857614e-10,4.0359312716126915e-10,3.3203741003852864e-10,3.2334065458711074e-10,0.3827376091742545,6.638427084345423e-10
N20002165,598.0,43.03703970577135,21.107085934643102,22.132356625937337,11.212446448434344,1.6503955123040985,5.240663029839987e-10,1.6738456077896138e-10,3.016237894418115e-10,3.0229334100322816e-10,0.8606757714252263,1.8916147782710515e-10
N20002166,319.0,4.513465643599964,74.14924433513627,3.259811902285697,16.092807225965565,0.9942043984057112,1.924275106884766e-10,5.878558472680593e-10,1.5206938508811712e-10,2.0124702418304937e-10,0.990466493261325,2.118605521488071e-10
N20002167,287.0,9.377661351609722,63.79932698412527,3.1820074480245983,21.165895237554732,0.6299497612856385,7.054252705012221e-10,1.2531180281471435e-10,3.4304521730979976e-10,2.465074375813896e-10,1.8451592153965148,5.832246811925411e-10
N20002168,713.0,25.96297045977502,35.04392185237572,30.826849461089488,5.52925971257238,2.11737303834646,3.7464911544565217e-10,1.6047689381187845e-10,3.477302071615811e-10,2.820112183039628e-10,0.5196254743742378,3.0182963170294846e-10
N20002169,350.0,21.18752450079075,50.57083135389365,10.698709183930692,15.279127387530336,1.216252255522498,3.8625348426897815e-10,2.0096844295475114e-10,3.7213356848542503e-10,2.768619354435857e-10,1.0475553167248242,3.7103207836703403e-10
N20002170,362.0,6.534863696088514,72.0310025249841,3.4250774698495636,16.149282118201157,0.29001271596304273,7.090445567168031e-10,1.7514671803600458e-10,2.3912513568711197e-10,2.1558768212386773e-10,1.5697614721085378,1.4661747841238774e-09
N20002171,552.0,14.91945329699248,46.88661126849218,8.669504600561197,26.59065907165879,2.2016194908162467,8.346798663160192e-10,7.815125596354478e-10,3.1866465196982547e-10,3.914197614816702e-10,0.7321522676039354,1.548904092339527e-09
N20002172,303.0,7.65505324162179,48.49425777226562,32.755928756536754,7.7994144500137015,1.5502220372898268,2.246063625493903e-09,4.437249839027445e-10,6.077991361674989e-10,4.2484453523221487e-10,1.7451237373000805,1.2497975312953668e-09
N20002173,550.0,16.779625626335495,57.489515798658765,7.7439949715501095,16.90963352602483,0.8405843651153745,3.665398610524894e-10,2.5772622877039587e-10,2.4823311389086945e-10,2.463078214546115e-10,0.23664571085320993,3.4341525348569834e-10
N20002174,666.0,16.962046731337754,43.8608590516534,23.08193288056107,13.344346512620236,2.0341607197959415,4.242402321438419e-10,3.7020150483801623e-10,3.700569996821579e-10,3.980937038318687e-10,0.7166541021195079,3.495197009155621e-10
N20002175,561.0,14.920592152248819,48.573025263014316,14.467702384315281,19.332587309337956,2.0012933485548188,4.213458487192764e-10,1.7197534432366912e-10,4.128830018164369e-10,3.1870619592488324e-10,0.7047995408829333,3.2096858205829426e-10
N20002176,746.0,25.82811308975968,34.90279034827519,23.884491636648747,13.940648022075136,1.0535554331311865,5.100942754492271e-10,3.809725406135507e-10,3.1416823465429274e-10,3.3976277710071924e-10,0.3904014681287536,4.363195938705388e-10
N20002177,608.0,21.30666586233368,49.39703443127596,15.526293224306952,11.439242433764475,1.6876184449033629,5.381783384491531e-10,2.1938595762274485e-10,4.064930215442076e-10,3.3189913416215024e-10,0.6431456015357495,3.8385732924046017e-10
N20002178,531.0,8.229451406634876,60.66378055167957,17.061168252980117,13.289425917072291,0.3301875056964076,1.7450264956782404e-10,1.0955596182927291e-10,3.04606589984614e-10,2.2025869507230073e-10,0.4259863648264525,3.013740540235463e-10
N20002179,457.0,6.283875037184313,70.99486320763415,6.528406383690921,14.781837555151755,0.9774504090916131,1.5217187696108283e-10,2.1514121196093138e-10,2.8875145573482955e-10,2.2204902945800696e-10,0.4335674061307619,2.3836963792181725e-10
N20002180,581.0,22.89799832706825,27.089567986267298,38.12041618433143,8.377281788894473,2.4672691283736734,7.361369116542915e-10,1.863403882506461e-10,4.571730488939086e-10,3.6388758135959825e-10,1.0474665829098329,4.114943510290464e-10
N20002181,580.0,26.71042432813781,35.34214577065604,24.554701891269033,5.674366571995043,7.348340465167354,1.606283908435208e-10,3.4038268342060753e-10,2.612892510366966e-10,3.229402218199278e-10,0.37002097151519264,1.7430039900650853e-10
N20002182,574.0,18.197421575291905,53.676764677696454,9.447111750983767,11.334715942711618,7.051357996949608,7.896868413691708e-11,3.254341689810913e-10,2.98569946765122e-10,3.019240099433034e-10,0.2926280551443417,2.1741138060330718e-10
N20002183,783.0,10.143592031764571,45.14744043517715,3.8187726910925033,38.26150608415655,0.6128994533304164,1.5466804309378675e-10,2.193236776602858e-10,2.833961409436764e-10,3.0627229962254614e-10,2.0157893032619847,2.531573104377215e-10
N20002184,448.0,14.940417639382076,46.07642326367758,8.065060799400998,28.65376068763491,0.6924611818703605,1.8467603606447954e-10,3.793205953024008e-10,2.2449963362408522e-10,3.344647119444049e-10,1.57187642672925,1.818506995446808e-10
N20002185,349.0,9.284325798590404,59.68206470735367,9.349018396395486,15.680160445561159,4.364044055579232,2.3642400991643695e-10,4.505432590859264e-10,4.89304961463757e-10,4.3419093075276665e-10,1.6403865945947398,3.1485485548535114e-10
N20002186,311.0,20.41822641978963,36.06078158382099,9.913219641640687,26.244961733286175,6.950289582242279,1.5086419603789415e-10,6.854021045265223e-10,5.32248570472327e-10,4.092799063437114e-10,0.412521036920722,5.217082694969401e-10
N20002187,558.0,4.45504485062361,32.99145200860336,11.503099545446288,32.463695278855226,17.17324036769348,6.54102867534264e-11,4.1361548641497894e-10,6.259550550938891e-10,4.2487088864806323e-10,1.4134679471124132,1.357495247322067e-10
N20002188,270.0,18.718537944389755,29.044467165654897,5.875124802418263,40.631609144149934,1.8305091530646842,4.6228803381541837e-10,1.2024437821248143e-09,6.533240067433793e-10,6.247743920180176e-10,3.8997517863217417,1.0579037049398136e-09
N20002189,393.0,33.32054456252133,12.570296941606623,15.059706200174631,33.606271948451315,5.046065323461563,9.804453376239162e-11,6.209918731712391e-10,6.423682109154207e-10,3.6933735336574923e-10,0.39711502165846085,3.953458589099517e-10
N20002190,668.0,9.229542757942703,44.06398357084193,5.739702807483664,36.90764775039696,3.356423086532618,8.708097447280303e-11,4.299209893074978e-10,2.849670693213366e-10,3.3093765911836595e-10,0.7027000253337223,3.354994543943808e-10
N20002191,359.0,5.701979437040199,54.07775433393744,2.881801197984232,35.59718818371735,0.4414726316837772,1.4506929953101447e-10,2.54111203596743e-10,2.637906716040565e-10,2.4841757845062255e-10,1.299804214589708,1.359064028152343e-10
N20002192,557.0,12.78482907282325,49.382077602100026,3.493936620640615,28.044914090606653,3.0376994560805017,5.594246717600881e-10,1.0226352141963907e-09,7.070188662910174e-10,4.090197451157874e-10,3.2565431547198624,3.3099095541045335e-10
N20002193,523.0,10.641245340500557,44.986996826205534,21.73212051010901,17.96625933325938,3.318784564288117,1.6367637055660534e-10,3.610345267524581e-10,5.211361284303723e-10,3.939649433749448e-10,1.354593424049183,1.4841143415896038e-10
N20002194,458.0,9.30991138567585,36.583406719104154,5.638476530951241,40.162132494647715,5.590282030367507,2.657896714385925e-10,3.0737553816043667e-10,5.765316577558699e-10,4.782686445536879e-10,2.7157908373269457,2.986210521666123e-10
N20002195,492.0,38.87555495386902,37.674591424402024,4.51046943124089,17.488876585597467,0.6241930632280426,1.148253529534272e-10,8.265357132963332e-11,2.873817349525286e-10,1.507008636696667e-10,0.8263145409489392,7.806197440862932e-11
N20002196,697.0,17.373406880103683,14.216807864401723,22.097964626731407,22.232549547926695,22.911736723546774,1.9495069808073116e-10,8.432645445623317e-10,6.9407420917332e-10,5.868608102138836e-10,1.1675343543978514,5.727112677686362e-10
N20002197,388.0,61.974209152276096,17.668910523217786,6.03554894643214,11.747670233698024,1.883028058289231,6.97037858820365e-10,2.847630319635508e-10,3.055154857008881e-10,3.1134368230954595e-10,0.690633084356272,1.317869676064394e-10
N20002198,341.0,9.93250657426026,62.07152537480128,6.252905073218494,15.769713522151383,1.1354737018004595,4.09314665522844e-11,1.1124009194255045e-10,3.1739264111915924e-10,2.174619308169516e-10,4.837875752962232,1.1884175519707778e-10
N20002199,280.0,20.01759686044634,58.48188166011315,4.2460130663920905,15.121422065558349,1.2748830601709997,2.2904859331782777e-10,1.1524790142404699e-10,2.626422070356979e-10,1.7741099119178288e-10,0.8582032864291411,1.0559048518786865e-10
N20002200,509.0,56.87518106728976,20.037629393480543,15.57838297814218,3.726886090402864,2.737244603428773,1.1811496593384684e-09,1.791701217477907e-10,3.497987948104989e-10,3.4563525693973457e-10,1.0446758648520886,3.48017190880319e-10
N20002201,293.0,29.245620603014295,6.8862951466949385,37.072031648067075,4.075650590144455,20.728241767054197,3.0504752335721293e-10,1.1665961971560168e-10,5.051677587614578e-10,3.39282755680973e-10,1.9921602436789267,7.996085715758204e-11
N20002202,482.0,12.097569666969333,27.970292432838445,10.511713630039425,41.45877212091463,4.087163941951938,2.2860601702424693e-10,5.694909926346284e-10,4.1928409589102196e-10,4.716323593292716e-10,3.874488205280298,3.16910974005546e-10
N20002203,298.0,9.70807018633353,66.78321225437956,3.2283304154990313,17.15452863367435,2.631754000759993,1.0636387990237744e-10,2.4857316273523716e-10,3.713708644652116e-10,2.6288194999863027e-10,0.49410450807008416,2.942579291528284e-10
N20002204,341.0,5.9179382545498305,28.855302949347934,2.4824557794972097,60.892835465288265,0.4710753406569466,5.0882217673313583e-11,8.428679143677091e-11,2.589824968562574e-10,1.8293430307309202e-10,1.3803922099343535,1.483750629815833e-10
N20002205,267.0,6.279005548408245,59.239693828600906,3.7279774850016594,26.992010577002702,1.8499788003695252,1.0230736219352164e-10,2.1976353001552738e-10,2.5160602481754107e-10,2.819037056510772e-10,1.9113337594297855,3.31616236144083e-10
N20002206,290.0,72.6114432909373,3.8065341876147936,15.376174903012629,4.360759241921568,2.097498566088184,3.3229682052298554e-10,1.9372866163143234e-10,2.2164304223565854e-10,1.9497892876015314e-10,1.7475898093410764,1.4181386944103603e-10
N20002207,451.0,49.16310439078406,32.783529564075764,5.974168704141503,8.753243922718031,2.6502820351444405,3.81852983830109e-10,3.2697745157901857e-10,3.4080711118204987e-10,3.364396471462364e-10,0.6756713815164769,2.3363399343872737e-10
N20002208,351.0,21.243797420727276,50.164962548112015,7.017445591751197,16.04856709297526,2.8992063750257824,3.6527997806880393e-10,1.3574013009309545e-10,4.3944947682305986e-10,3.2243953915517e-10,2.626020969954111,1.9146398770954686e-10
N20002209,387.0,38.66346958065325,9.955620159536927,35.81575667000264,5.9794850290173525,9.070230984669818,2.1708780450498675e-10,2.5560270995106513e-10,5.673106193612681e-10,4.322189540442139e-10,0.5154375742667958,3.8099588198437923e-10
N20002210,587.0,11.63030593882442,34.43425841691346,15.428169011829246,23.70836103845727,13.373715423857355,2.612469613174826e-10,5.649526841390665e-10,7.251641946616819e-10,5.009808169941126e-10,1.4251901678901926,1.7572791662897062e-10
N20002211,362.0,12.135117251196153,21.49983688092325,27.637818658105225,23.829774193351053,11.54632797050668,1.4024431871163488e-10,5.016291558820966e-10,8.574955179925286e-10,5.591275380800093e-10,3.3511250436914533,1.6769993409577674e-10
N20002212,372.0,10.548994461816433,67.96255747815444,1.269148573625201,19.195507529532115,0.4701273754446375,4.0153828870612054e-10,2.473958885861222e-10,2.0457925453730261e-10,2.0636133984635704e-10,0.5536645802024487,1.6485385665291667e-10
N20002213,704.0,24.76362326026893,40.89246882061276,8.370850496799415,23.03676614724771,2.273933139639834,8.034700709989914e-11,2.519912927127096e-10,2.1061740532634275e-10,2.2218622646328658e-10,0.6623581346202831,4.5936142373875705e-11
N20002214,436.0,4.5644380257384,48.13565847013148,4.946758418085111,30.571500816461985,10.826205689795103,8.672254913297809e-11,3.651230999636705e-10,3.777250403038579e-10,3.3146066095586443e-10,0.9554385783000432,3.2685838790221275e-10
N20002215,541.0,7.924185699940792,45.60664834169086,6.504432135483904,35.2502606248779,3.018184374568231,1.1700531681349504e-10,4.2078514513607394e-10,2.0330525291567412e-10,2.816442071530887e-10,1.6962888223218886,9.368027107545299e-11
N20002216,658.0,15.993717298640231,42.210345800668314,8.507508765528517,23.542303319318467,8.262049955059151,1.192468580089538e-10,2.3001692284781442e-10,4.5223344238107617e-10,3.842588198790424e-10,1.4840748593826334,2.1692306305411188e-10
N20002217,453.0,41.400712124957074,1.911266747690803,34.54340034804264,6.615960148115543,14.54947734760875,3.1711735844114377e-10,6.660988074141836e-10,7.57226118715166e-10,4.249022147390149e-10,0.9791832805634856,8.563531398083671e-10
N20002218,483.0,15.014045732685585,30.656832569023273,11.71958124860484,22.433512140389208,18.53931613206336,2.3477093170751013e-10,5.453877294269642e-10,4.798347275982041e-10,5.128864799839817e-10,1.636712175314133,1.467087696700337e-10
N20002219,695.0,10.582107109876256,50.8592360835029,6.59227587215061,25.460000423901825,6.0893125297665724,5.781062223073548e-11,2.7974965199474034e-10,1.4943409381495382e-10,2.2285169158354807e-10,0.41706798005713575,3.485145805744576e-11
N20002220,490.0,22.99603783740518,37.71237886751344,17.35797093454312,14.85093910146585,6.9139137586246315,4.113932478927702e-11,6.411689505469319e-10,3.054311108303623e-10,3.531276797911833e-10,0.16875949900223508,1.0469508910578046e-10
N20002221,554.0,6.840486919218002,52.93599608339864,24.750445004105558,11.600649999334337,1.0069990157461202,3.685251315919348e-10,2.865422975752567,3.6718134412480095e-10,3.656982638513849e-10,1.0034352255103697e-09,3.3993720327374367e-10
N20002222,409.0,17.393734713129376,22.768103342923396,32.28751769524674,17.031066977635227,2.6014390632092907,1.7764060547563403e-09,7.918138200332618,7.459995353766653e-10,6.338167828546646e-10,1.8200314040515823e-09,2.5470985816151685e-09
N20002223,568.0,1.8822182592188157,74.43913924312224,5.578015826537349,16.59240430010957,0.25846360617679104,2.323078528275766e-10,1.2497587635070537,1.950394862006045e-10,1.9568610242734054e-10,2.0735026257453158e-10,4.977939370436331e-10
N20002224,565.0,1.0241493324311999,85.25522307064548,4.4663779314372345,7.413460936702905,0.5674566693583487,2.2764566296820234e-10,1.273332058389062,2.2137509389235859e-10,1.7374032728250803e-10,1.9697094943686907e-10,2.1603031087507464e-10
N20002225,470.0,4.796808141907173,42.01464387505068,18.39134037052439,28.473147271030385,1.4256154961745289,7.253596643190887e-10,4.898444841477494,5.174985755562794e-10,4.720432222410061e-10,1.245367599931913e-09,8.750729205554893e-10
N20002226,694.0,24.057497622019145,30.007505983241696,30.414567707447,11.209488666838972,2.3123061005149776,5.678343239420366e-10,1.9986339167569322,5.616627043553543e-10,4.3553794551591847e-10,1.1319347931398792e-09,4.843251759369892e-10
N20002227,436.0,13.256422784638824,18.066737850740655,49.752803117053304,8.280080911007005,6.288670401591791,1.3753693451184356e-09,4.3552849306103205,6.39257841151598e-10,5.355699847935773e-10,8.672946869504293e-10,9.406300859705061e-10
N20002228,518.0,1.9943293000917472,76.60980392621495,5.909973010591061,11.75920263317814,0.9040511842370421,3.0756960439073247e-10,2.822639943448245,3.375111059991164e-10,2.7624107765559873e-10,5.684189403301692e-10,7.490542630429514e-10
N20002229,433.0,2.4571350750903873,68.15634244910119,4.731677139680655,20.6685308621977,1.0164689556777202,1.285458928834009e-10,2.969845515734974,1.726244751592582e-10,1.802883754103999e-10,5.6060889810312565e-11,1.9798389412971076e-09
N20002230,436.0,12.211225350970091,25.932519594608216,33.09861505414198,20.100293290913427,4.52741080370818,5.151936423002427e-10,4.129935902258185,5.710696357719125e-10,4.979383617907503e-10,1.218459674826654e-09,5.972701639591001e-10
N20002231,756.0,1.848866519254961,81.9516318272265,5.8854503317866245,8.690718093255704,0.3016864890272924,1.774382119218261e-10,1.3216467384340205,2.118717699157713e-10,1.6318112941442537e-10,1.2232978730703054e-10,3.4007305167634023e-10
N20002232,424.0,16.515551028906444,39.048882121549205,26.731968784466392,7.708999263053206,4.952764490704004,1.3541341973849891e-09,5.04183430813653,4.960576820407884e-10,4.48851688689569e-10,2.158289700281304e-10,6.693389389253592e-10
N20002233,633.0,5.312714476152237,65.68401025254047,9.953224831381412,15.663703732041851,1.2642857949903086,2.836875144305038e-10,2.1220609105405477,1.841109668690285e-10,2.4549002693663124e-10,2.0201609547184134e-10,1.43785271687563e-09
N20002234,471.0,6.993072276647474,54.60562565373608,12.884065859683647,19.229386609796755,3.219479348144373,4.579239268436819e-10,3.068370248993082,4.2110185054517876e-10,3.750490523178633e-10,7.3135457622641e-10,1.013141694515587e-09
N20002235,537.0,1.5318039793241904,76.44137418238562,5.819335630252215,13.85271297186444,0.48427910290958975,2.4202542424857195e-10,1.8704941313338193,3.1256918400306996e-10,2.534954086541722e-10,1.9771351805318377e-10,9.243362120028176e-10
N20002236,683.0,2.50899462601973,71.1982232844642,9.342517286927556,9.519741864861974,2.830432173506143,4.493813561747101e-10,4.600090761966994,2.103032337925163e-10,2.4532537992519704e-10,7.617354814608749e-10,5.866506358608666e-10
N20002237,751.0,1.672660152883371,75.43050273690022,5.099964302765424,14.69596746981077,0.40276859394241943,1.4417807110513144e-10,2.6981367423055316,2.4562713724910095e-10,2.1823758177816854e-10,2.2771608639666057e-10,5.56493377276585e-10
N20002238,662.0,6.683213271679402,36.799786366974,20.30393886138273,28.545956345780922,3.4176851725087767,5.894606540006011e-10,4.249419977273269,3.9087541503461626e-10,4.581369292954811e-10,1.5535624810469568e-09,1.4088611391553919e-09
N20002239,658.0,1.7739538191126085,80.67420325359657,7.310380955982473,8.532529005594874,0.45922451773975237,1.3247090314281198e-10,1.2497084468016713,2.6985291141521777e-10,1.9783425554017695e-10,2.377573947632594e-10,3.3410584282367503e-10
N20002240,655.0,0.8950550027202093,86.14043508577348,2.95930648227035,8.807490686464183,0.21048689323297048,5.838906290687844e-11,0.9872258489140546,1.6159828710166661e-10,1.0759011568262663e-10,2.0429503964674907e-10,9.290315087265808e-11
N20002241,340.0,2.8661262799915805,80.29155711429995,4.520477507299104,10.443448600214198,0.38660312390572726,3.5647694138758003e-10,1.4917873715881051,3.828098460236334e-10,2.6112038862321505e-10,9.70270258272258e-10,7.306397132781517e-10
N20002242,671.0,16.50342087873326,41.31955746365571,20.320519741411797,17.977007951716878,1.333675379336079,6.637511432356092e-10,2.5458185817609027,4.853902396607316e-10,4.6175582887784016e-10,1.0294438147188629e-09,7.450298906020562e-10
N20002243,495.0,3.4109873350159257,72.0527758517333,12.95482968428825,7.982581371650816,0.7490074247859498,4.4103836900165787e-10,2.849818330068253,4.2647993747554145e-10,3.293641434943568e-10,5.133796442192171e-10,7.47260827399081e-10
N20002244,477.0,11.742150887369519,58.946945646912056,21.46385609853572,5.229006138670255,1.009255274836998,1.4335377362195371e-09,1.6087859495497625,4.704054467555976e-10,3.729500445894948e-10,1.30401529939619e-09,5.44774433271624e-10
N20002245,681.0,23.59866892087957,30.37621491975274,31.117547738461877,8.198922857560133,3.6366663695570187,1.3790938340270622e-09,3.071979190234953,4.4603257900340026e-10,4.258805385773244e-10,5.565529302644192e-10,7.461373902308315e-10
N20002246,545.0,26.715631932640544,15.684075158752844,49.54550054569628,3.786153363946048,2.7202521550182706,1.229683068851355e-09,1.5483868407222732,3.7401545036464367e-10,3.787768732808709e-10,6.02693395295302e-10,6.385696111962228e-10
N20002247,612.0,8.783843663083173,51.87945541889136,18.87786496114565,14.575685963494529,2.359009595686841,3.077815022740778e-09,3.524140391333133,4.3795574715126043e-10,4.4633868395587035e-10,1.4340145362966566e-09,9.69174591848625e-10
N20002248,836.0,2.432865652663474,72.14746929777372,6.490115335868291,16.640020162190826,0.32990937985152863,1.7553339867278743e-10,1.9596201700634395,3.305778391386782e-10,2.5482788841195395e-10,2.487376573480306e-10,5.790287029371344e-10
N20002249,588.0,20.661825761916905,31.13674503380671,32.556216088860886,11.604435138138939,1.6611711519451315,9.107361498830628e-10,2.379606822306626,5.139408946860965e-10,4.649022438705654e-10,6.681341506331182e-10,4.670685929649458e-10
N20002250,508.0,19.6086761076645,39.39335941385412,32.6289856571148,4.05521407466818,1.1224914219446256,9.83178660889507e-10,3.1912733220293275,4.424527700890358e-10,3.799778770984148e-10,2.554280783928201e-10,6.634074892482315e-10
N20002251,523.0,1.7535901644771472,85.19760763560714,6.193651898561399,5.845487731385619,0.3530514045807095,1.9471751319534553e-10,0.6566111644188353,2.1220442353518775e-10,1.48848194980606e-10,3.071619112115469e-10,1.0620720108298558e-10
N20002252,535.0,34.386529703896244,3.806637961389767e-10,14.798845236965397,2.1145603214405435,7.192631396405598,15.522125321835137,0.3920448968743686,2.994134976508518e-10,2.7892660039983687e-10,7.575345825872825e-10,25.593263120866162
N20002253,296.0,28.14345743807128,3.868322776572132e-10,29.913468601012717,2.066257389133212,10.967382159256283,25.177455564722468,0.3261497322304932,4.2654021754898067e-10,3.3147903546178683e-10,1.523912072691843e-09,3.4058291129047817
N20002254,486.0,16.094463568038726,1.0894315078627114e-10,32.90277837164542,1.3769616865657033,5.6906017659274815,7.541820610613737,1.3231303762414413,2.87939589197815e-10,3.321408867631788e-10,1.3641631652423525e-09,35.07024361887432
N20002255,274.0,23.34487574538779,2.645352490240138e-10,12.345379257444034,3.4959925114994785,4.820215885388611,18.36604991550035,1.268692439522968,3.7213002622508385e-10,4.677120308980516e-10,2.6052974724337843e-09,36.358794241547095
N20002256,438.0,34.340643709196975,2.3715785799966326e-10,30.36167351869128,1.3486386222660816,11.284089898099332,6.484736217984999,0.4339280028178323,4.161688351796345e-10,3.289502420769858e-10,6.360477814172175e-10,15.746290029325172
N20002257,629.0,34.28284598314277,2.6677125776087014e-10,35.33107116314193,2.869742344633625,7.3538344985961315,2.1710908201902734,1.2248767706520551,3.958240715511778e-10,3.491422730531812e-10,1.989562240038036e-10,16.76653841843252
N20002258,583.0,22.139880303676442,3.688080349492771e-10,33.34254204422401,1.7930014812175616,4.59403755493681,12.410277283140054,0.2673498887199539,3.5250249980565825e-10,3.574019357067091e-10,5.749565374194404e-10,25.452911442431493
N20002259,493.0,46.36240176986999,1.852161690434818e-10,31.14407098359186,1.7415340622908366,8.772143816675738,5.556059017984527,0.34493570549959535,2.6175205586935907e-10,2.789910140998179e-10,1.5205056539074862e-09,6.078854641840996
N20002260,536.0,42.264640793067656,3.639398540130177e-10,20.113535595590946,2.882757159622801,8.896642932526005,4.00961312716451,1.6905944117020109,4.563434503778887e-10,4.256370046401098e-10,8.855364042226859e-10,20.142215978194617
N20002261,480.0,61.743598124572216,1.8843771674162886e-10,21.185102818227346,3.088862081376461,5.015262755951126,2.4885007131521775,0.7103253054241225,1.8719015358321848e-10,2.563239102904728e-10,8.187993415244258e-11,5.768348200582718
N20002262,484.0,27.455829837350354,5.2906717817633694e-11,32.79409034614743,2.4331434952630353,19.51004418585712,7.196252446282914,0.688105082832315,3.8276073018841683e-10,3.592706040652774e-10,1.6977790636997368e-09,9.922534603774121
N20002263,424.0,19.744900175612973,4.241003165707631e-11,22.957873323464163,2.303340116481225,9.937459697819312,0.9393236761572912,3.2956763316527686,1.5834180651931595e-10,1.9143793957813115e-10,1.6158692590152588e-10,40.8214266782585
N20002264,510.0,27.392445926981818,1.6641370809477605e-10,33.23610691591504,4.3124004561720195,12.989242846352067,4.980430834092571,0.8178814818177274,5.860111977293603e-10,3.8303662511272493e-10,7.44697793226155e-10,16.27149153678859
N20002265,260.0,40.93409360324892,5.287544146468004e-10,18.34432006472205,1.4268036968302094,4.447469505085647,15.560102897580212,0.7134000849658807,4.0175073650323946e-10,3.0739349486220005e-10,2.7433646111968176e-10,18.57381014605485
N20002266,525.0,43.00920394656052,6.057804660380512e-11,17.006130525697312,2.6900888485775565,10.407251996883861,2.2982153272975725,3.6890305360475066,2.623711670440148e-10,2.9648634245210745e-10,2.1379984764160098e-10,20.900078818102447
N20002267,305.0,32.43508470488588,3.4657223166811034e-10,29.368105976207527,6.6172341190905595,2.8344048615423794,11.130468619885532,0.8307003243250755,5.666341218123733e-10,4.1539436933039406e-10,7.76535349223745e-10,16.784001391957908
N20002268,1076.0,37.833508523804106,1.3152416648893678e-10,42.663098471053125,5.1686463195274595,2.8840695165433,4.56786527575444,0.8848641035966374,3.6928222793233343e-10,3.5291479456065505e-10,1.0190113042820187e-09,5.997947787848184
N20002269,630.0,37.083364446900404,3.218831865317642e-10,23.494807446225323,2.402714714478017,11.370910373767549,10.232350906827772,0.7190310737964006,3.583538886138443e-10,3.910810270983723e-10,3.8351349112051937e-10,14.696821036549718
N20002270,249.0,26.03942383168778,2.0235378085906048e-10,34.642370798626104,2.2332530966285864,4.113971738361597,3.183372693280609,0.6699549699350834,2.7281147966809604e-10,3.393526521732195e-10,1.7741327849159626e-09,29.117652868891604
N20002271,452.0,33.74040365170179,1.2561176180057016e-10,16.617410832538365,4.087857303616417,8.211577487351905,1.2222721342041065,3.3833834587066938,1.9699266393706132e-10,3.2926080923326545e-10,1.689521405595373e-10,32.737095131059895
N20002272,542.0,19.801445004227453,2.631699935801601e-10,26.813265800260883,2.8399733016430293,16.08399779381314,3.4006411322556342,7.439498311209503,3.0600770723767134e-10,4.3663987356275307e-10,3.764415975768851e-10,23.621178655208087
N20002273,541.0,47.20990061570594,1.098832508842864e-10,11.803224325494446,3.878172043969657,8.13987149482679,3.4405540466842974,2.171688489383971,4.842806744953386e-10,3.7114548225327114e-10,4.214613587549538e-10,23.356588982548132
N20002274,512.0,25.65343119857631,4.356467554511547e-11,30.987241821893356,4.323478801477687,13.625471659277972,3.4740874380419435,2.17090786815482,3.5854887000251173e-10,3.972760980406688e-10,6.569255405888222e-10,19.765381211121593
N20002275,599.0,42.89713322476899,5.2894748215067876e-11,35.8154590930433,4.413468815451056,6.374675493704912,1.4795454468798808,1.5669077671357938,2.120790791143533e-10,3.2090595677180066e-10,5.900068101158297e-10,7.452810157840174
N20002276,492.0,51.23505706106685,9.030958924077385e-10,25.557569895346756,7.088877587935323,3.05896376734515,6.014394565565174,0.5444984329036177,4.644784933098905e-10,4.438251730670504e-10,7.172006431092175e-10,6.500638687308544
N20002277,707.0,35.04863624207862,1.4148912559558503e-10,44.11201370087796,2.1487552530268053,3.382431986248819,2.2006331403786583,0.7212143856026398,3.1324661828172606e-10,3.229203480403401e-10,3.1493201630811066e-10,12.38631529069392
N20002278,385.0,26.918662572688362,7.195077926194061e-11,26.205542591373685,2.4414850000475457,12.005570420106434,6.190032951759424,2.577899353714803,5.023892686186551e-10,4.789602571265304e-10,5.510649538824478e-10,23.66080710870537
N20002279,251.0,7.345002467093178,1.343877091892004e-10,6.675120557218933,14.998982251982834,27.895219451495667,2.2696517679499357,26.07630552612314,4.5617527265140073e-10,3.355456295989934e-10,6.972023985121189e-10,14.739717976512992
N20002280,439.0,31.172429019392382,9.196520457206829e-11,23.999320133341424,7.08016736364587,16.817971654626106,2.322026199698315,3.5661429058651537,4.3009638362270863e-10,4.158606008991924e-10,9.805715546247636e-10,15.041942721512244
N20002281,651.0,45.39746920990874,6.094140618603356e-11,30.580029712268924,6.369927197308181,5.7145170818729,2.063827101489913,2.40775870641926,2.9099191466225186e-10,3.523858196344238e-10,6.227236807936736e-10,7.466470989405048
N20002282,420.0,25.153764035229337,8.742548427457933e-11,22.199027120708145,2.5087131970696053,4.421548984646589,5.057086777644408,1.1109309621840455,2.5855034925003324e-10,2.607955417119862e-10,2.811165193784523e-10,39.54892892162998
N20002283,218.0,3.816926933679906,3.5297405187596838e-12,8.56050099407276,16.20620530096978,4.76068316166779,0.4336548112908092,6.553640783972369,1.5632334205332044e-10,1.7322749978255038e-10,5.520637305992474e-10,59.668388013461424
N20002284,838.0,44.59370254175779,1.1638101967901738e-10,41.51685034207247,1.4023232230095157,2.8065407686261885,3.5801465508353183,0.5916357128869311,2.428947489929678e-10,2.835880100727637e-10,3.9213888330036945e-10,5.508800859776784
N20002285,542.0,27.034068069709406,3.2094957744005344e-10,11.090281696225919,5.669834293457587,21.876011083398815,13.304341790386367,4.8063799343247835,8.749303188107039e-10,6.127462148526297e-10,3.8256919985293614e-09,16.21908312686282
N20002286,387.0,51.67577591268855,6.967023409906186e-10,14.865799401708552,15.927894293248796,3.8145482031986546,3.5657433515025314,0.7276961632278527,4.938517730252196e-10,3.5672475288828417e-10,3.2541661355032117e-10,9.422542672552385
N20002287,531.0,33.7846545050294,19.552118255792834,28.76141127591008,6.9296558757934195,5.5402056715334576,9.132771379159611e-10,5.853979917285484e-10,4.982768903298291e-10,4.5813099656764663e-10,4.140471792579239e-10,5.431954413071665
N20002288,893.0,7.671668682964519,60.741927784924954,6.741689544879155,16.608702319121956,3.962929460780114,1.992400878407064e-10,8.465137173410863e-10,4.547605307134974e-10,3.931200861535135e-10,3.215787385979851e-10,4.2730822051140915
N20002289,904.0,22.16475468903342,33.426466890330545,18.745964101461198,20.063298347766658,2.4431024736005003,5.803082023630095e-10,3.012670793285332e-10,7.28081832118008e-10,4.863226372382188e-10,1.2459350141519514e-09,3.1564134944657645
N20002290,484.0,4.322900787331272,27.502037385399152,7.876960646933308,48.54663242874335,4.640748777937684,1.481819420232316e-10,5.672127536854381e-10,4.778025969373735e-10,4.190846097824079e-10,5.207620319406014e-10,7.11071997152219
N20002291,384.0,20.96008082797636,44.418481362399994,7.309664087874627,17.70184740026226,3.5339931190978695,4.6153231199101216e-10,2.787039980690801e-10,3.9450257803296993e-10,3.687867926093778e-10,4.4763886271392655e-10,6.075933200437713
N20002292,681.0,7.083553066662748,49.19071321184434,6.660949026778453,27.730729836803786,2.334383695568665,7.92025558452139e-11,8.48578834749779e-10,2.9229757064966537e-10,3.7743283971366987e-10,2.4391037725932856e-10,6.999671160500593
N20002293,514.0,32.96025803208921,15.90780078883495,16.730855572231825,25.412290368762548,6.215414554636211,4.82404697309938e-10,9.274543855706875e-10,5.356619352580876e-10,5.204922524951295e-10,1.0579281811174588e-09,2.773380679921307
N20002294,512.0,40.15951845066374,10.761579341987593,15.911034810762084,25.272808283570914,4.1184566554549615,1.043761736942135e-09,3.027528518510771e-10,5.048579387734696e-10,4.279442122754409e-10,5.972968986729643e-10,3.7766024546840837
N20002295,625.0,32.07384445250035,22.05422353538034,12.468393063875437,23.539792610422953,6.979829723174845,7.567584975466747e-10,6.185458883930045e-10,5.476572251724101e-10,5.052630885393304e-10,7.336052809931741e-10,2.8839166114842363
N20002296,720.0,47.50290141658727,6.737217933731637,23.57721285617328,6.992435971530687,7.5738300609783735,8.403174205350566e-10,4.1062795114443356e-10,3.1510405191338164e-10,4.016826407277607e-10,5.069310402437847e-10,7.6164017585240815
N20002297,572.0,44.96659376751309,4.8480567004093915,19.83251937824423,18.281108342987917,5.29638730597971,5.187982710500896e-10,5.059361583735129e-10,4.804829015582677e-10,3.841072521131902e-10,2.572906945800109e-10,6.775334502719047
N20002298,465.0,47.0485457657063,6.60563951389311,23.93218754197088,9.830449455234538,9.892119897841669,4.6491388247047154e-10,2.330188721243615e-10,3.6220853187764767e-10,3.276722725792756e-10,2.262580734800666e-10,2.6910578237394414
N20002299,502.0,37.24685364340643,7.1968844466800155,19.205126479638555,23.551170433567993,9.426357096032719,4.753978543737043e-10,7.119164192463847e-10,4.679067696216889e-10,4.824337402619749e-10,6.104665499450665e-10,3.3736078979261723
N20002300,580.0,63.011694343281064,3.063150349779995,15.747640157157033,7.056698651722668,4.914446240395558,4.534796682897831e-10,7.385921016880962e-10,1.7749837696484526e-10,2.877888689285489e-10,1.5777099522770103e-10,6.206370255848562
N20002301,333.0,50.27390657221032,1.9993200871374128,36.21339973655033,4.462916139342454,3.407525912498431,5.165079404510648e-10,3.599557187226997e-10,3.591492610661378e-10,3.324872581642845e-10,6.143615008769636e-10,3.6429315500785817
N20002302,467.0,55.23816999552834,3.3873705122591034,29.56075747605334,4.059417105463227,3.327507908915784,6.863658096309062e-10,6.953935153860016e-10,3.5415726466649857e-10,3.4224453646296227e-10,1.5705313913314793e-10,4.426776999544983
N20002303,556.0,51.49711039846701,4.1054208278136,28.871812860667717,8.738064647307183,4.827035227562408,5.721771562129333e-10,3.082078947678331e-10,2.2845312065713615e-10,3.391840530124512e-10,1.2452178595676814e-09,1.9605560354888443
N20002304,379.0,50.18208430266255,2.1709036720416908,18.666241315310398,13.355787942004532,6.608125916754936,8.907469197718577e-10,4.861552452036348e-10,3.543232152373244e-10,3.882201463883472e-10,4.6185062711541066e-10,9.016856848644581
N20002305,564.0,52.49690998404479,11.889834199654164,13.641128141116472,7.192233428767744,8.881294640223034,1.0410301149436419e-10,2.701113826716162e-09,2.0916461131599138e-10,3.4619408850485206e-10,1.8293020963643963e-11,5.898599602814952
N20002306,585.0,47.86374496518433,20.32347721666751,9.870552042332902,10.039820950518159,7.904523284929706,1.4732666081773205e-10,2.2868455524441682e-09,2.5063368554610026e-10,3.3936141014740506e-10,1.2561870544102884e-10,3.9978815372176055
N20002307,341.0,24.37129606058612,1.8616621456123923,36.35571603030661,12.784271187662616,15.091493997056357,3.6759217830336696e-10,1.7627472936172669e-09,6.840222081093267e-10,6.55938074297888e-10,1.1403855287500136e-09,9.53556057416522
N20002308,496.0,30.08516031477756,19.893506165833376,20.889680830065448,10.010250210896773,3.0800074021815846,1.1754253496492693e-10,9.054795986799529e-10,2.819804345705394e-10,3.9021803199426105e-10,7.74212717584643e-11,16.041395074472625
N20002309,567.0,39.47063945079419,10.093272310254093,25.811168745715324,2.4690389582075345,3.9190972234785995,1.9865751866660737e-10,1.2806387085152547e-09,3.05661193178788e-10,3.7082052971699784e-10,7.177149808979495e-11,18.236783309322714
N20002310,781.0,34.90319409959593,4.21305002774016,23.060268644847522,18.351276150796096,15.691892352403942,3.9739109810029695e-10,9.4180651208537e-10,4.681582314623468e-10,5.478285274900129e-10,8.292636355206966e-10,3.7803187214319154
N20002311,428.0,49.470883337034834,2.5326747010461848,22.95272626788217,11.22546024760946,4.6355176850258335,6.883721477810535e-10,6.124692188719022e-10,4.943875106489462e-10,4.4417907088666705e-10,4.961252937000336e-10,9.182737758665983
N20002312,582.0,48.759197361394584,12.828616701409315,14.353333980515062,6.004183463168678,5.069289378824216,2.1953950207274333e-10,9.377874744130682e-10,2.318522969767335e-10,3.202070489083842e-10,5.793477285370321e-11,12.985379112920823
N20002313,531.0,58.659961305730114,2.5180701285126545,20.02931311040714,1.7102561589837535,12.323353633848113,2.2410087241702745e-09,1.149604889820713e-10,2.6912035943020573e-10,2.764914970886394e-10,7.654221276251641e-10,4.759045658851215
N20002314,302.0,49.35468912257724,3.926916316008449,17.538559367635678,1.7982688781411238,19.811844088757695,1.802195191935729e-09,3.144785908327513e-10,1.7178303159741726e-10,2.3443628506613217e-10,5.258165410977099e-11,7.569722224304341
N20002315,434.0,55.06125092372483,3.1425263137074806,16.773888319939562,0.8814136073931391,15.974738272580236,2.2599937097399857e-09,1.90511329018049e-10,2.7380702476865696e-10,2.8994477367669347e-10,5.599254395640208e-10,8.166182559080575
N20002316,331.0,66.48866684588477,2.913823434043834,11.339318450394055,1.9883225042813104,6.555728784199304,1.2358651184819496e-09,4.316434728962826e-10,2.856415101537625e-10,3.1362131669626083e-10,5.560541014126403e-10,10.714139978373902
N20002317,595.0,65.0629361605675,2.471947295889039,12.287855224274074,3.738558586572686,14.488913252567222,7.400781840551402e-10,3.305540069649129e-10,2.9273134682183663e-10,2.6204813561676076e-10,1.4882867509010376e-10,1.9497894783552256
N20002318,840.0,78.77941744071873,19.179302925675415,0.2820828597125333,1.748303130341823,0.0001730977536375659,4.858165772041965e-13,4.596771658326961e-13,4.249149561930361e-12,3.1501550377365562e-12,4.25827140723113e-13,0.010720545789097678
N20002319,736.0,62.57835759905428,5.794501012997092,12.917877702084107,5.9568287090348235,4.250748857462256,6.191191180593491e-10,5.252582347918285e-10,3.1674414887862207e-10,3.4177080045511167e-10,3.0163012901555553e-10,8.501686117262922
N20002320,748.0,57.543969594746954,2.5002860818505934,22.78216942970498,1.262353159007081,7.366673798659407,4.899941160676416e-10,5.456185368020635e-10,1.8813968187287303e-10,2.656250986932681e-10,7.000227197699548e-11,8.5445479344716
N20002321,560.0,68.95267052162505,3.4771834830480963,14.39100692109163,0.6446528827000199,6.023222022297928,5.02968276788659e-10,9.692029737574774e-10,1.613116425564113e-10,2.1985993085180614e-10,1.2519413560555626e-10,6.511264167258747
N20002322,644.0,52.170901684355066,1.1694368385787408,22.658799545956935,3.924055841813997,12.67820629855617,9.027418283346319e-10,4.997138887996807e-10,3.6562068813747355e-10,3.8547273555622245e-10,1.1022843774443795e-09,7.3985997874832705
N20002323,623.0,52.89650212808324,2.256659590632306,22.415379829928465,2.1238366322839433,9.59730678599087,6.805829079495403e-10,1.420843475182965e-09,2.1862650048366555e-10,3.491421395314551e-10,2.5663423680774074e-10,10.710315030155344
N20002324,666.0,52.532746666513276,2.809073051751741,34.034217210703076,2.0863868340828566,4.922673383474104,1.209589282348589e-09,2.114116929668984e-10,3.742847938191184e-10,3.1094229076987285e-10,5.519255241118553e-10,3.6149028508167884
N20002325,557.0,56.4892181971974,2.71258269454688,22.661235444676556,1.9345187271839581,12.91211916528707,1.9873682887032194e-09,1.2282717754038693e-10,3.42333620013149e-10,2.944457011002346e-10,5.225379674613079e-10,3.290325767838636
N20002326,574.0,57.57929097613598,1.2356170973115343e-10,13.566263199285261,4.913852657101569,13.818848140844423,2.179658037282632,3.4305583512558107,4.844863461685676e-10,3.9067423694276416e-10,1.0084368364434796e-10,4.511528636994763
N20002327,369.0,62.05230455899364,6.988868031016325e-11,16.241657771543572,4.02018259643261,10.968173474098938,3.5406148086859037,1.0030179309885248,4.602515374780858e-10,3.327904819406481e-10,2.9449939475977523e-10,2.174048858099368
N20002328,480.0,55.3798067043383,1.3539459214649001e-10,24.652739514483674,1.0027476363661783,11.1669980610791,4.435887889491894,0.9963207110724172,3.1879015523811817e-10,3.0065147530842013e-10,2.2454395101580372e-10,2.36549948218907
N20002329,657.0,65.98773248672025,3.29204873373691e-10,8.29943065522325,5.863739783266188,2.5748272174200224,6.611997938814312,1.075604124901935,3.0326316394054566e-10,4.109166929960877e-10,4.399894805411459e-10,9.586667792170674
N20002330,525.0,49.88684465926199,9.36495703436188e-11,23.239704563650665,6.315401086407227,9.45514027654848,3.9455733829683934,3.4160858258191498,4.582749688783919e-10,3.9372223226340533e-10,2.1344381316659804e-10,3.741250204185013
N20002331,407.0,7.351699923411031,1.5513992603024392e-09,3.1924921286977446,7.71947372730674,1.8696014471338063,9.820624635679389,8.265386963521895,2.712955658068413e-10,7.415596799105689e-10,1.0770638809812466e-09,61.780721170608075
N20002332,628.0,65.28462143470064,3.054749369720558e-10,13.33368640663658,2.055262885823375,3.142606135525909,7.966871476968435,0.554166102561511,2.812135609610475e-10,2.9947434987315727e-10,1.8382231821029454e-10,7.662785556713553
N20002333,387.0,64.26607972773736,1.2711887685889546e-10,19.284135280234317,4.774463682669571,6.755475605011919,2.1559037955689084,1.0121609376186462,3.3362824712909874e-10,2.8593970553992216e-10,1.6056174365988922e-10,1.7517809702520044
N20002334,709.0,28.56542046699126,6.196858199844912e-10,6.524170899767416,2.2433456534420384,9.98105405715976,26.891744755477593,2.612116101892945,4.102144446946477e-10,7.053332427953289e-10,1.3676004176313234e-09,23.18214806216617
N20002335,465.0,15.078791915308262,1.094109935928919e-09,1.6919480777172955,2.927323230764662,8.268048164446622,33.59803249974128,4.922318376084997,4.590099812964769e-10,7.789892822693119e-10,1.0715336935222819e-09,33.51353773253324
N20002336,650.0,47.158263240225025,1.773649573909017e-10,27.89850382490241,4.580094196436123,15.147987866672624,3.0655624633128125,0.864333301531224,2.774204541303489e-10,3.6650032730584694e-10,5.309859129728243e-10,1.2852551055675099
N20002337,474.0,52.75502636713894,9.492712357386843e-11,29.389291855266908,3.218834873901519,9.013436999778028,3.2308981486683286,1.3278737854900975,3.392624057619873e-10,2.9021565327714345e-10,1.6214201326983476e-10,1.0646379688696301
N20002338,258.0,50.889284217805454,1.9441225400293073e-10,6.417678081379805,14.666431697341498,13.066529478824568,1.8747431285530944,10.250284636798709,6.758297859298619e-10,4.480311120733575e-10,2.6977921743086993e-10,2.8350487577088304
N20002339,429.0,43.717563899623606,1.7170787720530093e-10,24.375712568415725,3.808739016833963,14.60888523527285,2.636752236938249,2.298059677273754,4.5595990257379317e-10,4.1100219542575047e-10,1.9219685481291195e-10,8.554287364410973
N20002340,231.0,46.647416367332184,4.874215505103086e-10,4.727292807142034,1.6920274361223633,5.900441898801593,22.671344998860402,1.3786564344922183,7.365721905908051e-10,4.699198640566302e-10,1.4403499380589943e-10,16.982820055411256
N20002341,533.0,75.74416850076055,3.1151864443402275e-10,9.323170300496933,2.619954962216187,5.742019473919878,4.800480831858674,0.27468369797043635,2.5870231627778593e-10,2.4305012555639186e-10,1.2724858149641792e-10,1.4955222318368178
N20002342,503.0,40.18692269035107,3.764560105572527e-10,24.998374386668655,1.1369258737745742,8.657601095532739,0.6961148671218829,5.1829920936495375,1.805454796614876e-10,3.1006125768325295e-10,3.372241152106197e-11,19.141068992000765
N20002343,358.0,64.23370053551733,3.559062516961094e-11,20.425404701189535,1.8485682678277744,6.0538326698689255,2.639205788314903,1.8449832695252193,2.452607113752193e-10,2.305097228501849e-10,2.4867447174595105e-10,2.9543047669962794
N20002344,614.0,58.19159470451074,2.886094020663076e-10,23.76799479599681,1.3163698549148044,11.872962444382233,2.5557037513216496,0.6758687947101624,2.5682054340822057e-10,2.9149227271595797e-10,1.1589705405944393e-10,1.619505653210764
N20002345,374.0,59.23376569517272,5.685899360866133e-10,14.423624882796437,6.95656544273123,3.969372074706632,6.519667021962972,0.6799223789691394,5.720783086655522e-10,4.754295035930143e-10,5.368560418317078e-10,8.217082501507912
N20002346,380.0,55.814937326905664,4.4022909703144695e-10,21.900145980331526,8.127062795023766,5.2248232245722575,5.691150058058227,1.2325481891973389,3.8369162184893073e-10,4.004623441139082e-10,3.962107281184012e-10,2.009332424290619
N20002347,531.0,58.385001217656665,3.653952695760939e-10,6.476867159685843,2.883858358528053,6.33299502792953,12.819519583787889,1.6085806240835006,3.9804408147906985e-10,3.744328190155869e-10,1.424387091376294e-10,11.493178027048199
N20002348,412.0,61.197369762590824,4.826694495732973e-10,17.90198549652264,2.183445650138156,9.066763230495988,3.868198745023739,0.7268394182028949,3.385172838583564e-10,3.488990138454137e-10,1.7677494581941549e-10,5.055397695678895
N20002349,657.0,74.65904185532413,2.2381153530813487e-10,15.57603326230034,1.0452797971212602,2.2059166668069623,0.528912906452728,1.7590923321188656,9.857247900218357e-11,1.8341675174477762e-10,2.2653542628691532e-11,4.225723179347244
N20002350,496.0,24.56591692169381,3.206925552824579e-10,24.206627044742525,24.205029478929678,11.382451053833593,4.30035390168262,1.8563035879624223,4.014480178142942e-10,3.155503427983221e-10,2.386498409863763e-11,9.483318010093805
N20002351,671.0,35.943921047594166,4.67163912189446e-10,24.337123301768422,2.6114494232623593,5.908365475072279,0.9320523264297325,10.278273928124362,2.2743448873404177e-10,4.6145985284710896e-10,1.6598431894158019e-10,19.988814496426638
N20002352,508.0,50.326488182402485,3.8208676307578954e-10,9.72167564184388,10.446727520198728,8.597218082266266,8.540604652321937,2.37840327419174,5.754242515777342e-10,3.5152159927413985e-10,7.736868122607719e-11,9.988882645388562
N20002353,823.0,61.4389782694444,8.461914770049117e-10,16.49115506808163,4.0515155064038995,9.153277545976202,2.5137903860664563,1.7117184572756037,2.5874855147876196e-10,3.865334365932732e-10,1.682552346279668e-10,4.639564765092082
N20002354,311.0,56.71797371728196,4.1934539658294303e-10,6.787331558437601,6.414325285679682,7.566071451423786,15.274903694697667,2.0383868514992898,4.799890468967333e-10,5.270828679581455e-10,6.081976798515538e-10,5.201007438945402
N20002355,490.0,49.44935667754416,9.181320499837388e-10,8.601118714573923,15.618720745528833,6.1254187233910455,13.103610534192455,0.8554930077725693,4.6059463596742725e-10,5.147666261526847e-10,7.751920694650328e-10,6.246281594328332
N20002356,476.0,53.007426196356214,1.7393483380140126e-09,10.66155463336724,7.13996768985006,10.733488189168133,12.64391451654501,1.6939085459895542,5.138207356754617e-10,5.254954905219315e-10,3.743073735072377e-10,4.119740225570833
N20002357,432.0,58.6570434371218,2.0748040122522565e-10,25.64721203341025,4.531567230862832,4.175292401973269,3.4255997822252553,1.0777841492454616,3.4354079121743263e-10,3.339315091242175e-10,1.2375913306015954e-09,2.4855009630385934
N20002358,368.0,74.6840845654244,1.0439860926573495e-09,11.330442802192698,4.617497300671839,4.8694987989639404,1.0100784861656795,2.240735386766798,1.7348567764133083e-10,2.6061354305143634e-10,1.5743765191124124e-10,1.247662658179117
N20002359,224.0,85.62304541007913,1.1058906062853898e-09,3.64126832115466,2.19725001307722,2.9016347169547405,2.5119475686562938,0.4076398214054277,2.1094047767876457e-10,1.9800948051495517e-10,2.2144903314938427e-10,2.717214146936233
N20002360,498.0,74.89284769969748,2.4550798731184877e-10,14.714069876121641,2.8586829124402766,2.4245053591714094,1.1726956466769431,2.1555456018118133,1.863598614724287e-10,2.033524119886597e-10,2.23232915663869e-11,1.781652903422886
N20002361,388.0,11.484244123235664,1.2412913869666676e-10,12.65559602656438,60.39007394628661,0.48866543468241924,1.3579595407245673,1.2101181522173594,1.5974442530508639e-10,3.4517401416467606e-10,2.494864521645752e-09,12.413342773165082
N20002362,657.0,61.328042958661854,3.6088569639255307e-10,11.102549737390657,10.616544022831716,4.118057123945864,5.079219202101538,1.8873159216187512,4.15659422471715e-10,3.967265942475245e-10,2.4662669538032314e-10,5.868271032029723
N20002363,513.0,48.2346236949298,6.117237916708755e-10,11.295914445510343,8.809476518600407,8.891757672608467,15.273756698024329,0.9122469365810576,5.145185480575148e-10,4.6216657871783374e-10,5.83501531384357e-10,6.582224031573684
N20002364,469.0,70.90729362641214,2.0105425562848583e-09,4.244241592901017,13.608027786046023,2.136527893375253,3.454843821856902,0.9936651987913554,3.752117539377273e-10,4.136761979305206e-10,4.81950384181352e-10,4.655400077335932
N20002365,298.0,46.12238932757254,1.0648421976764094e-09,5.52796936418158,7.363590402362666,6.05099160955255,23.424579130013047,1.3217317502673347,5.037350641466683e-10,6.446781828936471e-10,1.6526331837669623e-09,10.188748412184387
N20002366,491.0,56.522235147907395,5.577899221407626e-10,10.460791090239466,6.4793424459174505,10.682647579595567,11.535076576476524,1.3382673880196434,4.047011763538538e-10,3.884673985298216e-10,2.270452523292636e-10,2.981639770265954
N20002367,455.0,75.42500524898583,1.132300091950152e-09,4.551280860011191,10.863393516658116,2.869192866881297,3.444108190512496,0.7014444484795318,2.1955010266600233e-10,2.3068782883519917e-10,7.972520684492845e-11,2.1455748668092736
N20002368,511.0,42.98511489832556,7.439414259540231e-10,14.075889807161927,7.572937006371962,3.3885196669190814,10.558680134164094,1.4765907090897703,4.673375450608212e-10,6.648157717339347e-10,1.6953537142532644e-09,19.942267774396147
N20002369,426.0,75.74242695880066,2.349961412916133e-10,9.496503939848262,3.4110571560942633,2.9433918650262902,4.864833997958132,0.5860659389579864,3.8094623753386555e-10,2.80047882385181e-10,1.5439533061794143e-10,2.9557201422640107
N20002370,477.0,36.54238375544653,4.027266158256193e-10,7.6216171403751725,6.0305402716956005,4.40414976512252,16.66542609694355,6.461095333031635,3.476237628586794e-10,5.518160912340429e-10,2.8606541111470384e-10,22.274787635796763
N20002371,440.0,54.77659907699524,8.761838586471893e-10,8.683930194109607,3.4446694852181916,3.7014350062087926,17.935573260199238,2.1532635921360392,4.939509492538036e-10,5.19214543898006e-10,2.0338373242235657e-10,9.30452938304017
N20002372,690.0,68.86518084278755,8.601292843041435e-11,9.457160215399119,7.8635629489240415,5.550244562165429,1.8448831683582065,2.4893898872478895,4.5312336065150354e-10,2.7973911473976763e-10,8.304749535970235e-11,3.9295783742158266
N20002373,699.0,53.93387800470377,1.1529341110142998e-09,7.451460880838619,9.46552071186455,7.403997460232846,8.629381458362873,1.7115514593886938,5.355353697487264e-10,5.4523270048126e-10,5.819236192444207e-10,11.404210021793022
N20002374,500.0,55.95350550541743,6.605712427645259e-10,6.864014896035204,6.390049731011194,6.652667342889471,14.065502649716075,1.383220789093913,3.386874196467291e-10,4.853019145259875e-10,5.301001595278916e-10,8.691039083822059
N20002375,410.0,30.2557292320955,6.044048704354725e-10,28.748292210565257,9.527068172059396,1.0235576986000352,9.538165462670245,2.3054252869718495,2.821203505460993e-10,5.964743481458781e-10,1.3551616085443479e-09,18.601761934199565
N20002376,226.0,67.30708440218474,17.010022680724983,3.8195386053145173,1.5148068175204539,3.7371761527915437,1.0610557322588792,1.460100056179896e-11,3.159992993161102e-10,2.1000655928184258e-10,0.4714085895327299,5.078907019131551
N20002377,678.0,29.53821166737145,25.887622720736235,22.468117996112603,4.33839256534608,6.2348450583269965,1.8501806176975548,1.4822878049705263e-10,4.969323170386168e-10,5.769812457611715e-10,0.8884042458412624,8.79422512734569
N20002378,537.0,37.60542459298226,8.762762556044072,14.5529955968527,16.673919043142952,4.284605974071948,1.0520306693477008,1.8938228488764477e-10,9.353667865287792e-10,5.999339412337991e-10,0.5746117312986295,16.493649834535052
N20002379,755.0,69.695939136847,4.556239770748765,5.161684387639744,0.825585233776133,3.3911328350631957,4.263350897239052,2.3392617006034122e-11,2.8929960622626814e-10,1.8067389530257785e-10,0.14184079272932404,11.964226945463425
N20002380,423.0,54.72711538807927,3.2425153247212832,9.593199221352192,1.0959766855304804,6.795642222742747,10.204912151179215,3.2541531106729095e-11,2.770455688620933e-10,2.835198990508178e-10,0.5622687359358781,13.778370269865825
N20002381,459.0,38.54517725376209,11.994794591017827,14.31631825653945,11.40537382310296,5.810943590731968,4.749562614161213,7.30513467601097e-11,4.5071448510088885e-10,5.346045691455484e-10,1.0691158574779682,12.108714012148154
N20002382,640.0,55.31751836176463,3.668803894781804,5.860145247740751,1.0369092968005973,2.670077621378164,4.811180069948216,5.818079227071221e-11,2.426856010384774e-10,2.090371794412162e-10,0.20290788084321992,26.43245762623272
N20002383,408.0,30.12154651490186,9.279552617775353,2.4342833559956265,2.3137665265413627,29.54289909238722,2.699391540621292,9.72158806866298e-11,4.1954312088134556e-10,2.8991737186342656e-10,0.4680613204563513,23.14049903051427
N20002384,496.0,54.12272583202441,7.793396574672228,11.14711504979534,1.5016889261115516,3.229651080895618,12.028936279825329,4.2054280350743555e-11,2.069934044629064e-10,2.786955609651329e-10,0.3942633639914329,9.78222289215635
N20002385,617.0,23.123137835460703,20.098779677662492,16.997147132390364,7.0223860450374005,18.274490781668522,1.1676407879234723,3.6627549300557106e-10,7.885725053860821e-10,7.005661462779587e-10,0.3945159301810489,12.921901807820593
N20002386,639.0,58.78505224460461,2.711307559236982,12.870901769364698,0.8228652344975046,7.974895536226725,3.63752105745767,6.201347641915669e-11,1.7884353301109517e-10,2.456515648585504e-10,0.11462627912877196,13.082830318996544
N20002387,628.0,46.24809234174187,7.196230696858638,7.082051977754306,7.0847456470012515,14.85378805255167,5.10732975658202,6.521505291436544e-10,4.1853644177539455e-10,5.221012946058192e-10,0.527638526845444,11.900122999072002
N20002388,580.0,17.795234972775127,8.98032666850753,7.637276343947727,1.3948015197006856,1.288885315199719,11.784556039176117,1.0015915741133707e-10,1.7147092675233535e-10,3.179378025993097e-10,0.2862088041434448,50.83271033596009
N20002389,565.0,47.60868661285629,13.013000640454598,14.389550656542498,3.9373067341718637,10.63574713780793,0.4394327595239756,6.006751778021873e-10,2.096131200597653e-10,3.199317529534586e-10,0.04394839801447655,9.932327059498142
N20002390,588.0,49.5073991087875,7.430479576909418,16.83989539252694,4.749832704561458,11.91357703324845,3.3965387723926677,9.69847737292224e-11,6.128086677752268e-10,5.384001109716273e-10,0.907359558431169,5.25491785189419
N20002391,258.0,28.74328138129676,2.037402546840452,40.33944266437574,3.652891848519302,10.640396973278934,2.3453074048316394,1.4750864785973595e-10,4.729492668082963e-10,4.78839560778852e-10,1.139085024214817,11.102192155543054
N20002392,770.0,39.957813551743776,13.787802393518112,17.996524214308284,2.616811579310782,8.356200089866563,0.41087917665797064,6.903153428626789e-10,2.838420583444084e-10,4.5239325186409983e-10,0.07199503621797501,16.801973956949993
N20002393,572.0,39.64230808165083,2.259183725524974,20.316946912809325,9.282654369717456,10.55790202643066,2.3482073728783384,1.4965454777947932e-10,4.1463502130782654e-10,4.1782946467950095e-10,1.0332947159836248,14.559502794022675
N20002394,467.0,61.806703113032036,6.825037542020905,7.534930930711048,1.9751604272576089,7.304422507920839,7.477961440629882,4.805875378202181e-11,2.5757802759373565e-10,2.6716019940488465e-10,0.16718118725798464,6.9086028505969015
N20002395,397.0,36.16950521895112,23.7445153428723,14.974079683530586,2.715028985958826,3.9238814381099276,0.45433811922192163,1.5726202404635485e-10,2.549836220220985e-10,3.2412467863313344e-10,0.03179234502340714,17.986858865595543
N20002396,350.0,29.661795270276187,2.667687061804811,22.358688886760046,5.448637061497652,23.88367450731786,4.756698553306004,9.762023529802706e-11,5.309755876018643e-10,4.862788464557307e-10,1.0483472803552074,10.174471377567357
N20002397,476.0,25.89291845772784,2.4070597889546406,14.252673798042284,4.841767511315037,37.72542060514263,2.148439690944955,2.2557409328397214e-10,4.933232157675815e-10,3.763031003206509e-10,0.18232881992677427,12.549391326850634
N20002398,454.0,9.362192549209917,25.62356921495968,13.9638358581744,9.808346114339377,6.638003590733729,4.3092934033886285,1.1369652499771048e-10,2.762048746147231e-10,4.396093029785302e-10,0.2391050924470001,30.055654175917752
N20002399,705.0,30.784393313821916,5.592893544512148,14.053987884613903,8.233206829337613,25.009776142430784,2.257779422661357,4.32216272891046e-10,6.589335950151889e-10,5.671442196848924e-10,0.6277187020430551,13.440244158920944
N20002400,304.0,17.46970880926322,7.000803542316018,10.523047805669634,14.342114672399934,3.153917085968134,1.7012633683186982,7.847286037076608e-11,4.840808660760897e-10,2.703102502023921e-10,0.018687019820119513,45.79045769541136
N20002401,402.0,26.312902207063427,3.621478166194177,26.255476353667497,10.552684776744965,10.583178310513878,1.4365556051930024,5.94517522630649e-10,3.557412985898476e-10,4.784443625574989e-10,0.12397406121533107,21.113750517979014
N20002402,413.0,1.0370499703768121,9.018871840666096,37.01009225158189,9.295952147433152,2.65639447213105,1.764682655641532,2.8125587056959094e-11,1.1885938616078105e-10,1.4306527575828941e-10,0.012332853346146573,39.20462380853327
N20002403,403.0,27.423695842198892,2.6659132604076907,11.848222028281299,1.8690170872598302,35.21684982937398,2.35013697849012,2.1373882178755842e-10,3.2016494879980574e-10,3.004552412614948e-10,0.08089452932756241,18.545270443826254
N20002404,1045.0,10.770151897155177,0.8191001434294681,38.35522085966227,37.23653713437473,1.213206858021289,0.012693506858851004,1.5415007979203028e-10,3.0572394263021466e-11,3.739612460859667e-11,0.00028095271484689604,11.592808647561252
N20002405,512.0,3.5394338879250427,9.408979635423828,9.74544059639057,47.97887509447595,4.967950724665119,1.1017641203797295,1.6812633795398346e-10,1.349588650460012e-10,1.423600600566861e-10,0.0055247716287489665,23.25203116866557
N20002406,563.0,36.85603647000298,2.0828177931587115,13.54395570676574,9.576428497415394,25.23165948421059,0.8496501360214558,1.8357299380575797e-09,4.670135702596258e-10,4.2423882263381136e-10,0.11390418775148664,11.745547721946677
N20002407,251.0,48.95639560953812,3.1509261979039636,17.020775933658648,1.1216237337723094,6.588777419578999,10.136042839603045,5.959299316291013e-11,3.1318331000210834e-10,3.5472874630446726e-10,1.0638983544621137,11.961559910755291
N20002408,565.0,45.05609367807278,2.087908909621961,21.162167999488997,2.8125630713610494,15.900755618354069,4.339735504355087,9.601052850509177e-11,5.092430575379794e-10,4.174549994111742e-10,0.7071035913715165,7.933671626351827
N20002409,413.0,32.43755659509208,10.994081655400896,8.390448911007953,1.7621074238341319,5.252320137020177,5.945999229175833,1.3379329045869368e-10,3.2469352111970126e-10,4.73160675194843e-10,1.5350053743650667,33.68248067317221
N20002410,398.0,24.43193717248357,1.9784176231435295,22.955080401414246,14.370657523998196,20.65376302803039,3.3426394562967343,3.359869805122018e-10,3.247231617616428e-10,3.320222441594114e-10,0.054341161128292625,12.213163632512318
N20002411,590.0,59.77899433735726,3.8028112488347183,15.683140165706636,1.9943800521726667,8.301565406359785,3.360766666097886,7.268706529161594e-11,2.623347062558518e-10,3.227654289664727e-10,1.0911649633894542,5.987177159423815
N20002412,476.0,48.07683360402063,4.504385689795547,16.377375613314964,1.4218884338649846,9.825319298969374,2.7274674334352285,5.638748061634464e-10,3.654101440597997e-10,5.531348901262214e-10,0.5556947134289967,16.51103521168787
N20002413,303.0,42.23257042042408,1.3943133228703952,8.089711381687485,7.355337387338068,20.05178554088195,1.3171462558283986,3.9190326717900515e-09,4.231328557380825e-10,4.0309186814019385e-10,0.29990376975481986,19.259231916469542
N20002414,531.0,29.531643547788853,5.782776967130446,12.253492790054574,1.2795802973623298,9.539541092220169,7.340972886010411,8.719742154617324e-11,2.6703358485679374e-10,3.1654807088230077e-10,0.3795311454734312,33.892461273289
N20002415,442.0,46.05813793256553,10.212812562083739,8.596191367391242,1.814729521407258,8.771867211811617,17.295578351275136,2.198775764287795e-11,3.5688114824391e-10,3.255497801339897e-10,1.1675991468143516,6.083083905946682
N20002416,412.0,45.67769208927363,0.8371117236253929,17.15025843386481,2.531752003024051,19.074106061312506,4.332077451702407,4.061746390257446e-10,4.1404867755297925e-10,3.0262190471983154e-10,0.22147634234358815,10.175525893730764
N20002417,514.0,54.34869800538833,0.38796967353071904,20.412070906771497,3.8781553778190134,6.963506122356068,2.8751255390366817,2.875343247550561e-10,5.387939611731025e-10,3.245026315821964e-10,0.17078162497478258,10.963692748972088
N20002418,424.0,30.888115850905983,2.782072955971067,16.867711269477013,3.618957462611331,12.90538736042515,14.01141345355647,2.0635186657476683e-10,3.875475736958023e-10,4.6067451677569825e-10,1.6533157451422027,17.27302590085621
N20002419,278.0,33.6168824638783,5.693339583733707,39.06505382667051,1.985709828504743,5.89779721703471,6.761719090048808,6.446812822527851e-11,2.680893366594601e-10,2.6399988690512663e-10,0.23547057784226638,6.744027411690393
N20002420,475.0,38.38380546000584,3.124140457115264,7.382654478795309,2.6305526683245515,8.017763737644255,14.098658138179932,5.732067442339673e-11,2.9618332141071317e-10,3.030347909227258e-10,0.2823932392000989,26.080031820078215
N20002421,276.0,20.32821268488987,12.893654954481864,6.881127876974132,1.4071711148806276,12.883502148700055,4.662451469363289,7.767716664984185e-11,5.323966502938684e-10,3.906251400115095e-10,1.2019790660594614,39.74190068365001
N20002422,269.0,37.55987054386713,7.311277610779511,8.34910259210864,1.5856368510035195,13.134713001944412,8.809440541770911,1.32599951510311e-10,6.572539745465039e-10,4.78524143110334e-10,2.7586559141557503,20.491302943101736
N20002423,502.0,45.94820486645895,9.540875590227255,9.437826690183428,2.4868043407603713,1.916546234245912,15.2059099896925,8.255088014446524e-11,3.3161338229712483e-10,3.823791130240919e-10,1.1266605765600968,14.337171711074923
N20002424,533.0,28.256276533630636,4.1083714124794493e-10,12.353370168574392,5.807730935879314e-10,34.37359510540553,2.4043683830534293,2.6147535805489387e-09,4.894988889488612e-10,5.965175316048581e-10,3.4413614193436045e-10,22.61238980429951
N20002425,622.0,42.98546091347604,5.502960134041037e-10,19.337034038234165,7.764424673571737e-10,12.71848511741099,2.2937966543537307,1.1870451942346182e-09,6.582541329588662e-10,7.429694525860283e-10,4.968826411509024e-09,22.665223267641245
N20002426,460.0,37.34260477394217,4.007427106706001e-10,14.203395634955255,3.0552333167256664e-10,35.57884021343092,3.6992548882504557,6.06210936562109e-10,4.0612371702827343e-10,3.7978984037479967e-10,8.578406724850317e-11,9.175904487237007
N20002427,518.0,41.866888584780625,3.138217412695119e-10,22.936495586830237,5.888436337091524e-10,14.147424604690626,5.466636649688271,4.690042972531173e-10,7.635625162705696e-10,7.034532412582536e-10,1.969110734098533e-09,15.582554569202433
N20002428,234.0,34.47895337465185,1.7584162860755076e-09,22.139810854269435,4.227328476611578e-11,12.583005244610035,14.993383083897296,3.7485565310808614e-11,4.703296956112985e-10,3.690752225525443e-10,1.9571920662750823e-09,15.804847437936608
N20002429,572.0,23.242001995442887,7.749027775720509e-10,14.099957001242474,1.2419083655214505e-10,2.042892802495904,15.335497874412269,1.3716145174894743e-10,2.351049953632559e-10,4.347170529699142e-10,3.854514578552859e-09,45.27965032084586
N20002430,429.0,64.7608861874267,6.236278641532496e-10,14.828008791051298,2.0989043146828823e-10,7.38331221578833,2.8333561655337904,3.862924024091465e-10,3.1079964252630523e-10,4.0268664634839237e-10,1.5273635921954186e-10,10.194436638113835
N20002431,438.0,37.44906734242062,1.2699090510988874e-09,3.811724903815298,7.541011878212823e-11,1.781855107683563,46.46365052499024,5.4649589625361276e-11,1.9447979426656467e-10,2.649777470416487e-10,2.2442551508709178e-09,10.493702116986599
N20002432,484.0,31.364245423463956,2.5863055041073647e-09,3.090344152504483,2.06940964840464e-10,5.119302614685797,16.862709092416956,6.47446050970722e-11,4.121961143250159e-10,3.420112070052337e-10,4.5575488175103726e-10,43.56339871286086
N20002433,434.0,49.817317977775865,7.511333820108447e-10,16.754937890159066,7.3433041463709e-10,8.523337390345935,3.8923345670810607,1.033372299388929e-09,4.3184672889487215e-10,5.592037062087568e-10,1.6246085761783885e-10,21.01207217096573
N20002434,267.0,69.54651585205625,1.5549984289390815e-09,8.657901001016839,1.0414537248768889e-10,7.386878356008389,7.2110419053864545,6.685149427109384e-11,3.284670297027659e-10,3.4838392104137896e-10,4.1380732131313836e-10,7.197662882715422
N20002435,669.0,62.57474620955272,6.010906294934255e-10,15.401600735363086,1.349257348375361e-10,10.396171087098612,2.3106176935913716,2.235518913725342e-10,2.771980356160752e-10,3.3228464748431525e-10,2.58859746565701e-10,9.3168642725663
N20002436,451.0,56.13756533924654,5.009371410538459e-10,9.109316686602169,1.0898947636643359e-10,20.276705990660922,3.8058460157209164,4.241076738576429e-10,3.806199803062146e-10,3.9188468484910094e-10,2.2647869419246845e-10,10.67056596573644
N20002437,711.0,61.91405981216297,6.729913154022543e-10,13.143978066052018,1.8633008943708098e-10,8.260038275198923,1.322898173187407,3.357490313543106e-10,2.693206264899373e-10,3.496574134314096e-10,2.1135596278909126e-10,15.359025671373278
N20002438,476.0,49.3635189033688,2.447280937524112e-10,25.702850354264058,2.746947497270808e-10,12.727374582430462,2.226745838127251,4.2736265301328613e-10,3.050677518270571e-10,3.402348817084046e-10,9.380316135353239e-11,9.979510320123532
N20002439,765.0,58.96413553184253,9.158258085772177e-10,22.876801021401278,1.887905499030145e-10,5.037258355186283,5.132691843377123,1.6821456855616655e-10,3.75662842897603e-10,4.018604734480144e-10,2.3199898773395652e-10,7.98911324591044
N20002440,644.0,65.96963753188807,4.885478101120255e-10,18.231768399617557,6.80569069615663e-11,6.194819463956459,5.36829245712512,1.0556361349973418e-10,3.091540330321178e-10,2.9693176224635796e-10,4.389536981650909e-10,4.235482145705573
N20002441,618.0,47.6453022937097,2.080636889322884e-10,31.891678170577897,1.27877187210623e-10,10.275746204422195,3.4899749025706432,3.128024165954866e-10,3.249278800710194e-10,4.006835049300499e-10,6.506716514180918e-10,6.697298426694537
N20002442,544.0,45.0448820318809,2.6765022226031373e-10,22.387036286959585,2.082792293967394e-10,13.523051869887896,3.824304851502854,2.9211009275409984e-10,2.9723731854793355e-10,3.4163641450985607e-10,1.0182485188683274e-10,15.220724958260016
N20002443,412.0,34.42645429884611,2.1222554414691608e-10,15.632861707312513,2.48382429662832e-10,21.26912775316201,3.444731261060332,9.049802350277073e-10,5.574940640752191e-10,5.098226487936399e-10,1.6777657282277462e-09,25.22682497550837
N20002444,576.0,41.48109472417754,8.077191422803001e-10,31.93768541996923,2.530381599501066e-10,12.286001399964306,3.3868162428303026,1.8514244437856994e-10,3.605601670818576e-10,3.7074182235640647e-10,9.821611867048322e-11,10.90840221098321
N20002445,582.0,48.93430569421966,4.00184838890056e-10,24.060902129300914,1.7607546904334518e-10,9.55824463574827,5.26533427382959,1.8887183122250302e-10,4.2168226264887776e-10,4.392266774729532e-10,6.873048429240262e-10,12.181213264588218
N20002446,603.0,50.832923479614024,2.2708586727454966e-10,28.31511820420293,3.0638888632052324e-10,10.371671423117425,3.193227364966061,1.5937486854245634e-10,3.5799883987515074e-10,3.4848215352015983e-10,1.7633580485535908e-10,7.287059526523905
N20002447,582.0,39.94022020426611,1.35701473824144e-10,31.64632858958225,5.160876042199569e-10,10.219014837897742,1.8893696993822082,3.4423149905530775e-10,4.865226994274248e-10,4.5151874862790074e-10,8.362907927148049e-10,16.305066666101332
N20002448,485.0,34.226773352058586,1.0344716003054467e-09,15.82166611581362,1.355563138209703e-10,21.656017078384025,9.057505783158101,2.2969254808153828e-10,4.518773612600624e-10,4.373543860004569e-10,3.161764025924568e-10,19.238037667980546
N20002449,549.0,40.67762978107877,1.9090395337376508e-10,29.520091350713084,1.1960353587396847e-10,18.129848514635608,6.217992384496692,1.0481442868434246e-10,4.570368470621668e-10,4.061614058209225e-10,1.4270540412890515e-09,5.454437966370277
N20002450,532.0,49.96737479579663,5.253730071474669e-10,17.651693181753323,1.1807931937080247e-10,15.297923989659736,5.001670970428722,4.846700493445334e-10,3.573394536619955e-10,5.083291278109016e-10,5.444477449762505e-10,12.081337059823353
N20002451,594.0,51.4922211789407,6.949712409164414e-10,23.598746729195344,6.12846001496365e-11,5.821315615911185,14.370268445303235,4.906172072640514e-11,4.3769281221749754e-10,3.521711730859316e-10,6.419638260235558e-10,4.717448028412386
N20002452,505.0,65.42066554003539,5.157022068960786e-10,18.0229851118063,2.432309358752253e-10,5.234555168121166,6.234600785730382,7.065706582489379e-11,3.9455185182310206e-10,4.0549876242617533e-10,1.7277258298622753e-09,5.087193390949433
N20002453,457.0,45.17424521175958,2.0139301984432618e-09,22.766462500808625,2.996985212434389e-10,8.740494381829729,8.155989043050873,2.8545347419566917e-10,5.562380608342067e-10,6.120441211107008e-10,9.666986697145837e-10,15.162808857817122
N20002454,622.0,44.43936234838319,4.276637239871674e-09,14.12912164770806,2.6643825424834335e-10,3.5963869575105223,8.713591353101695,2.0827240431849055e-10,3.912076870449816e-10,5.4508089383401e-10,9.188758090893784e-10,29.12153768669002
N20002455,375.0,38.774587032922746,1.8132402559458612e-09,24.45457592140793,1.7401273231171097e-10,7.207786729739669,12.846674765778385,1.1563535250372387e-10,4.856507819500703e-10,5.249353926464452e-10,1.3375537302662304e-09,16.716375545700235
N20002456,667.0,17.851091003882974,11.745247234769234,8.747625295568145,22.94943611091169,27.93929126868554,7.195866539049507,2.1457343462717787e-10,4.794229952065352e-10,4.984452280523708e-10,3.924053159194728e-10,3.5714425455480585
N20002457,493.0,25.057622903927072,5.051616023953815,7.348121345511931,8.689247242950724,42.11082119738186,6.87801331377685,7.393645997845713e-10,3.5585471925589557e-10,3.9685898635881827e-10,2.41896687274214e-10,4.864557970763785
N20002458,569.0,10.711220146099084,4.620950094686496,14.795169441593902,26.052290072023705,36.36763979340487,4.856586688595813,1.6739566993820201e-10,7.174605076729051e-10,5.35848665716565e-10,5.745576271242908e-10,2.5961437616008682
N20002459,492.0,14.057943482369273,3.33678990274208,7.06060900015485,10.304486254303741,44.27556120628175,10.182855546956258,6.627160302385666e-10,4.0415327919344615e-10,3.766496125441809e-10,7.864939951182113e-11,10.781754605669894
N20002460,247.0,29.101790228987458,9.103447303028082,23.15469114005781,4.416245391570417,21.161541860307477,9.294344669400603,1.3516988076905602e-10,5.386918678919427e-10,3.6122473322722556e-10,1.5920864563915682e-10,3.767939405453866
N20002461,726.0,16.54580952210218,3.3659523043535726,7.30831845494094,17.48665198190357,35.353838130869306,7.800295009973011,6.020009595431305e-10,4.005263380423014e-10,5.0129855225513e-10,7.89913577786818e-10,12.139134593563696
N20002462,480.0,29.97695842576544,6.698650984085328,8.877713942108203,16.46650317247574,9.315961394403894,17.710523821829852,1.2197618870848815e-10,4.365418562711464e-10,4.366993780070576e-10,6.109689955458799e-10,10.953688257725352
N20002463,451.0,18.76172408644142,11.829064853192742,9.703836311576309,30.042631680818594,18.216783134767514,5.6578232223631835,2.7243759186636897e-10,5.958295642156581e-10,5.451128484206916e-10,2.507862556536176e-10,5.7881367091760705
N20002464,437.0,42.196739070258175,2.152468570073001,17.985380138235524,11.949004551753498,16.868522812975982,5.189632840389703,3.9361693265763117e-10,4.819996486465434e-10,4.177970444594066e-10,3.729969212669195e-10,3.6582520146476942
N20002465,425.0,25.34814258988782,6.211734073596296,11.406127092829914,13.314176586119356,32.24637269377612,6.914172928280099,2.3031828136449757e-10,4.501754064571503e-10,4.196288483797584e-10,2.7659111528528097e-10,4.5592740341336935
N20002466,240.0,20.12234724333543,17.675929026658103,3.4111182025778044,13.336172566384995,29.628870823390063,12.244964047145574,2.9719848547566167e-10,4.5293934506113446e-10,3.387189978716782e-10,3.5351569242228656e-10,3.580598089065682
N20002467,657.0,28.098566177126667,6.34954502132512,15.63022747378771,10.419596085845692,27.584058736030297,7.8376822929308325,3.921724200362493e-10,4.976947896261518e-10,4.893004688921003e-10,3.610729327266787e-10,4.080324211213442
N20002468,557.0,24.359487735826278,8.32719689688112,11.069779638598611,30.3657628916516,17.412883747909788,4.553338106891451,5.856834669580353e-10,4.87910390467085e-10,5.170972158562661e-10,3.441605122189426e-10,3.911550980306317
N20002469,366.0,13.292223581689038,13.162896072311971,10.105841908160631,11.247505268862481,43.405036301577965,3.7157535539541264,1.5917669039680045e-10,5.21467178479119e-10,4.4770559709658663e-10,1.7355701263161238e-09,5.070743310579866
N20002470,674.0,17.734845836839103,10.898710819185089,12.43893014368069,26.01740470848169,27.17143524007814,2.742142602429377,2.9030148951154973e-10,4.197514835322928e-10,4.414893457369886e-10,2.0250313096692738e-10,2.9965306479518627
N20002471,412.0,21.215912641205854,5.48342905180679,18.540954118793014,13.99250668887651,32.72982347325923,5.823661584814032,1.317323380763233e-10,4.146677032887831e-10,4.0170280059207203e-10,4.577567826106717e-10,2.2137124398387087
N20002472,465.0,20.119750355852094,1.8923515608075165,12.628497720521588,20.564228191973047,30.23010914091498,8.32207219844653,1.3512162183599258e-09,7.282459717048531e-10,5.953727630536507e-10,1.1362112072610066e-09,6.242990827673186
N20002473,445.0,23.504675264495624,3.974130495412858,20.649204272002336,29.521551146371333,14.812806367877815,4.266349162245171,3.165363220551377e-10,6.441315430661691e-10,5.489753157607202e-10,1.1687074290098449e-09,3.271283288916519
N20002474,714.0,10.723680549479555,2.8188122816122396,16.10410208898089,17.812592671737228,48.46181869819269,2.2732755215748432,2.2869798683158955e-10,3.471499344822079e-10,3.6258617256595674e-10,2.0740160756192952e-10,1.8057181872767143
N20002475,467.0,19.05302195983967,2.529891394081692,15.850794124357998,22.478055439855822,27.49382418198435,8.286757472713981,8.062230202010584e-10,6.870644944298721e-10,6.159556508346184e-10,8.665748313665964e-10,4.307655424190682
N20002476,693.0,15.372638223564858,7.4676420133397645,11.7164284539019,27.944566455159027,31.407842400407066,3.2555029152989836,3.32240185041243e-10,3.670240702866849e-10,4.5536084973576277e-10,2.2415773035847402e-10,2.835379536949614
N20002477,409.0,25.03744370350674,1.971048988233896,17.92285406051503,8.811365297406809,37.09338923313588,5.461188515413761,5.883969614283458e-10,5.147535844029492e-10,4.538351116327545e-10,1.6914010142464069e-10,3.7027102000617527
N20002478,794.0,15.698172549237208,11.668949495321119,6.394013509344165,50.0765992087529,12.100011215815703,1.2149585568785999,2.465408056395864e-10,5.93444924854234e-10,3.7540367231534525e-10,1.4471525604559098e-10,2.847295463290207
N20002479,336.0,17.602732215440167,5.532271399448851,24.308004642703334,21.970745788198137,24.049477060220784,3.6826979885503293,2.577063340692618e-10,5.125509943170923e-10,5.483133248813146e-10,1.5003191113398033e-09,2.854070902619516
N20002480,613.0,43.03698853458728,23.487378376347216,7.564383251786193,20.42356737926202,3.0787161816073794,0.4842388360903179,2.969490156303202e-10,1.07473703420432e-10,2.4856136683834475e-10,1.7454273736352174e-11,1.9247274396491585
N20002481,732.0,20.354358944546043,18.19720626724692,4.357240329784076,19.27213142671398,20.181751024949158,10.355795070391684,1.950889106181518e-10,4.831818942258395e-10,4.943774753740895e-10,4.3684099719036175e-10,7.281516934758664
N20002482,699.0,40.43414924916698,17.329213560370736,10.52131216860061,16.481472720278443,10.261448621946077,1.0438588388281982,8.795470354711078e-10,2.1438030370930077e-10,3.6038221673766585e-10,5.832463600152425e-11,3.9285448392963227
N20002483,813.0,10.272400101531108,8.8827300751497,7.2469049728000545,44.1258741865285,24.264097575908636,3.2616149439038433,1.7432945373112025e-10,5.157497803529032e-10,4.397998395797795e-10,8.623104691604061e-10,1.9463781421859658
N20002484,840.0,33.3425270586317,17.64838530213389,1.5293333642045963,42.08925386893891,2.133381846944776,2.297157653206739,1.6441542846049133e-10,2.637355980173985e-10,2.122736613539994e-10,7.567847349231843e-11,0.9599609052232884
N20002485,406.0,6.130194782045703,11.023202796678358,5.2611735206823385,47.77037233400521,23.735313962349135,3.838956466032175,2.7705081954871965e-10,5.277954148255721e-10,4.6141468049461097e-10,9.616950168605485e-10,2.2407861359791075
N20002486,266.0,13.614707881691679,3.8711121999153018,11.139157953821991,22.001183954568642,32.89793617631024,14.349924061832958,3.737278772154673e-10,9.018323123114139e-10,6.200438156928143e-10,1.4287144552072408e-09,2.125977768534861
N20002487,735.0,14.45960960254729,10.319329869584918,11.698405043594203,18.23542570127102,38.97211185141321,3.4435694488921897,1.1671187091219587e-10,6.577000127938863e-10,4.824343716372832e-10,4.648700778481799e-10,2.871548480975462
N20002488,557.0,19.803841883826873,28.48344292260798,4.353384625203729,30.62482127611495,9.202486594159135,3.670358119988008,4.5029019769523505e-10,4.4791055972916454e-10,4.3347345356772166e-10,3.156126781791977e-10,3.86166457645203
N20002489,338.0,16.007773851454964,3.7220967149442883,11.209465963877156,13.351714328644531,40.37508065019618,12.490463465993825,2.43556211166153e-10,6.250337350092358e-10,4.741468293802878e-10,4.266606060405739e-10,2.8434050231196384
N20002490,629.0,29.151629099745552,2.12899323806277,16.797381074638054,32.52254381048804,10.160685437563153,4.947708332698623,4.092839049321912e-10,5.584649235028932e-10,4.242118391230841e-10,3.0163343001637213e-10,4.291059005110205
N20002491,556.0,27.521770912986383,4.213802982254941,15.170859925130047,31.12526247300894,13.027496828654236,7.10191751662593,1.691366344107427e-10,5.04400125252514e-10,4.557693740883692e-10,7.900729283542536e-10,1.8388893594201368
N20002492,349.0,36.49993097426145,6.258872685199204,12.691642519855161,1.6625716415798724,18.986675247521777,21.734179730178756,3.46343543065745e-11,2.8564614917609813e-10,2.6939628708140755e-10,4.689687408058443e-10,2.1661272003451133
N20002493,354.0,16.87146142395787,4.852717927493949,3.62840375407667,10.856527912907573,6.051411448092241,24.4604577496732,1.7991351720368e-10,3.657939084160861e-10,5.285670832230263e-10,1.2237561041471313e-09,33.27901978150045
N20002494,415.0,15.550780577395596,23.365737626613356,8.689585166081818,31.358828506875884,13.761421461391828,2.6335799146116936,3.06658940080468e-10,2.7320065059937936e-10,3.8408624028742667e-10,2.6506772418375967e-10,4.640066745800795
N20002495,664.0,13.97957882249708,14.859043910040729,9.568532669953134,25.312676586045473,27.833903599439036,5.0022411395221065,3.1212963023997755e-10,5.364165577934565e-10,5.308768140342526e-10,4.994658488193823e-10,3.444023270623542
N20002496,741.0,31.482912649677996,18.38998419764168,14.626944847810863,9.03328455505091,14.16107966700263,9.383883532102116,9.608589600761554e-11,4.1031294989794195e-10,4.201941038996207e-10,2.1924199115538343e-10,2.921910549567944
N20002497,474.0,21.216312268722,24.51831563936091,9.710658587106028,14.423028624879992,15.324413472865553,12.500509865760268,8.106863989268486e-11,4.58141008215643e-10,4.760714752019524e-10,6.340759358124286e-10,2.306761539655888
N20002498,402.0,42.73425084216031,5.156848860156747,12.165882759282354,9.153746133332282,14.773304656117043,8.543869581080427,3.628560766652452e-10,5.111097730678691e-10,4.968013680294823e-10,7.934420887495331e-10,7.472097165706619
N20002499,689.0,24.277058237868545,5.87446854009017,15.212390729118455,25.849286239588693,20.025322872198835,6.917906880151787,1.9731742495005616e-10,4.4540352919935683e-10,4.751105913354555e-10,3.298124552418789e-10,1.8435664995358876
N20002500,917.0,49.58830208756379,5.015056606337002e-10,9.236964050114532,4.3086790814129133e-10,18.79129133631664,5.377231793679139,5.095460460659878,4.813541146361287e-10,3.970761558485977e-10,1.4042245436987153,10.50652572615649
N20002501,504.0,44.30864595213732,3.0196424421405806e-10,12.193769077377645,1.7534684291792565e-10,25.749035506597078,8.779512592263606,3.3099296960857374,5.011440123850962e-10,3.4986115506139267e-10,1.4488890760217354,4.210218098188559
N20002502,414.0,29.03864665921982,1.5060798310332307e-10,7.306221868265675,1.1423994992192965e-10,32.15708928736575,23.51844404359281,2.5659647802328,3.538574776194255e-10,2.7762012683916217e-10,1.891322459199131,3.5223109012276828
N20002503,567.0,36.976683532919175,3.3551872301581193e-10,11.486555246972213,2.330331935584041e-10,31.170372189164418,6.729713380029061,6.622683319109083,2.982559480625304e-10,3.3215086024535577e-10,0.7212360438526254,6.292756286754477
N20002504,303.0,19.061046365320482,4.919536417861358e-10,11.94620775091219,2.0548115382954065e-10,15.712197665727839,9.938536268067647,11.976974033361556,3.537528691571492e-10,4.5866979438204753e-10,5.074047983843869,26.290989931256565
N20002505,531.0,72.36506189937471,2.773370754048613e-10,10.921040773549647,1.312137389716833e-10,2.6108336445754463,0.8321748863443424,9.996856531372583,8.80124385766808e-11,1.9633360481947984e-10,0.22099586662796375,3.0530363974624026
N20002506,325.0,51.23742658797803,6.021708125882997e-10,10.439740594906434,1.5490505505987116e-10,12.906946264569749,18.70404963695902,1.985629640236989,2.780788461562162e-10,2.6752835437914575e-10,1.246972589708791,3.479234684338301
N20002507,227.0,11.254293610326284,2.573703047039273e-10,2.219658675285946,4.4683408439220123e-10,32.285078918871854,8.983711403562337,18.158038607485242,6.058096572407721e-10,3.6639273239459107e-10,5.492680539357823,21.6065382434341
N20002508,520.0,39.468867735677435,5.319715555062173e-10,3.213616458567367,2.8743622616745814e-10,32.10156044574479,5.285563855337724,9.1771014239764,3.2313220864901266e-10,2.5521928447039983e-10,1.825491086004857,8.927798993293676
N20002509,564.0,70.21089595187469,3.7512604659194056e-10,11.533506446872527,1.2643286250631972e-10,5.935480708286414,1.4723902799175732,6.993542440957665,1.4093454195391185e-10,2.1737851077407588e-10,0.3518280065375713,3.5023561646936896
N20002510,344.0,40.385560952150946,7.606251569718226e-10,3.671878687515754,1.6012983928304796e-10,13.853248040688051,30.13872041350326,2.14697752408398,3.1129047388247394e-10,2.9115855895824817e-10,1.2770307659464006,8.52658361458842
N20002511,502.0,57.070902809076365,4.151213207348035e-10,5.6993012167062425,1.5663145009867024e-10,5.928677690124083,19.962955728885227,2.2393881871456434,3.453261410879529e-10,2.957409342150197e-10,2.365900635812841,6.732873731036775
N20002512,471.0,13.678640926290417,6.170087051102525e-10,3.619366379163738,4.2207936572266646e-10,5.17311274546838,6.183473230092627,12.224638217247138,4.303625790518311e-10,4.1670109756763085e-10,11.59842768258274,47.52234081726881
N20002513,356.0,72.74634931295196,3.7654399991687446e-10,5.503543554856903,2.037204151855276e-10,7.732240291510544,7.147713864781771,2.278792899569424,3.7869826597014055e-10,2.4648692025520184e-10,2.0986157462114647,2.4927443289124818
N20002514,596.0,37.843413320639186,5.748779463316135e-10,3.7725364137068675,3.058958476019923e-10,6.116495953701211,36.899521633593665,2.2931451928045417,3.107441371565542e-10,3.0357095947084993e-10,4.816128664149971,8.258758819909469
N20002515,564.0,55.556010323682614,2.97090985632531e-10,8.166112001396652,3.7719811528520663e-10,17.788664708535126,5.812256407812166,4.735971413634034,2.456984148536646e-10,2.7984700775133896e-10,0.7956625968174327,7.145322546922152
N20002516,584.0,42.59977163195844,8.08127970471967e-10,7.862975744068565,2.3221807057747729e-10,17.410803251735175,7.955031781605701,12.839293934702258,3.750321481680536e-10,3.1633723452713885e-10,2.592617375408766,8.73950627878938
N20002517,309.0,37.68922139036225,1.686266774123834e-09,4.726201825548556,6.779133766739852e-10,1.1005269059942617,8.99068470851541,7.9945965559982515,3.7687609292216146e-10,4.0116791784578574e-10,10.485255986399267,29.013512624039784
N20002518,463.0,54.1311823420851,3.2469795531893754e-10,14.125462661534275,1.376286992306633e-10,16.482357699748402,2.9532650061508394,5.556628424156847,2.697045372001186e-10,2.992771593276778e-10,2.2868113762891396,4.464292489004108
N20002519,300.0,66.48825360192565,2.499191998274452e-10,8.414739755379966,1.7244138581898157e-10,15.371400972023888,3.950836344826906,2.591358669625888,2.2493423873851894e-10,2.1025608442700035e-10,0.6877104600366306,2.495700195323521
N20002520,539.0,47.47604852561342,2.645471605655897e-10,5.634054916776347,6.884422357457194e-10,4.3434760568727295,3.9825500668175806,13.933075038697734,3.011747922919039e-10,2.2480087409643966e-10,0.1493166615987565,24.48147873214447
N20002521,490.0,25.305155205318453,9.123248409603064e-10,5.544798500759548,4.586369264392961e-10,8.601994818016653,26.50407252371129,3.8545615993405233,3.015041028533363e-10,3.643146170598865e-10,2.8965726968987635,27.292844653918003
N20002522,370.0,67.40181207082252,9.908903109272684e-10,4.673759079405236,3.793989662868612e-10,3.829219681217276,13.78783775127255,1.8076454078403483,3.2088510105796763e-10,2.7927567687767e-10,0.985553044607367,7.514172962864245
N20002523,361.0,57.2974948814154,1.7397932220345009e-09,3.7312423967650674,2.03404256190523e-10,2.618094329331321,27.366200643684046,1.4549857697297826,2.795891119682872e-10,2.7888584183953805e-10,0.902209552226922,6.629772424345798
N20002524,525.0,48.14337256389724,2.723841360292434e-10,10.8480054281777,2.418502776186193e-10,11.084333256647957,5.6801389739240875,4.773913828061933,3.235086565270544e-10,3.0582699081478485e-10,1.4066172505100705,18.063618697637434
N20002525,368.0,48.33806365918631,4.3076104884327786e-10,5.481745918555609,1.4342394849950008e-10,12.425557418780741,10.60259013979286,10.690870484182122,3.7373023307678256e-10,3.34882768006426e-10,1.1029114985288033,11.358260879690754
N20002526,566.0,46.58155972510609,3.287925556926648e-10,9.166673966361168,5.212837998544619e-11,7.21837538216636,1.4780067875238536,14.10263831730973,1.3140149232141327e-10,1.9706794855018324e-10,0.08352731670764506,21.369218504115775
N20002527,634.0,52.87519224710757,8.884687022276709e-10,5.322945512590887,6.510625153490459e-10,5.011717262850771,15.889900423051564,2.5170832793559694,3.7670470296410164e-10,3.982899501727562e-10,1.6280491028729756,16.755112169855735
N20002528,344.0,68.78772613465328,5.564416607678754e-10,11.582177217359959,6.434474053072396e-11,4.865336922547498,0.7941727032601771,8.36363248448245,8.887828759775561e-11,1.6323243638486087e-10,0.1382873458061194,5.468667191017636
N20002529,349.0,45.56276220011946,9.702177571916647e-10,5.286972810181013,4.311569443689574e-10,4.124253527546461,24.824644061635436,2.2509597928774494,4.895861626486213e-10,3.71012576885037e-10,1.8650738471353476,16.085333758242843
N20002530,462.0,55.54107223255949,1.0234796345734411e-09,4.821572297812145,2.1568553238079648e-10,4.003480080012872,17.104572236839992,2.2219730626579115,4.414938003555341e-10,3.4840794045072623e-10,3.4418657635616676,12.865464324526851
N20002531,324.0,37.41209115560019,2.021718245733983e-10,10.44887460330693,1.468054385604658e-09,22.074243977694884,8.948520979161758,5.715452346214329,5.199658339145718e-10,4.044620646099669e-10,5.072747651986184,10.328069283441094
N20002532,464.0,49.894945178426134,1.4100690906310295e-10,13.991806246820007,4.1322787371241415e-10,15.22519157215251,3.9689243836038,7.596871959848754,3.673338790287055e-10,3.338633351717992e-10,1.8223257506544306,7.49993490723894
N20002533,338.0,31.48091084492532,1.5205661967288126e-09,3.278961281354508,6.580587980625451e-10,6.909594655278932,34.03626044642326,3.2295061486627654,3.509489603429114e-10,4.2188885549671854e-10,1.216306414659826,19.848460205743915
N20002534,541.0,55.33139392959438,4.161009543261098e-10,7.379853244058586,3.1321543827648667e-10,9.553501915843137,10.304715312586506,7.818391987794647,3.4306579109475617e-10,3.950318179442679e-10,3.4378978881913707,6.174245720463969
N20002535,363.0,68.98579797752224,1.7871586273059834e-10,11.403160251101454,2.1222816830474683e-10,7.744159191594053,3.8985913746036354,5.166231455474876,2.1338395948147682e-10,2.3078650026832975e-10,0.9665926785490633,1.8354670703195746
N20002536,564.0,39.697826015528555,1.6731889751413305e-10,11.893630567674201,2.0907558756319772e-10,17.15053361423067,7.138436050584702,5.711671649099412,3.322568848336133e-10,3.015768341672904e-10,1.1013331439874725,17.306568957884767
N20002537,330.0,27.92636102124721,1.4991072449116476e-10,6.200965923766219,3.4636769182418716e-10,22.474303782779646,6.849734308098765,11.138077406520413,5.33032811721677e-10,3.525431428488403e-10,2.8500283131644504,22.56052924304145
N20002538,435.0,66.43655085636762,7.708602496775609e-10,6.904015943004603,8.274493078496748e-11,10.10404079688624,2.390750200351546,6.30922707873218,1.7046758225895199e-10,2.15398200139548e-10,0.18601797289439292,7.669397150523967
N20002539,416.0,57.87527095347708,2.8337178272309615e-10,8.163593979994072,6.297701632163992e-11,10.49335666855771,2.113230500998056,13.524821588464375,1.3504231697836196e-10,1.990937863469328e-10,0.0518966823208228,7.7778296255073975
N20002540,431.0,52.89079330746679,2.4926363290779087e-10,8.97939858027069,3.8877828868313245e-10,14.514603796264083,8.286355722365474,12.075452132919242,3.0669787357093933e-10,3.1797047650008163e-10,0.30119898866166245,2.952197470789348
N20002541,461.0,36.74799020484231,2.5324327962156485e-10,24.22181186650484,6.766642694204346e-10,7.76681652252142,5.362299586450906,14.224417271359947,4.2912249547175523e-10,4.918388370239327e-10,3.7645191921363126,7.9121453543334
N20002542,368.0,49.347617797965846,2.5169675358969706e-10,8.0308616752214,4.893255540637502e-10,11.318510519066287,4.2867468655801355,9.45822523930225,5.407715234741217e-10,4.206599744993054e-10,6.52168313237521,11.036354768786413
N20002543,264.0,53.30162939220213,1.2805643064060623e-09,14.220718464556729,1.1392873520132948e-09,6.937667134266118,11.048345488816045,6.995593079725797,4.986663312412519e-10,4.5575873622256947e-10,0.6092639590082459,6.886782478050664
N20002544,383.0,59.80494497723542,1.1425943829366169e-09,8.308499707334635,1.1577658688702979e-10,3.556703196438694,21.15205272853026,1.1287760710595558,2.814275666339204e-10,2.442883961199638e-10,0.7122726326563461,5.336750684960989
N20002545,600.0,43.19514196728746,5.282752532373406e-10,17.55700641187538,2.287680854506698e-10,20.51732324776438,9.065934579209998,3.43453585328377,4.0300527568547545e-10,4.140670630889632e-10,1.7532942605861352,4.476763678418767
N20002546,611.0,48.42450357063493,7.57880073285951e-10,9.02861829578725,2.4433301477558483e-10,17.818331551545082,6.2695902369570735,6.888429511563693,5.264339182278651e-10,4.1512971510933587e-10,1.109976004570085,10.460550826998112
N20002547,634.0,60.668155705207795,7.16270828918602e-10,14.16729801859338,1.2891229412911636e-09,4.20581231959513,5.974970664505948,7.296489470719256,6.280986761339561e-10,4.882512484961443e-10,0.728011070251243,6.959262748005498
N20002548,650.0,47.36350273242542,9.089358969101538,20.43016075328024,6.61152079504459e-10,2.984619807600601,20.13235773524374,4.471859050976157e-10,3.584509009140598e-10,4.341760837878081e-10,2.834759202497173e-10,1.6402789008159442e-10
N20002549,560.0,62.69490705267212,3.2464370314468223,16.772845683143355,2.2617142213371066e-10,1.567073719607147,15.71873651196231,1.826776189526748e-10,2.581843824674025e-10,2.6911824861651913e-10,1.0929874937574466e-10,1.2278904317908876e-10
N20002550,592.0,34.64506631508908,8.310492670378556,26.430288773485227,2.677427854450038e-10,4.929669098038673,25.684483141224845,3.70936283805669e-10,3.878686561799863e-10,4.5618286519002884e-10,1.1971138979968333e-10,1.8115979648266452e-10
N20002551,420.0,38.91066003814244,3.2002361261028587,21.989702006961345,3.866824165887123e-10,2.9910880196394216,32.90831380724353,3.404502210365388e-10,3.5078113170109886e-10,3.857496174310915e-10,2.68496256175054e-10,1.7825291585169043e-10
N20002552,457.0,28.651312275149998,31.651125283862708,18.772203219110057,4.019242111157677e-10,3.054298994272373,17.87106022550981,3.8198185025209537e-10,5.021668256979049e-10,4.783549489478543e-10,1.6871399200345072e-10,1.6192426032826272e-10
N20002553,434.0,25.156645078866806,34.81950611682753,19.749422546172664,6.154528388723692e-10,3.556572519925823,16.71785373509071,7.873145636545283e-10,7.348194709107689e-10,5.61628591812881e-10,1.0957230901732085e-10,3.076936553210935e-10
N20002554,354.0,20.768819892330217,6.218475620146856,14.089033982582524,2.1202303371082693e-10,2.327804218847799,56.59586628465748,2.0968453295536285e-10,2.9471758070632236e-10,3.1483068318363927e-10,1.3118533065130965e-10,2.726866515374789e-10
N20002555,511.0,39.78808308397143,2.854741331652167,16.543212614136433,1.3104683377560492e-10,3.5180853476964384,37.295877621484735,1.856144036498803e-10,2.4147095103831793e-10,2.470151928302787e-10,7.792408156103119e-11,1.757244250044941e-10
N20002556,505.0,30.647090852395444,7.036610275345358,10.514772973286078,2.2408223290092065e-10,1.6131234768220364,50.18840242064473,1.9485318570319986e-10,2.3073425018404983e-10,3.040537403895727e-10,3.95921466241395e-10,1.5671290075129725e-10
N20002557,571.0,39.43587918114587,1.4172718991591127,20.326103094631033,1.343666739900497e-10,7.3030178694665615,31.517727954152285,2.3384538583482577e-10,2.6405051200466904e-10,2.7966936186993935e-10,4.674298919386242e-10,6.578901905372178e-11
N20002558,340.0,22.171517771410603,1.9986904275582644,11.167253357740572,1.0909161677762255e-09,2.965590470176231,61.69694796604917,7.732721533119794e-10,6.437204701222783e-10,6.34020405405092e-10,2.2768515581664776e-09,1.646369710409193e-09
N20002559,378.0,37.98921740529433,6.129628876543051,16.209337311431305,4.0962604800936235e-10,4.7968316054349325,34.87498479842199,5.770169877939241e-10,6.770491313800611e-10,4.903871189967504e-10,2.2853878343694357e-10,4.917497772781622e-10
N20002560,383.0,17.170308316295174,17.14067161068717,21.225771581851543,5.070806101954389e-10,2.957327134539956,41.505921353228125,3.8631183147964467e-10,6.628841045608836e-10,6.262628853314795e-10,7.088546291255834e-10,5.066422738760182e-10
N20002561,431.0,7.6728602973526,77.67796620665366,5.499985319307376,3.839829493010143e-10,1.9132730539086733,7.235915121505494,1.8121749025528674e-10,2.5694642619435086e-10,2.492865674399742e-10,8.804353578033159e-11,1.1272464473720509e-10
N20002562,555.0,12.297269876172024,54.7736926717605,6.449474489017662,1.2036055285397531e-09,3.5265905692491613,22.9529723913661,3.023848704913836e-10,3.30464461627691e-10,3.6994551109676803e-10,1.0420158383915303e-10,1.2393789474301824e-10
N20002563,740.0,47.7741692467508,3.6382704518851714,21.345693912965224,1.855581999577626e-10,3.9658583846735667,23.27600800177386,6.095300042562352e-10,3.1742275673417986e-10,3.881376063691143e-10,7.41835723771784e-11,3.765623018867318e-10
N20002564,664.0,34.01227597951865,3.0502996139035554,43.115523205472954,1.4558116955606687e-10,2.6663710023961866,17.15553019721784,2.1582238331167113e-10,4.3014866291901805e-10,3.220560882257903e-10,2.4517657940004155e-10,1.3202069174064875e-10
N20002565,287.0,26.615414613268108,0.8524136775954643,12.218918408849195,2.1846792623391618e-10,33.65506534429854,26.65818795403045,1.8615158205643628e-10,2.868070236777589e-10,2.75173972930949e-10,8.850539746237582e-10,1.0659685954322211e-10
N20002566,391.0,37.40887428112433,3.2767846068466353,20.126536376743797,1.9692249934658e-10,8.042657096800662,31.145147635919262,1.019030027241973e-09,2.998945092212951e-10,4.0128766829793297e-10,5.547790642599816e-11,5.926879395658344e-10
N20002567,561.0,23.90897091224552,3.4097268865530364,16.92290332403583,3.141488862066984e-10,5.031044791494054,50.72735408389517,2.332623335529046e-10,2.7783404014970663e-10,3.4308092938144465e-10,1.9658839969189404e-10,4.1147444804712604e-10
N20002568,330.0,36.4304397306592,3.944774911379232,13.260595929642655,1.2997156501790707e-10,5.094864313343908,41.26932511364954,1.840068382438536e-10,2.718839460610741e-10,3.028242548810143e-10,2.746832329596797e-10,1.6209117203434752e-10
N20002569,371.0,33.34310619578008,1.0922184895518567,17.92133263723363,3.858823868668084e-10,24.274881302722616,23.36846137289373,3.072742608818852e-10,3.1565847931944535e-10,3.501193760862415e-10,3.383037226865774e-10,1.2086865074715839e-10
N20002570,422.0,33.14670988438429,1.8162290215076413,28.265798848025486,2.7443992508279283e-10,17.06102605286139,19.710236190503544,8.266183375861056e-10,4.528442270704302e-10,4.4933642007825263e-10,1.1401979582815759e-10,6.003970656414305e-10
N20002571,498.0,45.55233998089876,2.3631999257850858,22.498227736420905,1.284666671636253e-10,6.215120797326956,23.371111558344754,3.356214745438144e-10,2.4296304360045484e-10,2.6222088483564197e-10,4.809938361079199e-11,2.0615927522743358e-10
N20002572,549.0,36.3360726902509,4.559513256148296,27.221144119209857,1.7348761777580776e-10,9.014984346815517,22.86828558626775,2.03609570528804e-10,3.3612441699788333e-10,3.123737951652545e-10,1.2642285786489948e-10,1.556610775470993e-10
N20002573,491.0,26.27271723436185,1.400885750054776,26.54536045668071,1.847685599074444e-10,15.393818069636112,30.387218486845867,5.182024116137824e-10,3.8368490220974014e-10,4.47470493625691e-10,3.493283094930403e-10,5.37224555675841e-10
N20002574,654.0,38.52811994142273,4.549919842357497,21.343170049673528,1.741499987678026e-10,8.180762816471006,27.39802734854647,2.043277759038807e-10,3.210099129757598e-10,3.3670000462093684e-10,1.3706180147844534e-10,3.5551828016236053e-10
N20002575,178.0,25.62009241915133,4.217052100771862,3.510802750388126,2.855200788226068e-10,4.220495084625284,62.43155764245421,9.386646294446068e-10,3.763799616325203e-10,3.6471325554352533e-10,1.362758387105096e-10,5.076427348047379e-10
N20002576,567.0,44.16176700271692,8.984909174949482,10.575409613675,1.819415197245793e-10,3.710932975723598,32.566981231114546,3.9380876422284653e-10,2.4181963934780226e-10,3.342278590206723e-10,6.500681556759577e-11,6.036581369334915e-10
N20002577,588.0,15.975458349209646,27.658608065976143,25.588936385809234,1.0111051500641298e-09,2.9939918724831336,27.783005323054244,4.860266784843639e-10,7.084834783122869e-10,6.430868815762764e-10,4.530871478735409e-10,1.6581318152939496e-10
N20002578,533.0,45.44873072246345,4.650201365276435,16.93411372514852,2.0524454385700138e-10,5.437631601079692,27.52932258461833,2.700254725242675e-10,2.397152673179782e-10,3.2778157539805416e-10,6.755001947117142e-11,3.0324497662601314e-10
N20002579,559.0,32.52261323985614,2.928732486732324,15.368842676804498,2.0509368339477373e-10,7.648338516669202,41.53147307651703,1.4038836202225417e-09,3.941447894194713e-10,4.3152995827367725e-10,1.1627343210892606e-10,8.698820559410863e-10
N20002580,543.0,40.150552314172735,10.015736369067847,25.080595802742238,2.230775716573562e-10,2.9050417109696935,21.848073801641966,2.435661007278746e-10,3.323763925421044e-10,3.63128673678684e-10,9.241855819320115e-11,1.5094365894338595e-10
N20002581,633.0,42.91646372354098,10.149712770602486,26.470261960346956,4.712366256962799e-10,3.44365187487896,17.01990966829041,4.5255654533456985e-10,5.446614508888529e-10,4.74636224359165e-10,1.7162807914668214e-10,2.254905225494953e-10
N20002582,629.0,38.84809610262817,2.5367175422095847,25.665641269137485,1.454567188361268e-10,5.6655832712837375,27.283961813230412,2.780149074333657e-10,3.0909656568545593e-10,3.220363907696542e-10,1.764072038593358e-10,2.795995878558723e-10
N20002583,614.0,18.51354094410609,48.503584908824635,16.607739241130567,1.933661696241542e-09,5.4504895509010405,10.924645349040677,1.5990927685006196e-09,8.029618823848625e-10,8.542736953773091e-10,5.579314142458415e-10,2.4907630483244315e-10
N20002584,686.0,34.83111170938551,9.324166903450084,18.978607197844383,5.607696320723435e-10,7.379614020854374,29.48650016606342,4.1553844930173814e-10,3.9173494400299084e-10,5.026186879492808e-10,2.8870425818138526e-10,2.428426339272685e-10
N20002585,607.0,9.983010405780187,61.343430945726006,13.941717486573896,3.922619271625668e-09,3.930492657674574,10.801348497485277,5.615991068314979e-10,7.023089316289012e-10,7.122905106067059e-10,7.229798851519984e-10,1.3826213616935423e-10
N20002586,607.0,47.057359095499066,10.978257264946604,19.382197616915516,3.388414313490126e-10,1.4727356120861326,21.109450407570733,1.2022559269907542e-09,4.2425641667258975e-10,4.756901150818841e-10,1.0936316761332763e-10,4.315311819007111e-10
N20002587,338.0,11.72860734122053,14.018929731638488,2.033933256211507,15.849714455990743,3.4773921922365467,39.1349347520879,7.061515346126031e-10,3.475398398744173e-10,3.873292992637501e-10,11.525938664308898,2.2305496048643545
N20002588,568.0,12.123392522171335,31.085547583496638,1.7475596655496213,19.984945419832275,0.5282373672061756,12.320909728906894,1.519270523714323e-10,2.134193352201733e-10,2.76801012725992e-10,20.094086592544382,2.115321119650546
N20002589,507.0,8.824658495877207,16.121498565456278,1.0475210538750308,35.66864213631306,1.0700651832243433,25.176430579878005,4.851772041315712e-10,2.807965866284544e-10,3.5814646771328405e-10,9.091838324160653,2.9993456600913198
N20002590,467.0,29.35231578886148,9.155424345282423,4.717289292463719,20.51593212814988,5.812768975055017,5.439335273520336,3.8554350867148147e-10,2.983258209981103e-10,3.5583669174881737e-10,24.377335135802298,0.6295990598251541
N20002591,366.0,20.143663451165835,3.5275232869211437,8.167123227068087,13.661640082542991,6.4581290948097685,11.96823475191261,4.6159696687351447e-10,4.971743693411622e-10,4.110822772912367e-10,34.41436963375451,1.6593164704552192
N20002592,441.0,16.95613884745984,3.8436191523282948,6.445924423310231,23.674631094313188,12.726197262831313,13.781407216605329,8.251265741711525e-10,3.897601741054602e-10,4.05419954481745e-10,21.23099748238649,1.3410845191450056
N20002593,655.0,25.384012974955684,7.552006067522465,5.1168679395296905,27.303895379504173,9.775993158170975,8.899169401349958,7.348764710614667e-10,4.204112189986629e-10,4.3589038439175656e-10,12.96800011088427,3.0000549664915983
N20002594,510.0,19.618375402315706,23.986839397102536,2.2683262538468805,16.68022001688907,0.668970843424316,23.667200495223202,4.624269987567796e-10,4.0677099845034634e-10,4.3207250390940696e-10,7.007445921997552,6.1026216678994745
N20002595,580.0,25.504346943054856,1.3362292487979015,8.293274439202083,9.79750899243977,8.091222429455728,14.294153734770502,4.662633369671853e-10,4.768316852235822e-10,4.1509043724561885e-10,29.537777712827758,3.1454864980932022
N20002596,333.0,29.987468699552366,9.517564055631738,4.085408683473024,16.34075393030119,3.0054027620031936,16.515569600933652,3.062271039606281e-10,4.0532823540625366e-10,3.564091332436548e-10,19.522507809437982,1.0253244575988982
N20002597,393.0,13.973853201774448,3.320790852416735,6.563110533202423,12.241454907144355,6.3259409989056685,10.065359510092796,1.375513607623249e-10,3.5476952988024424e-10,2.629995605593778e-10,46.729912832481354,0.7795771632269024
N20002598,388.0,24.31977131875176,11.441827587311542,11.030254093183961,16.40195103945239,6.891639943972419,6.8356823855467415,7.169757527585614e-10,5.360560718584124e-10,5.177380705809209e-10,19.72926311206398,3.3496105179464455
N20002599,411.0,41.38466309242418,2.8688713319304915,8.19915208195328,10.447711372409696,6.592817754955094,14.769832243896847,1.0007330141053667e-09,4.331701515363207e-10,4.559682430387666e-10,12.429697460636215,3.3072546599043386
N20002600,561.0,34.11605486083977,0.8299039775151689,6.539489481230694,9.406848473454083,7.2365341906221765,21.156924056984856,5.693493931068065e-10,5.096148037846702e-10,3.9728443649476195e-10,17.222453005884983,3.4917919519920106
N20002601,460.0,38.232197651001876,11.280852872777364,3.83942930559521,6.558410796788077,0.8100723198605642,18.794869484837797,1.7125614129154001e-10,2.6921059510034306e-10,2.881855201426394e-10,18.805494817146062,1.6786727512644122
N20002602,485.0,12.091566555188972,3.738466053594971,4.0099572011025275,35.63487114359935,1.7375704461234296,10.686490984633782,3.6821057609691794e-10,2.51754569488138e-10,3.4346281720718536e-10,29.23344782004739,2.8676297947461533
N20002603,607.0,36.066128904842806,1.8321959179979512,7.674364044984294,16.93984394581149,6.214116096567903,18.990429535152256,8.382810098719536e-10,5.576130819943664e-10,4.594187590285552e-10,4.8509711662637995,7.431950386524182
N20002604,697.0,11.466106783000402,12.761391901585847,3.5649951389728547,33.57972309848337,2.073401937656195,7.624355014675234,5.314525501844293e-10,4.767344471457609e-10,3.751949215717755e-10,25.937624432726246,2.992401691516477
N20002605,555.0,17.120503091729443,11.13885046955428,5.55548786021291,22.909537218185143,2.220549669430512,12.313691155749936,3.607980939298166e-10,3.266720855984189e-10,3.1633529166779104e-10,28.002258185269795,0.7391223488641773
N20002606,738.0,38.39263861718809,1.4288722712379998,13.432591193884335,19.969994394919997,6.997302067792241,12.980852081502434,1.0541588045846674e-09,6.197386246243098e-10,4.224806657674074e-10,3.0424291608518415,3.755320210526704
N20002607,308.0,41.04757862649841,1.3663065059007602,14.145168311641399,6.015042908392216,8.590717034402154,14.500621469549928,4.3239449973674463e-10,5.309146091268752e-10,3.783940479278703e-10,10.777066182461201,3.5574989598122455
N20002608,211.0,21.219078192751,14.690004656389894,1.8107101874105267,24.076980605457564,3.29622848509938,12.104166332420368,5.751678133105354e-10,4.832878270398073e-10,4.1695616302423573e-10,19.626271792218716,3.17655974677712
N20002609,404.0,29.31835070269048,0.9155058051225214,5.268453785779985,6.28237831523243,12.875791594231007,15.806877361312639,2.0546440124039025e-10,3.1724458404627304e-10,2.6669668495267745e-10,28.378028313660852,1.1546141211806855
N20002610,364.0,41.61063165821696,2.581107720510655,8.425093399921007,8.963297673994216,7.797112933640631,15.904483889935767,4.1874448590888017e-10,3.1151911454468475e-10,3.0351136975257443e-10,13.27349073012287,1.4447819926241183
N20002611,556.0,19.316592707703535,18.361748017065707,4.005701199639734,13.566336121224499,1.0600100891882247,10.34923617951345,1.115298060799418e-10,1.9955278947019337e-10,2.0453466709137128e-10,32.8987650749375,0.44161061021173303
N20002612,505.0,8.944881429842896,9.60199211263173,4.152430242564834,29.344956968410074,2.329438738147871,6.324893408041121,5.15994726098485e-10,4.0340837601195726e-10,3.542155808809076e-10,38.2049556817249,1.0964514173629611
N20002613,754.0,37.39727767297805,5.673288797744055,3.794263552232302,12.481045643538899,0.9968358556395819,14.45011834662421,1.5546475186295088e-10,1.7326360961062273e-10,2.0164082572848e-10,24.609221009688813,0.5979491210237253
N20002614,404.0,22.668945345576525,5.776738381232254,2.200953466523096,27.20979501481241,2.0846809208306127,16.781350997942717,3.0593645122620736e-09,1.1182367737221756e-09,5.610550303489651e-10,17.400689276272267,5.876846592071446
N20002615,559.0,27.96036417177884,8.398834718993085,4.997826433094462,17.557996644010217,0.6733912522165177,20.01905054736577,4.337447118870557e-10,2.5014357079050824e-10,2.8228892787935433e-10,19.327229644612725,1.0653065869622107
N20002616,349.0,18.51524495217639,9.08767280670974,1.3895089786407213,17.503199743298616,1.185903005668135,20.660546962306,1.6103670917662945e-10,2.33744529165944e-10,2.9577297155396337e-10,29.235230823842734,2.4226927266671106
N20002617,785.0,31.905254660220763,8.857189564470987,3.726544307785156,6.786173459910626,0.7295491147866053,18.517415631968074,1.0093395581277359e-10,1.1748952808141826e-10,1.526301800847436e-10,29.181722582555448,0.2961506779312931
N20002618,413.0,30.052054212659602,0.88778587494331,36.72303147160208,5.043585374397052,5.58566510465123,11.853695759756395,4.381774209664087e-10,6.926587292888401e-10,4.529167350826431e-10,4.7445036290625175,5.109678571344068
N20002619,572.0,43.60378510655825,7.0837028391924335,1.0755290511208473,2.9248455412548067,0.4537869425289028,37.713148811301544,1.9013307598215863e-10,1.8402592659048802e-10,2.1876569444633331e-10,1.345474588870733,5.799727118579553
N20002620,546.0,37.32822662584782,16.198627907081526,2.2988292824842405,7.979269369466537,0.5678477910906041,12.294337044268042,8.605471317103439e-11,2.495704456169052e-10,2.0351597843270134e-10,22.39122919501351,0.941632784208575
N20002621,426.0,38.382895887088246,1.655529223631182,7.432268360944305,13.75960795804558,18.506512455262243,5.779931886398703,1.6855470741948777e-09,6.716995674851225e-10,4.860301196753784e-10,3.2455074334092537,11.237746792377212
N20002622,440.0,39.09372147412691,9.44841507545476,1.522225355660856,6.186457246329857,0.6093408302139053,29.98416984932274,3.352357898895911e-10,3.216815916228443e-10,3.4468174236222376e-10,5.07218502695677,8.083485140932622
N20002623,348.0,38.4630576552187,0.4291178198249518,6.66191245260289,4.796071079366579,10.098829382634193,19.991898017233567,6.800492907391048e-10,4.028087907590385e-10,3.2711450150927846e-10,15.747308060719757,3.8118055309893895
N20002624,444.0,38.80833764907584,0.543165786340871,8.258186548395138,9.601877307453865,4.329338933269114,13.215459801829738,7.168449167964075e-10,3.8880327782053545e-10,3.393012243066369e-10,21.190310733753222,4.05332323843728
N20002625,341.0,30.265751625902727,8.631820680571735,2.65615485280177,9.898812471456866,0.5517163620080489,30.109450948678933,1.6423618579751534e-10,2.42266056870704e-10,2.6370690606421907e-10,16.465930104416966,1.4203629534927356
N20002626,366.0,23.91037547942484,1.312407850715788,2.5600175117545,6.130987716454471,2.0063155774700294,48.48338263334547,5.109161680936133e-10,3.125712499053531e-10,3.216527564795189e-10,12.643934213288736,2.9525790164010317
N20002627,225.0,50.206333866153365,6.401775010043888,2.802583803648047,2.4133598649110586,1.9074384890295983,26.927121169467092,3.620298883699651e-10,3.2811888907251585e-10,2.9187987015841684e-10,2.0475896288441837,7.293798166920727
N20002628,537.0,22.48042538118873,8.834419803234187,5.60866165648105,10.628726067526294,1.786352625685082,16.43461589348237,3.536389546150703e-10,2.4218957683836227e-10,3.3652088109313043e-10,30.179939385450034,4.046859186019899
N20002629,604.0,34.59023745255263,8.207339328621657,2.5258010319240887,6.937383971698559,1.310306280252618,19.180574895321293,1.1210682416441412e-10,2.3267151588938673e-10,2.743387845872345e-10,25.642999275153937,1.6053577638561012
N20002630,327.0,46.13464707448757,7.212549081985586,9.39723803141608,8.47755648736084,9.394847810117676,11.61061508875215,3.5395413776545614e-10,3.5496658770269856e-10,3.9424605061471554e-10,3.033800412178162,4.738746012598784
N20002631,392.0,22.593666305736598,1.3651894380043879,3.629583656242983,7.449608588514548,1.4610837012294249,29.35503329999572,4.658156744556509e-10,4.0089092192686953e-10,3.433171760443444e-10,27.034351466455547,7.111483542610757
N20002632,461.0,58.648632062467435,1.5806141258339252,5.779297449891598,3.1192780394021264,4.069439441218831,15.749827971162505,2.40902994544983e-10,1.8089124189880879e-10,1.9499727539056585e-10,9.738424998781634,1.314485910625147
N20002633,487.0,37.558504197098664,0.907927608548245,7.015952304333267,7.2648690375704525,10.783570664198857,17.346727772726492,7.074050962317159e-10,3.9728679193012665e-10,3.4937780025588637e-10,15.145393500278404,3.977054913791562
N20002634,469.0,27.101248475055424,1.381619444392957,7.9934024323260395,3.8613143157860663,10.382616322392355,14.218282864271488,1.0599509350671952e-09,2.943444263015395e-10,4.0839064294713045e-10,26.804960920569847,8.256555223443138
N20002635,406.0,42.663482858015165,2.4718014223786744,6.870586847982205,9.588782743400735,6.511292782416697,16.6769097553654,3.9494713707630996e-10,2.9815430736794936e-10,3.674964844403e-10,12.394150162068462,2.8229934273120696
N20002636,280.0,20.335327647694786,3.928730838419545,2.932602774767127,18.05402892937027,13.75137979379297,30.60655774713211,9.058651716031631e-10,2.6017096695333604e-10,3.872072615175844e-10,0.7279395190823366,9.663432748187613
N20002637,556.0,50.08894444262595,0.9799224636860125,7.207130606694627,3.724200336992034,10.01233302100783,10.563557576688343,2.5666459617533164e-10,2.3140848761240983e-10,2.8073640819349006e-10,16.270282280921695,1.1536292706147069
N20002638,391.0,43.07553308430065,9.890622852245729,5.256712906893226,7.4189719271992915,3.1823521090077427,22.538017034150826,3.6016985392682496e-10,2.0712325841494795e-10,3.3081431943952706e-10,4.011079996473036,4.626710088831399
N20002639,679.0,43.43680716678865,13.994434683367063,20.36202435501342,7.9428550092190715,2.1967981768920195,11.69199918439355,1.5554191531213447e-10,2.94591499528606e-10,3.136577057383317e-10,1.0492687828809156e-09,0.37508142251315285
N20002640,714.0,3.7675290368715677,64.65790038966495,3.443818207882486,18.24139507184959,3.4782754930959876,3.001753779804641,7.390541704587224e-10,2.0492112805178454e-10,2.5632055412548883e-10,7.297008438799416e-11,3.409328019557525
N20002641,486.0,6.056039107666067,44.40499287723033,3.3565006145957277,41.300096788639294,2.0738319118795228,2.1348881953675627,9.95889441846383e-10,3.5592815426135375e-10,3.0452430171827155e-10,1.5135268008631645e-10,0.673650502813809
N20002642,585.0,22.281516096615086,33.31915136190873,8.954995836189125,24.891913680797774,2.798875530969673,5.689045021739468,4.727746600257894e-10,3.5368986692789276e-10,3.814439478825133e-10,1.4590200620895085e-10,2.0645024704263384
N20002643,518.0,39.18402703881716,16.852814393406927,16.034892864857618,12.53787776981801,1.7937479616968086,12.653944589848932,4.85216386085134e-10,3.2329795818562365e-10,3.7420762921326954e-10,4.654246111486991e-10,0.9426953799064046
N20002644,353.0,75.20865611861562,5.423268664019577,10.040819203662958,0.9245807893086004,2.0613174159684027,5.285441682437728,1.6434820044207975e-10,1.1007991026172392e-10,1.2459240745407442e-10,1.465971064843158e-11,1.0559161255734397
N20002645,678.0,61.17889345933109,3.215410598892422,19.347574935015167,2.1333970382292637,2.3832490315698367,11.17504451577427,1.1728222109873586e-10,1.9572096536897152e-10,2.2459926411140447e-10,2.9554228382389314e-10,0.5664304203547915
N20002646,738.0,31.61996337054354,13.505666670716248,20.727353041773306,9.574626091191822,6.056293216472892,17.28685906486303,3.549209541961256e-10,3.8221464676134357e-10,4.864774072194874e-10,1.2025766574512713e-09,1.2292385420129697
N20002647,722.0,62.9752055334568,1.5758866056315806,15.337122768777942,3.0778236857645145,1.9189947078019791,13.520154467363923,4.900197330266866e-10,2.0707334507379183e-10,2.6995252840964e-10,2.03583040082228e-10,1.5948122300326248
N20002648,687.0,59.23135333439375,1.6523284338446453,15.978554742895879,2.9407355068964818,4.3395529220951845,13.965113262159951,7.39841376459466e-10,2.772994403568861e-10,3.0275690021687305e-10,2.9784167365439277e-10,1.8923617960963608
N20002649,405.0,33.02375463204666,6.329673084567504,27.68409105997111,4.822528263799121,2.6587243852322984,24.014858623633657,1.7784952830297465e-10,4.4129917669140016e-10,3.308602953383281e-10,5.55735124555726e-10,1.466369949243935
N20002650,407.0,45.565434513109594,5.521945420088906,20.713611972784555,8.076827262648894,1.909638650498537,17.04782764226591,1.3868369265153725e-10,2.9410417192429674e-10,3.471546762888482e-10,1.0485309254652405e-09,1.164714536775107
N20002651,449.0,49.683193525906496,2.8915659717161937,30.053088372774866,2.641306951670855,1.6667988628640176,12.250316368624278,1.3785157389670544e-10,2.9516128312375055e-10,2.330465188949443e-10,1.9605361435889567e-10,0.8137299455811801
N20002652,604.0,49.777000104193135,1.3404775780950844,16.721046500217238,2.626313246183216,5.26332059817142,21.94015033993447,5.283383290536917e-10,3.0690844702431603e-10,2.9583484964126846e-10,4.083019580818233e-10,2.331691631666055
N20002653,524.0,52.13804648391635,3.9569904632029544,22.143054696674504,3.746418131437957,4.390793728936346,11.589250551340404,1.8570440882191465e-10,3.2801497576575606e-10,2.656883747436395e-10,1.1046278620195463e-10,2.0354459436016374
N20002654,671.0,41.384407723411115,0.7942784124628021,23.78539355825052,2.0387040632223634,10.638591352573117,19.48697080383848,4.5126157138716236e-10,2.5732084778271973e-10,2.7268671233162455e-10,3.3571501062274805e-10,1.8716540849246115
N20002655,557.0,48.758113730838325,8.240157259435614,13.908798047091745,7.472803599683699,5.6035045215490635,15.525235433789339,2.641754555340276e-10,2.9142851721113494e-10,3.102051102566092e-10,1.0315090409962637e-09,0.4913874057148812
N20002656,490.0,36.407587923889054,2.808232752927567,12.821884101663825,4.019213908948414,3.8368474795848204,36.469603017492375,4.6474628915806496e-10,3.63570431948118e-10,3.3913639023678436e-10,4.133447345068851e-10,3.6366308139131256
N20002657,283.0,49.19253274893396,3.9582258459310093,23.69335072200374,1.065381012521456,0.990288384576354,19.51787635412775,1.7032475985045872e-10,2.747981720265821e-10,2.0009283955242347e-10,1.874130621414394e-10,1.582344931073111
N20002658,606.0,37.944428000461635,4.621238715012869,23.97976052921591,7.41299293222973,5.605538859148975,19.422169071309,2.1790638164922865e-10,3.0022355867741054e-10,3.137095795141903e-10,3.8851993907523726e-10,1.0138718914015328
N20002659,278.0,40.75069004127514,4.376554883671632,4.570463228877232,1.7576265826541841,7.962317473121723,30.2144165907099,5.788166021135524e-10,2.692874070707648e-10,3.915090832497614e-10,1.8045003019811398e-10,10.367931198270131
N20002660,411.0,39.31686748767182,1.0067421223768322,35.19753706126817,3.6096660833557053,7.036498235494555,11.364341055901233,1.416791661054351e-09,3.6871571360718675e-10,3.7424592455977103e-10,5.008286556137908e-10,2.4683479512711006
N20002661,360.0,49.809808700440946,4.332363975587807,20.48543561885092,1.4209831666266823,2.398384742003995,19.599481659165825,2.429877363319128e-10,2.882747016493499e-10,2.335381757158795e-10,1.8714419417896282e-10,1.9535421363718732
N20002662,657.0,59.691496037262034,3.47199837242974,22.103448487299364,2.4592088021146488,0.7379331372527722,10.953125948716155,1.3530780340588905e-10,1.9333208813255097e-10,2.03576401758797e-10,2.4351244948261024e-10,0.5827892141495414
N20002663,748.0,63.08778043205282,3.8802992657434867,16.5383653847889,5.1011712240946645,2.5109683484051883,7.910780506879495,1.7698774075246825e-10,2.3214556838794915e-10,2.6545316520387276e-10,2.9584599934731374e-10,0.9706348370650151
N20002664,583.0,48.22657837275817,7.917437543848694,15.208120947081804,7.146323027038262,5.254191031616213,14.285733303357024,3.9978706316565836e-10,3.821027607238977e-10,4.0107763174524543e-10,4.3168928442799944e-10,1.961615772685194
N20002665,268.0,21.13462712889272,2.712847255706977,3.225930349160616,4.513595428982828,2.654051301137137,55.718870069075386,8.561906311247874e-10,4.0572530087013543e-10,3.702587901033503e-10,7.941046943135484e-10,10.040078464618052
N20002666,498.0,35.65487657180656,10.661186583778335,17.86707603874374,7.754341080844742,0.7147169676148841,26.009572234110482,1.805948642445803e-10,2.6084505310797627e-10,2.928743975268821e-10,1.2068777111747534e-09,1.3382305211600778
N20002667,349.0,27.90429384991569,3.7436250577267414,16.00491239304154,2.7394145032853676,3.3978742303945317,43.06246703408694,4.976561292250861e-10,2.676694115543787e-10,2.889135930109694e-10,4.883243536825158e-10,3.1474129300066425
N20002668,571.0,51.201514913082654,2.631900135989677,23.724234732290743,3.3019306051692183,4.655845460128711,14.065249386408984,1.6258583225110497e-10,2.885857228335328e-10,2.5513825702604986e-10,4.854311763298816e-10,0.41932476573827576
N20002669,492.0,45.86901342064862,8.714663501761777,11.548633580698322,2.956414827325412,2.2246138442431063,26.5701278560017,1.618971724811952e-10,3.120224876293419e-10,2.7094990871301434e-10,3.2156115885187054e-10,2.1165329682546323
N20002670,556.0,42.03969850697624,1.1121060016776385,41.419360842827935,1.9934488386832958,2.5615265745460225,10.042165799518488,1.548810676270708e-10,2.919108989621158e-10,1.857691322646138e-10,1.5110047873318366e-10,0.83169343498673
N20002671,679.0,38.60776151053261,8.369181251336876,3.904976415027855,3.218022395874122,1.3933445888052078,36.86782935946267,6.206586237655466e-10,2.597822676168909e-10,3.2598724138157147e-10,1.5317451083393075e-10,7.63888447760106
N20002672,213.0,23.009371645294248,1.1264000330410446,29.77579762160107,2.673602051475868,3.4721067910709795,38.529090480364076,6.166036124342671e-10,3.237380018787064e-10,2.831163506901001e-10,7.568773849012503e-10,1.4136313751723695
N20002673,444.0,42.90249898645866,6.946732388517363,7.435002544902189,2.856046772012285,0.6017884846960291,35.734562325774974,1.3197328803688902e-10,2.2994196850894948e-10,2.972680629482752e-10,4.6351199961119404e-10,3.523368496515812
N20002674,434.0,44.07215790431385,3.0981348717658777,36.0512996563453,3.671789581111371,2.136155479349624,10.305337329621844,8.805097065253714e-11,3.055499330027588e-10,2.437396015810728e-10,2.7534710660699465e-10,0.6651251765794486
N20002675,319.0,68.45673751995612,3.98504870072482,16.387453285475022,1.174946878714692,1.9270659715797909,7.646252167207024,7.604370364443866e-11,1.6756798403553552e-10,1.6266164351059433e-10,1.7553550002099067e-10,0.4224954757607321
N20002676,679.0,57.846008514381644,3.5019346530873454,13.830991271942809,5.759079844088993,4.522508847878097,13.175031825468034,1.872762333543073e-10,2.412032926610658e-10,2.6504431847711087e-10,3.2563373544239055e-10,1.3644450421339267
N20002677,568.0,73.87265325599802,2.6050784496735,11.535462111034601,2.159296222161555,1.5388767514930966,5.984181539950118,1.7536412948157393e-10,2.340814593933298e-10,1.65143133199146e-10,1.752403624357544e-11,2.304451669097004
N20002678,640.0,56.43037242689704,2.043150935860895,15.310433887702521,8.631335283366335,3.270560142138358,10.251467041446576,4.187544495410053e-10,3.411999569093168e-10,3.263132624427914e-10,4.129316182694809e-10,4.062680281089091
N20002679,443.0,50.36589366013544,2.2977146747265915,22.177346785705918,2.961076165752503,4.039631409679305,17.090060751296857,1.437422116134836e-10,3.0698654433415043e-10,2.71504993188985e-10,2.8491887845867146e-10,1.0682765516962542
N20002680,415.0,37.516628162522885,2.8100482201549792,6.83296744730306,1.83147466675211,2.2610002939416765,45.523327930470245,1.8975627556881977e-10,2.6084925708464034e-10,2.54582317685384e-10,3.878379542173808e-10,3.224553277762015
N20002681,604.0,56.739613751141526,4.244674011172847,13.727374939563822,2.3525732124148786,3.982138317175733,15.990281367499815,3.304081359236146e-10,2.2879577457035357e-10,2.8426040852936885e-10,2.0773943628648714e-10,2.963344399980186
N20002682,658.0,50.13125944210558,4.412988808917036,15.13558949840246,2.95321478368039,3.1128205813516154,21.017544577877505,2.626289816470607e-10,2.634935184173324e-10,3.0092677448882515e-10,3.487779343145652e-10,3.2365823064895918
N20002683,441.0,61.86696288564107,4.405760063478081,9.971328669196827,2.389081115973299,4.034956178605294,15.133229902362025,1.5268022586816514e-10,2.2306276474743603e-10,2.2196177179887304e-10,2.9774388611054993e-10,2.1986811838479716
N20002684,359.0,55.957651486273264,2.2458514420004847,23.96517414547073,2.8824325605390198,2.4183145582753443,11.724711503137893,1.8998178796666185e-10,3.2643113111998683e-10,2.7158174117448025e-10,7.408151442615042e-10,0.8058643027744554
N20002685,355.0,17.81458059129969,12.411472949044775,23.67023591636055,17.369835957701977,3.9636813962760384,6.923041656076845,2.37832646654518e-10,4.463215389582419e-10,4.2060481281786965e-10,15.937151542404104,1.9099999897312654
N20002686,422.0,9.298156411089083,42.00728354899158,9.645566560233592,18.692119311239033,3.358506379705601,7.162450777324189,1.6551374654985253e-10,4.781738106784629e-10,3.695512780923685e-10,6.648196407128419,3.187720603275253
N20002687,596.0,3.653180931476088,47.50807894096099,5.120768596576356,22.328037360998913,4.448331412368286,3.48250798538179,3.6189193245907607e-10,3.2391634452776415e-10,3.2298633962306715e-10,8.088686476816903,5.370408294411886
N20002688,457.0,4.542331642357097,61.79560195636644,4.395896692160481,13.39727338093845,1.5419137203843323,2.917529120313875,1.6101704273680246e-10,3.4885955759219343e-10,2.8240246623344866e-10,5.1333395494702,6.276113937216862
N20002689,473.0,22.12754674967856,13.87505392983195,18.681451489054268,8.20091718164499,9.65454526588651,10.38021054796282,1.7465035377765747e-09,5.027382708649042e-10,5.235895176609721e-10,2.6322513481375873,14.448023485030484
N20002690,417.0,17.005342860704094,36.41807060933597,25.168841391166772,6.86962958907649,5.481957874896681,5.572368906019352,1.2928852763344675e-10,3.6525936390173286e-10,3.2232170835401263e-10,1.3114318997169228,2.172356868266862
N20002691,644.0,18.0999545229978,9.239001138396,16.969570747636475,18.237351354318125,9.479294477501314,6.903341586632009,8.490981953918193e-10,6.117803884594144e-10,4.980606209096886e-10,12.908029665853975,8.163456504705358
N20002692,473.0,20.239329400821955,3.601726201761214,22.01622280892985,9.079940565830562,30.633644534076453,4.7159606161517384,1.4819470422981541e-09,3.2820707016865646e-10,4.0415763699073607e-10,4.093922911558162,5.619252958655744
N20002693,343.0,5.796000693107938,0.7518028667790553,25.51507517626624,9.741094828438417,28.483026158341275,5.344168433356913,1.0386881272906812e-09,6.000302975516607e-10,4.0032212333207583e-10,13.51245811855829,10.85637372311282
N20002694,430.0,38.63783338832405,9.237543187335111,22.83805327959266,7.2094155989283095,4.991190896134296,6.290691400021318,2.281893735907957e-10,3.570970008503903e-10,3.8309273771751155e-10,7.703611169835906,3.091661078859962
N20002695,461.0,21.69701547905881,3.041113631600896,21.400304420244094,4.364861104704616,29.537528405043084,5.912200896679074,4.804024511709005e-10,4.951460182785688e-10,3.650720917125243e-10,3.6050027652363563,10.441973296092455
N20002696,420.0,21.66913384396751,7.5399074920397835,20.28891735563848,6.024543575409574,16.969331872134752,8.490693304140882,5.619368519191576e-10,4.4466691641281155e-10,4.1148195929453297e-10,1.4579908518929605,17.559481703357978
N20002697,446.0,14.978710492551919,2.6680681307117187,18.65625098305345,5.663219240095991,37.55544152243843,9.659379816397605,6.170632911391943e-10,4.480384225343903e-10,3.7080167426895377e-10,3.378285383320087,7.440644429994872
N20002698,447.0,15.96066590089549,23.97635454859288,10.308504321169929,11.00880868563115,3.1233783829958743,10.22110815093859,3.382721628990514e-10,3.980372784537551e-10,4.3930789225758265e-10,3.2832935209373986,22.117886487663053
N20002699,522.0,20.555529917916576,5.09464937620611,24.053090833214807,2.808132940569623,17.526156727647145,13.219576610286948,1.2619356032514083e-10,3.925770825643859e-10,2.977777690422703e-10,9.988335919761612,6.754527673580636
N20002700,415.0,26.15878812176741,5.290888196463894,24.53022974759644,4.332603909700403,10.197102418045462,4.668413129355946,1.3761023589957667e-10,2.4929007700551325e-10,3.0757772207817116e-10,22.194137061119175,2.62783741525678
N20002701,372.0,21.957853389482175,6.967733730594448,17.080729355448995,11.594798820113743,15.21490520436629,4.062018282165349,2.9575288970737234e-10,4.449939488305782e-10,3.4459145470519786e-10,3.476366764237482,19.645594452506185
N20002702,304.0,27.114594345841137,12.643786887321976,14.657668679756771,7.195558418902494,5.156683134111756,11.150277460724075,3.908634425405906e-10,4.51099363447858e-10,4.5405447390471834e-10,10.563412643793813,11.518018428251958
N20002703,249.0,27.725581896084893,10.009974852755784,22.75204741170837,3.6315487328726435,12.491243484993111,9.72674450679321,2.1037508616243997e-10,5.137166492087839e-10,3.517279850559978e-10,5.834019281318207,7.828839832397957
N20002704,309.0,38.53608682814289,6.1094270929864285,11.611145637741808,4.026902095172255,7.121576464077135,19.515163427628192,3.475534765410149e-10,3.754690176651846e-10,3.5244894883272463e-10,3.4827466198450874,9.596951833330722
N20002705,400.0,14.176196869985807,7.9378904846638285,14.939226407058099,7.1568807758992286,21.497196787840558,9.826907222527943,2.0737649651070018e-09,4.923286641185e-10,5.279072250750012e-10,9.438910519097304,15.026790929833233
N20002706,293.0,19.4893733683361,7.756840636966793,27.771035006563228,4.7744957961700605,12.744870934318028,10.801564263502879,1.9608541834219428e-10,3.807409240722901e-10,3.831208291283901e-10,10.195938897900692,6.465881095282272
N20002707,403.0,22.11354949187895,7.182513393027211,24.804037759919915,8.12034578272571,10.387010018364126,12.919317097437544,9.599194509953948e-11,3.009800031111122e-10,3.315211798133572e-10,8.523164923820918,5.950061532097129
N20002708,351.0,32.017714388119884,5.767146227632204,12.820188590166188,9.749317241815762,3.2928067464085533,22.243168182753415,5.11655441988708e-10,3.50018947706836e-10,3.898030583182691e-10,5.877244135527551,8.23241448632496
N20002709,714.0,28.552573359273154,5.428278390495217,18.739936623413104,3.111992603797391,3.6172299236606866,23.73019188001723,3.806606944214729e-10,2.9150688689105776e-10,3.639470063894936e-10,4.340693760997023,12.479103457310089
N20002710,534.0,20.06620750723028,11.27442612485605,14.628710896505433,2.5081126392967104,3.184636866165167,26.798236552182892,3.1241619029186704e-10,3.286258275682142e-10,3.5072470169704923e-10,1.8733633481112084,19.66630606466051
N20002711,384.0,26.827080401837083,7.616661776008845,10.7724431223401,4.0061395117735445,8.042889483705004,28.215442369333083,4.640996089212812e-10,4.4704672635510926e-10,4.0520891126655956e-10,4.934862590492028,9.58448074319396
N20002712,298.0,21.82580294662578,16.596779657923438,19.52381065249255,3.32865476384902,4.683530823937903,13.600586514065395,1.8250401684124166e-10,6.694298406484456e-10,3.995606177928099e-10,5.017760049415651,15.423074590438777
N20002713,452.0,22.609106925659894,4.257782483790206,30.005999504710196,4.3983946175027,16.645205043020137,7.010450615037864,4.90205845046291e-10,6.85637977492528e-10,4.4366641051750566e-10,4.219583911334883,10.853476897324626
N20002714,416.0,21.810966101791742,3.925253975340649,18.55048122666539,3.9745514628264678,3.4821270106104056,11.00963153438746,2.777426575651801e-10,3.490579662315383e-10,3.2666515377151834e-10,10.51850238419886,26.72848630322556
N20002715,506.0,13.23376920724828,6.590837640410742,27.184691918303262,6.189099272548875,16.40993316672545,7.541268644143982,4.4019480849900745e-10,5.727195478520605e-10,3.8894999010231195e-10,1.1678632979085297,21.682536851309003
N20002716,773.0,18.825567974274357,10.284519275051021,17.052797398608366,4.000787832661372,10.405888037906216,7.846215609221019,9.211841003068364e-10,2.1871264528439135e-10,3.6490915231146727e-10,1.1770065211099692,30.407217349662886
N20002717,292.0,24.002898370974908,26.281876343596878,12.920101837584259,3.749790502374365,7.061372668608865,9.984825712040742,1.6110765615691458e-10,4.782936557614346e-10,3.223323124235936e-10,7.630235351844716,8.368899212013543
N20002718,441.0,29.639401147670775,13.853295478965347,11.42121141055541,7.408773205309988,19.66122484470744,10.132458676933059,9.515571951812119e-10,3.7917515785920345e-10,3.699365116092944e-10,3.008802691193772,4.8748325429635555
N20002719,435.0,24.600358942759478,10.639186438313876,18.47778252318119,3.1019078747090174,0.8207619399529273,23.545537235156093,2.793048731259576e-10,3.1779316235840273e-10,3.55840047867016e-10,2.2899440522148673,16.5245209927596
N20002720,410.0,27.616573959862457,22.709798353830013,14.831015489675611,11.725600578008738,4.412377195276338,7.924484815509785,3.241508383000809e-10,4.75913927363956e-10,3.6904803497878e-10,3.873904521039421,6.906245085628522
N20002721,201.0,31.896383895510745,29.863399769346888,10.686860318568181,6.090919454844678,1.3192605615600328,5.228875371563016,9.257736481757615e-11,5.106638097612128e-10,2.736979053656657e-10,10.135391748746283,4.778908878983225
N20002722,410.0,14.491128496473097,4.123754903948297,21.239814888528947,7.157043760967728,18.878019249877756,2.9653690903391077,3.9169158441374576e-09,7.149136950682529e-10,4.2792442816900117e-10,2.7208860264476806,28.423983578357625
N20002723,423.0,33.44265656905979,22.16354811013227,9.597830149146521,3.220417417338745,2.9271637584676222,12.01564760754176,3.9909297757208516e-10,2.6229213699054483e-10,3.1923538142181053e-10,1.4600826026478502,15.172653784684817
N20002724,317.0,35.08511296764173,20.6294464210621,6.542632303858145,5.756014303881741,6.593953730099394,15.162051470706409,2.332351991225839e-10,3.272039093481346e-10,2.7246921362526264e-10,5.097096981782668,5.133691820134903
N20002725,268.0,39.393512993740096,1.115360421695495,35.01611857039011,4.6415313222236876e-10,7.692744941056196,14.640748323469799,2.0056855833133655e-10,3.4936296958233e-10,2.6952170309203767e-10,3.0397709521462075e-10,2.14151474806072
N20002726,544.0,27.489332828267816,0.6326821279677036,30.438098908927657,1.7565367636460263e-09,18.817919997545935,10.14238362111399,8.643451215802816e-10,7.881230022266901e-10,5.875152306072785e-10,1.869514583843644e-09,12.47958251031088
N20002727,429.0,42.07976758206392,12.785402611658004,17.183667377596855,6.855456739461777e-10,4.653326355278956,16.113412048039567,1.9991816708642595e-10,4.6140658530356675e-10,4.0128822869820387e-10,8.714399737965302e-10,7.1844240227430936
N20002728,415.0,26.562521438076008,1.0360415942251697,37.02404666873172,3.0494503138455456e-10,18.146763309827,10.21555625717196,4.4494844417208883e-10,3.504349313317055e-10,3.548824329444443e-10,2.3424160303948214e-10,7.015070730278677
N20002729,151.0,76.65597618847741,8.984511318471863,3.1298450536697544,2.0083523848872258e-10,0.4604458485811153,2.3313961130298995,6.236709136132564e-11,4.5129817906585743e-10,1.6689846657671383e-10,5.223111285766641e-11,8.437825476836329
N20002730,441.0,36.51745402678125,1.723119554158821,27.784156116626463,3.082759712968909e-10,22.28116556583935,9.010552290281261,2.4025127081560406e-10,2.626278759750928e-10,3.4399332028538664e-10,5.173744197936525e-10,2.6835524446403354
N20002731,578.0,30.076929257832298,2.2877232990877676,24.82076148858469,3.415064954157392e-10,18.27902491581711,13.606630251996062,4.735407075247914e-10,3.504672570523054e-10,3.812021071646536e-10,3.161313642396747e-10,10.928930784819215
N20002732,419.0,25.393261394998078,3.51660934675884,32.9513758952061,3.1489436528155113e-10,10.756084348881853,20.537918541444178,1.2181636716123294e-10,4.5101542886604754e-10,3.6356809966569013e-10,3.8801814112616055e-10,6.84475047107163
N20002733,438.0,37.24543163430993,3.24464541186365,19.147426952321336,2.7419011555816313e-10,12.850233618279978,4.015582771654471,5.055918796820959e-10,2.287146512558799e-10,3.177330420152426e-10,7.04515767515592e-11,23.496679610173953
N20002734,283.0,45.095675927474865,15.569952351294797,15.605377617693206,3.5853812995925244e-10,6.595487073781349,9.606819789307925,5.025559358461845e-10,3.4261000651123886e-10,3.192711172783576e-10,5.4344300098713644e-11,7.526687238870533
N20002735,512.0,49.63552928989454,4.156938674613846,9.828687079887223,3.8561463906535587e-10,6.998879477315392,8.163675665142595,3.7568544741506417e-10,4.010826794117206e-10,2.6877754530151824e-10,4.6332639749896586e-11,21.2162898116689
N20002736,389.0,31.635181231760118,1.9516554393183905,34.22384225038396,2.83589290474946e-10,18.495326000852412,7.4143359715698605,2.0374804210061423e-10,4.361985541274558e-10,3.300050029479863e-10,1.200861975346671e-10,6.279659104741622
N20002737,566.0,26.772948463300544,1.7680941327872024,26.997445939629667,2.762795268791995e-10,21.26004535843662,10.647873325847616,5.796357647579576e-10,3.079300475471781e-10,3.764857404072197e-10,3.23412172378612e-10,12.553592778134593
N20002738,424.0,29.7094547779574,3.2543896954596843,21.54335627497694,1.8085310283897147e-10,8.152541517034999,12.61021797520065,4.556790768105669e-10,2.5579579568817174e-10,3.309884144595192e-10,5.420088302929057e-11,24.730039758092808
N20002739,615.0,24.314148784445276,1.1018157553847379,43.847487989186526,2.453181896296405e-10,16.515492767674562,5.449255481481112,4.747199436509501e-10,4.531230891456801e-10,3.859643689298754e-10,7.156272457765381e-10,8.771799219553035
N20002740,601.0,36.38208550545731,2.194520686609517,26.142255794895707,4.3921893154026986e-10,4.8549579040506305,20.55571746652103,2.4759625101449225e-10,3.211896142646184e-10,3.5175121786722357e-10,3.245151221474427e-10,9.870462640781534
N20002741,470.0,30.42442906810375,1.8200455792424526,22.72275868296208,1.71496466168663e-10,14.043094829395772,24.390051795288876,2.6541170752128617e-10,3.884152991393231e-10,3.3758164175169433e-10,2.2891886936647594e-10,6.599620043615248
N20002742,846.0,37.31155624355357,2.2053707369577826,43.40494845598946,1.4835822781742806e-10,3.339141731792362,10.526925784453658,1.603144056296591e-10,2.568951067690645e-10,2.6535498551293666e-10,9.292472114398391e-11,3.2120570463293125
N20002743,881.0,25.708368792385333,0.7764820590912196,43.402147043725634,1.629651931832711e-10,15.375056740307713,8.14137893932276,4.500216097601604e-10,3.3668083323582317e-10,3.3094816432711217e-10,1.5480988419365347e-10,6.596566423731924
N20002744,786.0,37.21336376083275,1.7319261959528456,39.91854725420125,2.708457773571358e-10,6.602567362048678,10.126725484290752,2.738612089299778e-10,3.130362623752807e-10,3.5329006869435763e-10,1.8871670689816901e-10,4.406869941273958
N20002745,526.0,31.7037473461549,1.3512653588368042,39.968613575437864,2.610907685305003e-10,5.457316613449497,10.189309409839415,4.094329460748088e-10,2.7238387939830015e-10,3.3556014794279176e-10,6.828851226310218e-11,11.329747694934774
N20002746,668.0,27.606104318720416,1.4744510011717924,47.04735364595526,1.2060152364382854e-10,12.493935630580259,8.398389361035917,1.2979509504581242e-10,2.659169524069644e-10,2.4020210127296753e-10,6.652416210747791e-11,2.979766041713326
N20002747,606.0,30.59126027629272,1.0811668307636737,50.102810492755545,1.43777509751033e-10,6.244470336461482,8.525576881474421,2.275383042731119e-10,2.7699434442698414e-10,2.826779062240173e-10,1.5951292965345392e-10,3.4547151811616406
N20002748,459.0,34.25892953489996,4.42759353663588,21.245210875977683,3.8586615202083734e-10,15.035823275264212,13.178943667540622,3.669114729519319e-10,3.2437365601527097e-10,3.648129046390116e-10,9.40793206011905e-11,11.8534991081456
N20002749,364.0,16.776222312459176,0.44430139141362285,28.984940913800784,5.055195610499055e-10,10.659766584547196,8.700664878176942,9.477829843888212e-10,3.4212586358561366e-10,4.045465255119551e-10,2.4385574424560424e-10,34.43410391715846
N20002750,363.0,41.806340778745565,2.3532812552848235,25.366309623449972,1.4209095974579885e-10,10.241856850281716,11.925895398179923,4.3139281464726995e-10,2.1254960982552233e-10,3.1315745147220633e-10,2.945538643020111e-11,8.306316092929364
N20002751,568.0,20.84460644051106,1.0760909982615812,31.627967362755793,6.308269549639785e-10,23.04772688574387,12.525322630265537,2.6854690716894515e-10,4.510265219435445e-10,4.267301780277392e-10,5.22778396928456e-10,10.878285680162282
N20002752,330.0,30.044239878008078,1.3367649500728722,31.1833816789853,2.3902107551475775e-10,10.389927016094083,17.45900255408639,4.689484244855612e-10,3.502100240182673e-10,3.603984102191768e-10,1.9098359181736504e-10,9.586683921143711
N20002753,431.0,35.39789702617771,1.8375172985232149,19.91307620541601,2.24587849111274e-10,17.239241699528215,11.985643410232056,4.6082810062499794e-10,3.0804661024903444e-10,3.4495564601742766e-10,9.164899604583589e-11,13.626624358692741
N20002754,296.0,29.141753510776113,1.482322404128827,27.39243977677785,4.43065320291429e-10,17.145499355747116,11.914306420726046,1.2432354691582586e-09,3.23921100029573e-10,4.455570431321693e-10,4.5187840446774683e-10,12.923678528936394
N20002755,495.0,16.51417665921851,0.15926894009619058,31.020454744823546,1.8711349126067405e-10,37.71694447925871,4.876143677116875,1.0109169241495124e-09,3.5693565131047817e-10,2.8142651203357597e-10,3.0482415823485495e-10,9.713011497344958
N20002756,384.0,34.98771826594443,3.3957157514859464,7.948466298883039,2.8121017015795364e-10,20.599703221666704,9.74449444028673,8.100829570999745e-10,4.322496769235097e-10,3.8274005813549403e-10,5.907712267391597e-11,23.323902019767793
N20002757,489.0,18.728691540053525,0.46231618517738476,44.376978035717116,4.800224439134808e-10,20.981312008361606,7.464280152401312,7.410652575780073e-10,3.2219747022829873e-10,4.1597358175062684e-10,9.49882898226061e-10,7.986422075379901
N20002758,414.0,23.503182963353737,0.293098281501216,35.88608757858614,2.430676250634525e-10,27.667539491264915,8.30009218550283,7.241348220562623e-10,4.482732350040236e-10,3.482390130495777e-10,2.929982803436024e-10,4.349999497734434
N20002759,220.0,26.81256969366302,2.255223161631832,27.76584914951953,3.6534637609911745e-10,13.416274074355261,20.440417656384206,6.511236852157869e-10,5.1573220299033e-10,4.801217538266956e-10,4.68698388185159e-10,9.309666261965118
N20002760,466.0,23.85021090199613,3.200917405401472,28.643338895576083,3.5793311258746787e-10,22.33419413626091,8.985862395112502,8.640711300490964e-10,3.269576988023254e-10,3.9117331203684966e-10,2.0109649249864854e-10,12.98547626351168
N20002761,559.0,22.055495295506724,0.6278962876859498,30.233399942777577,4.383948347983562e-10,26.806497480588526,7.017938065184261,1.2763740783870344e-09,4.327781909082698e-10,3.860657475276905e-10,1.5335077171624934e-10,13.25877292557
N20002762,631.0,19.158178791002175,0.2841418108239499,23.584104312534134,3.7898597053528056e-10,45.38492823711448,4.323717761463442,6.399397069436897e-10,3.1456696867732453e-10,2.6274833913216485e-10,2.1274996579330313e-10,7.264929085252825
N20002763,445.0,26.305050355781184,4.1541121541016997e-10,18.704380632529617,7.511373044039227e-10,23.597168510575855,5.174135505658132,3.4812317654754503e-10,4.0863477337337087e-10,3.945777203299249e-10,19.39404124352751,6.825223749609824
N20002764,548.0,42.325766209719426,5.199258954351467e-10,19.847466273133172,3.584802538131019e-10,22.046329310757386,2.734084507623604,2.712653911524707e-10,2.842122902301219e-10,2.912215427899295e-10,9.039185190299545,4.007168506741773
N20002765,589.0,25.892268388298117,4.0271612602606025e-10,19.003335824726733,4.4881562496725157e-10,17.799904239190553,5.3099783082177066,1.8919721791332185e-10,2.3984100783764795e-10,2.806564108293195e-10,28.92683456318913,3.0676786748165257
N20002766,293.0,15.923841522368804,1.34778560315191e-10,17.98493005607534,1.1316544331195613e-09,23.469818587730895,1.9419526530518743,4.485686321397441e-10,3.688458895069275e-10,3.3676227728887005e-10,9.788673459527045,30.890783718825432
N20002767,408.0,16.29171047807268,5.486869476668995e-10,24.57070327156458,8.638573546678029e-10,8.78221609603761,5.535165734108319,8.900471340902966e-10,3.963624681935343e-10,4.673656851222293e-10,22.041117069727058,22.779087347323433
N20002768,836.0,30.005981009475608,5.886378499694157e-10,13.705190390747182,7.924047069832727e-10,15.420309316629426,2.592111646898969,9.347256889841372e-10,4.371779134006422e-10,4.214889954091639e-10,29.96588547536699,8.310522157707384
N20002769,564.0,44.55150702252138,8.450411248994937e-10,18.392294892300363,3.932058215169619e-10,12.993988925330079,4.5110430690293475,6.746642712278067e-10,2.416870429700702e-10,3.9072724771337005e-10,5.93732484423384,13.613841244039659
N20002770,701.0,38.36227994019693,5.125970313013464e-10,18.39732307138928,9.039624494926279e-10,17.45152582910122,3.1286628403800467,3.20465686664177e-10,2.8058090930246914e-10,3.722713345058276e-10,17.65876322245402,5.0014450940886395
N20002771,326.0,39.32095408486402,2.1036754730909757e-10,16.34989284685994,6.792431078673344e-10,13.699766885083578,3.875994086977399,3.4206270048391207e-10,2.1373178581043864e-10,2.7878276502712874e-10,22.782631295451296,3.970760799039564
N20002772,381.0,28.791662947288128,1.1902866950226959e-09,8.633241428075491,6.191220270415907e-10,4.76486270220436,22.40141236537957,8.622548376934105e-10,3.3884273661169744e-10,5.059219319887047e-10,14.821797737844102,20.587022815691935
N20002773,386.0,24.02719689462106,4.96520559180927e-10,21.632302637361665,9.276723766455362e-10,16.516350193688105,5.519203097118931,4.4089388848740613e-10,6.96456822518052e-10,4.374634836817664e-10,24.518663225415533,7.78628394879569
N20002774,762.0,24.258025145426583,5.140915023529513e-10,19.21131166337429,4.844965602212859e-10,27.76522822613105,3.5478389602014495,2.386544584547182e-10,3.532151440576978e-10,3.0734474551275457e-10,13.816278378308343,11.401317624660495
N20002775,769.0,15.678512250844268,1.2202552115528802e-10,18.772687012384463,5.041606771854149e-10,26.19581448920644,3.709475307130222,5.118376320059345e-10,3.805327117211097e-10,2.895271532749607e-10,29.781857246801717,5.861653691824796
N20002776,273.0,18.488866700856594,6.768083230026937e-11,15.718117222321942,2.2085775864386773e-09,3.862103773323834,2.3574999635136034,2.0552643163624293e-10,2.1411415133661804e-10,2.305521388505991e-10,51.9147116425924,7.65870069446517
N20002777,425.0,24.31474697984014,4.41811400976964e-10,29.67268470101129,3.6477676554570477e-10,11.081735634800607,5.316966053265104,1.588795954326732e-10,4.047618168525178e-10,3.0503865754930103e-10,26.27580587959114,3.338060749816455
N20002778,689.0,25.038374071923307,8.276476607831967e-10,20.91802253829235,7.805751633619759e-10,13.652869504341481,6.495252634892161,4.2407592248239173e-10,4.2168171144607906e-10,4.268730694149363e-10,18.64455791827705,15.250923329392782
N20002779,444.0,22.057365855568225,1.4387894638392705e-09,6.9795031737433515,3.856398813315598e-10,11.160773166706246,7.723639752916002,7.885821297805283e-10,5.659478804633181e-10,5.184835369413147e-10,7.704052404367251,44.37466564300149
N20002780,564.0,31.09908125333199,6.151978971753866e-10,11.69296333208603,9.135099126338237e-10,4.099959902408943,6.6943521723434385,9.218975164383611e-10,5.630918856110196e-10,3.7197621681443937e-10,3.1121548757828235,43.301488460661105
N20002781,592.0,29.35223279277539,2.3138179550190014e-09,4.97719650567222,5.260721600911761e-10,3.0733489613978304,11.755261511060157,8.032147183723192e-10,4.5408015066635565e-10,4.5242102505603083e-10,4.184115371454014,46.657844853090786
N20002782,365.0,30.386717735155987,6.474864529342179e-10,19.29601477011985,8.865576244406808e-10,12.396849575766982,5.169646508968749,3.5855342231561385e-10,4.807276708430539e-10,3.991607248888154e-10,24.47077993250023,8.279991474715715
N20002783,383.0,27.104625589019932,1.458426424205314e-10,18.290715926403927,6.481511933759138e-10,29.23470833709486,4.828970657579081,1.1889466410085718e-09,5.460635709465057e-10,3.4377197381489363e-10,10.507608244108058,10.033371242921376
N20002784,360.0,20.032346253124704,3.2321485170629e-10,13.135195874729794,6.494899473786005e-10,9.756662603666674,7.677148729496655,1.0723766654702182e-09,3.250279607153478e-10,4.154653979135512e-10,31.026323997831195,18.3723225383654
N20002785,351.0,42.9632622925108,3.6701330039663613e-10,16.881070913237703,5.935729618632027e-10,11.697867527778474,3.2476162771160957,2.9950888803826072e-09,4.937218924406107e-10,3.8409625501938985e-10,2.831488179935747,22.378694804587703
N20002786,505.0,20.07589698659321,3.591193799629903e-10,21.134297710768514,1.148393420475217e-09,27.067125484632783,6.082991615463127,3.6608467815469246e-10,7.456692636417805e-10,4.2904826928125085e-10,18.722111596463378,6.917576603030678
N20002787,403.0,20.701048970389767,4.3276054972612544e-10,15.365182000612055,1.1054642768451752e-09,13.179578805625876,10.717003749484434,1.2679431448969756e-09,3.8688941154788747e-10,4.4708763998903224e-10,20.446149848472807,19.591036621774922
N20002788,437.0,48.06662730571959,5.237136564324265e-10,25.0602910203606,3.3042110549028406e-10,11.435309434145594,4.5609416521946144,6.052629530843518e-10,3.429075249664025e-10,2.7741399064547474e-10,4.582882294572243,6.293948290927637
N20002789,510.0,10.609362402546802,8.953628941749847e-11,10.026103813888827,1.0442346139398177e-09,26.331373622992572,3.002650695407543,2.5618990216352163e-09,5.221590235723978e-10,4.0054705491307675e-10,23.014199572321424,27.016309888224445
N20002790,539.0,38.08758099293325,1.4199013410164145e-09,13.430278403994397,9.149184692439873e-10,14.845002633716947,3.883846115752571,1.2310959352732972e-09,4.502041667460992e-10,4.277987849126733e-10,14.792707233093314,14.96058461606562
N20002791,365.0,15.78262884708883,9.734101859724362e-10,26.413546419365723,8.162997136966256e-10,4.2210788083585316,7.651260236176112,4.117861507150426e-10,3.745034018363076e-10,4.544750629622636e-10,27.031742809314625,18.899742876665705
N20002792,460.0,19.783132349245523,5.775170705489452e-10,13.953988430118525,1.110273356408448e-09,12.25048164000783,8.607908163828633,1.4017083611386026e-09,7.057903571176523e-10,5.318179228472222e-10,32.74897680938521,12.65551260308718
N20002793,299.0,28.584581584447577,4.543036209557512e-10,7.337946981157108,1.3666009637808326e-09,4.854301729981529,4.441827692896476,1.6664725277101188e-09,7.109349212989487e-10,4.595456245497893e-10,18.675791247278696,36.105550759580765
N20002794,438.0,38.630066378267415,1.524211073300044e-09,14.646533008949007,6.701640427153679e-10,9.01708254594501,12.465659329787842,7.22491956667025e-10,4.811847112352102e-10,4.571038983927176e-10,4.800231388967452,20.440427344228112
N20002795,495.0,24.40053477253361,4.0596439223027397e-10,4.408051719650855,1.5044721833658774e-09,4.875506530139909,7.089527834655512,1.5654755864787557e-09,5.304433942992852e-10,4.264238291995117e-10,14.63450868754693,44.591870451040414
N20002796,409.0,30.970713051847582,3.402273622397107e-09,6.391882105793499,8.975923801527747e-10,18.552583905751163,7.524765696229468,1.7613504172481088e-09,3.2902751741973996e-10,3.2006006001919926e-10,0.862196574064991,35.697858659602986
N20002797,490.0,33.79617241697833,1.0959897135185664e-09,10.520830420384472,6.386568820043507e-10,7.425113708717667,6.352004867640143,3.672932162062432e-10,2.2519327634254677e-10,2.86257369249139e-10,37.16839755982184,4.737481023844153
N20002798,391.0,38.75152278759587,2.9799190916091348e-09,4.470298421422454,8.370523300543481e-10,5.166208928417706,2.627292009487358,4.905635200784157e-10,3.227997765253342e-10,2.9273848376741733e-10,34.72596977928279,14.258708068870762
N20002799,502.0,20.383758456073426,9.34278858044465e-10,23.070348112412532,1.086405916076897e-09,10.606897658819276,7.255455131680727,7.337026659872542e-10,5.558473711721969e-10,5.204361310640794e-10,11.802956154783699,26.880584482399655
N20002800,514.0,8.938448696228699,1.2410632821500321e-10,15.98889056408203,6.978251489053864e-10,13.679271458476643,3.6894449505222306,1.5760184126029424e-09,3.776725780609257e-10,3.176158468887061e-10,42.818272886473025,14.885671441124146
N20002801,214.0,6.711099482192343,1.1989720515847028e-10,26.226317598116584,1.6588217186725226e-10,19.190601617906147,3.685029119144341,8.471646365926024e-10,7.009117764825644e-10,3.5842874244432584e-10,19.43638556770201,24.75056661274629
N20002802,913.0,34.3888312031013,5.258832777438409e-10,50.66419286760612,7.437515164292085e-10,5.600948608403934,6.074203090754246,1.9750053194307536e-10,3.1878408408114095e-10,3.106220098475446e-10,1.640247938156315,1.6315762898815624
N20002803,441.0,34.004203625777265,3.1750600413036673e-10,40.31994357345277,5.570513049319011e-10,13.173323014600127,6.2234202873915,4.5184943514092476e-10,3.4477835835365054e-10,2.887029233304777e-10,0.5075016190105318,5.771607877807909
N20002804,621.0,23.544582111397165,1.4887669369844226e-10,33.371856964411755,4.216290720710127e-10,22.400591182418083,6.510742610228126,4.607555924067241e-10,5.641326425315116e-10,3.4330620970698316e-10,1.6915630894380334,12.480664040168133
N20002805,481.0,40.76240422045525,3.253992382083103e-10,26.142283920617903,4.856368762689431e-10,20.533660632349935,8.168042068608845,2.1112551834485517e-10,3.1964216223825034e-10,2.848380419922469e-10,1.8046516777566028,2.588957478584814
N20002806,475.0,51.488530690745804,6.753684414464306e-10,22.54747320294307,5.597577507469507e-10,12.77021364333191,5.043992161285112,2.3153012767703144e-10,3.6071734491111286e-10,3.3682392577870916e-10,1.8853933411429828,6.264396958386924
N20002807,281.0,31.914670821243675,4.5539974710842083e-10,33.327544655508525,5.816311072251034e-10,19.514634929322032,8.940113110653835,1.7279830843564304e-10,6.85315003402981e-10,3.2683700274372206e-10,2.9883876164156247,3.314648864634337
N20002808,655.0,24.01902365029866,2.6164067022328735e-10,29.098434079191428,4.4629504117892767e-10,33.66200952835008,6.71572295813851,2.8394319664101655e-10,4.681304663897923e-10,3.136756533416139e-10,1.5881809709766472,4.91662881127098
N20002809,643.0,36.68494188172204,2.940422566306235e-10,36.613004391237716,4.163085628443166e-10,12.77115157070908,6.625689333232473,8.215600433878311e-10,4.3938613553760124e-10,3.5065125363508016e-10,0.856675500502157,6.448537320274561
N20002810,419.0,25.570476522256207,2.742419416976879e-10,32.585954014115956,1.2866763544300957e-09,20.317114093178805,10.516017937328062,3.186579826824615e-10,4.0345058531621286e-10,3.6343079800898433e-10,7.562947547901136,3.4474898825733695
N20002811,356.0,29.315087488462066,1.5987921443352267e-09,24.71340920572707,8.395880485000309e-10,6.794148024791643,21.4636650188372,7.354188292056864e-10,5.609417107676183e-10,5.372901564378057e-10,1.5282303216490298,16.18545993626097
N20002812,257.0,30.42503122561275,7.36628025435211e-10,40.839516231648375,5.468257888875852e-10,4.431314732611902,10.533667924499433,4.851840789543441e-10,4.2074106928734187e-10,4.1709374638155844e-10,1.8164744191382234,11.953995463882839
N20002813,466.0,34.10680472608029,1.1126163665343173e-09,19.13182581332755,9.461398787916596e-10,6.024022412204437,25.880870734332767,8.095230194276711e-10,3.7255561499006035e-10,4.920947355750196e-10,1.0807181227940654,13.77575818752797
N20002814,637.0,26.436702415389334,4.4170775798366114e-10,33.75662631943359,7.98430388647021e-10,25.095702925712544,8.25872568574907,2.5977119720906355e-10,5.167452819853662e-10,3.6214365416095555e-10,2.479327444137584,3.9729152071990654
N20002815,284.0,51.92270939177027,1.7948842982327262e-09,12.934010490076986,6.855338738467048e-10,4.776397972909815,18.15133613431499,9.97193611502869e-10,4.2645327761427633e-10,4.702029083161439e-10,1.4912568797111756,10.724289126842494
N20002816,344.0,41.63775118007109,1.4427457732095265e-09,19.147649755453518,7.271583646073541e-10,6.959228398269107,19.59426528439676,5.260255702978323e-10,3.7492069479633984e-10,3.935295968105985e-10,0.7649496828917114,11.896155695453436
N20002817,411.0,53.05039720852317,2.5881368809958083e-09,11.093798372466319,5.306198678499613e-10,3.898344858331656,18.575573764705684,3.9183086756300223e-10,4.063785816301859e-10,4.5571055405392263e-10,1.686317434321928,11.695568357278567
N20002818,507.0,39.83746989648777,1.4250854553041349e-09,11.02699237546529,7.317012645917598e-10,2.716371276164725,28.20755772329116,5.955959955749042e-10,3.585683116909994e-10,4.685279608837512e-10,1.5967025308903513,16.614906194121236
N20002819,556.0,42.31760065490645,1.1132028853239086e-09,12.825940329683947,5.929125735073056e-10,6.294835046026609,14.766629394467182,6.454095479433663e-10,4.941915385160864e-10,4.405973175403317e-10,1.2646875233506665,22.53030704827885
N20002820,377.0,32.01023367109332,8.482060697617811e-10,38.87757152866869,9.396531190366574e-10,11.462342269755446,12.16355208947801,4.304521385841374e-10,4.0866610297503727e-10,4.436107744671788e-10,2.1794135250826807,3.3068869128512617
N20002821,628.0,50.99601820254451,2.1772299791966987e-09,16.970848900945583,5.582939172868688e-10,4.401205392186826,16.408368214977447,4.5517014361081646e-10,3.882659314237321e-10,4.1845942294301796e-10,1.0149900362754511,10.208569249072754
N20002822,582.0,37.435232520584876,4.336570056380616e-10,27.000550810885613,4.79429256742454e-10,19.113188001780557,10.866653945657937,4.5554456306223075e-10,2.6213877987728856e-10,3.067992553242292e-10,2.5014909974827972,3.0828837216706524
N20002823,690.0,41.124866179463424,1.8003941211468885e-10,18.137743255290054,5.626849091228032e-10,30.216862655425107,5.515622023438545,6.636373456846406e-10,2.927074141622847e-10,2.792369551159607e-10,0.8572792338180282,4.14762665058653
N20002824,242.0,33.63302846666298,2.3514671734994087e-10,24.838779515510776,1.0653971901308053e-09,32.67792986070511,4.257526774148176,1.4322119648967765e-09,4.804091464919091e-10,3.46361873532473e-10,1.9701104492296169,2.6226249301838123
N20002825,722.0,30.326077785421575,2.5253125488217635e-10,33.85196840037087,1.2274084614571156e-09,18.992388109681276,5.019405915460007,1.276723131070007e-09,3.751429013142926e-10,4.668654267732534e-10,1.8581269837179435,9.952032801749663
N20002826,577.0,28.63002170240424,1.6692658356277185e-10,29.159704397838016,4.80498478111561e-10,30.640746068813378,4.923357757133795,5.800483016342967e-10,3.0891193349818924e-10,3.330025949500531e-10,1.5932174236179972,5.052952648323183
N20002827,483.0,48.88084004004116,3.464720190028741e-10,22.899568084373833,1.021757825183551e-09,19.839936381476925,3.5877034176006664,4.1564543420759136e-10,1.9191313954081518e-10,2.9660411372201135e-10,2.5197521117374904,2.2721999624975258
N20002828,376.0,20.43638214644999,2.412927419418818e-10,31.991683722107737,2.3102063954988195e-09,26.028734839433216,5.156842333944885,1.0736584229474424e-09,3.513194834734804e-10,4.310971769783974e-10,2.28674270943004,14.099614244226554
N20002829,563.0,31.845130479954246,4.645032975970639e-10,18.310003101585004,9.361501752720866e-10,6.032587837441834,7.4296699373148645,9.844318216414222e-10,4.104734872331888e-10,4.469134117187394e-10,2.940286750495325,33.44232188996624
N20002830,493.0,32.02860310555408,4.532565084836415e-10,27.636130987414088,1.0125388255025878e-09,21.596531350611905,6.020765028615523,1.6226002841448149e-09,4.801759862314157e-10,4.5084639416675023e-10,1.0070768079118857,11.71089271587311
N20002831,311.0,52.847067288808894,1.8554413219600955e-09,18.036199886800542,1.22856244843682e-09,7.743438564702633,6.2059285723071715,2.119728082999783e-09,3.7661986316753925e-10,5.278406541533304e-10,2.6040229414490286,12.563342739823527
N20002832,535.0,15.0015859023269,2.009059048559055e-10,45.529686532920145,1.0303767087419362e-09,13.882527472244332,3.0671186038597185,2.1712935046560075e-09,2.9211571243397465e-10,5.101708681793628e-10,6.26159609357015,16.25748539087388
N20002833,403.0,28.26810219328429,1.506980032077344e-09,20.279513455853053,5.947191839677747e-10,11.989791846044659,21.18850434444643,9.450529965392445e-10,4.432967233472806e-10,4.911031832974136e-10,0.8281040898436188,17.445984066546778
N20002834,347.0,55.41705619657411,1.6520438172268864e-09,20.406453914112916,4.2652045276607525e-10,4.244440784080199,12.496794278620836,3.145929039785653e-10,3.762995535413403e-10,3.6447278546178654e-10,1.5585336331529502,5.876721190325064
N20002835,628.0,47.27712831612919,1.4153107462216395e-09,13.194605988083483,5.323704338981902e-10,9.345401137174461,5.959438353047708,7.748702402754618e-10,2.2167086977449738e-10,3.046056283878955e-10,0.23661154794561914,23.986814654370708
N20002836,567.0,27.88168785666346,6.607207416833954e-10,11.83588993291735,3.6407955647983163e-10,42.426393440102714,6.632342374229183,7.284552691405793e-10,3.230098405063763e-10,3.1422028253801814e-10,0.3436247590667561,10.880061634630058
N20002837,414.0,12.51271555840826,42.13906358185884,17.40465641956507,15.260925210244846,7.144645477553896e-10,12.682639226851594,8.190670484633635e-10,4.4439554870974545e-10,4.949903377076925e-10,1.7598482526400204e-10,4.2247853198289936e-10
N20002838,1016.0,11.379165329391522,57.025934200201576,9.252534352997161,16.72188403868086,1.0518657338871482e-09,5.620482075275605,4.558312899928063e-10,4.258141059514796e-10,4.516693547927389e-10,4.77510918064633e-10,5.905825360099283e-10
N20002839,609.0,6.767130997723693,67.6258158507281,8.546876364421777,15.10531739040377,2.289973892640346e-10,1.95485939510389,8.722154406953445e-11,2.7276980115915995e-10,2.614774149146181e-10,6.466831314245847e-10,1.2161073863160992e-10
N20002840,683.0,17.094411439424377,47.93526015995258,18.694000959603628,9.226304515692565,5.465064776304221e-10,7.050022922772128,1.8515775419455564e-10,3.1762004366830015e-10,3.98112105594345e-10,7.247883872038356e-10,3.8254265518908123e-10
N20002841,555.0,0.7740356933054373,88.69606591024484,2.334441074522513,7.830042436732236,4.78909346421107e-11,0.3654148846829582,4.1042175393775405e-11,1.1926186905208715e-10,1.0084735648570185e-10,8.673164379630341e-11,1.1624569430537488e-10
N20002842,489.0,1.930120574583127,78.89216406049319,2.9927538640408873,13.719307159920907,3.8700182586748366e-10,2.4656543393669414,1.2267069398771185e-10,2.3159467590822466e-10,2.064891173357635e-10,5.416687070661805e-10,1.0552236860335497e-10
N20002843,665.0,15.895870504995907,42.18360878132994,10.212460865584006,15.586122476504888,5.203528796636311e-10,16.121937368334795,3.401929015942804e-10,4.78866270943225e-10,4.621698310309989e-10,8.34514984098832e-10,6.143825434764653e-10
N20002844,536.0,18.922414591797214,36.38599642320972,17.45446857360365,16.921827883005207,6.427101003625337e-10,10.315292524138421,6.992589185755167e-10,4.69331252931509e-10,5.255064309998133e-10,6.237471125883159e-10,1.2852487185385046e-09
N20002845,761.0,1.2551272593898193,86.06990907246549,4.151558552214753,7.5743825861350285,2.381163589886564e-10,0.9490225284879354,2.0510453837288285e-10,2.3141923353052777e-10,2.040067128437339e-10,1.1284192665726442e-10,3.154751735523126e-10
N20002846,658.0,35.50711328677552,15.161840893669165,16.937917099096914,8.74512689721984,5.995263849782493e-10,23.648001819393343,1.7596136152110865e-10,4.324195666280652e-10,4.451650401040523e-10,1.2075896154082583e-09,9.845368060128656e-10
N20002847,560.0,1.1092652025423957,86.14326217815088,3.3849195121518183,8.682873878265811,1.976454269224815e-10,0.6796792278823183,8.236484317553987e-11,2.3733574743941983e-10,1.5827188001663244e-10,2.69723407751622e-10,6.146006690126542e-11
N20002848,822.0,4.9555041736965695,65.6537987295103,7.538545774850978,19.086199288559037,4.84435361649518e-10,2.7659520315546944,2.732508209341507e-10,2.9468219537165997e-10,3.0160593618236974e-10,3.1606078598701975e-10,1.5837192273362876e-10
N20002849,564.0,4.416795841154643,67.79608889157804,7.825911136666819,16.136039076279037,6.565343854762045e-10,3.8251650518271485,2.506324866174743e-10,3.7793034887512475e-10,3.524680354931414e-10,4.801390338657757e-10,3.765844729412597e-10
N20002850,456.0,4.728185790951498,52.937264171091016,7.856920821156031,32.678955620503835,1.5083082223907115e-10,1.7986735938211433,3.6248764547213377e-10,2.0529241522700672e-10,3.136983001020483e-10,4.4558837277737154e-10,9.98565806225172e-10
N20002851,889.0,6.657432179410142,62.44043743578125,7.306288689888596,21.13884915128453,6.781867589807876e-10,2.456992540639745,5.850192539890082e-10,2.6613742455170614e-10,3.4148055107600653e-10,1.1104642207447524e-10,1.0138796239167922e-09
N20002852,605.0,1.9344841300863762,72.4703583064872,5.381086241604746,16.8241775333864,1.1740440764831413e-09,3.389893783889572,1.163218038394961e-09,4.760971363323383e-10,4.1133624828048547e-10,8.284935660048082e-10,4.925334928602671e-10
N20002853,759.0,35.77636670332575,17.25982217249283,23.090329443651303,6.241770193161866,7.388545305153096e-10,17.631711484590614,2.7436197849910177e-10,4.192621303451794e-10,4.558300717826977e-10,3.9160759173369397e-10,4.977388134491256e-10
N20002854,438.0,4.297569738358927,70.68948440476758,3.5282118919497383,10.075406860924733,5.309906197273538e-10,11.409327101536975,2.2588544320222402e-10,3.843527489297561e-10,2.9306442682665166e-10,8.310449796602349e-10,1.966863500737707e-10
N20002855,405.0,8.161918635743632,51.72291819826488,5.896623166861188,6.71323877997772,2.4203697404468403e-10,27.50530121705544,1.5639568833485113e-10,4.410949818251777e-10,3.101920656003878e-10,5.134579394256888e-10,4.3396491023565365e-10
N20002856,388.0,2.509042821349155,82.85817579648015,4.307806215289759,8.773295614461237,6.76882409338023e-10,1.5516795505926306,3.640678304773672e-10,2.8930561644221614e-10,2.131484884273528e-10,1.444322138052458e-10,1.3921130798830044e-10
N20002857,540.0,17.61459985838493,36.966327133008804,12.703501301098655,7.858306685641893,8.095043727754344e-10,24.857265018539835,2.1342639904067165e-10,4.472589689951186e-10,4.383976569424582e-10,7.567620425091115e-10,6.605500788443381e-10
N20002858,513.0,6.6776839586422625,71.92716290524545,4.136537641962981,10.567959188632571,1.3026195535857292e-10,6.690656303868538,1.4723538350729168e-10,2.1019765287856024e-10,2.1908040368124927e-10,7.829353338707962e-10,1.5849478126137416e-10
N20002859,772.0,2.0301201683147174,82.73424536558058,3.6145857302024798,11.09464653660757,1.7900228854432106e-10,0.5264021984398515,9.413369004812289e-11,1.6748646362051658e-10,1.615173084904322e-10,1.5048925573970218e-10,1.021632797844723e-10
N20002860,812.0,3.989401386201045,66.12658325444042,7.75425032188579,19.82839749338966,4.5478380361491667e-10,2.301367541884628,4.273002359578887e-10,3.8170139684327826e-10,3.2763029134738694e-10,3.5576276288596136e-10,2.512727242160722e-10
N20002861,465.0,2.4926431164930607,73.59909663896586,3.435841837760761,18.23229368094247,3.894432684793251e-10,2.240124724245287,1.6450158508518697e-10,1.903391466538769e-10,2.388332862722862e-10,2.367154732736543e-10,3.727500920753749e-10
N20002862,535.0,6.122437970622071,28.011781341302655,14.05573914389767,50.348051626776304,2.6304706844004486e-10,1.461989914613434,6.63142208282992e-10,3.619694573658351e-10,3.914933790556727e-10,5.895914789634036e-10,5.186094701354002e-10
N20002863,731.0,3.1286202822715254,76.30407709065847,3.749929043721819,15.108402228944676,2.1696666735735383e-10,1.7089713533259272,1.1348453670976541e-10,2.0216833089315749e-10,1.9098450062432494e-10,2.3204047107554974e-10,1.2195394892015637e-10
N20002864,529.0,1.8429589035560494,84.917671857941,3.7109288327814203,8.367059480180403,3.992425014225823e-10,1.1613809242067923,2.164424238341413e-10,2.1145735849403801e-10,1.881483464659024e-10,9.122808111847905e-11,2.2780515688606497e-10
N20002865,569.0,6.5429138449913715,70.49373664272946,10.078377048486953,12.884972461971833,3.691701282369777e-10,3.6076327626680996e-10,2.2863591300095142e-10,2.385627941589771e-10,2.5904414766010126e-10,1.6548511415688093e-10,1.98730615582673e-10
N20002866,683.0,7.206723627970457,61.08090224678676,13.91769414379139,17.7946799793118,3.9117835920724496e-10,3.4687989608148307e-10,2.406098277610243e-10,3.1472202005992435e-10,3.1933051984692693e-10,3.8381796829241697e-10,1.4306742441026986e-10
N20002867,897.0,51.49396042629483,14.697025511951686,25.54290045599945,8.266113597670572,1.3889374826728283e-09,3.3388123535129843e-09,4.518340214915962e-10,4.3363316681763336e-10,5.120777462821125e-10,1.2729250806939506e-09,6.852525611832573e-10
N20002868,775.0,8.475261664608338,64.28566069785701,9.880877149669457,17.35820048643776,2.2595288301640053e-10,2.2991743315529425e-10,1.612549546737105e-10,2.2997088941395395e-10,2.4545976262302396e-10,1.265332162268868e-10,2.0834488894208996e-10
N20002869,591.0,4.9566542799688955,76.8755437922351,8.136318673175222,10.031483251306753,2.5206979423872796e-10,1.3292353085132688e-09,1.425238922358423e-10,3.4344501027598663e-10,2.6891197209879993e-10,6.452110021053435e-10,3.3263690747118106e-10
N20002870,660.0,4.594983167261678,72.47875841132644,9.2001588225101,13.726099596795644,4.0496727756838175e-10,4.003246507285979e-10,1.7337699582797887e-10,2.445852272580353e-10,2.6042257734313975e-10,1.8046744722099981e-10,4.4198859705187625e-10
N20002871,777.0,23.404271792444924,40.08463984105494,20.092130320667952,16.418958043046377,5.554925829604926e-10,6.708738887920906e-10,1.334718137457717e-10,3.5441690970227003e-10,3.2709397839861835e-10,5.803447754402495e-10,1.6413670087214046e-10
N20002872,706.0,42.6422958988853,18.09558685443151,30.881255433544396,8.380861807185399,7.404716323359481e-10,2.7195481351841203e-09,1.8824632112866253e-10,4.35418531559542e-10,4.185312646708099e-10,1.0772555966961762e-09,3.73909874376592e-10
N20002873,498.0,2.8846217626137136,87.1532202208592,4.90554658442502,5.0566114314163215,1.3323206651193206e-10,4.354137499029727e-11,6.526696946128191e-11,8.747497646515333e-11,1.1060115071071153e-10,1.4959134395598698e-10,9.601742349522865e-11
N20002874,394.0,9.40987650376029,64.34098851708873,8.247470764906547,18.001664211359934,4.674958269641124e-10,3.7665981808037425e-10,5.503940105774174e-10,3.2043955732887574e-10,3.5235333548158667e-10,5.144004811727987e-10,3.0274903699146023e-10
N20002875,562.0,8.614789031411519,50.48097781901946,10.48520187979325,30.419031261416883,9.175564852686426e-10,7.604822013827342e-10,4.719275146838398e-10,5.59057741751773e-10,5.217571493148847e-10,4.47813281127799e-09,6.499664934063886e-10
N20002876,541.0,34.78827094166787,12.916283854792047,44.164295583822174,8.13114961138015,3.01748703553451e-09,2.4960162939244406e-09,3.686112847715466e-10,4.593391079392345e-10,4.939441080798524e-10,1.0721248736268092e-09,4.3024153108212946e-10
N20002877,543.0,24.881124185291544,43.56609798164153,22.666123952666002,8.886653876966877,1.566041783362005e-09,5.957544611719472e-10,2.0810722917024454e-10,3.487715998343821e-10,3.241927387348501e-10,2.409143530978118e-10,1.5026214532252542e-10
N20002878,417.0,6.736225262239599,63.228551196778874,3.9795482442386803,26.055675293529635,5.52343125767117e-10,8.843123682088547e-10,2.8186005844274653e-10,3.212304800917437e-10,2.8657823834364426e-10,5.543062286872187e-10,3.3258852211281363e-10
N20002879,1061.0,32.218948295985996,31.811456421433448,24.240900014727362,11.72869526473347,8.149995860069456e-10,7.05264804032237e-10,1.8284731187757868e-10,3.4229012406488395e-10,3.4567690736163664e-10,2.0331542959324876e-10,5.253278194757832e-10
N20002880,564.0,27.655162510713836,51.862692779599186,7.05380323713819,13.428341469806726,2.701860290525133e-10,8.671030910972812e-10,2.3116399526364492e-10,2.29818073451044e-10,2.8180961912792896e-10,1.402677612547092e-10,7.217216656004466e-10
N20002881,588.0,36.55933574316304,24.8173689865765,32.62261745364401,6.000677809133099,1.4783606932560695e-09,3.2470758608674234e-09,4.0102054009981914e-10,3.560560657934679e-10,4.0823100261004083e-10,3.0384948948587896e-10,1.2887390069518063e-09
N20002882,810.0,9.180536293648297,52.983376042407485,15.715084489196615,22.1210031705124,1.275071981329636e-09,4.62201241796517e-10,5.529529786878385e-10,4.799564121879397e-10,4.633191176975064e-10,7.091320395776685e-10,2.925714027242543e-10
N20002883,515.0,34.17029265953373,32.4364988634711,22.51785613313554,10.875352337327042,1.3557586203471275e-09,1.88727932994863e-09,4.5014951982079863e-10,5.41362343544166e-10,5.207680642048803e-10,6.119650307040331e-10,1.1653094092583201e-09
N20002884,677.0,21.119245681170913,54.127072573045034,10.653757931087297,14.09992381071283,8.860206109319368e-10,7.924345278254604e-10,3.517110747460485e-10,2.385392907937934e-10,3.34806656438085e-10,1.0100978201599625e-10,1.2793999985087767e-09
N20002885,795.0,2.851064949246693,81.70459848042098,4.412452628918183,11.03188394066069,1.0323331047039182e-10,8.471357059652935e-11,1.1461944269508333e-10,1.0394373127455339e-10,1.215838639161485e-10,8.908355387604338e-11,1.3624859407105124e-10
N20002886,505.0,16.489105465852475,53.41514391591604,22.30742622705094,7.788324386349359,9.077890870530674e-10,1.66606467421088e-09,1.6072188790234184e-10,4.2477943309404054e-10,4.024223324595581e-10,7.941709970706124e-10,4.752218720935872e-10
N20002887,864.0,5.461729832976289,72.8519948525813,8.664499892654632,13.021775419840564,4.888906633226263e-10,2.0933932566885081e-10,9.509934312992345e-11,2.4119621297318225e-10,2.1454382680936566e-10,5.736211226423713e-10,1.2453212732671435e-10
N20002888,557.0,9.109954170112317,69.465010825195,9.705447367050473,11.719587636143713,3.119373380920315e-10,2.5123642066598103e-10,2.4583383232422384e-10,2.1190399637458837e-10,2.3293896157782716e-10,8.66962924264967e-11,1.579571151848119e-10
N20002889,463.0,44.13938053171338,22.710658087929115,23.71983282253231,9.430128553604309,9.112111715743017e-10,1.26828103130579e-09,2.660478147838604e-10,4.5914860206576656e-10,4.124278776301083e-10,3.7783620622874827e-10,5.25947597059577e-10
N20002890,640.0,6.664268246935806,77.2122653016629,5.919924817372375,10.203541632580055,3.1129221306829516e-10,1.38924113284043e-10,3.476062363330585e-10,2.1300578353900802e-10,1.8452671967942373e-10,8.186399904807179e-11,1.7165817656069726e-10
N20002891,780.0,20.651540775789755,15.34103512001124,45.26025624000118,18.747167858383737,1.0026896547414328e-09,8.698349497189643e-10,8.001267017840457e-10,4.900281022663378e-10,5.743682148891821e-10,9.451733567048134e-10,1.131857770322303e-09
N20002892,583.0,3.4923271565331584,75.25464959949382,8.934553419392826,12.318469822673372,3.433772840805423e-10,2.2652480510246347e-10,1.72868773050548e-10,3.2064156634902294e-10,2.5597268796084876e-10,3.2849149062849177e-10,2.5894026778673894e-10
N20002893,572.0,16.177728866236535,49.72781881161442,14.154395263819463,19.940057053946664,8.29286259882264e-10,6.827491045847385e-10,7.478225419934661e-10,4.3371911867305267e-10,5.358407448376838e-10,5.928942812575385e-10,5.606150453358253e-10
N20002894,634.0,6.504041052204639,29.48474281302495,10.172333197152916,31.675802793568923,7.338434462538982e-10,5.586894888344816,5.461749182098155e-10,5.399651783337231e-10,5.887743638679802e-10,16.57618525273125,5.637571165455433e-10
N20002895,365.0,10.271085716111273,35.94173473145817,7.514796206735166,20.790774231806505,2.8842774877818595e-10,13.719027457584213,4.5700663788321326e-10,4.017523331806758e-10,4.683700840363223e-10,11.762581654137682,5.514438506139768e-10
N20002896,387.0,19.840180572368514,11.494508292512968,17.503382804376212,45.45465676414197,7.24848566308438e-10,2.455565612342026,2.7165603886719527e-09,4.5352912103985815e-10,7.210466353554723e-10,3.251705940967203,8.675122238451419e-09
N20002897,229.0,17.860811136888124,30.483931201465573,3.532147631652448,18.06652389808212,2.1702745923454912e-10,22.075248168259385,3.191484842525242e-10,4.2749678785233446e-10,3.3150404266293303e-10,7.98133796180258,5.545744184624742e-10
N20002898,448.0,32.127478987403975,11.868154002994983,10.283419063855616,31.82344187268007,1.5649632746313626e-10,8.997432741795713,3.214237383401413e-10,3.010911718578205e-10,3.495354214718847e-10,4.900073329422459,7.186387737534755e-10
N20002899,565.0,12.945995981348082,22.6970997520755,4.815787533558498,13.709878078975708,2.6887270201171964e-10,18.003826810080774,4.864365080299907e-10,4.396168431072963e-10,5.229571440032292e-10,27.82741184127585,9.677223395889158e-10
N20002900,416.0,8.318187932256773,10.274975714470013,6.000029531026251,72.40091993737497,8.052743357762854e-11,0.5352090821763028,1.000172485970834e-09,1.7164000366622054e-10,3.154269505827661e-10,2.470677799359331,1.7685936192553617e-09
N20002901,279.0,17.626320692140126,38.17318917316963,4.7777119387509135,9.743141468689796,1.3776869453766108e-10,10.718493844767897,7.272184900008768e-11,2.2363683518969178e-10,1.89317269417197e-10,18.961142881688733,1.6946859547931767e-10
N20002902,485.0,17.509421889639825,35.84394512208826,5.187623725142823,8.596276897631604,1.9644417324990217e-10,22.894970308926847,2.1765286741380894e-10,3.4535379994470083e-10,3.467814819980335e-10,9.967762054503615,9.607897680423765e-10
N20002903,621.0,14.255888173779216,36.3621760823488,9.254283628448237,30.97868479040341,2.3844595351922316e-10,3.7387123496068373,3.973429379036732e-10,3.1442960882141976e-10,4.6492061425064854e-10,5.410254973469362,5.290005860330598e-10
N20002904,622.0,17.773605288344914,36.71028936555339,5.32301624738347,12.185381212069316,1.376422344977071e-10,20.85643809887103,2.0013679866067786e-10,2.6124095563052404e-10,2.7483038495133855e-10,7.151269786479647,4.243857201682584e-10
N20002905,456.0,11.791199858684664,9.367075070554753,19.722835744422987,13.95074349377174,1.125807119251411e-10,5.887216295777833,8.191741286607135e-10,3.108489327334265e-10,4.6188716206744665e-10,39.28092953448187,6.016559327829889e-10
N20002906,331.0,5.924033080710775,58.3535752435653,4.579007601263004,12.117573662471978,4.474269955726264e-11,2.22693956646894,1.2817880966400982e-10,2.1387674168943052e-10,2.5446864772848e-10,16.798870844243837,6.348820537235244e-10
N20002907,587.0,25.411684253275403,13.259005106604468,3.4932930946827416,5.80293137375423,1.7235123574163923e-10,36.51377932528197,2.3102192706637693e-10,2.578087504576804e-10,3.367278671273344e-10,15.519306844754025,6.492679196136919e-10
N20002908,755.0,17.679656583518437,28.120833849900173,7.169131482786649,19.764803976848818,4.4696399002890383e-10,16.278979069996822,7.114716794977677e-10,3.916967281841514e-10,5.119664460203939e-10,10.98659503418498,7.020443722867135e-10
N20002909,652.0,25.297229493662996,14.497576927736425,17.25910074787926,13.332072487932315,6.242463854511905e-10,15.865780977734333,2.963746637933805e-10,5.142511024484475e-10,4.972556339667152e-10,13.748239362478046,6.445073607807413e-10
N20002910,538.0,31.209120150430902,30.90578971574,15.299105275993586,14.929299648412787,1.4538971363017826e-09,6.141482558598171,1.548574770413865e-09,5.936601915530216e-10,6.275372847024374e-10,1.515202643931062,2.6698183419765537e-09
N20002911,781.0,13.070576653298055,45.79328976453053,11.677345185783256,17.24057362424942,1.443547298444808e-10,5.419843358946655,2.0081446755534379e-10,4.3535599727766165e-10,4.126478280858421e-10,6.798371411671254,3.276425565811909e-10
N20002912,702.0,24.317899616805168,25.218675796184307,17.638275384246562,16.62804159910098,5.207830337431189e-10,8.684623068280379,3.686911781391055e-10,4.5101124241443895e-10,5.170159796948834e-10,7.512484532921879,6.032046168358818e-10
N20002913,451.0,49.4062975656417,3.7428940967165314,20.307670291015185,5.675702235394875,8.950420803974962e-11,14.859643445211827,1.4981831932065455e-10,2.640263524120047e-10,3.0305035538237084e-10,6.007792364935144,2.7835295876963344e-10
N20002914,573.0,32.759333465716765,11.93182694044509,24.719165047129092,13.282759193235435,1.520513151711425e-10,7.482747014570817,1.903404455476638e-10,5.01105089909986e-10,4.716050088485175e-10,9.824168336963458,6.242438404762126e-10
N20002915,672.0,39.0056270385848,23.23021922474493,17.60393923584626,7.622518436122876,1.4802867603699794e-10,8.169813956535922,1.0104470273577724e-10,3.192738893252013e-10,3.344486869773657e-10,4.367882107026857,2.355690538583279e-10
N20002916,628.0,2.7399717847896072,77.24697671883669,1.2641479188622695,16.970641726184184,7.128013561636547e-11,1.3429701245976042,2.4500959503897336e-10,1.3298094003552629e-10,1.528534824555559e-10,0.43529172562015744,5.073534967146775e-10
N20002917,637.0,17.91769448002386,50.40714435870816,11.761282532875212,11.063608017885018,1.03651660706626e-10,5.536606413649525,3.696278361990369e-10,4.675872973752095e-10,4.3588725985985423e-10,3.3136641950574255,4.2404234805126225e-10
N20002918,603.0,26.114724373816728,38.11086782855633,9.887328743339847,15.506968529204231,2.0569645764791523e-10,6.0389161768929975,3.4038991992024527e-10,3.5896802235056034e-10,4.317621283922506e-10,4.341194346539186,3.138629248219695e-10
N20002919,554.0,22.071582787381846,50.8268761825475,7.477602558011067,10.554644363871752,1.0400097465566103e-10,5.080035662376432,2.633237014901575e-10,3.645039561937937e-10,3.889683509604056e-10,3.9892584442441037,4.465092494160239e-10
N20002920,670.0,41.63573621790185,24.79898796506983,10.946391518561317,4.632567787817094,1.8739191965940997e-10,14.170225102541902,1.7218802699130107e-10,3.0477121729075486e-10,3.156792212705121e-10,3.8160914069718768,1.5608534406924593e-10
N20002921,466.0,45.81092180558922,12.12585118690794,15.781059725696686,8.596903437086606,3.782328636270949e-10,12.85512348445075,5.741687763390443e-10,3.4205453438691566e-10,4.978202371835062e-10,4.830140357623892,8.526263162890805e-10
N20002922,516.0,44.40162521743953,24.15401738058447,7.109128823945067,4.5635471489241395,1.2935717601282262e-10,17.217871206907176,4.235371581093033e-10,2.589481646045003e-10,3.583603079630452e-10,2.5538102198771306,1.1522807647764028e-09
N20002923,520.0,23.204937985673798,18.38529319068803,15.97645574890687,15.969001697064499,2.381058323078819e-10,16.909748114157495,1.3148121533934944e-09,3.238734619392756e-10,5.829222691184055e-10,9.55456325953434,1.515245921930774e-09
N20002924,640.0,36.96002389054667,20.621267423687904,10.705651674004294,6.289457106693094,1.3451239290220165e-10,22.05848964456249,3.3983938701515377e-10,3.158877730568289e-10,3.7200311510015645e-10,3.3651102584023866,9.409274325008936e-10
N20002925,541.0,17.59965239634614,45.7271963245345,11.514762549550335,14.252145454491401,9.400049642984584e-11,4.080002592395745,1.6419712146959247e-10,3.733362674425135e-10,3.802335478282443e-10,6.8262406814573335,2.1275705569165393e-10
N20002926,605.0,61.93450657703868,11.46173626681616,13.42980427441872,3.5412067110454233,5.942835005600223e-11,7.801654408163691,1.546597054320359e-10,2.508005574636923e-10,2.649611815620106e-10,1.83109176152045,2.67014433146734e-10
N20002927,507.0,6.253368569530665,79.17910850765561,3.7798414059359673,7.1569737157047895,8.677801408457162e-11,1.8948588945824434,1.4585917661475473e-10,1.9754423845260195e-10,2.005510498633357e-10,1.7358489058400035,1.197643184810711e-10
N20002928,831.0,45.06847432108124,17.67320453994989,17.807294162389816,10.831893974418193,1.370248578997443e-10,5.978472945876213,3.4390186377187435e-10,3.6420191042988144e-10,4.3362191838730507e-10,2.640660054381837,6.240645084438729e-10
N20002929,649.0,1.1400938200696835,81.22392184454125,6.175199965393075,10.391119281328193,0.15039282870367107,0.6185630767798532,8.355619778656991e-11,1.4191381595172304e-10,1.1830107129568869e-10,9.888118098117906e-11,0.3007091827416223
N20002930,704.0,6.034189219414683,67.8887752909249,12.003411920199238,11.128229725485312,0.30550519996488,1.8802543569208703,1.3135501078311226e-10,2.6683809068382877e-10,2.303693645169179e-10,2.1745685364566764e-10,0.759634286244095
N20002931,539.0,25.17127695000938,17.00816291885205,43.32081784788848,3.471158872786426,1.4548885156934164,7.829009870179428,2.1112149830548953e-10,3.2920565338363353e-10,3.2608984507535056e-10,2.0327922315753274e-10,1.7446850235211129
N20002932,482.0,21.821608881286934,15.483292989766618,43.73059804758939,4.53198553263113,2.3540649046801407,9.76990144408256,2.303737277578831e-10,3.379681132017945e-10,3.524983815816879e-10,3.0948846067853843e-10,2.308548198732895
N20002933,493.0,7.478358311154275,62.08791634400793,15.529488918001661,10.67306471873927,0.41010038155556217,2.7652666961892685,1.9246663284412758e-10,2.5614119867927947e-10,2.840751239803721e-10,1.6394876320679177e-10,1.0558046294553909
N20002934,502.0,19.9999665799442,5.952286051661313,45.4679575617629,5.477369845418919,4.861320527165491,14.174659843792275,6.087293039445423e-10,4.0395843875940315e-10,3.927528148207684e-10,2.5322631974330963e-10,4.066439588596236
N20002935,311.0,19.59737391138621,6.638567023493554,37.641202160120955,1.6064108391677372,1.9919458792113796,30.271797645622105,1.3967525535103688e-10,5.270159104483896e-10,3.603425932450041e-10,8.861880048061121e-10,2.252702539084847
N20002936,422.0,1.862639080993344,77.66785415665774,5.683345310542308,13.558595477187122,0.175325183033131,0.4031625648510192,1.5359241236695692e-10,1.751501876920367e-10,1.6086284114262256e-10,7.711502842382019e-11,0.6490782261686207
N20002937,623.0,30.161902663297575,9.791069812832319,39.78528325368469,8.539506043687888,1.2630682754366878,7.340045715290719,3.2990940832182875e-10,4.3937972174724475e-10,3.541891592972469e-10,4.6032178132453535e-10,3.1191242341863217
N20002938,660.0,31.19132809283539,15.375478919062028,19.804530421354393,4.21331129659628,0.545752289548308,20.803109985040045,2.565722013355792e-10,3.1559366908299016e-10,3.670781671146961e-10,3.782409015652171e-10,8.066488994246072
N20002939,309.0,24.05988354906778,9.364076898369898,42.10728299026784,1.654109467610985,0.8103818552955234,10.87185567040616,1.5144269140047885e-10,2.2305639785248113e-10,2.835022442779727e-10,1.4249593886060131e-10,11.132409568181316
N20002940,582.0,15.24160966302903,34.638235003867635,22.115094742114046,8.9132278999085,1.213684918188145,15.383796322829063,3.0660370353311545e-10,2.7798630657623884e-10,3.366120784880875e-10,2.5890025977253865e-09,2.4943514465533645
N20002941,672.0,4.672737488083607,16.42873579808591,50.40254318699119,18.91799393983244,1.747598197073353,4.621980844750985,8.450964857202461e-10,2.8577278289027387e-10,4.742186511587888e-10,2.767906757521802e-09,3.2084105408095343
N20002942,657.0,26.303491855384152,20.289245851563237,35.21902599097636,6.066237654016046,1.2495932138827344,10.254459338719325,1.3502176360059553e-10,4.4942550767213625e-10,3.071449434867351e-10,4.262802353093474e-10,0.6179460941402657
N20002943,532.0,6.957376309210766,35.74997220564165,26.324655632965293,23.82278106468432,1.525659721714424,3.9658199552830355,4.1037206292261664e-10,2.933282534906698e-10,3.779259343433469e-10,1.3578864844628098e-09,1.6537351080609959
N20002944,461.0,21.025050845961072,7.88747631475035,57.973574028316634,2.342203131795515,0.8712086854056604,8.988278036236135,1.433075232024814e-10,3.593701114933799e-10,2.781400644753925e-10,3.934915378730772e-10,0.9122089563603176
N20002945,215.0,4.782367152000693,48.998509204622444,1.6892803853311817,31.96048297223031,1.1109420717503764,4.121754238888122,2.6698997370643595e-10,2.613389025149428e-10,2.640104686457305e-10,5.100113647619022e-10,7.336663973874537
N20002946,374.0,7.921164874791292,66.94791837154742,4.823194787059019,11.064021937547642,0.4262890686650706,8.081634812091112,1.0283509139486213e-10,1.843132569997193e-10,1.4218962497361502e-10,1.4997590526483724e-10,0.7357761477191301
N20002947,274.0,5.445986710757233,35.948888015783545,19.00719652154655,32.60777639158921,0.7580609560671292,4.646006857962771,3.0469562548372524e-10,3.191224959858788e-10,3.240058481125963e-10,3.4168303036793517e-09,1.5860845419289111
N20002948,810.0,2.3429001055468124,75.04450445395273,13.223810564168033,6.862025674016624,0.24995648564858503,1.5445993443371269,1.5519806721404918e-10,3.451123442044953e-10,2.0769400284495792e-10,1.3053915102438593e-10,0.7322033714915336
N20002949,501.0,9.973186243751542,31.52629079997341,23.289855790203866,14.85583632714304,3.8166480541152987,10.446160740697156,5.590629842306168e-10,5.728122149451071e-10,5.090001380763174e-10,4.5955319153754437e-10,6.092022042015254
N20002950,431.0,26.939772190843414,64.92745099325774,3.0790805755297113,1.9911397321243078,0.15348640009069234,2.2469881181060978,4.599119860937391e-11,5.3352743478388813e-11,4.611889423986669e-11,3.608386940224193e-11,0.6620819898664958
N20002951,448.0,28.550921513759896,9.68947978947197,40.911265808537216,13.127676556265849,1.741904442016256,4.713925285346222,3.5460237976280885e-10,3.4613012631639887e-10,3.9162317428065935e-10,6.474031827504079e-10,1.2648266028628226
N20002952,507.0,25.986717455417246,14.553790897181946,42.65934224774699,3.567407694379033,1.0313412744682136,8.61585384634423,2.648404975576915e-10,3.2292842399913044e-10,3.459332451094462e-10,1.3440410610310796e-10,3.5855465833942257
N20002953,575.0,13.286435272619922,40.29368954061711,24.430564844611006,15.391721238858008,1.3636516789151905,3.155891763138568,2.4172740434494644e-10,4.381851271915722e-10,3.1417325086724796e-10,1.811074069531084e-10,2.0780456600650075
N20002954,708.0,6.569073169308296,22.505938057317916,32.8751966325805,24.88764371069403,2.6259394605762565,7.440947203087417,7.590074297274662e-10,5.448285422467195e-10,5.379259891648154e-10,1.3079153709101497e-09,3.0952617632859156
N20002955,455.0,3.9862422085574423,51.61707713993262,13.85004299020998,23.951950539421443,3.214178170761481,2.0422528636098796,1.968697222314735e-10,3.6931899473193076e-10,2.9201401144119423e-10,6.136638636059774e-10,1.338256086035288
N20002956,675.0,1.7352898430015091,82.7790383505929,4.3347832376778594,7.280161684588491,0.5525127712118127,1.8240595532535389,1.4280204444051077e-10,1.9172263687271523e-10,1.6643758377753866e-10,1.710986455412942e-10,1.4941545590018235
N20002957,592.0,5.571367538770439,50.281955401149304,11.980801513859763,22.678687753794527,2.2503131867665984,4.3579815799259105,4.656962768804411e-10,2.582199458464997e-10,2.662116302779356e-10,5.728765371861501e-10,2.8788930241704414
N20002958,288.0,8.660960753392821,38.197874115238754,18.46975257123209,21.24721478950456,1.0700719150991207,9.763782456271933,3.95558722942814e-10,4.2854346860864783e-10,4.467773871447468e-10,5.381935949906497e-10,2.5903433974516537
N20002959,629.0,7.883368870637125,55.366268232493084,20.666591110940633,11.429787248780784,0.5798827017027746,3.0945267842670643,1.7171259756386166e-10,4.4049784119654976e-10,3.51775838258391e-10,2.763317398674998e-10,0.9795750499382179
N20002960,421.0,23.952799153612446,18.868725485688294,18.500893795917015,7.125412459656139,1.5425922582315317,25.93228179522758,1.9866231867047928e-10,4.415473245573623e-10,3.780863862057939e-10,7.333250257188625e-10,4.077295049915372
N20002961,520.0,6.28240371154543,51.88099124781548,22.81402506874947,13.28916350706403,1.4541581077854615,3.104843990314399,1.7489194946794384e-10,2.349485117950089e-10,2.6863773575537715e-10,3.13591738996169e-10,1.1744143657336696
N20002962,572.0,7.329826669375021,30.25729703932572,13.908948895600453,30.871025473997726,0.8740650459977971,13.476999180967262,3.4656017768205207e-10,3.591437451222201e-10,3.511678613816929e-10,3.4435482566539623e-10,3.281837693334792
N20002963,501.0,6.5269853184132005,27.72132149028723,28.726098112360688,21.4129269459118,4.411145444399878,7.633706648750326,7.627645857011338e-10,5.481307365277225e-10,5.169331831307788e-10,5.910653933724433e-10,3.567816037457985
N20002964,618.0,18.05830108158875,34.0381714494756,26.415685677107902,14.42917746951428,0.888285824065122,4.347779512254006,1.529471873192098e-10,2.75963941566955e-10,2.83020060010994e-10,6.510113553834878e-10,1.822598984631391
N20002965,461.0,6.793721697498599,56.96664758936086,14.748052845445653,12.237127097935046,1.834627639214037,6.664851300667225,2.0709137230561012e-10,2.7239524096259365e-10,2.873881482634893e-10,3.186778125839825e-10,0.7549718287930185
N20002966,802.0,4.729202506310172,62.191879604207124,19.45050525448579,9.558578081823041,0.3919485984390196,2.61108985810465,2.2360580633061397e-10,3.2826835227278636e-10,2.836633422176781e-10,2.264087507270161e-10,1.0667960955682514
N20002967,575.0,29.289872304263742,13.429177573963386,40.7508152533485,5.477648906376804,1.2822720556869198,9.156851864843873,1.8478435160609027e-10,3.213143845793921e-10,3.1329579679086875e-10,1.9855333360150005e-10,0.6133620404988372
N20002968,389.0,29.543695440815508,6.444790209801683,45.949811012191454,3.0429104998887997,1.7591116141958048,12.149645548543754,2.160475052346764e-10,3.7809822958602256e-10,3.2597282971203196e-10,4.3591983441662686e-10,1.1100356732069747
N20002969,494.0,23.613064276719413,8.894732117782034,29.244330351535165,12.090609019981967,1.7408300764879334,20.345751405764037,3.669028559118938e-10,5.241033045245248e-10,4.658555719207752e-10,6.401696022076236e-10,4.0706827497324305
N20002970,629.0,0.5463442206735785,87.57044285235045,3.01445675126387,8.19950573586051,0.08323978029173007,0.2333949611563894,3.4124939271488505e-11,9.124271943677849e-11,6.605415740868374e-11,6.37619953792303e-11,0.3526156981482963
N20002971,765.0,7.710085496620121,52.54399734553633,21.65726144700786,11.696967192242091,1.2684917567960505,4.3316557580857316,2.0051684263110106e-10,2.859266932024785e-10,3.0383068421452255e-10,1.65542364250306e-10,0.7915410027560043
N20002972,542.0,1.5209017675281273,78.18299432665874,5.352669032911511,10.268819552464224,0.5454855576565893,2.302775271614709,5.859781254243166e-10,2.2576305140192046e-10,2.45712754671779e-10,3.2111737325297285e-10,1.826354489787533
N20002973,721.0,2.573963012035777,73.04277155310501,4.881142492172055,15.401791532081784,0.6998482187904954,2.4903844168564775,4.639212373699143e-10,3.806801598137317e-10,2.60724361198903e-10,7.482671500190944e-10,0.9100987731048078
N20002974,527.0,10.922113806265354,41.123574851036125,28.935116987378663,9.581421755010023,0.9997563009230906,7.338334755125714,3.451106427272584e-10,4.5513298507350406e-10,3.997185920062208e-10,3.921519494699073e-10,1.0996815426689173
N20002975,733.0,6.023802712080863,65.75099370631328,4.878351417390184,21.12442669409995,1.0911033842604885e-10,7.767895215403589e-11,1.1247052737191369e-10,1.5272334050775834e-10,1.3608479120292968e-10,2.222425469465687,6.195874246936563e-11
N20002976,667.0,3.3484710655988086,67.96166600228865,3.9403466584227402,18.92752579671604,1.5564864484760351e-10,2.1782297552441565e-10,1.707682745165656e-10,1.678376867432896e-10,1.789714268376196e-10,5.8219904759496455,1.3305131335942507e-10
N20002977,408.0,6.53799023205879,60.458921447686585,6.679990723008328,19.431656750167846,3.5791255086194215e-10,1.7503532089121792e-10,3.338879536617266e-10,3.138858091631678e-10,2.5501505586541736e-10,6.891440845465817,1.7690378654589413e-10
N20002978,505.0,4.372673314207771,56.362064410103876,4.578749642999435,31.363868420595196,1.9282603460449138e-10,1.4263164243195326e-10,1.6743336265904767e-10,1.7280469191303249e-10,2.1586319705096195e-10,3.32264421082592,3.7622673876492407e-10
N20002979,565.0,52.730623303225286,8.877945377963444,31.541838898518055,2.2672048275851524,6.132180541079853e-10,2.690346657360444e-09,1.5896320554347798e-10,3.2200785195030096e-10,2.8138057299919707e-10,4.582387588308972,3.3318641066485003e-10
N20002980,560.0,8.684690183544037,58.916191557593024,2.88379796289159,26.55795198312523,1.5026031804567047e-10,1.366469428595301e-10,2.585744717675895e-10,2.0260404257442255e-10,1.7087020978206095e-10,2.9573683117225293,2.0463531960533573e-10
N20002981,468.0,38.04236944079925,3.765813748866916,47.2964529058407,3.6827422507094956,7.296939715475451e-10,2.6496350723280106e-09,2.4198515753998275e-10,2.8539613900476755e-10,3.01903561164975e-10,7.212621649282147,2.928653237545771e-10
N20002982,655.0,6.672597383599052,65.93537307910636,5.841508722601934,19.51803567757967,3.4485809892758045e-10,1.1467728035241095e-10,1.8875619716974612e-10,2.0220217411612102e-10,2.0674565629375803e-10,2.032485135825423,2.3034675249155466e-10
N20002983,504.0,9.091753853494614,53.873022667678214,5.560498048483265,18.83100092211441,6.116162946190704e-10,7.376630394135919e-10,3.413737178349351e-10,3.227488561559962e-10,2.950622533748554e-10,12.64372450564526,2.7577871411504694e-10
N20002984,589.0,17.275155701927584,29.349858259351848,20.97477841016679,18.509423919776797,1.6067096025837516e-09,6.431470749373608e-10,8.303870747052356e-10,4.641786511489177e-10,5.28878249791464e-10,13.890783704117371,5.863169390411683e-10
N20002985,574.0,56.09542914766611,5.605047125476021,32.7348448239643,3.003676040360792,4.997282994164242e-10,9.498498845177402e-10,7.916063191881799e-11,1.6750137801716516e-10,2.051722880787716e-10,2.5610028604366555,1.9470870235107937e-10
N20002986,582.0,15.678982120680013,45.55500522247367,13.549329049816789,17.331217441807894,5.112123363631426e-10,5.85605828154655e-10,7.094703066366388e-10,4.005852150017052e-10,3.9937628410998537e-10,7.885466161936316,6.790701622529346e-10
N20002987,473.0,30.036330055772048,17.798259721055782,37.44076184575562,8.947385757220665,3.134878885944287e-10,8.798611201031174e-10,3.158238040735851e-10,3.840748215770899e-10,3.919024110108572e-10,5.777262617475643,4.3510465831025706e-10
N20002988,466.0,11.972254594765898,34.759812731627655,21.821838562594987,17.62314733116517,1.2592983453219595e-09,1.0179390977802923e-09,3.5509038714161157e-10,6.51132026084527e-10,4.633580809100328e-10,13.822946775914884,1.845805445293396e-10
N20002989,550.0,2.4946590712963417,67.8260568126014,5.955649335697273,22.403603132836786,2.3441963044578827e-10,3.580807422569912e-11,1.2335376831931193e-10,1.6349511604007243e-10,1.4115035109146004e-10,1.3200316467649962,1.0497756740444597e-10
N20002990,661.0,5.0669697919389955,75.3654801306385,7.017051844156062,10.475480372083991,1.0729644064717894e-10,1.6523281335302845e-10,1.0033755776963273e-10,1.6815686971583415e-10,1.5914327960230142e-10,2.075017860351324,1.3095419171466375e-10
N20002991,486.0,3.698720665248456,80.45824535581346,3.6919444234141103,10.394726382641565,1.2961502471687503e-10,5.966463768855688e-11,1.031555531837713e-10,9.511402240528849e-11,1.0852417608054573e-10,1.756363172276183,1.1014636317098723e-10
N20002992,526.0,19.81285982740927,30.26739827043014,17.702592882526087,28.693836579110382,6.844250280528163e-10,7.390966737058874e-10,5.906228333832041e-10,4.1477474188647537e-10,4.07071384938538e-10,3.5233124373040097,3.8411950357926496e-10
N20002993,764.0,3.572739777868208,71.9059666522062,9.910503521373226,12.258656895047878,2.584204098733708e-10,1.4010476118235754e-10,1.9696709574619358e-10,2.708799317982621e-10,2.2769542393177398e-10,2.3521331520624527,3.479631900558873e-10
N20002994,597.0,21.026406052118638,10.10870246235564,59.14292495325402,5.6697601832997035,9.999065140508816e-10,1.1232749465873612e-09,4.3934175504993376e-10,2.5592715559559574e-10,3.667212797351054e-10,4.052206344518313,1.2685052835440523e-09
N20002995,575.0,2.3412665947414557,60.452470929123116,7.452715752837211,17.032859055089737,2.7271358122762935e-10,1.9390432767554643e-10,9.96442793772422e-11,1.9315377876888208e-10,1.886127115662627e-10,12.720687667104785,1.5567859199373303e-10
N20002996,403.0,15.270809992740134,9.29419095187147,40.770592489363004,16.396726376799766,4.0399018423999055e-10,2.408578798974313e-10,1.6532191445905152e-10,2.98124702928193e-10,3.382338177123072e-10,18.267680187055902,7.231908890184399e-10
N20002997,620.0,1.9889078951352137,70.01911857888021,8.05230380264208,12.766918225104956,1.0312911258701924e-09,1.9691277532519745e-10,2.011611749870931e-10,3.757756959998089e-10,2.493825199531117e-10,7.172751495989643,1.9338085348291963e-10
N20002998,721.0,4.698710621021324,61.52317018310908,16.51773715924413,13.969109950159044,2.2562034346182687e-10,1.405716628544428e-10,2.5289812572440114e-10,2.6816872149164405e-10,2.550060934595903e-10,3.2912720849257013,3.984682006027532e-10
N20002999,485.0,2.491072864859391,75.53998251966551,6.820392893842407,12.415598029552488,3.126069967156458e-10,2.555774532782707e-10,1.7205257790411616e-10,2.0906253018360408e-10,1.873130557756597e-10,2.7329536907044116,2.3916991636818025e-10
N20003000,570.0,1.1752168899681201,61.44016381439982,5.2605676333193685,25.467739384822796,2.5523483705576534e-10,7.037121308453938e-11,8.29230441590411e-11,1.95031220094798e-10,1.5454794383161304e-10,6.65631227661435,1.174324419547588e-10
N20003001,381.0,6.710486040544931,53.978959645952294,2.684121285501515,31.20355053567207,1.5263274045423558e-10,6.66283792947378e-10,5.163924729269276e-10,4.585994657990818e-10,3.5002049583697575e-10,5.422882488798296,1.3869471064757221e-09
N20003002,409.0,4.507183193799278,69.16234010586793,5.14412883991054,15.51623231681428,1.945131338999056e-10,8.563965206201481e-10,6.503353247062714e-10,4.715921439402714e-10,3.9694645285603764e-10,5.670115537848375,3.1898088700950512e-09
N20003003,313.0,6.263308941261016,40.995527731966256,5.337902448805051,26.60816876784426,1.6927869108955353e-10,4.1408949897326637e-10,6.851835079352622e-11,2.338587502199807e-10,2.2097415846997812e-10,20.79509210867808,3.38598729019595e-10
N20003004,490.0,29.581036861930105,11.085368926834036,36.403847413882175,9.960331586701225,1.2159399653088024e-09,1.4782914173553282e-09,4.504714429349448e-10,3.5932111925576304e-10,4.312844338980346e-10,12.969415205992693,7.244728530148301e-10
N20003005,231.0,4.19210866774302,77.72229006569394,3.031864733480472,8.192382811538309,8.301873384856312e-11,1.8552970048228436e-10,1.9927401412996854e-11,1.1713459499076275e-10,8.516890989188875e-11,6.861353720988809,6.467967230341921e-11
N20003006,728.0,3.570647145717997,39.217501648426186,12.833369655906534,30.709918821492177,3.7921200799290196e-10,1.9965372710608084e-10,3.796371934625896e-10,1.7890681429021442e-10,2.512561877051475e-10,13.668562726713681,3.5476459890804e-10
N20003007,416.0,4.725090212601509,44.19443609749148,3.738262952613394,38.74336169251107,2.880265156135073e-10,2.1343520339812613e-10,2.935274821874612e-10,2.531883610289355e-10,2.1386977817896008e-10,8.59884904333796,1.8251242400593551e-10
N20003008,365.0,6.3238224271471815,26.473684987389305,6.081084888384382,25.402917859143436,4.836554503891305e-10,1.3996150890679945e-09,8.981366626000392e-11,2.232448968834301e-10,2.4183460857427666e-10,35.71848983512944,3.680867883483797e-10
N20003009,791.0,7.320526408732507,33.85290894520784,13.271527951339579,28.624931554972456,1.0713598216256822e-09,3.749562421208543e-10,3.172688593529741e-10,4.126962936196339e-10,3.7297642202096815e-10,16.930105136963057,2.353080905980899e-10
N20003010,585.0,4.668340338357954,36.17396524671045,10.553919892362567,18.380853078722108,3.800195379330509e-10,2.1878909237896167e-09,2.499554965617613e-10,3.6763070899306985e-10,3.914411915450665e-10,30.22292143978577,4.842288416847496e-10
N20003011,525.0,2.832591547869811,57.430599644990934,4.739731035397756,11.68834715335316,2.5702483292731843e-10,2.4299759133713493e-10,8.338476679380886e-11,1.9333020821901394e-10,1.6798919356691594e-10,23.308730617349088,9.451723946837186e-11
N20003012,561.0,0.8103589006525521,80.43147243794317,5.035489177826051,12.783577697712033,7.979461039874755e-11,6.65776368575699e-11,5.6368794615586736e-11,9.122960756873437e-11,9.555823488072728e-11,0.9391017852901045,1.8655832442879387e-10
N20003013,722.0,4.173233515013241,31.254986945178825,10.116691487647063,42.89017821992051,4.776443365126462e-10,3.42662063088417e-10,6.018004551887727e-10,3.3157947338939445e-10,3.618797481243852e-10,11.56490982915448,9.70315053361464e-10
N20003014,351.0,7.124961710961775,66.72724518944477,9.654070346710176,12.865379012164228,3.4156768556178345e-10,3.447781576138534e-10,7.753175550476592e-11,1.92594002380277e-10,1.95129642011801e-10,3.6283437390617275,5.057235712283416e-10
N20003015,505.0,1.972900524701491,83.82714330209838,4.920647407187963,8.065596399856341,7.664674253631132e-11,3.13094997150642e-11,4.4700724937298976e-11,1.3079760352006416e-10,1.0916573262795189e-10,1.2137123655648219,1.9838002431993279e-10
N20003016,481.0,1.8389031991325566,72.19131622959577,3.8371274341948527,20.95801808465788,3.221325750669424e-10,5.310975694333949e-11,1.7241182328730397e-10,1.6338338415799498e-10,1.4903078888093685e-10,1.1746350514274628,1.3140256356878828e-10
N20003017,461.0,2.597661512244414,72.24431588301395,7.327735200578001,12.883469719580386,1.7636276179880373e-10,1.0829758876782803e-10,1.298308776293213e-10,2.470046800460677e-10,1.8932780750277068e-10,4.946817683646695,8.573476456082367e-11
N20003018,556.0,17.490406814265693,35.36778655140857,19.860559487295678,8.547991924970642,1.3717392239632271,3.070635218908696,5.543924777576547e-10,4.1799135726147773e-10,4.863493007432776e-10,14.290880777441622,2.871420708641049e-10
N20003019,539.0,24.593534669599073,25.11412847191412,22.00915398272097,8.801338744565236,1.7323746179618547,3.7506483868388583,2.0103399765969376e-10,4.1596266910612416e-10,3.831026920402281e-10,13.998821125286327,1.1346984477883968e-10
N20003020,655.0,8.794898594120838,14.661242649250731,11.364933013188915,14.62218270564588,1.8631330064605895,4.664739327204199,3.199602190985386e-10,1.8199608503442105e-10,2.3628333403229516e-10,44.02887070332578,6.482588034893656e-11
N20003021,490.0,6.39957313804841,59.663810341143645,12.195284438936634,4.847212192771791,3.9013031346111386,2.689123298259814,3.9763489159544975e-10,4.704077709459335e-10,3.686265874498982e-10,10.303693454759847,2.3206803807671443e-10
N20003022,669.0,8.36855410824596,24.503602429644246,26.768970720491513,4.448164001971352,2.928800728443895,1.5032978165070303,3.438360237810799e-10,2.1165771936151017e-10,3.4522632423348365e-10,31.478610193329704,4.6558841451908134e-10
N20003023,533.0,5.392224808829718,31.13928413641553,4.307527264282831,17.2951933329146,2.1859122198291194,4.109738856535321,3.741007115170669e-10,2.794822084090926e-10,2.86928757325504e-10,35.570119380145364,1.0699879389740888e-10
N20003024,627.0,14.79781191732119,19.540353918991745,31.744140151185015,7.594400618477912,4.901327096186992,2.937210841838701,1.9847823860647606e-10,4.161387662654161e-10,3.8408293363256935e-10,18.484755454874886,1.2485903210514655e-10
N20003025,541.0,7.41967921322119,35.00367938345176,15.794319288775016,13.2680104080669,4.068107251750428,2.7632360488142784,4.1376540283977695e-10,6.41247092040787e-10,4.3132875657126735e-10,21.682968404299185,1.3489816584428375e-10
N20003026,396.0,6.664880482947131,21.347459062616313,3.751513175403613,17.92372210919342,2.1915750032564274,3.3121107298116437,2.7502864580670354e-10,2.6639898682403495e-10,2.7491186920593183e-10,44.80873943567394,2.811671191984955e-10
N20003027,502.0,18.97994383637089,6.658609596103335,50.87206493189601,0.6270169920624932,7.572735853573298,4.503859279536938,4.065176059756691e-10,1.44744440287936e-10,3.3130177434043547e-10,10.78576950739166,2.182816438177955e-09
N20003028,430.0,14.001506888419474,54.3496867169726,9.448029271059898,6.224572728650817,1.720018844576715,7.074748622143508,2.009629500275203e-10,1.826993471350569e-10,2.2445102544298833e-10,7.181436927170173,3.987020622768219e-10
N20003029,494.0,22.726846760889043,33.609464458226924,6.694391581427669,10.340019963136644,5.522017400647278,17.85402209289839,4.025762806046004e-10,2.586474332439273e-10,2.720749804308725e-10,3.253237741564302,2.764479582730569e-10
N20003030,643.0,14.144685184680043,41.43809949380268,15.273872296673009,5.339599201546933,2.2751635597979507,4.286754661108729,2.900178461073946e-10,3.4307855184117327e-10,3.364248568795076e-10,17.241825601115007,3.0611414892815846e-10
N20003031,733.0,9.221350864829446,14.648314491383715,30.300029313592137,11.401460894693768,4.202820495928054,3.9485284388579385,4.781759038229279e-10,3.281440654636646e-10,4.3632117204545976e-10,26.277495499251348,2.2094353056734736e-10
N20003032,692.0,17.76035109412703,30.78194833375819,15.144940663811871,20.03183286063825,1.8228780607518906,5.5055533842878095,2.2889206361632036e-10,1.494808201148839e-10,2.3238291401674973e-10,8.952495601928687,8.551711823396233e-11
N20003033,584.0,14.924702267689375,62.62032769225139,6.882795473981164,4.988144335461735,1.3865869653273657,5.950424062583651,9.653320986006728e-11,2.2155306979891493e-10,1.9931617651424718e-10,3.247019201846325,3.415961350045088e-10
N20003034,339.0,22.664800583722105,30.306380013417034,11.456037328898134,4.3828619164367835,4.719712898720031,10.913773762868683,3.7358587530232e-10,3.5989644660865055e-10,2.899428875858096e-10,15.556433494737115,1.766877150377271e-10
N20003035,363.0,15.976811190170295,68.29438943726446,4.124633320008688,4.7358212483706055,0.646248676979578,6.006901839611249,9.305524394467158e-11,9.981681078468697e-11,1.1946737290975977e-10,0.2151942871396877,1.4310622809696638e-10
N20003036,467.0,29.008523109875906,18.676925543145632,26.586512364867655,5.078127503117467,3.3141305871223734,3.689120458947779,3.0802479214297735e-10,5.432516482159903e-10,4.2269112705632826e-10,13.646660431457613,1.9162848474817803e-10
N20003037,370.0,56.579204883197676,32.350102937279864,2.6285360916021823,1.8528695645037805,0.447367600173008,5.703377953388021,7.012789906699853e-11,3.2563836524884284e-11,4.9487856825988256e-11,0.43854096967171813,3.157555968199926e-11
N20003038,535.0,50.4313399761373,23.677795827886413,3.93046979989831,12.886121877548018,0.4502979601335102,7.399497973831649,9.712054792997627e-11,8.96003895955148e-11,1.0203063465203194e-10,1.2244765841721916,1.0384423725910095e-10
N20003039,785.0,39.25397363642245,7.506888516114617,19.550855384082126,10.413702024026422,2.145847352870555,8.99133506986937,1.1210165160387019e-10,1.3092187301848693e-10,1.9912975501019113e-10,12.137398016102173,7.012774637973379e-11
N20003040,751.0,35.59696246210354,7.26452527843959,26.489872719348046,2.931130645246623,3.270034739003537,10.679715804369724,1.6711935779693553e-10,1.870382427454766e-10,2.451435718358826e-10,13.76775835072711,1.6252638703522416e-10
N20003041,677.0,30.289489447432533,29.245597770608445,3.4602600878415135,20.31693161671747,0.37160955693507547,13.803804925909374,1.6562608737348967e-10,1.336458401404675e-10,1.8205287497729763e-10,2.51230659396467,1.0959140615865499e-10
N20003042,656.0,10.746597118634579,10.044483130366244,4.571635086731638,31.306735607399904,1.8071050642189355,16.608265256663007,5.008899826128278e-10,2.3069904548243787e-10,3.7543298079128956e-10,24.91517873440357,4.750986347645827e-10
N20003043,609.0,31.699358879163604,7.214572710529671,27.644378015171355,3.6396859928541176,2.2502840844436185,14.272074789796058,2.215685428632022e-10,1.9022722587900254e-10,2.4583720459598866e-10,13.279645527183284,2.0067474593441704e-10
N20003044,450.0,46.44169540650549,15.245710162167322,15.06211625898352,6.854958932287398,2.1483846719639135,11.827489910993659,1.648237816997413e-10,1.6205471006253978e-10,1.787296696124032e-10,2.4196446564150085,1.7809332446875326e-10
N20003045,505.0,5.2645849160217075,1.9979984522754364,6.62072948574509,4.176542236389573,1.155891356573267,4.970386280473898,1.3316997524629446e-10,8.660210612903233e-11,1.1851544009423094e-10,75.81386727213908,4.3652900162069245e-11
N20003046,636.0,20.748928299440628,7.289296926539763,20.42072084553134,9.81567861581221,3.8759555123348632,9.631534532632404,2.888507836827901e-10,1.691456248682588e-10,2.588563639885314e-10,28.21788526684742,1.44524599533706e-10
N20003047,543.0,23.183388698197373,7.333751976725282,10.308305146802931,14.115273304619713,6.506054939453354,15.936101280513663,4.0692975374037593e-10,2.0695877540521275e-10,2.710378122224606e-10,22.617124652696084,1.0664548686165518e-10
N20003048,748.0,36.910006079390875,2.709344003139532,46.05134698603756,1.020955331302073,2.627519145506232,4.322992910476019,4.0603743569594554e-10,1.551422931664219e-10,2.729874612335166e-10,6.35783554294396,3.6958129770883934e-10
N20003049,482.0,6.081294327232375,0.4333612273315172,26.98181262441088,2.050703884912817,2.409433057845541,5.329402826040995,2.1214545810369344e-10,1.1330909111811704e-10,1.354871257321996e-10,56.71399205169407,7.084832958280971e-11
N20003050,859.0,17.8302507775264,20.884917409809,27.8029056007017,8.449103854092943,5.912378595244272,3.0313625331297245,2.6466572955240717e-10,4.0739615775693523e-10,3.501898986267959e-10,16.08908122833388,1.3983215042517777e-10
N20003051,424.0,12.106760300570558,1.1028171112335217,15.678357911776386,4.20023839828418,0.8642734509937322,3.1476782450453906,1.1846829189029491e-10,7.435220871720375e-11,1.3725593261021003e-10,62.89987458169648,6.967697895505977e-11
N20003052,394.0,28.3588920012394,1.697543162805727,27.714877573447993,0.8302026294629623,3.8982405824832074,11.559098703540585,1.61231974439314e-10,1.9205684959167187e-10,2.090735250905756e-10,25.941145346364834,9.292714606730292e-11
N20003053,536.0,32.845638084234544,2.896221141361946,31.842756855264636,0.5150713279510092,4.423060889678558,18.872432614874775,1.8267178117181835e-10,2.7001950630053506e-10,2.67140971034484e-10,8.604819085541036,3.736723750017889e-10
N20003054,463.0,31.749440530003554,3.296983702961899,27.926996978720613,2.4279290285141064,2.241483707302237,6.378101447032354,1.4827683083863003e-10,2.5764945077997395e-10,2.2567563911861508e-10,25.979064604799788,3.3837977848697634e-11
N20003055,483.0,30.320675005299314,5.057128797862321,37.388531229166794,2.4722619492478843,6.552375390875587,5.380917796298544,4.4926508251197386e-10,3.309503631455859e-10,3.4948071225954727e-10,12.828109829996123,1.2373892015872425e-10
N20003056,793.0,29.14277972318513,9.56690875469324,25.949288534266028,7.768576596548635,4.650599152914346,3.350997789880768,2.0244497392994071e-10,3.7860008913491885e-10,3.8261574083153635e-10,19.570849447304344,2.43857699241301e-10
N20003057,732.0,29.489943247899213,8.857846398685641,41.58874512940243,3.019381093204848,3.839565100285541,4.526744775246807,3.0694091512155633e-10,4.2131566184515105e-10,3.7831641121798636e-10,8.6777742540695,9.942679827170847e-11
N20003058,528.0,5.80810906355548,15.609472978882952,17.973306681268088,14.175444376421389,6.164542503585027,6.256936252857955,4.505626444868214e-10,3.148705978336803e-10,3.857347916990343e-10,34.012188142178616,9.931701011448929e-11
N20003059,611.0,6.690337233897808,37.44860917356793,8.275806258774795,18.414084154033933,1.799852144740563,5.9277787725398,2.4073238019653456e-10,3.027904995901148e-10,3.387932964862882e-10,21.443532261335253,2.2760067190387566e-10
N20003060,286.0,13.661399098642264,28.360022434961863,18.623789613387114,12.75992878582118,3.7297298482559116,5.907210335218922,3.09805296217856e-10,3.8080012678864734e-10,4.008702966268388e-10,16.957919882501965,1.1929964339331973e-10
N20003061,516.0,7.531080618033437,28.239231577665375,15.362144544845496,12.819532571414708,5.562388103972501,3.126564504698,3.7449113914227903e-10,3.7786604447136564e-10,4.3218431125532487e-10,27.359058078002864,1.8308442297859135e-10
N20003062,1017.0,15.550041104319334,14.45201968143629,31.175603839993993,14.425885197863947,2.8350857366818136,2.1186787039097355,4.2236630315506783e-10,3.4611121170913146e-10,4.012670386099091e-10,19.44268573449646,1.286745762719092e-10
N20003063,1067.0,5.4345582911581225,64.46539083216037,8.453616378365846,21.64643449685646,1.168377357050272e-10,9.415333358506552e-11,1.7978723502927317e-10,2.572946871075781e-10,2.326481004601783e-10,3.827040762910599e-10,1.957834965378968e-10
N20003064,697.0,10.848949556748941,46.80707764800333,14.052809907217418,28.291162884242127,8.639432967475091e-10,3.505165509351059e-10,4.1611811256228874e-10,4.392482869628784e-10,4.2256677668875397e-10,6.822693358006284e-10,6.135391503310525e-10
N20003065,819.0,16.85666017282242,43.13079839087077,22.972748571289323,17.03979286251537,5.355869504888696e-10,4.459159887448311e-10,2.2661619905888606e-10,3.56881781820485e-10,3.4275545552193213e-10,3.2630322818315317e-10,2.680602857944001e-10
N20003066,602.0,31.751871292246207,29.317778361928497,35.55787015911422,3.372480177197136,8.303980012244501e-10,8.805237383988223e-10,6.951559439445669e-10,3.262938341532391e-10,5.185027656724565e-10,5.121245948241079e-10,5.750920818207082e-09
N20003067,466.0,6.505903998211372,61.121911103802006,12.359296388677796,20.012888504830983,1.1691320717175417e-09,5.638327350779485e-10,4.58347112073383e-10,5.853958185968506e-10,3.970115003982195e-10,9.470063513480253e-10,3.571238273643605e-10
N20003068,453.0,6.522798662424043,61.34707215580663,5.552977067672496,26.577152111750262,3.977884698258884e-10,3.2871252407504604e-10,3.128910750287326e-10,2.8690424758976586e-10,2.93929064218025e-10,5.548933435468472e-10,1.714574589494715e-10
N20003069,729.0,36.73971739712709,25.36467658838844,29.20147902765357,8.694126982256982,9.34287121999363e-10,7.87847346142982e-10,5.956563546542629e-10,3.807214797891114e-10,4.444654774975995e-10,3.821519196082125e-10,1.0487902479577053e-09
N20003070,701.0,37.59382074941344,32.019594500069786,28.14670307834635,2.2398816698395585,3.470015940475091e-10,6.763747294633779e-10,1.0592358876900623e-10,2.4768337642795264e-10,2.6069159166082586e-10,1.5542412174721684e-10,5.377469820288108e-10
N20003071,583.0,45.71886718222952,10.99498951941577,16.688194596586005,26.59794869788769,5.755129914781126e-10,6.458861464817123e-10,4.505878206098908e-10,4.2166268899876757e-10,4.084442231136861e-10,1.1427507343932683e-09,2.3617564966173763e-10
N20003072,433.0,32.348876106388374,27.05195586682426,17.129479271996416,23.469688748712734,6.915661016640549e-10,2.202660947955046e-09,4.75961335851175e-10,3.5602850251481874e-10,4.766501817386375e-10,1.2869257449794034e-09,5.884355453031956e-10
N20003073,768.0,9.919667571854403,55.92100707847217,13.201147352596386,20.958177995470855,4.036970482654296e-10,1.5807558203801214e-10,1.9592240745246436e-10,2.68071371244234e-10,2.5573179423560337e-10,1.5991786154414583e-10,1.6476224421605248e-10
N20003074,711.0,28.73574601602169,28.64835705436615,30.99532472140547,11.620572204015938,1.1396423349790959e-09,8.91890755774947e-10,2.617425280384659e-10,4.769748698201983e-10,4.717929750888071e-10,6.387018409124081e-10,3.1001179965790695e-10
N20003075,609.0,8.075323958400258,67.66745001948988,9.928728063401248,14.328497956439506,4.067201844479027e-10,2.8407256809120536e-10,2.4244515939375217e-10,3.0544338071988613e-10,2.7495020202240245e-10,2.0984653713379715e-10,5.456266292366773e-10
N20003076,392.0,17.840953744534897,50.10473355541263,18.655606390542417,13.398706305544186,4.710021757773422e-10,6.750024187846225e-10,2.9711174595874264e-10,4.3269208115944846e-10,3.6771994712653527e-10,1.3929600206552666e-09,3.293912648813444e-10
N20003077,553.0,35.95914547146414,27.357524625697565,24.75952159320187,11.923808307114578,3.2828396883415736e-10,5.329831724522856e-10,2.112589261141128e-10,4.1804561144041164e-10,3.764970882875688e-10,3.333138742262425e-10,3.2144939023234447e-10
N20003078,615.0,9.427989396316319,75.9551469742253,7.288323135705217,7.328540489164065,3.7609558843845963e-10,2.4622984751269374e-10,2.3197496759478192e-10,1.7615217933828477e-10,2.4801136083571904e-10,5.1077159175415974e-11,3.259558880031075e-09
N20003079,736.0,12.5547866803602,45.49752267151138,22.035758420048555,19.911932225197333,3.9483161893605274e-10,4.830573862894754e-10,3.019116751597645e-10,4.195218616465437e-10,4.101791264339155e-10,4.36005261247997e-10,4.3701021533401346e-10
N20003080,421.0,44.46575751109075,30.38286735585473,21.06137932123607,4.08999580953159,4.652428006587929e-10,5.503216022658572e-10,1.9029887052091406e-10,3.1781615420757755e-10,2.789358735921778e-10,5.55515426587664e-11,4.2869745511831936e-10
N20003081,627.0,43.534391953648694,20.26942264262254,24.62353024248474,11.572655158384789,5.594738739318437e-10,7.637742671585939e-10,2.4509922286670794e-10,3.317361888874731e-10,3.4953685170523877e-10,4.2698250550497546e-10,1.826453955317138e-10
N20003082,376.0,15.854578226227515,41.82804130901076,17.20025738634491,25.117123074968916,5.52629018117178e-10,7.282205982979747e-10,6.432068895733614e-10,3.534730310320809e-10,4.182654567832476e-10,3.130122331987374e-10,4.3909392202765503e-10
N20003083,468.0,24.70586384609709,35.52208912854813,31.794570567147744,7.977476454209123,5.600808740371172e-10,7.001881121312228e-10,5.907724905936887e-10,3.4060209003065133e-10,4.722387165928843e-10,4.76597089167432e-10,8.574202811403737e-10
N20003084,586.0,53.10301514977073,4.104606603116376,37.830457378990445,4.961920864247701,5.820258723446284e-10,1.4846238771210586e-09,1.8401975097118743e-10,2.9706461388037453e-10,3.1629326335717093e-10,5.434581362410807e-10,4.672858807596368e-10
N20003085,491.0,37.97025906779201,18.096182760341506,35.42819292984305,8.505365239350892,3.1869786814442225e-10,6.658352942630268e-10,1.3438122035463072e-10,3.254521652147369e-10,2.9644831851936217e-10,7.311241982475894e-10,2.0061195347472762e-10
N20003086,528.0,26.916543095519053,37.894223114704474,26.479721799785217,8.709511986743241,4.375260714213966e-10,5.312098530543574e-10,4.246656557712237e-10,3.9430585995494287e-10,3.957850603425213e-10,2.545546937147157e-10,8.09947814640067e-10
N20003087,279.0,41.67309045426946,19.333787485995035,20.512739722220992,18.480382333313305,7.907770643289369e-10,1.6121782565936864e-09,2.571506341680886e-10,3.6293935219385787e-10,3.932506549221321e-10,4.821916036187899e-10,3.0271273898887415e-10
N20003088,576.0,31.680626482273492,19.722237525673222,30.220147707336693,18.37698827832643,1.9746295443215924e-10,1.8244089393100866e-09,2.997609079223854e-10,4.406351076979824e-10,4.648454345405633e-10,2.8281240639648908e-09,3.34922049526204e-10
N20003089,799.0,26.228788630019732,22.882274543273592,36.6338939189027,14.255042902824483,6.844636474724763e-10,1.0732746789256462e-09,5.26675568996949e-10,5.88054073551804e-10,5.536099511625768e-10,8.023121791245561e-10,7.511013197112525e-10
N20003090,488.0,40.424093430741095,21.8352945395656,26.35844787723774,11.382164148611064,3.098413142620339e-10,1.5065893882640662e-09,2.8085641066844676e-10,3.3202902204026887e-10,2.9855914189805525e-10,5.864107433315493e-10,5.302116445524246e-10
N20003091,510.0,26.394881113297853,29.79180199029975,26.20178742604848,17.611529459042398,1.6151071545664178e-09,3.848029636645176e-09,8.285013849039807e-10,5.669712929615054e-10,6.456361006569471e-10,1.7922192239549357e-09,2.015062368822759e-09
N20003092,689.0,36.161535646423005,14.22374879572685,38.484197558760236,11.130517996166823,2.204294606360398e-10,8.29537231478293e-10,3.261955422252918e-10,3.4411230004545546e-10,3.620202999526771e-10,3.501079148744358e-10,4.906720517607377e-10
N20003093,609.0,28.14639890689996,7.974478503031081,58.71623820804002,5.162884379943863,1.8242211530336538e-10,4.098934607161907e-10,2.3186054789794211e-10,2.2591049375926535e-10,2.53155326246107e-10,4.6459130765368967e-10,3.1725921856431693e-10
N20003094,580.0,55.81823268601603,3.506398905216786,37.644618745157686,3.0307496610258293,3.0320863247013246e-10,1.082112348735205e-09,1.216437830062976e-10,2.0009826499435083e-10,2.1062142896292084e-10,5.221484725057229e-10,1.4382221587222364e-10
N20003095,550.0,39.692314099738184,3.88279749640268,52.663397951122725,3.761490450094774,2.486106159264767e-10,9.188712732754306e-10,1.6381449797176706e-10,2.576001250992534e-10,2.6223239419779047e-10,4.027502919604559e-10,3.877409176061237e-10
N20003096,608.0,5.776356558022167,69.57409582688013,11.67750912735211,12.97203848660454,1.680500557731216e-10,1.2081029830557217e-10,1.2631131207743047e-10,2.4361838010619934e-10,1.8702029125880898e-10,1.7393302705733624e-10,1.213314396040015e-10
N20003097,535.0,60.23871535376667,5.707382334505189,28.680400224881268,5.373502081232398,6.084019139302735e-10,2.785849556167897e-09,1.0467945842854296e-10,2.3813043986271224e-10,2.641532803697649e-10,1.3090528406159693e-09,3.042237694570735e-10
N20003098,404.0,52.29734584495107,16.411367422987077,15.180411925679929,16.110874795696066,1.1107910416532155e-09,4.998214660899393e-09,3.2180972824146823e-10,4.727925623809809e-10,4.6506958076918364e-10,2.7972957959313746e-09,5.198911055771696e-10
N20003099,414.0,55.53602684211165,6.116373197480061,36.237997829010794,2.109602125234613,1.376681387314463e-09,3.2903316744633416e-09,2.3779478008639535e-10,2.404896386295783e-10,2.5937843124099945e-10,3.0403341964547563e-10,4.541804775862484e-10
N20003100,525.0,30.217881579319805,27.20236781602734,22.081425024146146,20.498325573455425,4.151871226007931e-10,1.1963603385486546e-09,6.594212189530355e-10,4.4842356116485546e-10,4.938023856022688e-10,6.523253890591756e-10,3.185782249906298e-09
N20003101,552.0,5.800744526309535,32.21718749029484,27.739122344763693,34.24294563696893,2.163278620583743e-10,2.2559603842264693e-10,1.1842231228461696e-10,2.7133727510512026e-10,2.902621107524379e-10,3.9036682394976976e-10,1.5066133812111225e-10
N20003102,550.0,17.68727549392288,15.16157266300777,55.43595379626105,11.715198041085802,1.3188238470932344e-09,1.2120291290198092e-09,1.9714336802558266e-10,4.5468648421037583e-10,4.5661048737005953e-10,1.8022374667612784e-09,2.8097266222878695e-10
N20003103,837.0,8.857218057092048,42.97504681136709,32.178709543405915,15.98902558516927,3.7008249287292576e-10,6.552597398480247e-10,1.5111997791592334e-10,4.1717025637852236e-10,3.9098828980033917e-10,7.286403853353145e-10,2.524182374351427e-10
N20003104,682.0,10.414230623689749,44.61791936615591,23.963523101044153,21.00432690439547,5.575958736163477e-10,1.6014256011442683e-09,5.765180195220833e-10,3.6086780871197916e-10,3.9196905034177955e-10,7.693573799708762e-10,4.5697454669764656e-10
N20003105,706.0,14.397196816340335,27.27305727605697,41.86615711450626,16.463588787367698,1.725318008329013e-09,1.7602565832168354e-09,3.496580208440492e-10,4.840025785255195e-10,4.947440675518588e-10,5.687977183328854e-10,3.459497399995605e-10
N20003106,327.0,1.429991225270115,66.69821422967689,5.94760815161244,25.924186392070915,2.432501637277311e-10,3.696310948204957e-10,1.4704427723087477e-10,1.3339078665628706e-10,1.7409792879991632e-10,1.9052647539402493e-10,1.1170710976659227e-10
N20003107,807.0,4.018052231533033,60.106748782902606,12.795894643144395,23.079304340140414,2.2685703815882934e-10,3.352387062028515e-10,2.962085210229693e-10,2.711558614311977e-10,3.1189311443577433e-10,5.674725082204818e-10,2.7072115837485414e-10
N20003108,308.0,7.926918276678843,19.641889984091247,42.357296976377036,30.07389475639284,1.5529765995612393e-09,9.921282450377865e-10,4.5024455759229213e-10,5.096060951583755e-10,5.117513309133243e-10,1.1179171784093828e-09,1.3254283581006345e-09
N20003109,433.0,3.1720447728603345,83.72555801119715,2.698862040531871,10.403535173671473,9.545143473847768e-11,6.124978574206847e-10,5.976662779918248e-11,1.5321637246405477e-10,1.448394524316755e-10,2.3086929718363529e-10,4.425318653253544e-10
N20003110,722.0,12.891351562815592,36.961551343882,18.270576152296425,31.876520937018586,7.901687593870205e-10,2.585436312047666e-10,6.477653689192202e-10,2.7154510992408564e-10,3.492880775814167e-10,1.1198120825579321e-10,1.558110518302729e-09
N20003111,580.0,3.0685514263033635,61.80869547829238,6.58740164846972,28.53535144466221,1.81379781407552e-10,3.128001495391361e-10,1.5583438975061519e-10,3.1313373877893485e-10,2.4635114644122187e-10,4.18304941550922e-10,6.445193023090523e-10
N20003112,452.0,1.6490496806583397,63.80859347195567,9.15832654908325,25.384030292939276,2.8596458017280478e-09,3.20561152527802e-10,1.9893154080812283e-10,3.9459940858301146e-10,3.0886641553495667e-10,9.036580292923557e-10,3.772185484586116e-10
N20003113,790.0,6.967229154286741,57.04534005487426,16.307693601871804,19.6797371853075,4.0104283236118296e-10,6.237367463443999e-10,4.579525377392487e-10,2.945154036831461e-10,3.886222883326763e-10,8.208074509289034e-10,6.730172731389306e-10
N20003114,472.0,3.4367660617492755,56.25835617024983,10.258823169639758,30.046054594164715,7.064552746377212e-10,3.3737932695411e-10,4.435399218931893e-10,3.5828014447639214e-10,3.98745033590799e-10,1.3194977143267324e-09,6.325423661486069e-10
N20003115,919.0,3.7268935081137466,70.7132020191495,6.052471081939035,19.507433388891286,4.3533029761027813e-10,1.9059225533144318e-10,3.437431973227111e-10,1.9076534704755137e-10,2.1711094896629752e-10,2.1456611080773337e-10,3.1431620292001465e-10
N20003116,379.0,2.9552426604848794,67.63253937289595,11.546141319025056,17.866076641233505,1.5061785154846372e-09,3.8387929327396066e-10,3.4270601082172387e-10,4.840651775002556e-10,4.359992688334693e-10,2.6348869869925845e-09,5.728764742693724e-10
N20003117,375.0,2.228626865377003,61.59272840668121,9.862238029263938,26.316406695605487,1.0676632617976588e-10,6.253878607970041e-10,1.3448877060333165e-10,3.1952632848467953e-10,2.9246385641539557e-10,1.1412777902083729e-09,4.5246053649527083e-10
N20003118,337.0,2.8784748639542745,56.3910730392148,4.228883520173716,36.50156857056422,1.6062845112355988e-10,9.417069678592855e-10,4.889987256741898e-10,2.3636584781444474e-10,4.283942020128091e-10,2.679645817148215e-09,1.1572454385967721e-09
N20003119,268.0,4.067638109753971,28.376281223154283,7.091364204047881,60.46471645899709,1.646018117150151e-10,3.4171570441328046e-10,2.7661391148794105e-10,2.550848703312026e-10,2.9915654673489816e-10,2.234911186632541e-09,4.746929069485169e-10
N20003120,463.0,1.6808205305078416,64.65803809595906,6.204770530234464,27.456370840540956,2.7689936345526994e-10,5.307533280406607e-10,1.678965689180846e-10,2.578711427864626e-10,2.4648991077188747e-10,8.813319992359837e-10,3.964485814392801e-10
N20003121,755.0,1.9678361456697078,74.32207275989865,5.333490696930467,18.37660039645752,1.0834587383681484e-10,8.205962959777506e-11,2.5000727383416095e-10,1.5565434248721772e-10,1.7814773781306333e-10,1.5057599300526675e-10,1.188761325667771e-10
N20003122,521.0,1.2771160420006387,66.85972604429344,4.7066115502728625,27.156546361910678,1.652590222720708e-10,3.47349161286509e-10,1.815981137067989e-10,1.9486306360437096e-10,1.9994858403982174e-10,1.9704687167783312e-10,2.3632017362419414e-10
N20003123,537.0,2.2903999813106988,62.54018432638805,12.368578421090282,22.800837268263706,7.613793422068881e-10,4.769076159240271e-10,2.969120058700276e-10,3.5972578054948567e-10,2.7834790867616647e-10,3.0680386029866695e-10,4.672160868857822e-10
N20003124,755.0,1.183989760945207,66.30312933107905,4.195396600795026,28.317484304958562,1.7053925442162707e-10,2.911036600946943e-10,1.8817300160693064e-10,2.196985947171591e-10,2.3627801395922614e-10,7.920856214799828e-10,3.2427985221030755e-10
N20003125,719.0,11.669466282775772,35.149120162885026,39.971003160320485,13.21041039065888,3.1864733465493975e-10,1.4341783251233072e-09,1.7104451765848933e-10,3.951740514368172e-10,3.6871796915043004e-10,4.889255548020973e-10,1.8316264392277136e-10
N20003126,879.0,1.1729804457750852,65.7846222450145,5.5398748236660635,27.502522483130004,1.9639450447887152e-10,1.0211306778194615e-10,6.593497320900666e-10,1.7296620360841764e-10,2.4176857586455614e-10,7.744804350909349e-10,2.672596896944348e-10
N20003127,712.0,1.9043967800360753,67.31306141908384,5.020494844693468,25.762046953994698,2.1670743028994368e-10,2.6533841196607383e-10,4.175321378723973e-10,2.2705648544045134e-10,2.4874331222233484e-10,6.628984100425018e-10,1.5364478752367474e-10
N20003128,809.0,2.1492007813411402,61.756029737866356,10.862430850526271,25.232338628542756,1.2110367330359014e-10,1.6067504670851967e-10,1.8332271866982695e-10,1.894376810038882e-10,2.2570390698079216e-10,6.855464112932627e-10,1.5768589736793154e-10
N20003129,770.0,0.7685525102672948,75.79644236097079,6.005382942704692,17.42962218409179,2.8534851079557397e-10,1.1162516518671445e-10,3.116264502747722e-10,2.7848805659945045e-10,2.402552862004915e-10,5.256735601429189e-10,2.1243695764820676e-10
N20003130,686.0,1.8723505690728788,61.08646740178474,6.540414597278181,30.500767427558618,5.019394668678823e-10,2.356458987336482e-10,1.5288498603329534e-09,3.2105225898172136e-10,3.7649779989903957e-10,1.1419114587608807e-09,1.9966964363298725e-10
N20003131,590.0,1.1797092487584748,69.27439580249683,11.115030733100534,18.43086421458814,5.556206543110127e-11,1.0409983630883506e-10,1.3061545871808848e-10,2.295942019138706e-10,1.8254067799822406e-10,2.0154119204869175e-10,1.520615713494568e-10
N20003132,335.0,1.0268202107973177,71.5493021089803,1.7318090805199866,25.69206859784404,6.500078019004987e-11,2.215844300238896e-10,5.986152514253765e-10,1.518496178898932e-10,1.8375708472055066e-10,3.209767999041279e-10,3.1655691576909035e-10
N20003133,930.0,1.0878335210393881,67.62811682447162,7.821132768330126,23.46291688462693,1.0035161663801372e-10,1.280076925454423e-10,2.2804560696689585e-10,2.39997099030501e-10,2.2774681307528518e-10,4.0275457950219393e-10,2.0504364023446712e-10
N20003134,345.0,0.5532637778913816,81.88751023982826,0.845593228124071,16.713632752913007,1.495410910978924e-10,1.2461764781673937e-10,3.0777939307369983e-10,1.2667309588852978e-10,1.2864802790081604e-10,2.260570348903956e-10,1.7996120766305978e-10
N20003135,553.0,1.7060547350900555,64.22967993151163,8.812173079991508,25.25209225029361,2.495625528062307e-10,1.587958472178772e-10,6.500973906437786e-10,2.939622380132164e-10,3.0506389651004944e-10,1.3043640913117708e-09,1.5136194739512197e-10
N20003136,517.0,0.8732296028042742,61.37720399926854,6.032439865088057,31.71712653144356,1.031056024335444e-10,1.4572506959022197e-10,2.2315727961095006e-10,1.5089394568979675e-10,1.8912214214455185e-10,4.277299016523176e-10,1.5585149753170564e-10
N20003137,754.0,0.9534426096872005,69.05012426568128,1.9083775600029713,28.088055563267154,6.411644563149261e-11,9.460936032107057e-11,2.381802138776394e-10,1.7995276971677294e-10,1.5626462714759006e-10,5.267021991229353e-10,1.0158225102966683e-10
N20003138,460.0,1.286223886288615,69.91478408975672,7.602614163908478,21.196377857611033,2.0797452341122999e-10,1.4183921069599294e-10,3.7726590856061134e-10,2.3757187639441756e-10,2.4666113776498225e-10,1.0655648051307952e-09,1.5828244487907618e-10
N20003139,420.0,0.7779617066025298,59.06115739537668,6.3257983833533,33.83508251296549,1.1229822071162297e-10,1.7995353032431825e-10,1.9325239538884995e-10,1.8919565093506025e-10,2.0131235343945349e-10,6.543209974754871e-10,1.716540417722399e-10
N20003140,584.0,0.7017364893267534,81.0054207281351,6.2340475775669955,12.05879520413967,5.894379677069337e-11,6.010210993636114e-11,1.2473502072335776e-10,1.5793958770329463e-10,1.3590949895885074e-10,2.20557705812165e-10,7.327680536707507e-11
N20003141,310.0,1.562851740202735,55.26501014498254,6.798396992753221,36.37374111748272,3.036846041168811e-10,4.873239198547149e-10,1.288878420893229e-09,4.052076647993959e-10,4.381331932862886e-10,1.3310609713814633e-09,3.2448413695645634e-10
N20003142,581.0,0.761284100078988,76.3816055862601,3.8647006156980206,18.992409696976644,4.117573041247823e-11,1.3499752548077886e-10,1.3458404564606385e-10,1.1801254818808677e-10,1.3440382274814047e-10,3.7960962137632846e-10,4.3453627169081555e-11
N20003143,502.0,0.6980226753720921,76.3360950072657,3.1207624015798867,19.845119913781346,1.5663228854720221e-10,2.4651276989482444e-10,3.1511942907449815e-10,2.1427996552294478e-10,2.2841052332286786e-10,4.784253273250888e-10,3.615942861209025e-10
N20003144,599.0,1.552458834929794,72.65865674756051,7.191776540799067,18.597107875383585,7.923277608219592e-11,1.244120269901961e-10,3.0345123772316134e-10,1.9026302394327757e-10,2.039566698640674e-10,2.435317477636568e-10,1.8220016497690487e-10
N20003145,464.0,0.9801098359034446,79.70695742677029,4.762034283232682,14.550898452549523,9.129340351580918e-11,1.3753939099967155e-10,8.524681736712256e-11,1.3585801424421594e-10,1.3838196588767348e-10,8.860327466557364e-10,6.970618654831567e-11
N20003146,460.0,0.7997551823993747,67.68326325255917,3.0150147520837467,28.50196680913889,1.8020498799500087e-10,4.098622048893062e-10,7.165154581086583e-10,2.9205527013010827e-10,3.2878079360095397e-10,1.4459989365325253e-09,4.4537564826707474e-10
N20003147,568.0,1.225999033959979,79.83108003720369,6.781629378616111,12.161291548982572,4.174596438787206e-11,1.3120892865428253e-10,1.4550032550423089e-10,1.995018634872142e-10,1.6605594670068e-10,3.949402259174302e-10,1.5869792826550941e-10
N20003148,563.0,1.0506840967500908,73.10393147916882,6.666830021740064,19.178554399727233,1.392222705918904e-10,1.8637685457227094e-10,2.1772591819423903e-10,2.1554718113665858e-10,2.3549271635001095e-10,1.505411963556926e-09,1.140097353267375e-10
N20003149,929.0,0.9064346774908081,51.35570965034135,4.998794067294709,42.73906160139769,1.390714294891914e-10,6.978579919744409e-11,5.792107116367928e-10,2.3351119688280416e-10,2.525273178928917e-10,2.0097286605191647e-09,1.9161040707683002e-10
N20003150,545.0,0.9869809733597374,73.00201991179976,3.96450963353444,22.046489479087498,5.377933015198359e-11,2.2140520298762322e-10,1.649941296238006e-10,2.2954910122950766e-10,2.2182430945425258e-10,9.945038984490531e-10,3.3251291806430504e-10
N20003151,472.0,0.9596071504783806,81.95623718383074,4.592177804591048,12.491977860123708,1.774542639334029e-11,6.070403829867134e-11,1.2165273431014672e-10,1.2492151944926066e-10,1.226814699470503e-10,4.654790803343272e-10,6.293424742077912e-11
N20003152,441.0,0.4401146283700459,88.87557375498751,2.069622813841272,8.614688801256172,7.215541378737926e-11,1.9356787164266567e-10,2.60715977092618e-10,2.226662474107923e-10,1.4599269122200456e-10,5.365602239941162e-10,1.1333928967877095e-10
N20003153,725.0,0.8886900522561053,78.69766203795714,3.0614205117280955,17.352227394441737,1.2424718831585904e-10,6.306923339503928e-11,1.6013589787882517e-09,2.0308990149287128e-10,2.55344630139587e-10,9.908185162388002e-10,3.7897648816541437e-10
N20003154,721.0,3.495644815280357e-09,27.804682259514824,11.505555027239135,47.08144611022937,2.1681558003184993e-09,1.225322531540692e-09,1.7143012116585933e-09,7.83329776880162e-10,8.297682578656935e-10,13.608316591561339,1.2388036564891536e-09
N20003155,737.0,3.7868230106105036e-10,46.81928695893715,3.494113139972975,45.03118949540955,1.7320343550369722e-09,2.3378038378350497e-10,3.491407677560131e-10,3.026397920552698e-10,3.0033286873194737e-10,4.6554104020892995,2.9441944763617634e-10
N20003156,634.0,3.0406381985064514e-10,29.40937090591424,3.043681105206547,60.56188741225792,4.600533761002864e-09,1.3346349342160195e-10,5.715217184020178e-10,4.662356139656581e-10,3.4076453810554906e-10,6.985060569875534,3.2918878098679444e-10
N20003157,592.0,2.871885922814325e-10,72.9476565319369,2.897185992026317,19.94102897876686,7.524853127874144e-10,2.0670797467900877e-10,1.8695238073871684e-10,3.6210203580459986e-10,2.7179141484510515e-10,4.214128494717194,4.855090559917552e-10
N20003158,366.0,1.4376705741398215e-09,34.592782237633344,16.55116056951014,19.745359388791687,1.0036428590639916e-09,8.569814454973232e-11,2.080924289331655e-09,3.8545356008808846e-10,4.971825176819562e-10,29.110697798111833,4.6244103735616966e-10
N20003159,408.0,5.088239409430717e-10,24.37893110368874,3.2025062106992386,27.00810321732026,4.111472051164114e-10,3.3443905483120295e-10,1.8723931182995923e-10,3.587075508896254e-10,3.1119196084463483e-10,45.41045946588408,2.961190101700159e-10
N20003160,456.0,1.7667545158992e-10,81.98357296487292,0.7093410133872804,10.970461231810031,9.737051523166323e-10,4.2808847148157423e-11,2.2046346165211997e-09,2.555625846194475e-10,2.294084963919352e-10,6.336624785298642,7.483370947160265e-10
N20003161,591.0,7.713365362009967e-10,57.980155724242834,3.1051111274835415,29.929829491195044,2.6663332673935495e-09,9.063693345559347e-10,1.0270051364689895e-09,6.517001384729655e-10,5.69441907293585e-10,8.98490364971301,7.733655186534599e-10
N20003162,444.0,3.805694502230606e-10,39.4548899745979,4.072261721800754,36.833332682735204,3.3012006212183227e-10,3.037295359855687e-10,1.6958327151026136e-10,3.1247716295183435e-10,3.0710206202633523e-10,19.6395156186876,3.7497966115915054e-10
N20003163,478.0,4.21580422120919e-10,31.074886012114998,6.253204526266208,55.82706738731422,5.1278700800186e-09,3.172677389584931e-10,8.375396147483438e-10,1.2621994071310342e-09,6.652490434245077e-10,6.844842064954884,7.179625641509147e-10
N20003164,472.0,4.641000662778188e-10,69.41564714025304,3.817223966520727,20.128676999940048,5.361250672954039e-10,4.468849548346565e-10,5.833276826108927e-10,4.377118709338739e-10,3.858617788511889e-10,6.638451890055885,3.762912897593942e-10
N20003165,552.0,2.0450181507495227e-10,38.23702741357941,2.1166980271417604,57.26512420189559,9.179063204982625e-10,6.595353673342932e-11,2.8505734001667843e-10,3.251934442582959e-10,2.406414029157135e-10,2.381150354955362,3.88607689274302e-10
N20003166,323.0,3.3541594665963755e-10,60.49345150038757,2.17364303039429,28.971062771076934,1.911501565404562e-10,7.053221973444064e-10,1.9004360989301745e-10,3.5838206761981713e-10,3.285896140762525e-10,8.361842695537279,4.950417362501583e-10
N20003167,514.0,5.084598220226084e-10,56.218180126861675,2.6137226741182285,35.752269102165236,7.730549259852643e-10,5.142384596558534e-10,2.8165408912489035e-10,4.2366493240428875e-10,3.448398626081877e-10,5.415828093566314,4.426242278511574e-10
N20003168,430.0,5.523069273476503e-10,22.100383405374778,8.799032741673868,64.72280000691507,7.587119740445991e-10,1.7529459092413093e-10,4.932853411134065e-10,3.994567967020642e-10,3.981193695556346e-10,4.377783842944089,3.1503526951159286e-10
N20003169,763.0,3.868018420002467e-10,31.55038432763585,6.470999455608059,53.92564320241608,1.080252515446206e-09,1.3989655246978676e-10,1.011135723628394e-09,3.720696593668974e-10,4.851818634487477e-10,8.05297301058935,2.753104408388987e-10
N20003170,472.0,5.711911536067044e-10,52.511567927775346,0.8174193060364537,39.88575535657515,1.6860959745475474e-10,6.672158186605593e-10,1.851795426678865e-10,1.7040748693070086e-10,2.5739701391682596e-10,6.785257407284454,3.085857713123755e-10
N20003171,304.0,1.100927983087264e-09,68.61474713062861,6.202620753574293,17.452465462411613,7.926874368178818e-10,4.6110940317078345e-10,5.232260812347245e-10,5.85946234894056e-10,4.438084588144783e-10,7.730166648475414,1.0023633344275467e-09
N20003172,452.0,3.2349544872645093e-10,10.601440620133108,3.5849687204094303,51.51967808777693,2.8126554254975295e-10,2.767925812374076e-10,3.4068641541864546e-10,1.6436643285567397e-10,2.699781804746923e-10,34.29391256963304,3.908931569634532e-10
N20003173,589.0,1.9051071133454749e-10,70.17519658027257,1.1208859661232335,22.703989566008946,1.8344445859136343e-10,6.620131463467202e-10,1.8456677194121668e-10,2.594587654030258e-10,2.69192803358528e-10,5.999927885438009,4.080446571320106e-10
N20003174,372.0,5.504723538224559e-10,32.69014193278485,4.712474051217494,18.96879318130814,8.772971069581961e-10,8.396672044226003e-11,5.591659206415153e-10,4.432577977960948e-10,3.3987274512122943e-10,43.628590831253995,5.814896354212202e-10
N20003175,430.0,5.732480839649993e-10,61.40052002354426,1.763180983961318,31.46992424414578,6.413905734386044e-10,3.4979252044901504e-10,1.9203935112263176e-10,6.855967603512981e-10,3.468215111774601e-10,5.366374745062257,4.975018307319717e-10
N20003176,580.0,6.847422560689994e-10,63.938887448839935,2.7951194658818905,22.130279802534282,1.3467430403513679e-09,6.830726352025373e-10,2.571702466735429e-10,4.3067476528993373e-10,3.544635451276217e-10,11.13571327864776,3.3928588860471874e-10
N20003177,520.0,4.864828523437833e-10,59.454386513991686,2.4714063500451333,33.24471131886735,1.1797868684386532e-09,4.04665224797306e-10,1.4120669454782535e-09,3.662971687323823e-10,4.590956889385553e-10,4.829495811532208,1.255218528569878e-09
N20003178,489.0,8.959579538265049e-10,11.022723762995408,7.3559753913651145,16.11264565933044,3.665824587702575e-10,9.756268148913404e-11,1.4375358350444607e-09,2.65625328486462e-10,3.662217405857602e-10,65.50865518169788,1.1816813838104502e-09
N20003179,376.0,4.475674657562257e-10,5.647403599317714,15.310978755655515,4.446734630321716,5.065919824544339e-10,1.2963351345443219e-11,1.7253027042602925e-09,1.392179480698404e-10,2.0329978029714746e-10,74.59488301088287,7.872448849214682e-10
N20003180,567.0,6.939087160819777e-10,31.22139239506476,17.091410992309044,32.78503765508645,1.0341931173546381e-09,1.0165838747348324e-10,2.402288983873669e-09,4.5833640046275894e-10,6.55640745233378e-10,18.902158950446985,1.7467227671876065e-09
N20003181,450.0,5.140520503986428e-10,62.09840015310244,5.0444021800328285,28.652068761949064,7.966028016044536e-10,4.0783797008268747e-10,9.876361088982735e-11,3.2416912038806965e-10,2.4842769534894553e-10,4.205128902181408,3.4440922025334344e-10
N20003182,529.0,2.993354743192668e-10,30.816123631066063,1.983982324802866,48.14826356340181,7.780017623459652e-10,1.3261263894122804e-09,1.686586953924834e-09,4.74320011723867e-10,7.315908063469239e-10,19.05163047409502,1.3382903316059023e-09
N20003183,504.0,2.4294770871963144e-10,59.82736581193281,0.4845171017429272,35.05362477128779,5.768935053693308e-10,3.1263558130778995e-10,3.08221537018666e-10,2.8570541380259375e-10,2.2648597665116758e-10,4.634492312618701,4.648597922179257e-10
N20003184,560.0,2.465946509007427e-10,60.8246437327443,3.1121086946205656,32.452097651023905,1.2961787430971333e-09,1.5465309102833622e-10,1.6516040817544398e-10,4.898813137410065e-10,2.936709709278413e-10,3.6111499185432367,4.218528716652676e-10
N20003185,504.0,5.130620431732281e-10,84.74438274759135,2.297230565587208,6.074050563121054,2.800752588204754e-10,1.7875961219625232e-10,9.029395081829544e-11,2.7249480400042343e-10,2.022962229839636e-10,6.884336121668522,4.94885194560848e-10
N20003186,592.0,3.1277794831226043e-10,67.32938045582367,1.5481888350654094,21.949181695157353,5.002520270596509e-10,6.981944596928704e-10,2.1740670616471854e-10,3.7322810008202584e-10,3.107304223787956e-10,9.173249011147847,3.931382872225962e-10
N20003187,468.0,6.408950036289753e-10,24.914332732915334,3.8774716167102845,21.103753993394452,3.9545716014435797e-10,1.1186830155701751e-10,5.86183942792132e-10,2.2462870224539434e-10,2.515196323495908e-10,50.104441654605644,1.6372019935483515e-10
N20003188,503.0,1.3881442707230896e-10,51.04979087084899,3.07919387069889,36.316046601342826,1.385225915544874e-09,1.9642689491434458e-10,2.171351869533708e-10,4.830373609585113e-10,3.016053102280047e-10,9.554968654165384,2.2166044756403514e-10
N20003189,581.0,8.530323578050405e-10,38.94758437553863,12.040993442028267,30.459055205154012,1.1239596082180131e-09,1.1265897857418307e-10,1.5175030241714133e-09,5.437158845408931e-10,5.861303248936224e-10,18.552366971661993,8.80091571089663e-10
N20003190,281.0,1.6300973526882056e-09,55.32094323318796,9.80345661371845,10.006864838569662,1.4457800263700937e-09,3.6565532903105235e-11,2.2368990988032766e-09,2.9361115986499924e-10,3.1104962574892e-10,24.868735306487537,2.082377353163479e-09
N20003191,574.0,4.769687919693528e-10,48.78524611115523,7.253608219729463,38.322119602717336,1.1836619238946446e-09,1.0700472251883957e-10,1.2698341910961067e-09,6.717132652101455e-10,5.052755158069954e-10,5.639026061153946,1.029571048568835e-09
N20003192,469.0,2.795375062274517e-10,66.80409271651129,0.8908713704593525,26.33104524813494,5.034090694142146e-10,1.9384937751078538e-10,1.301936750382673e-10,2.3024312445708604e-10,2.1620827957344763e-10,5.97399066306427,2.7668818294447787e-10
N20003193,513.0,3.704120363273127e-10,41.93587668636386,4.724128989819769,49.49765068927931,5.923860591442626e-10,9.926594081691064e-11,7.575284527257719e-10,3.096858459370627e-10,3.142499179116117e-10,3.842343631534354,5.591952242553442e-10
N20003194,651.0,1.796993414385109e-10,60.35926194890479,2.173956409858259,24.280108972020457,1.919042776087554e-09,2.2791391654581658e-10,6.908978531484755e-10,4.554374259315149e-10,3.5611554115401967e-10,13.186672664911637,4.757653193816743e-10
N20003195,522.0,6.929771371746462e-10,34.94752090567341,4.359342393929016,42.4370544937536,2.970071441451945e-10,2.2532973200097505e-10,5.865338420559154e-10,3.9404827485827e-10,4.1745999715074337e-10,18.256082203419027,6.115861807154226e-10
N20003196,524.0,8.076932084161608e-10,74.21334074751469,6.420675042410898,16.41454927476292,3.8567623514883237e-10,9.300880196462217e-11,9.193545365799653e-10,2.04013400787448e-10,3.321832338584325e-10,2.9514349314901436,1.0794284832730293e-09
N20003197,793.0,2.7846028518356484e-10,51.93978939182545,4.213887661627035,30.28663384858753,8.477344908452441e-10,3.1826192384150593e-10,3.4881478562646573e-10,4.0089186844455464e-10,3.7973507733873376e-10,13.559689094968094,4.179864374961934e-10
N20003198,546.0,2.283350096460234e-10,66.98252654782986,2.2260732811723467,27.86413072004545,8.109214248914169e-10,4.899864927246532e-11,5.672590191957644e-10,1.8730693828807958e-10,2.273017751512956e-10,2.927269448798472,8.375240378493453e-11
N20003199,344.0,4.302297587473969e-10,59.425542173516774,2.8723765847271614,30.015659433803343,6.888680554822386e-10,2.4642936357238383e-10,1.5443394547163256e-10,3.167749887833279e-10,2.8826808950676176e-10,7.686421805509211,3.18512670331489e-10
N20003200,1062.0,2.9649634137342473e-10,65.30712580686674,3.7067624824673984,28.041114752456263,3.768195912272127e-10,1.3073094411101886e-10,5.789414361657477e-10,3.8324856656506296e-10,3.334517293629155e-10,2.9449969559293616,1.8053186111699348e-10
N20003201,400.0,2.0942163373479484e-10,51.88272149284923,2.33355548707887,35.48990707266482,2.898480730816737e-10,2.9181494136651305e-10,2.2035678396130843e-10,3.8479251872320415e-10,3.236596549696626e-10,10.293815945438125,2.490665536768615e-10
N20003202,593.0,1.715487866557888e-10,81.17820818424329,1.1710464364518864,16.381328249550705,1.1593029155228404e-10,3.524433762427159e-11,1.719224131616958e-10,1.8808326407556278e-10,1.5592312078357525e-10,1.2694171287654916,1.4997194435313758e-10
N20003203,538.0,2.5783951658146895e-10,62.748526065200295,0.8194528579286544,31.521182805799917,2.424688265880587e-10,8.218080293443411e-11,1.157741603849792e-09,1.9656572770619097e-10,2.3712919398002925e-10,4.910838268736572,1.606490027894038e-10
N20003204,747.0,1.6819207311912113e-10,71.27424084956509,3.0697273666838583,19.219392413893786,4.2839098025600467e-10,2.1035326245935473e-10,1.962313712467139e-10,4.862167317386709e-10,3.206013661470288e-10,6.436639367873457,1.7382920565746976e-10
N20003205,583.0,1.29513476853307e-10,74.89566194483298,1.4584500809038778,19.134541543312377,3.6921296059704745e-10,9.709428184666432e-11,3.5230908479911873e-10,3.037401863101514e-10,2.581862009241994e-10,4.511346429325523,1.1518053275436929e-10
N20003206,456.0,2.4110135325277536e-10,67.34868288937854,1.6927246390267665,27.595964924177395,2.4808383400066083e-10,2.80281729010154e-10,2.708935047698075e-10,2.951043213001439e-10,2.8722508163461095e-10,3.3626275448971588,8.974465391563936e-10
N20003207,603.0,1.3493888419652404,55.67191246805422,1.6191614258128433,39.31879524096732,8.496745256292705e-10,7.246037665498496e-11,1.6998731324790843e-10,1.874857776449531e-10,1.951038901760085e-10,2.04074202151058,2.1510995313777863e-10
N20003208,459.0,8.585406024840992,16.132764976083095,33.48769599109093,37.14981124699121,7.977604836580545e-10,5.133024792830513e-10,3.329315904887148e-11,2.9840597386764115e-10,3.679738525381614e-10,4.644321758674589,3.084515772723158e-10
N20003209,563.0,9.096256833419366,11.249850397693187,26.900209274945226,48.96426961921351,9.492178799966107e-10,7.01537086916299e-10,3.0669259932912665e-10,3.540560858767831e-10,5.269423447351831e-10,3.7894138713403676,5.498939852016727e-10
N20003210,481.0,2.547355253358771,32.16898518294472,8.323305102484548,34.35533134932746,8.635694568757323e-10,4.5733571940767846e-10,1.2696218409248036e-10,4.3625613269669227e-10,4.1866197597845467e-10,22.605023109334482,2.472450377992451e-10
N20003211,604.0,1.901428748027714,41.4185432840999,8.81987682695582,37.10382980762238,5.619548802025456e-10,3.7478982739695487e-10,2.3155303699140686e-11,2.4903732115022944e-10,2.8257135318847076e-10,10.756321331706756,9.594140551559848e-11
N20003212,805.0,3.882565871297219,47.34856051640545,16.05310939816304,27.56698757936624,6.628631530201944e-10,4.1400814038682826e-10,9.461821702013176e-11,3.4901174359514466e-10,4.146256067700685e-10,5.1487766321750685,6.578336281238017e-10
N20003213,838.0,3.634273623936974,41.73038833380423,23.62224186857478,23.987726097482536,6.705081766658913e-10,6.198952612193687e-10,4.666841302980535e-11,3.985937937135161e-10,4.0263859165693515e-10,7.025370073813346,2.4984081064039095e-10
N20003214,934.0,4.479390324675514,41.74557727752713,12.138060901930702,32.808972633613074,4.99776304134821e-10,3.3651449433726013e-10,1.1736399257285915e-10,3.821766340582485e-10,4.2490276999269417e-10,8.82799886003357,4.592866754153287e-10
N20003215,705.0,7.506583031154465,34.5244576298226,11.195133903974137,42.26061336561075,8.625313820334391e-10,3.6933603976258927e-10,2.1625775281857722e-10,3.5072155225875194e-10,4.762473839879391e-10,4.513212066392728,7.702086847133588e-10
N20003216,735.0,3.3623765693138346,31.59474420031787,11.561490063824522,46.951816610171505,6.223051674931406e-10,2.756074824232737e-10,1.4534237965368925e-10,2.743729855737051e-10,4.0109131700970884e-10,6.52957255448037,1.7317450096778665e-10
N20003217,526.0,1.611534313598113,49.45699539227004,3.5698088303665734,40.92304019387154,1.9081117569497282e-10,5.124649179387675e-10,9.329550205748009e-11,2.447269955975864e-10,2.7377137039993307e-10,4.438621268375436,2.0321621758733825e-10
N20003218,650.0,1.4076561649003334,14.343462867279172,3.67461158530341,71.75746119919737,1.0473466166808147e-09,1.2214700498674648e-10,3.471552511987971e-10,1.423264696329554e-10,2.7935029082816105e-10,8.816808181094661,2.8673891006815497e-10
N20003219,511.0,2.1423396787020983,54.72569999843368,11.887619034065382,27.12183449927838,2.0617819697030493e-10,1.4832864959380224e-10,7.562217396689044e-11,2.83540064619515e-10,2.904773516012397e-10,4.122506788437759,7.8530413503612e-11
N20003220,545.0,1.024930613651159,68.01309379293846,1.9869337169747272,27.219478253963747,2.4542086862969727e-10,2.47576416737095e-10,1.1529856157225238e-10,1.6167500615495564e-10,2.1490947903404955e-10,1.7555636213000576,1.8696859673659825e-10
N20003221,843.0,1.7687270372481256,30.395302505594636,7.441175101193573,47.145978276338404,3.5377694926908713e-10,1.784648759222446e-10,1.481132872039644e-10,1.8023111866770791e-10,3.2053805481126337e-10,13.24881707802501,4.191232349863444e-10
N20003222,608.0,1.4733208842996453,42.74899579233419,6.233833202822398,47.034885980425855,1.371336527862782e-10,1.22800715915045e-10,2.71628635358264e-11,1.6829931799159523e-10,2.0600057268617373e-10,2.5089641393615327,9.497686658002577e-11
N20003223,482.0,1.8639009637614796,48.17993637230023,3.6087264101150143,44.7157358258165,4.161723608529056e-10,1.5034769650385628e-10,1.7720754802145066e-10,3.1134010166336913e-10,2.8281916664999466e-10,1.6317004258328882,8.359931832206651e-10
N20003224,432.0,1.282502682863194,39.959484558670525,6.760803531148399,39.29506776283409,7.582913433246935e-10,6.284579970643051e-10,4.774391172717723e-11,2.372638487864156e-10,2.991266812528207e-10,12.70214146240522,1.0768487228015129e-10
N20003225,760.0,2.320358153908358,45.9337050203324,9.058220550909034,37.90528958271129,4.922475437468325e-10,2.7771410573206224e-10,5.201799962819915e-11,2.7164261283653534e-10,3.045335942493716e-10,4.782426690667793,7.297722689702377e-11
N20003226,741.0,2.3276300938733767,38.1526629422503,9.94428121153203,45.5491564154264,3.040668450697316e-10,4.906701798240007e-11,9.32286347341819e-11,1.5642882203914392e-10,2.4567374883441726e-10,4.026269335938272,1.3113734716976923e-10
N20003227,764.0,1.1351577403132973,35.3573755558796,10.233297137087147,47.06698811117219,3.4606397764212346e-10,1.722101647096825e-10,2.910508822330052e-11,2.4742503788123174e-10,2.766722335785504e-10,6.207181454290664,1.8563386161623964e-10
N20003228,563.0,1.1136308047418535,17.479945212289973,4.926997345003131,66.2765303850026,2.7003563760677256e-09,6.705428781891762e-11,4.679388813626395e-10,3.0801170311732276e-10,3.533611855730175e-10,10.202896248514113,5.51590051709704e-10
N20003229,545.0,2.24818341326683,41.51309532925578,13.267740328729824,35.01867643953872,9.625904664344856e-10,2.933988539887146e-10,6.116157733964275e-11,3.282354573455378e-10,3.400775004789498e-10,7.95230448704452,1.7885350840697763e-10
N20003230,688.0,1.6825030144166493,47.13693497882789,3.645430412113954,41.05575418733582,4.3372189286681033e-10,1.9115107349415372e-10,2.142198314008623e-10,3.0122985872428034e-10,3.223724639914772e-10,6.479377405667234,1.7575696129939835e-10
N20003231,679.0,2.0013073898889004,51.49279217089047,9.894490992375973,32.23238668304671,8.334486459141874e-10,2.870102196840962e-10,1.0383965457299498e-10,3.235088226768556e-10,3.7176648020096744e-10,4.37902276156525,3.1312385872404075e-10
N20003232,443.0,4.376005306610577,48.680073430418766,11.62234668218089,30.47632243005959,4.886429594846413e-10,4.74382159253918e-10,7.934459037952787e-11,4.0991300375057877e-10,3.6158329107332907e-10,4.845252148740933,1.7538861172902644e-10
N20003233,616.0,1.3633970261976003,34.13178481752139,11.712126408991391,48.121279209791524,4.075748426448232e-10,4.351096530217782e-11,2.467693916620536e-10,2.6436162056202185e-10,3.2931009310035484e-10,4.671412535292573,9.139824376275907e-10
N20003234,701.0,0.9140148238069501,35.39276281492788,6.750272164672845,53.06900738526752,7.470655087793455e-10,1.0583573650252663e-10,2.589512080354668e-11,1.8309146478104834e-10,2.0723356763312537e-10,3.8739428099495163,1.0617156682580995e-10
N20003235,628.0,2.3646662089946253,26.542947438336466,13.866786724409309,49.1227143109446,3.781021232187224e-10,2.4188076181396745e-10,4.510445274416083e-11,2.956481431629266e-10,3.1693588356732723e-10,8.102885315911754,1.2556035157930328e-10
N20003236,779.0,1.2612888051470648,23.02018720742932,2.505779367554674,62.13737096559635,8.670021456392819e-10,1.1534996162471989e-10,8.378544045905984e-11,2.850926089051197e-10,2.145232096064942e-10,11.075373652379607,3.272365712302845e-10
N20003237,560.0,0.8025159783235465,10.708194660953998,20.55345749306891,47.73666482246329,1.0127937713239642e-09,1.1236074770464485e-10,4.7726880551041476e-11,3.260389721899732e-10,2.795385752469841e-10,20.19916704322587,1.859363681912813e-10
N20003238,536.0,1.4006100022782557,56.00485655687679,10.462304940059388,26.81620819675371,2.3631585139262336e-09,2.832053975093099e-10,5.17960349373557e-11,2.7819819992607505e-10,3.275990141292386e-10,5.316020300193065,5.348273142466167e-10
N20003239,613.0,0.984561709879583,26.70529590801354,6.3941432419704185,52.37659011466309,1.6132225658703217e-09,3.862208293775093e-10,2.549164354089239e-10,3.6234781056711985e-10,4.124665302704684e-10,13.539409021919793,5.244051417033142e-10
N20003240,711.0,1.557938547081446,15.015742162448504,7.938801922584035,68.4349437288659,2.082979561235841e-09,1.4813120530101162e-10,5.025286609054957e-10,3.530007051793213e-10,4.2813674694061954e-10,7.052573634664054,8.41294451969539e-10
N20003241,657.0,2.052717625531051,38.43389885249479,8.636233114064913,38.17408280662533,1.1308229047624406e-09,4.630053345351494e-10,6.1580709375425e-11,2.0854059276747654e-10,3.0432841204456943e-10,12.703067598886413,2.2921993983963183e-10
N20003242,444.0,2.41229445221239,45.46442557737903,5.720825617769636,39.4644759852263,7.94421042094772e-10,2.2031790847334328e-10,6.838617841923214e-11,2.0969269562506512e-10,2.1554317197452556e-10,6.937978365501587,4.026965370578869e-10
N20003243,582.0,1.292089171007424,31.96325185100562,6.456524111864045,44.503522021956925,1.0922223318984147e-09,3.1721526622053805e-10,1.0982517736980518e-10,2.1309424654924854e-10,2.974094687403427e-10,15.784612841851722,2.845024293150306e-10
N20003244,608.0,0.8239577959789034,21.726903753832335,3.2393908200349473,48.12256701929387,1.0071958300613307e-09,2.2461069239417969e-10,1.320731584621939e-10,2.4335404304431055e-10,3.349868176424272e-10,26.087180608304607,6.131097279328735e-10
N20003245,323.0,0.7142771873278034,16.730944957112975,1.3174226242618738,32.406498438290306,1.6801261361898907e-09,4.672072854586554e-10,9.95751735052268e-11,2.2873415559451654e-10,3.408735357671807e-10,48.830856788869724,1.3207944066482513e-09
N20003246,463.0,2.402376462779888,20.50898753710968,11.535861146627393,19.05152115294752,4.34467593901066e-10,3.1796142956291794e-10,8.591842144398636e-11,2.2100372664005848e-10,3.16414461576036e-10,46.50125369837526,7.844911123237239e-10
N20003247,238.0,0.8513612182583042,8.068421710487263,18.7507187728337,54.216487799751874,1.4526949217429327e-09,1.4104944437758113e-10,7.804502560528415e-11,3.503821874895674e-10,2.667837846645729e-10,18.113010496153322,2.265802769935788e-10
N20003248,430.0,2.0318388430789787,62.937180162349215,1.7020010160760002,22.45467020974322,1.1757038043923255e-09,1.2725249365467027e-10,2.3885383904598313e-10,2.962425839547293e-10,2.3661438928846346e-10,10.87430976622765,4.5029104084188363e-10
N20003249,300.0,1.616271680101939,37.81685310564185,2.5271171237427175,25.669365191876008,3.365056383842467e-10,5.131443918751596e-10,1.180513657837372e-10,3.0146413817523626e-10,2.5877180811386217e-10,32.3703928968498,2.597742072899774e-10
N20003250,517.0,0.6625460542449728,22.97068241490655,9.806872391413645,58.50492762094057,5.403438598485738e-10,3.839965022233029e-11,8.545304450184626e-11,2.71624120473139e-10,2.3067562234889516e-10,8.05497151693461,3.9316317798766697e-10
N20003251,236.0,2.3560421141988352,13.253813101674828,4.128009938495939,30.51870899214142,1.1003133669150328e-09,1.2543510202645692e-10,8.691677097188158e-10,3.281565207230922e-10,4.593369834569045e-10,49.74342584914651,1.4600699896587515e-09
N20003252,421.0,2.42154172168863,34.35748794137973,8.187513071972012,45.84119117227904,1.0765698149779193e-09,2.439123148445792e-10,3.852830508477228e-10,4.411705389532068e-10,4.137396425087489e-10,9.192266089430182,6.897437240536371e-10
N20003253,472.0,1.0633820819847128,14.451137380039697,4.580187088208645,68.96005211180861,4.0737144939596134e-10,5.739283221432066e-11,1.9322150494989926e-10,2.105874466709861e-10,2.366290475878085e-10,10.945241336422963,4.301829883972069e-10
N20003254,391.0,0.6082390002477639,45.440418874462914,3.799422200004378,44.07112658793606,9.873403057684219e-10,7.117942707452747e-11,3.5304696800784373e-10,2.834042257783199e-10,2.558428258616375e-10,6.080793334980869,4.172089345907531e-10
N20003255,459.0,2.416493941713972,12.715310312270567,16.45889619821547,47.414356049573094,5.049728843649013e-10,9.567467055345811e-11,1.4691211117836994e-10,2.043056947695256e-10,2.1358478751739972e-10,20.99494349666326,3.9817837820244325e-10
N20003256,468.0,1.4506647077327124,5.3132310472308255,7.804837741079518,73.16294927635978,1.6991525384315613e-09,1.4287980158713128e-10,5.11102576314415e-09,3.181859649198662e-10,5.201189603117977e-10,12.268317218531418,1.2743865212581644e-09
N20003257,711.0,5.250997404050763,33.55935019460282,14.373806247860779,32.18735806411704,2.502676213059885,5.667857484094696e-10,4.584826243696216e-10,4.94995095513178e-10,4.4780843805256393e-10,8.245083778741924e-10,12.125811873516117
N20003258,394.0,1.8653865266212453,53.82213651435595,2.115301657561328,30.323840102042755,0.8925556227460311,9.908105760382125e-11,5.206920705786737e-10,1.522713010938727e-10,1.9390159501412092e-10,9.958509261686684e-11,10.980779575607164
N20003259,541.0,4.9674193563661895,24.431561451746582,4.311746789738913,40.494605584781716,3.6426023199478546,2.1100765376758945e-10,1.694210721494656e-09,4.987754563623161e-10,3.4549555489645394e-10,3.463497406970472e-10,22.152064494322904
N20003260,594.0,1.2055965160414654,81.76481268760972,1.257600578696145,6.945559629941138,0.43727441968905445,5.845366692403696e-11,3.867508006827872e-10,9.613527995899019e-11,1.0186126600704364e-10,1.0255903945716395e-11,8.389156167369013
N20003261,689.0,5.350922302274279,49.923943508554295,24.9922963577457,14.679086882859654,0.35981523329761045,6.053510109790849e-10,2.6200424219310183e-10,5.530707670594217e-10,4.059728455277262e-10,4.121510628877106e-10,4.693935713029881
N20003262,585.0,5.68248791433882,29.580562676832162,17.049613117084338,20.13727830989734,2.0639036056743496,5.941460792941491e-10,6.752302044311094e-10,2.8866242234891003e-10,3.700839944565913e-10,4.789955943105658e-10,25.486154373765864
N20003263,513.0,2.602802900611836,24.30578672424735,1.5356251987514886,18.010738405622938,1.5836993181081944,8.59580460582759e-10,3.648519849204628e-10,2.2319813723354136e-10,3.3819245264439654e-10,8.300566635958286e-10,51.96134745004232
N20003264,508.0,5.8013261409758945,17.38155731667458,12.124559079739704,40.94776706805127,3.3031619377814367,2.7738765769729593e-10,1.4267027533788716e-09,4.140616609031019e-10,5.039791761522895e-10,8.905915033921438e-10,20.441628453264393
N20003265,474.0,5.320025628811794,35.94563205821517,4.383432676706859,38.974872403446426,0.7104472275339848,4.1557895481705383e-10,2.4247205292803447e-10,1.8443385023049123e-10,2.5201714038476834e-10,4.526228520353934e-10,14.665590003738629
N20003266,618.0,6.0873887829186835,20.71738265463472,15.872056094013093,36.19425804711405,2.872218339819565,6.332531071301728e-10,7.884963917820308e-10,4.1468085182615436e-10,3.7746480528919233e-10,6.52938564277728e-10,18.256696078633055
N20003267,408.0,3.7257494256490173,26.10066981610123,6.087460826283565,19.58836230955649,0.9364718387366476,8.36894481562446e-10,2.63002327867751e-10,2.6838816216557023e-10,2.680200775777814e-10,1.4899592022892453e-10,43.56128578188775
N20003268,570.0,7.741314498649963,5.40607038679976,19.777521950791588,30.980844257587826,15.06189643570613,4.591960912111785e-10,3.5030644485337106e-09,4.11141240517471e-10,5.122392299436851e-10,6.942708861075133e-10,21.03235246488482
N20003269,490.0,4.687238117219071,29.623429396160322,6.188705440655151,39.812556665345404,2.1523597003046095,7.383891631224029e-10,4.871830950624239e-10,2.623713805196123e-10,3.438222758571956e-10,6.079985184783407e-10,17.53571067787569
N20003270,520.0,2.693148342224036,5.183942742057284,19.491739994138786,39.00220939669094,6.899928408196764,6.14902255862222e-10,7.984666866112887e-10,7.323726270703842e-10,4.633297096119566e-10,1.4460831330619769e-09,26.729031112637035
N20003271,409.0,6.48300635661809,20.70339061095726,6.0134009599048515,51.27015553524071,2.949252989380284,4.192189059878441e-10,5.274358767981929e-10,3.5586049950465587e-10,3.399531000223764e-10,1.1699799156424576e-09,12.58079354508636
N20003272,615.0,4.494302962746909,8.140939028408777,15.27654168068913,41.91349939429184,2.5413603260195523,1.7438399980591797e-10,4.939887514928029e-10,2.863397078265594e-10,3.5785124530119184e-10,9.96122278933409e-10,27.633356605535102
N20003273,585.0,2.281330164596984,9.391006545595689,7.228369437669347,29.798537767491823,7.959658052748877,3.876455006595831e-10,1.8421704679650737e-09,7.263257074074815e-10,4.789673076701813e-10,3.670921590209366e-09,43.34109802479125
N20003274,700.0,4.467316878190046,11.72652179024402,20.258662626541533,36.430107470256374,6.125703531675051,5.341973104201448e-10,7.037097182995813e-10,4.989053730436271e-10,3.747873279599004e-10,3.126384962995026e-10,20.991687700668738
N20003275,479.0,7.614637923094496,9.614845535925943,12.504172256286978,42.55795949300193,3.1410581918410974,5.688121644164991e-10,9.768165247230007e-10,5.552295506656366e-10,4.874519886210907e-10,1.0840501918550588e-09,24.56732659617722
N20003276,662.0,2.391174467294831,61.4960550147302,7.857470149837977,21.3337658317041,0.6494697893599805,2.2089801955804627e-10,5.16186374613031e-10,3.902553504525796e-10,3.177086048173726e-10,2.8695479098747205e-10,6.272064745340907
N20003277,441.0,7.254127582710344,12.366773493856154,14.273175690111579,16.094345106740036,17.81163550565616,6.749071894930541e-10,1.6317389861989329e-09,6.27787291509634e-10,5.680746367445557e-10,2.158180177165988e-09,32.19994261526505
N20003278,507.0,7.423646009772051,3.6957723095165087,13.261151101613574,35.375183149750754,4.969047865498771,1.1075571511808706e-09,6.0576303199125865e-09,5.682554298583154e-10,5.327971240353636e-10,1.2552969344637275e-09,35.27519955432679
N20003279,356.0,4.6798985213688304,19.839447877519877,16.863030804461935,29.087540081336826,4.413251094576869,6.558511539083158e-10,9.171255982049466e-10,5.766207163210411e-10,4.811301960457367e-10,8.528041284521468e-10,25.116831617252117
N20003280,509.0,1.8979738680589842,74.12919860753084,4.293743297409455,18.218777193080722,0.20329742442490617,6.382455305966408e-11,1.232926806576774e-10,1.4705573012057635e-10,1.4612934714427013e-10,1.1059975307506272e-10,1.2570096089041893
N20003281,601.0,6.451217240201839,24.105971969198436,26.09655436741977,15.43558464090015,1.2636633762595841,5.914580780716854e-10,1.496204934162696e-09,5.89267475643284e-10,5.489078069422006e-10,4.839324629394877e-10,26.64700840231045
N20003282,746.0,6.465556727431326,54.588956031493616,6.085861427768293,23.956746433534285,0.7134968337685864,3.8056001707453635e-10,5.151025312483911e-10,3.9750213835591907e-10,3.382803853042712e-10,6.164281627863885e-10,8.18938254375604
N20003283,616.0,4.838324503797688,60.152650426950316,9.455789151802346,13.808216251080474,1.0681445972986587,5.115866000190948e-10,3.265963683685624e-10,3.8969877865374525e-10,3.2939115085909023e-10,2.4665111506589127e-10,10.676875067266577
N20003284,567.0,5.582525909710755,63.88009052141758,4.413103050685092,13.683486409479839,0.69144239384242,3.7741210248981875e-10,3.417883544115541e-10,2.2176053999523169e-10,2.567835828121277e-10,3.232796549055902e-10,11.749351713343284
N20003285,433.0,17.203443892855038,13.650919692483981,36.762153807946014,9.040324137447257,1.9999189024301915,2.3487032885713895e-09,3.9616084946335186e-10,5.411512595512783e-10,5.235165778424066e-10,1.0600462084745389e-09,21.34323956196793
N20003286,474.0,19.260836197536264,5.969655221510697,28.970973367932395,3.9512030093746224,1.4960005836700678,1.239754747084194e-09,7.69421124928523e-10,3.365905803566785e-10,4.329063326128562e-10,2.636817864437796e-10,40.3513316169336
N20003287,538.0,16.20400669103023,3.2087911636790936,29.966392779038507,3.843165992333638,2.229454129377234,1.7201993312034682e-09,6.406958198038205e-10,4.483615952727087e-10,3.9468028966413187e-10,2.42893756844781e-10,44.54818924109446
N20003288,678.0,20.5720070074761,23.76196145188168,26.009289297700516,15.59034051838526,1.2901278498998643,1.3702844457766481e-09,8.345915356051694e-10,6.396153121243847e-10,6.412972807379168e-10,5.478118585182333e-10,12.776273870622983
N20003289,563.0,7.992052488550612,41.47281243868443,26.33885879153388,16.150580150823014,1.4904407081850422,4.957785822001566e-10,4.962204683256e-10,4.1695669831876296e-10,3.9194915105994113e-10,3.3060875242644564e-10,6.555255420091491
N20003290,684.0,9.281593030857993,45.04214610939543,15.283824173646126,25.37875791582239,0.7465100859536329,2.5219182235391027e-10,5.255897742224839e-10,3.2764513516532853e-10,3.591985917130826e-10,7.409979751190753e-10,4.267168682118816
N20003291,617.0,10.541098076395468,33.68526007789527,20.76906122247363,30.51320466102554,1.194684452315876,7.662107995507268e-10,3.6152821278357203e-10,4.2952749145242617e-10,4.2961114025496187e-10,6.798861395886299e-10,3.2966915072274525
N20003292,755.0,23.757058530498178,22.473363310887507,39.7259188312889,6.191267533523667,0.8806197179648294,9.645777108134148e-10,1.463839149649309e-10,4.0690419334007804e-10,3.511202624317879e-10,1.9500671123569002e-10,6.971772073772926
N20003293,811.0,15.129271263227718,21.877742697844198,36.113465837265196,16.682308411928464,1.0917390790733066,1.589281145994003e-09,3.2689914812053917e-10,5.893589675637116e-10,5.35514396899127e-10,7.333911240607713e-10,9.105472706886703
N20003294,503.0,9.085036536279237,34.623720128931225,12.516841459091852,32.36703921251461,1.338045616817259,5.62613860562398e-10,2.850357886354798e-10,3.670544153368235e-10,3.686058431054945e-10,4.764115311026196e-10,10.06931704430611
N20003295,578.0,2.1964493892992945,46.725290995992204,9.245068192237916,29.8013092690055,1.779059529221753,2.6817510495538566e-10,1.0461191029122482e-09,3.841860420358594e-10,3.464120746369517e-10,5.325384052182982e-10,10.252822621665905
N20003296,416.0,9.088660501956197,55.84504264041917,13.492056667631013,14.477569683393016,0.872267049381775,5.740580125086659e-10,2.2416456239662053e-10,2.87679130329252e-10,2.921180470013343e-10,7.916320585060264e-11,6.224403455761651
N20003297,639.0,15.997290664703264,10.918463521120472,24.567916655908036,10.824884525897259,1.399952561828124,9.579317831276945e-10,9.794937040342265e-10,3.530349656673946e-10,4.4771001654037746e-10,5.960568602665607e-10,36.29149206720861
N20003298,485.0,27.97205961270805,5.433815430372392,42.954857751975034,4.977167999085532,0.9049077743791557,1.0687408141498812e-09,2.181156065618448e-10,2.5215468968120615e-10,3.5449183046077886e-10,1.019995125889645e-09,17.75719142856634
N20003299,652.0,3.0493076629341296,14.08616748510784,3.8317521638045324,56.35777854454067,0.46326705454078954,1.7609054846759976e-10,1.9344151871794335e-09,1.7498095049475672e-10,2.666853766918167e-10,5.698399181653033e-10,22.211727085950038
N20003300,702.0,20.75039371812396,7.71101725228453,44.40175312751621,3.32285762161474,1.1193365165678635,1.493089658104311e-09,2.635796538049745e-10,4.992942006858586e-10,4.198648879772821e-10,7.66781797416972e-10,22.69464176045009
N20003301,583.0,11.001955541192196,8.424905162607246,21.69187792912369,15.800549818521606,2.7319608659215926,1.972168635975355e-09,3.459814690077346e-10,4.3207527511184006e-10,3.825409546029347e-10,1.5697803257258312e-09,40.348750677931136
N20003302,635.0,3.6140264617982623,43.33984284511238,5.809622355545606,35.37453409440789,0.2907772856056856,3.2204481381217624e-10,1.9760881878763952e-10,2.768760729759444e-10,2.7137636253118815e-10,1.47360286696451e-09,11.571196954988668
N20003303,420.0,7.254784158031686,26.026196799374286,5.219649356883974,39.19852599495131,0.3028722447763559,2.2815839974507033e-09,3.602631684330285e-10,1.9272704228652229e-10,2.722875163578409e-10,2.1529439146084188e-10,21.997971442660216
N20003304,866.0,9.218639502344438,23.81799971363434,10.173599805679448,37.315885709170345,0.6368137464737941,1.3895779940823338e-09,5.033824915038033e-10,3.3688759447122164e-10,3.518700150070287e-10,2.1202532699055353e-10,18.837061519903898
N20003305,325.0,14.307839263170962,8.087596182288879,30.93738061187306,14.64493364224909,0.7580514385551802,1.910209001847524e-09,3.508313409765002e-10,4.525628588359825e-10,3.657805321831107e-10,3.9125900449426887e-10,31.264198858392184
N20003306,439.0,21.95140429946313,10.213120135906903,32.238980714752486,6.062290936796401,3.3080345840921668,5.021075804421453e-09,3.9808054912150416e-10,5.511012119389318e-10,4.815213493169035e-10,1.0657569534791152e-09,26.226169321471364
N20003307,378.0,18.060356785482707,4.10114204943702,36.641258351049295,6.929475625618105,4.022462462621799,3.1770684548464016e-09,5.581552714133939e-10,7.905005540294881e-10,5.615139503567938e-10,1.4164451200976164e-09,30.245304719287397
N20003308,509.0,12.775714969007861,35.163033940125175,13.672751563298954,7.564158284377092,3.0766211299037205,1.650252646575285e-09,1.1832091973345658e-09,3.901975434514788e-10,3.934817228727422e-10,1.1023178967977166e-10,27.747720109559797
N20003309,532.0,9.580073962410959,60.24629975438908,9.036602494915048,12.019239468551932,1.3194843039931319,7.122807406185986e-10,5.619585590480567e-10,3.858595050605354e-10,3.423320268915282e-10,3.9542116770863697e-10,7.798300013342013
N20003310,578.0,11.228285023544199,26.297501265928645,15.899857495930592,28.17065959580947,0.7877757817184645,4.418913428056858e-10,8.528212451886473e-10,5.550071450148121e-10,4.4620709810497565e-10,4.261471594210037e-10,17.615920834346554
N20003311,627.0,17.357917870106817,5.225541367382889,13.241640018252546,5.541284115542608,47.071998012726795,1.5880078221739373e-09,5.096732693234179e-10,3.8223018298332553e-10,4.2446054919712885e-10,9.313085708934793e-10,11.561618612152664
N20003312,392.0,26.40760868211947,2.232663048255743,30.372207760212934,9.511577160091225,15.080421068157754,1.4450573844351376e-09,3.1059653831207275e-10,5.580498892336501e-10,4.419870379311412e-10,6.233265831886928e-10,16.39552227778384
N20003313,579.0,19.989687805138594,20.538708191327608,15.554504470176864,17.314633447011595,19.485851057760247,9.865594469887141e-10,4.614214816248207e-10,6.173686675259088e-10,5.227838910872906e-10,6.67115033787331e-10,7.116615025329838
N20003314,419.0,37.14275900555201,1.4234047408787052,15.120750669663218,15.002429002755083,13.143309338545276,7.422347529105341e-10,6.423027551563484e-10,2.6928158987771373e-10,3.1337195762989404e-10,1.85897824002893e-10,18.167347240452617
N20003315,686.0,16.55110455693954,38.67606897881365,7.989094938719705,20.484039451492816,9.060370920796522,7.285984349011379e-10,4.71524015000267e-10,2.4539555828342996e-10,3.3533143023669244e-10,2.6553852638813484e-10,7.239321151191359
N20003316,353.0,36.39463481096398,4.825210294298928,30.28774323857374,6.048596571749169,10.000383451248553,2.3004114881410383e-09,4.6079504915781586e-10,5.529092443532833e-10,5.374701112132953e-10,4.638899390964713e-10,12.443431628850167
N20003317,855.0,25.125258176982307,14.434326187014,12.06545436071294,22.915828163692137,15.803958008256428,1.0951024318251702e-09,5.072456171573126e-10,5.062139029996659e-10,4.650250304164583e-10,4.895363489795354e-10,9.655175100279077
N20003318,657.0,16.370510544445334,39.43407307858451,7.356613582830468,23.41063426539785,5.793112379705805,1.051171460661069e-09,2.1226292745557633e-10,3.554611152587217e-10,3.508626366168519e-10,3.439337392344735e-10,7.635056146722335
N20003319,997.0,9.343621641643447,42.238029612418735,3.2885877732244135,36.41195616163463,6.636537820426766,2.1345563596153152e-10,3.1845513422382546e-10,2.356663518099485e-10,2.643408441726737e-10,2.5199843836043687e-10,2.0812669893680975
N20003320,453.0,22.036195788691593,22.390012021399126,14.819188576255266,19.722221472679806,14.22372851303473,9.606588366869784e-10,4.320577110117547e-10,5.659574678800446e-10,5.026851309135815e-10,8.928263184932845e-10,6.808653624585287
N20003321,730.0,15.11541245768605,12.918565114072935,8.964687344852395,39.18082066331013,12.272273889857129,4.980008069773861e-10,6.098361384458002e-10,4.516858533682498e-10,4.767522066526046e-10,1.1144679848640272e-09,11.548240527070623
N20003322,482.0,23.52429146393847,26.767006804405636,12.84830008331244,24.884986599132194,9.30024801686386,9.093826484680289e-10,4.3204806873466917e-10,3.742805723797057e-10,4.48073971452099e-10,3.996298138581567e-10,2.675167029784008
N20003323,486.0,21.968253390641994,23.700558885649023,25.730187592993143,15.772557065553091,9.378009280709783,1.00189507938228e-09,4.364187162007866e-10,6.12876802043299e-10,5.403399279531655e-10,7.549212423338222e-10,3.450433781106526
N20003324,848.0,13.865244465091445,30.736619055702896,7.937102760133431,27.503928643396215,14.183882155237933,4.663702410685053e-10,2.922831131920605e-10,3.67371510492048e-10,3.417863710520786e-10,4.716485102110323e-10,5.773222918498617
N20003325,440.0,12.163612882896592,51.029470246438024,11.936003962736345,21.031893953144348,2.8504572082789523,2.989277096823217e-10,1.658573791780206e-10,2.519979792031253e-10,2.668832763131588e-10,3.7760893709656253e-10,0.9885617451444723
N20003326,586.0,13.152455556427938,51.855828673667446,3.87686596795329,21.575883572905028,5.787924289123374,2.8590347739114127e-10,3.08695817726927e-10,2.4659815007441967e-10,2.4333543582381817e-10,1.0725460868614333e-10,3.75104193873115
N20003327,692.0,14.471007217872451,48.48257947667919,9.417348429121768,23.03680647596375,2.525359725613159,4.4608393538741286e-10,1.8701215991782828e-10,3.564825173641684e-10,3.512669966656762e-10,5.575885551474624e-10,2.0668986728512415
N20003328,779.0,16.05826905095525,21.022708291406385,16.742559566445593,26.90044778813259,11.908218531870004,8.204690697697622e-10,5.906633832339307e-10,5.363833684420192e-10,5.154328579464287e-10,8.420462415177003e-10,7.367796767885186
N20003329,558.0,19.830987556855373,22.612743145286863,9.346951665282104,24.880606273323743,6.320586642906684,1.3508542076812232e-09,2.464107125718776e-10,3.2928470423102813e-10,3.616569516688362e-10,3.241214884053845e-10,17.00812471373293
N20003330,586.0,29.46249687507068,23.087692488238694,13.194266116930766,14.385184647318589,12.497978537565626,1.4049120663550598e-09,6.754496723482871e-10,5.163164141197559e-10,4.893368504104135e-10,6.255533737570189e-10,7.372381331164088
N20003331,632.0,21.06767888800912,21.448910281774996,17.036862783732015,32.78933606629979,3.008504477308059,6.385302320259476e-10,3.191548863804244e-10,4.3731104133224504e-10,4.366324448577029e-10,6.137056899522696e-10,4.648707500430669
N20003332,528.0,5.1306819185653145,45.95163363517618,4.370264811990597,37.80519701245883,4.739482129389694,2.2920231286228325e-10,1.3874444273245804e-10,1.6066386860984403e-10,1.982739267706248e-10,2.5559044833629327e-10,2.0027404914369047
N20003333,501.0,8.817468681841353,38.44049876001067,24.122754478560744,19.160920889668915,4.33875401838738,1.0197903019242665e-09,2.2171426433925873e-10,5.10146228747379e-10,4.2407624236765354e-10,9.708624692766729e-10,5.119603168384354
N20003334,466.0,11.097125842919429,21.733153632493828,5.692714078856758,40.21045902148861,3.8373083459251425,4.828157879039384e-10,7.465970545488054e-10,4.4344179012082755e-10,3.6530885024037827e-10,1.3213396215535782e-10,17.42923907614594
N20003335,824.0,14.244550144023352,30.55739184812535,9.051187111586879,31.349198463934464,6.2555272537454885,4.128339767512e-10,2.659666123585757e-10,3.0362159991601374e-10,3.053483381405798e-10,3.373158701785633e-10,8.542145176959394
N20003336,798.0,5.249742925968615,52.8648415025203,2.1910047380700104,32.146515812843596,2.8073171777589088,1.1444376129678386e-10,6.775560316767445e-10,2.438242335136843e-10,2.6437206479505337e-10,3.0158032135862434e-10,4.7405778412367825
N20003337,666.0,14.287820594644765,21.357398425214065,25.802259832417363,24.604259974688038,8.371757643055572,3.611503666616673e-10,7.688797232921764e-10,4.18284762006217e-10,4.86437341778664e-10,6.963667706888511e-10,5.576503527249092
N20003338,723.0,9.933035285300017,28.52039906551363,5.707950511560581,32.60107396132332,13.438846819839394,4.834861165014024e-10,1.051129532601214e-09,2.886828528231277e-10,3.854192258920633e-10,6.73108248496982e-10,9.798694353581224
N20003339,341.0,10.616219066384891,53.10020593598475,2.3052440882068996,17.685953732431745,9.318543802153362,1.1916190293853036e-09,1.4649603983233137e-10,3.745035168569986e-10,3.075979870796991e-10,6.911091026656012e-10,6.973833372127035
N20003340,475.0,7.838072758996613,14.058300962378159,5.754206088498706,19.040713610966137,36.133240657615666,5.242406821467747e-10,2.2852456021489015e-09,4.2002502802997097e-10,3.6645612838850997e-10,1.9923316684921262e-10,17.175465917749523
N20003341,679.0,5.2492127897358385,58.57147661169897,3.537727476475743,26.76053714729207,2.3877023389233707,5.846059082025828e-10,1.6621107664094055e-10,2.332477698659386e-10,2.2027692403062775e-10,2.8181794748365287e-10,3.493343634387861
N20003342,703.0,6.702598337765468,50.29624362233819,3.286922710411602,29.014477235653214,2.658796433784636,3.256845122754357e-10,2.790055602708196e-10,2.0025363957418442e-10,2.269613531606661e-10,1.5955957992262336e-10,8.040961658855446
N20003343,626.0,9.788806144125772,61.1236944637287,4.852696833247437,18.801429415028196,1.0429084443950074,3.607997448762298e-10,7.876225783796415e-11,3.0389426654171597e-10,2.2150068138964248e-10,1.9405842699654027e-10,4.390464698315895
N20003344,459.0,2.771966616825114,46.9402981147056,5.398389134745293,27.923499576196775,10.150235833891594,4.4568841696488985e-10,3.2792261623736155e-10,4.505274772966403e-10,3.6118080880834854e-10,3.857062323783045e-10,6.815610721664591
N20003345,401.0,2.399147322560756,54.95251929569166,2.405344770704261,31.725618122246058,2.7250338297042287,2.0496237564835915e-10,3.352851989238191e-10,3.221985811134374e-10,2.7060737821825567e-10,3.2925791816728157e-10,5.792336657630734
N20003346,357.0,3.0771980889841255,53.6423318551268,1.1618517862549103,20.529644307919224,9.74553357203106,4.49203257945534e-10,5.239888777235415e-10,2.891071587283518e-10,3.724802732392981e-10,8.560536257399392e-10,11.84344038719305
N20003347,518.0,47.76748261945957,4.348139706446418,25.562624940523698,9.328210044824605,4.185872133528539,5.759078731102335,4.2647940267871287e-10,3.4151307127147294e-10,3.4492412435025284e-10,0.41462070693562253,2.6339711160663053
N20003348,317.0,36.496819820607726,3.71743639309471,17.627808549592572,20.984000161339818,12.95790650726614,2.6256132561850705,1.5380966955171973e-09,3.2439642232910146e-10,3.4959014118657227e-10,0.3344852194361024,5.255930090265789
N20003349,758.0,20.998297443006066,2.8434883821125068,33.46793761919318,11.005575875796463,17.76622135595628,5.244564964337917,3.28316967594567e-09,3.8986744222541574e-10,5.347878007116845e-10,0.6113368219560854,8.062577533433686
N20003350,598.0,26.387601543754535,4.212437735685561,32.14709984018172,14.967110097536166,6.451815981602382,7.61717411207699,4.338243705410126e-10,5.329324479849909e-10,4.843176095150138e-10,3.3904080397729954,4.826352647938562
N20003351,351.0,10.968014628180287,0.25620930516786183,23.722804722127037,15.263641400569774,29.837533775640786,7.6221227981512,2.488625319350157e-09,5.499204241765456e-10,4.6485096846333063e-10,1.7727794928241873,10.556893873835467
N20003352,547.0,22.410454089648777,11.673831316893187,39.56433492675928,13.471272965483633,4.7659556875485185,5.173447920971397,2.5700499703148084e-10,4.406011604218617e-10,4.3035923000926916e-10,1.532097828844943,1.4086052627223047
N20003353,480.0,20.561532002848487,2.336676884853727,27.706881780131532,22.162564747204925,7.9921659843665225,13.579410183887347,5.182594744896393e-10,3.647679644512246e-10,4.588499755942162e-10,1.8542787864524675,3.806489628913105
N20003354,428.0,13.310185438601266,0.799915868966335,48.77808098607529,12.625987163057692,12.650641184145805,5.977669385055903,4.3003693078121746e-10,4.785988995217483e-10,3.9155935470215766e-10,2.870223125388102,2.9872968474094073
N20003355,656.0,26.84858106206032,2.1788102794261706,25.939352152336483,32.3927195694531,6.385186086183177,1.3987398460623879,7.470694687086243e-10,3.161593384054428e-10,3.866403789498498e-10,1.9347467608565039,2.921864242172004
N20003356,535.0,40.10053712926299,4.124557132239924,8.131084209782463,12.058291163938115,14.151201375242096,6.752039528696548,6.30276120634655e-09,8.878231921862143e-10,5.95340113125764e-10,3.9769040090876997,10.705385443964236
N20003357,536.0,21.80960760223369,19.568156430494234,25.357380356558867,26.133492223540888,3.4025887003570516,1.790982234458062,3.2861513941437506e-10,3.7505236272393784e-10,3.775173149810609e-10,0.32708055468510366,1.6107118965909157
N20003358,676.0,38.925523231523655,1.5206495964048783,29.29161210458686,10.739866400273613,9.213608164428186,4.21585742069624,1.0095220449083533e-09,4.759622744704109e-10,4.249876867598276e-10,1.2766654566276185,4.816217623548469
N20003359,601.0,22.251292680880923,2.1774820682746796,56.514389376642086,7.8942331000933175,2.820843130036668,5.270707703997507,2.793434245005155e-10,3.883586300322457e-10,3.5886420803733577e-10,1.892062691235151,1.1789892478131103
N20003360,383.0,36.7056960264396,3.408834931442658,26.233487090642488,17.856263420886098,4.451905054452741,6.172676867574585,1.045790859964771e-09,3.653746279959107e-10,4.0490604331643083e-10,0.20094116312860685,4.9701954436171585
N20003361,443.0,24.43965273556534,4.23989930848178,31.088204116376954,20.445293803627056,6.909377983257739,3.9915829558712894,9.165489409713124e-10,7.10554400825588e-10,5.33598326659257e-10,6.04733039443504,2.8386587002241
N20003362,427.0,48.500658583263316,3.8950646796397246,29.153747566399907,8.396607795886062,1.8186279153861888,6.137134806286559,1.2885240431385506e-10,3.690369662084245e-10,2.9211229862423465e-10,1.182273716379779,0.9158849359684539
N20003363,425.0,53.46422541846542,5.321203200621299,16.77845296909106,9.259631040233987,6.68192853785865,4.684841614136579,5.00692944605998e-10,3.828869724694165e-10,3.4288018415933227e-10,0.43158183352338164,3.3781353848431594
N20003364,398.0,17.488895815297724,16.842818098846834,37.52835721673017,12.085914249085453,2.235330822215249,6.915954451260453,2.4338378991452455e-10,3.6672007369917574e-10,4.0957618876404744e-10,3.0208356346583773,3.8818937108860494
N20003365,532.0,26.601408481954902,5.621499230115516,34.987297914593086,14.613911265497034,10.743509222140773,4.963167880911664,3.166107441087821e-10,3.8197731771441943e-10,3.682981938010606e-10,1.0311057816868403,1.4381002220332775
N20003366,581.0,52.19170827531999,6.259133947730828,22.842107890681753,4.204990775054127,4.39933023689836,6.511675585856108,3.8807534882742204e-10,2.9740881363681773e-10,2.727290103146558e-10,0.27938632055818263,3.3116669669424197
N20003367,301.0,20.319728641021197,4.472209757532358,22.94110304790041,35.340403421791,6.473280863361324,5.664977058857394,3.0066944009759123e-10,4.4871532525627114e-10,3.551641108199779e-10,1.9387509512982763,2.849546257133493
N20003368,421.0,23.89777837036369,11.469194573116203,18.33589935496732,21.81960991383198,2.378471196801552,8.788444002314169,7.040729428646461e-10,3.7971171754221214e-10,4.80039025811455e-10,3.377146319091324,9.933456267949941
N20003369,555.0,32.255799056244854,4.6424814893018675,26.312966668154374,11.981600132939022,1.1781787135439292,13.279462529014237,2.930164166067766e-10,3.6012453299463536e-10,4.3915715397294547e-10,3.385319039846344,6.964192369863071
N20003370,680.0,31.19659506778982,1.6627127212324055,33.575670056074316,10.29166483841529,11.33620783261998,8.062751688393258,4.379435542421887e-10,3.704729670783542e-10,3.9011475252123697e-10,1.1172355779754684,2.7571622163009417
N20003371,673.0,24.23115952044807,6.168472624037225,31.252690087322126,12.644809109905946,12.105918605924474,8.81912371688956,4.404614554292276e-10,4.974316786697039e-10,4.172266510481703e-10,2.190113699235134,2.587712634882345
N20003372,328.0,22.638460987097393,8.528477436129785,4.133264203289236,48.073444932583364,1.5516194885872663,3.2089197256736104,1.3433717485226435e-09,2.547826789866234e-10,3.5168438388027876e-10,6.8194464789364195,5.0463667457530965
N20003373,480.0,30.763812351587745,9.506666642106886,31.645987505504554,17.69270277704414,4.123028180915509,4.161343350046024,6.888642127570315e-10,2.412273976889214e-10,3.248174393370743e-10,0.39167363078606326,1.7147855607541607
N20003374,281.0,16.570295998408866,7.889819321021004,23.310812887837614,34.32387960267436,2.263333703402426,10.507215319860762,1.4057890117375022e-10,4.66166532087062e-10,3.2241910035028036e-10,4.037702033371531,1.0969411324942646
N20003375,391.0,31.518006816110077,4.8522806287897655,10.840148693521682,13.37506935559578,30.1255713734635,3.5909155053029878,3.304510385153488e-09,3.5889204011093177e-10,3.0435562820228925e-10,0.38248040421193097,5.315527219036523
N20003376,316.0,21.537649874948777,3.7454798935282545,14.871816836473142,17.261202898113996,8.24364146772383,27.175387902110288,9.95092024616597e-10,3.538474121223428e-10,4.4771760133877796e-10,2.5712360190506813,4.59358510625437
N20003377,366.0,22.903736235844647,9.048324486608749,30.67823701254922,14.947822252658085,4.397524067689609,4.698154509809991,3.027616562344225e-10,4.0973349786467716e-10,4.3807255525699506e-10,2.629904732637697,10.696296701051434
N20003378,467.0,37.00043233673455,13.437268690170947,10.220961250616453,15.239637735063372,5.55557849231462,9.070887963044992,1.078060651039292e-09,4.4638030367179395e-10,5.366438531921134e-10,3.7784301848733373,5.696803345120642
N20003379,416.0,24.556389316516096,22.9775789761009,8.599674031328629,27.677030362924825,1.245443221109241,11.680381967597043,4.685247925551706e-10,3.0334883567175965e-10,3.770029001355684e-10,1.5672590518506686,1.6962430714237333
N20003380,564.0,19.600563844395975,19.883732481268854,6.487641383937619,44.392881141143555,1.2042180836329888,4.128728501039778,4.4643105475234013e-10,3.452817992180831e-10,3.503388831970897e-10,1.6334343738797137,2.6688001895594766
N20003381,510.0,24.59269341317409,2.9235545846340734,30.903061056985347,12.949297253349881,13.863637937692427,7.090436232681167,4.6441637648636303e-10,6.28460424647017e-10,4.6227285546090995e-10,2.6695994111614216,5.007720108766449
N20003382,357.0,27.538613514916584,3.7974727176107295,35.10456182032646,15.087050597001713,4.052592869413856,5.366376916500286,1.399544673655842e-09,3.8682421297374155e-10,4.4598468312421377e-10,3.6527988637798567,5.400532698218184
N20003383,466.0,22.739800686445044,13.918614501214737,28.844572400113755,19.645226336643383,5.61520162237632,3.491421567997699,9.163209058505367e-10,4.452400262624649e-10,4.855667002776454e-10,1.6036071397430351,4.141555743618902
N20003384,528.0,8.35855220830351,22.871732907576504,11.5762201425033,47.20775536655419,4.31219150929152,2.910595868842498,1.5717775164249279e-10,2.9584255442573466e-10,2.7723823421062647e-10,1.5477496859179716,1.2152023102802267
N20003385,454.0,25.7058452995715,17.40796972075994,21.536995764186003,21.489955136892753,5.81542686063109,4.971858300178848,2.8696198412395045e-10,3.332780507627363e-10,3.5651215310881937e-10,1.9068232672140857,1.1651256495890483
N20003386,455.0,24.0683222368639,6.06799858105873,28.734553060424382,19.09209552655258,4.8917361650081235,4.938287157399641,4.75945699979113e-10,3.117290610096676e-10,4.473558350139839e-10,10.261449925471549,1.9455573459860438
N20003387,639.0,28.652698322700704,5.849434115583355,22.986682716260944,22.548458592720248,9.91749622338888,3.5676570722607277,1.4085175613178547e-09,4.720646551388677e-10,4.724504626481581e-10,2.2495741620377716,4.227998792694336
N20003388,581.0,17.67981700770266,25.050693664829648,16.731946823087256,27.714967607223894,2.4337934228708136,6.919732096559736,2.5979476407699984e-10,4.1601057661382557e-10,3.934422511328716e-10,2.015872595987715,1.4531767806690223
N20003389,401.0,26.61657184617926,5.945336449451688,45.09693034139385,9.277895938272465,4.0518945488489395,6.426524925195225,3.062156430684209e-10,4.0096195720536743e-10,3.3317673688376226e-10,1.862590977725208,0.722254971892996
N20003390,422.0,14.309904532158049,14.48597410793443,18.389053590395484,47.25474160009055,2.387016509165905,1.6438327533880133,3.408561205265973e-10,2.0186121824594058e-10,2.9626239429486046e-10,0.4732773283057319,1.0561995777228632
N20003391,590.0,3.5343173771572043,24.691522574519066,8.268594504004664,50.85914740829315,7.188548719279551e-10,2.7891453796010807e-10,9.757910635988486e-10,4.735502512054811e-10,4.746623857258898e-10,12.646418132666806,4.3734759517411085e-10
N20003392,688.0,6.43731810275881,16.380011704166982,18.823804423332334,55.385416086648874,1.5065600881907385e-09,8.617320847077206e-10,9.878944003899062e-10,6.41880897687454e-10,6.825802374993646e-10,2.9734496775150507,8.973195431572426e-10
N20003393,660.0,2.5690810186358295,33.98693047767885,5.961270962857912,54.0818301862131,2.9542950178007415e-10,2.4624082902275915e-10,3.304794752802593e-10,2.751680307482924e-10,2.9123655982282075e-10,3.400887352959399,2.1637798744654651e-10
N20003394,638.0,1.2583653590995294,49.98020848948612,2.730737764351408,41.827201393556926,2.538964268328201e-10,3.3319288837339845e-10,2.480448679869856e-10,2.62864924977377e-10,3.042591338895e-10,4.203486991870983,2.327907374222199e-10
N20003395,695.0,6.106990871144808,21.980276200499038,15.843224666566961,51.730953798606215,8.53803117772294e-10,7.859687235984282e-10,5.324948259387222e-10,5.055838778176999e-10,5.41890100956113e-10,4.33855445939083,5.724175770021752e-10
N20003396,637.0,3.1039528033899684,23.355624650519385,12.686800607608767,51.00205793885297,1.0270990464831492e-09,1.0737801058414296e-09,6.785313608171952e-10,6.482822383627251e-10,6.743229016779318e-10,9.851563994607746,9.191526331997847e-10
N20003397,709.0,3.8418570285569853,18.065449093523704,6.285360193081744,68.10695205033312,5.156447180168094e-10,5.26167443502958e-10,7.25692393656746e-10,5.384620458623053e-10,4.318257226940861e-10,3.7003816310428608,7.237932948654785e-10
N20003398,485.0,1.9153691012341334,19.402032436814608,4.46028023654785,68.15423920621296,8.627526480446365e-10,2.3383824955086605e-10,4.360824965860351e-10,2.527585174484344e-10,3.7106920639992245e-10,6.068079016583209,4.5072862507339044e-10
N20003399,615.0,1.0133484909943746,4.189849177220654,2.519677555912505,64.09010936217715,3.338801593755222e-10,1.4584105384458306e-10,6.053893164335136e-10,2.7882782765949407e-10,2.830516542181174e-10,28.187015411431,6.173234076551868e-10
N20003400,449.0,1.1721849149541683,13.258340331627114,7.150366198565273,52.746077202462,1.8643427057068893e-09,6.275844804081415e-10,1.0199113518254177e-09,7.851474722062216e-10,6.323727593643542e-10,25.673031346424978,1.0371027498454253e-09
N20003401,492.0,3.000227906919729,50.48437897561505,5.944627365822364,32.956608692804586,3.7198235282914817e-10,7.290978441418273e-10,3.562565699913371e-10,3.361757446229298e-10,3.947237794788522e-10,7.614157056269454,3.805784676506725e-10
N20003402,386.0,0.9927476884453702,19.210176488130674,4.181706339409165,43.73074304742997,3.755586115956253e-09,9.563914148361848e-10,1.64443427242295e-09,7.872665504446692e-10,7.009130492538142e-10,31.884626426888662,1.8515547846513798e-09
N20003403,424.0,1.2719377001823575,29.346610653850046,1.2076914074915799,60.43658225516625,5.658214671774869e-11,4.946884660196968e-10,1.4738225909942016e-10,1.597194819497625e-10,1.9924813938480026e-10,7.73717798149048,7.616532024892511e-10
N20003404,316.0,3.002396498852529,37.042540083795465,2.3608451139423834,42.48247600192587,8.600454145292875e-11,8.291664657859758e-10,1.769493189503352e-10,2.568183718881171e-10,2.749145005250031e-10,15.111742299451056,4.0886259375233655e-10
N20003405,577.0,1.4643313870922678,14.325027824108394,9.994795766620987,39.13864155633751,1.3144597215393403e-09,5.45935053584319e-10,3.394116052936466e-10,6.57321474731546e-10,5.130430432435119e-10,35.077203461917144,5.535457243493285e-10
N20003406,412.0,3.8838533099954637,50.232030901036616,3.6857751494539603,38.01066846025334,9.636887033203603e-11,1.3667004562331812e-09,3.4074978532572905e-10,3.3303522477847865e-10,3.4357413777210143e-10,4.187672175994265,7.859199361548765e-10
N20003407,375.0,1.3729839296654718,20.012817434270364,3.1095707610936105,37.00477124539895,2.8385580497034916e-10,1.5491474034023533e-09,4.3027835004883946e-10,4.017869477325168e-10,4.280640646375571e-10,38.499856625739476,7.389886612886653e-10
N20003408,264.0,2.1504890717205356,14.633381367120549,2.004113388058452,39.554845757652856,9.839871103195992e-11,6.236559524292697e-10,2.1750068873487479e-10,2.816608249739106e-10,2.96265443458434e-10,41.65717041321364,7.165005907907506e-10
N20003409,469.0,0.9962516988247478,41.33038218710468,3.4084944234723134,52.159909705727046,4.392331909026123e-10,4.869443137562884e-10,3.0812265195537513e-10,3.2563397904616717e-10,3.062846394190855e-10,2.1049619817561807,1.2487980628019456e-09
N20003410,460.0,1.627818049677247,39.0012257212046,1.361288677454587,49.59393965213927,1.024448595204353e-10,2.807116946128918e-10,1.1131555992051672e-10,2.2545176210666652e-10,1.9928035266173765e-10,8.415727898204434,4.006730338121038e-10
N20003411,815.0,2.6285863601996704,25.788408825096397,4.070223679132088,62.805108670457656,1.7999643230117665e-10,2.2093812827155946e-10,4.702728978079376e-10,2.126632627120824e-10,3.150629007464402e-10,4.707672463129393,5.858626527007883e-10
N20003412,547.0,2.5463780980426303,41.149236564556276,5.714220287496547,45.21853572409374,2.40303710479375e-10,4.4016636284295407e-10,3.198328385171662e-10,2.3843096932258375e-10,3.582901324709621e-10,5.371629323882019,3.3178705136711075e-10
N20003413,516.0,1.5191107317962094,35.24906069630775,1.828396084351514,49.24019082897941,1.9220479120804556e-10,7.928916807934415e-10,2.753057773452423e-10,2.533591794186106e-10,3.06690651364419e-10,12.16324165621872,5.259587939783566e-10
N20003414,764.0,1.94398888666714,27.555876319977013,8.86282833320716,55.0722592240645,1.731360543989546e-10,2.9450113614200933e-10,3.968428476510745e-10,2.828774217551091e-10,3.5618497704451925e-10,6.565047234291088,2.895563752605363e-10
N20003415,225.0,1.8106211720541003,17.630337046353027,1.6541986505412731,68.57392267808619,1.767157254220475e-10,4.0986768389764414e-10,1.4536723355827483e-10,2.429787472781683e-10,2.6111421434912404e-10,10.330920451164241,5.651228313364456e-10
N20003416,586.0,1.0881739131747965,39.223943828968615,1.674483073564241,52.387412715618666,3.7496677880223706e-11,8.182867433719181e-10,5.262976322182949e-10,1.9771551867358023e-10,3.268285391573764e-10,5.625986465746358,1.0206918282513983e-09
N20003417,546.0,1.0504721985313386,39.57255311227618,1.5732903995176752,51.95480309927051,1.1519112436052836e-10,9.062979124388199e-10,1.9884043750880817e-10,2.2374493378923837e-10,2.7464953233936723e-10,5.848881188139254,5.46294478691754e-10
N20003418,509.0,0.8956715089586761,47.70867998370012,2.6059303846423956,43.159342270296,3.4798911758316107e-10,2.3229395894061657e-10,1.2958496213711016e-10,2.2820357997944003e-10,2.6593142784121415e-10,5.63037585090791,2.908973960288143e-10
N20003419,672.0,1.141855059517014,37.14445554834029,0.8387420742161219,55.86676755408719,4.628951981511968e-11,8.990407555986702e-10,1.4170357536167378e-10,1.396853937284927e-10,2.2735420273683267e-10,5.008179761755988,6.293228756919275e-10
N20003420,737.0,2.4565477747923223,43.87021554459441,6.389681824639639,33.85565818294645,1.4507033264316752e-10,4.576236387881379e-10,4.427380575397993e-10,4.1642713325917445e-10,4.067357840459038e-10,13.427896670807748,3.508526162851655e-10
N20003421,695.0,2.055958142149237,27.724312372238007,5.007886643426997,52.185871242940095,7.206281113803656e-10,4.3466591202063513e-10,4.879467836680397e-10,5.085715673417053e-10,4.786780165238998e-10,13.025971596040861,5.743172309201895e-10
N20003422,541.0,2.39899407830644,12.77268220701077,10.727337754589666,50.684868902728354,4.014093578428105e-10,8.398879111544467e-10,4.2247031038786233e-10,5.615239641714483e-10,5.102321440777854e-10,23.4161170542219,4.07336551357419e-10
N20003423,584.0,2.4349689148417655,19.96131397552104,6.544665840872545,52.02716925220575,1.292068544676856e-10,2.1287645513959344e-10,3.296535592294845e-10,2.6769543952702787e-10,3.295152616899827e-10,19.03188201511685,1.7308969773860122e-10
N20003424,476.0,1.8363700175065494,10.895928496774062,7.431645128319289,53.691034425969484,3.414582989607399e-10,2.0642321319052307e-10,8.784096547106943e-10,2.818311313427339e-10,3.6870745472803433e-10,26.145021929061635,2.9215719353673416e-10
N20003425,422.0,1.3644895228588785,52.62766570283105,1.5128390699578431,29.971020342847638,7.084036744593579e-11,5.467982327477048e-10,1.269036773020708e-10,1.9417916976656694e-10,2.409977618638884e-10,14.52398536006566,2.592051468847428e-10
N20003426,432.0,0.6563371072204173,36.70243185604302,0.8767809957754429,51.30550311306823,7.630796025770545e-11,9.560253613734861e-10,2.545214552518522e-10,2.062053187049903e-10,3.016449280982642e-10,10.458946925633295,4.648885410853722e-10
N20003427,318.0,0.7925358043681434,2.9061855580629947,0.7825718435280132,93.47365864477658,4.5132471595289286e-11,1.400218071859563e-10,4.547570635335884e-10,1.6142027478173033e-10,1.459849212817866e-10,2.045048147065891,1.2510472240470754e-09
N20003428,548.0,1.6216167020990273,14.565985094937032,5.656137652164784,58.802668945037205,1.992473487536788e-10,5.93923094669657e-10,5.91294175723289e-10,3.748108949040791e-10,3.9389037251272703e-10,19.35359160276597,8.428242694137847e-10
N20003429,685.0,3.0685840894138083,26.117006819984024,11.794902605674885,38.519010337808766,5.23657276456932e-10,1.033861220118551e-09,6.78816332288265e-10,6.039775768893388e-10,5.80818513378244e-10,20.50049614345165,2.4575610557980786e-10
N20003430,464.0,0.8391293293720178,33.06861167417872,1.2477419845159239,44.55012147275854,8.3178930206076e-11,1.7333682782573755e-10,6.174086880597472e-10,2.8809499398956745e-10,2.798608373378108e-10,20.29439553571186,2.0210534617595925e-09
N20003431,492.0,0.7062208085315855,17.192753850294498,3.802171310375782,49.660461719361706,1.2179725572496462e-10,1.7799897166827915e-10,1.8381613890788957e-09,2.575433861869152e-10,3.662203471857733e-10,28.638392307718885,9.558298358209325e-10
N20003432,278.0,41.896001259795206,1.2405313322626718e-10,17.53822687387846,2.3189598032394202e-10,18.657760915514427,3.146151502589377,6.620077152728469e-10,3.1403419679386635e-10,2.773475195456896e-10,2.113198072699101e-10,18.76185944640188
N20003433,485.0,51.08736970207598,2.6463971420985025e-10,19.241426994153112,5.079421078484955e-10,9.852770412824889,16.388266167137285,5.364628410907733e-10,4.821679585538511e-10,4.179960054626763e-10,8.739110228655582e-10,3.430166720725605
N20003434,364.0,47.413034468846455,5.80645123929744e-10,19.040326132935093,4.974050623680082e-10,10.505527437486514,6.9915568373950565,3.322590484064533e-10,4.627294285963462e-10,3.568018403074331e-10,1.1435062876207594e-10,16.049555120992693
N20003435,392.0,65.93054210141696,4.4503045635362294e-10,10.49641747591702,1.6305764624033565e-10,13.429558271201875,2.1626890342800484,3.144287068364457e-10,1.939716684557616e-10,2.0613543694881026e-10,3.2180716889765865e-11,7.980793115829293
N20003436,633.0,37.56125063519787,6.501040421115622e-10,27.973411448114565,4.3968727731916517e-10,4.775274577713803,13.334360468923348,3.63290540015678e-10,4.440161027338316e-10,3.9272279048936567e-10,1.1396465410205957e-10,16.355702867646617
N20003437,491.0,41.91376993431955,3.232125084867293e-10,19.422172546531215,2.716021094626195e-10,23.531485463517367,6.641394499504765,5.009627345805764e-10,4.5724957756871826e-10,3.1247432021929113e-10,6.577217436842946e-11,8.491177554195843
N20003438,463.0,39.06990088730428,2.9560033804655716e-10,37.421463641350286,1.7503029544089485e-10,5.458764111051365,10.579556710579427,2.989781493926482e-10,4.66206532949946e-10,3.1614169387624997e-10,1.0690550621723882e-10,7.470314648055802
N20003439,326.0,31.194229458493123,2.401576549292794e-10,28.47055733151259,1.8195675026365323e-10,21.742235300577434,13.773070976545625,2.414187694386385e-10,3.987211049887982e-10,3.1415158488447107e-10,5.735520122652088e-10,4.819906930921263
N20003440,513.0,41.240293991992566,1.685831302307123e-09,5.673358692840824,4.0223987020569923e-10,4.2994468719897965,8.06476046890011,4.199323186010608e-10,3.168813306502447e-10,3.3017948873275893e-10,2.941393725541587e-11,40.72213997109222
N20003441,340.0,46.05326619998441,1.675560963891558e-09,17.918844943678707,4.704490407366013e-10,3.399472097211452,10.577196618889767,7.491842088895658e-10,4.284728855070738e-10,4.126035480084622e-10,2.875942080364426e-11,22.051220136470643
N20003442,312.0,8.70358144175086,2.746721731836636e-10,11.092269452623055,1.283458250573926e-09,20.375788727586023,18.9124772524831,3.0294579225557708e-09,1.038223771451601e-09,6.396336673970589e-10,1.632367749222861e-09,40.91588311765915
N20003443,461.0,11.915851064333555,2.829241134271112e-10,15.41187212139069,4.725634466028058e-10,17.498229613440802,4.6763247588922985,3.868670773161043e-10,2.2723287578994307e-10,2.3390612734986893e-10,6.886679220694304e-11,50.4977224402703
N20003444,429.0,14.516819933471108,1.4191146330102865e-09,7.206345275952118,8.094254461451625e-10,4.270614292063665,29.208269414826514,3.97426744155891e-10,2.702320006436486e-10,4.81486623629518e-10,2.3587872014302935e-10,44.79795108007303
N20003445,359.0,28.79032477548221,9.45360639175379e-10,4.9241522526764125,7.327201023119409e-10,5.069833475641332,13.531061154133214,3.863385905662029e-10,5.489966848381416e-10,4.592037865228034e-10,3.9249995868056856e-10,47.68462833860172
N20003446,329.0,44.979369796596146,1.5499528132889302e-09,14.308161883024345,3.636068396136256e-10,11.398215967820134,19.9012702451525,4.2280445535283557e-10,3.558422609489492e-10,3.4871723557104925e-10,1.39635382467322e-10,9.412982104226316
N20003447,347.0,18.935205236227333,2.685713676835338e-10,14.109180883721978,2.909711200067875e-10,19.902950986798842,9.35280383915199,1.177331283540682e-09,3.459421574673896e-10,4.252509568518387e-10,1.310555776213773e-10,37.69985905146073
N20003448,773.0,33.05432774608916,2.8035138444838736e-10,37.08612180072384,4.645770846766704e-10,15.310412548784068,6.169390530049541,3.222660743863836e-10,4.846321654877561e-10,3.728943309549914e-10,2.343282097978207e-10,8.379747372194352
N20003449,240.0,37.243251002300646,6.243913209411095e-10,19.789153238854084,5.00642282059769e-10,11.411260517629659,14.434677584251338,4.648160697923659e-10,3.9722304050502917e-10,3.593008654056143e-10,2.791070322921072e-10,17.12165765433879
N20003450,408.0,31.791246052574213,9.949117605683178e-10,14.038903525987417,6.117272629718394e-10,10.75309317957528,28.87035444646283,4.657921290239406e-10,7.072009229736436e-10,4.943352932493183e-10,4.621938316493265e-10,14.54640279166409
N20003451,377.0,26.637294015859244,2.0954656696586138e-10,37.84999822908281,1.1220107212760872e-10,17.98315239040375,5.462341462677971,4.925579147048908e-10,3.59648126706721e-10,2.5509181067805276e-10,7.347323758389217e-11,12.067213900473737
N20003452,467.0,34.364411822839706,3.12959787853131e-10,23.229651654540046,3.028814815916057e-10,28.311973698517008,8.093967429724348,3.2868616534021045e-10,4.338203607368949e-10,3.2543472549185306e-10,1.0304550177512066e-10,5.999995392572069
N20003453,451.0,22.43104394941053,8.06024043107903e-11,16.77331354112778,4.4820767260711195e-10,39.52634626657707,11.58893146590627,4.631536143164657e-10,4.2730584187374656e-10,3.29739542284591e-10,6.039570743336624e-10,9.680364774625374
N20003454,429.0,36.63560513649007,1.4519092200201327e-10,31.27500550145545,1.6688347949920057e-10,20.374704152345654,2.838372271101178,3.890144021819909e-10,2.1487129629215334e-10,2.2391652641646208e-10,5.215897182586442e-11,8.876312937415609
N20003455,349.0,77.52133374787088,2.2245480445763878e-10,8.949066424661419,6.857170997926321e-10,4.591351907980672,0.8317054093982047,3.1629304649061366e-10,1.4323925428500822e-10,1.8710470051899502e-10,1.0911493054263423e-11,8.106542508523102
N20003456,518.0,50.7711958248748,8.246020309933027e-10,22.624822956304197,1.840963345991911e-09,5.263007589236524,11.639156544984296,6.306665850832006e-10,4.646926039385887e-10,4.836516752049698e-10,3.264039657129e-10,9.701817080029205
N20003457,517.0,42.241133839360586,3.9112141163638976e-10,31.822126895786194,4.2078539066703363e-10,12.666221773785741,6.954586776091595,3.7883663360454787e-10,3.3138298496930266e-10,3.155522834680587e-10,6.306544797807655e-11,6.315930713075134
N20003458,329.0,66.55278724725643,3.49859848034548e-10,23.76567378385186,1.7866944385273763e-10,2.697529011278061,6.019130546107977,1.4644948100663295e-10,2.462742372303681e-10,1.8111737871763899e-10,5.926725842785934e-11,0.9648794103440465
N20003459,368.0,31.453612494165046,5.246589810296115e-10,31.374464436638615,6.419985305483998e-10,17.469854808399752,6.906804646916894,5.375397367822386e-10,6.560274786848893e-10,4.4341980407922516e-10,1.7884113092709492e-10,12.795263610897202
N20003460,440.0,36.84679475369684,1.581446267961849e-10,32.32640901540758,3.2389766968732687e-10,17.80364757953033,6.672234055692976,4.1762932647809997e-10,3.342907417423488e-10,3.241210001999749e-10,8.951247116875908e-11,6.35091459402468
N20003461,338.0,54.41666016534157,3.983200393409633e-10,25.686842495959073,4.6029040691320823e-10,8.65931859230982,7.614423950134752,3.7154733251712986e-10,4.927596716041724e-10,3.520377242979038e-10,1.5924805614009628e-10,3.6227547940205858
N20003462,346.0,43.941873915261034,6.833146370138645e-10,29.874638691467386,5.094560227494715e-10,19.069463126193817,4.547019910229868,1.8164663458611784e-10,2.7695022933499285e-10,3.205499166895008e-10,8.043230013361567e-11,2.5670043547955386
N20003463,742.0,31.662296809692343,5.945548961238403e-10,19.240162200361322,3.767751206799377e-10,20.792458061228817,13.953547197740004,4.819188916214581e-10,5.949645709799612e-10,4.344304102328636e-10,3.686135452005113e-10,14.35153572812626
N20003464,320.0,29.553455374616473,1.332806650434449e-10,39.759135959749806,4.177052901631778e-10,14.660333184548218,4.305887149620639,3.2939380600621836e-10,3.568421642255188e-10,3.215821232017213e-10,2.682163937592428e-10,11.721188329637853
N20003465,569.0,40.46808725448082,2.9047221887893144e-09,13.01640656582638,8.436224403458817e-10,6.324743300977051,26.488689880897002,5.095992747036329e-10,4.2671123981065883e-10,5.073058155723051e-10,3.339897309747477e-10,13.70207299229281
N20003466,559.0,33.35439342942703,3.720373511963644e-10,26.33418269118036,1.4697725180665184e-10,30.242920865341834,4.492703350768678,3.0795469678048004e-10,3.071204602899619e-10,2.9376931933040854e-10,7.909987592680104e-11,5.575799661775147
N20003467,858.0,49.857018246076464,2.269759355909135e-10,29.7338828641815,5.715008553522378e-10,8.907661065171556,4.741177930294377,3.700491585056768e-10,3.491461330761237e-10,2.9366505788016377e-10,1.2364279999307514e-10,6.760259892341111
N20003468,602.0,69.4494090622302,6.748909689047782e-10,11.802150159342435,2.1500897353851193e-10,5.3377976640174785,1.2208719688423086,5.971605586538336e-10,1.7644965341915506e-10,2.3090302763459668e-10,5.983885976496089e-12,12.18977114366719
N20003469,721.0,18.54153663745352,1.8818064366618064e-10,9.910633409046115,2.029390318219482e-09,13.527721604906345,0.7954954916939188,2.1277992119321524e-10,2.157647227904414e-10,1.8651318782328529e-10,2.8868899448692818e-11,57.224612854038604
N20003470,568.0,63.26539618689995,3.655479241812747e-10,22.931336852694734,2.586530726685195e-10,5.45836429986104,3.659967358223727,5.163053056482383e-10,2.588442940105382e-10,2.7310330715264573e-10,4.762532306850895e-11,4.684935300600472
N20003471,693.0,47.02924792189243,8.103566538898174e-10,36.54229509682395,4.34578178138782e-10,5.151276497102677,8.87320663593818,5.000223994130144e-10,4.1777847288955693e-10,3.7884346486724546e-10,1.4665927059929361e-10,2.4039738455545296
N20003472,403.0,42.45048328172615,6.161791034468403e-10,13.630135518121566,2.8008534623241645e-09,9.150520424006677,16.07750917012735,4.1889739612229017e-10,4.928763169146496e-10,4.3864256587181755e-10,1.6447176255250136e-10,18.691351601086335
N20003473,583.0,20.925109401220652,1.8902422739321178e-10,27.027665657335504,7.43026247899318e-10,14.468098422888357,3.547153172010694,6.611255735115636e-10,3.1251704203855236e-10,3.48823923664955e-10,1.3560219405885604e-10,34.03197334415468
N20003474,631.0,30.482074797459685,9.240889809367796e-11,20.70429048867505,7.365296166524731e-10,15.111991956403237,3.234413643899746,4.126775631214345e-10,3.8370811440753384e-10,3.4003057220649857e-10,28.830543006819216,1.6366861047777095
N20003475,588.0,48.279988204420285,2.3006110293101172e-10,22.49835092741655,4.614741371236329e-10,11.909467535048897,3.43407255041625,5.652147690535697e-10,3.2639940747602104e-10,3.636344273192389e-10,13.071642798683945,0.8064779820672947
N20003476,591.0,12.763906742492212,1.8631528022128234e-10,23.44900376245864,4.093905836870158e-10,17.106087186588205,3.0039979415151854,3.12584895341652e-10,4.0997594292887917e-10,3.105586315199434e-10,42.3211379329588,1.3558664323581433
N20003477,520.0,36.97685263318554,2.0293509984737198e-10,29.008566071924214,1.483930765518149e-09,14.940917516876063,2.0537636918356377,3.938801169640524e-10,4.0953106110780194e-10,4.399805609865342e-10,12.088914189878947,4.93098589336935
N20003478,509.0,33.52917253359447,8.259484846938716e-11,15.772683288516456,7.897368640952033e-10,14.228370191734538,3.159918298807522,5.71863701266793e-10,3.4915967880948e-10,3.4892704909180836e-10,29.683268386384153,3.626587298820564
N20003479,383.0,32.035535783657835,2.2954021808767432e-10,13.298161833736225,3.262656782857216e-10,16.07162883284212,5.219117306679969,7.966670506947682e-10,6.470996586212195e-10,4.1422075438194486e-10,29.291122092697623,4.084434147972445
N20003480,509.0,57.423393408831146,2.7342131816452144e-10,13.35248217282623,1.8802219685025028e-10,14.076015180545037,3.5087045995410313,6.301851096124897e-10,3.2294273978499785e-10,3.2079407529366333e-10,9.15667571090684,2.4827289256143357
N20003481,356.0,37.6534862661883,3.9122718195379663e-10,14.9276880923923,1.2659149088886404e-09,18.579570024521182,3.8298294070924763,5.341542413266329e-10,5.622584215602644e-10,4.2298069564377613e-10,22.721538130024268,2.2878880766049505
N20003482,495.0,53.09605842956313,2.5095815436636226e-10,15.80193823510348,1.5647178142227792e-10,26.462507072394658,1.3763656744439752,8.948682573484397e-10,2.434783828500692e-10,2.4054594076479064e-10,2.357427255561944,0.905703331146478
N20003483,433.0,47.41634116852843,3.2805671538973897e-10,19.034422924668227,5.779485918415013e-10,10.89885876687646,2.24776954837581,7.606657534994727e-10,3.601032021506829e-10,3.753753662621181e-10,17.125333936860148,3.277273652288771
N20003484,590.0,40.44049215175753,3.180658212307013e-10,16.819713703147492,3.994318570527001e-10,12.720956246666976,2.268209319225519,2.436588595291636e-10,3.2332572833777096e-10,3.1447296109379075e-10,26.46238841192273,1.2882401656807856
N20003485,331.0,66.51164282945606,1.8473422626129276e-09,9.207314286555917,6.61432502234411e-10,3.153320109578612,4.233322854347037,2.799465904654903e-10,2.648453791750581e-10,3.7388811343874686e-10,6.856181781504544,10.038218135130382
N20003486,449.0,28.87521676177933,1.0741448853086886e-09,19.875147310985643,1.7563303740676907e-09,3.968022633826207,11.616967244860835,1.0209346692788253e-09,4.74362351313293e-10,7.989478743516156e-10,21.781030519050486,13.883615524372766
N20003487,547.0,16.123372162982342,1.779428718966579e-10,11.849095305292575,2.921937193676676e-10,36.546645785787625,4.926536388326147,8.183745693683362e-10,5.165419507071398e-10,3.8090177678604517e-10,25.194221124106893,5.360129231318466
N20003488,687.0,53.4499047928182,9.29715076281367e-10,14.59764143937532,3.727187104523645e-10,20.10673612458427,3.5205298730401458,3.671070542405268e-10,2.7928003960079815e-10,3.2494982737005205e-10,6.172908104253979,2.152279663654309
N20003489,371.0,44.73333526556478,3.02704571262293e-10,15.300649610555578,3.7838169962703255e-10,19.37855598081245,2.5314482919902637,1.0270450286575945e-09,3.3692018767968614e-10,3.739953028072805e-10,12.589202182687789,5.4668086659700865
N20003490,461.0,21.112337691840295,3.9364340864349533e-10,26.893370224286457,5.391122201054402e-10,26.65659855951269,3.6291014092842975,4.869639945214855e-10,4.4437954876100786e-10,4.2381439439957755e-10,18.991231194106376,2.7173609186819694
N20003491,613.0,36.57966770686994,1.2210367737164512e-09,18.318303245691105,3.9511383721155067e-10,24.621784450668258,5.523888705534384,3.463278075250029e-10,3.7137179524685713e-10,3.674182520422373e-10,12.184938747360388,2.771417141174662
N20003492,684.0,22.798951043399327,4.4100009977172137e-10,11.585699071997874,3.195257515446356e-10,19.447945142598904,4.128672511594222,2.916578847893363e-10,3.4847326912652485e-10,2.814730150702028e-10,40.967739010846145,1.0709932178813866
N20003493,598.0,34.49115372982147,1.3335338701610998e-09,17.959850149311237,9.807163600984647e-10,4.083905848668245,12.607371423224341,5.30428635403927e-10,4.5907472894959273e-10,5.560471519693473e-10,23.775624939571657,7.082093905543255
N20003494,508.0,42.01790032913404,2.565739192343725e-10,28.26977221561834,6.881306864146566e-10,14.55720808743462,2.433436276036358,8.078496766114196e-10,5.277499949527584e-10,4.5887379259000596e-10,5.859615047415632,6.862068041621843
N20003495,419.0,17.207363287326217,4.695046398034078e-10,6.954632646541289,1.59439383233943e-09,7.901227412562833,15.054571759134843,4.973419914224494e-10,4.2179364317277416e-10,5.188504892438524e-10,40.09335699938391,12.788847891549013
N20003496,577.0,40.69603740887383,3.20434986902486e-10,18.945881994071815,3.651472205503883e-10,20.490793906976066,3.6108267336855167,4.402968732299571e-10,3.8629495270358523e-10,3.3104480201156553e-10,15.583034288952907,0.6734256655966614
N20003497,398.0,30.356979922527067,3.345743162852416e-10,17.67424315008487,3.1980313150819645e-10,10.051584660045323,4.005815013063508,4.406072198652727e-10,3.98874681066352e-10,3.740447627694261e-10,36.441918225826306,1.4694590265850191
N20003498,350.0,22.700583582209223,1.2779869539153327e-10,15.494468855172682,6.204577032509927e-10,8.655054828700923,2.900002529978971,2.482987527045044e-10,3.5688974914563024e-10,2.808282054884544e-10,45.39911311301425,4.850777089289679
N20003499,322.0,15.449391894520895,1.9500178072885485e-09,19.936640085563887,1.2811296477143112e-09,3.609840622098855,2.7992582878088106,2.750953056581264e-10,4.719493180455446e-10,4.812819835885585e-10,49.31453818652937,8.890330919018712
N20003500,244.0,16.746994980793737,8.731451980093163e-10,6.0852739392065285,2.3116473264110452e-10,12.36300133799377,6.597418963013258,1.7051026672349947e-10,3.83172905708647e-10,2.354465207015889e-10,56.81405070782165,1.393260069277615
N20003501,463.0,27.647204668460002,5.468484260816376e-10,14.175831460281154,6.572195945061037e-10,12.299852536305606,6.641340438461375,7.324900843814971e-10,8.053106339313539e-10,4.4618366740986167e-10,36.048047023449406,3.1877238698544095
N20003502,697.0,47.421296952742416,7.568476035325075e-10,21.994579281479385,4.864484807724331e-10,12.179834707329583,4.3559534841791026,4.6265664759744533e-10,4.6155400138284095e-10,4.2306872329064163e-10,8.86330152536237,5.185034046316568
N20003503,395.0,20.420905563013356,9.75679427939892e-10,13.127702417240231,2.265867835807323e-09,3.772040116266505,5.180712655626536,6.497050052528587e-10,6.335801957324318e-10,5.407292043400969e-10,53.83516683564158,3.6634724071462346
N20003504,497.0,8.988716814751402,5.237869883287981e-10,11.470552599917545,4.499534690979379e-10,14.752002981547863,10.829789663595962,6.171044515457088e-10,4.167910483941313e-10,3.7833141552068933e-10,45.67130241229208,8.287635525509177
N20003505,709.0,62.850342424305595,5.679245248183024e-10,12.164657113168765,9.594771993596433e-10,3.8576519938622407,4.151731577827925,3.0338297186214345e-10,2.3208222068584605e-10,3.589637786857173e-10,12.483223466519904,4.492393421893739
N20003506,652.0,43.6322275558266,1.8625106707988529e-09,7.4047204628457095,7.44963148292041e-10,3.6754672295707267,11.293620065074723,3.3288851177200317e-10,5.336874931292096e-10,4.866847634115509e-10,30.80493855848101,3.189026124240505
N20003507,457.0,35.65462379390888,7.730442809374396e-10,10.404208570801146,3.6730632587127147e-10,20.751364708269037,3.535514936193545,2.9298292720682606e-10,3.2796878689559457e-10,3.198264642191178e-10,29.07164448354639,0.5826435051998629
N20003508,515.0,54.72426737976153,7.365797042024705e-11,30.284482610035173,9.118733385352629e-10,7.988008211006969,1.0926699145277388,2.454974687877751e-10,3.8159374623783976e-10,2.719801785083233e-10,3.1287487652339325,2.781823117550067
N20003509,369.0,50.46229311000088,2.2201922258489564e-09,14.950553374662837,2.6616282216148264e-10,6.275069677537262,7.576320783332047,4.400832237448672e-10,4.2606753723359604e-10,3.903023073788659e-10,13.28448789341955,7.451275157304639
N20003510,183.0,17.642591307185633,6.753484547195148e-10,2.5790271705426924,7.915766231416498e-10,1.265340064944772,9.129703462188548,3.9719250073556195e-10,3.7581560301046133e-10,4.165323098879158e-10,44.21613194878454,25.167206043697345
N20003511,383.0,37.66460305781803,5.578165010162201e-10,11.473982035090946,3.1076177584883855e-10,13.114699990164914,7.075514398426059,3.197976398867485e-10,2.4436046877139933e-10,3.015368160408129e-10,29.96109130009606,0.7101092166697228
N20003512,321.0,44.90215654016442,1.4196422549461554e-09,8.677515500616712,4.976468565676351e-10,8.214190790587422,19.01570611243986,8.028144264035651e-10,3.7477225847836893e-10,4.870429285045073e-10,10.883394253479223,8.30703679913044
N20003513,241.0,31.275349706173,1.4983602434787325e-09,7.452308794439483,9.79983225918852e-10,14.888249438675802,6.9672866762526375,5.535642359728344e-10,4.597311513215516e-10,4.166105561384487e-10,32.09955868564921,7.317246694901606
N20003514,565.0,21.33672723495944,1.7502428018138313e-10,21.03461876594713,4.4729787864952287e-10,13.974735987472187,6.046239829974731,3.679010945571843e-10,5.866190818021376e-10,3.7458187695137163e-10,35.92273830668789,1.6849398730071936
N20003515,496.0,35.9947307865134,2.2402569205692022e-09,6.270724178667251,6.717466589148914e-10,5.107065479879743,11.11479323049616,7.271603126850778e-10,4.2834624489206285e-10,5.319516480563221e-10,34.21344422155179,7.299242098292183
N20003516,390.0,41.72950331900036,2.581815231810838e-09,7.615941096255116,7.911235950039939e-10,5.033243873714347,13.663906467949708,7.700795666450417e-10,5.245724728268879e-10,4.5341776515045954e-10,28.884188074689394,3.073217163270079
N20003517,323.0,30.89444087426884,1.6400610932075563e-09,16.881922984076052,6.318306947803946e-10,9.030576454409369,14.630127577096646,5.719491427077843e-10,5.493797748473986e-10,5.22918618691953e-10,22.961266284311435,5.601665821921514
N20003518,447.0,54.17427036647769,4.867891097302812e-09,15.268244270866834,1.2867984748637014e-09,3.9542182616775876,6.371566720072264,3.6556986240128744e-10,4.4578341844084056e-10,4.747444334774959e-10,13.285213923155561,6.946486450309247
N20003519,360.0,19.142628886709137,4.1439330834149937e-10,13.060431599956532,5.56881046564171e-10,18.68369444260033,3.514517376437435,2.3107760455745237e-10,3.795246426808152e-10,3.410009456225986e-10,37.389909812209346,8.208817880164355
N20003520,535.0,32.87866749910056,6.72784818113344e-10,9.38444803593117,1.0998911953144697e-09,4.757305237718501,15.258255386045875,5.878656801838926e-10,4.061686635263194e-10,5.637426684950427e-10,22.003436445242418,15.717887392631022
N20003521,547.0,39.789410546305085,8.03480028131899e-10,7.944172109001814,8.690934311208897e-10,5.131259329614771,8.287283636060232,3.190941229116656e-10,4.4502492183211973e-10,4.262895685436475e-10,32.20952072611934,6.638353650035778
N20003522,320.0,42.16322276382675,1.3850555570688806e-09,12.382508178338815,5.063022225091868e-10,19.290639987547227,4.511738278397984,1.3624063934700707e-10,3.1239343073623936e-10,2.4404626447046664e-10,20.7126169356863,0.9392738536188869
N20003523,537.0,15.140026580905486,2.801434110133616e-10,13.836957860607107,8.916742658437168e-10,10.395748659427559,5.95562089887258,5.116908228872405e-10,4.953453873309225e-10,3.6098560066560257e-10,53.27347148644094,1.3981745112064814
N20003524,340.0,47.834211600759126,1.2004575472202261e-09,18.33727382198201,5.776112243874486e-10,7.714071880440761,8.661512560375966,4.485703349816029e-10,5.279578434753049e-10,4.745612285083954e-10,14.498386491251342,2.9545436419616387
N20003525,374.0,25.492988454372707,4.121972756206494e-10,26.118852721320135,3.966405858754056e-10,21.739501734413295,4.375773218006518,3.8051971419329874e-10,6.473555087765569e-10,3.901898361635964e-10,20.532891856073622,1.7399920135868396
N20003526,376.0,20.428244243869607,8.943975436518808e-10,18.857412956878996,4.095685564290375e-10,2.209171841701806,3.6300579048125385,2.9233003713485593e-10,3.810937889979832e-10,3.932227921272502e-10,50.26637836410266,4.6087346862637695
N20003527,349.0,17.95807649336405,1.5356261906391149e-09,3.50781744653284,1.176696079707638e-09,4.327926667369069,12.193882990152142,5.634638241731642e-10,4.6323271918951756e-10,5.51152155647262e-10,47.683767413197955,14.328528985093783
N20003528,493.0,27.84416673309204,2.3420509793652434e-10,16.550321123893987,3.4907896094348357e-10,37.948857645487806,2.6831713682730114,2.5261757179826277e-10,3.648991952815756e-10,2.88066142833963e-10,14.215973920472166,0.7575092072921167
N20003529,314.0,13.68869391607775,5.172765992573394e-10,6.0677480620814555,3.912973876963428e-10,2.8433839950548547,3.996960716886057,1.1395971437731604e-10,1.636867769709069e-10,1.4998727123606028e-10,73.01519616938809,0.38801713917557734
N20003530,361.0,15.249101499033655,6.174653598286588e-10,3.571556426412286,2.4870195960822526e-10,42.223847436143146,4.1601619748232626,9.066016015222014e-10,2.2563944303801878e-10,2.8833323697697745e-10,33.103164383056644,1.69216827824426
N20003531,426.0,42.4679844029019,3.9080342455647857e-10,6.782149033226586,1.5382841011327604e-09,3.0309170491407404,11.556604953113983,5.595372235922044e-10,8.062452518100927e-10,5.256331886285285e-10,25.64533992169857,10.517004636097711
N20003532,554.0,38.874326091590355,3.3168637051773483e-09,6.829146943518438,1.152259836076118e-09,4.639739497018721,22.40718972608358,7.898345265299021e-10,5.025107693194265e-10,7.11277166370448e-10,17.622749847930066,9.626847887386088
N20003533,546.0,35.72110439133819,1.4626026622191022e-09,7.417394885556303,6.114305939117491e-10,3.026082850960715,12.397592464049168,4.098552112758719e-10,3.769897343006247e-10,4.757344108772575e-10,36.33389715501079,5.103928249748231
N20003534,434.0,47.664109977077146,1.4503756172541068e-09,10.255726955417284,6.753319339914405e-10,4.219604819496821,13.190844793426576,2.836041463788449e-10,3.218838008595351e-10,4.0653116327908523e-10,20.785654782408404,3.8840586690360475
N20003535,553.0,50.75032819788401,1.4188072638069922e-10,26.82302694950296,6.138847702449096e-10,6.608656470691761,3.314638442379165,5.498378588704631e-10,3.6250106032892295e-10,3.440072059207204e-10,10.235635817887545,2.267714119642466
N20003536,705.0,45.943296189402645,4.4824064982448886e-10,18.39433657681727,2.416142127287565e-10,16.345715629248502,3.3856077694382183,3.2078959280778835e-10,2.7359811495892396e-10,3.047095210611626e-10,14.920759390511435,1.0102844429929894
N20003537,595.0,20.926775742494137,8.8025727872679e-11,6.111984598795154,1.4926086498208495,37.117518149654806,4.8801604500431834e-11,21.782063401850845,1.2733573259044893e-10,1.6379340165443067e-10,0.035537029211457266,12.533512427744792
N20003538,587.0,11.918450379771526,1.1668568699420445e-10,15.377389037501343,14.146805226932674,17.332468365245635,1.541037319907803e-10,27.540212585274105,2.924934281426994e-10,4.0558938333744973e-10,2.1686672487483807,11.516007155557473
N20003539,348.0,16.986360917903255,5.351620433788485e-10,30.156959982902247,10.872433733750613,23.975090235645098,1.5228504672403987e-10,12.52722228989005,5.185726952098077e-10,4.6247942631624186e-10,2.539032433732657,2.9429004045075895
N20003540,364.0,20.769552281599,1.7837399849652894e-10,15.737290961688483,6.917246589952455,32.43973428686421,9.710414566418935e-11,8.788233354977745,3.238269066901383e-10,2.708450862938676e-10,0.09773740467376978,15.250205119374186
N20003541,336.0,36.82182481711332,4.327448128311025e-11,21.040950913941387,1.217152913101276,24.30161119006531,2.3114004383012713e-10,13.979509210564778,3.9364084813529983e-10,2.34533613025121e-10,0.12122293034880466,2.517728023962544
N20003542,423.0,38.89645658735631,4.137286596579659e-11,31.257601067038653,3.7445232884935287,21.889102444677484,1.0513931117394787e-10,2.846129574273034,2.3453772072598833e-10,2.0326025254282577e-10,0.44419737412953714,0.9219896634471205
N20003543,345.0,10.517433986299315,7.987756445626392e-11,14.545595503407535,0.6340290372610622,67.14946168689626,1.2817716464037747e-10,3.8592459020393535,3.2624895241295705e-10,1.609379522261773e-10,0.05353664578211073,3.240697237619108
N20003544,354.0,29.832401124417636,8.462673139788295e-11,11.597490176585655,0.71827270004298,36.797213479656236,3.334960099888471e-11,15.31585791062104,1.064624262761595e-10,1.7813080032115035e-10,0.017197917230829907,5.721566691043061
N20003545,609.0,39.8067852209107,1.468495603017849e-10,29.11051572518967,4.0232903468274275,12.209209736435383,9.225388774288446e-11,10.136436303648384,3.0095465045296515e-10,3.13238629602021e-10,1.2661913958160398,3.44757127031911
N20003546,639.0,19.91050038386759,7.734287954738138e-10,17.582700316021235,3.586102664670944,26.118795997008647,5.804050708110614e-10,24.544529713681815,3.4432083134829823e-10,6.058891100432476e-10,0.3962193756444744,7.861151546801234
N20003547,677.0,16.454479283907258,6.623555768573904e-11,27.67509681133798,7.928572412928364,20.305315721065483,1.7073252810775186e-10,16.108119491620556,3.7361043468216845e-10,3.855353998999431e-10,1.1862053851560588,10.342210892988168
N20003548,673.0,35.801101275921404,2.90446982998783e-10,22.172558896227518,3.93013992699561,18.98832129837222,6.791833953131916e-11,14.020942516964224,2.1111033995830707e-10,3.015900949193342e-10,0.08832363770627062,4.99861244694168
N20003549,630.0,1.807358341215358,6.63196355876894e-11,1.0858116353325893,18.485507929678572,4.597358403952109,7.497298589628915e-11,42.92666840540385,1.5656729964033318e-10,1.8806456412278557e-10,1.570757109845585,29.526538174086
N20003550,603.0,11.61700455176863,5.002572733099932e-10,4.5963900016038695,7.226523077672119,20.210486840402535,1.88822536792159e-10,47.77575110822078,4.344581076994785e-10,3.4430283049148066e-10,1.6153724960987887,6.958471922765427
N20003551,429.0,8.949154220191707,1.1008250951213959e-10,20.82036965235872,4.438798043293853,37.660175911175656,1.2944698231579205e-10,25.38409871387564,2.8946383996346286e-10,2.974344371882571e-10,1.4454010452571087,1.3020024130209
N20003552,336.0,18.2844879663357,7.279534341212e-10,16.972315988758098,4.838877376213843,32.36475426457746,2.7411634067104723e-10,10.968463005983937,6.082189835986253e-10,5.614811389528152e-10,2.4069913808457044,14.16411001511348
N20003553,814.0,25.891159091558265,2.3201549912025093e-10,18.867573005740933,7.706893065579827,20.16961250398273,1.939097159311058e-10,22.79103219648927,3.835759108029158e-10,4.3356675876031333e-10,0.425794695935407,4.147935439470499
N20003554,1201.0,53.25807364761565,1.8320722167776235e-10,13.182473410333778,0.8386004469760211,26.30672426757054,2.1874233115010417e-10,5.544715969006093,1.7546072943944152e-10,2.1054855821011173e-10,0.28065914811009124,0.5887531095998593
N20003555,477.0,14.279558938653736,1.6783921530814812e-10,6.2533304273196935,6.713201830873175,33.59042436902888,1.2719765495392868e-10,27.431388771497538,2.580548807518159e-10,3.2762292264785646e-10,0.40559975852616037,11.326495903220115
N20003556,482.0,62.738765274543475,5.057987902515926e-10,14.66912656549959,0.9902394777406429,11.063895970915521,8.883655835106423e-11,9.2028267357361,1.742009824498189e-10,2.423530719429678e-10,0.14390958193478082,1.191236392618717
N20003557,289.0,67.87929196926004,8.466743135860392e-10,7.708949002257794,0.15879148034814894,11.170904833269486,7.884064478767363e-11,11.551468931063583,9.445543888029969e-11,1.165340786589138e-10,0.01160842156607264,1.518985361098377
N20003558,397.0,32.977119568070215,3.607465419327043e-09,8.340743214185638,6.234449519057156,32.201594474909804,8.044200624638704e-10,16.22869169276454,5.86608851855216e-10,5.429519821708189e-10,0.6662001884782419,3.3512013369929408
N20003559,462.0,15.389269826055227,3.8086746019031033e-10,11.172009528154412,5.593794310194012,48.156946604976454,1.2402632322252246e-10,17.12932395210511,2.9838188537700145e-10,3.242011155565508e-10,0.236200154453739,2.3224556229335476
N20003560,381.0,62.20189511030851,3.410396873925117e-10,17.436631539938674,3.7165354161406943,7.2991033127966825,2.0453353192298097e-11,6.994275169140582,1.53050920864056e-10,1.8734143673808057e-10,0.013419929516755115,2.3381395214562253
N20003561,480.0,17.105652638155888,3.558085089577575e-09,20.43015136829533,2.9505700464071296,37.666705442855324,1.688563894408665e-11,16.22296738212988,1.470953434989602e-10,2.428818024902802e-10,0.05308157274798284,5.570871545443512
N20003562,756.0,59.16663950495285,1.3297492735077084e-10,22.335811361854823,0.660405980359956,12.099856670694681,1.1199126920665931e-10,5.2268829707933735,1.6840069376121954e-10,1.9664546674275119e-10,0.09370970212405326,0.4166938086102451
N20003563,296.0,18.431490788418518,5.461042064567588e-10,14.005467507992227,3.749380697199796,19.94401742044289,2.0887122633681318e-10,35.840255270583846,5.992061509981606e-10,4.474299942420187e-10,1.2173353000823994,6.812053013478704
N20003564,381.0,35.33906543931683,5.090204463944906e-10,19.808533104909365,4.216920564495947,16.087493755336695,6.548736504591711e-11,18.854914369468805,2.882146899252533e-10,3.396046764825757e-10,1.2250451096564492,4.468027655613577
N20003565,422.0,29.80542678401144,7.655616907563314e-11,14.24368069695994,2.5279739276127886,40.77735625740447,6.691719570597472e-11,9.109321643986288,1.6249170920525954e-10,2.1363897831564219e-10,0.06158251085644474,3.474658178649021
N20003566,363.0,22.171114765408184,1.5226128962839025e-10,17.52443818876776,1.8195572080841307,43.45208570702568,2.676024283322763e-10,13.932841072604422,2.1377404473873157e-10,2.503969307879089e-10,0.24047153890883666,0.859491518316954
N20003567,550.0,30.500693727081835,2.724663162321778e-10,27.364793042493385,1.9322036369624798,32.54711755053194,1.3103553415924766e-10,6.616838474993088,3.182462122659882e-10,2.758234880559663e-10,0.16600538569535528,0.8723481812443635
N20003568,646.0,63.54520121939201,2.124782461878354e-10,11.769372868898722,0.6512632835037822,18.613445673420763,1.358731025270948e-10,4.684946391148229,1.950990247442316e-10,1.933922898380591e-10,0.07926947519788564,0.6565010877017798
N20003569,889.0,48.16050765841999,2.680819684918534e-10,41.85465132161849,2.299606537051281,3.5511958953905944,1.0560463349324058e-10,3.0996200439822914,2.742586723883463e-10,2.2374839599363925e-10,0.06613033060232887,0.9682882120633436
N20003570,278.0,43.06501998209559,2.056764706233267e-09,7.870881109435474,2.790332791994318,8.787751367856334,7.169603029788251e-10,16.392938725335814,4.729669819416531e-10,5.524732813934744e-10,0.39958804877858495,20.693487970704716
N20003571,492.0,53.600261017857655,2.4381686833815015e-09,7.094275434274206,6.197164462309483,16.302766014107444,7.203571679258605e-10,5.372022060871104,2.680656686776915e-10,4.2310215526481924e-10,0.1581237358016817,11.27538727092874
N20003572,511.0,30.71518353108469,1.0971363513795035e-09,29.289168707877256,3.194555710266541,9.52893095371316,6.282971981733644e-10,18.406437987568257,4.352201904681593e-10,5.636720519844669e-10,0.7254214738494574,8.140301632916309
N20003573,528.0,45.65552341337579,9.084987883368592e-10,24.36783597080117,3.316666923934915,10.93571635885319,4.862732465840599e-10,9.963912503385522,2.882333210188546e-10,4.278847954677881e-10,0.35100282827073404,5.409341999267774
N20003574,426.0,35.91296440673762,5.648520611834469e-10,31.221407259919946,5.189688229246435,10.300261803650871,3.414551158701332e-10,6.917922013342576,7.110832554964711e-10,5.537268990893841e-10,0.5700656812703239,9.887690603661122
N20003575,382.0,20.560368970474855,1.6208098962564048e-10,11.78719183586902,2.487188099704971,34.90417409110985,5.99310662574125e-11,25.907404654572996,1.8615244380824714e-10,2.718995466000409e-10,0.1702284482004752,4.18344389938778
N20003576,552.0,0.3734408446335332,1.9582764934965436e-09,0.27529349690493243,26.770701232939793,0.46602812098293694,2.0273616836079972e-11,0.000913329138444186,3.9592800494850024e-13,2.736384879660175e-12,1.485274043051086e-07,72.11362282489128
N20003577,404.0,42.58232223644241,1.3388379239045803e-09,25.246574654891973,3.4003415133770893,20.39531006413252,2.6140545728910773e-10,5.155362893590863,4.674174934170601e-10,3.956086481657474e-10,0.3229725045426989,2.897116130559183
N20003578,649.0,19.787870743706115,7.313898189104626e-11,22.547597565395524,14.871291983995036,18.15756724365131,5.786338540770728,8.298672808109968,3.042634171872641e-10,3.228456297871884e-10,1.0780570075285769e-09,10.550661112593001
N20003579,332.0,6.370850129599061,1.0043742351605467e-09,1.9150148037654766,3.450917940498218,50.97283464970249,1.1547918815907765,17.27174592782236,2.0194401970089138e-10,1.767545235309635e-10,1.0042530166392245e-10,18.863844665538107
N20003580,504.0,28.4849787795813,1.3836247675988022e-10,26.880441144048394,10.759170235571576,13.197645753415005,4.402047504093097,6.408087789344396,4.0975385980433713e-10,3.3882998033063295e-10,5.164112908868306e-10,9.867628792542872
N20003581,714.0,14.462507990514561,2.972569528407422e-10,4.604508092056085,19.416504307340652,19.221914004249697,2.12275660483569,14.951427987319033,1.9339704486160332e-10,2.9303794136777605e-10,6.660577640433723e-10,25.220381012234526
N20003582,436.0,49.960014823320975,1.0259587950432642e-09,15.45798498091975,5.549262120520389,11.66279016346596,1.6145117694335773,4.916695688069832,4.2949353069792407e-10,2.655049195658796e-10,1.4232091412483642e-10,10.838740452406233
N20003583,399.0,23.083422706722725,4.0294947236359793e-10,18.113306259921774,5.813108060431336,23.659486906125853,6.385495437379958,12.320277452688263,3.9351010795260524e-10,3.6913931062641354e-10,4.658207378248079e-10,10.624903175098684
N20003584,513.0,28.56853379896242,2.4657707136558277e-10,22.583635863238154,8.133578535012338,23.56589008689058,6.9652929734424855,6.981364909752533,4.180813371441311e-10,3.340662619844319e-10,5.102171082809479e-10,3.201703831192554
N20003585,444.0,22.51765338704478,1.024729612672081e-10,20.600446242354714,3.1021735866862046,31.542104543937675,5.9794863180102436,8.031099958802143,3.5799588999461066e-10,2.668832736946107e-10,2.443685609050225e-10,8.227035962192513
N20003586,647.0,20.926059812354854,1.910390795946659e-09,8.97526719714048,15.392565152930086,29.65792485401369,11.013163265939157,5.373128426047975,4.760029669502824e-10,3.9617678311224906e-10,1.2333028285135362e-09,8.6618912875579
N20003587,397.0,5.906849073979388,1.3750735267169405e-10,11.623778616563008,2.8048136585104997,36.61559751133254,13.257401990801046,17.244921890817743,4.386211289062225e-10,3.1730955750567483e-10,2.850097059243883e-09,12.546637254252232
N20003588,396.0,31.61967346400606,4.61035626341794e-10,21.279489877187345,4.40952351908788,20.82591793458291,6.898138163652147,6.732279369344465,5.230060881458637e-10,3.286842506465229e-10,3.9512811637758663e-10,8.234977670431338
N20003589,490.0,23.227712300538077,3.30224316307234e-10,17.18067212462262,7.802287664862048,29.206938618695954,3.4078422557739128,5.612685883798886,4.1005558669345027e-10,3.108509277423008e-10,3.501794025577303e-10,13.561861150307195
N20003590,311.0,57.46422183676272,8.384899660752239e-11,9.562792463395978,3.1816888332881854,7.3488472217323855,1.4732242727748306,6.2452855289714915,7.183950526339565e-11,1.355592470465791e-10,5.7637156113902364e-11,14.723939842725523
N20003591,263.0,27.146005855557643,3.172701148676743e-10,27.43520548835212,2.6073704008299075,33.927684861590116,3.9269287108664175,3.29336648644138,2.7248117152068973e-10,2.364706682623854e-10,1.490421474939955e-10,1.6634381953871642
N20003592,428.0,27.211101290766848,6.998620407624078e-10,13.253970618361958,3.2107451998083603,16.768952531104922,22.82967662150332,6.346868841772446,2.954363961038984e-10,3.0967241626968034e-10,7.621633046318654e-10,10.378684894615034
N20003593,295.0,22.89385930823832,4.876530784606007e-10,11.581267530574396,1.980730918479438,26.677540103426665,9.063550416112093,5.548017231508591,3.0170612634304585e-10,2.64862630432243e-10,1.9968189580964205e-10,22.255034490406594
N20003594,522.0,40.06744717149592,4.1229960554212457e-10,17.532440980940358,2.208926676406172,15.918026578941195,5.206513108365849,10.589340845646738,3.1202366688448e-10,3.0626710597383074e-10,3.5556833886513657e-10,8.477304636817605
N20003595,553.0,39.79051868271009,1.3790488341607846e-10,24.074983869897572,3.2550836306735005,13.117274469975323,3.4896625384398696,5.673587045203226,3.3091188446889196e-10,2.5423791171055914e-10,1.514454951221535e-10,10.59888976222593
N20003596,432.0,39.195942466331815,1.8427178016465613e-09,25.705049181362625,3.557113725538942,16.517470145989847,8.243863486025461,2.982887827211612,2.650448530415872e-10,3.0726272922588917e-10,4.904014919586727e-10,3.797673164634284
N20003597,328.0,65.80828216042134,2.8039012710505316e-10,8.819784184484792,1.720995372822495,9.074181962073629,2.9059265568124015,6.46473016717386,1.1900571058758496e-10,1.7299824271058982e-10,6.62433720202515e-11,5.2060995955728435
N20003598,343.0,26.67071401451007,9.118836335715515e-11,27.859447817275125,6.1641723356787494,15.173297319962225,6.027960804175921,4.413325450948021,3.949713015157088e-10,3.2332022683801703e-10,4.262293839879414e-10,13.691082256214171
N20003599,515.0,34.91651774061337,1.886414658375258e-09,10.833337242236771,3.4424075492843373,14.593102003834463,28.532193315673197,4.554165923305083,2.9962752768947464e-10,2.996171311510247e-10,6.975626113972272e-10,3.1282762218695517
N20003600,412.0,33.308964275294734,4.1121316359232063e-10,16.499643292465322,2.1692326661459553,24.956381508525006,8.313259841837835,10.036831211963603,3.087930344677226e-10,3.1870631428532717e-10,5.154222391367119e-10,4.715687202213395
N20003601,315.0,31.37476925472778,8.947394821841784e-10,18.864370121630373,0.9576820205924004,21.36176532105903,19.98249613051208,5.374447489645276,2.66816524118245e-10,2.674060496407516e-10,8.897589061774329e-10,2.0844696595143533
N20003602,431.0,33.56259313375357,5.265305522310029e-10,14.234174034584326,2.265146518199888,14.861845591870138,6.389815983648013,9.245208006920148,3.203459465393162e-10,2.991045892986748e-10,5.370429260216257e-10,19.44121672934088
N20003603,488.0,48.45730825393648,8.359815450342052e-10,17.230309090481736,2.722235840730178,9.385748620818722,14.606159868334318,4.009095213867823,3.160396334145846e-10,3.0909407878014475e-10,1.3371763578179902e-09,3.589143109032447
N20003604,314.0,20.918475506822023,4.027525551102245e-10,26.128560415209517,2.55096590510903,22.691213450560088,18.926961821091794,6.193629514348393,6.252854041964628e-10,4.390035399345733e-10,1.7279965935125256e-09,2.590193383664115
N20003605,743.0,32.314358440485194,1.6760599122962765e-09,27.077202933613787,4.467664003878694,14.49845938440629,4.542653209497681,6.735774189360668,3.9843185090864897e-10,4.12687599332183e-10,4.66701163807406e-10,10.363887835803816
N20003606,257.0,18.582300118165467,1.22896599269456e-09,6.249371008419738,4.667601471989548,36.38185056875657,24.09794779092348,6.589193650328122,5.939697082409088e-10,3.9139848103425247e-10,6.536254995045509e-09,3.4317353826664974
N20003607,421.0,26.721642178461348,1.07910527067529e-09,16.57733487006434,5.077577702299329,4.490758796675909,25.457730043819655,2.9223996368438265,2.1924006014090393e-10,3.235914089231406e-10,2.2736415926640167e-10,18.752556769986295
N20003608,244.0,57.436031650895046,1.132328328168683e-09,8.755071043014627,2.326965550924316,6.1937965714673044,9.598262391115968,3.6372896959692,3.730187200716455e-10,3.5560522195366617e-10,2.075872346662736e-09,12.052583092676716
N20003609,491.0,37.8276013308004,1.3818834678773259e-09,5.513172760544201,2.485846999597165,3.307735665924103,10.13912969396255,5.468139200114173,1.9121902901679636e-10,3.0309947814986904e-10,1.0750435041735927e-10,35.2583743470737
N20003610,254.0,38.45967793199467,2.954231094053354e-10,4.593566072475679,1.8773420067845332,9.475129934444102,18.742290944548483,2.037986210024843,9.861725223374352e-11,1.6541776365170023e-10,3.9775341081177917e-10,24.81400689877049
N20003611,440.0,56.26970580662497,1.3667310079103003e-09,17.533522022046423,2.066139483943201,8.697153484830467,6.568672482183708,3.6147369781341054,3.528427504953143e-10,2.685581381890008e-10,4.196999221832105e-10,5.250069739829301
N20003612,358.0,26.8363061458954,1.1725053401931864e-09,6.235621743252059,4.448715446048852,33.080057372713,5.493944041632255,5.805000956670673,2.512277634211007e-10,3.0389506531143034e-10,1.5114900741674576e-10,18.10035429190899
N20003613,403.0,33.43793627882881,4.89217685545717e-10,27.23013376458436,1.947245817418737,13.911799814308834,7.493208838499125,6.4685979562922995,2.248716653038198e-10,2.877405708974843e-10,2.592847745970019e-10,9.511077528806709
N20003614,462.0,33.72657846900386,2.7588505532527814e-10,42.11959025174273,2.8692777853591167,6.138860942636955,2.972096448521916,3.9190146612187164,3.321605393965653e-10,2.9326669367704116e-10,4.1173602766796306e-10,8.25458144020366
N20003615,649.0,32.244613183156126,2.1137534732887091e-10,19.35455733294384,2.9106032351557865,22.70755321966132,11.81112194154235,5.1073938355402335,4.141663115807155e-10,3.0275337811417345e-10,4.910482673931948e-10,5.864157250581026
N20003616,613.0,44.80019149949832,1.0477531590333975e-09,8.999678374971843,3.3152413266138603,4.463263249000693,11.481853211554768,5.88609352199704,4.65835166550159e-10,3.932541408529561e-10,4.3731308892297783e-10,21.053678814019314
N20003617,428.0,29.286420415492596,1.16504374742965e-09,7.097836248752507,3.6643955484909245,4.550376218404118,25.612889942269774,6.0347466557130165,3.32156529964455e-10,3.96165988862148e-10,7.797873179371523e-10,23.753334968203912
N20003618,435.0,31.868565542623656,8.96884576320051e-10,6.621365488397343,7.76328709979446,6.944158332186101,28.96765103522619,4.130035935604868,2.2401506303434797e-10,3.3498865671993577e-10,5.360388875667246e-10,13.704936564175451
N20003619,735.0,48.59269705805777,1.0786183550671701e-09,13.144087114682945,2.275371310321163,19.200333963509856,2.9252473768558906,4.704484313682503,1.6781580549333667e-10,2.1392988254924237e-10,7.117323082193655e-11,9.15777886135833
N20003620,722.0,42.39220162690139,6.007914531059188e-10,22.504418931123375,1.0929523955331133,21.321904502758166,2.8852636345940947,3.8517949552377564,1.962234226299366e-10,2.2281046680987248e-10,2.4460267009319913e-10,5.9514639525876705
N20003621,433.0,12.934305585911662,3.434917669751033e-11,12.485492532922086,1.173000476558955e-09,16.925957723484466,3.0208544695713866,20.229404421113177,3.1500251080756135e-10,3.392450183144745e-10,22.666836236593703,11.737149028541909
N20003622,481.0,27.191888516531804,4.212216084736959e-11,27.161728718944218,5.784513518985809e-10,16.04398278638734,4.324792417544124,7.658820812176546,2.6905674174253563e-10,3.1733640979262013e-10,13.683625302689926,3.9351614445190886
N20003623,545.0,14.356561099748145,4.18139214219869e-11,23.31011634419205,6.741978882952527e-10,16.18614421990971,2.703252577669315,5.540088100349114,2.2290015566616e-10,2.6015091047408166e-10,35.88549212422182,2.018345532710792
N20003624,602.0,18.967530994092307,7.214135107885211e-10,9.156670009794631,1.2023915417476009e-09,24.70711838737048,1.9407041422633897,7.8923027146619775,2.1006537994233248e-10,2.8274863418127436e-10,29.778530877801458,7.557142871599148
N20003625,517.0,22.918204912172374,2.9659773636546645e-11,34.65164278947539,1.0157429051113423e-09,11.536567313245447,2.750294117267702,6.797222375029255,3.4251164587932616e-10,3.4020039357137877e-10,9.50651580520736,11.839552685874368
N20003626,520.0,13.725641414690953,4.470993508763725e-11,13.682699292561814,3.2962643769272718e-09,13.950593011846932,2.3769111449572735,6.772901071310293,3.1252659969179246e-10,3.0762325419898243e-10,27.669957349910245,21.821296710761363
N20003627,438.0,22.00956546670117,6.568573911776858e-11,25.046417650180814,1.7547274313595918e-09,14.47004091966472,2.5094328975084537,8.992345726391504,2.961303221689391e-10,3.349471210919265e-10,22.41426721743665,4.557930119665199
N20003628,510.0,11.79313216692471,2.4675872123680487e-10,21.167175318194285,1.3330930040722955e-09,20.099746858595115,1.150280171907437,9.643318467791255,2.680763836555049e-10,3.161314828903413e-10,22.523702140670256,13.62264487375287
N20003629,501.0,12.636078955687207,8.881421471361226e-11,14.511467797041922,2.209568151590353e-09,20.988736967629794,3.1127721165443534,7.111703236097901,3.082407075832898e-10,3.0497240337138937e-10,35.968342995525795,5.670897928561424
N20003630,505.0,15.159655561597143,9.855091980455157e-11,4.056566257894119,1.3505838694133955e-09,40.27060303999106,0.9500389079490129,6.09607478974538,1.357449652216025e-10,1.8772156717099535e-10,3.637283558772998,29.829777882277686
N20003631,385.0,38.27142705411094,1.8393159851673436e-09,13.614807944989751,7.403226628186537e-10,25.467574746862446,2.527034656051285,4.498901845963381,2.6268498157582024e-10,3.0733124175430233e-10,9.926091346920431,5.6941624019520996
N20003632,575.0,24.11751685345646,1.6491723731882473e-09,6.732650925976841,7.203394496919221e-10,28.410530677024433,1.2615609002922155,8.579946026715636,1.6730293444390444e-10,2.2197693760486484e-10,10.695147054302504,20.20264755947313
N20003633,180.0,2.4009536873682813,2.1232679712838793e-11,1.1389036181443042,6.232636835823117e-10,7.587370047676742,16.093509763402423,7.056711937690281,3.584001650743649e-10,2.1072047754263434e-10,41.72886572719207,23.993685217312265
N20003634,433.0,26.442463332629192,1.4066027713928251e-10,17.78338777887307,4.294548067496341e-10,23.83902642616183,8.208068229917396,5.567029292701125,2.904055136707624e-10,2.906848713927048e-10,17.01904960552283,1.140975333043348
N20003635,461.0,33.074461283744974,2.1245763866778177e-10,35.08263478615292,4.874140375125913e-10,5.584285570154132,2.4005832876249915,5.603195656513073,3.2461558984277407e-10,3.3293669393795e-10,11.572395997386042,6.682443417066438
N20003636,274.0,2.1917922515103565,6.785540441088006e-11,1.240861644629466,1.629141329974306e-10,25.296946203829023,1.7878812958877859,2.424444347402196,5.649946600394761e-11,6.1835692551504e-11,64.23413865792497,2.8239355984670773
N20003637,476.0,27.66410856170709,8.968881974526168e-11,11.56815417476491,1.6583634134768224e-09,17.672777337391597,3.371327440595742,13.874209718239735,3.056646956025677e-10,3.6827034887282597e-10,13.233793214065818,12.615629550813118
N20003638,471.0,36.68628678528037,2.7187010868634665e-10,22.923046523613113,9.148872835055185e-10,17.10954215211803,1.5727904529471184,9.16957548733957,2.564022822107556e-10,3.3362486024777913e-10,6.42979892515902,6.108959671766004
N20003639,449.0,15.731195265445391,4.299973673565813e-11,15.156358753284497,2.703803048967977e-09,20.593600397375912,2.8796319510439,5.438261281691916,3.3407674535880616e-10,2.726064139460123e-10,30.386845653839632,9.814106693965266
N20003640,316.0,10.391614048669474,7.814938029789261e-10,1.6628727545603925,7.57956560706272e-11,3.8487866805628457,0.3376847421180969,2.8948748087559286,8.486005024002993e-11,8.232360163731779e-11,78.463299719565,2.4008672447437776
N20003641,283.0,30.80374858217498,7.766031340422169e-10,16.661745738712856,5.582483648781087e-10,21.768147537938045,2.9181128046117646,6.501041559781726,3.2356602637784103e-10,3.2549764633228394e-10,13.100026051653622,8.247177723143091
N20003642,353.0,18.386721875649613,5.856130826760583e-10,13.036538793626775,4.064477476215809e-10,20.105758102202195,4.580558629962007,7.981604626727297,2.4349311610391774e-10,2.6278719457935596e-10,31.747862989652276,4.160954980681493
N20003643,330.0,32.02412143972562,1.510767492726236e-10,8.892168879589958,1.3387206478964062e-09,5.92372763296247,8.224482070313005,19.087658742425162,6.359118076743107e-10,4.041270170323877e-10,5.575473864658653,20.2723673677953
N20003644,494.0,17.423175008392754,1.2489443754077234e-10,34.217003148578215,7.004365076121416e-10,13.55278761518136,3.1227534407478195,5.909298162504407,4.864604374993726e-10,3.1635793493565055e-10,17.968914437125477,7.806068185841809
N20003645,609.0,36.55892796229229,1.8911560718074451e-10,26.22119468941585,5.534963334489476e-10,14.958856238254906,3.463080485696119,4.883474978973904,3.425141076580866e-10,3.086808421922738e-10,10.710795463546493,3.203670180426633
N20003646,458.0,16.28820943937418,1.8091318422221316e-11,38.228667424497026,6.134554285390133e-10,10.005351445253133,1.7556725121238879,4.342175754747415,3.525946663155141e-10,2.342624376727104e-10,22.39556118743466,6.984362235351297
N20003647,580.0,20.854331065648157,1.0665494897096164e-10,7.400049498544265,1.7591639318364968e-09,15.590487613356679,1.3456823174849761,12.56647581715942,2.4376415107705727e-10,2.77419981159753e-10,9.693584096571506,32.549389588847994
N20003648,418.0,29.940398778915338,2.483733859001068e-10,7.968618076804498,9.00249538989972e-10,22.83637118482325,10.227914356361689,8.984112386200033,5.874546706113865e-10,3.712470937008463e-10,16.01012286451636,4.032462350271504
N20003649,554.0,31.690098417963675,8.928177221612045e-10,7.2661661377354605,1.0129228705593222e-09,17.607435657593886,4.844023234449887,10.630601239202958,2.916751058086742e-10,3.2600270483072815e-10,23.382014244802864,4.579661065727846
N20003650,792.0,16.770954328754268,4.5963003763547136e-10,13.67524258019979,6.519486852934771e-10,24.284690600885753,4.537063512331228,9.787189832818672,5.386421862502804e-10,3.402358754143575e-10,22.467301484513566,8.477557658506257
N20003651,457.0,42.3549547200727,8.685104947029057e-10,6.6482249272335645,4.443063645778453e-10,5.325735010601494,12.062147663054256,8.177756193136544,3.1647451459160175e-10,3.9906485993815114e-10,4.280511640955108,21.15066984291798
N20003652,585.0,37.930354237971166,6.014150460339681e-11,30.950374337085627,3.901658111736015e-10,7.457575314538347,2.7133094635997326,6.434669216802054,2.3305448766243865e-10,2.8947551612640285e-10,10.105852178973622,4.407865250056623
N20003653,412.0,45.45001409587192,8.771221163057973e-10,9.77483994131194,6.32186816127261e-10,2.0570599091135304,9.439422613961185,4.19382533396029,4.722276066172777e-10,3.802235739811985e-10,14.279659234031275,14.805178869388103
N20003654,424.0,11.540450394627364,8.039832232721902e-10,5.786907759991943,4.6195943915021224e-10,5.365961309645796,10.924224347448206,7.417810477431959,4.932989149574701e-10,4.388471436506791e-10,35.78741216464059,23.177233544016055
N20003655,524.0,40.272745097592626,4.069736696865513e-10,20.7421113336235,3.662771477733784e-10,21.358322342399045,2.5652775310120806,4.63151223886338,2.319953594611373e-10,2.982555475432113e-10,3.2586203048684945,7.171411150337367
N20003656,440.0,30.96811997629861,1.6359791292831018e-09,28.90254306866225,5.890717218099002e-10,4.270809424135953,7.4002234329666114,6.020608164228039,2.4973144759066433e-10,4.2639725419991965e-10,9.28018074909566,13.157515181711698
N20003657,351.0,32.033157731609585,8.012489769402105e-10,18.655515315544406,5.250275530735663e-10,6.691638746142002,8.647585615312382,11.738798351106757,3.927232961885181e-10,4.672687210050462e-10,8.639478113703104,13.59382612439549
N20003658,374.0,10.679354866503136,1.2384444740195474e-10,29.13960765095182,3.40369835964728e-10,15.118782222474753,2.373259229754531,4.284053008286368,3.7563315014675207e-10,2.506698490596779e-10,35.17590883395831,3.2290341869805608
N20003659,510.0,49.993898035335796,1.2305358067228394e-09,11.907790758751984,6.00014235535864e-10,2.9436304201546117,10.495642589936065,5.783132091104588,2.7854234774894617e-10,4.02912908209404e-10,5.712890201689316,13.16301590051564
N20003660,403.0,13.292958815495565,8.371422920032512e-10,6.62108398681719,1.3359200884932716e-09,3.9240359937580767,2.7497505318403546,6.037144981335872,2.329357649927078e-10,4.5583526275280164e-10,25.14331353864172,42.23171214924938
N20003661,415.0,7.526538242029022,4.074966604637099e-10,20.6996154751163,6.255463932001451e-10,7.915152689080932,3.1600263918283105,9.736618474593312,2.2382152476027202e-10,3.166508093946598e-10,43.695941110810935,7.26610761496767
N20003662,362.0,18.236568201852428,8.268020380263138e-10,3.633364538301892,4.666395641387413e-10,5.165942522876515,21.764613103849577,13.463453714178296,3.804410316168724e-10,4.3691841690351505e-10,10.449461883946723,27.28659603288377
N20003663,445.0,17.621545968162245,7.733667943177072e-10,3.74299996308044,5.918812057561901e-10,11.218618610729896,11.116937723006306,7.945354389561753,3.2468619012503055e-10,4.756503743346693e-10,30.47229948626533,17.882243857028453
N20003664,539.0,50.47704623229181,4.490537354499177e-10,19.106047539406074,2.695668844009504e-10,4.5524695556616654,5.647972846414412,3.956855753138605,2.7506957454983774e-10,2.9988620811947825e-10,11.637765897002254,4.621842174791587
N20003665,232.0,22.888910423083047,5.694091561130392e-10,12.489774927923031,1.8997130638692323e-10,12.848827048698338,12.720236625451307,13.846421692867574,3.710344814793893e-10,3.9902588946430254e-10,13.215881771460403,11.98994750898685
N20003666,459.0,13.80646321823816,6.075888606076776e-10,3.4072203134824828,3.4808601924587705e-10,5.155086622399323,15.265263844246618,9.057845781724598,3.904069028433787e-10,4.510897014697863e-10,14.102793590100637,39.20532662801101
N20003667,548.0,45.26404809569697,6.758356728018421e-10,25.792975717386863,3.1950553366259146e-10,12.110867235778437,2.8726787640517495,3.8179514885765515,2.6060579703920455e-10,2.9409881242468395e-10,7.704849970565192,2.4366287263941944
N20003668,486.0,36.79862281778111,8.722427636351587e-10,13.176444518392882,5.892593802307459e-10,4.75565175727854,11.804383504433227,6.615233537581415,4.0469804933647594e-10,4.5673242432021815e-10,11.680177374037774,15.16948648817212
N20003669,625.0,34.140621076133606,2.3220045170700253e-10,29.794767156223635,9.570684337892264e-10,9.649536815202723,2.6116055398117455,2.4733132995773937,3.296208127534264e-10,3.3937703883664276e-10,14.882109786069062,6.448046325123567
N20003670,360.0,52.375548982242016,9.20456442420491e-10,11.197237408709046,2.547716900447002e-10,6.724434392710172,5.044535015401828,12.667276988620168,2.523444224955175e-10,3.315217435826898e-10,6.355566993167175,5.635400217390495
N20003671,379.0,50.83108100982463,7.953977648680919e-10,10.411832710146927,5.059427132529919e-10,11.456208067738007,1.3939676629394475,9.097539247985265,1.7220044843925602e-10,2.972404293784752e-10,3.524893874006954,13.284477425587982
N20003672,334.0,34.63056002328459,2.161468468887762e-10,23.821959992507548,5.725642147175922e-10,14.674729699361386,4.678191027496955,5.908282149637346,3.1096960152323184e-10,3.578823379679209e-10,13.284023908721835,3.0022531975327693
N20003673,719.0,58.51546529636197,3.9564318531782157e-10,13.279432116858302,2.4535619342876316e-10,11.905067896819716,1.8643353927844597,8.325733154233546,1.5016575735130493e-10,2.5413936766378206e-10,1.1728187379924344,4.937147403904273
N20003674,352.0,17.37650032851299,3.5160254556000574e-10,8.162335500306767,2.75256963595704e-10,6.292775490257959,2.975848300939089,21.230104853139505,2.4030121009374645e-10,3.2918936745350434e-10,40.047570299747335,3.914865225900008
N20003675,437.0,69.30932189340379,1.3754947368070185e-10,11.891409461937837,1.4267681665650044e-10,2.3382807182554592,1.4069706464846237,8.008922874590937,1.2158443047600842e-10,1.7938349930896508e-10,0.92291277259005,6.1221816321561064
N20003676,573.0,64.1047918823038,3.424618526235659e-10,16.803198456463235,2.6118960079701027e-10,2.8725159332309875,1.1547363902043475,6.49654782629534,1.4569369215337728e-10,2.233992910343586e-10,0.724357750570339,7.843851759959204
N20003677,439.0,14.066275974849383,4.692188838225282e-10,9.95949473627273,1.2878552278657346e-09,3.4797053150931374,10.278036337312686,8.577081079462957,3.164052354044167e-10,5.146750053585461e-10,24.9872563462569,28.652150208164052
N20003678,507.0,60.05308454414093,3.793682479951328e-10,15.795601618625637,1.1124693832688802e-09,3.7285755185212697,1.041111462257605,5.188112209893961,1.6826770400164014e-10,2.8315039150230116e-10,0.9181642329528616,13.27535041166447
N20003679,270.0,27.281893075861223,1.34304101758029e-10,26.61737391308095,6.574669220308906e-10,4.936560984847292,9.690218138217078,2.9604786488837145,1.1930488660025038e-09,3.375975652272254e-10,24.275860652823837,4.23761458396348
N20003680,485.0,4.960736481216946,9.512674330223883e-12,9.289408309933586,3.870938718193732e-10,10.00174817507072,2.4329682690829486,7.743677046550585,1.9859375223361783e-10,1.756651442324828e-10,42.877140769142336,22.694320948232022
N20003681,362.0,3.7860273568118314,3.4177038005439276e-11,4.1850020727032655,2.581973575352214e-10,16.387129064085475,4.21392603669881,17.24269650000548,2.2899809156342984e-10,2.1955010706805212e-10,35.479321202646034,18.705897766308173
N20003682,373.0,20.618774595981595,1.985149334534053e-10,9.137890303904275,6.095651988785047e-10,4.1383890433188055,8.388957232538031,1.948111373207381,4.6091142723625037e-10,3.0932384470158207e-10,41.30799578744313,14.459881662028476
N20003683,307.0,11.918874322137462,1.878034005592943e-10,7.509649241617796,4.726926470496023e-10,11.193494177349448,6.7584775459329745,4.2249925400336075,4.429374643099806e-10,2.788930959778271e-10,53.780147284187464,4.614364887358932
N20003684,516.0,22.691726223546393,5.624944897342455e-11,26.739624448525657,7.663431026067973e-10,15.671836411218862,5.328098574759989,2.9739035642040292,5.487276389161259e-10,3.429669300878362e-10,21.42392856367247,5.170882212358316
N20003685,478.0,23.279695888572615,3.208459700286971e-10,21.355740406822235,1.0496062211755719e-09,10.159933724635966,10.148269039813238,4.537969546464205,5.791333869994733e-10,4.3769814969213e-10,23.31687539364137,7.201515997663095
N20003686,342.0,10.261710582228641,1.6494112596644887e-10,49.31066169411951,1.073441515431161e-09,5.662198124393691,2.2020280260129472,3.9166499117932227,3.0054922296135684e-10,3.8166929763331785e-10,16.200896329293393,12.445855330237979
N20003687,398.0,17.132643802642423,2.8270151246172837e-11,27.2926310943402,5.964939140614559e-10,6.601262307523122,3.057512380399028,4.430322776989904,2.821078484913834e-10,2.9868459554629147e-10,24.931129236246154,16.554498400653607
N20003688,362.0,29.860706729676238,3.1145876542010944e-11,24.92806746494346,1.3704909880289071e-09,9.634434836468206,3.1453502285464667,5.186757594734929,2.9921846508274806e-10,3.427061497490611e-10,15.522276345292937,11.722406798294207
N20003689,378.0,37.31067085844389,2.9398533777072163e-10,8.439852365635227,8.446878549938463e-10,5.331461159788579,4.1305626539165194,4.618920501400584,3.6425419926559555e-10,3.452189735167954e-10,32.18013388307287,7.988398575894183
N20003690,335.0,36.682782259425636,1.1341563468300719e-10,27.17526983912849,5.094809227062949e-10,14.158584982357173,5.142820249131443,3.0725263646793977,3.677928218271997e-10,3.1493368537332847e-10,8.529004030566314,5.239012273405929
N20003691,431.0,40.249292388108934,2.2276742278837167e-10,23.161681359764945,4.56909091498809e-10,6.381714335535168,4.306311255674836,4.934162507842778,3.9403098281834135e-10,3.6324015577673117e-10,17.894236142504987,3.072602009131397
N20003692,189.0,8.749119904979114,6.354673138102366e-11,13.290951949379192,6.554321208736976e-10,7.053519727604872,18.227984843957064,5.697120196688328,6.984504835900699e-10,3.81994292085753e-10,14.31667598685781,32.66462738873419
N20003693,459.0,12.023460340054278,1.4084737163776534e-11,9.08017996572858,9.823904812729476e-10,9.977827281945924,3.778217243738522,5.213779266479513,3.492717895348733e-10,2.2789921374325025e-10,20.8304259102638,39.09610999021574
N20003694,459.0,47.38023763220915,2.806933924293223e-10,21.325195050694415,6.956237551117136e-10,7.43979386387129,3.354858783357767,3.3605008990875223,4.602822335982325e-10,3.963806148774821e-10,9.726226610504312,7.4131871584425575
N20003695,530.0,36.33380669542063,1.8003906243309884e-10,28.27043525719909,1.7303300895754635e-10,16.066027531019227,3.0550979168751606,3.9285604870692645,3.7817016924370234e-10,3.05553431335753e-10,6.509701630842013,5.836370480537834
N20003696,569.0,23.44549623166644,7.211575452241916e-11,26.49213996140031,9.725309705078036e-10,9.03490609482831,3.4157317963921083,2.5835109702023624,5.233199956960001e-10,3.1868431910730455e-10,24.852157657700403,10.176057285923415
N20003697,560.0,41.90533913020517,7.854896990614125e-11,18.738658669832112,6.56574700861366e-10,13.23115890578291,2.358390241212649,3.1452769529442226,3.583933807949172e-10,3.055906932230949e-10,4.035181321138783,16.585994777485034
N20003698,610.0,29.43380382867349,2.878691756805389e-10,18.905994409637035,3.5799541945650633e-10,12.777173692914873,7.252473299773177,2.964639490499276,4.564510917731462e-10,3.3656466083496045e-10,23.822584146309946,4.843331130753316
N20003699,465.0,29.301867242410417,1.1417738452466429e-10,20.15157872100393,4.2723813481956237e-10,5.537687422891628,3.8443598593439092,3.5981542445430783,2.839075498706632e-10,3.4444214589693235e-10,24.490289393371384,13.07606311526589
N20003700,621.0,47.2415203018498,1.5176633512146413e-10,13.965561954436714,3.9682497565098697e-10,5.23191115005194,3.6137862598232573,5.671257752495873,3.315768374788013e-10,2.818603881226218e-10,4.6969260728778846,19.579036507302487
N20003701,546.0,28.46407656530625,1.2776088862851313e-10,26.195324332663837,3.8717501140498597e-10,13.419861102328786,4.2242433125507075,2.3738479012212395,3.8156747096869923e-10,3.251805215263299e-10,19.637547999302065,5.685098785405415
N20003702,323.0,31.43200381200051,1.024702865062245e-10,32.326275400408534,3.830312606687376e-10,10.967267607352921,2.832141538536058,2.7054890818892616,3.714621904991918e-10,3.1110997863840936e-10,16.811162418948815,2.9256601396958413
N20003703,394.0,47.88837814718309,1.5186367475627767e-09,18.165990049885174,3.1368763327409116e-10,16.36032941708358,3.651426873288803,2.0007915870279636,2.744519530256161e-10,2.8570508413238583e-10,1.2186654680138085,10.714418455125085
N20003704,520.0,14.47517163040772,3.5314181954152535e-11,28.102265206779204,1.090883444910211e-09,15.91191715988926,3.0981768794604316,1.698945508766602,3.552219820306557e-10,2.6569117732844875e-10,28.991933136742503,7.72159047620717
N20003705,460.0,63.28727562781668,3.6144588373440715e-10,13.530608775808522,5.477101933385099e-10,7.810591642404321,2.981739758139854,2.5027206163094684,3.3735062375317885e-10,2.6521288928161784e-10,5.935443422926612,3.9516201550828223
N20003706,411.0,47.571042534057824,2.2506209588237113e-10,15.741197973651976,5.281718058170436e-10,21.66852487591518,2.6448877789595664,2.422124089628534,4.0937660091565656e-10,2.839210090246797e-10,4.952697878646431,4.99952486769396
N20003707,374.0,55.172143101478866,3.2894581082911175e-10,16.09586724745025,1.7147711818415914e-10,5.119514147845539,6.511329812030072,2.4654020210622147,3.264534619087494e-10,2.375128707689366e-10,11.043964326438216,3.591779342630457
N20003708,670.0,33.93630361070876,4.818007010268965e-10,7.709782544555777,6.281865043939633e-10,15.860561032956715,6.181288772015901,3.0278515898912803,2.7970060747712364e-10,3.1052027388477666e-10,29.680600220642926,3.6036122275284153
N20003709,605.0,32.035453640149946,3.2645382723581576e-10,16.42121267241553,5.460024476808999e-10,13.758031035483118,7.809127499834104,6.240601402529365,3.423769386716675e-10,4.153988362889004e-10,7.777686646893176,15.95788710106455
N20003710,227.0,45.86148609878467,4.2919660316432683e-10,22.657161899395376,2.8598586645023533e-10,9.382097522322224,5.543565222982143,2.3768862054250093,3.1242810920039307e-10,2.7405563751655616e-10,12.145843240599822,2.0329598091890904
N20003711,224.0,40.7978621172947,2.110524844690348e-09,27.17313939527451,4.92780045488874e-10,6.131625587765463,2.9846686301393586,4.683993818414505,5.868787204153648e-10,3.7133260790301153e-10,5.923073149155383,12.305637298394572
N20003712,632.0,36.39513253888779,3.019445932345403e-10,21.725775425410905,2.2507939245011764e-09,7.235564079592061,3.6098753330165394,2.339870647028913,4.5364407017592077e-10,3.6228143044057974e-10,17.13651460676071,11.557267365934418
N20003713,275.0,38.23393683636598,3.528414903397942e-10,15.435898380599832,3.6426523787196446e-10,5.850372214014152,4.462560290923714,4.241202707375955,4.486997983195209e-10,3.558998762690922e-10,22.27686943522567,9.499160133972993
N20003714,676.0,48.31888983826309,7.816977406666026e-11,19.506862592094993,3.7553903525041603e-10,8.577801629952214,3.220402275479291,2.160348629730287,2.1250449043534661e-10,2.7923825635915405e-10,14.24850706250003,3.967187971034668
N20003715,269.0,3.0719506340549003,2.4254696795068275e-11,9.21235066873435,3.52045585708162e-10,3.7091798263436435,5.356894617118711,3.1459970431072195,2.927822500177903e-10,1.703211162602177e-10,68.89064054501587,6.612986664785901
N20003716,584.0,30.39569826974613,3.0641736892228575e-10,25.581614880920338,5.907032011086005e-10,12.674163431184915,4.4602518062938366,5.233645034722454,3.304883701440834e-10,4.248553780756038e-10,7.573166909648797,14.081459665831058
N20003717,466.0,52.85782270422402,7.311859475633766e-11,22.730140109544156,7.028378610101539e-10,4.590666392850431,2.3901484483637914,4.831606817726172,1.5913224289242912e-10,3.171294333306545e-10,6.333031376946066,6.2665841490931555
N20003718,436.0,5.745250452562957,5.069796693037678e-10,8.148221679529213,9.794820104018936e-10,4.352669600908951,17.027895734375235,6.512142621332391,3.7887442065699895e-10,3.3132072334111877e-10,19.558682913741606,38.65513699535299
N20003719,734.0,27.80171679182782,7.493270862920025e-11,21.318257405815373,3.5536114456016675e-10,16.76081005421473,3.4537996637633723,2.0936325830779197,2.6678728292747744e-10,2.821991258059018e-10,24.98112454140205,3.5906589589194593
N20003720,468.0,45.984617606438945,9.777549172339133e-10,14.787242772362456,5.17767848058167e-10,0.500780938274974,17.29005905063838,2.3398220845395885,3.303910386772677e-10,3.680282415784933e-10,6.310754689021719,12.786722856530004
N20003721,418.0,38.28637157884508,2.6304821982612386e-10,10.424564603744313,2.1028138654290378e-09,6.29552888423318,5.356478298843405,2.429869222817742,4.670829248326792e-10,3.814183136051619e-10,17.004655141093192,20.202532267208714
N20003722,436.0,14.766467593299703,9.490985134692358e-11,19.814646782145864,7.086238385937394e-10,7.753144252041377,4.160070057036207,3.684009246240172,4.925906947884545e-10,3.4641466274559554e-10,36.7728132017142,13.048848865879942
N20003723,354.0,29.3009087989858,4.87950159111119e-10,7.863680513886181,3.5510224350961236e-10,3.6430890300864522,12.297247810859483,2.8616078493979944,4.227135287404013e-10,4.08944551382932e-10,26.27394777568116,17.759518219428212
N20003724,315.0,36.50645980867594,2.955450520941519e-10,23.649745930450226,2.434366997219556e-10,4.537578603396944,6.300430873386436,5.201478092105746,5.205562895588204e-10,3.4689851069110417e-10,19.89617636320492,3.908130327373359
N20003725,591.0,46.295634403439465,4.5134234889035007e-10,16.202215882942088,5.392401558454998e-10,8.499989453601628,4.435055080807151,5.06791319237982,3.876395674581999e-10,3.7652488591144437e-10,9.499912586705282,9.9992793983698
N20003726,324.0,39.09368833493453,2.9414898043933803e-10,22.560386727107158,6.664352761004693e-10,8.712435779870663,5.943438620297801,3.1270654374338327,3.8919692305240316e-10,3.56508229914083e-10,16.810025807088284,3.7529592915614396
N20003727,341.0,17.035148916491668,2.7872516620696275e-10,8.332401238380761,3.920769281137895e-10,12.331839325181155,11.87203198197989,2.6306952057541677,4.6325246612860445e-10,2.9318371952931484e-10,41.42527506967368,6.372608261111434
N20003728,660.0,36.929153286357355,4.8933893036674537e-11,17.868992003677455,6.320241713494846e-10,6.5283649365329754,5.035807146948266,2.623170337715954,3.6188954830430326e-10,2.857875564135001e-10,24.837345333611918,6.177166953827444
N20003729,619.0,52.133685581560705,1.9399609319453594e-10,19.654298391558292,5.958672386976019e-10,13.287841362956183,2.0220715008566312,4.500835294049283,1.8751223107830049e-10,3.1729469953842e-10,3.604683228316416,4.796584639407801
N20003730,433.0,68.95723266689518,0.8809544969334236,10.827524077352086,5.442521271536339,10.843553613752208,4.038075347138129e-10,7.67555886180725e-10,2.88668995933826e-10,2.962515979556714e-10,3.57232186624846e-11,3.0482138717387284
N20003731,388.0,58.91855948441259,1.0435166162525822,21.076785380013412,10.458902634863927,7.706993032160995,6.082339177799684e-10,3.620318925734825e-10,4.712061350661372e-10,3.323263205310236e-10,8.259554026731197e-11,0.795242850440097
N20003732,489.0,39.15927218971061,2.3328554408145084,23.106753547305473,8.754576350562617,10.304262460204054,8.880145001357729e-10,1.0592734658212804e-09,6.798355832510187e-10,6.289464141945727e-10,1.5139020567828672e-10,16.34228000799527
N20003733,492.0,62.23771293447293,0.6256185174101215,22.808832798521873,5.987348507065443,2.1339187053661424,1.066997145534922e-10,2.104781360226916e-10,2.573465367936502e-10,2.6467477333513063e-10,9.63230459422293e-11,6.206568536227964
N20003734,694.0,73.9249503909776,2.2084670723998197,13.809371542356836,3.825010375861708,2.165383956159087,2.0222299423388652e-10,2.2635778707181365e-10,1.876837589111186e-10,2.4720353862133697e-10,2.810763339112747e-11,4.066816661353392
N20003735,545.0,70.96014678312865,4.6919293099669375,12.022728969716884,4.839267543913042,1.726837258335652,4.629189417153107e-10,3.361525048844877e-10,4.807649246539872e-10,4.0893813178970625e-10,1.2243776218553618e-10,5.759090133127611
N20003736,329.0,64.63145526993364,0.880267873981111,24.299393866087534,3.5269887413350123,5.73799782168356,2.18622028208203e-10,1.8578641662920265e-10,2.1606552632587147e-10,2.120388624335438e-10,9.381968990966612e-11,0.9238964260528127
N20003737,383.0,49.90262840571064,0.6653011512319494,26.54266471369344,16.532582876001563,3.620819068699379,4.821606081065269e-10,2.425575837128692e-10,4.5134311745788404e-10,4.102010774302214e-10,1.78732254535417e-10,2.736003782898056
N20003738,631.0,53.23029790380489,1.593351176943113,24.357746362189893,4.695983543855398,13.929656357760619,4.732213335268384e-10,2.6305821018684703e-10,4.912072975153327e-10,3.7945754434687615e-10,3.2109750353948055e-10,2.1929646535180423
N20003739,776.0,62.21952373475028,0.6936668118780144,18.262727182617105,1.94759602425731,13.972976335928527,1.551612441567907e-10,5.189980356780805e-10,2.7289061272116443e-10,2.635037534039676e-10,3.753119330535608e-11,2.903509909320693
N20003740,485.0,60.001690728451706,1.3020067827830826,16.332876689545554,4.8296115681490965,15.513009077485867,6.80149718123444e-10,7.369561280947929e-10,4.871937315205926e-10,4.0920763958564296e-10,2.1299430981531973e-10,2.0208051510582044
N20003741,435.0,56.41820528654705,2.200515221755052,13.656608940542899,13.04562934785721,6.557515035525902,6.64631276400273e-10,6.549769118288617e-10,4.332013379148799e-10,4.951916829993805e-10,8.913965624727101e-11,8.121526165434732
N20003742,373.0,74.45402776461783,4.633126066433979,9.261355564488913,5.184478373809699,3.781155439892946,3.4980564080175595e-10,2.8911783900262483e-10,2.756695208853047e-10,3.100660199397622e-10,2.252558142467273e-11,2.6858567895094465
N20003743,709.0,42.4736104145543,1.0917605729918918,36.8569677687875,2.958117153420333,15.00415900951759,3.4816348340775206e-10,2.819734231934628e-10,4.5787421871719323e-10,3.1815891722311794e-10,1.8467066329792864e-10,1.615385079137551
N20003744,401.0,44.89264750881895,2.9865788384447565,10.227817225409995,18.919216174285992,14.627404358787418,6.463045485777504e-10,1.545837950857647e-09,7.709769729084748e-10,5.453639725145753e-10,4.0727544676390066e-10,8.34633589033714
N20003745,439.0,60.377818951708726,2.9854766695342145,22.321016658694816,5.720807933666686,6.791893958187324,4.71652583670946e-10,4.154183169320984e-10,4.6536834768786135e-10,4.1737375334292604e-10,1.0790113887038494e-10,1.8029858263305012
N20003746,471.0,27.636425357857537,2.050315292841361,13.622949343654433,30.550720620658733,18.58958743456678,7.422006055158322e-10,6.662738744117655e-10,9.376682338007554e-10,5.546562455511129e-10,1.1874262256555385e-09,7.550001946332934
N20003747,486.0,51.36327430516412,1.4554197281589973,12.353246467378545,16.32488308133116,14.459856223580287,5.293917907098328e-10,8.638823943079443e-10,4.1081017791641163e-10,4.779980099326527e-10,4.433151650064268e-10,4.043320191661494
N20003748,387.0,31.030427791145243,2.0539111305618323,28.32504681422873,5.667247120084119,28.64582053642754,1.387737639051817e-09,9.419855003302926e-10,1.5601709678872597e-09,6.3718968965243e-10,6.014974854476152e-10,4.277546602423963
N20003749,360.0,41.86503629379127,7.004806548455505,12.982926556290103,18.99481492556011,10.196221892143683,4.3586478544092014e-10,6.319674567787448e-10,5.786597286943719e-10,5.553493728811233e-10,1.0404532803222927e-10,8.956193781453434
N20003750,444.0,66.19976823042172,4.138775712746817,15.562216065768602,6.981788182073475,4.199012688647291,6.338105294791757e-10,2.609445525249552e-10,5.436160017609291e-10,4.1887388037068743e-10,2.1772787641960453e-10,2.9184391182670946
N20003751,384.0,70.56799591406569,3.3639648991752313,9.21558305909571,7.952484941743967,5.160320616681728,1.0153203880481756e-09,4.1142747550342317e-10,4.831418933019993e-10,4.352428340763128e-10,1.9880217598648704e-10,3.7396505666937334
N20003752,377.0,32.99962966842586,1.4145464412590905,21.61129758829271,14.121223724757797,25.946371330064018,9.412516065015626e-10,3.858931834743777e-10,8.315242989447762e-10,5.2697060670061e-10,7.646866685482803e-10,3.9069312437502064
N20003753,435.0,63.19597117199957,3.3031043060996046,13.131575010388714,8.369493658412978,3.842216329498286,1.5181518376508537e-10,5.481832319144612e-10,2.69733612623622e-10,3.736482991341989e-10,3.985854977903839e-11,8.157639522217606
N20003754,488.0,65.8723093995491,3.220151373616827,20.76183301683749,5.514128197839889,2.831238446189175,6.788521884837052e-10,2.934332675500992e-10,3.8353020781740767e-10,3.7166160905255454e-10,1.0875259531641025e-10,1.8003395641313011
N20003755,480.0,51.67217916252314,1.9894781202596876,27.94460023168227,6.524691685267152,10.383308618853839,5.292370655425349e-10,4.1176908629396114e-10,3.9260590147812325e-10,3.4745115025126503e-10,1.5486449508186096e-10,1.4857421795779724
N20003756,543.0,38.158249332097135,7.555175307290963,7.82977262481309,41.629307653407785,2.871256781757434,2.8384706960878367e-10,2.71086194051393e-10,3.590530054882778e-10,3.903923367149475e-10,2.2688074305877528e-10,1.9562382991023308
N20003757,661.0,43.85073975894831,0.6738574406180013,25.378652832241382,13.474061611359017,3.5471366588172835,3.4689552716086504e-10,2.7203572662571504e-10,3.2692872400651647e-10,3.5532408932220365e-10,3.587935845148265e-10,13.075551696356019
N20003758,750.0,48.362935464434194,2.0544109290851056,21.53552378843155,14.42519275536236,5.66513112777123,4.811925429630174e-10,3.1915581257562966e-10,3.848024249857359e-10,4.4455677247379544e-10,2.92479607283699e-10,7.956805932993386
N20003759,409.0,32.191717190512605,12.63911165019384,6.930696427748891,33.697387957268504,6.095585787492145,4.441201879588523e-10,8.547211940307693e-10,6.332811899495139e-10,5.452413650843972e-10,5.435402799790635e-10,8.445500983763107
N20003760,442.0,25.770605142129277,10.914079624200275,11.195105219060682,25.171199207585303,24.784598000948364,3.091871762360983e-10,5.193939653415549e-10,6.222616110486554e-10,5.724376530311685e-10,2.1985502449259621e-10,2.1644128038329655
N20003761,638.0,38.571044116129826,3.584756838276679,25.71410737506114,18.52238133766303,10.899865442361914,2.6987417905630736e-10,8.417389823978817e-10,5.115528544324631e-10,5.481761085515707e-10,1.6711732029182334e-10,2.7078448881689425
N20003762,371.0,71.38444965842407,0.6996354167580299,17.167614021167335,5.628305261933239,3.0020071197167897,1.5438825626006077e-10,1.4297554605300553e-10,2.050792376834307e-10,2.1046995433927308e-10,4.371847363139336e-11,2.117988521243901
N20003763,501.0,32.1243346275918,10.16789434727804,17.98621735454302,35.13363602950313,3.66593831879827,1.9485674897613624e-10,2.3029542493327828e-10,4.832956409330524e-10,4.2578992061961617e-10,1.7021570453802227e-10,0.9219793207812835
N20003764,368.0,69.71610204769983,1.9863197513729063,14.443093802183379,3.5935111884425726,8.557403822494528,1.2598057017069057e-09,2.6769365534949935e-10,7.197293090635116e-10,4.3620025920659945e-10,5.760287604810031e-10,1.7035693845473328
N20003765,359.0,76.4614375606969,7.663273743666204,10.038543782640472,3.4193422054294924,1.4418875422759234,5.887123964003448e-10,2.1502186994310283e-10,3.173985580404691e-10,2.759608817994546e-10,6.329562306564233e-11,0.9755151638306292
N20003766,716.0,71.7055464457165,4.0615100641195845,10.933545704078224,8.336156388901907,1.606813146657529,1.9203837517646054e-10,2.057978297795202e-10,2.3206043338973306e-10,2.9133303431300013e-10,5.997155043015925e-11,3.3564282495450666
N20003767,368.0,50.88908270748688,2.1023419055855515,25.23349371393636,2.8767498979796935,18.191162919885645,3.408571952801791e-10,1.988984451660683e-10,3.959527834237636e-10,2.7734680680439624e-10,2.379872966610816e-10,0.7071688536748336
N20003768,465.0,67.42304880710643,2.8545555470077177,13.252529162770548,9.816297437274043,3.175392382070652,9.095928142158876e-10,4.2575977866161354e-10,5.389405138665331e-10,4.1274742232734636e-10,2.517737650028748e-10,3.4781766612317884
N20003769,475.0,35.6313663447595,4.598831945489238,25.8153389085552,19.2628392744938,9.87137069640527,3.1203872628205503e-10,7.254458442590823e-10,4.2597996185503265e-10,5.568269896912952e-10,7.883174847615194e-11,4.820252828197872
N20003770,377.0,49.48922608630596,2.398215532896542,21.913116709940205,8.577713274505866,16.225997713786327,2.5980166070106894e-10,2.7360677881142953e-10,5.60665067692816e-10,4.1878112942888394e-10,2.404828572777218e-10,1.3957306808117713
N20003771,729.0,30.866079993190155,3.2447915958067397,17.246225512164624,38.595242245060966,9.467277047412972,1.9083685559539893e-10,2.2708598634245845e-10,3.894394776982795e-10,3.4934443547136253e-10,1.687506267652736e-10,0.5803836050390764
N20003772,508.0,63.011296305419215,4.621620552779779,15.108100048320628,13.172207030129707,2.783505881871334,2.858336253890709e-10,3.7562685177155856e-10,3.826405516181339e-10,3.790142917989323e-10,1.0728983388111686e-10,1.3032701799489155
N20003773,730.0,17.921802741911318,14.074117754576598,7.392988453411192,55.86694488507577,2.8867238090949536,8.488690288406992e-11,2.211643085242705e-10,4.285918540427869e-10,3.4677863205084354e-10,7.728068337819312e-11,1.8574223547714732
N20003774,421.0,21.072316147299887,11.836716503952962,13.120074170406909,45.92585893459416,6.404665888047931,1.894708294905411e-10,4.368339762159601e-10,7.571248442327235e-10,5.13466862914679e-10,3.891065843168263e-10,1.6403683534121367
N20003775,598.0,13.809565730478738,21.837784179857326,6.0821387261250255,54.39887472296865,2.4042264573559784,1.6092163305382816e-10,3.1842819149541507e-10,4.356072762250436e-10,3.9689675740896234e-10,1.4719528504473494e-10,1.467410181755238
N20003776,449.0,8.78949191535744,26.970118774625828,11.571183026378513,43.13015057621782,9.004694751006333,8.768686232250464e-11,2.813254153801199e-10,6.415620369661793e-10,4.594716044843848e-10,2.2152556396555709e-10,0.5343609547225037
N20003777,448.0,6.365036459252144,25.753326458856467,2.2637116091217386,62.59500822883226,0.731820890416017,5.0566168969907516e-11,1.5699723298783902e-10,2.7350323915081793e-10,2.6352466001746614e-10,3.1482819639233327e-10,2.291096352461953
N20003778,430.0,19.815517906697877,11.407410896347042,9.114813149397968,55.41296246567205,3.6748641293798263,1.5479273069525314e-10,3.126864310542235e-10,5.029161213894882e-10,3.804193260634055e-10,2.5487737699535516e-10,0.5744314508995465
N20003779,447.0,11.178776244961643,7.348766829107594,3.9649568225007634,66.72583319685407,3.1878068671410986,8.772732896253256e-11,3.381332204364074e-10,5.760043105873987e-10,3.527303479568201e-10,1.4033531864266808e-10,7.593860037939898
N20003780,447.0,28.887994389662897,13.272363667610712,10.282817799053182,42.27803499306556,4.0139318188199,1.1627549478861168e-10,3.131517356611091e-10,5.731740231100431e-10,3.6664720139581776e-10,8.560697271200918e-11,1.2648573303328772
